Date,Symbol,Open,High,Low,Close,Volume
2023-10-03,20MICRONS,133.0500030517578,140.10000610351562,127.5500030517578,140.10000610351562,167442
2023-10-04,20MICRONS,142.85000610351562,147.10000610351562,136.5,147.10000610351562,266672
2023-10-05,20MICRONS,152.8000030517578,154.4499969482422,148.0,154.4499969482422,302197
2023-10-06,20MICRONS,154.4499969482422,161.9499969482422,152.10000610351562,157.64999389648438,180785
2023-10-09,20MICRONS,154.5,154.5,154.5,154.5,10025
2023-10-10,20MICRONS,151.4499969482422,151.4499969482422,151.4499969482422,151.4499969482422,5084
2023-10-11,20MICRONS,148.4499969482422,148.4499969482422,148.4499969482422,148.4499969482422,12829
2023-10-12,20MICRONS,145.64999389648438,146.64999389648438,145.5,145.64999389648438,66373
2023-10-13,20MICRONS,142.75,145.5500030517578,142.75,142.75,29996
2023-10-16,20MICRONS,139.89999389648438,139.89999389648438,139.89999389648438,139.89999389648438,40521
2023-10-17,20MICRONS,142.64999389648438,142.64999389648438,139.89999389648438,142.64999389648438,34376
2023-10-18,20MICRONS,139.8000030517578,144.60000610351562,139.8000030517578,139.8000030517578,20591
2023-10-19,20MICRONS,137.6999969482422,139.0,137.5,137.6999969482422,10076
2023-10-20,20MICRONS,134.9499969482422,137.6999969482422,134.9499969482422,134.9499969482422,11997
2023-10-23,20MICRONS,132.25,132.25,132.25,132.25,32793
2023-10-25,20MICRONS,132.0,134.85000610351562,130.5,132.0,18823
2023-10-26,20MICRONS,134.60000610351562,134.60000610351562,134.60000610351562,134.60000610351562,27822
2023-10-27,20MICRONS,137.25,137.25,137.25,137.25,11075
2023-10-30,20MICRONS,139.9499969482422,139.9499969482422,139.9499969482422,139.9499969482422,10516
2023-10-31,20MICRONS,142.6999969482422,142.6999969482422,142.6999969482422,142.6999969482422,8308
2023-10-03,21STCENMGM,19.64999961853028,19.89999961853028,19.299999237060547,19.64999961853028,4453
2023-10-04,21STCENMGM,20.0,20.0,19.25,19.39999961853028,4781
2023-10-05,21STCENMGM,19.25,19.600000381469727,19.100000381469727,19.5,2800
2023-10-06,21STCENMGM,19.5,19.75,19.14999961853028,19.200000762939453,6299
2023-10-09,21STCENMGM,19.25,19.39999961853028,18.850000381469727,18.950000762939453,4090
2023-10-10,21STCENMGM,18.89999961853028,19.25,18.700000762939453,19.100000381469727,2899
2023-10-11,21STCENMGM,19.049999237060547,19.200000762939453,18.75,19.0,6436
2023-10-12,21STCENMGM,19.0,19.0,18.799999237060547,18.89999961853028,719
2023-10-13,21STCENMGM,18.950000762939453,19.049999237060547,18.89999961853028,19.049999237060547,936
2023-10-16,21STCENMGM,19.299999237060547,19.299999237060547,18.89999961853028,18.950000762939453,1495
2023-10-17,21STCENMGM,19.0,19.299999237060547,18.700000762939453,19.299999237060547,11114
2023-10-18,21STCENMGM,19.25,19.600000381469727,19.100000381469727,19.350000381469727,2149
2023-10-19,21STCENMGM,19.299999237060547,19.5,19.0,19.25,1367
2023-10-20,21STCENMGM,19.25,19.600000381469727,19.200000762939453,19.200000762939453,17368
2023-10-23,21STCENMGM,19.200000762939453,19.39999961853028,18.850000381469727,18.850000381469727,13140
2023-10-25,21STCENMGM,18.89999961853028,19.200000762939453,18.5,18.5,9217
2023-10-26,21STCENMGM,18.299999237060547,18.75,18.200000762939453,18.5,6333
2023-10-27,21STCENMGM,18.5,18.5,18.14999961853028,18.299999237060547,1101
2023-10-30,21STCENMGM,18.200000762939453,18.5,18.14999961853028,18.25,2663
2023-10-31,21STCENMGM,18.5,18.5,17.899999618530273,18.100000381469727,6366
2023-10-03,360ONE,502.1000061035156,505.5,498.7999877929688,501.3999938964844,164712
2023-10-04,360ONE,502.0,502.3999938964844,491.1000061035156,496.75,126542
2023-10-05,360ONE,496.0,500.0,487.5499877929688,493.9500122070313,379048
2023-10-06,360ONE,496.6499938964844,509.7999877929688,496.3999938964844,507.7000122070313,471369
2023-10-09,360ONE,505.0,517.25,502.75,514.4000244140625,413515
2023-10-10,360ONE,516.5,520.25,513.0,514.4500122070312,159540
2023-10-11,360ONE,513.0499877929688,519.7000122070312,512.4500122070312,516.2000122070312,308102
2023-10-12,360ONE,517.7999877929688,517.7999877929688,510.5,511.2000122070313,3824082
2023-10-13,360ONE,517.2999877929688,540.0,511.2000122070313,537.8499755859375,952043
2023-10-16,360ONE,531.0999755859375,555.2000122070312,531.0999755859375,553.0999755859375,633106
2023-10-17,360ONE,552.5499877929688,554.3499755859375,541.5999755859375,550.7999877929688,201720
2023-10-18,360ONE,549.3499755859375,550.9500122070312,525.0999755859375,537.4000244140625,541975
2023-10-19,360ONE,531.4500122070312,542.5,527.3499755859375,539.9500122070312,240243
2023-10-20,360ONE,536.0499877929688,554.9000244140625,536.0499877929688,539.75,882305
2023-10-23,360ONE,545.0,545.0,526.0,532.7999877929688,130781
2023-10-25,360ONE,532.0499877929688,536.25,524.7000122070312,527.3499755859375,121375
2023-10-26,360ONE,521.0499877929688,524.2999877929688,501.9500122070313,521.4000244140625,118370
2023-10-27,360ONE,527.0,527.7000122070312,519.5499877929688,524.2000122070312,81762
2023-10-30,360ONE,522.75,539.0,515.2999877929688,518.0999755859375,174556
2023-10-31,360ONE,523.5,530.3499755859375,518.1500244140625,525.0999755859375,369884
2023-10-03,3IINFOLTD,40.59999847412109,42.5,39.650001525878906,41.900001525878906,1905972
2023-10-04,3IINFOLTD,41.79999923706055,43.20000076293945,40.79999923706055,41.150001525878906,2328453
2023-10-05,3IINFOLTD,41.45000076293945,41.95000076293945,40.650001525878906,41.0,684532
2023-10-06,3IINFOLTD,41.45000076293945,41.79999923706055,40.79999923706055,41.25,672416
2023-10-09,3IINFOLTD,40.20000076293945,41.0,38.59999847412109,38.95000076293945,1162910
2023-10-10,3IINFOLTD,38.95000076293945,39.59999847412109,38.70000076293945,39.09999847412109,508019
2023-10-11,3IINFOLTD,39.34999847412109,40.0,38.84999847412109,38.95000076293945,568075
2023-10-12,3IINFOLTD,39.0,39.400001525878906,38.650001525878906,38.75,478468
2023-10-13,3IINFOLTD,38.650001525878906,39.150001525878906,38.400001525878906,38.5,452002
2023-10-16,3IINFOLTD,38.59999847412109,39.75,38.34999847412109,38.95000076293945,771969
2023-10-17,3IINFOLTD,39.29999923706055,39.45000076293945,38.79999923706055,38.900001525878906,451881
2023-10-18,3IINFOLTD,39.0,39.84999847412109,38.5,39.0,740731
2023-10-19,3IINFOLTD,38.900001525878906,39.34999847412109,38.45000076293945,38.900001525878906,454911
2023-10-20,3IINFOLTD,38.900001525878906,39.79999923706055,38.5,38.70000076293945,564895
2023-10-23,3IINFOLTD,38.900001525878906,39.20000076293945,35.75,36.5,1175990
2023-10-25,3IINFOLTD,37.04999923706055,37.29999923706055,35.150001525878906,36.09999847412109,611076
2023-10-26,3IINFOLTD,36.0,36.59999847412109,34.650001525878906,35.70000076293945,770037
2023-10-27,3IINFOLTD,36.09999847412109,36.95000076293945,35.900001525878906,36.59999847412109,573842
2023-10-30,3IINFOLTD,36.79999923706055,37.34999847412109,36.25,36.900001525878906,400942
2023-10-31,3IINFOLTD,37.09999847412109,37.45000076293945,36.20000076293945,36.400001525878906,353270
2023-10-03,3MINDIA,31900.0,32064.75,31312.25,31376.650390625,1746
2023-10-04,3MINDIA,31448.0,31537.400390625,30742.599609375,30946.44921875,1864
2023-10-05,3MINDIA,31328.0,31328.0,30464.5,30904.349609375,3267
2023-10-06,3MINDIA,30950.0,31399.75,30850.0,31150.099609375,1739
2023-10-09,3MINDIA,31000.0,31080.0,30601.0,30824.400390625,1138
2023-10-10,3MINDIA,30954.30078125,31298.94921875,30848.30078125,30880.099609375,1133
2023-10-11,3MINDIA,31032.0,31400.0,30870.05078125,31098.75,1692
2023-10-12,3MINDIA,31377.75,31377.75,30651.0,31003.75,5129
2023-10-13,3MINDIA,31271.0,31271.0,30782.0,30815.75,1868
2023-10-16,3MINDIA,30625.0,31115.05078125,30550.19921875,30619.75,4457
2023-10-17,3MINDIA,30894.94921875,30938.55078125,30500.099609375,30681.80078125,897
2023-10-18,3MINDIA,30785.0,30787.94921875,30101.0,30376.0,1840
2023-10-19,3MINDIA,30398.0,30672.80078125,30200.0,30441.80078125,962
2023-10-20,3MINDIA,30488.0,30673.44921875,30001.0,30092.69921875,1124
2023-10-23,3MINDIA,30032.0,30175.94921875,29250.0,29390.05078125,1379
2023-10-25,3MINDIA,29615.0,29899.55078125,28920.849609375,29307.099609375,2330
2023-10-26,3MINDIA,29307.099609375,29499.849609375,28870.0,29170.150390625,3270
2023-10-27,3MINDIA,29101.5,29998.94921875,29101.44921875,29775.400390625,2905
2023-10-30,3MINDIA,29884.0,29884.0,29500.0,29597.599609375,805
2023-10-31,3MINDIA,29650.05078125,29869.94921875,29500.0,29762.69921875,1045
2023-10-03,3PLAND,24.450000762939453,26.299999237060547,22.950000762939453,25.200000762939453,29599
2023-10-04,3PLAND,27.600000381469727,27.700000762939453,26.950000762939453,27.700000762939453,73965
2023-10-05,3PLAND,30.299999237060547,30.450000762939453,29.0,30.450000762939453,67870
2023-10-06,3PLAND,29.0,29.0,28.950000762939453,28.950000762939453,34532
2023-10-09,3PLAND,27.5,27.5,27.5,27.5,2884
2023-10-10,3PLAND,26.14999961853028,27.700000762939453,26.14999961853028,26.14999961853028,34001
2023-10-11,3PLAND,26.89999961853028,26.89999961853028,24.850000381469727,26.0,27462
2023-10-12,3PLAND,26.049999237060547,26.450000762939453,25.100000381469727,25.450000762939453,8087
2023-10-13,3PLAND,26.0,26.549999237060547,25.200000762939453,26.049999237060547,12959
2023-10-16,3PLAND,26.700000762939453,27.299999237060547,26.200000762939453,26.450000762939453,19361
2023-10-17,3PLAND,26.200000762939453,27.39999961853028,25.5,26.200000762939453,17142
2023-10-18,3PLAND,26.850000381469727,26.850000381469727,25.049999237060547,25.850000381469727,15954
2023-10-19,3PLAND,25.950000762939453,27.100000381469727,25.100000381469727,27.100000381469727,34479
2023-10-20,3PLAND,27.100000381469727,28.450000762939453,27.100000381469727,28.450000762939453,33391
2023-10-23,3PLAND,29.450000762939453,29.450000762939453,27.049999237060547,27.049999237060547,21347
2023-10-25,3PLAND,26.75,28.200000762939453,25.700000762939453,25.700000762939453,13410
2023-10-26,3PLAND,25.700000762939453,25.700000762939453,24.450000762939453,24.600000381469727,17626
2023-10-27,3PLAND,24.450000762939453,25.64999961853028,23.850000381469727,25.5,18567
2023-10-30,3PLAND,26.75,26.75,26.75,26.75,16132
2023-10-31,3PLAND,27.5,27.75,25.5,26.39999961853028,54651
2023-10-03,5PAISA,449.9500122070313,449.9500122070313,423.6000061035156,424.8500061035156,87557
2023-10-04,5PAISA,424.0,425.0,406.3500061035156,412.5499877929688,83391
2023-10-05,5PAISA,415.8500061035156,435.0,415.8500061035156,429.5499877929688,57678
2023-10-06,5PAISA,433.2000122070313,436.75,425.1499938964844,429.1000061035156,45726
2023-10-09,5PAISA,420.0,425.6000061035156,411.0499877929688,416.7999877929688,38640
2023-10-10,5PAISA,420.0,433.4500122070313,419.0,428.5,48097
2023-10-11,5PAISA,433.0,437.8999938964844,425.2999877929688,435.0499877929688,24300
2023-10-12,5PAISA,439.3999938964844,441.0,430.0,435.3500061035156,28522
2023-10-13,5PAISA,435.3500061035156,462.0,433.2999877929688,448.7999877929688,255596
2023-10-16,5PAISA,453.75,457.0,440.0499877929688,443.4500122070313,59082
2023-10-17,5PAISA,452.7999877929688,468.3999938964844,446.2999877929688,459.4500122070313,286119
2023-10-18,5PAISA,462.0,475.0,461.9500122070313,471.7999877929688,294249
2023-10-19,5PAISA,483.0,495.25,463.6000061035156,471.6499938964844,678889
2023-10-20,5PAISA,471.6499938964844,476.4500122070313,450.0,452.2999877929688,142129
2023-10-23,5PAISA,452.3500061035156,467.5499877929688,430.1499938964844,435.6000061035156,240751
2023-10-25,5PAISA,440.7999877929688,447.2000122070313,414.5499877929688,421.3999938964844,132090
2023-10-26,5PAISA,407.0,422.4500122070313,404.0,418.2000122070313,137870
2023-10-27,5PAISA,425.0,443.0,423.7999877929688,435.3999938964844,101467
2023-10-30,5PAISA,435.4500122070313,478.0,428.3500061035156,454.2000122070313,182467
2023-10-31,5PAISA,454.0,463.0,436.3500061035156,444.5,94823
2023-10-03,63MOONS,280.29998779296875,282.1000061035156,275.0,275.5,43673
2023-10-04,63MOONS,273.0,277.95001220703125,265.95001220703125,266.8999938964844,85364
2023-10-05,63MOONS,269.0,273.95001220703125,267.3999938964844,271.0,45960
2023-10-06,63MOONS,272.0,275.25,261.75,264.25,116442
2023-10-09,63MOONS,261.5,261.8500061035156,251.0500030517578,251.3500061035156,118767
2023-10-10,63MOONS,256.0,257.54998779296875,243.0,244.5,157211
2023-10-11,63MOONS,245.0,256.70001220703125,243.9499969482422,252.75,235584
2023-10-12,63MOONS,252.8999938964844,253.1499938964844,247.0,249.0500030517578,90232
2023-10-13,63MOONS,248.0,249.9499969482422,241.0,242.3999938964844,77732
2023-10-16,63MOONS,247.6999969482422,254.5,239.0500030517578,254.5,101261
2023-10-17,63MOONS,267.20001220703125,267.20001220703125,262.3500061035156,267.20001220703125,130677
2023-10-18,63MOONS,272.6000061035156,278.8999938964844,264.0,270.1000061035156,145127
2023-10-19,63MOONS,271.70001220703125,283.6000061035156,268.75,282.20001220703125,184692
2023-10-20,63MOONS,283.0,290.1499938964844,275.3999938964844,278.3999938964844,119225
2023-10-23,63MOONS,276.8999938964844,282.95001220703125,264.5,264.70001220703125,113802
2023-10-25,63MOONS,266.8999938964844,271.8999938964844,251.5,253.0,81988
2023-10-26,63MOONS,252.0,265.6499938964844,240.3500061035156,265.0,143182
2023-10-27,63MOONS,265.0,274.0,259.1499938964844,262.3999938964844,73934
2023-10-30,63MOONS,262.5,268.5,259.0,260.29998779296875,54378
2023-10-31,63MOONS,260.45001220703125,265.0,260.45001220703125,262.79998779296875,35562
2023-10-03,A2ZINFRA,9.850000381469728,9.899999618530272,9.350000381469728,9.699999809265137,82804
2023-10-04,A2ZINFRA,9.899999618530272,9.899999618530272,9.350000381469728,9.5,58067
2023-10-05,A2ZINFRA,9.699999809265137,9.850000381469728,9.5,9.699999809265137,111477
2023-10-06,A2ZINFRA,9.850000381469728,9.850000381469728,9.449999809265137,9.550000190734863,99431
2023-10-09,A2ZINFRA,9.550000190734863,10.0,9.25,9.5,201095
2023-10-10,A2ZINFRA,9.550000190734863,9.550000190734863,9.350000381469728,9.350000381469728,55252
2023-10-11,A2ZINFRA,9.5,9.649999618530272,9.300000190734863,9.5,139325
2023-10-12,A2ZINFRA,9.550000190734863,9.649999618530272,9.350000381469728,9.399999618530272,86946
2023-10-13,A2ZINFRA,9.5,9.550000190734863,9.300000190734863,9.399999618530272,119248
2023-10-16,A2ZINFRA,9.399999618530272,9.5,9.25,9.350000381469728,60966
2023-10-17,A2ZINFRA,9.399999618530272,9.5,9.199999809265137,9.399999618530272,77917
2023-10-18,A2ZINFRA,9.300000190734863,9.399999618530272,8.949999809265137,9.0,340967
2023-10-19,A2ZINFRA,8.699999809265137,9.449999809265137,8.550000190734863,8.949999809265137,363935
2023-10-20,A2ZINFRA,8.949999809265137,8.949999809265137,8.5,8.550000190734863,270102
2023-10-23,A2ZINFRA,8.899999618530273,8.949999809265137,8.350000381469727,8.75,253804
2023-10-25,A2ZINFRA,8.5,9.100000381469728,8.449999809265137,8.649999618530273,178617
2023-10-26,A2ZINFRA,8.550000190734863,9.0,8.25,8.800000190734863,244466
2023-10-27,A2ZINFRA,8.800000190734863,9.199999809265137,8.800000190734863,9.199999809265137,259354
2023-10-30,A2ZINFRA,9.649999618530272,9.649999618530272,9.449999809265137,9.649999618530272,224215
2023-10-31,A2ZINFRA,9.649999618530272,10.100000381469728,9.399999618530272,9.649999618530272,181688
2023-10-03,AAATECH,58.59999847412109,58.59999847412109,56.79999923706055,57.20000076293945,19937
2023-10-04,AAATECH,57.45000076293945,58.20000076293945,56.650001525878906,57.20000076293945,12502
2023-10-05,AAATECH,57.45000076293945,58.70000076293945,57.04999923706055,57.95000076293945,22972
2023-10-06,AAATECH,58.900001525878906,58.900001525878906,57.29999923706055,57.900001525878906,27789
2023-10-09,AAATECH,58.0,58.0,56.04999923706055,56.79999923706055,12355
2023-10-10,AAATECH,58.0,59.70000076293945,57.400001525878906,58.04999923706055,33863
2023-10-11,AAATECH,58.900001525878906,60.650001525878906,57.79999923706055,58.34999847412109,77472
2023-10-12,AAATECH,60.0,70.0,59.0,68.8499984741211,1184410
2023-10-13,AAATECH,69.80000305175781,70.5999984741211,66.0999984741211,67.1500015258789,362448
2023-10-16,AAATECH,67.69999694824219,72.0,64.5,66.05000305175781,280057
2023-10-17,AAATECH,67.05000305175781,71.9000015258789,67.05000305175781,68.80000305175781,244931
2023-10-18,AAATECH,69.9000015258789,70.5,67.25,67.69999694824219,124077
2023-10-19,AAATECH,67.1500015258789,69.44999694824219,66.80000305175781,67.8499984741211,42519
2023-10-20,AAATECH,69.0,69.0,67.0,67.30000305175781,60752
2023-10-23,AAATECH,68.0,68.44999694824219,58.79999923706055,61.20000076293945,94011
2023-10-25,AAATECH,61.95000076293945,63.95000076293945,60.09999847412109,60.59999847412109,40746
2023-10-26,AAATECH,60.45000076293945,62.29999923706055,57.09999847412109,59.04999923706055,79962
2023-10-27,AAATECH,61.34999847412109,70.1500015258789,60.400001525878906,64.25,218192
2023-10-30,AAATECH,65.9000015258789,69.9000015258789,61.150001525878906,64.44999694824219,192601
2023-10-31,AAATECH,66.75,68.9000015258789,64.0,66.44999694824219,108268
2023-10-03,AAKASH,5.949999809265137,5.949999809265137,5.849999904632568,5.949999809265137,53147
2023-10-04,AAKASH,5.900000095367432,5.900000095367432,5.900000095367432,5.900000095367432,36799
2023-10-05,AAKASH,5.900000095367432,5.900000095367432,5.900000095367432,5.900000095367432,48643
2023-10-06,AAKASH,5.849999904632568,5.900000095367432,5.800000190734863,5.849999904632568,16678
2023-10-09,AAKASH,5.900000095367432,6.0,5.699999809265137,5.949999809265137,186226
2023-10-10,AAKASH,5.949999809265137,6.099999904632568,5.75,5.900000095367432,127141
2023-10-11,AAKASH,5.949999809265137,6.050000190734863,5.75,5.849999904632568,205357
2023-10-12,AAKASH,5.75,6.099999904632568,5.75,6.099999904632568,272352
2023-10-13,AAKASH,6.099999904632568,6.400000095367432,6.099999904632568,6.349999904632568,480013
2023-10-16,AAKASH,6.650000095367432,6.650000095367432,6.5,6.650000095367432,306901
2023-10-17,AAKASH,6.900000095367432,6.900000095367432,6.449999809265137,6.75,810168
2023-10-18,AAKASH,6.699999809265137,6.699999809265137,6.449999809265137,6.550000190734863,374424
2023-10-19,AAKASH,6.599999904632568,6.849999904632568,6.25,6.849999904632568,341131
2023-10-20,AAKASH,6.900000095367432,7.099999904632568,6.599999904632568,6.800000190734863,260550
2023-10-23,AAKASH,7.0,7.0,6.25,6.449999809265137,390698
2023-10-25,AAKASH,6.199999809265137,6.550000190734863,6.050000190734863,6.150000095367432,120905
2023-10-26,AAKASH,6.050000190734863,6.449999809265137,5.849999904632568,6.050000190734863,201609
2023-10-27,AAKASH,5.900000095367432,6.650000095367432,5.900000095367432,6.599999904632568,184669
2023-10-30,AAKASH,6.650000095367432,7.0,6.599999904632568,6.75,317678
2023-10-31,AAKASH,6.800000190734863,6.849999904632568,6.349999904632568,6.550000190734863,239942
2023-10-03,AAREYDRUGS,50.0,50.0,47.0,47.20000076293945,19859
2023-10-04,AAREYDRUGS,48.400001525878906,48.400001525878906,46.70000076293945,46.95000076293945,14772
2023-10-05,AAREYDRUGS,46.0,47.79999923706055,44.59999847412109,46.650001525878906,54600
2023-10-06,AAREYDRUGS,45.20000076293945,46.84999847412109,44.59999847412109,44.84999847412109,52739
2023-10-09,AAREYDRUGS,44.84999847412109,45.84999847412109,42.59999847412109,44.54999923706055,90690
2023-10-10,AAREYDRUGS,45.70000076293945,45.70000076293945,42.400001525878906,45.04999923706055,48923
2023-10-11,AAREYDRUGS,45.04999923706055,45.75,44.29999923706055,45.54999923706055,10792
2023-10-12,AAREYDRUGS,45.0,46.34999847412109,44.5,45.84999847412109,24365
2023-10-13,AAREYDRUGS,46.34999847412109,46.84999847412109,44.150001525878906,45.150001525878906,17534
2023-10-16,AAREYDRUGS,46.34999847412109,46.34999847412109,45.59999847412109,45.59999847412109,7389
2023-10-17,AAREYDRUGS,45.34999847412109,46.34999847412109,45.0,45.95000076293945,29783
2023-10-18,AAREYDRUGS,45.5,46.0,44.150001525878906,44.650001525878906,15496
2023-10-19,AAREYDRUGS,44.5,46.0,43.20000076293945,44.0,37742
2023-10-20,AAREYDRUGS,45.09999847412109,45.29999923706055,43.25,43.34999847412109,10376
2023-10-23,AAREYDRUGS,43.34999847412109,45.5,42.29999923706055,43.79999923706055,30797
2023-10-25,AAREYDRUGS,43.84999847412109,43.900001525878906,41.70000076293945,41.900001525878906,14650
2023-10-26,AAREYDRUGS,41.900001525878906,41.900001525878906,40.20000076293945,41.25,16816
2023-10-27,AAREYDRUGS,41.25,42.900001525878906,40.0,41.650001525878906,11125
2023-10-30,AAREYDRUGS,41.650001525878906,43.0,40.25,41.150001525878906,3006
2023-10-31,AAREYDRUGS,41.150001525878906,42.84999847412109,41.150001525878906,42.20000076293945,13878
2023-10-03,AARON,123.5,129.85000610351562,123.5,129.85000610351562,13226
2023-10-04,AARON,136.0,136.3249969482422,132.5,136.02499389648438,25156
2023-10-05,AARON,141.4499969482422,141.4499969482422,135.0,135.875,9680
2023-10-06,AARON,142.3249969482422,142.3249969482422,129.5,132.0749969482422,13192
2023-10-09,AARON,125.4749984741211,136.5,125.4749984741211,130.6999969482422,8608
2023-10-10,AARON,124.25,137.22500610351562,124.25,136.4499969482422,15188
2023-10-11,AARON,136.75,142.97500610351562,135.0,136.89999389648438,19686
2023-10-12,AARON,143.0500030517578,143.0500030517578,137.5,138.6750030517578,11258
2023-10-13,AARON,141.1750030517578,141.5,137.5,138.60000610351562,12536
2023-10-16,AARON,147.5,147.5,139.0,140.97500610351562,12024
2023-10-17,AARON,140.0,145.0,140.0,144.5749969482422,8842
2023-10-18,AARON,147.47500610351562,148.0,141.77499389648438,142.39999389648438,22910
2023-10-19,AARON,145.0,147.0,140.0,145.02499389648438,22126
2023-10-20,AARON,140.02499389648438,144.72500610351562,140.0,140.8249969482422,14768
2023-10-23,AARON,140.8249969482422,143.4250030517578,137.5,138.5500030517578,21448
2023-10-25,AARON,138.5500030517578,143.8000030517578,129.3249969482422,132.72500610351562,31638
2023-10-26,AARON,132.72500610351562,145.97500610351562,130.0,144.89999389648438,45146
2023-10-27,AARON,145.0,152.4250030517578,141.0,141.97500610351562,44058
2023-10-30,AARON,148.0,148.0,141.97500610351562,146.3249969482422,14320
2023-10-31,AARON,149.0,149.0,143.52499389648438,147.14999389648438,11136
2023-10-03,AARTECH,57.76666641235352,57.76666641235352,55.75,56.41666412353516,14757
2023-10-04,AARTECH,55.0,57.28333282470703,55.0,55.43333435058594,25155
2023-10-05,AARTECH,58.03333282470703,58.03333282470703,53.53333282470703,55.54999923706055,19605
2023-10-06,AARTECH,55.48333358764648,57.66666412353516,54.09999847412109,57.09999847412109,56337
2023-10-09,AARTECH,57.09999847412109,58.0,54.83333206176758,55.34999847412109,20904
2023-10-10,AARTECH,57.26666641235352,57.98333358764648,54.33333206176758,56.31666564941406,65970
2023-10-11,AARTECH,56.33333206176758,56.79999923706055,54.06666564941406,54.45000076293945,194529
2023-10-12,AARTECH,55.650001525878906,55.79999923706055,54.51666641235352,55.09999847412109,10314
2023-10-13,AARTECH,55.09999847412109,55.5,52.86666488647461,53.45000076293945,68727
2023-10-16,AARTECH,54.633331298828125,55.66666412353516,53.0,55.58333206176758,38772
2023-10-17,AARTECH,55.66666412353516,55.98333358764648,52.81666564941406,54.78333282470703,182262
2023-10-18,AARTECH,54.31666564941406,54.31666564941406,52.66666412353516,53.06666564941406,34536
2023-10-19,AARTECH,52.66666412353516,52.70000076293945,50.41666412353516,50.41666412353516,366165
2023-10-20,AARTECH,50.33333206176758,51.21666717529297,48.66666412353516,50.633331298828125,25884
2023-10-23,AARTECH,50.883331298828125,50.883331298828125,48.09999847412109,48.68333435058594,252612
2023-10-25,AARTECH,47.20000076293945,49.900001525878906,47.20000076293945,47.900001525878906,234513
2023-10-26,AARTECH,48.23333358764648,48.23333358764648,45.51666641235352,47.78333282470703,180810
2023-10-27,AARTECH,46.03333282470703,48.73333358764648,46.03333282470703,48.01666641235352,205092
2023-10-30,AARTECH,48.01666641235352,48.26666641235352,45.633331298828125,46.43333435058594,203385
2023-10-31,AARTECH,46.01666641235352,48.75,46.01666641235352,48.650001525878906,38331
2023-10-03,AARTIDRUGS,547.4500122070312,547.4500122070312,530.0,532.5499877929688,192802
2023-10-04,AARTIDRUGS,533.0,535.0499877929688,521.7000122070312,523.2999877929688,156996
2023-10-05,AARTIDRUGS,530.0,532.4000244140625,516.9500122070312,520.0499877929688,246653
2023-10-06,AARTIDRUGS,525.25,531.5999755859375,521.0,523.4000244140625,138393
2023-10-09,AARTIDRUGS,518.5499877929688,521.7000122070312,503.25,508.5,127945
2023-10-10,AARTIDRUGS,512.4000244140625,521.7000122070312,510.2000122070313,519.4000244140625,149847
2023-10-11,AARTIDRUGS,520.0499877929688,524.6500244140625,513.25,517.0,135732
2023-10-12,AARTIDRUGS,520.9500122070312,522.2000122070312,516.75,520.3499755859375,86738
2023-10-13,AARTIDRUGS,522.0,530.0,519.0,520.4000244140625,134185
2023-10-16,AARTIDRUGS,520.4000244140625,525.3499755859375,520.25,522.5,85930
2023-10-17,AARTIDRUGS,522.0,529.9000244140625,521.4500122070312,524.8499755859375,160403
2023-10-18,AARTIDRUGS,524.9500122070312,568.9000244140625,524.9500122070312,554.0,3399729
2023-10-19,AARTIDRUGS,559.0,559.5,538.2000122070312,545.0,427265
2023-10-20,AARTIDRUGS,530.0,542.5999755859375,516.0499877929688,518.4500122070312,520604
2023-10-23,AARTIDRUGS,519.0,527.7999877929688,480.2999877929688,484.25,395605
2023-10-25,AARTIDRUGS,490.0,498.7000122070313,451.0,462.1000061035156,659520
2023-10-26,AARTIDRUGS,460.0,483.0,444.0,478.25,546775
2023-10-27,AARTIDRUGS,478.0,483.0,467.0,471.0499877929688,338536
2023-10-30,AARTIDRUGS,471.0499877929688,477.7999877929688,462.1499938964844,464.3500061035156,187681
2023-10-31,AARTIDRUGS,470.0,473.0,465.7999877929688,469.4500122070313,125225
2023-10-03,AARTIIND,493.5,494.6000061035156,486.75,490.75,859191
2023-10-04,AARTIIND,489.0,490.1000061035156,480.3500061035156,486.2000122070313,885238
2023-10-05,AARTIIND,489.2000122070313,491.3500061035156,485.25,487.25,518702
2023-10-06,AARTIIND,489.0,490.8999938964844,484.0499877929688,488.6000061035156,717026
2023-10-09,AARTIIND,481.0,482.5,471.2000122070313,472.2000122070313,1254129
2023-10-10,AARTIIND,475.0,480.0,473.0499877929688,476.5499877929688,1083636
2023-10-11,AARTIIND,479.3500061035156,493.9500122070313,478.0,484.0,2284289
2023-10-12,AARTIIND,485.0,488.8500061035156,482.0499877929688,487.1499938964844,878601
2023-10-13,AARTIIND,485.8500061035156,490.1000061035156,482.8999938964844,486.0499877929688,1162265
2023-10-16,AARTIIND,486.8500061035156,495.5,484.6499938964844,490.6000061035156,1171547
2023-10-17,AARTIIND,493.3500061035156,494.8999938964844,486.1000061035156,488.7999877929688,767029
2023-10-18,AARTIIND,487.1499938964844,491.9500122070313,482.6000061035156,485.5499877929688,894281
2023-10-19,AARTIIND,483.2999877929688,483.2999877929688,477.5499877929688,480.3500061035156,541905
2023-10-20,AARTIIND,478.9500122070313,481.7999877929688,472.0,472.5499877929688,647819
2023-10-23,AARTIIND,472.0,475.0,454.0,456.25,1070086
2023-10-25,AARTIIND,458.0,461.4500122070313,445.8999938964844,451.8999938964844,1176147
2023-10-26,AARTIIND,452.8999938964844,452.8999938964844,438.0,442.5499877929688,1440086
2023-10-27,AARTIIND,445.3999938964844,454.8999938964844,445.1499938964844,453.2999877929688,747107
2023-10-30,AARTIIND,455.0,458.8500061035156,450.3999938964844,457.2999877929688,630633
2023-10-31,AARTIIND,457.7999877929688,461.7000122070313,453.1000061035156,454.4500122070313,564116
2023-10-03,AARTIPHARM,465.0,465.0,445.5,449.7000122070313,232667
2023-10-04,AARTIPHARM,449.7000122070313,455.0,432.4500122070313,436.0,212551
2023-10-05,AARTIPHARM,440.9500122070313,448.5,428.7999877929688,430.7999877929688,138867
2023-10-06,AARTIPHARM,431.0,448.8500061035156,423.2999877929688,424.4500122070313,217745
2023-10-09,AARTIPHARM,423.0,425.0,415.2000122070313,416.3500061035156,200510
2023-10-10,AARTIPHARM,422.5,425.4500122070313,413.25,415.0,274499
2023-10-11,AARTIPHARM,420.7000122070313,424.0,418.0,422.9500122070313,76911
2023-10-12,AARTIPHARM,425.9500122070313,429.2999877929688,414.2000122070313,418.0,161887
2023-10-13,AARTIPHARM,429.0,429.0,415.7999877929688,418.75,73115
2023-10-16,AARTIPHARM,423.0,425.9500122070313,405.6000061035156,409.9500122070313,154919
2023-10-17,AARTIPHARM,413.2000122070313,420.0,408.0,417.0499877929688,111353
2023-10-18,AARTIPHARM,417.3500061035156,420.7000122070313,407.2000122070313,409.4500122070313,119287
2023-10-19,AARTIPHARM,408.9500122070313,411.8500061035156,393.0499877929688,399.6499938964844,124776
2023-10-20,AARTIPHARM,397.0,405.5499877929688,394.6499938964844,396.2000122070313,75960
2023-10-23,AARTIPHARM,396.9500122070313,399.3500061035156,377.5499877929688,382.0,142555
2023-10-25,AARTIPHARM,382.0,392.0,373.0,386.75,132418
2023-10-26,AARTIPHARM,386.9500122070313,390.0,371.1000061035156,386.9500122070313,127126
2023-10-27,AARTIPHARM,390.0,406.0,388.1499938964844,402.0499877929688,114515
2023-10-30,AARTIPHARM,405.0499877929688,409.0499877929688,388.0499877929688,391.1499938964844,72722
2023-10-31,AARTIPHARM,394.2000122070313,396.9500122070313,382.5,384.8999938964844,63629
2023-10-03,AARTISURF,648.7000122070312,648.7000122070312,631.1500244140625,632.5,9091
2023-10-04,AARTISURF,632.5,641.5499877929688,625.0999755859375,628.5,7476
2023-10-05,AARTISURF,630.0,639.4500122070312,630.0,631.3499755859375,3222
2023-10-06,AARTISURF,642.6500244140625,642.6500244140625,625.9500122070312,627.2999877929688,4710
2023-10-09,AARTISURF,621.5999755859375,633.7000122070312,598.0,605.7000122070312,18433
2023-10-10,AARTISURF,605.7000122070312,619.25,605.7000122070312,612.0499877929688,7492
2023-10-11,AARTISURF,615.0,622.9000244140625,612.9500122070312,614.4000244140625,5311
2023-10-12,AARTISURF,614.5,620.0,610.1500244140625,614.2000122070312,6918
2023-10-13,AARTISURF,615.0,617.9500122070312,601.9500122070312,607.5499877929688,12228
2023-10-16,AARTISURF,600.0,611.9500122070312,600.0,609.3499755859375,3828
2023-10-17,AARTISURF,611.0499877929688,616.4000244140625,605.4000244140625,609.4500122070312,7670
2023-10-18,AARTISURF,610.25,615.0,605.7999877929688,608.1500244140625,9068
2023-10-19,AARTISURF,608.1500244140625,612.9000244140625,601.7000122070312,603.7000122070312,10413
2023-10-20,AARTISURF,608.0,608.5499877929688,592.25,598.8499755859375,7485
2023-10-23,AARTISURF,604.75,607.2000122070312,585.5499877929688,589.6500244140625,8087
2023-10-25,AARTISURF,595.0,602.0999755859375,581.0999755859375,588.4500122070312,6212
2023-10-26,AARTISURF,600.0,600.0499877929688,566.6500244140625,578.4000244140625,10782
2023-10-27,AARTISURF,584.1500244140625,603.1500244140625,571.5,582.5,20282
2023-10-30,AARTISURF,584.0,597.0,581.0999755859375,587.9500122070312,9004
2023-10-31,AARTISURF,592.0,599.75,587.8499755859375,597.1500244140625,9089
2023-10-03,AARVI,126.75,126.75,124.0999984741211,124.9000015258789,7300
2023-10-04,AARVI,124.9499969482422,126.6500015258789,123.6999969482422,124.0,15143
2023-10-05,AARVI,126.3499984741211,127.1999969482422,124.5,127.0,10411
2023-10-06,AARVI,127.9000015258789,136.10000610351562,126.1500015258789,131.6999969482422,128294
2023-10-09,AARVI,130.0,132.85000610351562,127.0,128.89999389648438,31603
2023-10-10,AARVI,128.0,133.85000610351562,128.0,132.35000610351562,43973
2023-10-11,AARVI,134.5,139.5500030517578,133.25,138.5500030517578,62761
2023-10-12,AARVI,140.5,141.60000610351562,135.5,137.0,34898
2023-10-13,AARVI,138.1999969482422,140.0,135.5500030517578,138.0,26676
2023-10-16,AARVI,139.35000610351562,141.39999389648438,137.39999389648438,138.64999389648438,15434
2023-10-17,AARVI,138.64999389648438,144.0,138.64999389648438,139.85000610351562,32215
2023-10-18,AARVI,141.8000030517578,142.0500030517578,137.0,138.4499969482422,19047
2023-10-19,AARVI,138.9499969482422,138.9499969482422,136.0,136.5,9661
2023-10-20,AARVI,135.60000610351562,137.6999969482422,135.3000030517578,135.89999389648438,9867
2023-10-23,AARVI,139.4499969482422,139.4499969482422,127.0,128.60000610351562,14044
2023-10-25,AARVI,131.9499969482422,131.9499969482422,127.0999984741211,128.10000610351562,10941
2023-10-26,AARVI,126.8000030517578,135.0500030517578,125.5500030517578,131.64999389648438,17422
2023-10-27,AARVI,134.6999969482422,138.0,131.5500030517578,136.35000610351562,13939
2023-10-30,AARVI,138.0,138.0,133.0,135.14999389648438,16238
2023-10-31,AARVI,138.14999389648438,138.14999389648438,133.60000610351562,134.64999389648438,8952
2023-10-03,AAVAS,1745.0,1807.0,1744.0,1799.050048828125,348661
2023-10-04,AAVAS,1799.0,1805.0,1771.1500244140625,1790.050048828125,348023
2023-10-05,AAVAS,1790.0,1790.050048828125,1740.5,1746.9000244140625,179234
2023-10-06,AAVAS,1754.949951171875,1772.0,1718.6500244140625,1725.5999755859375,128151
2023-10-09,AAVAS,1703.050048828125,1817.5999755859373,1703.050048828125,1764.699951171875,469632
2023-10-10,AAVAS,1764.699951171875,1779.8499755859375,1722.0,1726.8499755859375,142641
2023-10-11,AAVAS,1739.9000244140625,1749.199951171875,1704.0,1711.199951171875,97706
2023-10-12,AAVAS,1711.199951171875,1739.800048828125,1695.0,1701.199951171875,189399
2023-10-13,AAVAS,1703.0,1703.0,1650.0,1656.199951171875,166713
2023-10-16,AAVAS,1662.199951171875,1664.449951171875,1612.0,1632.699951171875,159988
2023-10-17,AAVAS,1665.0,1669.0,1632.0999755859375,1641.050048828125,118336
2023-10-18,AAVAS,1642.5999755859375,1648.949951171875,1616.1500244140625,1635.1500244140625,109116
2023-10-19,AAVAS,1635.1500244140625,1639.050048828125,1610.5999755859375,1617.3499755859375,82875
2023-10-20,AAVAS,1617.0,1623.449951171875,1585.0,1591.050048828125,71159
2023-10-23,AAVAS,1590.449951171875,1593.9000244140625,1548.25,1572.199951171875,96256
2023-10-25,AAVAS,1573.0,1596.449951171875,1540.0999755859375,1548.4000244140625,107465
2023-10-26,AAVAS,1552.0,1580.0,1525.0,1558.0999755859375,271616
2023-10-27,AAVAS,1584.800048828125,1605.3499755859375,1540.050048828125,1547.3499755859375,417927
2023-10-30,AAVAS,1555.050048828125,1555.050048828125,1449.0,1459.0999755859375,313371
2023-10-31,AAVAS,1459.0999755859375,1460.0,1403.1500244140625,1407.800048828125,492788
2023-10-03,ABAN,47.79999923706055,49.150001525878906,47.150001525878906,47.400001525878906,227516
2023-10-04,ABAN,48.0,48.0,44.25,45.29999923706055,217011
2023-10-05,ABAN,45.84999847412109,46.400001525878906,45.400001525878906,45.59999847412109,87151
2023-10-06,ABAN,45.95000076293945,47.150001525878906,45.0,45.29999923706055,128641
2023-10-09,ABAN,44.54999923706055,46.70000076293945,44.54999923706055,45.34999847412109,144715
2023-10-10,ABAN,45.5,46.75,45.45000076293945,45.84999847412109,136800
2023-10-11,ABAN,46.5,47.70000076293945,46.25,46.59999847412109,201123
2023-10-12,ABAN,46.59999847412109,48.75,46.0,47.95000076293945,252986
2023-10-13,ABAN,47.95000076293945,48.70000076293945,47.0,47.25,241668
2023-10-16,ABAN,48.5,50.70000076293945,47.70000076293945,49.20000076293945,878768
2023-10-17,ABAN,49.900001525878906,54.20000076293945,49.25,52.20000076293945,2433845
2023-10-18,ABAN,52.70000076293945,54.400001525878906,51.5,53.25,1146296
2023-10-19,ABAN,52.79999923706055,63.900001525878906,51.20000076293945,63.900001525878906,4926128
2023-10-20,ABAN,66.80000305175781,66.94999694824219,58.25,58.84999847412109,4619906
2023-10-23,ABAN,58.29999923706055,59.45000076293945,53.20000076293945,53.900001525878906,1485342
2023-10-25,ABAN,53.95000076293945,55.25,51.20000076293945,52.29999923706055,348565
2023-10-26,ABAN,52.25,54.75,49.70000076293945,54.29999923706055,254169
2023-10-27,ABAN,54.70000076293945,56.0,52.150001525878906,52.70000076293945,219852
2023-10-30,ABAN,52.70000076293945,53.34999847412109,50.400001525878906,51.0,126759
2023-10-31,ABAN,51.70000076293945,53.0,50.400001525878906,51.20000076293945,194749
2023-10-03,ABB,4103.9501953125,4149.9501953125,4058.14990234375,4091.949951171875,303772
2023-10-04,ABB,4055.199951171875,4089.85009765625,3978.35009765625,3997.5,438394
2023-10-05,ABB,4032.0,4107.14990234375,3997.5,4067.800048828125,310894
2023-10-06,ABB,4080.050048828125,4145.0,4068.0,4133.10009765625,207353
2023-10-09,ABB,4122.10009765625,4122.10009765625,4060.0,4099.7001953125,122211
2023-10-10,ABB,4119.89990234375,4205.85009765625,4088.050048828125,4192.7001953125,244817
2023-10-11,ABB,4213.2998046875,4226.2998046875,4170.0,4185.39990234375,158952
2023-10-12,ABB,4202.0498046875,4236.9501953125,4190.10009765625,4216.0498046875,246829
2023-10-13,ABB,4200.0,4235.0,4190.0,4229.2001953125,149733
2023-10-16,ABB,4239.9501953125,4299.39990234375,4225.89990234375,4281.4501953125,264960
2023-10-17,ABB,4287.9501953125,4307.85009765625,4254.25,4283.60009765625,130579
2023-10-18,ABB,4298.0,4339.39990234375,4083.050048828125,4098.2998046875,621225
2023-10-19,ABB,4098.2998046875,4121.60009765625,4032.25,4094.14990234375,388946
2023-10-20,ABB,4089.949951171875,4094.0,4001.0,4015.300048828125,204827
2023-10-23,ABB,4021.699951171875,4041.199951171875,3930.0,3942.699951171875,162161
2023-10-25,ABB,3949.0,4020.25,3895.300048828125,3930.5,261645
2023-10-26,ABB,3930.0,3995.35009765625,3850.0,3958.25,302100
2023-10-27,ABB,3989.949951171875,4085.5,3969.050048828125,4008.5,262816
2023-10-30,ABB,4036.60009765625,4101.0,3990.550048828125,4070.199951171875,114014
2023-10-31,ABB,4099.0,4125.0,4028.85009765625,4109.2998046875,205697
2023-10-03,ABBOTINDIA,23244.94921875,23300.0,22732.0,23121.80078125,13820
2023-10-04,ABBOTINDIA,23100.0,23200.0,22716.0,22815.94921875,4764
2023-10-05,ABBOTINDIA,22948.0,22999.900390625,22750.05078125,22861.94921875,3094
2023-10-06,ABBOTINDIA,22899.0,23118.0,22829.94921875,23036.400390625,5532
2023-10-09,ABBOTINDIA,22970.0,23111.69921875,22800.0,22962.55078125,9485
2023-10-10,ABBOTINDIA,22989.94921875,22989.94921875,22700.0,22748.05078125,6996
2023-10-11,ABBOTINDIA,22800.0,22979.650390625,22380.0,22430.25,20037
2023-10-12,ABBOTINDIA,22577.94921875,22577.94921875,22270.0,22306.80078125,7647
2023-10-13,ABBOTINDIA,22200.0,22486.849609375,22134.900390625,22389.25,5334
2023-10-16,ABBOTINDIA,22307.349609375,22750.0,22100.0,22476.900390625,16710
2023-10-17,ABBOTINDIA,22497.05078125,22576.44921875,22368.05078125,22422.650390625,4443
2023-10-18,ABBOTINDIA,22422.0,22600.0,22314.55078125,22427.94921875,5601
2023-10-19,ABBOTINDIA,22444.0,22682.900390625,22251.0,22656.099609375,6679
2023-10-20,ABBOTINDIA,22650.099609375,22727.0,22332.05078125,22640.25,9241
2023-10-23,ABBOTINDIA,22601.0,22755.0,22404.05078125,22716.05078125,14792
2023-10-25,ABBOTINDIA,22719.94921875,22899.0,22405.69921875,22511.349609375,15093
2023-10-26,ABBOTINDIA,22480.0,22481.0,22051.0,22232.400390625,12651
2023-10-27,ABBOTINDIA,22800.0,22800.0,22330.099609375,22670.69921875,6072
2023-10-30,ABBOTINDIA,22550.05078125,22890.900390625,22400.0,22481.75,10699
2023-10-31,ABBOTINDIA,22481.80078125,22616.849609375,22358.05078125,22413.650390625,5232
2023-10-03,ABCAPITAL,179.25,181.5,178.3000030517578,180.6999969482422,2422083
2023-10-04,ABCAPITAL,180.0,180.0,174.14999389648438,175.5,2825454
2023-10-05,ABCAPITAL,176.39999389648438,177.85000610351562,175.0,175.75,1279896
2023-10-06,ABCAPITAL,175.89999389648438,182.1499938964844,175.75,181.5,3983093
2023-10-09,ABCAPITAL,180.0,180.3500061035156,174.60000610351562,175.10000610351562,2333676
2023-10-10,ABCAPITAL,176.9499969482422,178.25,176.1999969482422,177.60000610351562,1564302
2023-10-11,ABCAPITAL,178.5500030517578,180.4499969482422,178.14999389648438,178.75,1731645
2023-10-12,ABCAPITAL,179.0,183.1999969482422,178.64999389648438,180.9499969482422,3109390
2023-10-13,ABCAPITAL,179.9499969482422,182.25,179.3000030517578,180.6000061035156,1457762
2023-10-16,ABCAPITAL,180.6000061035156,181.6999969482422,178.89999389648438,180.4499969482422,1695456
2023-10-17,ABCAPITAL,181.1999969482422,184.6000061035156,181.0,182.6999969482422,3321447
2023-10-18,ABCAPITAL,183.4499969482422,183.9499969482422,179.64999389648438,180.6999969482422,2259409
2023-10-19,ABCAPITAL,178.6999969482422,185.25,177.64999389648438,183.8000030517578,3327383
2023-10-20,ABCAPITAL,183.1499938964844,184.8500061035156,180.1999969482422,181.8999938964844,1647910
2023-10-23,ABCAPITAL,181.8999938964844,183.0,171.4499969482422,172.5500030517578,3696425
2023-10-25,ABCAPITAL,173.0500030517578,175.3000030517578,170.60000610351562,172.60000610351562,1909337
2023-10-26,ABCAPITAL,172.0,172.0,166.6999969482422,170.3000030517578,2402243
2023-10-27,ABCAPITAL,170.0500030517578,173.75,170.0500030517578,172.25,1614433
2023-10-30,ABCAPITAL,172.89999389648438,173.4499969482422,170.0,172.0500030517578,1594913
2023-10-31,ABCAPITAL,173.39999389648438,175.3000030517578,171.25,172.4499969482422,3173997
2023-10-03,ABCOTS,89.75,89.75,89.75,89.75,4000
2023-10-04,ABCOTS,89.75,89.75,89.75,89.75,0
2023-10-05,ABCOTS,89.75,89.75,89.75,89.75,0
2023-10-06,ABCOTS,94.0,94.1999969482422,94.0,94.1999969482422,8000
2023-10-09,ABCOTS,103.5999984741211,103.5999984741211,97.0,97.0,20000
2023-10-10,ABCOTS,95.0,95.0,95.0,95.0,4000
2023-10-11,ABCOTS,95.0,95.0,95.0,95.0,0
2023-10-12,ABCOTS,95.0,95.0,95.0,95.0,0
2023-10-13,ABCOTS,95.0,95.0,95.0,95.0,0
2023-10-16,ABCOTS,95.0,95.0,95.0,95.0,0
2023-10-17,ABCOTS,95.0,95.0,95.0,95.0,0
2023-10-18,ABCOTS,101.0,101.0,101.0,101.0,4000
2023-10-19,ABCOTS,101.0,101.0,101.0,101.0,0
2023-10-20,ABCOTS,101.0,101.0,101.0,101.0,0
2023-10-23,ABCOTS,101.0,101.0,101.0,101.0,0
2023-10-25,ABCOTS,101.0,101.0,101.0,101.0,0
2023-10-26,ABCOTS,101.0,101.0,101.0,101.0,0
2023-10-27,ABCOTS,101.0,101.0,101.0,101.0,0
2023-10-30,ABCOTS,111.0999984741211,111.0999984741211,101.0,109.8000030517578,20000
2023-10-31,ABCOTS,109.8000030517578,109.8000030517578,109.8000030517578,109.8000030517578,0
2023-10-03,ABFRL,214.3999938964844,216.75,211.5500030517578,215.9499969482422,1889920
2023-10-04,ABFRL,214.4499969482422,215.0,211.1999969482422,214.25,2717603
2023-10-05,ABFRL,215.0,220.6000061035156,214.5,219.1000061035156,2920099
2023-10-06,ABFRL,221.0,221.6499938964844,218.1000061035156,219.0,1073409
2023-10-09,ABFRL,215.1999969482422,216.75,213.0500030517578,214.9499969482422,1209789
2023-10-10,ABFRL,216.5,220.1999969482422,215.6999969482422,219.8000030517578,1528652
2023-10-11,ABFRL,219.25,225.0,219.25,222.1000061035156,3048051
2023-10-12,ABFRL,223.6000061035156,223.6999969482422,221.1999969482422,223.25,681064
2023-10-13,ABFRL,223.0,224.0500030517578,221.1000061035156,222.5,1188405
2023-10-16,ABFRL,222.5,228.8000030517578,222.0,227.1499938964844,3399154
2023-10-17,ABFRL,228.5,233.6499938964844,228.5,230.6999969482422,4334735
2023-10-18,ABFRL,231.9499969482422,232.9499969482422,228.0500030517578,230.3999938964844,3164138
2023-10-19,ABFRL,230.0,239.0,226.8999938964844,237.8500061035156,8942797
2023-10-20,ABFRL,237.5,239.8999938964844,228.5,229.3999938964844,5876865
2023-10-23,ABFRL,229.9499969482422,231.1499938964844,212.25,214.1999969482422,4797264
2023-10-25,ABFRL,214.5,219.75,211.25,212.0,3085794
2023-10-26,ABFRL,212.0,214.9499969482422,206.0,213.6499938964844,5260386
2023-10-27,ABFRL,215.8999938964844,217.8500061035156,214.1999969482422,216.0,1582232
2023-10-30,ABFRL,217.0,217.3000030517578,212.1999969482422,216.0,2064070
2023-10-31,ABFRL,217.0,219.1499938964844,214.0500030517578,214.75,3019234
2023-10-03,ABINFRA,2.2888059616088867,2.2888059616088867,2.2888059616088867,2.2888059616088867,0
2023-10-04,ABINFRA,2.4009621143341064,2.4009621143341064,2.4009621143341064,2.4009621143341064,48147
2023-10-05,ABINFRA,2.4009621143341064,2.4009621143341064,2.4009621143341064,2.4009621143341064,0
2023-10-06,ABINFRA,2.4009621143341064,2.4009621143341064,2.4009621143341064,2.4009621143341064,0
2023-10-09,ABINFRA,2.492347955703736,2.492347955703736,2.492347955703736,2.492347955703736,96294
2023-10-10,ABINFRA,2.492347955703736,2.492347955703736,2.492347955703736,2.492347955703736,0
2023-10-11,ABINFRA,2.5754261016845703,2.6169650554656982,2.5754261016845703,2.6169650554656982,96294
2023-10-12,ABINFRA,2.745735883712769,2.745735883712769,2.745735883712769,2.745735883712769,48147
2023-10-13,ABINFRA,2.882814884185791,2.882814884185791,2.882814884185791,2.882814884185791,48147
2023-10-16,ABINFRA,3.0240490436553955,3.0240490436553955,3.0240490436553955,3.0240490436553955,48147
2023-10-17,ABINFRA,3.0863571166992188,3.0863571166992188,3.0863571166992188,3.0863571166992188,96294
2023-10-18,ABINFRA,3.0863571166992188,3.0863571166992188,3.0863571166992188,3.0863571166992188,0
2023-10-19,ABINFRA,3.0863571166992188,3.0863571166992188,3.0863571166992188,3.0863571166992188,0
2023-10-20,ABINFRA,3.227590084075928,3.240051984786988,2.932662010192871,2.932662010192871,192589
2023-10-23,ABINFRA,2.932662010192871,2.932662010192871,2.932662010192871,2.932662010192871,96294
2023-10-25,ABINFRA,2.932662010192871,2.932662010192871,2.932662010192871,2.932662010192871,48147
2023-10-26,ABINFRA,2.932662010192871,2.932662010192871,2.932662010192871,2.932662010192871,48147
2023-10-27,ABINFRA,2.932662010192871,2.932662010192871,2.932662010192871,2.932662010192871,0
2023-10-30,ABINFRA,3.0780489444732666,3.0780489444732666,3.0780489444732666,3.0780489444732666,48147
2023-10-31,ABINFRA,3.2317440509796143,3.2317440509796143,3.2317440509796143,3.2317440509796143,96294
2023-10-03,ABMINTLLTD,35.29999923706055,35.29999923706055,35.29999923706055,35.29999923706055,627
2023-10-04,ABMINTLLTD,36.0,36.0,36.0,36.0,18
2023-10-05,ABMINTLLTD,36.0,36.0,36.0,36.0,90
2023-10-06,ABMINTLLTD,35.29999923706055,35.29999923706055,35.29999923706055,35.29999923706055,13
2023-10-09,ABMINTLLTD,35.29999923706055,35.29999923706055,33.54999923706055,35.0,339
2023-10-10,ABMINTLLTD,34.150001525878906,34.5,33.25,34.5,528
2023-10-11,ABMINTLLTD,34.5,36.20000076293945,33.650001525878906,36.0,855
2023-10-12,ABMINTLLTD,36.0,36.0,34.20000076293945,34.79999923706055,161
2023-10-13,ABMINTLLTD,34.75,36.09999847412109,34.70000076293945,36.0,79
2023-10-16,ABMINTLLTD,37.5,37.5,34.79999923706055,34.79999923706055,627
2023-10-17,ABMINTLLTD,34.849998474121094,36.5,34.849998474121094,36.5,308
2023-10-18,ABMINTLLTD,36.5,38.29999923706055,36.5,38.29999923706055,42
2023-10-19,ABMINTLLTD,38.29999923706055,39.5,37.29999923706055,37.29999923706055,710
2023-10-20,ABMINTLLTD,39.0,39.150001525878906,38.0,39.150001525878906,224
2023-10-23,ABMINTLLTD,41.0,41.09999847412109,41.0,41.09999847412109,1996
2023-10-25,ABMINTLLTD,43.150001525878906,43.150001525878906,41.95000076293945,43.150001525878906,3246
2023-10-26,ABMINTLLTD,45.29999923706055,45.29999923706055,45.29999923706055,45.29999923706055,2006
2023-10-27,ABMINTLLTD,47.54999923706055,47.54999923706055,47.5,47.54999923706055,1172
2023-10-30,ABMINTLLTD,49.900001525878906,49.900001525878906,49.900001525878906,49.900001525878906,591
2023-10-31,ABMINTLLTD,52.34999847412109,52.34999847412109,52.34999847412109,52.34999847412109,1458
2023-10-03,ABREL,1125.550048828125,1125.550048828125,1090.0,1113.449951171875,361163
2023-10-04,ABREL,1110.0,1124.8499755859375,1066.5999755859375,1071.699951171875,391594
2023-10-05,ABREL,1087.800048828125,1088.0,1062.050048828125,1074.75,274584
2023-10-06,ABREL,1074.75,1134.449951171875,1068.1500244140625,1123.75,526823
2023-10-09,ABREL,1107.4000244140625,1139.9000244140625,1091.8499755859375,1099.0,537074
2023-10-10,ABREL,1109.0,1177.0,1100.0999755859375,1146.949951171875,1474472
2023-10-11,ABREL,1156.9000244140625,1181.4000244140625,1145.4000244140625,1172.699951171875,565468
2023-10-12,ABREL,1161.0,1184.800048828125,1161.0,1179.3499755859375,243477
2023-10-13,ABREL,1175.050048828125,1194.9000244140625,1152.5999755859375,1185.0999755859375,331858
2023-10-16,ABREL,1172.0999755859375,1191.199951171875,1172.0999755859375,1186.9000244140625,98136
2023-10-17,ABREL,1191.0,1206.0,1176.449951171875,1195.050048828125,339743
2023-10-18,ABREL,1195.050048828125,1223.1500244140625,1171.699951171875,1186.4000244140625,1564153
2023-10-19,ABREL,1176.0,1184.4000244140625,1141.0,1157.75,447546
2023-10-20,ABREL,1151.800048828125,1156.75,1051.0,1084.050048828125,1329225
2023-10-23,ABREL,1115.0,1115.0,1056.0999755859375,1061.8499755859375,433852
2023-10-25,ABREL,1055.0,1086.300048828125,1046.449951171875,1080.199951171875,281374
2023-10-26,ABREL,1076.0,1090.5,1050.5,1081.5,184731
2023-10-27,ABREL,1093.5999755859375,1101.0,1082.550048828125,1098.5,107998
2023-10-30,ABREL,1098.5,1121.0,1079.449951171875,1094.300048828125,207775
2023-10-31,ABREL,1098.9000244140625,1100.0999755859375,1073.5999755859375,1082.800048828125,114763
2023-10-03,ABSLAMC,438.0,439.8500061035156,435.0499877929688,438.0499877929688,81480
2023-10-04,ABSLAMC,438.8999938964844,441.4500122070313,426.0,438.3500061035156,157319
2023-10-05,ABSLAMC,438.9500122070313,441.7000122070313,435.0,437.1000061035156,57160
2023-10-06,ABSLAMC,437.2000122070313,437.7000122070313,429.0,433.8999938964844,133711
2023-10-09,ABSLAMC,423.0499877929688,434.5499877929688,423.0,432.8999938964844,158192
2023-10-10,ABSLAMC,432.8999938964844,436.0,430.0,434.4500122070313,77961
2023-10-11,ABSLAMC,434.4500122070313,442.0499877929688,430.75,431.7999877929688,89910
2023-10-12,ABSLAMC,434.0,448.75,432.1000061035156,443.75,238469
2023-10-13,ABSLAMC,443.7000122070313,460.0,443.0499877929688,458.5499877929688,348019
2023-10-16,ABSLAMC,460.0,460.1000061035156,449.0,449.75,80001
2023-10-17,ABSLAMC,454.1499938964844,454.7000122070313,445.6000061035156,446.9500122070313,62048
2023-10-18,ABSLAMC,448.5,449.0,437.0,438.75,86890
2023-10-19,ABSLAMC,442.0,444.8999938964844,433.0499877929688,442.6000061035156,68178
2023-10-20,ABSLAMC,437.0,445.9500122070313,436.2999877929688,445.1000061035156,83348
2023-10-23,ABSLAMC,445.0,445.0,433.0,434.7999877929688,138318
2023-10-25,ABSLAMC,435.2000122070313,443.75,427.3500061035156,441.75,173913
2023-10-26,ABSLAMC,443.1000061035156,449.0,426.0,444.2999877929688,155473
2023-10-27,ABSLAMC,437.1499938964844,443.0,423.0,438.4500122070313,498807
2023-10-30,ABSLAMC,444.6000061035156,444.6000061035156,435.0499877929688,440.2000122070313,47032
2023-10-31,ABSLAMC,443.0,447.0,436.6000061035156,445.3999938964844,84887
2023-10-03,ACC,2015.949951171875,2039.8499755859373,2008.8499755859373,2034.9000244140625,248293
2023-10-04,ACC,2030.0,2035.199951171875,1985.6500244140625,2006.6500244140625,554620
2023-10-05,ACC,2007.0,2025.449951171875,1993.199951171875,1997.25,180497
2023-10-06,ACC,1997.25,2021.699951171875,1997.25,2009.949951171875,153026
2023-10-09,ACC,2000.050048828125,2001.0,1955.5,1964.949951171875,830635
2023-10-10,ACC,1966.949951171875,1994.449951171875,1966.949951171875,1986.25,123625
2023-10-11,ACC,1998.0,2056.949951171875,1981.4000244140625,2038.699951171875,601662
2023-10-12,ACC,2049.0,2053.89990234375,2021.800048828125,2029.550048828125,190229
2023-10-13,ACC,2022.1500244140625,2030.699951171875,2008.0,2010.449951171875,141242
2023-10-16,ACC,2010.0,2037.0,2002.0,2030.8499755859373,228407
2023-10-17,ACC,2034.25,2042.0,2020.0999755859373,2039.5999755859373,212532
2023-10-18,ACC,2041.0,2044.6500244140625,2008.0,2014.050048828125,205829
2023-10-19,ACC,2015.0,2038.6500244140625,1995.050048828125,2030.550048828125,190539
2023-10-20,ACC,2021.5999755859373,2032.449951171875,1955.5999755859373,1963.1500244140625,524895
2023-10-23,ACC,1970.0,1978.800048828125,1880.0,1897.3499755859373,390084
2023-10-25,ACC,1900.0,1919.1500244140625,1867.3499755859373,1891.0999755859373,660572
2023-10-26,ACC,1884.800048828125,1913.0,1871.0,1899.8499755859373,690300
2023-10-27,ACC,1930.0,1936.0,1871.1500244140625,1878.0,449396
2023-10-30,ACC,1890.0,1897.0,1872.800048828125,1887.0,162949
2023-10-31,ACC,1895.0,1903.699951171875,1882.050048828125,1888.199951171875,117831
2023-10-03,ACCELYA,1650.0,1719.4000244140625,1643.050048828125,1675.800048828125,108265
2023-10-04,ACCELYA,1692.449951171875,1692.449951171875,1642.050048828125,1663.800048828125,84920
2023-10-05,ACCELYA,1665.0,1673.300048828125,1619.050048828125,1637.949951171875,43976
2023-10-06,ACCELYA,1618.5,1693.0,1588.050048828125,1679.75,94263
2023-10-09,ACCELYA,1630.0,1716.0,1629.0,1708.300048828125,116549
2023-10-10,ACCELYA,1719.1500244140625,1729.449951171875,1670.0,1677.449951171875,50168
2023-10-11,ACCELYA,1690.0,1720.0,1679.0,1684.949951171875,43135
2023-10-12,ACCELYA,1683.0999755859375,1733.050048828125,1673.699951171875,1712.449951171875,46975
2023-10-13,ACCELYA,1715.0,1750.0,1676.3499755859375,1688.199951171875,51081
2023-10-16,ACCELYA,1711.0,1729.949951171875,1700.3499755859375,1709.800048828125,40136
2023-10-17,ACCELYA,1717.199951171875,1723.75,1681.0,1689.199951171875,29515
2023-10-18,ACCELYA,1691.0,1710.5,1680.0,1684.75,25500
2023-10-19,ACCELYA,1671.0,1685.0,1496.050048828125,1513.699951171875,234214
2023-10-20,ACCELYA,1534.0,1547.800048828125,1502.550048828125,1506.1500244140625,83545
2023-10-23,ACCELYA,1508.9000244140625,1519.050048828125,1415.0,1423.0999755859375,53443
2023-10-25,ACCELYA,1413.0999755859375,1445.0,1373.0,1389.8499755859375,100560
2023-10-26,ACCELYA,1381.050048828125,1400.0,1336.449951171875,1391.800048828125,41990
2023-10-27,ACCELYA,1409.5999755859375,1455.0,1409.5999755859375,1430.9000244140625,27592
2023-10-30,ACCELYA,1431.0,1436.949951171875,1385.0,1387.0999755859375,26941
2023-10-31,ACCELYA,1394.949951171875,1410.0,1369.0999755859375,1373.800048828125,26404
2023-10-03,ACCURACY,8.5,8.550000190734863,8.199999809265137,8.25,326358
2023-10-04,ACCURACY,8.449999809265137,8.449999809265137,8.0,8.100000381469727,479220
2023-10-05,ACCURACY,8.25,8.449999809265137,8.0,8.100000381469727,545914
2023-10-06,ACCURACY,8.300000190734863,8.5,8.199999809265137,8.5,378262
2023-10-09,ACCURACY,8.850000381469727,8.850000381469727,8.100000381469727,8.199999809265137,355133
2023-10-10,ACCURACY,8.0,8.449999809265137,7.949999809265137,8.0,398047
2023-10-11,ACCURACY,8.199999809265137,8.300000190734863,8.0,8.149999618530273,318989
2023-10-12,ACCURACY,8.25,8.300000190734863,7.849999904632568,8.0,543244
2023-10-13,ACCURACY,8.050000190734863,8.199999809265137,7.949999809265137,8.050000190734863,390017
2023-10-16,ACCURACY,8.100000381469727,8.100000381469727,7.900000095367432,7.949999809265137,287882
2023-10-17,ACCURACY,8.100000381469727,8.100000381469727,7.949999809265137,7.949999809265137,186261
2023-10-18,ACCURACY,8.0,8.100000381469727,7.599999904632568,7.849999904632568,268973
2023-10-19,ACCURACY,7.900000095367432,8.0,7.800000190734863,7.900000095367432,236222
2023-10-20,ACCURACY,7.900000095367432,8.100000381469727,7.849999904632568,7.900000095367432,264855
2023-10-23,ACCURACY,8.0,8.0,7.5,7.599999904632568,337059
2023-10-25,ACCURACY,7.75,7.900000095367432,7.349999904632568,7.400000095367432,359849
2023-10-26,ACCURACY,7.5,7.5,7.050000190734863,7.300000190734863,265229
2023-10-27,ACCURACY,7.349999904632568,7.599999904632568,7.300000190734863,7.300000190734863,181198
2023-10-30,ACCURACY,7.550000190734863,7.550000190734863,7.099999904632568,7.400000095367432,74454
2023-10-31,ACCURACY,7.599999904632568,7.599999904632568,7.349999904632568,7.400000095367432,113184
2023-10-03,ACE,688.5,690.1500244140625,670.7000122070312,674.0499877929688,213036
2023-10-04,ACE,669.0499877929688,710.0,665.8499755859375,695.2999877929688,275951
2023-10-05,ACE,703.0,713.4000244140625,685.0,690.0,318506
2023-10-06,ACE,694.9500122070312,723.0,687.0,711.9000244140625,373799
2023-10-09,ACE,717.5,727.4500122070312,685.5,693.0499877929688,406342
2023-10-10,ACE,699.0,708.9500122070312,692.2000122070312,698.9000244140625,162712
2023-10-11,ACE,701.0,726.9500122070312,701.0,713.2999877929688,225134
2023-10-12,ACE,713.25,720.8499755859375,696.4000244140625,703.1500244140625,171173
2023-10-13,ACE,703.0,718.0,697.0499877929688,712.3499755859375,207346
2023-10-16,ACE,703.0999755859375,715.75,702.0,704.2000122070312,103328
2023-10-17,ACE,711.8499755859375,715.0,701.0499877929688,704.7999877929688,105192
2023-10-18,ACE,709.0,710.0,693.0,700.0999755859375,160495
2023-10-19,ACE,700.0,722.4500122070312,699.8499755859375,714.4500122070312,249268
2023-10-20,ACE,711.9500122070312,756.5999755859375,708.5499877929688,739.0999755859375,682463
2023-10-23,ACE,746.5,762.0,705.0,714.1500244140625,476904
2023-10-25,ACE,719.0,732.9500122070312,697.0,702.9000244140625,248655
2023-10-26,ACE,700.0499877929688,719.4500122070312,657.2999877929688,715.75,328999
2023-10-27,ACE,719.0,755.0,719.0,750.6500244140625,385796
2023-10-30,ACE,755.0,785.5,742.0499877929688,768.5499877929688,558853
2023-10-31,ACE,774.7000122070312,842.0,774.6500244140625,833.0999755859375,1147948
2023-10-03,ACEINTEG,35.54999923706055,37.0,34.45000076293945,35.0,461
2023-10-04,ACEINTEG,35.0,36.150001525878906,34.5,35.0,1300
2023-10-05,ACEINTEG,35.45000076293945,36.75,34.75,34.849998474121094,1115
2023-10-06,ACEINTEG,36.45000076293945,36.45000076293945,34.0,35.25,807
2023-10-09,ACEINTEG,35.849998474121094,35.849998474121094,32.400001525878906,33.400001525878906,1286
2023-10-10,ACEINTEG,36.45000076293945,36.45000076293945,32.650001525878906,33.95000076293945,2444
2023-10-11,ACEINTEG,31.799999237060547,37.29999923706055,30.549999237060547,31.850000381469727,206559
2023-10-12,ACEINTEG,33.29999923706055,34.95000076293945,32.95000076293945,34.099998474121094,58381
2023-10-13,ACEINTEG,36.79999923706055,36.79999923706055,34.0,34.599998474121094,16324
2023-10-16,ACEINTEG,36.0,36.0,33.54999923706055,33.95000076293945,4609
2023-10-17,ACEINTEG,34.900001525878906,34.900001525878906,33.150001525878906,33.45000076293945,3970
2023-10-18,ACEINTEG,32.599998474121094,34.5,31.549999237060547,32.54999923706055,13589
2023-10-19,ACEINTEG,33.25,34.79999923706055,33.04999923706055,34.349998474121094,8591
2023-10-20,ACEINTEG,34.150001525878906,34.95000076293945,33.54999923706055,34.29999923706055,5676
2023-10-23,ACEINTEG,34.54999923706055,34.54999923706055,33.0,33.79999923706055,3493
2023-10-25,ACEINTEG,32.150001525878906,34.0,32.0,32.599998474121094,2145
2023-10-26,ACEINTEG,34.5,34.5,31.64999961853028,32.75,5400
2023-10-27,ACEINTEG,34.099998474121094,34.75,33.349998474121094,33.75,1646
2023-10-30,ACEINTEG,35.0,35.95000076293945,32.650001525878906,35.5,10716
2023-10-31,ACEINTEG,36.0,36.0,33.75,35.0,1455
2023-10-03,ACI,590.4500122070312,612.5,584.5,609.2000122070312,214693
2023-10-04,ACI,609.2000122070312,617.5,601.0,603.5499877929688,183677
2023-10-05,ACI,608.0999755859375,612.5,595.2000122070312,599.0999755859375,90209
2023-10-06,ACI,599.5,604.9500122070312,586.0499877929688,587.5,154870
2023-10-09,ACI,589.0,639.7999877929688,589.0,602.25,2466451
2023-10-10,ACI,609.2000122070312,643.0,608.0,628.3499755859375,1447632
2023-10-11,ACI,639.9500122070312,657.2999877929688,633.3499755859375,648.9500122070312,1192678
2023-10-12,ACI,654.9500122070312,666.9500122070312,642.9000244140625,648.4500122070312,659928
2023-10-13,ACI,654.2999877929688,672.5,648.0,649.75,486142
2023-10-16,ACI,655.5999755859375,664.2000122070312,652.0499877929688,658.75,320960
2023-10-17,ACI,662.9500122070312,674.0,655.9000244140625,670.6500244140625,345481
2023-10-18,ACI,675.7000122070312,689.0,656.2000122070312,660.4500122070312,417765
2023-10-19,ACI,653.0,658.7999877929688,642.0499877929688,647.25,341627
2023-10-20,ACI,649.8499755859375,653.0,629.0,632.5999755859375,256619
2023-10-23,ACI,633.0,635.5999755859375,598.0,604.0,282439
2023-10-25,ACI,607.0,618.2000122070312,582.5499877929688,593.1500244140625,223879
2023-10-26,ACI,592.7000122070312,624.0,572.9500122070312,590.0499877929688,490716
2023-10-27,ACI,594.7000122070312,611.2000122070312,593.0,607.4000244140625,104283
2023-10-30,ACI,608.2999877929688,609.9000244140625,590.0,594.25,162329
2023-10-31,ACI,595.0,599.8499755859375,570.0,572.75,365936
2023-10-03,ACL,97.0,99.6500015258789,95.0,96.1500015258789,9240
2023-10-04,ACL,96.0999984741211,99.0,94.9499969482422,96.6999969482422,11790
2023-10-05,ACL,98.0999984741211,98.0999984741211,95.1500015258789,97.0,16810
2023-10-06,ACL,98.5,99.8000030517578,97.0500030517578,98.5,24943
2023-10-09,ACL,97.9000015258789,98.4000015258789,95.9499969482422,96.6999969482422,9277
2023-10-10,ACL,96.6999969482422,99.1500015258789,96.0,96.4000015258789,18671
2023-10-11,ACL,98.8000030517578,98.8000030517578,94.0500030517578,96.4000015258789,17089
2023-10-12,ACL,98.0500030517578,98.75,96.0,97.4499969482422,11122
2023-10-13,ACL,98.5,98.5,96.0,96.5,14201
2023-10-16,ACL,96.5,97.4499969482422,95.0,96.5,8406
2023-10-17,ACL,96.5,98.1999969482422,96.1999969482422,97.5999984741211,12542
2023-10-18,ACL,98.4499969482422,99.3499984741211,97.0,97.75,10830
2023-10-19,ACL,99.0,101.9499969482422,98.0999984741211,100.4499969482422,45595
2023-10-20,ACL,103.6999969482422,103.6999969482422,96.1999969482422,97.6500015258789,26550
2023-10-23,ACL,97.5999984741211,99.4499969482422,92.8000030517578,93.0500030517578,19023
2023-10-25,ACL,97.6500015258789,97.6500015258789,92.6500015258789,94.0999984741211,9543
2023-10-26,ACL,91.0500030517578,94.0999984741211,89.4000015258789,93.75,22862
2023-10-27,ACL,93.75,98.4000015258789,93.75,98.4000015258789,24273
2023-10-30,ACL,101.5,101.5,95.0,95.6999969482422,19425
2023-10-31,ACL,96.0500030517578,97.1999969482422,92.1500015258789,93.8499984741211,16405
2023-10-03,ACUTAAS,616.5,620.4749755859375,611.4000244140625,613.75,60304
2023-10-04,ACUTAAS,612.9249877929688,612.9249877929688,587.5,590.0,294700
2023-10-05,ACUTAAS,594.9500122070312,598.2750244140625,590.4749755859375,592.2000122070312,97260
2023-10-06,ACUTAAS,592.9749755859375,601.4749755859375,590.8250122070312,598.4000244140625,95954
2023-10-09,ACUTAAS,590.8499755859375,596.0,585.0,588.8499755859375,89902
2023-10-10,ACUTAAS,591.0,605.9500122070312,591.0,602.8499755859375,158970
2023-10-11,ACUTAAS,604.5,634.0,602.9749755859375,624.0250244140625,346334
2023-10-12,ACUTAAS,630.0,633.9500122070312,616.5,620.9500122070312,113916
2023-10-13,ACUTAAS,623.5,627.4500122070312,610.5,622.1500244140625,53060
2023-10-16,ACUTAAS,620.0,624.4749755859375,610.0499877929688,620.375,194378
2023-10-17,ACUTAAS,620.375,629.625,618.5,620.9000244140625,265544
2023-10-18,ACUTAAS,620.9000244140625,626.4749755859375,606.0999755859375,608.2999877929688,153206
2023-10-19,ACUTAAS,607.5,609.7999877929688,592.625,596.8499755859375,94730
2023-10-20,ACUTAAS,591.3499755859375,602.5,591.3499755859375,599.2000122070312,76964
2023-10-23,ACUTAAS,598.0,605.0,547.625,565.9500122070312,211946
2023-10-25,ACUTAAS,574.4500122070312,581.9749755859375,544.7750244140625,547.0,244436
2023-10-26,ACUTAAS,547.5,571.4000244140625,537.7999877929688,564.0499877929688,223660
2023-10-27,ACUTAAS,572.5,587.0,570.125,583.7000122070312,87510
2023-10-30,ACUTAAS,587.5,587.5,571.625,579.2999877929688,58406
2023-10-31,ACUTAAS,584.5,596.0,578.7249755859375,584.8499755859375,102722
2023-10-03,ADANIENSOL,815.9000244140625,816.7999877929688,806.7000122070312,807.75,506021
2023-10-04,ADANIENSOL,807.7000122070312,826.9500122070312,801.0499877929688,808.0999755859375,711980
2023-10-05,ADANIENSOL,812.5,815.5,805.2999877929688,807.7000122070312,252701
2023-10-06,ADANIENSOL,810.3499755859375,815.9000244140625,804.5,806.0,265517
2023-10-09,ADANIENSOL,806.0,806.0,772.4000244140625,778.9000244140625,559255
2023-10-10,ADANIENSOL,778.0,790.2999877929688,777.1500244140625,786.0,360806
2023-10-11,ADANIENSOL,792.0,807.0,791.2000122070312,798.2000122070312,655215
2023-10-12,ADANIENSOL,801.0999755859375,806.9500122070312,792.0,793.7000122070312,230980
2023-10-13,ADANIENSOL,792.8499755859375,793.7000122070312,783.0,785.2000122070312,269417
2023-10-16,ADANIENSOL,786.0,786.6500244140625,773.0,774.75,312993
2023-10-17,ADANIENSOL,778.0,787.0,771.0,774.9000244140625,351835
2023-10-18,ADANIENSOL,775.0,779.4500122070312,762.1500244140625,764.9000244140625,346049
2023-10-19,ADANIENSOL,764.9000244140625,765.9000244140625,755.5499877929688,759.4000244140625,356701
2023-10-20,ADANIENSOL,760.9500122070312,776.9500122070312,759.4000244140625,764.3499755859375,516923
2023-10-23,ADANIENSOL,768.7000122070312,768.7000122070312,734.0499877929688,735.7999877929688,485683
2023-10-25,ADANIENSOL,740.0,750.9500122070312,712.6500244140625,718.9000244140625,455111
2023-10-26,ADANIENSOL,719.9500122070312,748.0,686.0,739.0999755859375,1134296
2023-10-27,ADANIENSOL,748.0,772.9000244140625,742.0499877929688,764.5,741463
2023-10-30,ADANIENSOL,764.5,773.3499755859375,751.3499755859375,759.25,414510
2023-10-31,ADANIENSOL,768.9500122070312,772.0,758.0499877929688,769.7999877929688,327996
2023-10-03,ADANIENT,2418.0,2424.89990234375,2372.0,2387.25,2019899
2023-10-04,ADANIENT,2402.199951171875,2502.75,2392.25,2464.949951171875,2857377
2023-10-05,ADANIENT,2477.949951171875,2486.5,2446.39990234375,2466.35009765625,1132455
2023-10-06,ADANIENT,2466.35009765625,2514.949951171875,2466.050048828125,2478.10009765625,1510035
2023-10-09,ADANIENT,2440.0,2459.699951171875,2411.300048828125,2442.60009765625,1408224
2023-10-10,ADANIENT,2443.0,2517.949951171875,2443.0,2498.300048828125,1771910
2023-10-11,ADANIENT,2533.89990234375,2538.0,2482.5,2488.60009765625,1627836
2023-10-12,ADANIENT,2499.89990234375,2521.75,2490.64990234375,2506.35009765625,1804818
2023-10-13,ADANIENT,2488.89990234375,2495.0,2422.35009765625,2454.550048828125,2278682
2023-10-16,ADANIENT,2454.550048828125,2464.699951171875,2421.85009765625,2429.35009765625,803856
2023-10-17,ADANIENT,2459.949951171875,2462.0,2423.5,2428.39990234375,707543
2023-10-18,ADANIENT,2440.0,2441.75,2401.050048828125,2406.35009765625,776977
2023-10-19,ADANIENT,2400.0,2414.699951171875,2382.550048828125,2402.199951171875,1168822
2023-10-20,ADANIENT,2398.050048828125,2443.949951171875,2382.050048828125,2393.75,1240350
2023-10-23,ADANIENT,2397.800048828125,2412.35009765625,2301.800048828125,2308.64990234375,1483549
2023-10-25,ADANIENT,2320.0,2348.050048828125,2235.300048828125,2257.0,1540819
2023-10-26,ADANIENT,2249.0,2249.0,2167.050048828125,2203.199951171875,2226073
2023-10-27,ADANIENT,2222.0,2275.0,2212.0,2261.699951171875,1244293
2023-10-30,ADANIENT,2260.050048828125,2305.0,2250.0,2299.10009765625,996448
2023-10-31,ADANIENT,2320.0,2320.0,2276.0,2294.64990234375,1155280
2023-10-03,ADANIGREEN,995.0999755859376,997.9500122070312,970.0,973.9500122070312,500850
2023-10-04,ADANIGREEN,975.0499877929688,997.4000244140624,965.25,971.9000244140624,755636
2023-10-05,ADANIGREEN,978.9500122070312,982.0999755859376,955.0,959.6500244140624,451208
2023-10-06,ADANIGREEN,965.0,968.9500122070312,958.5499877929688,961.25,359021
2023-10-09,ADANIGREEN,955.0,955.0,935.6500244140624,938.9500122070312,574852
2023-10-10,ADANIGREEN,941.0499877929688,949.0,938.0,939.75,356178
2023-10-11,ADANIGREEN,949.6500244140624,970.8499755859376,946.2999877929688,962.4500122070312,775846
2023-10-12,ADANIGREEN,965.9500122070312,969.9500122070312,945.1500244140624,948.6500244140624,353632
2023-10-13,ADANIGREEN,949.9500122070312,952.5,941.7000122070312,948.9000244140624,290187
2023-10-16,ADANIGREEN,950.0,956.5999755859376,936.0,938.7999877929688,376852
2023-10-17,ADANIGREEN,949.9500122070312,958.4500122070312,945.2000122070312,948.6500244140624,363315
2023-10-18,ADANIGREEN,949.4000244140624,953.9500122070312,937.0,939.0499877929688,281564
2023-10-19,ADANIGREEN,937.0,942.9500122070312,922.3499755859376,933.0,291740
2023-10-20,ADANIGREEN,938.5,946.7999877929688,915.75,920.1500244140624,625755
2023-10-23,ADANIGREEN,928.0,929.9500122070312,875.0,880.7999877929688,695285
2023-10-25,ADANIGREEN,881.0,899.0,863.75,876.1500244140625,464127
2023-10-26,ADANIGREEN,866.5,869.5999755859375,815.5499877929688,848.1500244140625,1138154
2023-10-27,ADANIGREEN,852.8499755859375,896.5999755859375,852.8499755859375,870.9000244140625,902416
2023-10-30,ADANIGREEN,875.0,939.7999877929688,868.4500122070312,915.25,2041633
2023-10-31,ADANIGREEN,920.0,933.3499755859376,904.0,911.6500244140624,713136
2023-10-03,ADANIPORTS,826.0,836.75,824.25,831.4000244140625,2453090
2023-10-04,ADANIPORTS,830.9500122070312,845.4500122070312,819.3499755859375,824.5999755859375,4096647
2023-10-05,ADANIPORTS,830.8499755859375,832.0,820.25,825.2000122070312,2083505
2023-10-06,ADANIPORTS,830.0,836.5,826.4000244140625,830.75,1877058
2023-10-09,ADANIPORTS,815.0,818.7999877929688,785.0,790.0499877929688,5994282
2023-10-10,ADANIPORTS,800.5499877929688,823.7000122070312,800.5499877929688,819.5,7591327
2023-10-11,ADANIPORTS,827.4000244140625,827.4000244140625,812.3499755859375,814.8499755859375,3281387
2023-10-12,ADANIPORTS,818.5499877929688,823.25,812.5499877929688,814.9500122070312,2563606
2023-10-13,ADANIPORTS,812.0,824.7999877929688,805.8499755859375,813.75,3801000
2023-10-16,ADANIPORTS,818.5,818.5,803.25,805.6500244140625,2664794
2023-10-17,ADANIPORTS,812.0,814.4000244140625,804.0,805.0999755859375,2162192
2023-10-18,ADANIPORTS,808.9500122070312,809.0499877929688,795.4000244140625,798.5999755859375,2271927
2023-10-19,ADANIPORTS,796.75,797.2999877929688,787.4500122070312,792.8499755859375,2862500
2023-10-20,ADANIPORTS,791.7999877929688,803.0,788.6500244140625,793.6500244140625,2434862
2023-10-23,ADANIPORTS,793.6500244140625,795.7999877929688,769.9000244140625,771.4500122070312,2002377
2023-10-25,ADANIPORTS,772.5,783.3499755859375,761.0499877929688,769.0999755859375,2581498
2023-10-26,ADANIPORTS,764.0,771.7999877929688,754.5,770.3499755859375,3855358
2023-10-27,ADANIPORTS,774.9000244140625,786.4000244140625,773.0499877929688,782.4000244140625,2995404
2023-10-30,ADANIPORTS,785.9000244140625,794.4000244140625,779.7999877929688,785.0,3522068
2023-10-31,ADANIPORTS,789.7999877929688,791.0999755859375,782.5,784.75,2825760
2023-10-03,ADANIPOWER,75.37999725341797,75.37999725341797,72.63999938964844,73.33999633789062,16564955
2023-10-04,ADANIPOWER,73.45999908447266,75.5,72.63999938964844,74.41000366210938,38800230
2023-10-05,ADANIPOWER,74.68000030517578,75.19999694824219,72.81999969482422,73.16999816894531,11912770
2023-10-06,ADANIPOWER,73.27999877929688,74.19999694824219,72.5999984741211,72.86000061035156,11746545
2023-10-09,ADANIPOWER,70.45999908447266,71.0,67.80000305175781,68.4000015258789,36765005
2023-10-10,ADANIPOWER,68.68000030517578,70.55999755859375,68.66000366210938,69.93000030517578,18603550
2023-10-11,ADANIPOWER,70.5999984741211,71.73999786376953,69.62999725341797,69.95999908447266,17444870
2023-10-12,ADANIPOWER,70.4000015258789,70.7699966430664,69.22000122070312,69.44999694824219,10313240
2023-10-13,ADANIPOWER,69.0,69.0,68.25,68.37999725341797,11425835
2023-10-16,ADANIPOWER,68.22000122070312,68.7300033569336,65.4000015258789,65.93000030517578,27847765
2023-10-17,ADANIPOWER,66.38999938964844,68.87999725341797,66.37999725341797,67.0999984741211,23234775
2023-10-18,ADANIPOWER,67.4000015258789,67.94000244140625,66.4000015258789,66.79000091552734,11348830
2023-10-19,ADANIPOWER,66.77999877929688,69.33999633789062,66.19999694824219,68.88999938964844,25163180
2023-10-20,ADANIPOWER,68.5999984741211,69.26000213623047,67.0,67.66000366210938,17321945
2023-10-23,ADANIPOWER,68.12000274658203,68.41999816894531,62.83000183105469,63.290000915527344,30377490
2023-10-25,ADANIPOWER,65.38999938964844,65.95999908447266,62.04999923706055,62.540000915527344,27013990
2023-10-26,ADANIPOWER,62.0,67.26000213623047,57.869998931884766,65.47000122070312,63795225
2023-10-27,ADANIPOWER,66.4000015258789,72.97000122070312,66.30999755859375,70.83000183105469,74387940
2023-10-30,ADANIPOWER,70.87999725341797,71.94000244140625,69.01000213623047,71.58999633789062,45073660
2023-10-31,ADANIPOWER,72.19999694824219,73.58000183105469,71.87000274658203,72.61000061035156,35401355
2023-10-03,ADFFOODS,212.9499969482422,212.9499969482422,208.0500030517578,211.3500061035156,71465
2023-10-04,ADFFOODS,210.0,214.3500061035156,209.0,210.75,67307
2023-10-05,ADFFOODS,211.0,213.0500030517578,208.5500030517578,211.3999938964844,59491
2023-10-06,ADFFOODS,212.5,214.9499969482422,211.3999938964844,214.3000030517578,60263
2023-10-09,ADFFOODS,208.0,212.0,207.9499969482422,209.0,71358
2023-10-10,ADFFOODS,213.0,213.0,207.0,207.6999969482422,62451
2023-10-11,ADFFOODS,208.5,220.0,204.3999938964844,206.25,187082
2023-10-12,ADFFOODS,207.3000030517578,212.9499969482422,203.8000030517578,205.6000061035156,168298
2023-10-13,ADFFOODS,207.0,246.6999969482422,206.1000061035156,245.8999938964844,2284252
2023-10-16,ADFFOODS,257.0,259.70001220703125,246.3000030517578,248.6000061035156,1167974
2023-10-17,ADFFOODS,250.8000030517578,252.8000030517578,238.25,240.5,349979
2023-10-18,ADFFOODS,241.8500061035156,252.75,241.8500061035156,243.6999969482422,492629
2023-10-19,ADFFOODS,244.8999938964844,245.8000030517578,238.0,239.3500061035156,163477
2023-10-20,ADFFOODS,236.0,241.3999938964844,232.75,235.75,174121
2023-10-23,ADFFOODS,236.6999969482422,239.75,212.9499969482422,218.0,218140
2023-10-25,ADFFOODS,217.9499969482422,227.25,210.5500030517578,216.0,182244
2023-10-26,ADFFOODS,213.5500030517578,231.8999938964844,210.1999969482422,225.0500030517578,496599
2023-10-27,ADFFOODS,225.0500030517578,237.8000030517578,222.1999969482422,232.9499969482422,230586
2023-10-30,ADFFOODS,239.4499969482422,239.8500061035156,230.1000061035156,233.3000030517578,152569
2023-10-31,ADFFOODS,234.3999938964844,242.9499969482422,234.0,237.9499969482422,203283
2023-10-03,ADL,78.5,78.5,74.0,77.0999984741211,592
2023-10-04,ADL,79.5,79.5,73.75,76.0,473
2023-10-05,ADL,76.0,78.5,75.0,78.0,1987
2023-10-06,ADL,74.5999984741211,80.0,74.5999984741211,79.4000015258789,2704
2023-10-09,ADL,76.9000015258789,77.1500015258789,75.44999694824219,76.0,1032
2023-10-10,ADL,73.6500015258789,79.80000305175781,73.6500015258789,76.1500015258789,3463
2023-10-11,ADL,76.5,79.94999694824219,74.0999984741211,79.75,8658
2023-10-12,ADL,79.75,82.94999694824219,77.3499984741211,78.6500015258789,4655
2023-10-13,ADL,80.0,82.0,77.5,81.25,1808
2023-10-16,ADL,84.8499984741211,84.8499984741211,78.05000305175781,84.3499984741211,2338
2023-10-17,ADL,88.55000305175781,88.55000305175781,81.9000015258789,84.0,5992
2023-10-18,ADL,87.9000015258789,87.9000015258789,83.80000305175781,86.5999984741211,2811
2023-10-19,ADL,88.0,90.9000015258789,86.0,89.55000305175781,4151
2023-10-20,ADL,93.5,93.5,86.05000305175781,91.4499969482422,4142
2023-10-23,ADL,93.3000030517578,93.3000030517578,88.8499984741211,89.30000305175781,693
2023-10-25,ADL,89.30000305175781,89.9000015258789,84.8499984741211,84.9000015258789,3756
2023-10-26,ADL,80.6500015258789,88.75,80.6500015258789,87.0,2665
2023-10-27,ADL,87.0,88.0,84.44999694824219,87.0,1851
2023-10-30,ADL,87.0,91.3499984741211,83.44999694824219,89.5,219
2023-10-31,ADL,89.75,89.75,85.0999984741211,89.69999694824219,2464
2023-10-03,ADOR,1090.0,1117.9000244140625,1090.0,1105.1500244140625,12205
2023-10-04,ADOR,1105.1500244140625,1115.0,1102.25,1107.949951171875,10484
2023-10-05,ADOR,1117.0,1126.1500244140625,1105.0,1109.9000244140625,6480
2023-10-06,ADOR,1110.0,1115.949951171875,1100.0,1108.5999755859375,8671
2023-10-09,ADOR,1101.0,1128.699951171875,1095.0,1107.199951171875,23968
2023-10-10,ADOR,1120.0,1123.75,1105.0,1114.449951171875,8936
2023-10-11,ADOR,1126.949951171875,1128.0,1105.0,1107.3499755859375,13939
2023-10-12,ADOR,1118.0,1145.0,1107.550048828125,1137.050048828125,30418
2023-10-13,ADOR,1134.0,1142.3499755859375,1115.0,1129.6500244140625,16966
2023-10-16,ADOR,1135.9000244140625,1210.0,1135.9000244140625,1190.699951171875,101121
2023-10-17,ADOR,1202.199951171875,1228.0,1191.050048828125,1213.75,37491
2023-10-18,ADOR,1213.75,1234.949951171875,1210.4000244140625,1228.0,25552
2023-10-19,ADOR,1225.0,1281.8499755859375,1216.5999755859375,1275.449951171875,54845
2023-10-20,ADOR,1270.449951171875,1270.449951171875,1232.449951171875,1251.050048828125,16673
2023-10-23,ADOR,1250.0,1268.0999755859375,1155.0,1174.9000244140625,52797
2023-10-25,ADOR,1198.0999755859375,1219.949951171875,1172.300048828125,1189.300048828125,36273
2023-10-26,ADOR,1171.449951171875,1231.949951171875,1144.199951171875,1187.699951171875,32549
2023-10-27,ADOR,1172.0,1209.449951171875,1165.0,1174.050048828125,15929
2023-10-30,ADOR,1196.25,1219.0,1175.1500244140625,1195.449951171875,19535
2023-10-31,ADOR,1209.0,1249.949951171875,1185.0,1198.050048828125,29272
2023-10-03,ADROITINFO,17.357826232910156,17.39310646057129,16.652223587036133,16.828624725341797,344457
2023-10-04,ADROITINFO,16.828624725341797,17.463666915893555,15.87606143951416,16.228862762451172,230220
2023-10-05,ADROITINFO,17.781187057495117,17.781187057495117,16.017181396484375,16.19358253479004,236876
2023-10-06,ADROITINFO,16.86390495300293,16.86390495300293,15.452698707580566,15.911340713500977,228352
2023-10-09,ADROITINFO,15.840780258178713,15.981901168823242,15.311577796936035,15.41741943359375,154656
2023-10-10,ADROITINFO,15.593819618225098,15.734939575195312,14.464855194091797,14.85293674468994,219758
2023-10-11,ADROITINFO,15.241018295288086,15.452698707580566,14.85293674468994,15.41741943359375,165632
2023-10-12,ADROITINFO,15.664380073547363,15.87606143951416,15.346858978271484,15.664380073547363,100298
2023-10-13,ADROITINFO,15.805500030517578,16.369983673095703,14.535414695739746,14.888216972351074,321189
2023-10-16,ADROITINFO,15.382139205932615,15.699660301208496,14.076773643493652,14.429574966430664,589559
2023-10-17,ADROITINFO,14.817657470703123,14.994056701660156,14.112053871154783,14.50013542175293,291061
2023-10-18,ADROITINFO,14.71181583404541,14.71181583404541,14.112053871154783,14.18261432647705,135203
2023-10-19,ADROITINFO,14.747096061706545,14.747096061706545,13.477010726928713,13.970932960510254,83958
2023-10-20,ADROITINFO,14.394294738769531,14.394294738769531,13.72397232055664,13.93565273284912,34302
2023-10-23,ADROITINFO,13.93565273284912,14.28845500946045,13.547572135925291,14.076773643493652,60732
2023-10-25,ADROITINFO,14.359015464782717,14.359015464782717,13.794532775878906,13.865093231201172,42311
2023-10-26,ADROITINFO,14.112053871154783,14.147334098815918,13.194769859313965,13.82981300354004,161605
2023-10-27,ADROITINFO,13.82981300354004,14.28845500946045,13.759251594543455,14.112053871154783,22541
2023-10-30,ADROITINFO,13.72397232055664,14.817657470703123,13.72397232055664,14.535414695739746,62078
2023-10-31,ADROITINFO,14.817657470703123,15.241018295288086,14.605976104736328,15.241018295288086,148206
2023-10-03,ADSL,131.0,131.0500030517578,128.10000610351562,128.60000610351562,193935
2023-10-04,ADSL,128.39999389648438,129.39999389648438,123.4000015258789,125.4000015258789,332802
2023-10-05,ADSL,125.0,128.75,125.0,126.5999984741211,178059
2023-10-06,ADSL,127.4000015258789,128.5500030517578,125.9000015258789,126.4000015258789,136858
2023-10-09,ADSL,121.8499984741211,124.5500030517578,119.0999984741211,119.8499984741211,361933
2023-10-10,ADSL,120.5,124.5500030517578,119.8499984741211,120.5,338411
2023-10-11,ADSL,122.0,125.5,120.8000030517578,121.9499969482422,447260
2023-10-12,ADSL,123.25,131.0,121.0999984741211,129.64999389648438,1323644
2023-10-13,ADSL,128.10000610351562,132.0,124.1500015258789,125.5500030517578,636408
2023-10-16,ADSL,125.5500030517578,126.0,123.0,123.75,226731
2023-10-17,ADSL,124.75,129.39999389648438,124.6999969482422,127.0500030517578,1311845
2023-10-18,ADSL,127.8000030517578,127.8000030517578,124.0500030517578,124.5999984741211,180035
2023-10-19,ADSL,124.0,125.8000030517578,123.25,125.1999969482422,126347
2023-10-20,ADSL,124.8000030517578,125.3000030517578,121.8499984741211,122.3000030517578,227451
2023-10-23,ADSL,122.0,122.75,114.0,114.9000015258789,383819
2023-10-25,ADSL,116.0999984741211,118.5,110.8000030517578,116.0,411655
2023-10-26,ADSL,113.1999969482422,116.4499969482422,110.5,115.1500015258789,314682
2023-10-27,ADSL,116.5500030517578,120.3000030517578,115.1999969482422,116.0999984741211,309320
2023-10-30,ADSL,115.9499969482422,119.9000015258789,115.0,117.5999984741211,170736
2023-10-31,ADSL,118.3499984741211,118.9000015258789,112.1999969482422,113.1500015258789,274650
2023-10-03,ADVANIHOTR,45.0,46.32500076293945,44.75,45.92499923706055,358950
2023-10-04,ADVANIHOTR,46.17499923706055,48.45000076293945,45.54999923706055,47.72499847412109,941930
2023-10-05,ADVANIHOTR,48.29999923706055,49.900001525878906,47.900001525878906,48.59999847412109,1007560
2023-10-06,ADVANIHOTR,49.22499847412109,49.54999923706055,48.04999923706055,48.45000076293945,517298
2023-10-09,ADVANIHOTR,48.97499847412109,53.25,48.59999847412109,51.025001525878906,1882990
2023-10-10,ADVANIHOTR,51.5,53.25,51.04999923706055,51.97499847412109,974344
2023-10-11,ADVANIHOTR,53.29999923706055,53.29999923706055,51.25,51.59999847412109,494970
2023-10-12,ADVANIHOTR,52.29999923706055,52.75,50.34999847412109,51.0,188762
2023-10-13,ADVANIHOTR,50.900001525878906,52.125,50.125,50.67499923706055,197788
2023-10-16,ADVANIHOTR,51.67499923706055,55.5,50.82500076293945,53.04999923706055,1133750
2023-10-17,ADVANIHOTR,53.125,53.900001525878906,51.900001525878906,52.29999923706055,425880
2023-10-18,ADVANIHOTR,52.92499923706055,53.75,51.0,51.54999923706055,344014
2023-10-19,ADVANIHOTR,52.25,52.84999847412109,51.09999847412109,51.84999847412109,321582
2023-10-20,ADVANIHOTR,52.0,53.20000076293945,50.5,50.70000076293945,296002
2023-10-23,ADVANIHOTR,51.25,52.5,46.54999923706055,47.34999847412109,513980
2023-10-25,ADVANIHOTR,47.375,50.07500076293945,46.875,48.22499847412109,426720
2023-10-26,ADVANIHOTR,48.25,49.25,46.54999923706055,48.92499923706055,308636
2023-10-27,ADVANIHOTR,49.22499847412109,50.79999923706055,47.32500076293945,48.92499923706055,337234
2023-10-30,ADVANIHOTR,49.95000076293945,50.09999847412109,48.75,49.07500076293945,200226
2023-10-31,ADVANIHOTR,49.22499847412109,50.45000076293945,49.0,49.20000076293945,181562
2023-10-03,ADVENZYMES,320.20001220703125,324.45001220703125,316.3500061035156,317.25,273399
2023-10-04,ADVENZYMES,316.20001220703125,323.0,309.75,315.45001220703125,212758
2023-10-05,ADVENZYMES,313.54998779296875,332.0,313.54998779296875,327.3500061035156,282444
2023-10-06,ADVENZYMES,328.0,331.70001220703125,323.5,325.5,133322
2023-10-09,ADVENZYMES,323.0,330.8999938964844,316.54998779296875,326.29998779296875,164976
2023-10-10,ADVENZYMES,325.1499938964844,331.70001220703125,324.5,327.75,161205
2023-10-11,ADVENZYMES,330.25,338.04998779296875,329.6499938964844,332.1000061035156,223562
2023-10-12,ADVENZYMES,333.75,337.8999938964844,328.54998779296875,334.75,155257
2023-10-13,ADVENZYMES,334.54998779296875,344.1499938964844,333.1499938964844,334.95001220703125,187213
2023-10-16,ADVENZYMES,336.54998779296875,340.45001220703125,333.0,333.79998779296875,139672
2023-10-17,ADVENZYMES,334.95001220703125,336.75,325.0,328.45001220703125,131570
2023-10-18,ADVENZYMES,327.0,335.0,326.3500061035156,328.1000061035156,197838
2023-10-19,ADVENZYMES,326.79998779296875,330.3999938964844,322.8500061035156,325.1000061035156,118108
2023-10-20,ADVENZYMES,324.70001220703125,338.0,323.79998779296875,331.79998779296875,217357
2023-10-23,ADVENZYMES,329.20001220703125,333.1000061035156,301.0,308.04998779296875,179449
2023-10-25,ADVENZYMES,309.6000061035156,313.20001220703125,300.0,304.3500061035156,118672
2023-10-26,ADVENZYMES,304.75,304.75,291.1000061035156,297.1499938964844,178472
2023-10-27,ADVENZYMES,297.1499938964844,312.8999938964844,295.54998779296875,307.79998779296875,157890
2023-10-30,ADVENZYMES,309.1000061035156,315.0,304.8500061035156,314.45001220703125,87632
2023-10-31,ADVENZYMES,311.0,318.0,309.75,312.29998779296875,82231
2023-10-03,AEGISLOG,329.3500061035156,331.70001220703125,328.04998779296875,328.95001220703125,183205
2023-10-04,AEGISLOG,329.8500061035156,329.8500061035156,324.95001220703125,327.04998779296875,206167
2023-10-05,AEGISLOG,327.6499938964844,332.6499938964844,321.1000061035156,329.70001220703125,1097966
2023-10-06,AEGISLOG,330.8999938964844,332.0,325.79998779296875,326.8500061035156,141079
2023-10-09,AEGISLOG,325.0,326.0,321.45001220703125,322.6000061035156,256028
2023-10-10,AEGISLOG,323.70001220703125,325.5,322.5,323.5,190084
2023-10-11,AEGISLOG,323.54998779296875,325.29998779296875,322.6000061035156,323.25,146920
2023-10-12,AEGISLOG,325.04998779296875,325.6000061035156,321.75,322.8500061035156,224898
2023-10-13,AEGISLOG,322.0,324.1000061035156,320.8999938964844,321.70001220703125,93234
2023-10-16,AEGISLOG,322.1499938964844,325.3500061035156,322.1499938964844,322.95001220703125,152004
2023-10-17,AEGISLOG,324.79998779296875,325.3500061035156,319.54998779296875,321.1000061035156,359761
2023-10-18,AEGISLOG,321.1000061035156,322.75,316.0,317.3999938964844,452283
2023-10-19,AEGISLOG,317.45001220703125,320.45001220703125,314.6499938964844,317.95001220703125,178565
2023-10-20,AEGISLOG,317.75,318.45001220703125,311.8500061035156,313.6000061035156,129994
2023-10-23,AEGISLOG,315.75,317.8500061035156,302.1000061035156,303.6499938964844,261005
2023-10-25,AEGISLOG,308.6499938964844,308.6499938964844,292.0,293.54998779296875,339254
2023-10-26,AEGISLOG,293.95001220703125,300.54998779296875,282.45001220703125,286.6499938964844,984900
2023-10-27,AEGISLOG,289.8999938964844,302.25,289.0,299.70001220703125,578010
2023-10-30,AEGISLOG,300.6499938964844,300.95001220703125,293.0,296.1499938964844,213932
2023-10-31,AEGISLOG,299.95001220703125,299.95001220703125,291.0,292.3999938964844,220341
2023-10-03,AEROENTER,102.0500030517578,103.1999969482422,99.0999984741211,99.6999969482422,532584
2023-10-04,AEROENTER,100.0,102.3000030517578,93.5999984741211,95.5500030517578,1211020
2023-10-05,AEROENTER,97.0500030517578,99.0,95.8000030517578,96.9499969482422,447314
2023-10-06,AEROENTER,97.6500015258789,98.3499984741211,94.3499984741211,95.1500015258789,599110
2023-10-09,AEROENTER,95.0,95.0,91.8000030517578,94.5999984741211,343899
2023-10-10,AEROENTER,96.0,96.3499984741211,92.5,93.0999984741211,332127
2023-10-11,AEROENTER,93.8000030517578,95.6999969482422,91.1500015258789,92.1999969482422,678809
2023-10-12,AEROENTER,93.0,95.25,91.9000015258789,94.8000030517578,915022
2023-10-13,AEROENTER,94.9000015258789,101.75,94.9000015258789,99.9000015258789,1503325
2023-10-16,AEROENTER,100.5999984741211,104.0,97.5500030517578,98.8000030517578,2358901
2023-10-17,AEROENTER,99.5999984741211,100.5,97.6999969482422,98.25,783652
2023-10-18,AEROENTER,98.75,100.3499984741211,95.8000030517578,97.5500030517578,601593
2023-10-19,AEROENTER,96.0,100.1999969482422,95.8000030517578,97.75,505248
2023-10-20,AEROENTER,97.5999984741211,98.75,96.1999969482422,97.9000015258789,396611
2023-10-23,AEROENTER,97.5,98.25,93.0500030517578,93.6500015258789,466288
2023-10-25,AEROENTER,94.0500030517578,95.1999969482422,87.05000305175781,88.1500015258789,865414
2023-10-26,AEROENTER,87.8499984741211,88.69999694824219,84.1500015258789,86.5999984741211,1171771
2023-10-27,AEROENTER,87.80000305175781,89.75,87.30000305175781,88.4000015258789,746053
2023-10-30,AEROENTER,88.3499984741211,89.9000015258789,87.80000305175781,88.94999694824219,498386
2023-10-31,AEROENTER,89.1500015258789,94.1500015258789,88.8499984741211,92.75,819404
2023-10-03,AEROFLEX,152.60000610351562,153.3000030517578,150.3000030517578,151.5,408303
2023-10-04,AEROFLEX,151.14999389648438,152.39999389648438,148.0,148.60000610351562,507025
2023-10-05,AEROFLEX,149.60000610351562,151.10000610351562,146.5,146.9499969482422,530731
2023-10-06,AEROFLEX,148.39999389648438,148.9499969482422,146.1999969482422,146.64999389648438,450908
2023-10-09,AEROFLEX,143.0,144.9499969482422,142.39999389648438,142.64999389648438,427070
2023-10-10,AEROFLEX,144.85000610351562,147.3000030517578,143.14999389648438,144.0,562526
2023-10-11,AEROFLEX,145.39999389648438,149.5,145.25,147.0500030517578,874168
2023-10-12,AEROFLEX,147.89999389648438,160.4499969482422,147.39999389648438,158.10000610351562,3641213
2023-10-13,AEROFLEX,158.0,162.4499969482422,156.10000610351562,157.0,2009389
2023-10-16,AEROFLEX,157.5,158.0,151.89999389648438,152.3000030517578,924543
2023-10-17,AEROFLEX,153.6999969482422,157.39999389648438,153.25,154.6999969482422,537721
2023-10-18,AEROFLEX,155.5,165.39999389648438,155.0500030517578,161.85000610351562,4641983
2023-10-19,AEROFLEX,160.75,171.5,160.14999389648438,170.9499969482422,6903576
2023-10-20,AEROFLEX,171.85000610351562,173.8000030517578,163.5500030517578,165.0500030517578,2254181
2023-10-23,AEROFLEX,165.10000610351562,165.60000610351562,152.89999389648438,153.64999389648438,2120790
2023-10-25,AEROFLEX,155.6999969482422,158.35000610351562,148.25,150.75,887683
2023-10-26,AEROFLEX,149.0,152.4499969482422,145.5500030517578,150.60000610351562,962754
2023-10-27,AEROFLEX,152.0,155.9499969482422,151.35000610351562,152.25,690947
2023-10-30,AEROFLEX,152.75,154.64999389648438,150.5500030517578,152.5,422854
2023-10-31,AEROFLEX,153.3000030517578,164.39999389648438,153.14999389648438,160.85000610351562,2669545
2023-10-03,AERONEU,102.0,102.0,95.8000030517578,96.8000030517578,86878
2023-10-04,AERONEU,97.0999984741211,98.1999969482422,95.9499969482422,96.0500030517578,157705
2023-10-05,AERONEU,96.0999984741211,97.5500030517578,96.0,96.0500030517578,166728
2023-10-06,AERONEU,97.0,98.4000015258789,96.4499969482422,96.9499969482422,51848
2023-10-09,AERONEU,96.1500015258789,96.1500015258789,90.9000015258789,91.4000015258789,75302
2023-10-10,AERONEU,93.1500015258789,95.0500030517578,88.3499984741211,89.5,101863
2023-10-11,AERONEU,89.5,91.0,88.4000015258789,88.75,104804
2023-10-12,AERONEU,89.6500015258789,89.9000015258789,87.0,87.5,204904
2023-10-13,AERONEU,87.5,93.1999969482422,87.05000305175781,91.25,404743
2023-10-16,AERONEU,92.1999969482422,95.5,88.5,94.1500015258789,233601
2023-10-17,AERONEU,94.6999969482422,97.4000015258789,92.3000030517578,94.75,280667
2023-10-18,AERONEU,97.0,102.9499969482422,94.5500030517578,95.0999984741211,386500
2023-10-19,AERONEU,96.0500030517578,98.9000015258789,93.6500015258789,95.4499969482422,158323
2023-10-20,AERONEU,95.4499969482422,96.0999984741211,91.3000030517578,92.5500030517578,85259
2023-10-23,AERONEU,91.9499969482422,92.0,87.9000015258789,88.4000015258789,50403
2023-10-25,AERONEU,90.1500015258789,90.5,88.1500015258789,89.69999694824219,80859
2023-10-26,AERONEU,91.0500030517578,91.0500030517578,84.30000305175781,86.05000305175781,90350
2023-10-27,AERONEU,86.69999694824219,90.6999969482422,86.69999694824219,89.19999694824219,85630
2023-10-30,AERONEU,90.9499969482422,93.5,88.94999694824219,92.8000030517578,150534
2023-10-31,AERONEU,92.0,97.6999969482422,91.0500030517578,95.25,400177
2023-10-03,AETHER,967.9000244140624,974.7000122070312,958.3499755859376,969.1500244140624,16480
2023-10-04,AETHER,970.0,974.7000122070312,956.2000122070312,959.2000122070312,28620
2023-10-05,AETHER,960.0,968.7999877929688,959.0499877929688,964.7000122070312,103422
2023-10-06,AETHER,970.0,970.0,960.0,961.9000244140624,16863
2023-10-09,AETHER,942.0,982.0,942.0,947.25,29572
2023-10-10,AETHER,950.0,958.9500122070312,942.0,944.2000122070312,23332
2023-10-11,AETHER,944.2000122070312,955.9500122070312,938.0499877929688,942.7000122070312,21635
2023-10-12,AETHER,949.25,955.0999755859376,943.2000122070312,950.7000122070312,40081
2023-10-13,AETHER,950.7000122070312,962.0,936.0,945.5,68472
2023-10-16,AETHER,942.0,947.3499755859376,926.2999877929688,929.6500244140624,97812
2023-10-17,AETHER,929.6500244140624,936.0,916.7000122070312,919.4500122070312,113359
2023-10-18,AETHER,919.4500122070312,919.75,900.0,904.8499755859376,56731
2023-10-19,AETHER,905.9500122070312,907.8499755859376,888.0,893.5,55542
2023-10-20,AETHER,895.7000122070312,902.7999877929688,875.5999755859375,884.6500244140625,72039
2023-10-23,AETHER,882.0499877929688,899.9500122070312,881.5,891.5,37210
2023-10-25,AETHER,907.0,908.0,862.0,879.4000244140625,89035
2023-10-26,AETHER,880.0,882.0499877929688,855.0999755859375,860.1500244140625,96767
2023-10-27,AETHER,874.9000244140625,888.5,860.1500244140625,868.5999755859375,107352
2023-10-30,AETHER,877.5999755859375,878.3499755859375,857.6500244140625,861.0,38510
2023-10-31,AETHER,865.9000244140625,934.7000122070312,860.25,880.2999877929688,80005
2023-10-03,AFFLE,1114.0,1126.949951171875,1100.0,1115.0,201060
2023-10-04,AFFLE,1112.0,1112.0,1094.25,1100.0999755859375,98424
2023-10-05,AFFLE,1100.0,1115.0,1088.0999755859375,1090.9000244140625,87068
2023-10-06,AFFLE,1070.0,1099.0,1070.0,1092.949951171875,212894
2023-10-09,AFFLE,1073.0,1082.8499755859375,1063.199951171875,1067.0,120096
2023-10-10,AFFLE,1069.0999755859375,1077.3499755859375,1053.1500244140625,1057.25,171194
2023-10-11,AFFLE,1065.0,1081.75,1065.0,1075.800048828125,183760
2023-10-12,AFFLE,1084.949951171875,1094.0,1075.25,1080.5999755859375,137614
2023-10-13,AFFLE,1070.300048828125,1085.949951171875,1070.0,1077.300048828125,91964
2023-10-16,AFFLE,1071.0,1076.9000244140625,1058.0,1060.8499755859375,109831
2023-10-17,AFFLE,1064.25,1077.300048828125,1058.0,1072.300048828125,157828
2023-10-18,AFFLE,1071.050048828125,1077.0,1060.050048828125,1064.550048828125,162012
2023-10-19,AFFLE,1060.0,1073.0,1056.949951171875,1071.199951171875,90937
2023-10-20,AFFLE,1070.0,1085.0,1066.5999755859375,1072.199951171875,174537
2023-10-23,AFFLE,1080.0,1086.800048828125,1030.0,1036.0,139580
2023-10-25,AFFLE,1045.0,1045.0,1007.0499877929688,1025.0,267884
2023-10-26,AFFLE,1022.0,1025.0,988.1500244140624,1016.25,196381
2023-10-27,AFFLE,1023.0,1054.9000244140625,1020.0,1043.300048828125,80936
2023-10-30,AFFLE,1043.300048828125,1069.199951171875,1031.050048828125,1062.800048828125,112476
2023-10-31,AFFLE,1062.800048828125,1066.5999755859375,1048.0,1051.3499755859375,64335
2023-10-03,AFSL,345.0,348.5,342.3500061035156,344.5,1225643
2023-10-04,AFSL,345.6499938964844,349.5,340.75,342.79998779296875,1063041
2023-10-05,AFSL,344.5,348.0,343.8500061035156,345.1000061035156,644747
2023-10-06,AFSL,348.0,351.6499938964844,346.04998779296875,350.1499938964844,1198945
2023-10-09,AFSL,351.5,353.95001220703125,345.3999938964844,346.6499938964844,668844
2023-10-10,AFSL,348.79998779296875,349.3500061035156,344.25,346.95001220703125,716995
2023-10-11,AFSL,348.75,349.3500061035156,338.0,340.95001220703125,796826
2023-10-12,AFSL,343.0,349.3999938964844,338.0,347.3999938964844,1150982
2023-10-13,AFSL,348.0,348.3999938964844,340.95001220703125,342.20001220703125,452307
2023-10-16,AFSL,343.8999938964844,344.3999938964844,341.0,342.04998779296875,297080
2023-10-17,AFSL,344.79998779296875,347.70001220703125,342.0,345.79998779296875,359457
2023-10-18,AFSL,348.25,350.75,344.5,345.3999938964844,646604
2023-10-19,AFSL,345.8999938964844,347.75,341.0,343.6499938964844,199461
2023-10-20,AFSL,343.8999938964844,348.8500061035156,336.0,338.29998779296875,571093
2023-10-23,AFSL,341.3999938964844,341.6000061035156,316.5,320.70001220703125,574407
2023-10-25,AFSL,323.8999938964844,324.04998779296875,301.70001220703125,305.3999938964844,401719
2023-10-26,AFSL,304.79998779296875,304.79998779296875,291.0,295.1499938964844,207052
2023-10-27,AFSL,299.5,302.1000061035156,296.3500061035156,298.3999938964844,112783
2023-10-30,AFSL,302.0,304.6000061035156,294.5,299.8999938964844,548766
2023-10-31,AFSL,303.8999938964844,310.79998779296875,299.0,305.20001220703125,343749
2023-10-03,AGARIND,897.2000122070312,903.7000122070312,883.8499755859375,886.5,38387
2023-10-04,AGARIND,886.0,890.2999877929688,860.0,873.75,40649
2023-10-05,AGARIND,879.9000244140625,894.9500122070312,874.4500122070312,883.6500244140625,32070
2023-10-06,AGARIND,889.7000122070312,940.0,883.3499755859375,922.2000122070312,114377
2023-10-09,AGARIND,920.9500122070312,930.0,881.75,911.0999755859376,62395
2023-10-10,AGARIND,920.7000122070312,926.75,905.7000122070312,916.25,54542
2023-10-11,AGARIND,922.0999755859376,943.9500122070312,915.0,919.5499877929688,54240
2023-10-12,AGARIND,924.9000244140624,936.8499755859376,916.25,929.0499877929688,59443
2023-10-13,AGARIND,933.0,955.0,930.0499877929688,942.2999877929688,71004
2023-10-16,AGARIND,954.5,954.7999877929688,920.0999755859376,928.0999755859376,73923
2023-10-17,AGARIND,941.0,951.0999755859376,926.0999755859376,931.6500244140624,67279
2023-10-18,AGARIND,930.0,937.25,910.0,914.2999877929688,71499
2023-10-19,AGARIND,914.0,918.0,902.25,908.0999755859376,65931
2023-10-20,AGARIND,908.0,915.9500122070312,890.0,894.5999755859375,45996
2023-10-23,AGARIND,894.9500122070312,904.5499877929688,851.2000122070312,855.7000122070312,75637
2023-10-25,AGARIND,855.7000122070312,872.25,805.0499877929688,842.6500244140625,85776
2023-10-26,AGARIND,833.0,888.0,818.0999755859375,879.5499877929688,52790
2023-10-27,AGARIND,883.7999877929688,897.2999877929688,873.9000244140625,882.0,31346
2023-10-30,AGARIND,887.0,892.0499877929688,861.0,865.5999755859375,43595
2023-10-31,AGARIND,869.4500122070312,879.9500122070312,859.0,861.6500244140625,28243
2023-10-03,AGI,907.75,924.0,890.9000244140625,911.7000122070312,172129
2023-10-04,AGI,902.6500244140624,922.0,883.1500244140625,913.0999755859376,251931
2023-10-05,AGI,913.25,976.6500244140624,913.25,928.7000122070312,745655
2023-10-06,AGI,934.7000122070312,963.0,933.8499755859376,945.8499755859376,262933
2023-10-09,AGI,919.9500122070312,933.4500122070312,895.1500244140625,903.25,187714
2023-10-10,AGI,914.9500122070312,929.8499755859376,909.7000122070312,921.5999755859376,135755
2023-10-11,AGI,934.7999877929688,935.0,904.25,907.8499755859376,203828
2023-10-12,AGI,910.0,933.3499755859376,906.2999877929688,926.9500122070312,171313
2023-10-13,AGI,965.0,1089.0,956.0,1067.0,2891103
2023-10-16,AGI,1075.0,1080.949951171875,1014.7999877929688,1023.4500122070312,495638
2023-10-17,AGI,1030.25,1038.800048828125,978.0,990.75,448278
2023-10-18,AGI,997.5,997.5,960.0,972.0999755859376,296117
2023-10-19,AGI,970.0,992.5999755859376,941.25,951.0,348199
2023-10-20,AGI,954.4500122070312,982.0,950.0499877929688,970.1500244140624,271762
2023-10-23,AGI,974.7999877929688,975.0,900.0,902.8499755859376,382003
2023-10-25,AGI,921.2000122070312,929.9000244140624,875.7999877929688,912.1500244140624,379100
2023-10-26,AGI,912.5,924.9000244140624,884.0,906.4000244140624,393589
2023-10-27,AGI,916.0,948.4000244140624,890.0499877929688,898.0999755859375,672564
2023-10-30,AGI,899.0,914.4500122070312,890.2999877929688,902.0,134111
2023-10-31,AGI,910.2000122070312,917.0,880.0999755859375,884.7999877929688,134068
2023-10-03,AGRITECH,180.0,188.0,180.0,186.6000061035156,6000
2023-10-04,AGRITECH,185.0,186.8000030517578,181.0,181.0,13259
2023-10-05,AGRITECH,180.0,188.0,177.5,180.10000610351562,14081
2023-10-06,AGRITECH,180.10000610351562,189.1000061035156,180.10000610351562,187.9499969482422,6239
2023-10-09,AGRITECH,197.0,197.0,184.25,187.8999938964844,2891
2023-10-10,AGRITECH,187.8999938964844,190.0,180.0,183.1000061035156,3332
2023-10-11,AGRITECH,183.5,188.5,180.0500030517578,186.1999969482422,3790
2023-10-12,AGRITECH,186.1999969482422,186.1999969482422,180.0500030517578,182.3500061035156,3421
2023-10-13,AGRITECH,182.25,187.8999938964844,179.10000610351562,182.8000030517578,2589
2023-10-16,AGRITECH,182.8000030517578,191.8999938964844,180.0,189.1000061035156,7059
2023-10-17,AGRITECH,192.0,197.9499969482422,185.5,190.3500061035156,3221
2023-10-18,AGRITECH,197.3999938964844,197.3999938964844,187.0,188.1499938964844,2078
2023-10-19,AGRITECH,188.1999969482422,191.8999938964844,179.39999389648438,190.25,7288
2023-10-20,AGRITECH,185.5,192.0,185.5,190.25,2388
2023-10-23,AGRITECH,190.0,193.0,182.0,183.5,6116
2023-10-25,AGRITECH,187.0,191.9499969482422,175.0,176.0500030517578,3081
2023-10-26,AGRITECH,182.0,183.0,168.0500030517578,175.35000610351562,3455
2023-10-27,AGRITECH,177.85000610351562,177.85000610351562,171.1999969482422,173.9499969482422,557
2023-10-30,AGRITECH,168.10000610351562,173.9499969482422,168.10000610351562,172.85000610351562,4988
2023-10-31,AGRITECH,176.85000610351562,180.75,172.85000610351562,173.60000610351562,2304
2023-10-03,AGROPHOS,37.900001525878906,39.5,36.75,39.150001525878906,223587
2023-10-04,AGROPHOS,40.0,40.20000076293945,38.20000076293945,38.79999923706055,62107
2023-10-05,AGROPHOS,39.0,39.150001525878906,38.04999923706055,38.29999923706055,36541
2023-10-06,AGROPHOS,38.59999847412109,38.79999923706055,38.400001525878906,38.59999847412109,27377
2023-10-09,AGROPHOS,38.900001525878906,38.900001525878906,36.84999847412109,37.150001525878906,42639
2023-10-10,AGROPHOS,36.54999923706055,37.95000076293945,36.0,36.84999847412109,32949
2023-10-11,AGROPHOS,36.75,37.5,36.400001525878906,36.84999847412109,44084
2023-10-12,AGROPHOS,36.900001525878906,39.0,36.900001525878906,38.20000076293945,72575
2023-10-13,AGROPHOS,38.95000076293945,38.95000076293945,37.34999847412109,37.95000076293945,36667
2023-10-16,AGROPHOS,37.25,40.5,37.25,39.79999923706055,187892
2023-10-17,AGROPHOS,40.0,40.5,39.150001525878906,39.84999847412109,52538
2023-10-18,AGROPHOS,40.650001525878906,40.650001525878906,39.0,39.45000076293945,59178
2023-10-19,AGROPHOS,38.59999847412109,39.45000076293945,38.59999847412109,39.150001525878906,21404
2023-10-20,AGROPHOS,38.900001525878906,39.5,37.0,38.0,41747
2023-10-23,AGROPHOS,37.29999923706055,38.5,35.04999923706055,35.45000076293945,62708
2023-10-25,AGROPHOS,35.79999923706055,36.59999847412109,34.54999923706055,34.900001525878906,35207
2023-10-26,AGROPHOS,34.900001525878906,35.150001525878906,33.5,34.0,57874
2023-10-27,AGROPHOS,34.099998474121094,36.09999847412109,34.099998474121094,35.04999923706055,44989
2023-10-30,AGROPHOS,34.599998474121094,36.0,34.349998474121094,34.599998474121094,35326
2023-10-31,AGROPHOS,35.0,35.95000076293945,33.5,34.0,70672
2023-10-03,AGSTRA,60.70000076293945,63.75,59.0,63.34999847412109,749708
2023-10-04,AGSTRA,63.400001525878906,63.650001525878906,61.54999923706055,62.29999923706055,260328
2023-10-05,AGSTRA,62.70000076293945,62.70000076293945,61.650001525878906,61.900001525878906,96171
2023-10-06,AGSTRA,62.45000076293945,62.59999847412109,61.09999847412109,61.84999847412109,225214
2023-10-09,AGSTRA,61.0,61.09999847412109,60.20000076293945,60.400001525878906,164119
2023-10-10,AGSTRA,60.29999923706055,61.20000076293945,60.25,60.59999847412109,118221
2023-10-11,AGSTRA,60.900001525878906,62.650001525878906,60.75,62.25,217459
2023-10-12,AGSTRA,62.29999923706055,62.79999923706055,61.650001525878906,61.900001525878906,93369
2023-10-13,AGSTRA,61.75,63.04999923706055,61.5,62.34999847412109,243297
2023-10-16,AGSTRA,62.45000076293945,63.09999847412109,62.0,62.54999923706055,161612
2023-10-17,AGSTRA,62.95000076293945,69.69999694824219,62.20000076293945,66.94999694824219,3467791
2023-10-18,AGSTRA,67.5999984741211,69.5,65.8499984741211,66.80000305175781,929238
2023-10-19,AGSTRA,66.80000305175781,66.8499984741211,65.4000015258789,66.4000015258789,274630
2023-10-20,AGSTRA,66.05000305175781,66.94999694824219,63.400001525878906,64.0,294807
2023-10-23,AGSTRA,64.0,65.5,61.04999923706055,61.34999847412109,336199
2023-10-25,AGSTRA,61.45000076293945,62.29999923706055,59.20000076293945,59.650001525878906,249426
2023-10-26,AGSTRA,60.20000076293945,60.29999923706055,57.900001525878906,59.650001525878906,228095
2023-10-27,AGSTRA,60.150001525878906,61.95000076293945,60.09999847412109,60.95000076293945,180406
2023-10-30,AGSTRA,61.5,61.54999923706055,60.09999847412109,61.09999847412109,312374
2023-10-31,AGSTRA,61.04999923706055,61.95000076293945,60.5,60.70000076293945,107156
2023-10-03,AHLADA,100.0,102.9000015258789,99.9499969482422,101.5999984741211,18910
2023-10-04,AHLADA,102.8000030517578,121.9000015258789,101.8499984741211,120.25,689206
2023-10-05,AHLADA,116.8000030517578,119.8000030517578,108.25,111.0,195722
2023-10-06,AHLADA,112.4000015258789,131.75,111.8000030517578,123.1500015258789,509550
2023-10-09,AHLADA,123.0,137.8000030517578,119.0,127.0500030517578,603981
2023-10-10,AHLADA,131.39999389648438,137.39999389648438,127.0500030517578,127.8000030517578,254028
2023-10-11,AHLADA,128.39999389648438,133.5,123.0,124.0500030517578,80101
2023-10-12,AHLADA,126.8000030517578,126.8000030517578,118.0999984741211,119.5999984741211,98995
2023-10-13,AHLADA,121.9499969482422,123.5500030517578,116.0,117.5500030517578,83412
2023-10-16,AHLADA,116.9499969482422,117.9000015258789,112.0,113.1999969482422,54431
2023-10-17,AHLADA,115.9000015258789,115.9000015258789,112.5,112.9499969482422,39253
2023-10-18,AHLADA,113.1500015258789,123.4000015258789,112.0500030517578,116.4499969482422,124011
2023-10-19,AHLADA,116.8000030517578,118.75,114.5500030517578,115.6999969482422,45553
2023-10-20,AHLADA,115.0500030517578,117.9499969482422,113.3499984741211,114.6500015258789,16249
2023-10-23,AHLADA,113.0999984741211,116.4000015258789,108.0,110.0500030517578,54775
2023-10-25,AHLADA,112.3000030517578,114.0500030517578,108.6999969482422,109.6500015258789,36635
2023-10-26,AHLADA,110.0,110.0,105.8000030517578,108.1999969482422,37085
2023-10-27,AHLADA,108.0999984741211,116.1999969482422,108.0500030517578,111.5,36969
2023-10-30,AHLADA,111.0,123.0,111.0,118.5,124222
2023-10-31,AHLADA,120.5,120.5,112.25,113.1999969482422,110516
2023-10-03,AHLEAST,132.1999969482422,134.5,132.1999969482422,133.64999389648438,4062
2023-10-04,AHLEAST,133.64999389648438,137.89999389648438,133.5,134.1999969482422,9050
2023-10-05,AHLEAST,137.8000030517578,139.39999389648438,134.5,137.3000030517578,8028
2023-10-06,AHLEAST,137.4499969482422,142.89999389648438,137.4499969482422,140.9499969482422,5879
2023-10-09,AHLEAST,140.9499969482422,141.9499969482422,135.0,137.5,6670
2023-10-10,AHLEAST,137.5,145.89999389648438,137.5,141.0,6657
2023-10-11,AHLEAST,137.1999969482422,159.0,137.1999969482422,149.4499969482422,160000
2023-10-12,AHLEAST,152.39999389648438,152.5,146.39999389648438,149.0,12200
2023-10-13,AHLEAST,148.8000030517578,152.39999389648438,144.0,145.5500030517578,15917
2023-10-16,AHLEAST,148.3000030517578,148.4499969482422,141.0500030517578,143.0500030517578,10087
2023-10-17,AHLEAST,146.0,147.4499969482422,140.10000610351562,141.64999389648438,11969
2023-10-18,AHLEAST,144.10000610351562,144.25,136.0,137.75,17668
2023-10-19,AHLEAST,135.35000610351562,139.85000610351562,135.35000610351562,139.14999389648438,5504
2023-10-20,AHLEAST,138.0,142.5500030517578,137.1999969482422,139.8000030517578,4021
2023-10-23,AHLEAST,138.5500030517578,139.0500030517578,133.0,133.8000030517578,2513
2023-10-25,AHLEAST,134.1999969482422,136.9499969482422,128.10000610351562,129.0,6719
2023-10-26,AHLEAST,132.14999389648438,132.14999389648438,123.6999969482422,128.75,10362
2023-10-27,AHLEAST,127.75,132.75,127.75,132.14999389648438,2951
2023-10-30,AHLEAST,130.0,134.89999389648438,130.0,134.0500030517578,2480
2023-10-31,AHLEAST,135.0,135.0,131.5,131.85000610351562,3074
2023-10-03,AHLUCONT,706.0,706.0,689.0,691.2999877929688,73127
2023-10-04,AHLUCONT,691.2999877929688,699.0,684.0499877929688,692.9500122070312,86470
2023-10-05,AHLUCONT,703.3499755859375,725.9500122070312,700.0999755859375,709.0,42744
2023-10-06,AHLUCONT,713.7000122070312,740.4000244140625,710.2000122070312,730.0999755859375,116857
2023-10-09,AHLUCONT,727.7999877929688,727.7999877929688,692.0,702.2000122070312,46307
2023-10-10,AHLUCONT,702.2000122070312,710.7000122070312,696.75,700.75,38094
2023-10-11,AHLUCONT,707.75,709.0,692.0,693.6500244140625,39278
2023-10-12,AHLUCONT,694.0,711.4500122070312,694.0,696.25,21811
2023-10-13,AHLUCONT,694.0,702.2999877929688,693.2999877929688,696.7999877929688,17435
2023-10-16,AHLUCONT,696.7999877929688,727.0,696.7999877929688,715.0499877929688,228412
2023-10-17,AHLUCONT,720.0,766.9000244140625,720.0,743.0499877929688,220364
2023-10-18,AHLUCONT,764.4000244140625,764.4000244140625,720.0,723.9000244140625,95217
2023-10-19,AHLUCONT,723.8499755859375,726.0,711.0499877929688,722.3499755859375,64478
2023-10-20,AHLUCONT,722.0,743.4500122070312,710.0,725.2999877929688,58932
2023-10-23,AHLUCONT,720.9000244140625,723.5499877929688,681.9500122070312,693.2999877929688,56615
2023-10-25,AHLUCONT,701.9000244140625,712.0999755859375,665.0,672.5999755859375,94000
2023-10-26,AHLUCONT,670.2999877929688,675.5499877929688,650.0,657.4000244140625,135556
2023-10-27,AHLUCONT,667.0,703.9500122070312,657.0,693.4000244140625,88831
2023-10-30,AHLUCONT,688.4500122070312,696.0,672.4000244140625,676.2999877929688,37526
2023-10-31,AHLUCONT,683.0,687.9000244140625,671.5499877929688,679.5499877929688,36995
2023-10-03,AHLWEST,144.14999389648438,144.14999389648438,144.14999389648438,144.14999389648438,0
2023-10-04,AHLWEST,144.14999389648438,144.14999389648438,144.14999389648438,144.14999389648438,0
2023-10-05,AHLWEST,144.14999389648438,144.14999389648438,144.14999389648438,144.14999389648438,0
2023-10-06,AHLWEST,144.14999389648438,144.14999389648438,144.14999389648438,144.14999389648438,0
2023-10-09,AHLWEST,144.14999389648438,144.14999389648438,144.14999389648438,144.14999389648438,0
2023-10-10,AHLWEST,144.14999389648438,144.14999389648438,144.14999389648438,144.14999389648438,0
2023-10-11,AHLWEST,144.14999389648438,144.14999389648438,144.14999389648438,144.14999389648438,0
2023-10-12,AHLWEST,144.14999389648438,144.14999389648438,144.14999389648438,144.14999389648438,0
2023-10-13,AHLWEST,144.14999389648438,144.14999389648438,144.14999389648438,144.14999389648438,0
2023-10-16,AHLWEST,144.14999389648438,144.14999389648438,144.14999389648438,144.14999389648438,0
2023-10-17,AHLWEST,144.14999389648438,144.14999389648438,144.14999389648438,144.14999389648438,0
2023-10-18,AHLWEST,144.14999389648438,144.14999389648438,144.14999389648438,144.14999389648438,0
2023-10-19,AHLWEST,144.14999389648438,144.14999389648438,144.14999389648438,144.14999389648438,0
2023-10-20,AHLWEST,144.14999389648438,144.14999389648438,144.14999389648438,144.14999389648438,0
2023-10-23,AHLWEST,144.14999389648438,144.14999389648438,144.14999389648438,144.14999389648438,0
2023-10-25,AHLWEST,144.14999389648438,144.14999389648438,144.14999389648438,144.14999389648438,0
2023-10-26,AHLWEST,144.14999389648438,144.14999389648438,144.14999389648438,144.14999389648438,0
2023-10-27,AHLWEST,144.14999389648438,144.14999389648438,144.14999389648438,144.14999389648438,0
2023-10-30,AHLWEST,144.14999389648438,144.14999389648438,144.14999389648438,144.14999389648438,0
2023-10-31,AHLWEST,144.14999389648438,144.14999389648438,144.14999389648438,144.14999389648438,0
2023-10-03,AIAENG,3502.300048828125,3598.0,3502.300048828125,3533.39990234375,78017
2023-10-04,AIAENG,3530.0,3557.89990234375,3491.64990234375,3504.699951171875,51256
2023-10-05,AIAENG,3509.949951171875,3560.0,3446.199951171875,3456.550048828125,68416
2023-10-06,AIAENG,3457.0,3457.0,3406.0,3440.14990234375,48245
2023-10-09,AIAENG,3422.300048828125,3429.0,3399.0,3410.5,43379
2023-10-10,AIAENG,3419.64990234375,3470.0,3399.050048828125,3463.050048828125,39790
2023-10-11,AIAENG,3450.0,3498.0,3407.10009765625,3430.60009765625,115447
2023-10-12,AIAENG,3439.800048828125,3450.300048828125,3355.64990234375,3367.449951171875,110403
2023-10-13,AIAENG,3372.60009765625,3400.0,3365.0,3380.75,36271
2023-10-16,AIAENG,3380.75,3475.0,3380.14990234375,3468.10009765625,48257
2023-10-17,AIAENG,3473.0,3527.14990234375,3452.300048828125,3501.85009765625,33906
2023-10-18,AIAENG,3505.050048828125,3585.0,3480.0,3513.449951171875,57048
2023-10-19,AIAENG,3500.0,3581.699951171875,3500.0,3537.449951171875,43599
2023-10-20,AIAENG,3525.0,3594.89990234375,3429.89990234375,3467.300048828125,103444
2023-10-23,AIAENG,3467.300048828125,3531.949951171875,3380.0,3407.699951171875,29939
2023-10-25,AIAENG,3400.0,3478.0,3340.050048828125,3427.60009765625,40029
2023-10-26,AIAENG,3401.0,3455.0,3348.35009765625,3428.550048828125,37737
2023-10-27,AIAENG,3415.0,3552.85009765625,3415.0,3535.0,33863
2023-10-30,AIAENG,3553.0,3569.85009765625,3455.0,3491.300048828125,22132
2023-10-31,AIAENG,3492.050048828125,3560.0,3461.0,3515.550048828125,28979
2023-10-03,AIRAN,24.64999961853028,25.0,23.450000762939453,24.89999961853028,319096
2023-10-04,AIRAN,25.200000762939453,25.75,24.0,25.100000381469727,283728
2023-10-05,AIRAN,25.350000381469727,25.5,24.299999237060547,24.549999237060547,161138
2023-10-06,AIRAN,24.549999237060547,25.100000381469727,24.14999961853028,24.450000762939453,157680
2023-10-09,AIRAN,24.299999237060547,24.39999961853028,23.25,23.350000381469727,304153
2023-10-10,AIRAN,23.0,24.5,23.0,24.5,203272
2023-10-11,AIRAN,25.700000762939453,25.700000762939453,24.600000381469727,24.799999237060547,161626
2023-10-12,AIRAN,25.25,25.39999961853028,23.89999961853028,24.600000381469727,87922
2023-10-13,AIRAN,24.75,25.14999961853028,24.0,24.25,144225
2023-10-16,AIRAN,24.5,24.75,24.0,24.14999961853028,114521
2023-10-17,AIRAN,24.14999961853028,24.700000762939453,23.89999961853028,24.25,87587
2023-10-18,AIRAN,24.25,24.5,23.64999961853028,23.89999961853028,99150
2023-10-19,AIRAN,24.350000381469727,24.89999961853028,23.549999237060547,24.350000381469727,108136
2023-10-20,AIRAN,24.700000762939453,24.799999237060547,23.64999961853028,23.799999237060547,138539
2023-10-23,AIRAN,23.799999237060547,24.350000381469727,22.64999961853028,22.64999961853028,155993
2023-10-25,AIRAN,22.700000762939453,23.0,21.549999237060547,21.600000381469727,160492
2023-10-26,AIRAN,21.549999237060547,22.5,20.549999237060547,22.25,157818
2023-10-27,AIRAN,23.25,23.299999237060547,21.64999961853028,22.350000381469727,118701
2023-10-30,AIRAN,22.450000762939453,23.100000381469727,22.100000381469727,22.39999961853028,68945
2023-10-31,AIRAN,22.600000381469727,22.89999961853028,22.0,22.39999961853028,45202
2023-10-03,AIROLAM,114.9499969482422,114.9499969482422,108.6999969482422,113.5500030517578,20313
2023-10-04,AIROLAM,110.0999984741211,116.0,109.0500030517578,112.4499969482422,9249
2023-10-05,AIROLAM,112.4499969482422,118.0,111.0,114.25,6679
2023-10-06,AIROLAM,112.0500030517578,116.9000015258789,111.1500015258789,115.4000015258789,8379
2023-10-09,AIROLAM,115.0,115.0,109.6999969482422,112.8000030517578,9156
2023-10-10,AIROLAM,112.9499969482422,114.8000030517578,107.25,108.9000015258789,8431
2023-10-11,AIROLAM,109.9000015258789,111.75,107.0,110.0,3100
2023-10-12,AIROLAM,110.1999969482422,112.3499984741211,107.25,109.0,5115
2023-10-13,AIROLAM,111.8000030517578,112.9499969482422,109.0,111.3499984741211,8545
2023-10-16,AIROLAM,114.25,114.25,107.5,109.0,10168
2023-10-17,AIROLAM,108.8000030517578,112.4499969482422,105.5500030517578,108.1500015258789,9403
2023-10-18,AIROLAM,107.5500030517578,108.4000015258789,105.5,107.1500015258789,6525
2023-10-19,AIROLAM,106.25,110.8499984741211,103.0,108.6500015258789,3567
2023-10-20,AIROLAM,108.9000015258789,108.9000015258789,105.1999969482422,107.1500015258789,3465
2023-10-23,AIROLAM,107.8499984741211,110.4499969482422,103.1500015258789,107.0,23988
2023-10-25,AIROLAM,107.4000015258789,109.0,104.0999984741211,105.1999969482422,7653
2023-10-26,AIROLAM,107.9499969482422,109.5,100.5500030517578,109.4499969482422,17848
2023-10-27,AIROLAM,107.8000030517578,114.9000015258789,105.0,111.75,46142
2023-10-30,AIROLAM,112.1500015258789,114.9499969482422,106.1999969482422,114.8000030517578,41739
2023-10-31,AIROLAM,113.25,116.6500015258789,111.5999984741211,115.3499984741211,8164
2023-10-03,AJANTPHARM,1800.0,1815.0,1771.0,1791.800048828125,125148
2023-10-04,AJANTPHARM,1794.050048828125,1794.050048828125,1747.0,1774.75,208036
2023-10-05,AJANTPHARM,1784.0999755859375,1797.5999755859375,1751.0,1758.550048828125,200270
2023-10-06,AJANTPHARM,1759.550048828125,1766.449951171875,1741.8499755859375,1747.449951171875,163758
2023-10-09,AJANTPHARM,1739.9000244140625,1765.9000244140625,1715.9000244140625,1740.5,201965
2023-10-10,AJANTPHARM,1765.0,1789.949951171875,1753.699951171875,1778.949951171875,124900
2023-10-11,AJANTPHARM,1785.3499755859375,1805.949951171875,1744.0,1749.1500244140625,110604
2023-10-12,AJANTPHARM,1758.4000244140625,1812.0,1751.050048828125,1779.9000244140625,167113
2023-10-13,AJANTPHARM,1780.0,1796.0,1768.9000244140625,1777.75,66143
2023-10-16,AJANTPHARM,1777.75,1790.0,1745.0,1759.9000244140625,63270
2023-10-17,AJANTPHARM,1760.5,1783.949951171875,1760.5,1774.949951171875,114475
2023-10-18,AJANTPHARM,1772.0,1799.0,1750.0,1792.9000244140625,204189
2023-10-19,AJANTPHARM,1794.0,1794.0,1760.699951171875,1771.949951171875,41278
2023-10-20,AJANTPHARM,1771.0,1786.0,1741.550048828125,1753.5,109201
2023-10-23,AJANTPHARM,1759.9000244140625,1759.9000244140625,1715.0,1725.75,146106
2023-10-25,AJANTPHARM,1734.4000244140625,1745.6500244140625,1692.0999755859375,1718.5,122518
2023-10-26,AJANTPHARM,1703.0,1725.0,1650.050048828125,1707.699951171875,425508
2023-10-27,AJANTPHARM,1707.699951171875,1783.0,1704.300048828125,1755.9000244140625,182120
2023-10-30,AJANTPHARM,1755.9000244140625,1761.550048828125,1730.9000244140625,1754.300048828125,73252
2023-10-31,AJANTPHARM,1761.8499755859375,1783.050048828125,1736.199951171875,1763.199951171875,364265
2023-10-03,AJMERA,76.0,76.58000183105469,73.20999908447266,76.20999908447266,529105
2023-10-04,AJMERA,76.13999938964844,76.13999938964844,73.62000274658203,74.41000366210938,198885
2023-10-05,AJMERA,75.05000305175781,75.52999877929688,74.12999725341797,74.69999694824219,220245
2023-10-06,AJMERA,75.0,79.48999786376953,74.30999755859375,78.12999725341797,820695
2023-10-09,AJMERA,77.5999984741211,77.5999984741211,74.16000366210938,74.5999984741211,374645
2023-10-10,AJMERA,75.2699966430664,88.0,74.5999984741211,84.58000183105469,15900395
2023-10-11,AJMERA,84.05999755859375,87.4000015258789,83.12999725341797,84.30999755859375,3776840
2023-10-12,AJMERA,84.79000091552734,84.83000183105469,82.86000061035156,84.05999755859375,725215
2023-10-13,AJMERA,82.95999908447266,85.55999755859375,82.31999969482422,82.62000274658203,660155
2023-10-16,AJMERA,82.9800033569336,83.5999984741211,81.5199966430664,81.91999816894531,365620
2023-10-17,AJMERA,82.66000366210938,87.0,81.58000183105469,86.31999969482422,4160930
2023-10-18,AJMERA,86.98999786376953,87.73999786376953,83.4800033569336,84.1500015258789,863165
2023-10-19,AJMERA,83.94000244140625,84.58999633789062,81.55999755859375,82.52999877929688,585465
2023-10-20,AJMERA,82.77999877929688,83.83000183105469,80.12000274658203,80.76000213623047,395540
2023-10-23,AJMERA,80.80000305175781,81.36000061035156,73.20999908447266,73.9000015258789,1104725
2023-10-25,AJMERA,74.58000183105469,76.80000305175781,71.66000366210938,73.52999877929688,431900
2023-10-26,AJMERA,72.43000030517578,76.5999984741211,71.0,75.70999908447266,497070
2023-10-27,AJMERA,75.70999908447266,78.19000244140625,75.70999908447266,77.3499984741211,426025
2023-10-30,AJMERA,76.80999755859375,77.3499984741211,75.27999877929688,75.97000122070312,230215
2023-10-31,AJMERA,76.37999725341797,77.37999725341797,75.55000305175781,75.95999908447266,174700
2023-10-03,AJOONI,4.011641025543213,4.099809169769287,3.967556953430176,4.011641025543213,1028732
2023-10-04,AJOONI,4.099809169769287,4.099809169769287,3.7912209033966064,3.923472881317138,1061706
2023-10-05,AJOONI,3.8793890476226807,3.967556953430176,3.8793890476226807,3.967556953430176,213852
2023-10-06,AJOONI,3.967556953430176,4.143892765045166,3.923472881317138,4.05572509765625,546318
2023-10-09,AJOONI,4.011641025543213,4.05572509765625,3.923472881317138,3.967556953430176,331420
2023-10-10,AJOONI,4.05572509765625,4.05572509765625,3.967556953430176,4.05572509765625,312302
2023-10-11,AJOONI,4.05572509765625,4.143892765045166,4.011641025543213,4.05572509765625,359113
2023-10-12,AJOONI,4.011641025543213,4.143892765045166,4.011641025543213,4.05572509765625,222414
2023-10-13,AJOONI,4.143892765045166,4.143892765045166,4.05572509765625,4.05572509765625,242676
2023-10-16,AJOONI,4.143892765045166,4.143892765045166,3.967556953430176,4.011641025543213,396215
2023-10-17,AJOONI,4.011641025543213,4.099809169769287,3.967556953430176,4.011641025543213,366661
2023-10-18,AJOONI,4.05572509765625,4.05572509765625,3.8793890476226807,3.967556953430176,299815
2023-10-19,AJOONI,3.967556953430176,4.011641025543213,3.923472881317138,4.011641025543213,207941
2023-10-20,AJOONI,3.967556953430176,4.05572509765625,3.923472881317138,3.967556953430176,295148
2023-10-23,AJOONI,3.967556953430176,4.011641025543213,3.7030529975891113,3.7912209033966064,494016
2023-10-25,AJOONI,3.8793890476226807,3.8793890476226807,3.614885091781616,3.7030529975891113,383401
2023-10-26,AJOONI,3.614885091781616,3.747137069702149,3.482633113861084,3.7030529975891113,445575
2023-10-27,AJOONI,3.7030529975891113,3.923472881317138,3.658968925476074,3.835304975509644,314662
2023-10-30,AJOONI,4.187976837158203,4.3202290534973145,3.923472881317138,4.276144981384277,2613836
2023-10-31,AJOONI,4.408395767211914,4.540647983551025,4.276144981384277,4.452479839324951,2230914
2023-10-03,AKASH,29.75,30.799999237060547,28.75,30.25,114406
2023-10-04,AKASH,30.450000762939453,31.0,29.5,30.549999237060547,47982
2023-10-05,AKASH,31.950000762939453,31.950000762939453,30.25,30.549999237060547,20101
2023-10-06,AKASH,30.950000762939453,30.950000762939453,29.200000762939453,29.850000381469727,15400
2023-10-09,AKASH,29.850000381469727,29.850000381469727,28.549999237060547,28.75,19955
2023-10-10,AKASH,29.049999237060547,30.799999237060547,28.75,30.549999237060547,95870
2023-10-11,AKASH,31.350000381469727,31.350000381469727,29.700000762939453,29.75,35646
2023-10-12,AKASH,30.350000381469727,30.350000381469727,29.049999237060547,29.350000381469727,19622
2023-10-13,AKASH,29.850000381469727,29.850000381469727,29.200000762939453,29.39999961853028,20063
2023-10-16,AKASH,30.5,30.5,28.700000762939453,28.850000381469727,22617
2023-10-17,AKASH,29.5,31.700000762939453,28.549999237060547,31.049999237060547,120614
2023-10-18,AKASH,33.0,33.900001525878906,32.349998474121094,32.650001525878906,221482
2023-10-19,AKASH,32.599998474121094,32.79999923706055,31.25,32.20000076293945,88258
2023-10-20,AKASH,32.75,32.79999923706055,31.450000762939453,31.75,71065
2023-10-23,AKASH,32.400001525878906,33.0,29.5,29.89999961853028,96776
2023-10-25,AKASH,30.200000762939453,30.200000762939453,27.299999237060547,28.299999237060547,51358
2023-10-26,AKASH,29.0,29.0,27.0,28.049999237060547,83146
2023-10-27,AKASH,28.799999237060547,30.5,27.700000762939453,29.5,46565
2023-10-30,AKASH,29.950000762939453,31.0,29.0,30.299999237060547,36362
2023-10-31,AKASH,31.75,31.75,28.89999961853028,29.200000762939453,40545
2023-10-03,AKG,25.950000762939453,25.950000762939453,23.700000762939453,23.700000762939453,95517
2023-10-04,AKG,23.950000762939453,24.450000762939453,22.700000762939453,23.049999237060547,80732
2023-10-05,AKG,23.5,23.850000381469727,23.0,23.200000762939453,35754
2023-10-06,AKG,23.89999961853028,23.89999961853028,23.100000381469727,23.450000762939453,48161
2023-10-09,AKG,22.89999961853028,24.299999237060547,22.89999961853028,23.850000381469727,79038
2023-10-10,AKG,24.0,24.14999961853028,23.299999237060547,23.850000381469727,62149
2023-10-11,AKG,24.39999961853028,24.450000762939453,23.100000381469727,23.850000381469727,363370
2023-10-12,AKG,24.25,25.89999961853028,23.549999237060547,25.75,232834
2023-10-13,AKG,25.450000762939453,26.600000381469727,25.0,25.75,140046
2023-10-16,AKG,26.799999237060547,27.299999237060547,25.14999961853028,25.799999237060547,268239
2023-10-17,AKG,27.0,27.0,25.549999237060547,26.25,676403
2023-10-18,AKG,25.700000762939453,26.64999961853028,25.0,25.049999237060547,343076
2023-10-19,AKG,25.299999237060547,25.850000381469727,24.350000381469727,24.700000762939453,281077
2023-10-20,AKG,24.950000762939453,25.39999961853028,24.600000381469727,25.049999237060547,61643
2023-10-23,AKG,24.549999237060547,25.700000762939453,24.100000381469727,24.5,142506
2023-10-25,AKG,24.200000762939453,25.0,23.5,24.0,349994
2023-10-26,AKG,23.549999237060547,24.950000762939453,23.39999961853028,24.450000762939453,53028
2023-10-27,AKG,25.0,25.0,23.850000381469727,24.100000381469727,76057
2023-10-30,AKG,23.850000381469727,24.549999237060547,23.600000381469727,24.100000381469727,62364
2023-10-31,AKG,24.64999961853028,24.799999237060547,24.0,24.350000381469727,54098
2023-10-03,AKI,10.600000381469728,11.100000381469728,10.600000381469728,11.100000381469728,19881
2023-10-04,AKI,11.649999618530272,11.649999618530272,11.649999618530272,11.649999618530272,3527
2023-10-05,AKI,12.199999809265137,12.199999809265137,12.199999809265137,12.199999809265137,13861
2023-10-06,AKI,12.800000190734863,12.800000190734863,12.800000190734863,12.800000190734863,4065
2023-10-09,AKI,13.399999618530272,13.399999618530272,12.199999809265137,13.399999618530272,112636
2023-10-10,AKI,13.899999618530272,14.050000190734863,13.399999618530272,14.050000190734863,178994
2023-10-11,AKI,14.75,14.75,14.050000190734863,14.75,87709
2023-10-12,AKI,15.0,15.0,15.0,15.0,56071
2023-10-13,AKI,15.300000190734863,15.300000190734863,15.300000190734863,15.300000190734863,37842
2023-10-16,AKI,15.600000381469728,15.600000381469728,15.600000381469728,15.600000381469728,81253
2023-10-17,AKI,15.899999618530272,15.899999618530272,15.899999618530272,15.899999618530272,26632
2023-10-18,AKI,16.200000762939453,16.200000762939453,16.200000762939453,16.200000762939453,32155
2023-10-19,AKI,16.5,16.5,16.5,16.5,121404
2023-10-20,AKI,16.799999237060547,16.799999237060547,16.799999237060547,16.799999237060547,95287
2023-10-23,AKI,17.100000381469727,17.100000381469727,17.100000381469727,17.100000381469727,118826
2023-10-25,AKI,17.399999618530273,17.399999618530273,17.399999618530273,17.399999618530273,28579
2023-10-26,AKI,17.700000762939453,17.700000762939453,17.700000762939453,17.700000762939453,300600
2023-10-27,AKI,18.049999237060547,18.049999237060547,18.049999237060547,18.049999237060547,13972
2023-10-30,AKI,18.39999961853028,18.39999961853028,18.39999961853028,18.39999961853028,10399
2023-10-31,AKI,18.75,18.75,18.75,18.75,4588
2023-10-03,AKSHAR,5.333333015441895,5.5,5.125,5.25,40006
2023-10-04,AKSHAR,5.291666030883789,5.333333015441895,5.083333015441895,5.125,21022
2023-10-05,AKSHAR,5.291666030883789,5.291666030883789,5.083333015441895,5.208333015441895,13622
2023-10-06,AKSHAR,5.416666030883789,5.416666030883789,5.083333015441895,5.291666030883789,23773
2023-10-09,AKSHAR,5.125,5.375,5.083333015441895,5.166666030883789,1152734
2023-10-10,AKSHAR,5.333333015441895,5.333333015441895,5.166666030883789,5.25,550822
2023-10-11,AKSHAR,5.208333015441895,5.5,5.208333015441895,5.5,772053
2023-10-12,AKSHAR,5.666666030883789,5.666666030883789,5.25,5.375,156397
2023-10-13,AKSHAR,5.25,5.625,5.208333015441895,5.416666030883789,101794
2023-10-16,AKSHAR,5.666666030883789,5.666666030883789,5.333333015441895,5.666666030883789,37539
2023-10-17,AKSHAR,5.916666030883789,5.916666030883789,5.833333015441895,5.875,510322
2023-10-18,AKSHAR,5.958333015441895,5.958333015441895,5.625,5.708333015441895,144819
2023-10-19,AKSHAR,5.875,5.958333015441895,5.875,5.958333015441895,100323
2023-10-20,AKSHAR,5.958333015441895,6.0,5.875,5.916666030883789,178785
2023-10-23,AKSHAR,6.208333015441895,6.208333015441895,5.75,5.916666030883789,77174
2023-10-25,AKSHAR,6.166666030883789,6.166666030883789,5.958333015441895,5.958333015441895,115578
2023-10-26,AKSHAR,6.041666030883789,6.041666030883789,5.916666030883789,5.916666030883789,69150
2023-10-27,AKSHAR,5.916666030883789,6.083333015441895,5.875,5.916666030883789,36138
2023-10-30,AKSHAR,5.916666030883789,6.166666030883789,5.916666030883789,5.958333015441895,62116
2023-10-31,AKSHAR,6.0,6.166666030883789,5.958333015441895,6.0,38834
2023-10-03,AKSHARCHEM,287.29998779296875,291.5,279.25,282.95001220703125,8328
2023-10-04,AKSHARCHEM,279.29998779296875,286.95001220703125,275.5,277.45001220703125,9336
2023-10-05,AKSHARCHEM,279.3500061035156,281.54998779296875,276.04998779296875,277.6000061035156,4709
2023-10-06,AKSHARCHEM,280.5,285.0,276.04998779296875,279.8500061035156,5908
2023-10-09,AKSHARCHEM,268.04998779296875,294.6499938964844,268.04998779296875,286.0,23447
2023-10-10,AKSHARCHEM,288.04998779296875,289.79998779296875,283.3500061035156,284.8999938964844,10316
2023-10-11,AKSHARCHEM,285.0,290.45001220703125,281.0,286.6000061035156,14927
2023-10-12,AKSHARCHEM,290.0,290.0,285.0,286.1499938964844,3779
2023-10-13,AKSHARCHEM,284.70001220703125,289.6499938964844,281.6499938964844,283.1499938964844,10508
2023-10-16,AKSHARCHEM,282.29998779296875,287.70001220703125,280.1000061035156,281.04998779296875,6447
2023-10-17,AKSHARCHEM,285.04998779296875,291.29998779296875,278.29998779296875,280.8500061035156,10618
2023-10-18,AKSHARCHEM,279.1000061035156,284.70001220703125,277.5,279.1499938964844,4008
2023-10-19,AKSHARCHEM,278.0,287.45001220703125,277.8500061035156,278.45001220703125,4794
2023-10-20,AKSHARCHEM,282.54998779296875,282.54998779296875,275.0,276.04998779296875,5384
2023-10-23,AKSHARCHEM,276.8999938964844,278.20001220703125,258.0,261.20001220703125,14089
2023-10-25,AKSHARCHEM,261.20001220703125,263.70001220703125,252.0,254.8500061035156,18614
2023-10-26,AKSHARCHEM,253.6999969482422,257.5,249.0,250.8000030517578,9005
2023-10-27,AKSHARCHEM,253.3500061035156,259.20001220703125,251.0,256.25,5294
2023-10-30,AKSHARCHEM,256.8999938964844,264.45001220703125,252.1999969482422,259.6000061035156,4719
2023-10-31,AKSHARCHEM,263.45001220703125,263.45001220703125,255.0,256.6000061035156,3653
2023-10-03,AKSHOPTFBR,11.75,11.899999618530272,11.600000381469728,11.649999618530272,291528
2023-10-04,AKSHOPTFBR,11.699999809265137,11.699999809265137,11.149999618530272,11.25,352847
2023-10-05,AKSHOPTFBR,11.25,11.449999809265137,11.0,11.100000381469728,395404
2023-10-06,AKSHOPTFBR,11.199999809265137,11.449999809265137,11.050000190734863,11.199999809265137,308324
2023-10-09,AKSHOPTFBR,11.199999809265137,11.199999809265137,10.800000190734863,11.0,208664
2023-10-10,AKSHOPTFBR,11.399999618530272,11.399999618530272,11.050000190734863,11.25,232465
2023-10-11,AKSHOPTFBR,11.25,11.449999809265137,11.25,11.399999618530272,159899
2023-10-12,AKSHOPTFBR,11.600000381469728,11.600000381469728,10.899999618530272,11.25,358874
2023-10-13,AKSHOPTFBR,11.25,11.449999809265137,11.100000381469728,11.300000190734863,309542
2023-10-16,AKSHOPTFBR,11.149999618530272,11.600000381469728,11.100000381469728,11.300000190734863,212326
2023-10-17,AKSHOPTFBR,11.5,11.5,11.050000190734863,11.399999618530272,310569
2023-10-18,AKSHOPTFBR,11.399999618530272,11.949999809265137,11.149999618530272,11.449999809265137,456878
2023-10-19,AKSHOPTFBR,11.449999809265137,11.75,11.199999809265137,11.600000381469728,292782
2023-10-20,AKSHOPTFBR,11.699999809265137,11.75,11.199999809265137,11.300000190734863,302350
2023-10-23,AKSHOPTFBR,11.300000190734863,11.350000381469728,10.75,10.75,454733
2023-10-25,AKSHOPTFBR,10.699999809265137,10.899999618530272,10.25,10.25,286695
2023-10-26,AKSHOPTFBR,10.100000381469728,10.199999809265137,9.75,10.100000381469728,245529
2023-10-27,AKSHOPTFBR,10.149999618530272,10.600000381469728,10.149999618530272,10.600000381469728,190247
2023-10-30,AKSHOPTFBR,10.600000381469728,10.800000190734863,10.100000381469728,10.199999809265137,247939
2023-10-31,AKSHOPTFBR,10.399999618530272,10.399999618530272,10.0,10.050000190734863,180751
2023-10-03,ALANKIT,11.100000381469728,11.149999618530272,10.850000381469728,10.899999618530272,402845
2023-10-04,ALANKIT,11.050000190734863,11.100000381469728,10.75,10.899999618530272,458940
2023-10-05,ALANKIT,11.149999618530272,11.399999618530272,11.149999618530272,11.399999618530272,1364697
2023-10-06,ALANKIT,11.850000381469728,11.899999618530272,11.399999618530272,11.550000190734863,1996873
2023-10-09,ALANKIT,11.600000381469728,11.600000381469728,10.800000190734863,10.850000381469728,1089260
2023-10-10,ALANKIT,11.300000190734863,11.350000381469728,10.899999618530272,10.949999809265137,800432
2023-10-11,ALANKIT,11.100000381469728,11.600000381469728,10.75,11.149999618530272,2222260
2023-10-12,ALANKIT,11.199999809265137,11.300000190734863,10.899999618530272,10.949999809265137,869789
2023-10-13,ALANKIT,11.0,11.100000381469728,10.699999809265137,10.75,852949
2023-10-16,ALANKIT,10.899999618530272,10.949999809265137,10.649999618530272,10.699999809265137,1209004
2023-10-17,ALANKIT,10.850000381469728,10.899999618530272,10.649999618530272,10.649999618530272,1121665
2023-10-18,ALANKIT,10.800000190734863,10.800000190734863,10.550000190734863,10.649999618530272,529921
2023-10-19,ALANKIT,10.800000190734863,10.800000190734863,10.600000381469728,10.649999618530272,269134
2023-10-20,ALANKIT,10.75,10.800000190734863,10.649999618530272,10.649999618530272,361513
2023-10-23,ALANKIT,10.800000190734863,10.800000190734863,9.649999618530272,9.949999809265137,767196
2023-10-25,ALANKIT,9.949999809265137,10.399999618530272,9.949999809265137,10.0,373293
2023-10-26,ALANKIT,10.050000190734863,10.149999618530272,9.699999809265137,9.949999809265137,432064
2023-10-27,ALANKIT,10.0,10.149999618530272,9.949999809265137,10.0,494262
2023-10-30,ALANKIT,10.100000381469728,10.149999618530272,9.699999809265137,9.800000190734863,913543
2023-10-31,ALANKIT,9.850000381469728,10.75,9.75,10.300000190734863,1243510
2023-10-03,ALBERTDAVD,775.0999755859375,796.7000122070312,769.5499877929688,779.2000122070312,6459
2023-10-04,ALBERTDAVD,787.0,825.6500244140625,780.75,801.7000122070312,57991
2023-10-05,ALBERTDAVD,803.0499877929688,849.75,803.0499877929688,835.0,70112
2023-10-06,ALBERTDAVD,842.0,856.9500122070312,835.0,839.4000244140625,28636
2023-10-09,ALBERTDAVD,820.0499877929688,833.0,808.0,822.9500122070312,16583
2023-10-10,ALBERTDAVD,826.0999755859375,858.0,825.0,850.9000244140625,22162
2023-10-11,ALBERTDAVD,855.0,874.7000122070312,850.0,861.0499877929688,30106
2023-10-12,ALBERTDAVD,865.25,868.3499755859375,845.0,846.8499755859375,7342
2023-10-13,ALBERTDAVD,847.2000122070312,855.9000244140625,833.5999755859375,838.5,15613
2023-10-16,ALBERTDAVD,838.5,858.2999877929688,838.5,850.5499877929688,5052
2023-10-17,ALBERTDAVD,854.7999877929688,866.4500122070312,839.5999755859375,844.75,9490
2023-10-18,ALBERTDAVD,853.2000122070312,853.2000122070312,826.1500244140625,835.0499877929688,13792
2023-10-19,ALBERTDAVD,837.0499877929688,880.0,812.3499755859375,862.5,28721
2023-10-20,ALBERTDAVD,875.4500122070312,877.9500122070312,841.0,850.8499755859375,15510
2023-10-23,ALBERTDAVD,852.9500122070312,859.0,829.4000244140625,837.4000244140625,34665
2023-10-25,ALBERTDAVD,843.0499877929688,851.5999755859375,821.4500122070312,828.9500122070312,10397
2023-10-26,ALBERTDAVD,817.0499877929688,828.4500122070312,791.0,799.4500122070312,36117
2023-10-27,ALBERTDAVD,799.9500122070312,833.5499877929688,799.9500122070312,817.8499755859375,6686
2023-10-30,ALBERTDAVD,820.0,849.6500244140625,813.7000122070312,830.6500244140625,6927
2023-10-31,ALBERTDAVD,840.0,840.9000244140625,821.9500122070312,829.6500244140625,3093
2023-10-03,ALEMBICLTD,78.8499984741211,79.9000015258789,77.3499984741211,77.8499984741211,288728
2023-10-04,ALEMBICLTD,77.9000015258789,79.19999694824219,76.3499984741211,77.05000305175781,222514
2023-10-05,ALEMBICLTD,78.4000015258789,78.4000015258789,76.80000305175781,76.94999694824219,168949
2023-10-06,ALEMBICLTD,77.30000305175781,77.75,76.80000305175781,77.0999984741211,179911
2023-10-09,ALEMBICLTD,75.3499984741211,76.3499984741211,74.1500015258789,74.9000015258789,320708
2023-10-10,ALEMBICLTD,75.30000305175781,78.9000015258789,75.30000305175781,77.44999694824219,882282
2023-10-11,ALEMBICLTD,77.44999694824219,79.80000305175781,76.5,78.9000015258789,1657903
2023-10-12,ALEMBICLTD,79.44999694824219,80.69999694824219,77.80000305175781,79.0,1846595
2023-10-13,ALEMBICLTD,79.25,83.3499984741211,78.8499984741211,82.6500015258789,4494234
2023-10-16,ALEMBICLTD,83.3499984741211,85.0999984741211,82.6500015258789,83.30000305175781,4426068
2023-10-17,ALEMBICLTD,83.8499984741211,86.0,82.75,84.5,6499272
2023-10-18,ALEMBICLTD,85.0,87.69999694824219,83.25,83.75,12325638
2023-10-19,ALEMBICLTD,83.4000015258789,89.19999694824219,83.25,88.1500015258789,17417068
2023-10-20,ALEMBICLTD,88.25,90.5500030517578,84.44999694824219,85.0999984741211,10356226
2023-10-23,ALEMBICLTD,85.55000305175781,86.5,75.75,77.25,12704450
2023-10-25,ALEMBICLTD,78.05000305175781,81.3499984741211,75.9000015258789,78.3499984741211,9158299
2023-10-26,ALEMBICLTD,77.44999694824219,80.5,75.75,79.44999694824219,6619958
2023-10-27,ALEMBICLTD,80.19999694824219,82.44999694824219,79.3499984741211,80.25,4560126
2023-10-30,ALEMBICLTD,80.4000015258789,84.6500015258789,79.05000305175781,81.94999694824219,6558086
2023-10-31,ALEMBICLTD,82.4000015258789,84.0999984741211,80.55000305175781,81.0,4078689
2023-10-03,ALICON,862.4000244140625,868.7999877929688,855.0,859.8499755859375,5219
2023-10-04,ALICON,865.0,865.7000122070312,835.0,844.5,11577
2023-10-05,ALICON,848.2999877929688,855.4000244140625,840.0,851.4500122070312,7610
2023-10-06,ALICON,854.0,859.9500122070312,840.0,849.2000122070312,9003
2023-10-09,ALICON,832.0999755859375,844.0,823.0499877929688,835.0,25901
2023-10-10,ALICON,843.3499755859375,845.2000122070312,831.9000244140625,835.4500122070312,5155
2023-10-11,ALICON,840.0,865.5,839.5999755859375,855.9000244140625,7623
2023-10-12,ALICON,855.9000244140625,859.2999877929688,840.0999755859375,844.4000244140625,5271
2023-10-13,ALICON,846.8499755859375,849.0499877929688,835.0499877929688,837.0,8771
2023-10-16,ALICON,850.0,850.0,835.0,837.0499877929688,6067
2023-10-17,ALICON,843.4000244140625,851.9000244140625,840.0,850.1500244140625,7530
2023-10-18,ALICON,849.9000244140625,866.9000244140625,847.5999755859375,862.4500122070312,12969
2023-10-19,ALICON,861.9500122070312,862.75,852.0499877929688,856.6500244140625,2943
2023-10-20,ALICON,856.0999755859375,865.0,850.2000122070312,862.7000122070312,6315
2023-10-23,ALICON,863.3499755859375,868.9500122070312,814.9500122070312,816.5,19969
2023-10-25,ALICON,810.0,833.5999755859375,806.0999755859375,814.5,8255
2023-10-26,ALICON,810.4500122070312,818.4500122070312,778.5,806.8499755859375,10475
2023-10-27,ALICON,817.2999877929688,830.0499877929688,809.0,817.6500244140625,3455
2023-10-30,ALICON,820.0,823.9000244140625,809.0,817.7999877929688,4523
2023-10-31,ALICON,825.0,828.0,814.4000244140625,815.5999755859375,5660
2023-10-03,ALIVUS,617.5,619.3499755859375,615.0999755859375,617.25,214457
2023-10-04,ALIVUS,615.0,619.8499755859375,615.0,617.7000122070312,215520
2023-10-05,ALIVUS,621.0499877929688,624.9500122070312,617.0,618.4500122070312,801751
2023-10-06,ALIVUS,619.9500122070312,627.9000244140625,618.0499877929688,625.1500244140625,169911
2023-10-09,ALIVUS,626.0,634.0,622.2000122070312,623.5999755859375,275252
2023-10-10,ALIVUS,638.0,638.0,630.0999755859375,633.4000244140625,357406
2023-10-11,ALIVUS,636.0,639.7999877929688,633.75,634.75,238440
2023-10-12,ALIVUS,638.7999877929688,652.5,638.0,645.5,796516
2023-10-13,ALIVUS,646.7999877929688,652.0,646.6500244140625,650.25,680735
2023-10-16,ALIVUS,661.0,674.9000244140625,654.0,667.9000244140625,981099
2023-10-17,ALIVUS,652.5,652.5,628.5,631.0999755859375,364732
2023-10-18,ALIVUS,632.0,633.9500122070312,617.0999755859375,622.25,450550
2023-10-19,ALIVUS,622.2000122070312,627.9500122070312,620.0499877929688,623.4000244140625,101545
2023-10-20,ALIVUS,629.0,634.7999877929688,620.0499877929688,623.7000122070312,223821
2023-10-23,ALIVUS,620.5,624.9500122070312,612.1500244140625,619.0499877929688,202736
2023-10-25,ALIVUS,619.0,630.0,614.2999877929688,617.0,157026
2023-10-26,ALIVUS,615.25,620.7999877929688,611.2000122070312,616.2999877929688,198479
2023-10-27,ALIVUS,619.9000244140625,628.7999877929688,616.0,625.7999877929688,136607
2023-10-30,ALIVUS,629.5,629.5,615.0,619.7999877929688,231200
2023-10-31,ALIVUS,620.0,626.6500244140625,618.2000122070312,624.9500122070312,156489
2023-10-03,ALKALI,112.5500030517578,114.9000015258789,111.4499969482422,113.0999984741211,9038
2023-10-04,ALKALI,114.9499969482422,114.9499969482422,112.1500015258789,112.1999969482422,8109
2023-10-05,ALKALI,114.3000030517578,114.8000030517578,110.6500015258789,111.0500030517578,11321
2023-10-06,ALKALI,111.5,116.5999984741211,111.0,116.4499969482422,151892
2023-10-09,ALKALI,116.8499984741211,122.5,112.0500030517578,117.4499969482422,197138
2023-10-10,ALKALI,117.0,121.9000015258789,116.1500015258789,117.6999969482422,39418
2023-10-11,ALKALI,117.5999984741211,121.1999969482422,116.5999984741211,117.3499984741211,23831
2023-10-12,ALKALI,118.5999984741211,118.5999984741211,116.4000015258789,116.8000030517578,10049
2023-10-13,ALKALI,116.4000015258789,117.9000015258789,114.75,115.4000015258789,20062
2023-10-16,ALKALI,117.5,121.9000015258789,114.75,119.1500015258789,62015
2023-10-17,ALKALI,119.1500015258789,123.0,117.3000030517578,118.3499984741211,29498
2023-10-18,ALKALI,121.0,121.0,117.0,117.4000015258789,13005
2023-10-19,ALKALI,116.0500030517578,119.25,115.0500030517578,116.0,18456
2023-10-20,ALKALI,117.8000030517578,117.8000030517578,110.5,113.4000015258789,27610
2023-10-23,ALKALI,113.4000015258789,114.9000015258789,110.5,110.8499984741211,46565
2023-10-25,ALKALI,113.9499969482422,113.9499969482422,110.5,110.9499969482422,16266
2023-10-26,ALKALI,111.0500030517578,111.3000030517578,105.5,107.3000030517578,17940
2023-10-27,ALKALI,110.4000015258789,111.0,108.9499969482422,110.1500015258789,4295
2023-10-30,ALKALI,108.0,111.0,107.3499984741211,108.5999984741211,10867
2023-10-31,ALKALI,110.5,111.9000015258789,109.0,110.1999969482422,16101
2023-10-03,ALKEM,3629.949951171875,3649.0,3566.89990234375,3573.550048828125,97703
2023-10-04,ALKEM,3580.0,3596.050048828125,3452.39990234375,3476.0,152449
2023-10-05,ALKEM,3494.25,3516.89990234375,3447.0,3457.5,104226
2023-10-06,ALKEM,3457.5,3535.0,3457.5,3522.5,259891
2023-10-09,ALKEM,3502.5,3558.64990234375,3490.050048828125,3551.550048828125,82563
2023-10-10,ALKEM,3570.0,3592.0,3530.050048828125,3585.75,130100
2023-10-11,ALKEM,3585.75,3617.75,3531.25,3539.75,147842
2023-10-12,ALKEM,3555.949951171875,3604.0,3546.75,3594.949951171875,154901
2023-10-13,ALKEM,3600.85009765625,3646.300048828125,3570.0,3612.449951171875,148801
2023-10-16,ALKEM,3615.0,3619.89990234375,3582.10009765625,3609.35009765625,82519
2023-10-17,ALKEM,3621.89990234375,3634.89990234375,3581.25,3620.300048828125,122872
2023-10-18,ALKEM,3632.0,3650.0,3614.949951171875,3632.89990234375,177578
2023-10-19,ALKEM,3629.949951171875,3639.449951171875,3574.89990234375,3615.85009765625,163185
2023-10-20,ALKEM,3585.0,3608.75,3540.0,3585.60009765625,90781
2023-10-23,ALKEM,3576.0,3610.699951171875,3521.60009765625,3533.85009765625,117576
2023-10-25,ALKEM,3535.14990234375,3592.449951171875,3531.800048828125,3585.35009765625,108539
2023-10-26,ALKEM,3584.89990234375,3586.0,3509.949951171875,3560.800048828125,61488
2023-10-27,ALKEM,3586.800048828125,3687.0,3558.0,3675.14990234375,101943
2023-10-30,ALKEM,3694.5,3700.0,3650.199951171875,3691.75,169649
2023-10-31,ALKEM,3700.0,3735.0,3679.949951171875,3721.85009765625,140710
2023-10-03,ALKYLAMINE,2315.550048828125,2315.550048828125,2280.0,2284.449951171875,23834
2023-10-04,ALKYLAMINE,2284.449951171875,2297.89990234375,2244.0,2248.300048828125,38963
2023-10-05,ALKYLAMINE,2270.699951171875,2330.0,2264.14990234375,2299.14990234375,28405
2023-10-06,ALKYLAMINE,2310.0,2316.0,2297.199951171875,2309.300048828125,18215
2023-10-09,ALKYLAMINE,2280.0,2288.0,2257.0,2274.449951171875,22456
2023-10-10,ALKYLAMINE,2261.0,2290.0,2261.0,2284.14990234375,20155
2023-10-11,ALKYLAMINE,2285.0,2320.0,2275.0,2287.10009765625,24742
2023-10-12,ALKYLAMINE,2287.10009765625,2298.0,2266.050048828125,2273.0,15989
2023-10-13,ALKYLAMINE,2273.0,2288.0,2252.5,2267.949951171875,16688
2023-10-16,ALKYLAMINE,2277.60009765625,2320.0,2270.0,2303.85009765625,25669
2023-10-17,ALKYLAMINE,2327.60009765625,2327.60009765625,2278.0,2284.10009765625,23196
2023-10-18,ALKYLAMINE,2280.199951171875,2299.949951171875,2235.0,2246.35009765625,28658
2023-10-19,ALKYLAMINE,2260.0,2276.550048828125,2226.35009765625,2233.050048828125,32804
2023-10-20,ALKYLAMINE,2237.949951171875,2251.0,2215.0,2225.449951171875,20763
2023-10-23,ALKYLAMINE,2248.949951171875,2248.949951171875,2175.0,2191.25,32417
2023-10-25,ALKYLAMINE,2210.699951171875,2217.14990234375,2160.0,2175.39990234375,24880
2023-10-26,ALKYLAMINE,2175.39990234375,2175.5,2120.0,2152.949951171875,40189
2023-10-27,ALKYLAMINE,2152.0,2199.5,2150.0,2180.0,29165
2023-10-30,ALKYLAMINE,2180.0,2186.949951171875,2136.199951171875,2144.699951171875,21401
2023-10-31,ALKYLAMINE,2144.050048828125,2170.800048828125,2138.5,2142.60009765625,17780
2023-10-03,ALLCARGO,67.98750305175781,69.0250015258789,67.0,67.19999694824219,1273604
2023-10-04,ALLCARGO,67.55000305175781,68.4625015258789,67.5,68.125,1048000
2023-10-05,ALLCARGO,68.36250305175781,69.5,67.5625,68.0875015258789,848296
2023-10-06,ALLCARGO,68.375,68.75,67.7750015258789,68.0875015258789,468724
2023-10-09,ALLCARGO,67.125,67.125,65.9375,66.2750015258789,623292
2023-10-10,ALLCARGO,66.4124984741211,67.0,65.9625015258789,66.44999694824219,544424
2023-10-11,ALLCARGO,66.94999694824219,67.125,66.25,66.5250015258789,336500
2023-10-12,ALLCARGO,66.86250305175781,66.88749694824219,66.2874984741211,66.5999984741211,355112
2023-10-13,ALLCARGO,66.26249694824219,68.5,65.94999694824219,67.875,978564
2023-10-16,ALLCARGO,67.875,69.25,67.13749694824219,68.30000305175781,1151400
2023-10-17,ALLCARGO,68.48750305175781,69.25,68.0374984741211,68.63749694824219,834412
2023-10-18,ALLCARGO,68.51249694824219,68.86250305175781,67.5,67.69999694824219,428996
2023-10-19,ALLCARGO,67.125,67.7874984741211,66.69999694824219,66.9625015258789,413864
2023-10-20,ALLCARGO,66.92500305175781,67.57499694824219,66.25,66.48750305175781,512616
2023-10-23,ALLCARGO,66.5,66.9625015258789,64.0,64.73750305175781,1003520
2023-10-25,ALLCARGO,64.75,66.5,62.36249923706055,63.3125,1170200
2023-10-26,ALLCARGO,63.25,65.25,61.41249847412109,62.91249847412109,879948
2023-10-27,ALLCARGO,63.23749923706055,65.0625,63.01250076293945,63.4375,731940
2023-10-30,ALLCARGO,63.76250076293945,64.01249694824219,62.0,62.9375,558628
2023-10-31,ALLCARGO,63.26250076293945,64.8125,63.26250076293945,63.9375,490420
2023-10-03,ALLDIGI,605.0,610.0,596.7000122070312,609.0499877929688,8340
2023-10-04,ALLDIGI,613.0,615.0,599.1500244140625,605.8499755859375,17986
2023-10-05,ALLDIGI,605.0,610.7999877929688,604.4000244140625,607.9000244140625,12546
2023-10-06,ALLDIGI,612.4500122070312,612.4500122070312,602.0,607.5,18422
2023-10-09,ALLDIGI,601.0,601.0,581.0499877929688,583.0499877929688,16010
2023-10-10,ALLDIGI,585.2000122070312,590.0499877929688,579.0,581.1500244140625,12873
2023-10-11,ALLDIGI,585.5,591.0499877929688,582.5999755859375,589.5499877929688,7105
2023-10-12,ALLDIGI,594.0,594.0,581.2000122070312,586.8499755859375,8818
2023-10-13,ALLDIGI,583.2999877929688,592.7000122070312,582.6500244140625,588.0999755859375,8286
2023-10-16,ALLDIGI,587.0999755859375,606.9000244140625,587.0,604.5499877929688,11015
2023-10-17,ALLDIGI,607.0,610.0,599.0,600.5499877929688,16886
2023-10-18,ALLDIGI,605.3499755859375,620.0,600.0,617.8499755859375,53482
2023-10-19,ALLDIGI,625.0,638.7999877929688,611.0999755859375,624.5,93940
2023-10-20,ALLDIGI,627.0,630.2999877929688,621.0,622.2999877929688,21146
2023-10-23,ALLDIGI,627.2000122070312,641.0,605.0,610.1500244140625,59587
2023-10-25,ALLDIGI,617.7999877929688,635.0,608.8499755859375,628.3499755859375,45768
2023-10-26,ALLDIGI,632.25,639.0,608.0,630.9000244140625,26400
2023-10-27,ALLDIGI,641.0,645.0,631.0999755859375,642.25,105716
2023-10-30,ALLDIGI,650.0,687.0999755859375,650.0,676.25,386543
2023-10-31,ALLDIGI,668.4000244140625,685.7999877929688,666.0,670.7000122070312,111571
2023-10-03,ALMONDZ,14.458333015441896,14.616665840148926,14.266666412353516,14.408332824707031,319866
2023-10-04,ALMONDZ,14.274999618530272,14.583333015441896,14.25,14.458333015441896,117282
2023-10-05,ALMONDZ,14.591666221618652,14.708333015441896,14.024999618530272,14.18333339691162,288840
2023-10-06,ALMONDZ,14.18333339691162,14.466666221618652,14.033332824707031,14.241665840148926,77682
2023-10-09,ALMONDZ,14.166666030883787,14.375,13.925000190734863,14.05833339691162,161526
2023-10-10,ALMONDZ,14.074999809265137,14.233332633972168,14.024999618530272,14.116665840148926,999636
2023-10-11,ALMONDZ,14.675000190734863,14.75,14.300000190734863,14.658332824707031,1259574
2023-10-12,ALMONDZ,14.666666030883787,14.850000381469728,14.283332824707031,14.350000381469728,282360
2023-10-13,ALMONDZ,14.350000381469728,14.524999618530272,14.333333015441896,14.43333339691162,287154
2023-10-16,ALMONDZ,14.358332633972168,15.166666030883787,14.291666030883787,14.566665649414062,562518
2023-10-17,ALMONDZ,14.708333015441896,15.0,14.458333015441896,14.783332824707031,431304
2023-10-18,ALMONDZ,15.0,15.149999618530272,14.524999618530272,14.649999618530272,518568
2023-10-19,ALMONDZ,14.75,14.758333206176758,14.449999809265137,14.516666412353516,392232
2023-10-20,ALMONDZ,14.591666221618652,14.833333015441896,14.350000381469728,14.399999618530272,690876
2023-10-23,ALMONDZ,14.425000190734863,14.583333015441896,13.824999809265137,14.016666412353516,901572
2023-10-25,ALMONDZ,13.833333015441896,14.291666030883787,13.466666221618652,13.68333339691162,317184
2023-10-26,ALMONDZ,13.758333206176758,13.816665649414062,13.149999618530272,13.574999809265137,456084
2023-10-27,ALMONDZ,13.608332633972168,14.066665649414062,13.591666221618652,13.858332633972168,215034
2023-10-30,ALMONDZ,13.858332633972168,14.0,13.675000190734863,13.93333339691162,239214
2023-10-31,ALMONDZ,13.958333015441896,14.0,13.666666030883787,13.883333206176758,118620
2023-10-03,ALOKINDS,18.89999961853028,19.100000381469727,18.75,18.799999237060547,5380227
2023-10-04,ALOKINDS,18.700000762939453,18.75,18.100000381469727,18.299999237060547,8142944
2023-10-05,ALOKINDS,18.5,18.600000381469727,18.200000762939453,18.450000762939453,7803860
2023-10-06,ALOKINDS,18.5,18.89999961853028,18.299999237060547,18.700000762939453,8722732
2023-10-09,ALOKINDS,18.100000381469727,18.39999961853028,17.649999618530273,17.700000762939453,9638915
2023-10-10,ALOKINDS,17.850000381469727,18.25,17.799999237060547,17.899999618530273,7481630
2023-10-11,ALOKINDS,18.0,18.39999961853028,18.0,18.100000381469727,5796378
2023-10-12,ALOKINDS,18.200000762939453,18.950000762939453,18.200000762939453,18.64999961853028,11369393
2023-10-13,ALOKINDS,18.5,19.450000762939453,18.39999961853028,19.14999961853028,19975866
2023-10-16,ALOKINDS,19.299999237060547,20.5,19.14999961853028,19.950000762939453,46559797
2023-10-17,ALOKINDS,20.100000381469727,20.350000381469727,19.5,19.700000762939453,13604334
2023-10-18,ALOKINDS,19.700000762939453,19.850000381469727,18.89999961853028,18.950000762939453,11179333
2023-10-19,ALOKINDS,18.950000762939453,20.200000762939453,18.75,20.0,28229318
2023-10-20,ALOKINDS,20.0,20.350000381469727,19.299999237060547,19.39999961853028,14323122
2023-10-23,ALOKINDS,19.549999237060547,19.75,17.549999237060547,17.700000762939453,17311778
2023-10-25,ALOKINDS,17.700000762939453,18.25,16.700000762939453,17.200000762939453,13059545
2023-10-26,ALOKINDS,16.950000762939453,17.149999618530273,16.100000381469727,16.899999618530273,16884848
2023-10-27,ALOKINDS,17.149999618530273,17.700000762939453,17.100000381469727,17.600000381469727,8007889
2023-10-30,ALOKINDS,17.600000381469727,17.799999237060547,17.200000762939453,17.350000381469727,6767032
2023-10-31,ALOKINDS,17.450000762939453,17.799999237060547,17.25,17.399999618530273,6122419
2023-10-03,ALPA,73.0,74.25,72.9000015258789,73.55000305175781,27673
2023-10-04,ALPA,74.75,75.69999694824219,72.30000305175781,73.69999694824219,113823
2023-10-05,ALPA,74.30000305175781,76.55000305175781,73.80000305175781,75.8499984741211,88710
2023-10-06,ALPA,76.75,79.19999694824219,73.80000305175781,75.4000015258789,221542
2023-10-09,ALPA,76.5,76.5,72.4000015258789,73.05000305175781,65869
2023-10-10,ALPA,73.94999694824219,74.8499984741211,73.0,73.5999984741211,50564
2023-10-11,ALPA,74.55000305175781,75.0,73.80000305175781,74.6500015258789,69159
2023-10-12,ALPA,73.80000305175781,75.75,73.80000305175781,74.4000015258789,68916
2023-10-13,ALPA,74.55000305175781,75.4000015258789,73.19999694824219,73.6500015258789,54952
2023-10-16,ALPA,75.0,76.0,73.9000015258789,75.44999694824219,77908
2023-10-17,ALPA,76.25,77.75,75.25,76.3499984741211,83560
2023-10-18,ALPA,77.75,77.80000305175781,75.69999694824219,76.1500015258789,57906
2023-10-19,ALPA,76.0,79.75,74.80000305175781,78.94999694824219,234529
2023-10-20,ALPA,79.80000305175781,80.4000015258789,76.80000305175781,77.25,121970
2023-10-23,ALPA,76.0999984741211,78.5,72.0999984741211,72.44999694824219,114484
2023-10-25,ALPA,73.0,74.30000305175781,69.5999984741211,70.1500015258789,54793
2023-10-26,ALPA,74.8499984741211,74.8499984741211,70.80000305175781,71.94999694824219,135955
2023-10-27,ALPA,72.30000305175781,73.5,72.05000305175781,72.3499984741211,32272
2023-10-30,ALPA,72.55000305175781,73.19999694824219,71.94999694824219,72.6500015258789,23562
2023-10-31,ALPA,72.25,75.3499984741211,72.25,73.4000015258789,42961
2023-10-03,ALPHAGEO,295.1000061035156,299.0,292.0,293.5,11613
2023-10-04,ALPHAGEO,292.0,295.95001220703125,287.1000061035156,290.1000061035156,10985
2023-10-05,ALPHAGEO,291.70001220703125,293.3500061035156,288.0,289.0,5347
2023-10-06,ALPHAGEO,289.8500061035156,292.6499938964844,286.0,288.79998779296875,9866
2023-10-09,ALPHAGEO,288.79998779296875,291.8500061035156,283.6499938964844,286.20001220703125,11985
2023-10-10,ALPHAGEO,288.0,297.0,279.95001220703125,285.45001220703125,32009
2023-10-11,ALPHAGEO,287.79998779296875,292.1499938964844,286.3999938964844,289.0,6790
2023-10-12,ALPHAGEO,289.0,293.75,287.95001220703125,289.25,6323
2023-10-13,ALPHAGEO,291.79998779296875,305.70001220703125,286.3500061035156,296.95001220703125,33956
2023-10-16,ALPHAGEO,299.8500061035156,317.0,295.0,311.0,56290
2023-10-17,ALPHAGEO,317.0,319.8500061035156,305.75,307.3500061035156,43682
2023-10-18,ALPHAGEO,311.0,313.0,299.8500061035156,302.8999938964844,16125
2023-10-19,ALPHAGEO,295.0,315.0,295.0,308.1499938964844,40099
2023-10-20,ALPHAGEO,308.29998779296875,312.8500061035156,296.0,299.1499938964844,21497
2023-10-23,ALPHAGEO,303.79998779296875,303.8999938964844,286.3999938964844,288.70001220703125,19080
2023-10-25,ALPHAGEO,286.0,295.8999938964844,280.8500061035156,283.1499938964844,11192
2023-10-26,ALPHAGEO,285.0,287.79998779296875,272.20001220703125,285.3999938964844,9672
2023-10-27,ALPHAGEO,288.5,304.0,286.95001220703125,295.6000061035156,22698
2023-10-30,ALPHAGEO,299.5,299.95001220703125,293.20001220703125,294.1499938964844,9416
2023-10-31,ALPHAGEO,294.95001220703125,297.45001220703125,287.95001220703125,289.70001220703125,7106
2023-10-03,AMBER,2976.800048828125,2986.800048828125,2880.0,2934.14990234375,83026
2023-10-04,AMBER,2921.0,2928.35009765625,2857.64990234375,2900.39990234375,77354
2023-10-05,AMBER,2929.35009765625,2989.0,2929.300048828125,2944.10009765625,70453
2023-10-06,AMBER,2944.0,2964.699951171875,2895.0,2920.89990234375,73303
2023-10-09,AMBER,2915.0,2915.0,2815.550048828125,2845.199951171875,87711
2023-10-10,AMBER,2857.949951171875,2878.949951171875,2803.5,2840.050048828125,116204
2023-10-11,AMBER,2854.300048828125,2902.0,2854.300048828125,2892.800048828125,63036
2023-10-12,AMBER,2901.0,3018.0,2887.0,2988.199951171875,243943
2023-10-13,AMBER,2988.199951171875,3009.949951171875,2957.050048828125,2971.64990234375,43270
2023-10-16,AMBER,2962.25,2979.0,2925.0,2937.050048828125,30918
2023-10-17,AMBER,2940.0,3001.300048828125,2940.0,2959.050048828125,32841
2023-10-18,AMBER,2970.0,3041.199951171875,2930.5,2980.10009765625,62987
2023-10-19,AMBER,2974.699951171875,2997.0,2922.10009765625,2951.300048828125,43596
2023-10-20,AMBER,2959.0,3080.0,2959.0,3036.60009765625,214041
2023-10-23,AMBER,2889.85009765625,2906.0,2721.050048828125,2793.89990234375,826190
2023-10-25,AMBER,2895.25,3009.0,2826.050048828125,2975.25,870433
2023-10-26,AMBER,2946.0,2973.550048828125,2882.25,2938.60009765625,174470
2023-10-27,AMBER,2958.89990234375,2976.14990234375,2860.25,2907.300048828125,109513
2023-10-30,AMBER,2907.949951171875,3000.0,2883.75,2986.10009765625,99950
2023-10-31,AMBER,2999.949951171875,3008.25,2913.25,2934.199951171875,60789
2023-10-03,AMBICAAGAR,32.04999923706055,32.04999923706055,31.89999961853028,32.04999923706055,4680
2023-10-04,AMBICAAGAR,31.39999961853028,31.600000381469727,31.39999961853028,31.39999961853028,11658
2023-10-05,AMBICAAGAR,31.39999961853028,31.39999961853028,31.350000381469727,31.39999961853028,1526
2023-10-06,AMBICAAGAR,31.5,31.5,31.100000381469727,31.5,3456
2023-10-09,AMBICAAGAR,31.5,33.04999923706055,31.5,33.04999923706055,5627
2023-10-10,AMBICAAGAR,34.45000076293945,34.70000076293945,34.150001525878906,34.70000076293945,12635
2023-10-11,AMBICAAGAR,35.849998474121094,36.400001525878906,35.0,36.400001525878906,41906
2023-10-12,AMBICAAGAR,38.20000076293945,38.20000076293945,36.5,38.0,53546
2023-10-13,AMBICAAGAR,39.650001525878906,39.650001525878906,36.59999847412109,37.79999923706055,16777
2023-10-16,AMBICAAGAR,37.0,38.79999923706055,36.25,37.650001525878906,6538
2023-10-17,AMBICAAGAR,37.59999847412109,38.900001525878906,37.59999847412109,38.34999847412109,21165
2023-10-18,AMBICAAGAR,37.59999847412109,37.59999847412109,37.59999847412109,37.59999847412109,320
2023-10-19,AMBICAAGAR,36.84999847412109,36.84999847412109,36.84999847412109,36.84999847412109,1079
2023-10-20,AMBICAAGAR,36.150001525878906,36.150001525878906,36.150001525878906,36.150001525878906,3552
2023-10-23,AMBICAAGAR,35.45000076293945,35.45000076293945,35.45000076293945,35.45000076293945,292
2023-10-25,AMBICAAGAR,34.75,34.75,34.75,34.75,1656
2023-10-26,AMBICAAGAR,34.04999923706055,34.75,34.04999923706055,34.04999923706055,78
2023-10-27,AMBICAAGAR,33.45000076293945,34.04999923706055,33.400001525878906,33.45000076293945,1858
2023-10-30,AMBICAAGAR,32.79999923706055,32.79999923706055,32.79999923706055,32.79999923706055,4949
2023-10-31,AMBICAAGAR,32.150001525878906,32.25,32.150001525878906,32.150001525878906,4530
2023-10-03,AMBIKCO,1511.800048828125,1519.199951171875,1502.0999755859375,1509.3499755859375,6936
2023-10-04,AMBIKCO,1509.4000244140625,1529.0,1489.300048828125,1506.0999755859375,7649
2023-10-05,AMBIKCO,1510.0,1533.0,1505.5999755859375,1528.199951171875,9414
2023-10-06,AMBIKCO,1525.5999755859375,1537.550048828125,1514.5999755859375,1529.949951171875,6745
2023-10-09,AMBIKCO,1503.0,1519.699951171875,1487.0,1498.4000244140625,11745
2023-10-10,AMBIKCO,1498.4000244140625,1522.0,1498.4000244140625,1515.050048828125,7152
2023-10-11,AMBIKCO,1506.25,1527.800048828125,1500.0,1504.75,8848
2023-10-12,AMBIKCO,1519.0,1524.949951171875,1505.800048828125,1521.0,6300
2023-10-13,AMBIKCO,1524.0,1525.0,1515.0,1518.550048828125,6003
2023-10-16,AMBIKCO,1511.0,1555.0,1503.0,1546.699951171875,15999
2023-10-17,AMBIKCO,1550.800048828125,1609.800048828125,1544.800048828125,1600.699951171875,29701
2023-10-18,AMBIKCO,1612.0,1619.0,1572.199951171875,1591.9000244140625,14789
2023-10-19,AMBIKCO,1593.0,1611.0,1580.5,1608.0,8666
2023-10-20,AMBIKCO,1607.0,1619.0,1580.0999755859375,1589.6500244140625,6692
2023-10-23,AMBIKCO,1609.0,1609.0,1504.0,1521.300048828125,21862
2023-10-25,AMBIKCO,1515.1500244140625,1545.4000244140625,1501.0999755859375,1508.0999755859375,8168
2023-10-26,AMBIKCO,1510.5,1510.5,1471.0,1506.699951171875,11760
2023-10-27,AMBIKCO,1506.699951171875,1529.949951171875,1476.25,1513.300048828125,10584
2023-10-30,AMBIKCO,1525.0,1544.4000244140625,1502.0,1540.5999755859375,5310
2023-10-31,AMBIKCO,1541.4000244140625,1548.0,1515.0,1522.3499755859375,7371
2023-10-03,AMBUJACEM,424.0499877929688,434.3999938964844,422.5,432.2000122070313,2833284
2023-10-04,AMBUJACEM,430.0,434.0,424.2999877929688,429.6499938964844,3214525
2023-10-05,AMBUJACEM,430.0,434.8500061035156,428.75,432.8500061035156,1287179
2023-10-06,AMBUJACEM,434.0,437.0,431.7999877929688,435.7000122070313,1547935
2023-10-09,AMBUJACEM,430.1000061035156,437.5,427.5,430.2000122070313,4370429
2023-10-10,AMBUJACEM,430.1499938964844,438.8500061035156,428.0,437.2000122070313,3288646
2023-10-11,AMBUJACEM,438.8999938964844,447.0,438.0,445.1000061035156,3228077
2023-10-12,AMBUJACEM,449.0,450.3500061035156,444.0499877929688,445.6000061035156,1700298
2023-10-13,AMBUJACEM,444.5,445.7999877929688,438.8999938964844,439.8999938964844,950920
2023-10-16,AMBUJACEM,439.0,444.7999877929688,438.9500122070313,443.25,1353905
2023-10-17,AMBUJACEM,443.5499877929688,444.5,440.1000061035156,442.6499938964844,1043674
2023-10-18,AMBUJACEM,442.3999938964844,444.0,431.5,433.0,1919224
2023-10-19,AMBUJACEM,432.5499877929688,440.0499877929688,430.1000061035156,437.4500122070313,1131689
2023-10-20,AMBUJACEM,437.0,439.5499877929688,428.1000061035156,430.8500061035156,2066618
2023-10-23,AMBUJACEM,432.75,432.75,411.6000061035156,415.9500122070313,1925177
2023-10-25,AMBUJACEM,417.0,422.75,413.6000061035156,417.9500122070313,3289897
2023-10-26,AMBUJACEM,414.6000061035156,422.5,407.75,416.2999877929688,2296586
2023-10-27,AMBUJACEM,419.4500122070313,423.9500122070313,415.1000061035156,417.25,1693364
2023-10-30,AMBUJACEM,420.2000122070313,423.6000061035156,416.0,421.9500122070313,1290400
2023-10-31,AMBUJACEM,423.9500122070313,427.4500122070313,421.0,424.4500122070313,1078687
2023-10-03,AMDIND,54.95000076293945,56.20000076293945,54.09999847412109,55.34999847412109,21511
2023-10-04,AMDIND,55.34999847412109,56.95000076293945,52.59999847412109,53.29999923706055,22275
2023-10-05,AMDIND,54.70000076293945,55.70000076293945,53.0,54.95000076293945,33655
2023-10-06,AMDIND,56.70000076293945,56.70000076293945,54.54999923706055,55.45000076293945,30211
2023-10-09,AMDIND,56.0,56.0,54.04999923706055,54.20000076293945,37820
2023-10-10,AMDIND,55.84999847412109,57.900001525878906,54.29999923706055,56.5,67122
2023-10-11,AMDIND,57.70000076293945,57.79999923706055,55.54999923706055,56.84999847412109,25508
2023-10-12,AMDIND,57.5,62.5,56.95000076293945,62.09999847412109,199168
2023-10-13,AMDIND,62.70000076293945,67.5999984741211,62.70000076293945,65.05000305175781,180234
2023-10-16,AMDIND,65.0999984741211,69.0,65.0999984741211,66.0999984741211,146392
2023-10-17,AMDIND,69.5,70.0,66.3499984741211,67.8499984741211,134905
2023-10-18,AMDIND,69.4000015258789,69.69999694824219,65.5,65.8499984741211,62400
2023-10-19,AMDIND,67.0,71.0,63.29999923706055,68.5,267207
2023-10-20,AMDIND,68.4000015258789,69.30000305175781,66.0,66.75,74977
2023-10-23,AMDIND,66.0,68.5,60.29999923706055,61.0,87817
2023-10-25,AMDIND,60.5,62.79999923706055,58.59999847412109,59.150001525878906,40417
2023-10-26,AMDIND,59.79999923706055,65.05000305175781,55.20000076293945,64.8499984741211,217849
2023-10-27,AMDIND,65.0,66.5,62.70000076293945,65.19999694824219,124034
2023-10-30,AMDIND,65.19999694824219,67.4000015258789,63.0,63.79999923706055,60420
2023-10-31,AMDIND,66.0,69.05000305175781,65.0999984741211,68.1500015258789,180461
2023-10-03,AMJLAND,31.64999961853028,31.850000381469727,31.049999237060547,31.5,18673
2023-10-04,AMJLAND,31.700000762939453,31.799999237060547,30.100000381469727,30.64999961853028,47624
2023-10-05,AMJLAND,31.350000381469727,32.25,30.75,30.89999961853028,74836
2023-10-06,AMJLAND,30.89999961853028,31.39999961853028,30.600000381469727,31.100000381469727,28870
2023-10-09,AMJLAND,30.600000381469727,31.5,29.64999961853028,30.14999961853028,137601
2023-10-10,AMJLAND,30.549999237060547,33.04999923706055,30.39999961853028,32.650001525878906,252063
2023-10-11,AMJLAND,32.95000076293945,34.45000076293945,32.650001525878906,32.900001525878906,192860
2023-10-12,AMJLAND,32.75,35.5,32.5,34.599998474121094,324569
2023-10-13,AMJLAND,34.900001525878906,35.04999923706055,32.75,33.150001525878906,96547
2023-10-16,AMJLAND,33.75,33.900001525878906,32.400001525878906,32.54999923706055,141718
2023-10-17,AMJLAND,32.599998474121094,33.400001525878906,32.0,32.25,67114
2023-10-18,AMJLAND,32.25,32.79999923706055,31.799999237060547,31.950000762939453,28645
2023-10-19,AMJLAND,32.150001525878906,33.599998474121094,31.350000381469727,32.0,130366
2023-10-20,AMJLAND,32.29999923706055,32.45000076293945,31.25,31.350000381469727,43604
2023-10-23,AMJLAND,31.549999237060547,32.099998474121094,30.25,30.350000381469727,217304
2023-10-25,AMJLAND,31.049999237060547,31.5,29.600000381469727,30.200000762939453,46961
2023-10-26,AMJLAND,29.799999237060547,30.799999237060547,29.299999237060547,29.89999961853028,32289
2023-10-27,AMJLAND,30.64999961853028,32.349998474121094,29.600000381469727,31.39999961853028,59885
2023-10-30,AMJLAND,31.64999961853028,31.850000381469727,30.799999237060547,31.049999237060547,47346
2023-10-31,AMJLAND,31.64999961853028,31.64999961853028,30.14999961853028,30.5,28811
2023-10-03,AMRUTANJAN,612.0,621.0999755859375,609.4000244140625,610.9500122070312,36510
2023-10-04,AMRUTANJAN,614.0499877929688,614.0499877929688,601.3499755859375,610.4500122070312,27381
2023-10-05,AMRUTANJAN,615.0,621.8499755859375,610.5,617.4500122070312,16940
2023-10-06,AMRUTANJAN,617.5,621.25,610.75,615.25,19504
2023-10-09,AMRUTANJAN,615.25,615.25,595.0,598.4500122070312,38006
2023-10-10,AMRUTANJAN,599.3499755859375,607.5,595.6500244140625,602.7999877929688,34537
2023-10-11,AMRUTANJAN,605.0,609.2000122070312,601.5,604.3499755859375,18002
2023-10-12,AMRUTANJAN,607.0499877929688,611.5499877929688,601.4500122070312,606.0999755859375,21641
2023-10-13,AMRUTANJAN,609.1500244140625,611.0,601.4000244140625,606.2000122070312,14068
2023-10-16,AMRUTANJAN,606.2000122070312,606.2000122070312,600.0,601.0999755859375,15439
2023-10-17,AMRUTANJAN,603.8499755859375,611.0,602.0,609.0,24171
2023-10-18,AMRUTANJAN,606.0,608.9000244140625,602.0999755859375,603.3499755859375,10645
2023-10-19,AMRUTANJAN,603.4500122070312,605.9000244140625,600.0,600.3499755859375,13072
2023-10-20,AMRUTANJAN,600.0,605.4500122070312,599.8499755859375,601.25,14729
2023-10-23,AMRUTANJAN,601.25,604.25,590.7000122070312,591.3499755859375,19197
2023-10-25,AMRUTANJAN,590.8499755859375,597.9000244140625,588.0,589.3499755859375,15891
2023-10-26,AMRUTANJAN,588.0,592.0,575.0499877929688,586.6500244140625,32161
2023-10-27,AMRUTANJAN,589.5,610.9000244140625,563.9000244140625,604.3499755859375,70160
2023-10-30,AMRUTANJAN,600.1500244140625,606.4000244140625,593.4500122070312,600.5499877929688,13135
2023-10-31,AMRUTANJAN,603.25,603.4000244140625,594.0999755859375,596.5,9403
2023-10-03,ANANDRATHI,422.3250122070313,440.0,413.0,433.9874877929688,510052
2023-10-04,ANANDRATHI,434.4874877929688,449.9624938964844,428.0249938964844,444.4750061035156,840704
2023-10-05,ANANDRATHI,445.9500122070313,446.4125061035156,440.5249938964844,443.7625122070313,350380
2023-10-06,ANANDRATHI,451.75,458.7250061035156,442.75,454.9125061035156,441656
2023-10-09,ANANDRATHI,454.5,493.0,441.0874938964844,472.5249938964844,1692220
2023-10-10,ANANDRATHI,477.5,484.0874938964844,466.5125122070313,474.8125,578712
2023-10-11,ANANDRATHI,471.2625122070313,479.6749877929688,468.375,477.2625122070313,324768
2023-10-12,ANANDRATHI,480.9750061035156,481.4375,461.3624877929688,478.8250122070313,513600
2023-10-13,ANANDRATHI,472.5,482.5,450.7625122070313,471.0249938964844,1153444
2023-10-16,ANANDRATHI,471.25,474.9750061035156,450.3250122070313,453.8999938964844,306992
2023-10-17,ANANDRATHI,463.75,465.5125122070313,442.5375061035156,446.375,318296
2023-10-18,ANANDRATHI,454.4874877929688,477.5,446.2374877929688,471.0,465888
2023-10-19,ANANDRATHI,479.9874877929688,481.75,461.75,473.0750122070313,284748
2023-10-20,ANANDRATHI,467.5249938964844,477.25,465.0,472.7000122070313,178348
2023-10-23,ANANDRATHI,472.1625061035156,475.0,461.2000122070313,468.4874877929688,269748
2023-10-25,ANANDRATHI,468.4874877929688,480.1499938964844,453.5,457.6499938964844,177576
2023-10-26,ANANDRATHI,455.0,463.7374877929688,434.9750061035156,455.4750061035156,268008
2023-10-27,ANANDRATHI,459.75,470.0,457.5499877929688,463.1124877929688,140548
2023-10-30,ANANDRATHI,485.0,486.5375061035156,467.7625122070313,475.125,178624
2023-10-31,ANANDRATHI,475.125,481.1875,473.5125122070313,477.2749938964844,157968
2023-10-03,ANANTRAJ,219.6000061035156,224.0,216.0,221.8000030517578,720496
2023-10-04,ANANTRAJ,222.5,222.5,216.0,218.8000030517578,597467
2023-10-05,ANANTRAJ,220.5500030517578,236.5,220.5500030517578,235.6000061035156,5189882
2023-10-06,ANANTRAJ,237.0,237.6000061035156,232.25,234.1999969482422,1229040
2023-10-09,ANANTRAJ,229.0,230.0,222.6999969482422,225.75,1170886
2023-10-10,ANANTRAJ,227.5,237.8999938964844,227.5,232.1999969482422,2461783
2023-10-11,ANANTRAJ,234.3999938964844,236.0,226.8000030517578,228.1999969482422,3696353
2023-10-12,ANANTRAJ,230.1999969482422,233.0,229.3999938964844,231.6499938964844,601286
2023-10-13,ANANTRAJ,230.8999938964844,235.3000030517578,228.6499938964844,234.6000061035156,1185799
2023-10-16,ANANTRAJ,236.4499969482422,244.25,233.1999969482422,239.6499938964844,2001309
2023-10-17,ANANTRAJ,241.0,241.6499938964844,235.0500030517578,238.6999969482422,1062492
2023-10-18,ANANTRAJ,240.5,241.0,233.6000061035156,239.8999938964844,1511554
2023-10-19,ANANTRAJ,239.0,241.8000030517578,235.5,235.8000030517578,798093
2023-10-20,ANANTRAJ,235.8000030517578,239.0500030517578,232.0,237.4499969482422,605549
2023-10-23,ANANTRAJ,239.0,243.8000030517578,220.0,223.5500030517578,1693284
2023-10-25,ANANTRAJ,227.0,234.0,220.0,232.1999969482422,2776268
2023-10-26,ANANTRAJ,229.0,231.8000030517578,222.0500030517578,230.1499938964844,1857991
2023-10-27,ANANTRAJ,231.0,242.9499969482422,231.0,241.1000061035156,2758376
2023-10-30,ANANTRAJ,241.6000061035156,242.6499938964844,236.5500030517578,240.3000030517578,1078413
2023-10-31,ANANTRAJ,241.5,248.0,240.1999969482422,242.8999938964844,3003469
2023-10-03,ANDHRAPAP,120.45999908447266,121.0,118.01000213623048,118.81999969482422,1154215
2023-10-04,ANDHRAPAP,118.81999969482422,119.76000213623048,116.72000122070312,119.06999969482422,1183925
2023-10-05,ANDHRAPAP,120.1999969482422,122.97000122070312,117.5999984741211,119.2699966430664,1653500
2023-10-06,ANDHRAPAP,120.30999755859376,120.30999755859376,117.20999908447266,117.58000183105467,692570
2023-10-09,ANDHRAPAP,116.61000061035156,119.23999786376952,110.51000213623048,114.06999969482422,1164225
2023-10-10,ANDHRAPAP,117.13999938964844,119.97000122070312,115.1999969482422,119.41999816894533,1074650
2023-10-11,ANDHRAPAP,120.08000183105467,134.97999572753906,119.25,127.55999755859376,9985925
2023-10-12,ANDHRAPAP,128.83999633789062,130.69000244140625,127.43000030517578,129.5800018310547,1691570
2023-10-13,ANDHRAPAP,129.5800018310547,131.3000030517578,128.0,128.74000549316406,1369580
2023-10-16,ANDHRAPAP,129.39999389648438,129.63999938964844,121.12000274658205,122.52999877929688,1990465
2023-10-17,ANDHRAPAP,123.5999984741211,125.0999984741211,120.66000366210938,121.69000244140624,1499935
2023-10-18,ANDHRAPAP,122.0,123.1999969482422,118.0999984741211,118.83000183105467,1388915
2023-10-19,ANDHRAPAP,118.5999984741211,120.29000091552734,117.5999984741211,119.27999877929688,1178200
2023-10-20,ANDHRAPAP,119.27999877929688,123.79000091552734,119.1999969482422,120.58000183105467,1258620
2023-10-23,ANDHRAPAP,120.58000183105467,121.08000183105467,114.0,114.69000244140624,938865
2023-10-25,ANDHRAPAP,114.69000244140624,116.87999725341795,110.08999633789062,111.33000183105467,1150780
2023-10-26,ANDHRAPAP,111.0,117.58999633789062,108.62000274658205,116.81999969482422,1705350
2023-10-27,ANDHRAPAP,118.5999984741211,120.19000244140624,113.8000030517578,115.86000061035156,854215
2023-10-30,ANDHRAPAP,115.8000030517578,116.9800033569336,111.23999786376952,112.66000366210938,1555155
2023-10-31,ANDHRAPAP,111.5999984741211,114.08999633789062,109.0,109.87999725341795,1273620
2023-10-03,ANDHRSUGAR,118.25,119.3499984741211,117.5999984741211,118.5500030517578,169628
2023-10-04,ANDHRSUGAR,118.4499969482422,120.3000030517578,116.4000015258789,117.6500015258789,283839
2023-10-05,ANDHRSUGAR,118.6500015258789,120.0,116.6999969482422,117.0500030517578,172248
2023-10-06,ANDHRSUGAR,117.9000015258789,119.9000015258789,116.6999969482422,117.4499969482422,226643
2023-10-09,ANDHRSUGAR,117.4499969482422,118.3499984741211,114.1500015258789,114.75,248396
2023-10-10,ANDHRSUGAR,116.25,117.1999969482422,114.4000015258789,116.4000015258789,147699
2023-10-11,ANDHRSUGAR,117.0,118.9000015258789,116.5999984741211,118.25,352301
2023-10-12,ANDHRSUGAR,118.25,119.8499984741211,117.9000015258789,118.9499969482422,186335
2023-10-13,ANDHRSUGAR,118.9499969482422,120.0500030517578,117.5999984741211,118.25,192579
2023-10-16,ANDHRSUGAR,118.1999969482422,120.9499969482422,118.1999969482422,118.8499984741211,244772
2023-10-17,ANDHRSUGAR,119.9499969482422,121.8499984741211,119.1500015258789,120.25,328146
2023-10-18,ANDHRSUGAR,121.0,122.9000015258789,118.0,118.8499984741211,437957
2023-10-19,ANDHRSUGAR,118.8499984741211,118.8499984741211,117.3000030517578,117.8499984741211,128118
2023-10-20,ANDHRSUGAR,117.8499984741211,118.5,116.0500030517578,117.0999984741211,147340
2023-10-23,ANDHRSUGAR,117.6500015258789,117.6500015258789,108.0999984741211,108.8000030517578,451044
2023-10-25,ANDHRSUGAR,109.1999969482422,111.5999984741211,106.8000030517578,108.8499984741211,326983
2023-10-26,ANDHRSUGAR,108.6500015258789,109.3000030517578,105.9000015258789,108.6999969482422,187112
2023-10-27,ANDHRSUGAR,108.9499969482422,111.5,108.9499969482422,110.8499984741211,151868
2023-10-30,ANDHRSUGAR,111.6999969482422,112.5999984741211,107.5,108.0999984741211,351649
2023-10-31,ANDHRSUGAR,109.0,109.5500030517578,105.5999984741211,106.25,343697
2023-10-03,ANDREWYU,35.29999923706055,36.150001525878906,34.0,34.79999923706055,1603891
2023-10-04,ANDREWYU,34.5,34.599998474121094,33.25,33.599998474121094,1359403
2023-10-05,ANDREWYU,33.79999923706055,34.25,33.5,33.650001525878906,479988
2023-10-06,ANDREWYU,33.900001525878906,34.70000076293945,33.29999923706055,33.54999923706055,625006
2023-10-09,ANDREWYU,33.04999923706055,34.349998474121094,32.150001525878906,32.5,1224168
2023-10-10,ANDREWYU,32.79999923706055,34.25,32.79999923706055,33.650001525878906,1119534
2023-10-11,ANDREWYU,33.95000076293945,34.29999923706055,33.04999923706055,33.150001525878906,538693
2023-10-12,ANDREWYU,33.5,37.0,33.29999923706055,35.54999923706055,3454931
2023-10-13,ANDREWYU,35.400001525878906,40.5,35.150001525878906,38.25,8817210
2023-10-16,ANDREWYU,38.400001525878906,40.70000076293945,37.650001525878906,38.34999847412109,4890005
2023-10-17,ANDREWYU,38.70000076293945,39.5,37.650001525878906,37.900001525878906,1545441
2023-10-18,ANDREWYU,38.150001525878906,38.59999847412109,34.79999923706055,35.5,4162687
2023-10-19,ANDREWYU,35.5,35.900001525878906,34.5,35.20000076293945,1732687
2023-10-20,ANDREWYU,35.150001525878906,35.5,34.0,34.400001525878906,1137776
2023-10-23,ANDREWYU,34.0,34.54999923706055,31.049999237060547,31.850000381469727,1615562
2023-10-25,ANDREWYU,31.75,32.95000076293945,30.549999237060547,31.350000381469727,1201436
2023-10-26,ANDREWYU,31.350000381469727,31.350000381469727,31.350000381469727,31.350000381469727,0
2023-10-27,ANDREWYU,31.350000381469727,31.350000381469727,31.350000381469727,31.350000381469727,0
2023-10-30,ANDREWYU,31.350000381469727,31.350000381469727,31.350000381469727,31.350000381469727,0
2023-10-31,ANDREWYU,31.350000381469727,31.350000381469727,31.350000381469727,31.350000381469727,0
2023-10-03,ANGELONE,184.6999969482422,186.71499633789065,182.40499877929688,184.0249938964844,3067720
2023-10-04,ANGELONE,184.47000122070312,186.6000061035156,182.65499877929688,185.8500061035156,3042860
2023-10-05,ANGELONE,187.3650054931641,199.97999572753903,185.5050048828125,198.9199981689453,15619600
2023-10-06,ANGELONE,200.1000061035156,204.2949981689453,196.0,197.76499938964844,12641620
2023-10-09,ANGELONE,193.6999969482422,206.9349975585937,193.4900054931641,204.0350036621093,12385510
2023-10-10,ANGELONE,205.5,210.8999938964844,204.5,207.1699981689453,8929680
2023-10-11,ANGELONE,207.1000061035156,213.6000061035156,205.19000244140625,210.2700042724609,8819950
2023-10-12,ANGELONE,212.3999938964844,214.97999572753903,208.0,210.7350006103516,6433940
2023-10-13,ANGELONE,219.0,224.9250030517578,205.55499267578125,206.9600067138672,48622340
2023-10-16,ANGELONE,209.38999938964844,211.3999938964844,204.6000061035156,205.94500732421875,8470490
2023-10-17,ANGELONE,208.6999969482422,212.8999938964844,207.5050048828125,210.72999572753903,6025800
2023-10-18,ANGELONE,213.1999969482422,219.8000030517578,210.60499572753903,216.10499572753903,11943130
2023-10-19,ANGELONE,215.0,220.5,213.2350006103516,220.0449981689453,6667930
2023-10-20,ANGELONE,220.3999938964844,236.97000122070312,219.6649932861328,234.34500122070312,34062390
2023-10-23,ANGELONE,234.8000030517578,243.6999969482422,221.125,223.5050048828125,18174730
2023-10-25,ANGELONE,225.5,233.22999572753903,220.72999572753903,230.4100036621093,10919100
2023-10-26,ANGELONE,229.3999938964844,243.21499633789065,224.1699981689453,241.38999938964844,16797810
2023-10-27,ANGELONE,242.0,254.9149932861328,242.0,253.5800018310547,17237520
2023-10-30,ANGELONE,253.5,257.614990234375,246.0,256.3599853515625,14350500
2023-10-31,ANGELONE,256.1000061035156,259.9150085449219,253.2100067138672,258.19500732421875,8078540
2023-10-03,ANIKINDS,39.0,39.79999923706055,37.75,38.150001525878906,12379
2023-10-04,ANIKINDS,38.150001525878906,39.5,37.54999923706055,37.95000076293945,4635
2023-10-05,ANIKINDS,37.95000076293945,38.79999923706055,37.5,37.59999847412109,9231
2023-10-06,ANIKINDS,37.59999847412109,38.79999923706055,37.59999847412109,38.45000076293945,16099
2023-10-09,ANIKINDS,37.650001525878906,38.09999847412109,36.59999847412109,37.29999923706055,19618
2023-10-10,ANIKINDS,37.95000076293945,38.20000076293945,37.0,37.150001525878906,6912
2023-10-11,ANIKINDS,37.34999847412109,38.34999847412109,36.59999847412109,37.150001525878906,9738
2023-10-12,ANIKINDS,36.70000076293945,38.0,36.59999847412109,37.34999847412109,11599
2023-10-13,ANIKINDS,37.400001525878906,39.09999847412109,36.45000076293945,37.79999923706055,40927
2023-10-16,ANIKINDS,38.09999847412109,39.650001525878906,38.09999847412109,39.650001525878906,37126
2023-10-17,ANIKINDS,40.20000076293945,41.5,39.84999847412109,41.150001525878906,40149
2023-10-18,ANIKINDS,40.09999847412109,41.5,39.20000076293945,39.900001525878906,13039
2023-10-19,ANIKINDS,39.70000076293945,39.900001525878906,38.34999847412109,39.0,4450
2023-10-20,ANIKINDS,38.59999847412109,38.95000076293945,38.25,38.59999847412109,5112
2023-10-23,ANIKINDS,38.150001525878906,38.150001525878906,36.70000076293945,36.70000076293945,17028
2023-10-25,ANIKINDS,37.34999847412109,37.34999847412109,34.900001525878906,35.79999923706055,14122
2023-10-26,ANIKINDS,35.400001525878906,36.09999847412109,34.099998474121094,35.349998474121094,7478
2023-10-27,ANIKINDS,35.5,36.95000076293945,35.349998474121094,36.400001525878906,9477
2023-10-30,ANIKINDS,35.5,37.400001525878906,35.5,36.95000076293945,7129
2023-10-31,ANIKINDS,36.95000076293945,38.45000076293945,36.95000076293945,38.25,15557
2023-10-03,ANKITMETAL,5.300000190734863,5.300000190734863,5.300000190734863,5.300000190734863,10784
2023-10-04,ANKITMETAL,5.199999809265137,5.199999809265137,5.199999809265137,5.199999809265137,6798
2023-10-05,ANKITMETAL,5.099999904632568,5.099999904632568,5.099999904632568,5.099999904632568,8109
2023-10-06,ANKITMETAL,5.0,5.0,5.0,5.0,12330
2023-10-09,ANKITMETAL,4.900000095367432,4.900000095367432,4.900000095367432,4.900000095367432,13782
2023-10-10,ANKITMETAL,4.800000190734863,4.800000190734863,4.800000190734863,4.800000190734863,16347
2023-10-11,ANKITMETAL,4.699999809265137,4.699999809265137,4.699999809265137,4.699999809265137,14215
2023-10-12,ANKITMETAL,4.599999904632568,4.599999904632568,4.599999904632568,4.599999904632568,9737
2023-10-13,ANKITMETAL,4.5,4.5,4.5,4.5,22703
2023-10-16,ANKITMETAL,4.449999809265137,4.449999809265137,4.449999809265137,4.449999809265137,44012
2023-10-17,ANKITMETAL,4.400000095367432,4.400000095367432,4.400000095367432,4.400000095367432,17130
2023-10-18,ANKITMETAL,4.349999904632568,4.349999904632568,4.349999904632568,4.349999904632568,22265
2023-10-19,ANKITMETAL,4.300000190734863,4.300000190734863,4.300000190734863,4.300000190734863,9691
2023-10-20,ANKITMETAL,4.25,4.25,4.25,4.25,11922
2023-10-23,ANKITMETAL,4.199999809265137,4.199999809265137,4.199999809265137,4.199999809265137,6963
2023-10-25,ANKITMETAL,4.150000095367432,4.150000095367432,4.150000095367432,4.150000095367432,8531
2023-10-26,ANKITMETAL,4.099999904632568,4.099999904632568,4.099999904632568,4.099999904632568,16324
2023-10-27,ANKITMETAL,4.050000190734863,4.050000190734863,4.050000190734863,4.050000190734863,20184
2023-10-30,ANKITMETAL,3.900000095367432,4.25,3.900000095367432,4.25,162513
2023-10-31,ANKITMETAL,4.449999809265137,4.449999809265137,4.449999809265137,4.449999809265137,42195
2023-10-03,ANMOL,43.75,43.75,42.150001525878906,42.59999847412109,24421
2023-10-04,ANMOL,42.0,43.59999847412109,42.0,42.34999847412109,24954
2023-10-05,ANMOL,42.34999847412109,43.70000076293945,42.0,42.25,18963
2023-10-06,ANMOL,42.79999923706055,43.54999923706055,42.09999847412109,43.04999923706055,106141
2023-10-09,ANMOL,43.0,43.0,40.900001525878906,41.0,69183
2023-10-10,ANMOL,40.95000076293945,43.04999923706055,40.900001525878906,43.04999923706055,93827
2023-10-11,ANMOL,44.79999923706055,45.20000076293945,44.70000076293945,45.20000076293945,113805
2023-10-12,ANMOL,47.45000076293945,47.45000076293945,46.0,46.34999847412109,144062
2023-10-13,ANMOL,45.29999923706055,47.20000076293945,45.29999923706055,46.900001525878906,213480
2023-10-16,ANMOL,47.0,47.25,46.79999923706055,47.09999847412109,155248
2023-10-17,ANMOL,47.09999847412109,47.650001525878906,45.79999923706055,47.04999923706055,150297
2023-10-18,ANMOL,47.04999923706055,47.70000076293945,45.79999923706055,47.54999923706055,172026
2023-10-19,ANMOL,47.0,47.54999923706055,46.150001525878906,46.900001525878906,61681
2023-10-20,ANMOL,46.900001525878906,47.04999923706055,45.59999847412109,46.5,88791
2023-10-23,ANMOL,47.29999923706055,50.04999923706055,44.20000076293945,45.25,263949
2023-10-25,ANMOL,45.5,46.79999923706055,43.34999847412109,44.95000076293945,111250
2023-10-26,ANMOL,44.04999923706055,44.79999923706055,43.150001525878906,44.5,228002
2023-10-27,ANMOL,44.5,49.400001525878906,44.5,46.79999923706055,317706
2023-10-30,ANMOL,47.400001525878906,47.900001525878906,46.59999847412109,47.0,61053
2023-10-31,ANMOL,47.650001525878906,51.400001525878906,47.650001525878906,50.04999923706055,1131503
2023-10-03,ANNAPURNA,265.0,290.0,265.0,272.8500061035156,426000
2023-10-04,ANNAPURNA,274.20001220703125,275.0,269.3999938964844,273.8999938964844,93000
2023-10-05,ANNAPURNA,273.5,281.5,268.04998779296875,274.95001220703125,285000
2023-10-06,ANNAPURNA,280.0,283.95001220703125,275.04998779296875,282.0,109000
2023-10-09,ANNAPURNA,280.0,282.0,275.0,279.6499938964844,41000
2023-10-10,ANNAPURNA,284.95001220703125,293.95001220703125,282.04998779296875,289.8999938964844,126000
2023-10-11,ANNAPURNA,290.0,307.1499938964844,290.0,303.1499938964844,117000
2023-10-12,ANNAPURNA,309.0,325.1499938964844,308.0,320.70001220703125,173000
2023-10-13,ANNAPURNA,321.1000061035156,334.95001220703125,321.04998779296875,332.3500061035156,180000
2023-10-16,ANNAPURNA,326.04998779296875,328.95001220703125,306.0,309.25,107000
2023-10-17,ANNAPURNA,310.1000061035156,310.1000061035156,295.0,300.3500061035156,61000
2023-10-18,ANNAPURNA,296.1499938964844,307.0,295.0,306.79998779296875,69000
2023-10-19,ANNAPURNA,305.0,311.1499938964844,301.04998779296875,307.6000061035156,44000
2023-10-20,ANNAPURNA,304.0,312.6000061035156,304.0,306.8999938964844,81000
2023-10-23,ANNAPURNA,305.0,305.0,280.0,283.3500061035156,166000
2023-10-25,ANNAPURNA,285.0,291.8500061035156,271.0,280.0,105000
2023-10-26,ANNAPURNA,280.0,282.95001220703125,266.6000061035156,280.95001220703125,70000
2023-10-27,ANNAPURNA,280.95001220703125,292.1499938964844,280.95001220703125,291.45001220703125,30000
2023-10-30,ANNAPURNA,295.0,302.0,286.0,299.1000061035156,49500
2023-10-31,ANNAPURNA,300.0,305.0,292.5,302.0,18000
2023-10-03,ANSALAPI,15.050000190734863,15.050000190734863,15.050000190734863,15.050000190734863,0
2023-10-04,ANSALAPI,15.050000190734863,15.050000190734863,15.050000190734863,15.050000190734863,0
2023-10-05,ANSALAPI,15.050000190734863,15.050000190734863,15.050000190734863,15.050000190734863,0
2023-10-06,ANSALAPI,15.050000190734863,15.050000190734863,15.050000190734863,15.050000190734863,0
2023-10-09,ANSALAPI,14.300000190734863,14.300000190734863,14.300000190734863,14.300000190734863,79194
2023-10-10,ANSALAPI,14.300000190734863,14.300000190734863,14.300000190734863,14.300000190734863,0
2023-10-11,ANSALAPI,14.300000190734863,14.300000190734863,14.300000190734863,14.300000190734863,0
2023-10-12,ANSALAPI,14.300000190734863,14.300000190734863,14.300000190734863,14.300000190734863,0
2023-10-13,ANSALAPI,14.300000190734863,14.300000190734863,14.300000190734863,14.300000190734863,0
2023-10-16,ANSALAPI,13.600000381469728,13.600000381469728,13.600000381469728,13.600000381469728,9688
2023-10-17,ANSALAPI,13.600000381469728,13.600000381469728,13.600000381469728,13.600000381469728,0
2023-10-18,ANSALAPI,13.600000381469728,13.600000381469728,13.600000381469728,13.600000381469728,0
2023-10-19,ANSALAPI,13.600000381469728,13.600000381469728,13.600000381469728,13.600000381469728,0
2023-10-20,ANSALAPI,13.600000381469728,13.600000381469728,13.600000381469728,13.600000381469728,0
2023-10-23,ANSALAPI,12.949999809265137,12.949999809265137,12.949999809265137,12.949999809265137,1833
2023-10-25,ANSALAPI,12.949999809265137,12.949999809265137,12.949999809265137,12.949999809265137,0
2023-10-26,ANSALAPI,12.949999809265137,12.949999809265137,12.949999809265137,12.949999809265137,0
2023-10-27,ANSALAPI,12.949999809265137,12.949999809265137,12.949999809265137,12.949999809265137,0
2023-10-30,ANSALAPI,12.300000190734863,12.300000190734863,12.300000190734863,12.300000190734863,876
2023-10-31,ANSALAPI,12.300000190734863,12.300000190734863,12.300000190734863,12.300000190734863,0
2023-10-03,ANTELOPUS,408.0,424.0,405.7000122070313,409.6499938964844,174839
2023-10-04,ANTELOPUS,405.0,410.2000122070313,390.1499938964844,397.1000061035156,172091
2023-10-05,ANTELOPUS,397.3500061035156,406.9500122070313,395.6499938964844,397.3999938964844,155288
2023-10-06,ANTELOPUS,399.5499877929688,401.3500061035156,390.0499877929688,391.3500061035156,107320
2023-10-09,ANTELOPUS,391.0499877929688,402.0,390.0,391.1499938964844,141090
2023-10-10,ANTELOPUS,392.6000061035156,398.6000061035156,390.0,391.7999877929688,70816
2023-10-11,ANTELOPUS,393.8999938964844,412.0,393.8999938964844,404.75,253650
2023-10-12,ANTELOPUS,407.0,433.1499938964844,402.3999938964844,426.8500061035156,874267
2023-10-13,ANTELOPUS,430.0,457.6000061035156,430.0,447.2999877929688,1168793
2023-10-16,ANTELOPUS,451.8999938964844,471.3999938964844,451.0,463.4500122070313,1075580
2023-10-17,ANTELOPUS,463.0499877929688,477.0,437.3999938964844,440.3500061035156,1276407
2023-10-18,ANTELOPUS,444.0,460.0,433.7000122070313,440.75,419915
2023-10-19,ANTELOPUS,440.2000122070313,450.1000061035156,430.3500061035156,436.75,177767
2023-10-20,ANTELOPUS,437.0,444.2000122070313,429.0,430.8999938964844,138078
2023-10-23,ANTELOPUS,431.0,436.2000122070313,410.0,411.7999877929688,206814
2023-10-25,ANTELOPUS,413.4500122070313,428.0,403.75,422.5,210084
2023-10-26,ANTELOPUS,415.5,421.6000061035156,407.8999938964844,412.5,110599
2023-10-27,ANTELOPUS,417.8999938964844,431.0,414.0499877929688,422.0,85487
2023-10-30,ANTELOPUS,422.0,426.0,414.5499877929688,418.25,80605
2023-10-31,ANTELOPUS,412.2999877929688,448.7999877929688,412.2999877929688,443.2999877929688,191275
2023-10-03,ANTGRAPHIC,0.800000011920929,0.8500000238418579,0.75,0.800000011920929,198008
2023-10-04,ANTGRAPHIC,0.800000011920929,0.800000011920929,0.75,0.75,242497
2023-10-05,ANTGRAPHIC,0.75,0.800000011920929,0.75,0.75,133105
2023-10-06,ANTGRAPHIC,0.75,0.800000011920929,0.75,0.75,178197
2023-10-09,ANTGRAPHIC,0.75,0.800000011920929,0.75,0.800000011920929,244647
2023-10-10,ANTGRAPHIC,0.75,0.800000011920929,0.75,0.75,419739
2023-10-11,ANTGRAPHIC,0.75,0.800000011920929,0.699999988079071,0.75,397543
2023-10-12,ANTGRAPHIC,0.75,0.75,0.699999988079071,0.699999988079071,217819
2023-10-13,ANTGRAPHIC,0.699999988079071,0.75,0.699999988079071,0.75,214621
2023-10-16,ANTGRAPHIC,0.75,0.75,0.699999988079071,0.75,180935
2023-10-17,ANTGRAPHIC,0.699999988079071,0.800000011920929,0.699999988079071,0.75,169769
2023-10-18,ANTGRAPHIC,0.800000011920929,0.800000011920929,0.699999988079071,0.75,280389
2023-10-19,ANTGRAPHIC,0.75,0.800000011920929,0.699999988079071,0.800000011920929,190775
2023-10-20,ANTGRAPHIC,0.800000011920929,0.800000011920929,0.75,0.800000011920929,167998
2023-10-23,ANTGRAPHIC,0.800000011920929,0.800000011920929,0.75,0.75,118897
2023-10-25,ANTGRAPHIC,0.75,0.75,0.699999988079071,0.699999988079071,401440
2023-10-26,ANTGRAPHIC,0.699999988079071,0.75,0.6499999761581421,0.699999988079071,98009
2023-10-27,ANTGRAPHIC,0.699999988079071,0.75,0.6499999761581421,0.75,272713
2023-10-30,ANTGRAPHIC,0.75,0.75,0.699999988079071,0.699999988079071,83293
2023-10-31,ANTGRAPHIC,0.699999988079071,0.75,0.699999988079071,0.699999988079071,152077
2023-10-03,ANUP,991.3499755859376,997.4749755859376,970.4749755859376,981.1749877929688,19698
2023-10-04,ANUP,975.0250244140624,994.5,964.0499877929688,979.625,29206
2023-10-05,ANUP,985.0,992.5,975.0,984.5250244140624,10180
2023-10-06,ANUP,990.0,1010.0,973.5,1001.4000244140624,37672
2023-10-09,ANUP,990.0,1040.0,972.3250122070312,1018.0,63656
2023-10-10,ANUP,1022.375,1049.5,1015.0250244140624,1025.300048828125,42486
2023-10-11,ANUP,1033.0,1045.175048828125,1025.050048828125,1034.375,31994
2023-10-12,ANUP,1039.0,1045.0,1017.5,1023.4500122070312,17100
2023-10-13,ANUP,1023.4500122070312,1043.425048828125,1019.7249755859376,1034.925048828125,20952
2023-10-16,ANUP,1035.5,1101.925048828125,1035.5,1065.574951171875,75382
2023-10-17,ANUP,1069.949951171875,1080.4749755859375,1048.0,1052.925048828125,37098
2023-10-18,ANUP,1062.4000244140625,1080.2750244140625,1052.675048828125,1074.125,28328
2023-10-19,ANUP,1064.0,1086.7750244140625,1060.0250244140625,1078.675048828125,14116
2023-10-20,ANUP,1087.5,1088.25,1050.5,1061.5999755859375,18394
2023-10-23,ANUP,1065.0250244140625,1074.9749755859375,1014.0,1053.375,50466
2023-10-25,ANUP,1058.9749755859375,1066.375,1002.5250244140624,1059.699951171875,74146
2023-10-26,ANUP,1055.0250244140625,1055.0250244140625,967.5,1007.9249877929688,96062
2023-10-27,ANUP,1005.0,1090.0,1005.0,1068.324951171875,37438
2023-10-30,ANUP,1090.0,1280.0,1060.625,1229.675048828125,1052140
2023-10-31,ANUP,1274.5,1284.5,1216.800048828125,1231.0999755859375,334052
2023-10-03,ANURAS,889.75,889.75,875.25,879.2000122070312,32123
2023-10-04,ANURAS,879.2000122070312,889.7999877929688,870.2999877929688,887.5,72279
2023-10-05,ANURAS,892.2000122070312,901.75,881.5,898.6500244140625,229542
2023-10-06,ANURAS,903.25,904.7000122070312,887.0,891.0499877929688,111019
2023-10-09,ANURAS,885.4000244140625,887.0999755859375,877.4500122070312,882.5999755859375,75559
2023-10-10,ANURAS,882.0,889.75,873.5499877929688,878.4500122070312,93947
2023-10-11,ANURAS,880.0,886.7000122070312,880.0,883.25,27301
2023-10-12,ANURAS,883.25,893.4500122070312,875.25,880.9000244140625,116068
2023-10-13,ANURAS,882.2999877929688,888.9000244140625,878.0,884.1500244140625,294812
2023-10-16,ANURAS,888.7999877929688,889.0499877929688,873.0499877929688,881.5499877929688,120869
2023-10-17,ANURAS,889.75,891.3499755859375,847.25,850.0999755859375,528815
2023-10-18,ANURAS,857.9500122070312,864.0,847.7999877929688,851.2999877929688,280041
2023-10-19,ANURAS,852.3499755859375,861.0,846.5499877929688,849.5,223466
2023-10-20,ANURAS,853.7000122070312,855.0,847.0,851.25,64038
2023-10-23,ANURAS,858.9500122070312,858.9500122070312,846.0,849.1500244140625,116818
2023-10-25,ANURAS,847.0,857.0,845.5499877929688,851.3499755859375,114702
2023-10-26,ANURAS,845.0,854.4500122070312,840.0,842.0,101198
2023-10-27,ANURAS,842.4500122070312,855.0,842.0999755859375,851.7999877929688,231875
2023-10-30,ANURAS,851.7999877929688,884.0,849.5499877929688,878.3499755859375,184163
2023-10-31,ANURAS,884.7000122070312,886.7000122070312,873.6500244140625,883.5499877929688,74770
2023-10-03,APARINDS,5494.0,5629.0,5456.5498046875,5496.10009765625,117836
2023-10-04,APARINDS,5517.7001953125,5533.4501953125,5275.0,5341.7998046875,130052
2023-10-05,APARINDS,5387.9501953125,5474.2001953125,5350.0,5392.89990234375,97929
2023-10-06,APARINDS,5422.0,5449.0,5367.89990234375,5438.39990234375,51194
2023-10-09,APARINDS,5300.0,5369.0,5225.0,5256.64990234375,75648
2023-10-10,APARINDS,5277.0,5324.9501953125,5141.0,5179.64990234375,88265
2023-10-11,APARINDS,5200.0,5375.0,5180.39990234375,5323.7998046875,88248
2023-10-12,APARINDS,5369.2998046875,5510.0,5362.0498046875,5482.2001953125,106678
2023-10-13,APARINDS,5490.0,5507.64990234375,5380.0,5411.5498046875,49224
2023-10-16,APARINDS,5443.9501953125,5508.0,5370.0,5496.5,57680
2023-10-17,APARINDS,5534.89990234375,5549.9501953125,5391.0,5416.9501953125,42740
2023-10-18,APARINDS,5449.0,5449.0,5266.2998046875,5289.7998046875,74637
2023-10-19,APARINDS,5230.0,5370.0,5108.60009765625,5305.0,143563
2023-10-20,APARINDS,5286.7001953125,5340.0,5212.0,5309.39990234375,61286
2023-10-23,APARINDS,5298.9501953125,5300.0,5155.0,5197.39990234375,269191
2023-10-25,APARINDS,5199.60009765625,5298.0,4927.5498046875,4992.85009765625,126214
2023-10-26,APARINDS,4950.0,5214.35009765625,4545.64990234375,5165.39990234375,539025
2023-10-27,APARINDS,5190.0,5329.0,4981.0,5020.2998046875,170247
2023-10-30,APARINDS,5020.2998046875,5136.10009765625,4826.0,5074.10009765625,174356
2023-10-31,APARINDS,5080.0,5255.4501953125,5055.60009765625,5179.4501953125,110690
2023-10-03,APCL,190.8500061035156,190.8500061035156,184.1999969482422,184.8000030517578,36243
2023-10-04,APCL,184.8000030517578,187.75,182.1000061035156,182.6999969482422,8987
2023-10-05,APCL,184.8500061035156,184.8500061035156,181.5500030517578,182.8500061035156,18417
2023-10-06,APCL,182.0,185.1000061035156,182.0,183.1499938964844,9422
2023-10-09,APCL,182.6999969482422,186.1999969482422,179.75,180.1999969482422,22407
2023-10-10,APCL,180.3999938964844,182.8500061035156,180.3500061035156,182.3000030517578,6049
2023-10-11,APCL,182.5,184.0,182.0,183.6499938964844,11215
2023-10-12,APCL,185.8000030517578,189.1499938964844,183.8500061035156,188.4499969482422,45889
2023-10-13,APCL,189.0,192.0,187.4499969482422,189.5,23790
2023-10-16,APCL,190.8000030517578,190.8000030517578,186.3000030517578,187.5,16213
2023-10-17,APCL,186.0,190.3999938964844,186.0,188.0500030517578,15254
2023-10-18,APCL,190.6999969482422,190.6999969482422,186.1999969482422,186.3999938964844,18489
2023-10-19,APCL,186.3999938964844,221.8999938964844,186.25,217.1000061035156,1130881
2023-10-20,APCL,217.5,219.6499938964844,211.1499938964844,212.1499938964844,205218
2023-10-23,APCL,214.75,215.0,195.1000061035156,197.1000061035156,176186
2023-10-25,APCL,200.1000061035156,201.1000061035156,190.5,191.8999938964844,54066
2023-10-26,APCL,191.8500061035156,192.75,187.1000061035156,191.8500061035156,46157
2023-10-27,APCL,191.8500061035156,197.9499969482422,191.3999938964844,195.6000061035156,34625
2023-10-30,APCL,198.0,198.0,192.75,194.25,16508
2023-10-31,APCL,194.1999969482422,199.8000030517578,190.75,193.0500030517578,41596
2023-10-03,APCOTEXIND,512.9500122070312,512.9500122070312,502.3500061035156,504.7000122070313,28434
2023-10-04,APCOTEXIND,504.3999938964844,509.8500061035156,500.25,506.0,19697
2023-10-05,APCOTEXIND,504.0,512.0,499.1000061035156,508.7000122070313,27905
2023-10-06,APCOTEXIND,510.0,510.0,497.3500061035156,500.6000061035156,29052
2023-10-09,APCOTEXIND,500.0499877929688,515.0,489.8999938964844,505.1499938964844,101159
2023-10-10,APCOTEXIND,505.0,517.0,495.1000061035156,514.25,98732
2023-10-11,APCOTEXIND,516.8499755859375,530.0,512.0,527.8499755859375,100757
2023-10-12,APCOTEXIND,529.7999877929688,535.0,518.0499877929688,533.2999877929688,100994
2023-10-13,APCOTEXIND,535.7999877929688,538.0,522.0,524.4500122070312,47304
2023-10-16,APCOTEXIND,527.0499877929688,528.7000122070312,521.0499877929688,525.2000122070312,26224
2023-10-17,APCOTEXIND,531.9000244140625,538.9500122070312,525.0,529.0,31356
2023-10-18,APCOTEXIND,531.6500244140625,531.6500244140625,516.0499877929688,518.9500122070312,24302
2023-10-19,APCOTEXIND,515.0999755859375,520.9500122070312,513.0,515.8499755859375,14694
2023-10-20,APCOTEXIND,515.8499755859375,518.4500122070312,507.1000061035156,511.25,17898
2023-10-23,APCOTEXIND,514.9000244140625,514.9000244140625,497.0,500.25,35922
2023-10-25,APCOTEXIND,495.5,505.1499938964844,486.2000122070313,490.75,31811
2023-10-26,APCOTEXIND,495.1000061035156,499.75,475.6000061035156,488.8999938964844,113740
2023-10-27,APCOTEXIND,490.1000061035156,495.0,482.0,490.1499938964844,40287
2023-10-30,APCOTEXIND,498.0,498.0,483.25,491.3999938964844,28991
2023-10-31,APCOTEXIND,490.6000061035156,494.8999938964844,482.1000061035156,484.0499877929688,30111
2023-10-03,APEX,225.6000061035156,226.3000030517578,224.0,224.1999969482422,61909
2023-10-04,APEX,223.3500061035156,224.8999938964844,221.0,222.1000061035156,93120
2023-10-05,APEX,223.8500061035156,226.3000030517578,220.5500030517578,222.0500030517578,71650
2023-10-06,APEX,223.0,226.0,221.5500030517578,224.3999938964844,65040
2023-10-09,APEX,222.1999969482422,222.1999969482422,217.0,218.8000030517578,85393
2023-10-10,APEX,221.0,223.6499938964844,220.0,220.8999938964844,71381
2023-10-11,APEX,222.5,232.3999938964844,221.8000030517578,226.5500030517578,206446
2023-10-12,APEX,228.5,228.5,226.0,226.8000030517578,63864
2023-10-13,APEX,225.9499969482422,227.0500030517578,221.6999969482422,222.3500061035156,68732
2023-10-16,APEX,223.1999969482422,226.6999969482422,222.0500030517578,223.0,73221
2023-10-17,APEX,224.0,227.5,222.8000030517578,224.0500030517578,64052
2023-10-18,APEX,225.0,227.0500030517578,220.9499969482422,221.6999969482422,81469
2023-10-19,APEX,220.0,225.8999938964844,219.5,222.1499938964844,78311
2023-10-20,APEX,221.5,223.1499938964844,218.6999969482422,219.1999969482422,72450
2023-10-23,APEX,220.1999969482422,220.6999969482422,208.5500030517578,210.6499938964844,87760
2023-10-25,APEX,213.6499938964844,215.3999938964844,206.1999969482422,209.6499938964844,61054
2023-10-26,APEX,209.5500030517578,209.5500030517578,201.5500030517578,205.8000030517578,110110
2023-10-27,APEX,206.6999969482422,214.8000030517578,206.6999969482422,212.3500061035156,69548
2023-10-30,APEX,214.0,214.6999969482422,210.0,212.75,38162
2023-10-31,APEX,212.3500061035156,215.6000061035156,209.3500061035156,210.3500061035156,52013
2023-10-03,APLAPOLLO,1630.0,1649.8499755859375,1610.0,1640.3499755859375,480463
2023-10-04,APLAPOLLO,1650.0,1657.550048828125,1599.0,1602.75,570717
2023-10-05,APLAPOLLO,1614.800048828125,1646.0,1607.550048828125,1616.8499755859375,704907
2023-10-06,APLAPOLLO,1616.800048828125,1640.75,1605.0,1619.300048828125,394310
2023-10-09,APLAPOLLO,1610.0,1610.0,1565.0,1574.3499755859375,504510
2023-10-10,APLAPOLLO,1582.0,1620.0,1554.0,1614.9000244140625,587104
2023-10-11,APLAPOLLO,1625.0,1676.949951171875,1619.1500244140625,1669.3499755859375,1091326
2023-10-12,APLAPOLLO,1675.0,1689.699951171875,1667.25,1676.050048828125,643184
2023-10-13,APLAPOLLO,1657.550048828125,1723.0,1657.550048828125,1712.1500244140625,895576
2023-10-16,APLAPOLLO,1724.4000244140625,1748.949951171875,1705.699951171875,1719.5999755859375,721749
2023-10-17,APLAPOLLO,1721.949951171875,1782.0,1717.1500244140625,1774.949951171875,1072273
2023-10-18,APLAPOLLO,1770.0,1788.3499755859375,1728.050048828125,1765.5999755859375,1009528
2023-10-19,APLAPOLLO,1750.0,1750.0,1695.0,1698.949951171875,479605
2023-10-20,APLAPOLLO,1703.5,1729.0,1678.949951171875,1709.050048828125,287244
2023-10-23,APLAPOLLO,1725.0,1725.0,1620.699951171875,1639.449951171875,546733
2023-10-25,APLAPOLLO,1642.0,1657.9000244140625,1602.449951171875,1624.550048828125,726593
2023-10-26,APLAPOLLO,1607.699951171875,1624.0,1587.449951171875,1596.949951171875,847701
2023-10-27,APLAPOLLO,1619.0,1644.300048828125,1615.0,1623.9000244140625,519342
2023-10-30,APLAPOLLO,1628.0,1637.6500244140625,1591.1500244140625,1603.75,398418
2023-10-31,APLAPOLLO,1619.0,1624.0,1556.0,1565.300048828125,1194353
2023-10-03,APLLTD,784.0,794.3499755859375,775.0,790.75,101974
2023-10-04,APLLTD,786.0499877929688,798.0,771.5999755859375,777.75,134721
2023-10-05,APLLTD,779.0499877929688,785.9500122070312,770.25,775.9000244140625,46095
2023-10-06,APLLTD,775.9000244140625,787.2999877929688,770.4500122070312,772.8499755859375,621193
2023-10-09,APLLTD,765.7999877929688,784.3499755859375,756.0,759.8499755859375,82231
2023-10-10,APLLTD,759.7999877929688,785.0,758.5,766.9500122070312,79934
2023-10-11,APLLTD,769.9500122070312,820.4000244140625,767.0499877929688,810.2999877929688,1030671
2023-10-12,APLLTD,810.2999877929688,817.7000122070312,793.5,799.75,679712
2023-10-13,APLLTD,798.5,818.3499755859375,793.5499877929688,800.9000244140625,259985
2023-10-16,APLLTD,804.5,813.75,800.5499877929688,806.7999877929688,120899
2023-10-17,APLLTD,806.8499755859375,828.2000122070312,797.9500122070312,805.5,322995
2023-10-18,APLLTD,806.0,825.0,794.1500244140625,815.0,251242
2023-10-19,APLLTD,810.1500244140625,839.0,803.7999877929688,808.4500122070312,195730
2023-10-20,APLLTD,804.0,812.9500122070312,792.0499877929688,798.2000122070312,103644
2023-10-23,APLLTD,797.8499755859375,800.9500122070312,735.5,754.0999755859375,220539
2023-10-25,APLLTD,754.0,773.7999877929688,741.1500244140625,758.9000244140625,113639
2023-10-26,APLLTD,752.0,761.0,720.0,746.75,164615
2023-10-27,APLLTD,747.0499877929688,769.2999877929688,745.3499755859375,747.25,81105
2023-10-30,APLLTD,749.0999755859375,750.0,730.2000122070312,734.6500244140625,134991
2023-10-31,APLLTD,738.2999877929688,738.2999877929688,707.1500244140625,713.0499877929688,207596
2023-10-03,APOLLO,59.0,61.5,58.09999847412109,59.20000076293945,4683529
2023-10-04,APOLLO,60.25,65.0999984741211,60.20000076293945,65.0999984741211,3988155
2023-10-05,APOLLO,68.0,71.5999984741211,67.0,69.25,14523850
2023-10-06,APOLLO,72.0,74.5,66.25,66.69999694824219,9636116
2023-10-09,APOLLO,68.5,70.3499984741211,64.5,65.44999694824219,8745187
2023-10-10,APOLLO,67.0,68.5,63.79999923706055,66.69999694824219,4934545
2023-10-11,APOLLO,67.80000305175781,68.5,65.0999984741211,65.80000305175781,3400286
2023-10-12,APOLLO,66.30000305175781,66.69999694824219,63.29999923706055,63.84999847412109,3367281
2023-10-13,APOLLO,63.54999923706055,66.69999694824219,63.29999923706055,65.4000015258789,3006398
2023-10-16,APOLLO,65.75,68.0,65.0999984741211,66.6500015258789,2697430
2023-10-17,APOLLO,67.4000015258789,68.0,66.3499984741211,66.6500015258789,1695380
2023-10-18,APOLLO,66.80000305175781,76.4000015258789,66.5999984741211,72.19999694824219,18952592
2023-10-19,APOLLO,73.9000015258789,78.80000305175781,73.55000305175781,76.8499984741211,12242447
2023-10-20,APOLLO,78.44999694824219,80.0,73.4000015258789,75.3499984741211,5960455
2023-10-23,APOLLO,76.1500015258789,76.5,66.25,68.05000305175781,6842601
2023-10-25,APOLLO,69.5,72.4000015258789,67.30000305175781,69.0999984741211,5212621
2023-10-26,APOLLO,68.30000305175781,74.5,65.25,73.80000305175781,8301645
2023-10-27,APOLLO,74.69999694824219,76.75,74.5,74.8499984741211,4098153
2023-10-30,APOLLO,79.0,79.0,75.55000305175781,76.19999694824219,3132401
2023-10-31,APOLLO,76.69999694824219,91.4000015258789,76.55000305175781,91.4000015258789,26334805
2023-10-03,APOLLOHOSP,5138.9501953125,5154.9501953125,5066.0,5118.9501953125,268482
2023-10-04,APOLLOHOSP,5085.0,5096.85009765625,4982.2998046875,5047.39990234375,442482
2023-10-05,APOLLOHOSP,5054.9501953125,5079.85009765625,5026.64990234375,5047.0498046875,363289
2023-10-06,APOLLOHOSP,5050.0,5084.0,5028.7998046875,5060.25,407753
2023-10-09,APOLLOHOSP,5000.0,5066.0,4987.0498046875,5047.2998046875,176296
2023-10-10,APOLLOHOSP,5068.9501953125,5084.5498046875,5033.0,5066.7001953125,202645
2023-10-11,APOLLOHOSP,5072.9501953125,5140.0,5065.0,5092.85009765625,336099
2023-10-12,APOLLOHOSP,5092.7998046875,5113.9501953125,4871.7001953125,4993.85009765625,1029595
2023-10-13,APOLLOHOSP,4988.9501953125,5029.10009765625,4933.75,5017.2998046875,410013
2023-10-16,APOLLOHOSP,5030.0,5049.4501953125,4986.39990234375,5021.7001953125,259806
2023-10-17,APOLLOHOSP,5050.0,5068.0,5012.2001953125,5028.7998046875,217907
2023-10-18,APOLLOHOSP,5021.0,5039.9501953125,4938.4501953125,4977.25,341459
2023-10-19,APOLLOHOSP,4977.25,5019.9501953125,4935.14990234375,4997.0498046875,231958
2023-10-20,APOLLOHOSP,4990.10009765625,4999.9501953125,4940.5,4977.5498046875,252447
2023-10-23,APOLLOHOSP,4977.0,5010.5498046875,4944.14990234375,4969.5498046875,363474
2023-10-25,APOLLOHOSP,4960.0,4971.35009765625,4831.5,4859.89990234375,894230
2023-10-26,APOLLOHOSP,4859.89990234375,4859.89990234375,4726.0,4760.2998046875,836962
2023-10-27,APOLLOHOSP,4779.9501953125,4860.5498046875,4776.7998046875,4830.2001953125,333727
2023-10-30,APOLLOHOSP,4840.0,4868.39990234375,4783.0498046875,4841.75,234759
2023-10-31,APOLLOHOSP,4832.0,4899.64990234375,4805.2001953125,4819.89990234375,276660
2023-10-03,APOLLOPIPE,706.2000122070312,716.5,696.4000244140625,705.5999755859375,75426
2023-10-04,APOLLOPIPE,697.0,710.0,687.0,699.6500244140625,74515
2023-10-05,APOLLOPIPE,700.6500244140625,708.0,685.3499755859375,689.3499755859375,40738
2023-10-06,APOLLOPIPE,689.4000244140625,700.7999877929688,689.0,691.2999877929688,48066
2023-10-09,APOLLOPIPE,684.0999755859375,688.5999755859375,678.0,681.9500122070312,52963
2023-10-10,APOLLOPIPE,683.0,690.0,676.2999877929688,681.5999755859375,52689
2023-10-11,APOLLOPIPE,687.9500122070312,687.9500122070312,663.7000122070312,684.1500244140625,43962
2023-10-12,APOLLOPIPE,687.0,698.75,683.7000122070312,688.2999877929688,50062
2023-10-13,APOLLOPIPE,687.0,690.4000244140625,682.0,684.0,29238
2023-10-16,APOLLOPIPE,689.9500122070312,699.9500122070312,682.5499877929688,695.5999755859375,55891
2023-10-17,APOLLOPIPE,699.8499755859375,700.0,693.3499755859375,697.1500244140625,55757
2023-10-18,APOLLOPIPE,699.0,706.2000122070312,694.0,696.3499755859375,42132
2023-10-19,APOLLOPIPE,690.0999755859375,696.1500244140625,685.7999877929688,688.3499755859375,130392
2023-10-20,APOLLOPIPE,684.25,697.4000244140625,679.0999755859375,686.0,62170
2023-10-23,APOLLOPIPE,686.0,691.8499755859375,667.0499877929688,675.5999755859375,68749
2023-10-25,APOLLOPIPE,680.0,681.7999877929688,657.0999755859375,670.1500244140625,55217
2023-10-26,APOLLOPIPE,679.0,685.9000244140625,644.7000122070312,660.2000122070312,196092
2023-10-27,APOLLOPIPE,672.0,674.9000244140625,633.9500122070312,644.25,113218
2023-10-30,APOLLOPIPE,638.0,650.5499877929688,630.7999877929688,644.7000122070312,66746
2023-10-31,APOLLOPIPE,648.4000244140625,664.0,648.0,660.0999755859375,92369
2023-10-03,APOLLOTYRE,369.5499877929688,372.5,367.1000061035156,371.8999938964844,1852792
2023-10-04,APOLLOTYRE,371.4500122070313,371.4500122070313,366.0,370.3999938964844,1267442
2023-10-05,APOLLOTYRE,372.8500061035156,376.0,369.2999877929688,372.5,1835375
2023-10-06,APOLLOTYRE,373.4500122070313,382.1499938964844,372.7000122070313,380.3999938964844,3020445
2023-10-09,APOLLOTYRE,372.7999877929688,375.7999877929688,368.1000061035156,371.1000061035156,2405714
2023-10-10,APOLLOTYRE,373.3999938964844,378.0,372.25,375.2000122070313,1271420
2023-10-11,APOLLOTYRE,378.0,380.2999877929688,372.8999938964844,378.0499877929688,2343892
2023-10-12,APOLLOTYRE,379.1499938964844,383.8500061035156,377.5,379.2999877929688,2387602
2023-10-13,APOLLOTYRE,379.0,382.3999938964844,376.0,381.5499877929688,2264580
2023-10-16,APOLLOTYRE,379.5499877929688,381.75,373.2999877929688,380.6000061035156,2283521
2023-10-17,APOLLOTYRE,389.0,394.5,386.8999938964844,389.8999938964844,8622451
2023-10-18,APOLLOTYRE,390.0,390.0,381.6499938964844,382.7999877929688,2846103
2023-10-19,APOLLOTYRE,382.0,386.25,378.1000061035156,385.0,2359339
2023-10-20,APOLLOTYRE,382.9500122070313,386.3999938964844,379.2000122070313,383.9500122070313,1309227
2023-10-23,APOLLOTYRE,383.3500061035156,385.3999938964844,371.7000122070313,375.0,1391548
2023-10-25,APOLLOTYRE,376.5,378.7000122070313,371.1000061035156,374.7000122070313,1038613
2023-10-26,APOLLOTYRE,374.2999877929688,374.2999877929688,368.1000061035156,370.75,1509438
2023-10-27,APOLLOTYRE,371.8500061035156,377.5499877929688,371.75,375.6000061035156,779237
2023-10-30,APOLLOTYRE,377.8999938964844,377.8999938964844,370.6000061035156,374.1499938964844,541858
2023-10-31,APOLLOTYRE,376.5499877929688,382.75,375.25,381.2999877929688,1049214
2023-10-03,APOLSINHOT,1520.0,1530.0,1491.5999755859375,1520.0,1741
2023-10-04,APOLSINHOT,1522.0,1522.0,1492.0,1522.0,752
2023-10-05,APOLSINHOT,1552.4000244140625,1552.4000244140625,1522.0,1552.4000244140625,164
2023-10-06,APOLSINHOT,1583.4000244140625,1583.4000244140625,1557.050048828125,1583.4000244140625,396
2023-10-09,APOLSINHOT,1583.4000244140625,1591.0,1510.0,1585.0,1131
2023-10-10,APOLSINHOT,1600.0,1664.25,1551.0,1604.050048828125,484
2023-10-11,APOLSINHOT,1615.0,1637.0,1600.0,1635.0,766
2023-10-12,APOLSINHOT,1620.0,1659.0,1585.0,1651.0,556
2023-10-13,APOLSINHOT,1640.0,1668.0,1620.0,1647.699951171875,481
2023-10-16,APOLSINHOT,1681.0,1681.0,1580.0,1593.5,1074
2023-10-17,APOLSINHOT,1593.5,1620.0,1575.0,1588.699951171875,785
2023-10-18,APOLSINHOT,1551.0,1668.0999755859375,1551.0,1649.5999755859375,1283
2023-10-19,APOLSINHOT,1649.5999755859375,1732.0,1602.0,1709.800048828125,1235
2023-10-20,APOLSINHOT,1660.0,1789.0,1660.0,1739.9000244140625,1598
2023-10-23,APOLSINHOT,1900.0,1900.0,1720.0,1742.0,1633
2023-10-25,APOLSINHOT,1780.0,1809.5,1651.0,1732.050048828125,1085
2023-10-26,APOLSINHOT,1605.0,1699.9000244140625,1576.949951171875,1692.050048828125,2683
2023-10-27,APOLSINHOT,1702.75,1845.0,1702.050048828125,1839.050048828125,4289
2023-10-30,APOLSINHOT,1888.0,1888.0,1780.0,1786.449951171875,1556
2023-10-31,APOLSINHOT,1839.949951171875,1839.949951171875,1787.0,1798.449951171875,1570
2023-10-03,APTECHT,282.79998779296875,282.8500061035156,277.1499938964844,278.6499938964844,169820
2023-10-04,APTECHT,278.1000061035156,279.6000061035156,273.29998779296875,275.1000061035156,205006
2023-10-05,APTECHT,277.3999938964844,281.45001220703125,272.3500061035156,280.3999938964844,171218
2023-10-06,APTECHT,282.8999938964844,285.8500061035156,278.1499938964844,283.75,136764
2023-10-09,APTECHT,283.70001220703125,283.70001220703125,271.95001220703125,275.04998779296875,152926
2023-10-10,APTECHT,276.45001220703125,280.0,276.04998779296875,277.20001220703125,109421
2023-10-11,APTECHT,278.0,283.04998779296875,278.0,280.8999938964844,108789
2023-10-12,APTECHT,281.95001220703125,284.95001220703125,280.0,283.25,142761
2023-10-13,APTECHT,283.0,291.6000061035156,281.8500061035156,288.79998779296875,282880
2023-10-16,APTECHT,293.3500061035156,293.6000061035156,284.1000061035156,286.04998779296875,274636
2023-10-17,APTECHT,287.8999938964844,290.0,286.0,288.5,88720
2023-10-18,APTECHT,289.70001220703125,290.0,282.0,283.3999938964844,167125
2023-10-19,APTECHT,283.25,289.75,281.1499938964844,284.70001220703125,160336
2023-10-20,APTECHT,283.1499938964844,286.8999938964844,277.79998779296875,280.1499938964844,152596
2023-10-23,APTECHT,280.0,280.25,260.54998779296875,263.0,235605
2023-10-25,APTECHT,263.1000061035156,269.70001220703125,256.3500061035156,263.3500061035156,209185
2023-10-26,APTECHT,260.29998779296875,261.5,252.0500030517578,258.54998779296875,227408
2023-10-27,APTECHT,260.1499938964844,274.8500061035156,260.1000061035156,272.20001220703125,250313
2023-10-30,APTECHT,272.20001220703125,273.95001220703125,264.8999938964844,266.1499938964844,199887
2023-10-31,APTECHT,267.79998779296875,270.8999938964844,265.1499938964844,267.29998779296875,169164
2023-10-03,APTUS,293.95001220703125,299.25,293.5,297.5,697825
2023-10-04,APTUS,299.0,299.0,291.8999938964844,293.75,462436
2023-10-05,APTUS,296.0,298.04998779296875,291.1499938964844,295.20001220703125,252819
2023-10-06,APTUS,296.95001220703125,298.1000061035156,291.8999938964844,292.3500061035156,444657
2023-10-09,APTUS,292.3500061035156,295.04998779296875,290.04998779296875,291.6000061035156,501724
2023-10-10,APTUS,293.45001220703125,296.79998779296875,291.5,293.20001220703125,308657
2023-10-11,APTUS,294.70001220703125,304.70001220703125,294.0,296.20001220703125,1030869
2023-10-12,APTUS,297.0,298.1000061035156,291.5,293.1000061035156,269182
2023-10-13,APTUS,292.70001220703125,295.25,288.0,289.54998779296875,294032
2023-10-16,APTUS,289.70001220703125,292.3999938964844,289.0,290.45001220703125,809350
2023-10-17,APTUS,290.45001220703125,303.3999938964844,290.45001220703125,301.45001220703125,743197
2023-10-18,APTUS,301.45001220703125,303.3999938964844,296.1000061035156,297.04998779296875,336735
2023-10-19,APTUS,292.0,295.8999938964844,290.3500061035156,295.6000061035156,230616
2023-10-20,APTUS,294.95001220703125,294.95001220703125,290.0,292.1000061035156,349663
2023-10-23,APTUS,292.1000061035156,293.0,281.25,284.75,468165
2023-10-25,APTUS,284.79998779296875,288.79998779296875,281.6000061035156,285.3500061035156,323289
2023-10-26,APTUS,281.45001220703125,284.95001220703125,278.1000061035156,281.79998779296875,257616
2023-10-27,APTUS,282.95001220703125,292.25,282.04998779296875,290.6499938964844,293125
2023-10-30,APTUS,290.0,295.5,285.1000061035156,291.25,451432
2023-10-31,APTUS,292.6000061035156,294.45001220703125,287.3999938964844,288.75,354562
2023-10-03,AQYLON,125.0,135.0,125.0,135.0,69
2023-10-04,AQYLON,140.0,140.0,140.0,140.0,27
2023-10-05,AQYLON,145.0,145.0,145.0,145.0,17
2023-10-06,AQYLON,150.0,150.0,150.0,150.0,12
2023-10-09,AQYLON,155.0,155.0,155.0,155.0,27
2023-10-10,AQYLON,160.0,160.0,160.0,160.0,5
2023-10-11,AQYLON,165.0,165.0,165.0,165.0,207
2023-10-12,AQYLON,165.0,165.0,165.0,165.0,0
2023-10-13,AQYLON,165.0,165.0,165.0,165.0,0
2023-10-16,AQYLON,165.0,165.0,165.0,165.0,10
2023-10-17,AQYLON,165.0,165.0,165.0,165.0,0
2023-10-18,AQYLON,165.0,165.0,165.0,165.0,0
2023-10-19,AQYLON,165.0,165.0,165.0,165.0,0
2023-10-20,AQYLON,165.0,165.0,165.0,165.0,0
2023-10-23,AQYLON,165.0,165.0,165.0,165.0,1
2023-10-25,AQYLON,165.0,165.0,165.0,165.0,0
2023-10-26,AQYLON,165.0,165.0,165.0,165.0,0
2023-10-27,AQYLON,165.0,165.0,165.0,165.0,0
2023-10-30,AQYLON,165.0,170.0,165.0,165.0,25
2023-10-31,AQYLON,165.0,165.0,165.0,165.0,0
2023-10-03,ARCHIDPLY,68.0,69.30000305175781,67.0,68.69999694824219,16293
2023-10-04,ARCHIDPLY,68.69999694824219,70.0,68.0999984741211,69.25,11398
2023-10-05,ARCHIDPLY,69.30000305175781,72.69999694824219,69.30000305175781,72.69999694824219,73504
2023-10-06,ARCHIDPLY,73.75,73.75,72.69999694824219,72.9000015258789,31697
2023-10-09,ARCHIDPLY,75.19999694824219,76.5,70.4000015258789,70.80000305175781,194050
2023-10-10,ARCHIDPLY,71.94999694824219,75.0,71.9000015258789,72.6500015258789,55556
2023-10-11,ARCHIDPLY,73.0,87.1500015258789,73.0,84.0999984741211,2184788
2023-10-12,ARCHIDPLY,85.5999984741211,85.75,81.75,82.25,326011
2023-10-13,ARCHIDPLY,81.75,85.5,81.75,82.69999694824219,158365
2023-10-16,ARCHIDPLY,82.69999694824219,84.80000305175781,81.80000305175781,82.1500015258789,218833
2023-10-17,ARCHIDPLY,83.94999694824219,94.0,82.0,90.4499969482422,1205174
2023-10-18,ARCHIDPLY,91.4000015258789,99.8000030517578,91.4000015258789,95.8499984741211,1072651
2023-10-19,ARCHIDPLY,98.8000030517578,98.8000030517578,92.5500030517578,95.1500015258789,273951
2023-10-20,ARCHIDPLY,94.0999984741211,94.0999984741211,88.55000305175781,89.8499984741211,172364
2023-10-23,ARCHIDPLY,89.8499984741211,89.9000015258789,81.4000015258789,84.05000305175781,261179
2023-10-25,ARCHIDPLY,85.25,87.9000015258789,81.19999694824219,85.94999694824219,143098
2023-10-26,ARCHIDPLY,85.94999694824219,86.0,81.25,84.69999694824219,103866
2023-10-27,ARCHIDPLY,84.69999694824219,88.19999694824219,83.4000015258789,85.19999694824219,97815
2023-10-30,ARCHIDPLY,86.0,86.1500015258789,83.5999984741211,84.3499984741211,34044
2023-10-31,ARCHIDPLY,84.5,86.0,84.05000305175781,85.25,36506
2023-10-03,ARCHIES,25.049999237060547,25.5,24.25,25.25,31712
2023-10-04,ARCHIES,25.25,26.39999961853028,25.049999237060547,25.25,33181
2023-10-05,ARCHIES,25.25,25.600000381469727,25.0,25.25,16436
2023-10-06,ARCHIES,25.25,25.549999237060547,25.100000381469727,25.14999961853028,15440
2023-10-09,ARCHIES,24.14999961853028,26.350000381469727,24.14999961853028,25.89999961853028,87064
2023-10-10,ARCHIES,26.75,26.89999961853028,25.5,26.799999237060547,276262
2023-10-11,ARCHIES,27.0,27.5,27.0,27.100000381469727,127376
2023-10-12,ARCHIES,27.700000762939453,27.700000762939453,26.100000381469727,26.25,64498
2023-10-13,ARCHIES,26.100000381469727,26.75,25.64999961853028,25.950000762939453,68426
2023-10-16,ARCHIES,26.39999961853028,26.5,25.600000381469727,25.850000381469727,62105
2023-10-17,ARCHIES,25.950000762939453,26.5,25.600000381469727,25.799999237060547,124998
2023-10-18,ARCHIES,25.75,26.100000381469727,24.64999961853028,25.100000381469727,63761
2023-10-19,ARCHIES,25.5,26.350000381469727,25.0,26.049999237060547,99284
2023-10-20,ARCHIES,26.39999961853028,26.450000762939453,25.0,25.14999961853028,81141
2023-10-23,ARCHIES,25.100000381469727,25.64999961853028,23.89999961853028,23.89999961853028,166724
2023-10-25,ARCHIES,24.0,24.0,22.700000762939453,22.950000762939453,51184
2023-10-26,ARCHIES,22.950000762939453,23.350000381469727,22.0,22.950000762939453,109285
2023-10-27,ARCHIES,23.100000381469727,23.75,22.75,23.14999961853028,86354
2023-10-30,ARCHIES,23.450000762939453,24.299999237060547,22.799999237060547,24.100000381469727,78441
2023-10-31,ARCHIES,24.700000762939453,24.700000762939453,24.0,24.25,103265
2023-10-03,ARE&M,642.5499877929688,653.9500122070312,635.5499877929688,643.2999877929688,807375
2023-10-04,ARE&M,643.2999877929688,660.8499755859375,637.5999755859375,648.7000122070312,1060677
2023-10-05,ARE&M,657.9500122070312,657.9500122070312,638.0,640.25,538218
2023-10-06,ARE&M,645.0,646.0499877929688,640.0,644.5499877929688,325211
2023-10-09,ARE&M,638.0,641.8499755859375,630.2999877929688,634.2000122070312,366439
2023-10-10,ARE&M,634.9500122070312,638.9500122070312,634.0499877929688,635.1500244140625,197441
2023-10-11,ARE&M,638.5,646.75,637.5,642.2000122070312,238222
2023-10-12,ARE&M,643.9500122070312,656.8499755859375,641.0999755859375,648.0499877929688,628929
2023-10-13,ARE&M,646.0499877929688,651.5,646.0499877929688,647.6500244140625,187719
2023-10-16,ARE&M,645.0,645.2000122070312,637.6500244140625,638.7999877929688,351334
2023-10-17,ARE&M,640.0,653.0,638.8499755859375,642.9000244140625,592044
2023-10-18,ARE&M,644.9500122070312,647.7999877929688,639.0,641.0999755859375,308332
2023-10-19,ARE&M,640.2999877929688,641.0999755859375,636.0999755859375,637.5,175886
2023-10-20,ARE&M,636.0499877929688,638.0999755859375,624.4000244140625,628.0499877929688,361065
2023-10-23,ARE&M,628.0999755859375,630.0,615.5,617.2000122070312,335280
2023-10-25,ARE&M,617.2000122070312,623.0,605.0499877929688,610.7000122070312,351799
2023-10-26,ARE&M,610.8499755859375,610.8499755859375,599.0,604.1500244140625,450074
2023-10-27,ARE&M,609.0499877929688,623.5,609.0499877929688,621.0,191571
2023-10-30,ARE&M,621.0,644.0,617.4000244140625,631.25,503388
2023-10-31,ARE&M,631.9500122070312,633.9500122070312,609.0,613.2000122070312,428617
2023-10-03,ARENTERP,44.900001525878906,46.04999923706055,42.84999847412109,43.95000076293945,4993
2023-10-04,ARENTERP,43.95000076293945,43.95000076293945,42.04999923706055,42.20000076293945,7224
2023-10-05,ARENTERP,42.20000076293945,42.900001525878906,40.09999847412109,40.29999923706055,9019
2023-10-06,ARENTERP,40.09999847412109,41.84999847412109,38.59999847412109,39.900001525878906,6734
2023-10-09,ARENTERP,39.0,41.650001525878906,38.59999847412109,39.84999847412109,6389
2023-10-10,ARENTERP,39.84999847412109,40.650001525878906,39.0,39.54999923706055,1586
2023-10-11,ARENTERP,40.0,40.0,39.0,39.400001525878906,3395
2023-10-12,ARENTERP,38.5,40.84999847412109,38.5,40.45000076293945,5253
2023-10-13,ARENTERP,40.45000076293945,40.45000076293945,39.04999923706055,39.650001525878906,1512
2023-10-16,ARENTERP,39.59999847412109,40.95000076293945,38.150001525878906,39.0,2433
2023-10-17,ARENTERP,38.34999847412109,39.95000076293945,37.70000076293945,38.79999923706055,1807
2023-10-18,ARENTERP,38.59999847412109,39.59999847412109,38.0,38.84999847412109,3218
2023-10-19,ARENTERP,38.900001525878906,39.29999923706055,37.400001525878906,38.09999847412109,2855
2023-10-20,ARENTERP,40.0,40.0,38.25,39.45000076293945,3227
2023-10-23,ARENTERP,40.0,40.0,37.5,37.900001525878906,1832
2023-10-25,ARENTERP,36.09999847412109,37.900001525878906,36.09999847412109,36.29999923706055,1761
2023-10-26,ARENTERP,36.29999923706055,37.400001525878906,35.0,36.20000076293945,969
2023-10-27,ARENTERP,36.20000076293945,37.400001525878906,35.04999923706055,36.900001525878906,1157
2023-10-30,ARENTERP,37.09999847412109,37.09999847412109,35.599998474121094,36.09999847412109,769
2023-10-31,ARENTERP,36.0,37.45000076293945,34.650001525878906,36.900001525878906,2189
2023-10-03,ARIES,180.0,181.0,175.64999389648438,176.75,55812
2023-10-04,ARIES,176.5,177.0,173.60000610351562,175.14999389648438,54239
2023-10-05,ARIES,174.75,177.25,174.75,175.75,26689
2023-10-06,ARIES,176.25,184.25,176.0500030517578,180.4499969482422,149098
2023-10-09,ARIES,179.75,179.8000030517578,175.0,176.8000030517578,50862
2023-10-10,ARIES,176.10000610351562,180.5,176.10000610351562,178.1999969482422,30489
2023-10-11,ARIES,179.0,187.75,178.5,181.8999938964844,156066
2023-10-12,ARIES,182.5,189.1499938964844,180.3500061035156,187.9499969482422,192553
2023-10-13,ARIES,188.8999938964844,191.3000030517578,184.1999969482422,185.1499938964844,193134
2023-10-16,ARIES,185.0500030517578,193.1999969482422,183.1499938964844,187.1999969482422,320646
2023-10-17,ARIES,188.8000030517578,191.5,186.1999969482422,188.0,184043
2023-10-18,ARIES,188.0,193.6499938964844,186.25,187.1999969482422,203867
2023-10-19,ARIES,186.1499938964844,188.9499969482422,185.0,186.3500061035156,69544
2023-10-20,ARIES,186.5,188.9499969482422,184.0500030517578,185.75,57512
2023-10-23,ARIES,184.1000061035156,185.1499938964844,170.10000610351562,173.0,79997
2023-10-25,ARIES,176.0,176.0,163.25,166.5,70952
2023-10-26,ARIES,165.5,165.9499969482422,158.0500030517578,163.8000030517578,74522
2023-10-27,ARIES,164.39999389648438,174.0,164.39999389648438,170.1999969482422,53022
2023-10-30,ARIES,171.39999389648438,174.0,168.25,172.14999389648438,44377
2023-10-31,ARIES,172.89999389648438,176.5,171.9499969482422,174.4499969482422,33197
2023-10-03,ARIHANTCAP,70.1500015258789,71.25,69.05000305175781,70.80000305175781,266814
2023-10-04,ARIHANTCAP,70.5,71.80000305175781,69.5999984741211,71.4000015258789,390844
2023-10-05,ARIHANTCAP,72.0,74.5,70.8499984741211,73.25,883081
2023-10-06,ARIHANTCAP,73.94999694824219,76.5,73.3499984741211,75.5999984741211,1009063
2023-10-09,ARIHANTCAP,72.19999694824219,78.0,72.19999694824219,76.30000305175781,1600028
2023-10-10,ARIHANTCAP,76.0999984741211,79.5,76.0,78.6500015258789,681348
2023-10-11,ARIHANTCAP,79.44999694824219,81.0,76.9000015258789,80.19999694824219,778267
2023-10-12,ARIHANTCAP,80.0,80.55000305175781,76.0999984741211,76.9000015258789,607479
2023-10-13,ARIHANTCAP,77.0999984741211,78.0,72.25,73.5999984741211,484692
2023-10-16,ARIHANTCAP,74.3499984741211,74.3499984741211,65.0999984741211,66.55000305175781,973096
2023-10-17,ARIHANTCAP,67.4000015258789,69.30000305175781,66.6500015258789,68.8499984741211,305000
2023-10-18,ARIHANTCAP,68.9000015258789,69.25,67.4000015258789,67.9000015258789,321133
2023-10-19,ARIHANTCAP,68.1500015258789,70.5,67.0999984741211,69.75,277581
2023-10-20,ARIHANTCAP,69.75,70.9000015258789,67.9000015258789,68.8499984741211,247626
2023-10-23,ARIHANTCAP,69.8499984741211,70.9000015258789,65.0,67.75,505413
2023-10-25,ARIHANTCAP,67.75,69.4000015258789,63.09999847412109,66.30000305175781,232917
2023-10-26,ARIHANTCAP,64.69999694824219,69.44999694824219,64.30000305175781,68.5,233530
2023-10-27,ARIHANTCAP,69.19999694824219,70.75,67.94999694824219,69.69999694824219,236832
2023-10-30,ARIHANTCAP,70.0,70.0999984741211,68.8499984741211,69.6500015258789,73171
2023-10-31,ARIHANTCAP,69.0999984741211,70.0,67.6500015258789,68.0999984741211,66892
2023-10-03,ARIHANTSUP,183.6000061035156,189.3000030517578,180.0,187.6999969482422,113495
2023-10-04,ARIHANTSUP,187.6999969482422,187.6999969482422,182.0,183.3999938964844,105133
2023-10-05,ARIHANTSUP,183.6999969482422,186.1000061035156,180.5500030517578,184.75,101940
2023-10-06,ARIHANTSUP,185.6499938964844,188.3999938964844,183.4499969482422,187.5500030517578,113990
2023-10-09,ARIHANTSUP,186.0,186.1000061035156,180.10000610351562,183.4499969482422,108398
2023-10-10,ARIHANTSUP,185.0,187.0,183.0,185.1000061035156,131710
2023-10-11,ARIHANTSUP,186.0,186.5,181.0,183.6000061035156,118079
2023-10-12,ARIHANTSUP,183.6499938964844,184.8999938964844,181.0,182.0500030517578,109276
2023-10-13,ARIHANTSUP,184.1000061035156,185.0,181.5,183.6499938964844,100476
2023-10-16,ARIHANTSUP,186.3500061035156,203.0,183.5500030517578,201.3500061035156,624705
2023-10-17,ARIHANTSUP,207.8999938964844,209.9499969482422,195.3000030517578,197.5500030517578,345782
2023-10-18,ARIHANTSUP,198.1000061035156,200.0,190.6000061035156,191.25,85906
2023-10-19,ARIHANTSUP,191.25,193.1999969482422,187.0,190.0500030517578,84511
2023-10-20,ARIHANTSUP,191.9499969482422,192.0,184.0,186.1000061035156,83437
2023-10-23,ARIHANTSUP,184.0,184.6999969482422,172.0,173.39999389648438,85897
2023-10-25,ARIHANTSUP,170.0500030517578,175.64999389648438,161.85000610351562,165.14999389648438,123378
2023-10-26,ARIHANTSUP,167.64999389648438,174.0,158.5500030517578,165.60000610351562,95665
2023-10-27,ARIHANTSUP,169.5500030517578,174.75,167.14999389648438,169.4499969482422,41825
2023-10-30,ARIHANTSUP,169.89999389648438,177.35000610351562,166.9499969482422,174.6999969482422,43180
2023-10-31,ARIHANTSUP,176.35000610351562,178.0,172.0500030517578,173.5,59531
2023-10-03,ARMANFIN,2171.050048828125,2202.300048828125,2162.449951171875,2180.050048828125,8221
2023-10-04,ARMANFIN,2180.050048828125,2296.0,2165.64990234375,2268.89990234375,11762
2023-10-05,ARMANFIN,2288.0,2331.25,2220.35009765625,2300.35009765625,12419
2023-10-06,ARMANFIN,2324.0,2339.0,2286.85009765625,2317.949951171875,6154
2023-10-09,ARMANFIN,2262.35009765625,2400.0,2231.949951171875,2295.699951171875,32315
2023-10-10,ARMANFIN,2315.0,2374.0,2290.75,2329.60009765625,11596
2023-10-11,ARMANFIN,2348.0,2360.050048828125,2309.10009765625,2338.75,6106
2023-10-12,ARMANFIN,2344.199951171875,2344.199951171875,2301.0,2328.699951171875,5952
2023-10-13,ARMANFIN,2349.0,2349.0,2300.0,2336.75,3527
2023-10-16,ARMANFIN,2336.75,2350.199951171875,2304.0,2315.199951171875,3429
2023-10-17,ARMANFIN,2338.0,2338.0,2290.0,2326.949951171875,3959
2023-10-18,ARMANFIN,2326.949951171875,2333.949951171875,2301.39990234375,2311.699951171875,2477
2023-10-19,ARMANFIN,2290.0,2343.14990234375,2272.0,2320.14990234375,4000
2023-10-20,ARMANFIN,2343.35009765625,2358.5,2298.050048828125,2349.0,6332
2023-10-23,ARMANFIN,2392.0,2399.800048828125,2230.0,2265.60009765625,13861
2023-10-25,ARMANFIN,2299.60009765625,2310.0,2215.0,2232.550048828125,6826
2023-10-26,ARMANFIN,2232.0,2287.949951171875,2150.0,2275.199951171875,8997
2023-10-27,ARMANFIN,2276.10009765625,2382.5,2262.199951171875,2361.64990234375,9765
2023-10-30,ARMANFIN,2399.0,2430.0,2347.64990234375,2400.64990234375,14054
2023-10-31,ARMANFIN,2435.0,2450.0,2372.949951171875,2386.75,10140
2023-10-03,AROGRANITE,59.45000076293945,60.5,57.04999923706055,57.45000076293945,133993
2023-10-04,AROGRANITE,57.5,57.70000076293945,56.0,56.45000076293945,60484
2023-10-05,AROGRANITE,57.04999923706055,58.95000076293945,56.45000076293945,57.09999847412109,94408
2023-10-06,AROGRANITE,57.84999847412109,64.69999694824219,57.09999847412109,62.5,831971
2023-10-09,AROGRANITE,62.34999847412109,63.70000076293945,60.09999847412109,61.400001525878906,340385
2023-10-10,AROGRANITE,61.5,64.4000015258789,61.0,63.20000076293945,255838
2023-10-11,AROGRANITE,63.54999923706055,66.0,62.150001525878906,64.0,494803
2023-10-12,AROGRANITE,63.5,63.5,61.29999923706055,61.84999847412109,238590
2023-10-13,AROGRANITE,61.79999923706055,61.79999923706055,59.29999923706055,60.34999847412109,61686
2023-10-16,AROGRANITE,61.5,61.5,59.70000076293945,60.09999847412109,37983
2023-10-17,AROGRANITE,61.0,61.54999923706055,58.04999923706055,58.29999923706055,32682
2023-10-18,AROGRANITE,58.29999923706055,59.400001525878906,56.04999923706055,56.25,30709
2023-10-19,AROGRANITE,56.95000076293945,58.70000076293945,55.0,57.25,21245
2023-10-20,AROGRANITE,57.25,58.95000076293945,55.95000076293945,57.0,14258
2023-10-23,AROGRANITE,57.0,57.0,54.150001525878906,54.150001525878906,40511
2023-10-25,AROGRANITE,54.150001525878906,54.150001525878906,51.45000076293945,51.45000076293945,26359
2023-10-26,AROGRANITE,51.45000076293945,51.59999847412109,48.900001525878906,51.45000076293945,29072
2023-10-27,AROGRANITE,52.70000076293945,53.95000076293945,51.79999923706055,52.0,9505
2023-10-30,AROGRANITE,52.0,53.45000076293945,51.400001525878906,52.54999923706055,4027
2023-10-31,AROGRANITE,52.54999923706055,52.900001525878906,49.95000076293945,50.04999923706055,20171
2023-10-03,ARROWGREEN,376.0,389.7999877929688,362.25,373.4500122070313,45640
2023-10-04,ARROWGREEN,367.0499877929688,372.0,361.25,363.6000061035156,16920
2023-10-05,ARROWGREEN,367.8999938964844,381.75,366.6000061035156,381.75,17670
2023-10-06,ARROWGREEN,400.7999877929688,400.7999877929688,400.7999877929688,400.7999877929688,9323
2023-10-09,ARROWGREEN,414.0,444.7999877929688,385.1000061035156,415.3999938964844,246639
2023-10-10,ARROWGREEN,427.3500061035156,428.0,384.0,387.0,126842
2023-10-11,ARROWGREEN,385.3999938964844,392.2000122070313,366.1499938964844,372.75,99973
2023-10-12,ARROWGREEN,379.0,388.8999938964844,373.0499877929688,380.8500061035156,62495
2023-10-13,ARROWGREEN,383.8999938964844,388.7000122070313,356.04998779296875,368.7999877929688,37361
2023-10-16,ARROWGREEN,377.0,379.7999877929688,368.7999877929688,372.4500122070313,27345
2023-10-17,ARROWGREEN,380.0,380.0,370.0,371.8500061035156,18734
2023-10-18,ARROWGREEN,372.1000061035156,377.6000061035156,355.3500061035156,359.3999938964844,36722
2023-10-19,ARROWGREEN,370.0,431.25,360.5,431.25,586059
2023-10-20,ARROWGREEN,444.0,464.5,420.3999938964844,427.8999938964844,468009
2023-10-23,ARROWGREEN,425.0,425.0,387.9500122070313,393.0,134237
2023-10-25,ARROWGREEN,418.1000061035156,418.1000061035156,370.0499877929688,385.75,87368
2023-10-26,ARROWGREEN,386.5499877929688,389.9500122070313,363.0,381.3999938964844,86108
2023-10-27,ARROWGREEN,387.2999877929688,457.6499938964844,386.7999877929688,449.0,624601
2023-10-30,ARROWGREEN,452.9500122070313,491.5,438.75,474.2000122070313,602025
2023-10-31,ARROWGREEN,484.7000122070313,516.9000244140625,468.0,478.0,378141
2023-10-03,ARSHIYA,4.349999904632568,4.349999904632568,4.349999904632568,4.349999904632568,61069
2023-10-04,ARSHIYA,4.300000190734863,4.300000190734863,4.300000190734863,4.300000190734863,12167
2023-10-05,ARSHIYA,4.25,4.25,4.25,4.25,22671
2023-10-06,ARSHIYA,4.199999809265137,4.199999809265137,4.199999809265137,4.199999809265137,24248
2023-10-09,ARSHIYA,4.150000095367432,4.400000095367432,4.0,4.400000095367432,2100083
2023-10-10,ARSHIYA,4.400000095367432,4.5,4.199999809265137,4.199999809265137,845930
2023-10-11,ARSHIYA,4.25,4.25,4.0,4.0,994768
2023-10-12,ARSHIYA,4.0,4.199999809265137,3.799999952316284,4.199999809265137,670026
2023-10-13,ARSHIYA,4.349999904632568,4.400000095367432,4.300000190734863,4.400000095367432,289233
2023-10-16,ARSHIYA,4.550000190734863,4.599999904632568,4.199999809265137,4.5,658766
2023-10-17,ARSHIYA,4.599999904632568,4.699999809265137,4.300000190734863,4.400000095367432,693841
2023-10-18,ARSHIYA,4.400000095367432,4.449999809265137,4.199999809265137,4.199999809265137,316286
2023-10-19,ARSHIYA,4.199999809265137,4.400000095367432,4.0,4.050000190734863,734111
2023-10-20,ARSHIYA,3.950000047683716,4.25,3.950000047683716,4.25,483832
2023-10-23,ARSHIYA,4.099999904632568,4.400000095367432,4.050000190734863,4.050000190734863,1005349
2023-10-25,ARSHIYA,3.900000095367432,4.050000190734863,3.849999904632568,3.950000047683716,333869
2023-10-26,ARSHIYA,4.0,4.0,3.75,3.799999952316284,596633
2023-10-27,ARSHIYA,3.849999904632568,3.950000047683716,3.650000095367432,3.849999904632568,2365959
2023-10-30,ARSHIYA,3.700000047683716,3.799999952316284,3.650000095367432,3.650000095367432,1355049
2023-10-31,ARSHIYA,3.5,3.799999952316284,3.5,3.75,437522
2023-10-03,ARTEMISMED,159.9499969482422,160.35000610351562,150.10000610351562,153.1999969482422,463550
2023-10-04,ARTEMISMED,151.14999389648438,156.0,149.5,153.5500030517578,157718
2023-10-05,ARTEMISMED,153.5500030517578,157.0,151.1999969482422,154.6999969482422,224334
2023-10-06,ARTEMISMED,156.25,157.1999969482422,152.64999389648438,154.64999389648438,174002
2023-10-09,ARTEMISMED,153.4499969482422,154.64999389648438,145.64999389648438,148.0500030517578,185547
2023-10-10,ARTEMISMED,148.35000610351562,154.9499969482422,148.35000610351562,152.0,125468
2023-10-11,ARTEMISMED,154.0,161.10000610351562,152.5500030517578,157.89999389648438,264881
2023-10-12,ARTEMISMED,158.0,159.60000610351562,156.0,157.89999389648438,91400
2023-10-13,ARTEMISMED,159.3000030517578,159.39999389648438,156.5500030517578,157.64999389648438,88130
2023-10-16,ARTEMISMED,155.8000030517578,158.8000030517578,151.6999969482422,154.5500030517578,200549
2023-10-17,ARTEMISMED,156.5,157.8000030517578,153.10000610351562,157.10000610351562,131775
2023-10-18,ARTEMISMED,158.64999389648438,167.39999389648438,156.10000610351562,159.89999389648438,717602
2023-10-19,ARTEMISMED,160.0,163.9499969482422,157.39999389648438,162.5,241422
2023-10-20,ARTEMISMED,163.5,163.5,156.3000030517578,159.0,206411
2023-10-23,ARTEMISMED,158.9499969482422,158.9499969482422,136.5,142.8000030517578,623621
2023-10-25,ARTEMISMED,144.8000030517578,150.4499969482422,136.39999389648438,141.75,381531
2023-10-26,ARTEMISMED,139.64999389648438,149.75,136.10000610351562,148.39999389648438,318237
2023-10-27,ARTEMISMED,150.9499969482422,153.75,148.6999969482422,151.64999389648438,134255
2023-10-30,ARTEMISMED,151.64999389648438,153.89999389648438,148.85000610351562,151.0500030517578,62005
2023-10-31,ARTEMISMED,150.64999389648438,155.0,150.0,153.8000030517578,116520
2023-10-03,ARTNIRMAN,50.0,51.59999847412109,50.0,51.0,1117
2023-10-04,ARTNIRMAN,50.95000076293945,50.95000076293945,50.0,50.04999923706055,298
2023-10-05,ARTNIRMAN,50.04999923706055,51.5,50.0,50.0,1644
2023-10-06,ARTNIRMAN,52.0,52.0,50.0,50.900001525878906,1997
2023-10-09,ARTNIRMAN,50.900001525878906,50.900001525878906,49.0,49.0,1880
2023-10-10,ARTNIRMAN,49.09999847412109,51.29999923706055,49.04999923706055,50.0,3054
2023-10-11,ARTNIRMAN,51.0,51.0,50.0,50.0,593
2023-10-12,ARTNIRMAN,52.29999923706055,52.29999923706055,50.04999923706055,50.04999923706055,409
2023-10-13,ARTNIRMAN,50.04999923706055,50.5,50.04999923706055,50.04999923706055,450
2023-10-16,ARTNIRMAN,49.09999847412109,52.5,49.09999847412109,51.75,1899
2023-10-17,ARTNIRMAN,54.29999923706055,54.29999923706055,50.45000076293945,52.20000076293945,1250
2023-10-18,ARTNIRMAN,52.150001525878906,53.70000076293945,50.5,52.5,4092
2023-10-19,ARTNIRMAN,52.5,53.0,50.5,51.0,993
2023-10-20,ARTNIRMAN,52.0,52.95000076293945,50.650001525878906,50.650001525878906,3645
2023-10-23,ARTNIRMAN,53.0,53.0,48.150001525878906,50.900001525878906,1590
2023-10-25,ARTNIRMAN,51.79999923706055,51.79999923706055,48.400001525878906,49.95000076293945,3163
2023-10-26,ARTNIRMAN,47.59999847412109,51.20000076293945,47.5,49.70000076293945,1651
2023-10-27,ARTNIRMAN,49.20000076293945,52.150001525878906,47.400001525878906,51.79999923706055,7660
2023-10-30,ARTNIRMAN,51.79999923706055,51.95000076293945,49.25,49.25,3858
2023-10-31,ARTNIRMAN,49.29999923706055,50.0,47.0,48.09999847412109,5412
2023-10-03,ARVEE,116.6500015258789,116.6500015258789,108.1500015258789,109.5,1810
2023-10-04,ARVEE,112.3000030517578,113.8000030517578,105.3000030517578,113.6500015258789,2180
2023-10-05,ARVEE,113.8000030517578,113.8000030517578,108.5999984741211,111.6999969482422,879
2023-10-06,ARVEE,106.1500015258789,112.9000015258789,106.1500015258789,112.6500015258789,1168
2023-10-09,ARVEE,105.25,123.9000015258789,105.25,123.9000015258789,19935
2023-10-10,ARVEE,126.9000015258789,136.25,116.5999984741211,120.75,40061
2023-10-11,ARVEE,129.0,131.9499969482422,122.3000030517578,125.0999984741211,12539
2023-10-12,ARVEE,123.1999969482422,127.9000015258789,116.4000015258789,122.3499984741211,8703
2023-10-13,ARVEE,122.9499969482422,127.75,122.9000015258789,127.0500030517578,5045
2023-10-16,ARVEE,127.1999969482422,131.0500030517578,122.3000030517578,125.9499969482422,5656
2023-10-17,ARVEE,125.25,127.0,119.0500030517578,121.8499984741211,2801
2023-10-18,ARVEE,121.8499984741211,121.8499984741211,118.0,119.0500030517578,2011
2023-10-19,ARVEE,121.0999984741211,121.4000015258789,117.1500015258789,118.0999984741211,2374
2023-10-20,ARVEE,117.9499969482422,121.5,112.3000030517578,115.0500030517578,2601
2023-10-23,ARVEE,115.9499969482422,118.9499969482422,113.0,113.8000030517578,1734
2023-10-25,ARVEE,113.75,120.3000030517578,113.6999969482422,118.25,2217
2023-10-26,ARVEE,118.6500015258789,119.0,108.0500030517578,115.8000030517578,2737
2023-10-27,ARVEE,115.5,118.3499984741211,109.8499984741211,113.8499984741211,4303
2023-10-30,ARVEE,114.25,117.6500015258789,113.3000030517578,113.5,2363
2023-10-31,ARVEE,113.1500015258789,113.1500015258789,109.6500015258789,111.0999984741211,725
2023-10-03,ARVIND,173.4499969482422,187.0,172.4499969482422,185.6000061035156,3991651
2023-10-04,ARVIND,186.8999938964844,188.6999969482422,180.25,182.3500061035156,1907081
2023-10-05,ARVIND,183.3000030517578,184.5,180.3999938964844,181.4499969482422,725701
2023-10-06,ARVIND,182.1999969482422,185.8000030517578,181.4499969482422,183.6999969482422,1079445
2023-10-09,ARVIND,182.0,183.5,172.5,174.0500030517578,1243168
2023-10-10,ARVIND,175.64999389648438,177.60000610351562,173.4499969482422,176.3000030517578,663923
2023-10-11,ARVIND,177.5500030517578,177.89999389648438,173.39999389648438,174.9499969482422,590720
2023-10-12,ARVIND,175.85000610351562,181.4499969482422,175.14999389648438,178.64999389648438,933295
2023-10-13,ARVIND,177.9499969482422,183.0,176.5,181.8000030517578,953483
2023-10-16,ARVIND,182.1999969482422,194.6999969482422,182.1999969482422,190.9499969482422,2957189
2023-10-17,ARVIND,192.8500061035156,194.0,188.3500061035156,192.3500061035156,1385788
2023-10-18,ARVIND,193.8999938964844,193.8999938964844,185.3999938964844,190.6999969482422,2066581
2023-10-19,ARVIND,189.8999938964844,193.4499969482422,188.0,190.4499969482422,845804
2023-10-20,ARVIND,190.0,194.0,187.0,188.8999938964844,691230
2023-10-23,ARVIND,189.8000030517578,189.8500061035156,168.35000610351562,171.39999389648438,1470673
2023-10-25,ARVIND,173.6999969482422,178.39999389648438,165.5,170.0,1261431
2023-10-26,ARVIND,166.64999389648438,171.5500030517578,163.5500030517578,169.8000030517578,994735
2023-10-27,ARVIND,171.4499969482422,177.6999969482422,170.64999389648438,175.5500030517578,743293
2023-10-30,ARVIND,176.10000610351562,179.5,174.0,178.1999969482422,589567
2023-10-31,ARVIND,179.64999389648438,199.8000030517578,179.35000610351562,195.8000030517578,13411404
2023-10-03,ARVINDFASN,328.29998779296875,328.29998779296875,321.29998779296875,323.70001220703125,88881
2023-10-04,ARVINDFASN,323.5,325.8500061035156,318.04998779296875,322.29998779296875,69364
2023-10-05,ARVINDFASN,325.0,338.1000061035156,320.95001220703125,331.25,885387
2023-10-06,ARVINDFASN,331.45001220703125,336.95001220703125,330.54998779296875,331.8999938964844,300740
2023-10-09,ARVINDFASN,330.0,331.0,322.5,327.20001220703125,134125
2023-10-10,ARVINDFASN,327.20001220703125,335.5,324.5,329.6499938964844,691585
2023-10-11,ARVINDFASN,331.79998779296875,334.6499938964844,327.75,330.8999938964844,81262
2023-10-12,ARVINDFASN,330.5,336.0,326.1000061035156,333.25,264640
2023-10-13,ARVINDFASN,333.25,363.3999938964844,333.0,350.45001220703125,1101339
2023-10-16,ARVINDFASN,352.0,372.5,350.70001220703125,359.5,1045370
2023-10-17,ARVINDFASN,363.0,377.2999877929688,363.0,366.6499938964844,754047
2023-10-18,ARVINDFASN,370.0,373.4500122070313,359.54998779296875,366.5499877929688,373014
2023-10-19,ARVINDFASN,364.5499877929688,371.0,357.54998779296875,359.79998779296875,329180
2023-10-20,ARVINDFASN,359.79998779296875,365.2999877929688,352.0,354.1499938964844,164821
2023-10-23,ARVINDFASN,351.0,356.0,326.0,330.54998779296875,332454
2023-10-25,ARVINDFASN,331.0,332.8500061035156,311.29998779296875,316.45001220703125,504636
2023-10-26,ARVINDFASN,310.5,329.95001220703125,298.8500061035156,326.1499938964844,427999
2023-10-27,ARVINDFASN,326.20001220703125,337.0,322.6000061035156,325.29998779296875,248887
2023-10-30,ARVINDFASN,324.1499938964844,337.3999938964844,311.04998779296875,329.6000061035156,260558
2023-10-31,ARVINDFASN,329.0,334.0,316.0,321.8500061035156,160015
2023-10-03,ARVSMART,346.79998779296875,359.70001220703125,343.29998779296875,349.75,60907
2023-10-04,ARVSMART,349.25,351.04998779296875,340.1000061035156,343.0,49791
2023-10-05,ARVSMART,343.0,346.8500061035156,341.3500061035156,344.3500061035156,42711
2023-10-06,ARVSMART,344.0,352.75,342.04998779296875,343.8500061035156,81222
2023-10-09,ARVSMART,343.8500061035156,343.8500061035156,337.04998779296875,338.20001220703125,47352
2023-10-10,ARVSMART,342.45001220703125,351.95001220703125,337.8999938964844,349.1499938964844,116506
2023-10-11,ARVSMART,350.0,353.6000061035156,339.70001220703125,343.1499938964844,76919
2023-10-12,ARVSMART,343.1499938964844,350.95001220703125,343.1499938964844,348.04998779296875,75006
2023-10-13,ARVSMART,348.0,352.3999938964844,343.04998779296875,347.1000061035156,95750
2023-10-16,ARVSMART,347.1000061035156,350.0,343.25,344.5,27257
2023-10-17,ARVSMART,345.3999938964844,349.04998779296875,342.5,343.8500061035156,30816
2023-10-18,ARVSMART,345.6000061035156,349.3999938964844,338.25,341.6000061035156,58089
2023-10-19,ARVSMART,342.0,342.20001220703125,335.29998779296875,340.20001220703125,48783
2023-10-20,ARVSMART,340.20001220703125,351.3999938964844,339.29998779296875,342.0,128583
2023-10-23,ARVSMART,350.5,358.0,330.29998779296875,332.3500061035156,199123
2023-10-25,ARVSMART,336.8500061035156,336.8500061035156,313.54998779296875,320.0,125866
2023-10-26,ARVSMART,316.79998779296875,322.3999938964844,309.0,319.1000061035156,73484
2023-10-27,ARVSMART,320.70001220703125,327.20001220703125,316.1000061035156,317.79998779296875,112438
2023-10-30,ARVSMART,319.0,321.8500061035156,316.25,317.25,92030
2023-10-31,ARVSMART,316.54998779296875,325.20001220703125,316.54998779296875,321.8999938964844,82478
2023-10-03,ASAHIINDIA,630.0,639.7999877929688,624.0499877929688,627.9500122070312,167208
2023-10-04,ASAHIINDIA,627.9500122070312,627.9500122070312,605.2000122070312,610.3499755859375,104266
2023-10-05,ASAHIINDIA,617.9500122070312,619.9000244140625,608.0499877929688,617.4500122070312,83798
2023-10-06,ASAHIINDIA,617.4500122070312,624.25,612.0,614.2999877929688,55365
2023-10-09,ASAHIINDIA,608.0,610.9500122070312,591.5499877929688,599.2000122070312,104751
2023-10-10,ASAHIINDIA,604.9500122070312,610.5,602.5,606.1500244140625,87736
2023-10-11,ASAHIINDIA,610.0,610.0,599.2000122070312,601.3499755859375,45572
2023-10-12,ASAHIINDIA,609.8499755859375,609.8499755859375,594.5,598.2000122070312,55434
2023-10-13,ASAHIINDIA,598.2000122070312,605.0,596.2000122070312,600.5499877929688,37103
2023-10-16,ASAHIINDIA,604.0,604.0,586.5999755859375,587.75,78178
2023-10-17,ASAHIINDIA,594.3499755859375,594.9000244140625,586.8499755859375,592.0,53771
2023-10-18,ASAHIINDIA,593.9500122070312,595.9500122070312,563.0,568.2999877929688,143174
2023-10-19,ASAHIINDIA,568.2999877929688,584.0,565.0999755859375,582.25,90504
2023-10-20,ASAHIINDIA,582.25,594.6500244140625,577.0,579.1500244140625,109870
2023-10-23,ASAHIINDIA,579.0999755859375,581.8499755859375,551.3499755859375,555.7999877929688,63097
2023-10-25,ASAHIINDIA,558.0,566.0499877929688,541.25,545.7000122070312,52926
2023-10-26,ASAHIINDIA,545.7000122070312,550.9500122070312,532.7000122070312,544.0499877929688,59869
2023-10-27,ASAHIINDIA,549.0,563.9000244140625,545.1500244140625,561.4500122070312,47591
2023-10-30,ASAHIINDIA,563.9000244140625,568.0,550.5,559.2000122070312,35986
2023-10-31,ASAHIINDIA,559.2000122070312,567.9500122070312,556.0,559.0999755859375,57633
2023-10-03,ASAHISONG,242.0,254.8999938964844,241.6499938964844,250.8999938964844,15172
2023-10-04,ASAHISONG,245.0,259.20001220703125,245.0,254.6000061035156,9629
2023-10-05,ASAHISONG,255.1499938964844,258.29998779296875,249.0,249.6000061035156,7871
2023-10-06,ASAHISONG,250.25,255.6000061035156,247.25,248.3000030517578,10589
2023-10-09,ASAHISONG,248.3000030517578,248.3000030517578,241.0,241.5500030517578,7409
2023-10-10,ASAHISONG,245.0,246.9499969482422,236.8500061035156,240.8000030517578,14157
2023-10-11,ASAHISONG,244.3500061035156,245.1499938964844,240.0,241.9499969482422,4411
2023-10-12,ASAHISONG,243.0,248.0,240.1999969482422,241.9499969482422,6701
2023-10-13,ASAHISONG,242.6499938964844,248.9499969482422,242.0500030517578,247.8500061035156,12330
2023-10-16,ASAHISONG,251.5500030517578,251.9499969482422,242.8500061035156,245.6000061035156,5993
2023-10-17,ASAHISONG,248.1999969482422,249.9499969482422,242.9499969482422,244.0500030517578,7693
2023-10-18,ASAHISONG,244.0500030517578,248.8999938964844,242.3000030517578,243.3999938964844,4243
2023-10-19,ASAHISONG,243.8500061035156,245.0,240.9499969482422,242.0500030517578,3175
2023-10-20,ASAHISONG,243.8500061035156,247.3000030517578,241.0,242.25,2200
2023-10-23,ASAHISONG,244.6499938964844,245.0,237.0500030517578,237.9499969482422,12175
2023-10-25,ASAHISONG,239.1000061035156,258.0,239.1000061035156,247.3999938964844,16181
2023-10-26,ASAHISONG,247.1499938964844,249.8999938964844,239.8999938964844,242.8500061035156,30240
2023-10-27,ASAHISONG,243.0,265.0,243.0,254.6999969482422,59732
2023-10-30,ASAHISONG,259.70001220703125,262.95001220703125,249.3500061035156,252.75,13674
2023-10-31,ASAHISONG,255.3000030517578,259.75,252.25,258.25,10219
2023-10-03,ASAL,424.0,427.25,418.0499877929688,420.1499938964844,19376
2023-10-04,ASAL,420.1499938964844,422.75,410.0499877929688,412.75,21555
2023-10-05,ASAL,414.8999938964844,419.8999938964844,413.25,414.3500061035156,11561
2023-10-06,ASAL,414.4500122070313,421.8500061035156,412.6499938964844,415.2000122070313,23031
2023-10-09,ASAL,413.0499877929688,415.2000122070313,394.6499938964844,397.5499877929688,49774
2023-10-10,ASAL,399.1000061035156,408.9500122070313,394.7000122070313,399.6499938964844,33112
2023-10-11,ASAL,403.9500122070313,415.0499877929688,403.0,411.7999877929688,33358
2023-10-12,ASAL,415.9500122070313,418.9500122070313,408.5499877929688,412.1499938964844,26742
2023-10-13,ASAL,408.0,417.4500122070313,406.8500061035156,413.0,24630
2023-10-16,ASAL,412.9500122070313,414.9500122070313,405.1499938964844,408.8999938964844,25755
2023-10-17,ASAL,409.8999938964844,411.1499938964844,406.0,406.5,15662
2023-10-18,ASAL,409.5,410.9500122070313,400.5,404.5,18299
2023-10-19,ASAL,407.4500122070313,424.0499877929688,400.7999877929688,411.8500061035156,57992
2023-10-20,ASAL,413.9500122070313,415.75,402.6499938964844,404.3999938964844,18119
2023-10-23,ASAL,406.0,420.0,382.5499877929688,388.7999877929688,55195
2023-10-25,ASAL,394.6499938964844,405.25,390.1000061035156,393.5,23857
2023-10-26,ASAL,395.0,395.0,373.0,390.7999877929688,29527
2023-10-27,ASAL,402.0,409.0,389.1000061035156,394.7999877929688,38369
2023-10-30,ASAL,397.4500122070313,398.8999938964844,386.0,388.6000061035156,19368
2023-10-31,ASAL,390.1499938964844,393.1000061035156,385.9500122070313,388.4500122070313,16837
2023-10-03,ASALCBR,470.9500122070313,476.7999877929688,460.5499877929688,467.7000122070313,90362
2023-10-04,ASALCBR,467.0,467.0,452.5499877929688,457.9500122070313,52518
2023-10-05,ASALCBR,460.0,474.5,454.0499877929688,463.8999938964844,53220
2023-10-06,ASALCBR,460.75,470.0,457.6000061035156,468.1000061035156,49914
2023-10-09,ASALCBR,475.0,478.6000061035156,461.1000061035156,464.4500122070313,104625
2023-10-10,ASALCBR,467.0,472.4500122070313,461.2000122070313,462.3500061035156,54714
2023-10-11,ASALCBR,465.0,468.7999877929688,458.5,461.0499877929688,56258
2023-10-12,ASALCBR,464.9500122070313,506.0,460.7000122070313,503.2999877929688,701669
2023-10-13,ASALCBR,502.7999877929688,507.8999938964844,491.2000122070313,494.1000061035156,250929
2023-10-16,ASALCBR,495.0,506.25,490.5499877929688,495.4500122070313,149804
2023-10-17,ASALCBR,499.7999877929688,506.0,485.5499877929688,491.9500122070313,114898
2023-10-18,ASALCBR,491.9500122070313,503.0,485.5499877929688,490.3500061035156,80339
2023-10-19,ASALCBR,485.6499938964844,493.25,482.1000061035156,485.7000122070313,59472
2023-10-20,ASALCBR,488.0,495.7000122070313,475.2999877929688,477.5499877929688,67723
2023-10-23,ASALCBR,476.5,477.7000122070313,447.7000122070313,451.6499938964844,81066
2023-10-25,ASALCBR,456.0,458.2000122070313,437.7999877929688,444.75,58043
2023-10-26,ASALCBR,444.75,444.75,428.0499877929688,439.2000122070313,78444
2023-10-27,ASALCBR,444.2000122070313,455.0,443.0,449.2000122070313,36191
2023-10-30,ASALCBR,451.9500122070313,465.8999938964844,445.6000061035156,462.7999877929688,54025
2023-10-31,ASALCBR,457.0,465.5,453.2999877929688,454.6499938964844,43626
2023-10-03,ASHAPURMIN,290.5,303.8999938964844,278.04998779296875,301.0,322501
2023-10-04,ASHAPURMIN,298.3999938964844,300.20001220703125,290.0,291.1000061035156,138786
2023-10-05,ASHAPURMIN,293.70001220703125,302.0,292.0,294.8999938964844,92895
2023-10-06,ASHAPURMIN,298.0,298.5,289.79998779296875,293.70001220703125,116775
2023-10-09,ASHAPURMIN,286.54998779296875,306.0,285.0,295.1000061035156,169856
2023-10-10,ASHAPURMIN,298.5,309.8500061035156,298.3999938964844,309.8500061035156,192565
2023-10-11,ASHAPURMIN,323.0,325.29998779296875,320.0,325.29998779296875,157041
2023-10-12,ASHAPURMIN,335.5,341.54998779296875,319.0,321.75,477564
2023-10-13,ASHAPURMIN,319.0,336.0,315.6000061035156,324.70001220703125,206843
2023-10-16,ASHAPURMIN,326.0,331.3999938964844,320.54998779296875,323.6499938964844,151864
2023-10-17,ASHAPURMIN,321.6499938964844,335.1000061035156,321.6499938964844,328.95001220703125,184205
2023-10-18,ASHAPURMIN,331.0,344.70001220703125,330.0,333.6499938964844,291260
2023-10-19,ASHAPURMIN,334.79998779296875,341.0,327.0,334.20001220703125,116585
2023-10-20,ASHAPURMIN,336.3999938964844,337.5,317.5,317.5,131751
2023-10-23,ASHAPURMIN,301.6499938964844,301.6499938964844,301.6499938964844,301.6499938964844,69220
2023-10-25,ASHAPURMIN,286.6000061035156,295.0,286.6000061035156,287.3500061035156,439121
2023-10-26,ASHAPURMIN,278.0,295.29998779296875,273.0,293.1499938964844,448185
2023-10-27,ASHAPURMIN,294.5,299.75,293.1000061035156,298.0,116485
2023-10-30,ASHAPURMIN,308.0,308.0,295.0,296.25,100947
2023-10-31,ASHAPURMIN,301.0,302.75,296.75,301.1499938964844,110707
2023-10-03,ASHIANA,207.0,209.0,205.0,207.6999969482422,36346
2023-10-04,ASHIANA,208.75,209.0,197.0500030517578,199.8000030517578,249012
2023-10-05,ASHIANA,200.6999969482422,206.3999938964844,200.6999969482422,204.3000030517578,58001
2023-10-06,ASHIANA,205.3500061035156,206.3000030517578,195.25,199.8999938964844,334417
2023-10-09,ASHIANA,198.0,202.8500061035156,198.0,201.5,69451
2023-10-10,ASHIANA,202.5500030517578,207.3999938964844,200.0,201.8999938964844,279494
2023-10-11,ASHIANA,202.8000030517578,229.0,202.6499938964844,223.6000061035156,606198
2023-10-12,ASHIANA,229.1999969482422,232.1499938964844,225.0,226.6499938964844,584203
2023-10-13,ASHIANA,228.8000030517578,235.5,228.0,230.3500061035156,392806
2023-10-16,ASHIANA,230.0,234.9499969482422,227.3000030517578,231.9499969482422,131246
2023-10-17,ASHIANA,233.1499938964844,244.3500061035156,232.5,234.5500030517578,329569
2023-10-18,ASHIANA,234.5500030517578,234.9499969482422,225.0500030517578,226.5,104486
2023-10-19,ASHIANA,224.5,229.6499938964844,220.0,227.9499969482422,133786
2023-10-20,ASHIANA,226.6999969482422,231.1999969482422,222.5,225.0,109199
2023-10-23,ASHIANA,226.0,226.0,206.6999969482422,211.8000030517578,214773
2023-10-25,ASHIANA,211.8000030517578,220.9499969482422,205.6000061035156,208.1999969482422,107306
2023-10-26,ASHIANA,205.1000061035156,212.0,204.3999938964844,210.3999938964844,126293
2023-10-27,ASHIANA,211.5500030517578,215.6999969482422,210.3000030517578,213.1499938964844,67989
2023-10-30,ASHIANA,214.6999969482422,216.4499969482422,210.1000061035156,213.5,61443
2023-10-31,ASHIANA,214.6000061035156,222.8000030517578,213.0,214.1499938964844,128520
2023-10-03,ASHIMASYN,16.049999237060547,16.700000762939453,14.899999618530272,15.050000190734863,1089274
2023-10-04,ASHIMASYN,15.300000190734863,15.899999618530272,14.949999809265137,15.5,846484
2023-10-05,ASHIMASYN,15.949999809265137,16.100000381469727,15.300000190734863,15.649999618530272,480486
2023-10-06,ASHIMASYN,16.0,17.350000381469727,15.75,16.350000381469727,2217488
2023-10-09,ASHIMASYN,16.450000762939453,17.149999618530273,15.5,16.5,782683
2023-10-10,ASHIMASYN,16.600000381469727,17.100000381469727,15.850000381469728,16.450000762939453,895809
2023-10-11,ASHIMASYN,16.799999237060547,17.25,16.600000381469727,16.850000381469727,827103
2023-10-12,ASHIMASYN,16.799999237060547,17.149999618530273,16.649999618530273,16.799999237060547,508867
2023-10-13,ASHIMASYN,16.799999237060547,16.799999237060547,16.25,16.350000381469727,322216
2023-10-16,ASHIMASYN,16.450000762939453,16.700000762939453,16.25,16.350000381469727,231277
2023-10-17,ASHIMASYN,16.600000381469727,16.649999618530273,15.850000381469728,16.149999618530273,288468
2023-10-18,ASHIMASYN,16.149999618530273,16.299999237060547,15.800000190734863,15.850000381469728,243594
2023-10-19,ASHIMASYN,15.850000381469728,16.0,15.300000190734863,15.649999618530272,375759
2023-10-20,ASHIMASYN,15.899999618530272,15.899999618530272,15.350000381469728,15.449999809265137,169187
2023-10-23,ASHIMASYN,14.850000381469728,15.25,13.0,13.550000190734863,654943
2023-10-25,ASHIMASYN,13.550000190734863,14.449999809265137,13.149999618530272,13.699999809265137,351006
2023-10-26,ASHIMASYN,13.600000381469728,15.050000190734863,13.300000190734863,14.5,327646
2023-10-27,ASHIMASYN,15.199999809265137,15.899999618530272,14.600000381469728,15.399999618530272,507014
2023-10-30,ASHIMASYN,15.5,15.5,14.800000190734863,15.100000381469728,99074
2023-10-31,ASHIMASYN,15.5,16.299999237060547,15.0,15.949999809265137,424667
2023-10-03,ASHOKA,122.5,125.4499969482422,120.0999984741211,121.1999969482422,8449304
2023-10-04,ASHOKA,120.9000015258789,126.3499984741211,119.0,123.9000015258789,6962371
2023-10-05,ASHOKA,124.1999969482422,128.5,124.1999969482422,127.3499984741211,5326483
2023-10-06,ASHOKA,127.0500030517578,128.0,124.8499984741211,127.0999984741211,2389928
2023-10-09,ASHOKA,124.3499984741211,125.9000015258789,120.5500030517578,125.0999984741211,3007620
2023-10-10,ASHOKA,126.0,134.0,125.5500030517578,132.64999389648438,8178753
2023-10-11,ASHOKA,133.3000030517578,135.35000610351562,130.60000610351562,132.39999389648438,4650839
2023-10-12,ASHOKA,132.5,133.89999389648438,128.35000610351562,131.0,2272763
2023-10-13,ASHOKA,131.0,133.35000610351562,129.6999969482422,130.5500030517578,1924967
2023-10-16,ASHOKA,131.8000030517578,136.1999969482422,131.14999389648438,135.5,3296959
2023-10-17,ASHOKA,137.0,142.25,135.5,141.25,5399192
2023-10-18,ASHOKA,141.25,142.14999389648438,137.0,140.0,3352748
2023-10-19,ASHOKA,139.3000030517578,145.3000030517578,137.5,144.39999389648438,5029531
2023-10-20,ASHOKA,144.9499969482422,150.9499969482422,138.5500030517578,140.9499969482422,5844575
2023-10-23,ASHOKA,141.6999969482422,143.5,127.1500015258789,130.39999389648438,4633205
2023-10-25,ASHOKA,132.5,134.89999389648438,121.75,125.0500030517578,3856746
2023-10-26,ASHOKA,123.6999969482422,131.0,120.75,129.4499969482422,3713278
2023-10-27,ASHOKA,131.4499969482422,133.9499969482422,127.3000030517578,129.85000610351562,2391219
2023-10-30,ASHOKA,131.25,132.1999969482422,128.5,131.25,1113311
2023-10-31,ASHOKA,131.60000610351562,132.89999389648438,129.0,129.9499969482422,1146663
2023-10-03,ASHOKAMET,18.75,19.600000381469727,18.0,19.299999237060547,21236
2023-10-04,ASHOKAMET,19.600000381469727,19.799999237060547,18.350000381469727,18.600000381469727,21253
2023-10-05,ASHOKAMET,18.64999961853028,19.350000381469727,18.64999961853028,19.200000762939453,10339
2023-10-06,ASHOKAMET,19.450000762939453,19.450000762939453,18.75,19.0,10517
2023-10-09,ASHOKAMET,18.049999237060547,19.350000381469727,18.049999237060547,18.700000762939453,28842
2023-10-10,ASHOKAMET,18.89999961853028,19.39999961853028,18.299999237060547,18.549999237060547,21862
2023-10-11,ASHOKAMET,19.39999961853028,19.39999961853028,18.799999237060547,19.200000762939453,18893
2023-10-12,ASHOKAMET,19.0,20.14999961853028,18.549999237060547,19.5,17617
2023-10-13,ASHOKAMET,19.600000381469727,20.0,19.100000381469727,19.450000762939453,21676
2023-10-16,ASHOKAMET,19.950000762939453,20.049999237060547,19.549999237060547,19.950000762939453,18574
2023-10-17,ASHOKAMET,20.39999961853028,20.700000762939453,20.200000762939453,20.39999961853028,45446
2023-10-18,ASHOKAMET,20.39999961853028,21.39999961853028,19.549999237060547,21.39999961853028,47344
2023-10-19,ASHOKAMET,21.200000762939453,22.450000762939453,21.200000762939453,22.25,49202
2023-10-20,ASHOKAMET,23.25,23.350000381469727,22.0,22.25,68125
2023-10-23,ASHOKAMET,23.450000762939453,23.450000762939453,20.450000762939453,21.0,14620
2023-10-25,ASHOKAMET,20.39999961853028,21.049999237060547,18.89999961853028,19.14999961853028,21446
2023-10-26,ASHOKAMET,19.14999961853028,19.14999961853028,18.200000762939453,18.799999237060547,17687
2023-10-27,ASHOKAMET,18.799999237060547,20.64999961853028,18.799999237060547,20.299999237060547,41830
2023-10-30,ASHOKAMET,20.299999237060547,20.89999961853028,19.549999237060547,20.799999237060547,76732
2023-10-31,ASHOKAMET,21.850000381469727,21.850000381469727,19.89999961853028,20.450000762939453,74445
2023-10-03,ASHOKLEY,89.0,90.0,88.44999694824219,88.80000305175781,24711050
2023-10-04,ASHOKLEY,88.69999694824219,88.69999694824219,85.9000015258789,86.4749984741211,17863666
2023-10-05,ASHOKLEY,87.0,87.55000305175781,85.875,86.125,17586520
2023-10-06,ASHOKLEY,86.6500015258789,86.75,85.42500305175781,85.94999694824219,9513574
2023-10-09,ASHOKLEY,85.0,86.55000305175781,84.0,85.8499984741211,31234590
2023-10-10,ASHOKLEY,86.1500015258789,87.5999984741211,86.0999984741211,86.80000305175781,17121830
2023-10-11,ASHOKLEY,87.44999694824219,88.4000015258789,86.55000305175781,88.17500305175781,16997234
2023-10-12,ASHOKLEY,88.5,88.5250015258789,86.9000015258789,87.25,14516776
2023-10-13,ASHOKLEY,86.9749984741211,88.42500305175781,86.67500305175781,87.9000015258789,20669800
2023-10-16,ASHOKLEY,88.2750015258789,89.0,87.82499694824219,88.1500015258789,20239008
2023-10-17,ASHOKLEY,88.8499984741211,89.17500305175781,88.1500015258789,88.30000305175781,13166326
2023-10-18,ASHOKLEY,88.67500305175781,89.9000015258789,87.67500305175781,87.80000305175781,24573340
2023-10-19,ASHOKLEY,87.5,88.57499694824219,86.3499984741211,88.4000015258789,13718712
2023-10-20,ASHOKLEY,88.0,88.6500015258789,85.8499984741211,86.0999984741211,12354396
2023-10-23,ASHOKLEY,86.0999984741211,86.625,84.80000305175781,85.25,19774628
2023-10-25,ASHOKLEY,85.4749984741211,86.2249984741211,83.30000305175781,84.75,12265850
2023-10-26,ASHOKLEY,84.375,84.375,82.57499694824219,83.2750015258789,10002428
2023-10-27,ASHOKLEY,83.75,84.44999694824219,82.8499984741211,84.07499694824219,10332648
2023-10-30,ASHOKLEY,84.5999984741211,84.5999984741211,82.55000305175781,83.9749984741211,14320628
2023-10-31,ASHOKLEY,84.57499694824219,85.0250015258789,83.5,83.8499984741211,15801668
2023-10-03,ASIANENE,177.9499969482422,186.1999969482422,175.0,186.1999969482422,106622
2023-10-04,ASIANENE,190.0,195.5,181.3500061035156,186.3999938964844,235270
2023-10-05,ASIANENE,186.8000030517578,191.75,177.9499969482422,182.25,109119
2023-10-06,ASIANENE,182.3000030517578,191.3500061035156,177.35000610351562,189.8999938964844,144124
2023-10-09,ASIANENE,183.0,196.6499938964844,180.5,184.3500061035156,155323
2023-10-10,ASIANENE,190.0,190.8999938964844,184.75,188.25,70115
2023-10-11,ASIANENE,189.8999938964844,194.0,185.0,185.1000061035156,67144
2023-10-12,ASIANENE,188.8500061035156,188.8500061035156,176.0,179.3000030517578,72352
2023-10-13,ASIANENE,180.3000030517578,185.0,180.10000610351562,182.75,57151
2023-10-16,ASIANENE,184.8999938964844,190.0,181.25,184.5500030517578,43471
2023-10-17,ASIANENE,184.0,193.75,183.8500061035156,190.6499938964844,148496
2023-10-18,ASIANENE,192.5500030517578,200.1499938964844,188.3500061035156,198.6000061035156,440682
2023-10-19,ASIANENE,203.5,208.5,193.5,199.6499938964844,290507
2023-10-20,ASIANENE,205.0,205.0,194.0,201.6999969482422,135902
2023-10-23,ASIANENE,203.75,203.75,191.6499938964844,191.6499938964844,80859
2023-10-25,ASIANENE,198.0,199.8000030517578,182.1000061035156,182.4499969482422,106746
2023-10-26,ASIANENE,176.0500030517578,183.8500061035156,173.35000610351562,179.9499969482422,76478
2023-10-27,ASIANENE,182.0,187.3999938964844,177.10000610351562,180.10000610351562,61398
2023-10-30,ASIANENE,184.6999969482422,184.6999969482422,173.5,182.25,37080
2023-10-31,ASIANENE,180.0,185.0,177.5,181.6499938964844,27931
2023-10-03,ASIANHOTNR,145.0,145.0,138.25,142.39999389648438,2355
2023-10-04,ASIANHOTNR,142.0,144.4499969482422,138.0,140.0500030517578,1271
2023-10-05,ASIANHOTNR,140.14999389648438,144.8000030517578,138.1999969482422,139.75,1395
2023-10-06,ASIANHOTNR,143.5500030517578,143.85000610351562,137.0,138.60000610351562,6253
2023-10-09,ASIANHOTNR,144.0,144.14999389648438,129.0,129.6999969482422,9860
2023-10-10,ASIANHOTNR,132.0,134.9499969482422,130.0500030517578,132.0500030517578,2843
2023-10-11,ASIANHOTNR,144.0,144.0,128.8000030517578,133.8000030517578,18034
2023-10-12,ASIANHOTNR,136.0,147.14999389648438,135.9499969482422,147.14999389648438,904711
2023-10-13,ASIANHOTNR,161.0,161.85000610351562,158.85000610351562,161.85000610351562,81855
2023-10-16,ASIANHOTNR,159.0500030517578,176.0,158.25,164.8000030517578,95749
2023-10-17,ASIANHOTNR,169.89999389648438,169.89999389648438,157.0,158.0,24778
2023-10-18,ASIANHOTNR,154.5,160.9499969482422,153.0,154.0,7963
2023-10-19,ASIANHOTNR,153.75,158.0,152.10000610351562,156.5,3523
2023-10-20,ASIANHOTNR,152.5500030517578,159.39999389648438,150.64999389648438,156.0,2520
2023-10-23,ASIANHOTNR,155.0,161.39999389648438,148.1999969482422,149.14999389648438,2514
2023-10-25,ASIANHOTNR,156.39999389648438,156.39999389648438,145.0,145.5,4268
2023-10-26,ASIANHOTNR,149.0,149.4499969482422,142.25,147.64999389648438,3923
2023-10-27,ASIANHOTNR,154.0,154.0,148.0,150.60000610351562,1109
2023-10-30,ASIANHOTNR,153.10000610351562,158.10000610351562,153.10000610351562,158.10000610351562,6543
2023-10-31,ASIANHOTNR,165.0,166.0,165.0,166.0,2719
2023-10-03,ASIANPAINT,3166.10009765625,3227.800048828125,3162.0,3166.85009765625,1219145
2023-10-04,ASIANPAINT,3164.949951171875,3189.0,3151.35009765625,3169.89990234375,892584
2023-10-05,ASIANPAINT,3210.0,3232.10009765625,3174.300048828125,3206.25,1002610
2023-10-06,ASIANPAINT,3214.75,3217.0,3190.0,3195.75,814257
2023-10-09,ASIANPAINT,3140.050048828125,3163.0,3132.699951171875,3152.800048828125,700012
2023-10-10,ASIANPAINT,3150.0,3164.89990234375,3140.050048828125,3151.5,847367
2023-10-11,ASIANPAINT,3169.0,3185.0,3152.050048828125,3163.89990234375,1025317
2023-10-12,ASIANPAINT,3186.0,3188.5,3150.050048828125,3159.10009765625,992531
2023-10-13,ASIANPAINT,3150.0,3172.0,3128.25,3148.800048828125,854688
2023-10-16,ASIANPAINT,3124.0,3128.0,3096.10009765625,3112.050048828125,853011
2023-10-17,ASIANPAINT,3137.0,3137.0,3091.800048828125,3113.550048828125,792640
2023-10-18,ASIANPAINT,3110.0,3115.199951171875,3090.0,3096.449951171875,481985
2023-10-19,ASIANPAINT,3087.699951171875,3110.89990234375,3076.10009765625,3101.800048828125,568124
2023-10-20,ASIANPAINT,3092.5,3115.10009765625,3064.550048828125,3105.85009765625,711434
2023-10-23,ASIANPAINT,3096.050048828125,3108.89990234375,3064.0,3072.0,374476
2023-10-25,ASIANPAINT,3093.39990234375,3108.0,3052.0,3060.800048828125,669290
2023-10-26,ASIANPAINT,3051.10009765625,3055.0,2940.0,2960.300048828125,1834111
2023-10-27,ASIANPAINT,2932.800048828125,2974.64990234375,2931.0,2955.14990234375,1708185
2023-10-30,ASIANPAINT,2974.0,2991.949951171875,2939.10009765625,2967.10009765625,878885
2023-10-31,ASIANPAINT,2969.0,3012.75,2966.0,2995.699951171875,1152306
2023-10-03,ASIANTILES,63.70000076293945,65.44999694824219,62.79999923706055,63.09999847412109,923998
2023-10-04,ASIANTILES,62.95000076293945,64.1500015258789,62.59999847412109,63.400001525878906,555715
2023-10-05,ASIANTILES,63.70000076293945,68.0999984741211,63.59999847412109,67.0999984741211,3622842
2023-10-06,ASIANTILES,68.8499984741211,69.4000015258789,66.5999984741211,66.9000015258789,1783493
2023-10-09,ASIANTILES,66.0,66.0,63.0,63.09999847412109,1687747
2023-10-10,ASIANTILES,63.95000076293945,65.0,63.150001525878906,64.4000015258789,897169
2023-10-11,ASIANTILES,64.75,76.0,64.55000305175781,74.44999694824219,15244602
2023-10-12,ASIANTILES,75.8499984741211,76.44999694824219,73.1500015258789,74.55000305175781,6238264
2023-10-13,ASIANTILES,74.30000305175781,78.0999984741211,73.5999984741211,75.55000305175781,6420312
2023-10-16,ASIANTILES,75.9000015258789,80.0,75.0999984741211,78.3499984741211,6205007
2023-10-17,ASIANTILES,78.0,81.9000015258789,78.0,79.05000305175781,4221291
2023-10-18,ASIANTILES,79.0,82.0,76.5999984741211,79.5999984741211,4295795
2023-10-19,ASIANTILES,79.0,81.44999694824219,78.30000305175781,79.25,2849481
2023-10-20,ASIANTILES,79.3499984741211,83.80000305175781,78.19999694824219,81.75,6614687
2023-10-23,ASIANTILES,81.5,82.3499984741211,72.4000015258789,73.30000305175781,5192711
2023-10-25,ASIANTILES,73.9000015258789,79.80000305175781,72.80000305175781,78.9000015258789,7915408
2023-10-26,ASIANTILES,78.4000015258789,79.4000015258789,74.9000015258789,78.25,3555356
2023-10-27,ASIANTILES,78.4000015258789,80.0,77.55000305175781,78.0,1430697
2023-10-30,ASIANTILES,78.25,83.94999694824219,77.3499984741211,82.30000305175781,5186441
2023-10-31,ASIANTILES,83.0,84.8499984741211,81.6500015258789,82.5,4208729
2023-10-03,ASMS,11.199999809265137,11.199999809265137,10.949999809265137,11.199999809265137,92673
2023-10-04,ASMS,11.399999618530272,11.399999618530272,11.199999809265137,11.399999618530272,44795
2023-10-05,ASMS,11.600000381469728,11.600000381469728,11.600000381469728,11.600000381469728,24973
2023-10-06,ASMS,11.800000190734863,11.800000190734863,11.800000190734863,11.800000190734863,12903
2023-10-09,ASMS,12.0,12.0,12.0,12.0,44860
2023-10-10,ASMS,12.199999809265137,12.199999809265137,12.199999809265137,12.199999809265137,11235
2023-10-11,ASMS,12.399999618530272,12.399999618530272,12.399999618530272,12.399999618530272,7362
2023-10-12,ASMS,12.600000381469728,12.600000381469728,12.600000381469728,12.600000381469728,21498
2023-10-13,ASMS,12.850000381469728,12.850000381469728,12.850000381469728,12.850000381469728,6060
2023-10-16,ASMS,13.100000381469728,13.100000381469728,13.100000381469728,13.100000381469728,22882
2023-10-17,ASMS,13.350000381469728,13.350000381469728,13.350000381469728,13.350000381469728,18897
2023-10-18,ASMS,13.600000381469728,13.600000381469728,13.600000381469728,13.600000381469728,13025
2023-10-19,ASMS,13.850000381469728,13.850000381469728,13.850000381469728,13.850000381469728,6090
2023-10-20,ASMS,14.100000381469728,14.100000381469728,14.100000381469728,14.100000381469728,23024
2023-10-23,ASMS,14.350000381469728,14.350000381469728,14.350000381469728,14.350000381469728,24670
2023-10-25,ASMS,14.600000381469728,14.600000381469728,14.600000381469728,14.600000381469728,25232
2023-10-26,ASMS,14.399999618530272,14.75,14.350000381469728,14.399999618530272,90821
2023-10-27,ASMS,14.649999618530272,14.649999618530272,14.649999618530272,14.649999618530272,25398
2023-10-30,ASMS,14.899999618530272,14.899999618530272,14.899999618530272,14.899999618530272,10803
2023-10-31,ASMS,15.149999618530272,15.149999618530272,15.149999618530272,15.149999618530272,2858
2023-10-03,ASPINWALL,273.0,273.0,257.3500061035156,261.25,13572
2023-10-04,ASPINWALL,261.20001220703125,261.20001220703125,251.0,254.8999938964844,11842
2023-10-05,ASPINWALL,254.8999938964844,258.0,251.1499938964844,252.4499969482422,6826
2023-10-06,ASPINWALL,252.5500030517578,255.0,246.1000061035156,251.0500030517578,5005
2023-10-09,ASPINWALL,241.5500030517578,251.6999969482422,241.5500030517578,246.6000061035156,3438
2023-10-10,ASPINWALL,253.0,253.0,245.0,247.0500030517578,3271
2023-10-11,ASPINWALL,253.8000030517578,253.8000030517578,249.0,251.1499938964844,1903
2023-10-12,ASPINWALL,258.3999938964844,258.3999938964844,248.3000030517578,251.5,2580
2023-10-13,ASPINWALL,255.1000061035156,255.1000061035156,244.1999969482422,246.75,5873
2023-10-16,ASPINWALL,243.0,253.0,242.6999969482422,245.8500061035156,7103
2023-10-17,ASPINWALL,250.6999969482422,250.6999969482422,243.6499938964844,246.6499938964844,1996
2023-10-18,ASPINWALL,253.8999938964844,253.8999938964844,243.0,245.1999969482422,4034
2023-10-19,ASPINWALL,252.5,252.5,244.0,248.5500030517578,2275
2023-10-20,ASPINWALL,250.3000030517578,252.0,245.4499969482422,246.5,2064
2023-10-23,ASPINWALL,247.0,247.0500030517578,235.0,236.3000030517578,4336
2023-10-25,ASPINWALL,235.0,241.9499969482422,229.5500030517578,230.8500061035156,3697
2023-10-26,ASPINWALL,227.0500030517578,237.0500030517578,227.0,233.0500030517578,5869
2023-10-27,ASPINWALL,234.8500061035156,246.4499969482422,234.8500061035156,240.6999969482422,3504
2023-10-30,ASPINWALL,236.0,244.5500030517578,236.0,239.3000030517578,2575
2023-10-31,ASPINWALL,244.1999969482422,244.1999969482422,238.6000061035156,239.5500030517578,1053
2023-10-03,ASTEC,1323.6500244140625,1323.6500244140625,1301.0,1309.25,5847
2023-10-04,ASTEC,1311.1500244140625,1325.0,1296.5999755859375,1320.9000244140625,6853
2023-10-05,ASTEC,1318.5,1340.0,1306.949951171875,1335.75,5961
2023-10-06,ASTEC,1323.75,1385.050048828125,1320.0,1366.75,13229
2023-10-09,ASTEC,1359.949951171875,1360.0,1303.199951171875,1314.0,9557
2023-10-10,ASTEC,1320.5999755859375,1332.0,1313.050048828125,1322.699951171875,4233
2023-10-11,ASTEC,1324.0999755859375,1334.949951171875,1311.0,1320.5,5078
2023-10-12,ASTEC,1322.050048828125,1328.8499755859375,1313.0,1317.800048828125,4331
2023-10-13,ASTEC,1324.4000244140625,1335.0,1318.0,1320.050048828125,3186
2023-10-16,ASTEC,1326.699951171875,1328.300048828125,1315.0,1319.800048828125,5565
2023-10-17,ASTEC,1322.0,1332.300048828125,1310.0999755859375,1322.050048828125,5026
2023-10-18,ASTEC,1328.6500244140625,1328.6500244140625,1305.050048828125,1317.449951171875,7510
2023-10-19,ASTEC,1320.0,1320.0,1292.0,1295.800048828125,8896
2023-10-20,ASTEC,1295.800048828125,1305.949951171875,1250.1500244140625,1268.699951171875,16754
2023-10-23,ASTEC,1254.0,1266.0999755859375,1220.5999755859375,1228.300048828125,12231
2023-10-25,ASTEC,1233.800048828125,1247.800048828125,1179.050048828125,1203.75,10361
2023-10-26,ASTEC,1203.75,1204.949951171875,1149.0999755859375,1182.449951171875,14033
2023-10-27,ASTEC,1195.199951171875,1228.25,1175.0,1202.550048828125,10880
2023-10-30,ASTEC,1162.0,1240.5999755859375,1150.0,1214.5,38743
2023-10-31,ASTEC,1203.1500244140625,1230.75,1168.0,1220.449951171875,8352
2023-10-03,ASTERDM,333.0,354.95001220703125,328.3999938964844,338.79998779296875,1516045
2023-10-04,ASTERDM,339.8500061035156,339.8500061035156,328.70001220703125,331.04998779296875,174541
2023-10-05,ASTERDM,331.0,333.04998779296875,326.45001220703125,328.54998779296875,110664
2023-10-06,ASTERDM,330.0,330.0,324.5,326.79998779296875,123508
2023-10-09,ASTERDM,323.75,325.04998779296875,317.1000061035156,321.20001220703125,196539
2023-10-10,ASTERDM,320.20001220703125,327.6499938964844,320.20001220703125,325.29998779296875,282334
2023-10-11,ASTERDM,326.0,326.29998779296875,320.6499938964844,323.1499938964844,286629
2023-10-12,ASTERDM,333.95001220703125,354.0,332.1000061035156,339.20001220703125,4295057
2023-10-13,ASTERDM,334.1499938964844,341.95001220703125,334.0,336.20001220703125,260984
2023-10-16,ASTERDM,336.1000061035156,340.79998779296875,333.54998779296875,335.8500061035156,196986
2023-10-17,ASTERDM,338.0,340.1499938964844,328.0,330.0,243302
2023-10-18,ASTERDM,333.0,334.8500061035156,326.1499938964844,331.29998779296875,171212
2023-10-19,ASTERDM,330.6499938964844,334.5,328.04998779296875,332.1000061035156,308972
2023-10-20,ASTERDM,331.0,331.6499938964844,326.29998779296875,329.0,141630
2023-10-23,ASTERDM,328.0,339.79998779296875,326.0,330.54998779296875,229952
2023-10-25,ASTERDM,332.45001220703125,371.25,329.6000061035156,356.8999938964844,915508
2023-10-26,ASTERDM,349.0,351.79998779296875,329.20001220703125,334.54998779296875,1043461
2023-10-27,ASTERDM,336.0,342.25,330.3500061035156,332.1000061035156,246623
2023-10-30,ASTERDM,332.1000061035156,336.6000061035156,328.6000061035156,329.6000061035156,178298
2023-10-31,ASTERDM,332.95001220703125,335.79998779296875,328.3999938964844,329.6499938964844,106865
2023-10-03,ASTRAL,1919.0,1919.0,1885.550048828125,1889.4000244140625,321425
2023-10-04,ASTRAL,1890.0,1903.550048828125,1851.699951171875,1868.449951171875,291689
2023-10-05,ASTRAL,1865.050048828125,1886.75,1855.0,1857.6500244140625,153879
2023-10-06,ASTRAL,1869.949951171875,1895.0,1856.6500244140625,1889.4000244140625,318424
2023-10-09,ASTRAL,1879.949951171875,1882.3499755859373,1852.300048828125,1861.5,345097
2023-10-10,ASTRAL,1862.050048828125,1914.5,1862.050048828125,1911.550048828125,285755
2023-10-11,ASTRAL,1919.949951171875,1948.199951171875,1912.050048828125,1934.699951171875,493856
2023-10-12,ASTRAL,1939.0,1953.4000244140625,1923.4000244140625,1927.5,375205
2023-10-13,ASTRAL,1927.0,1943.949951171875,1915.050048828125,1937.1500244140625,363379
2023-10-16,ASTRAL,1949.800048828125,1967.0,1928.4000244140625,1949.449951171875,774044
2023-10-17,ASTRAL,1963.8499755859373,1970.5,1945.4000244140625,1967.199951171875,517358
2023-10-18,ASTRAL,1972.0,1979.6500244140625,1948.050048828125,1963.4000244140625,474993
2023-10-19,ASTRAL,1955.0,1955.0,1840.0,1843.8499755859373,2077841
2023-10-20,ASTRAL,1855.050048828125,1884.0,1825.5,1842.550048828125,2374492
2023-10-23,ASTRAL,1839.0,1846.050048828125,1805.699951171875,1823.449951171875,724200
2023-10-25,ASTRAL,1829.949951171875,1858.5,1806.75,1819.25,442617
2023-10-26,ASTRAL,1824.0,1824.0,1773.0,1781.8499755859375,675909
2023-10-27,ASTRAL,1797.1500244140625,1835.0,1795.5999755859375,1826.949951171875,252287
2023-10-30,ASTRAL,1830.0,1845.300048828125,1799.699951171875,1823.949951171875,822819
2023-10-31,ASTRAL,1833.0,1855.0,1821.1500244140625,1850.75,792115
2023-10-03,ASTRAMICRO,425.9500122070313,446.8999938964844,424.9500122070313,435.7999877929688,1104267
2023-10-04,ASTRAMICRO,435.5,437.0,427.0,432.5499877929688,380432
2023-10-05,ASTRAMICRO,437.5,452.6499938964844,435.7000122070313,437.8500061035156,839404
2023-10-06,ASTRAMICRO,441.3500061035156,448.5,433.5,446.25,516700
2023-10-09,ASTRAMICRO,442.9500122070313,457.9500122070313,425.3999938964844,440.1000061035156,829150
2023-10-10,ASTRAMICRO,445.0499877929688,450.8999938964844,441.1000061035156,443.3999938964844,321144
2023-10-11,ASTRAMICRO,446.8500061035156,464.7999877929688,444.3999938964844,462.4500122070313,901725
2023-10-12,ASTRAMICRO,466.0,466.1000061035156,451.0,451.9500122070313,319856
2023-10-13,ASTRAMICRO,449.0,453.7000122070313,444.0,446.2999877929688,244520
2023-10-16,ASTRAMICRO,447.9500122070313,455.0,444.2999877929688,453.2000122070313,300873
2023-10-17,ASTRAMICRO,456.0,457.7999877929688,445.7000122070313,447.7999877929688,193944
2023-10-18,ASTRAMICRO,470.1499938964844,513.7999877929688,470.1499938964844,478.6499938964844,7640836
2023-10-19,ASTRAMICRO,479.0,494.7999877929688,476.6000061035156,490.3999938964844,1156283
2023-10-20,ASTRAMICRO,493.8999938964844,496.7999877929688,476.8999938964844,482.5499877929688,631064
2023-10-23,ASTRAMICRO,486.0,489.7000122070313,452.1000061035156,455.0499877929688,822355
2023-10-25,ASTRAMICRO,456.0,466.0,437.0,443.5,503735
2023-10-26,ASTRAMICRO,435.0,461.3999938964844,432.25,455.8999938964844,699908
2023-10-27,ASTRAMICRO,460.5,472.0,457.4500122070313,467.1000061035156,448306
2023-10-30,ASTRAMICRO,470.8999938964844,472.0,461.5,468.0499877929688,319746
2023-10-31,ASTRAMICRO,471.2999877929688,478.7000122070313,462.3500061035156,465.5,291808
2023-10-03,ASTRAZEN,4476.10009765625,4549.0,4451.0,4531.64990234375,5283
2023-10-04,ASTRAZEN,4539.0,4570.0,4481.7998046875,4529.60009765625,6313
2023-10-05,ASTRAZEN,4561.0,4561.2001953125,4487.0,4504.14990234375,4883
2023-10-06,ASTRAZEN,4525.0,4744.7001953125,4486.0498046875,4726.10009765625,71146
2023-10-09,ASTRAZEN,4660.0,4710.0,4610.64990234375,4666.0498046875,10676
2023-10-10,ASTRAZEN,4630.0,4810.7998046875,4630.0,4753.0498046875,24348
2023-10-11,ASTRAZEN,4753.0498046875,4830.0,4654.0,4735.85009765625,19427
2023-10-12,ASTRAZEN,4734.0,4734.0,4645.85009765625,4653.25,8183
2023-10-13,ASTRAZEN,4652.9501953125,4688.9501953125,4621.9501953125,4675.2998046875,7231
2023-10-16,ASTRAZEN,4630.25,4735.0,4630.25,4694.0498046875,4835
2023-10-17,ASTRAZEN,4713.0498046875,4789.75,4685.2001953125,4763.75,9567
2023-10-18,ASTRAZEN,4760.0498046875,4786.39990234375,4726.0498046875,4743.2998046875,5422
2023-10-19,ASTRAZEN,4696.0498046875,4723.75,4650.0,4658.85009765625,5392
2023-10-20,ASTRAZEN,4658.85009765625,4678.0498046875,4642.60009765625,4651.10009765625,4908
2023-10-23,ASTRAZEN,4651.0,4693.7998046875,4527.0,4580.2998046875,9798
2023-10-25,ASTRAZEN,4580.25,4660.0,4546.10009765625,4633.64990234375,12007
2023-10-26,ASTRAZEN,4633.64990234375,4633.64990234375,4545.10009765625,4585.85009765625,11076
2023-10-27,ASTRAZEN,4599.0,4793.89990234375,4475.0,4713.35009765625,15150
2023-10-30,ASTRAZEN,4712.5,4754.9501953125,4610.0,4728.14990234375,5925
2023-10-31,ASTRAZEN,4749.0,4749.0,4650.0,4674.5,5501
2023-10-03,ASTRON,35.0,35.0,33.20000076293945,34.150001525878906,21745
2023-10-04,ASTRON,33.75,34.599998474121094,32.849998474121094,33.25,18036
2023-10-05,ASTRON,33.5,33.900001525878906,32.5,33.29999923706055,16382
2023-10-06,ASTRON,33.20000076293945,33.5,32.099998474121094,33.0,18002
2023-10-09,ASTRON,32.04999923706055,32.099998474121094,31.600000381469727,31.700000762939453,22858
2023-10-10,ASTRON,33.25,33.25,31.5,31.799999237060547,9361
2023-10-11,ASTRON,31.850000381469727,33.0,31.39999961853028,32.900001525878906,48101
2023-10-12,ASTRON,32.900001525878906,33.900001525878906,32.5,32.650001525878906,19336
2023-10-13,ASTRON,32.650001525878906,33.0,31.200000762939453,31.89999961853028,19284
2023-10-16,ASTRON,32.75,32.95000076293945,31.299999237060547,31.850000381469727,26811
2023-10-17,ASTRON,31.600000381469727,32.849998474121094,31.100000381469727,32.0,20991
2023-10-18,ASTRON,32.849998474121094,32.849998474121094,31.5,31.600000381469727,11367
2023-10-19,ASTRON,32.79999923706055,32.79999923706055,31.14999961853028,31.549999237060547,11759
2023-10-20,ASTRON,31.700000762939453,32.70000076293945,31.100000381469727,31.450000762939453,8505
2023-10-23,ASTRON,30.600000381469727,31.39999961853028,30.14999961853028,30.14999961853028,19231
2023-10-25,ASTRON,29.89999961853028,30.450000762939453,28.64999961853028,28.799999237060547,21290
2023-10-26,ASTRON,28.799999237060547,28.799999237060547,27.39999961853028,27.700000762939453,36276
2023-10-27,ASTRON,28.0,29.049999237060547,27.0,29.0,18165
2023-10-30,ASTRON,29.0,29.100000381469727,28.049999237060547,28.14999961853028,11972
2023-10-31,ASTRON,29.0,29.0,28.0,28.299999237060547,19019
2023-10-03,ATALREAL,15.90999984741211,16.059999465942383,15.619999885559082,15.739999771118164,84860
2023-10-04,ATALREAL,15.609999656677246,15.779999732971191,15.40999984741211,15.470000267028809,191895
2023-10-05,ATALREAL,15.59000015258789,15.770000457763672,15.279999732971191,15.510000228881836,51690
2023-10-06,ATALREAL,15.630000114440918,15.699999809265137,15.369999885559082,15.609999656677246,220250
2023-10-09,ATALREAL,15.609999656677246,15.609999656677246,14.899999618530272,15.0,205325
2023-10-10,ATALREAL,15.010000228881836,15.390000343322754,14.800000190734863,15.029999732971191,71435
2023-10-11,ATALREAL,15.149999618530272,15.270000457763672,14.8100004196167,14.9399995803833,127550
2023-10-12,ATALREAL,14.9399995803833,15.09000015258789,14.449999809265137,14.510000228881836,219055
2023-10-13,ATALREAL,14.510000228881836,14.800000190734863,14.100000381469728,14.510000228881836,194740
2023-10-16,ATALREAL,14.260000228881836,14.800000190734863,14.039999961853027,14.770000457763672,300440
2023-10-17,ATALREAL,14.770000457763672,14.770000457763672,14.329999923706056,14.399999618530272,82805
2023-10-18,ATALREAL,14.550000190734863,14.550000190734863,14.050000190734863,14.140000343322754,54975
2023-10-19,ATALREAL,14.34000015258789,14.600000381469728,13.4399995803833,14.220000267028809,536230
2023-10-20,ATALREAL,14.149999618530272,14.399999618530272,13.5600004196167,14.06999969482422,196480
2023-10-23,ATALREAL,14.039999961853027,14.600000381469728,13.460000038146973,13.850000381469728,503665
2023-10-25,ATALREAL,13.84000015258789,13.84000015258789,13.15999984741211,13.649999618530272,128840
2023-10-26,ATALREAL,13.649999618530272,13.800000190734863,13.010000228881836,13.329999923706056,82135
2023-10-27,ATALREAL,13.329999923706056,13.5,12.989999771118164,13.260000228881836,91020
2023-10-30,ATALREAL,13.369999885559082,13.399999618530272,12.989999771118164,13.18000030517578,65685
2023-10-31,ATALREAL,13.18000030517578,13.260000228881836,12.84000015258789,12.979999542236328,56580
2023-10-03,ATAM,178.64999389648438,182.0,177.5,177.89999389648438,14413
2023-10-04,ATAM,181.1499938964844,181.1499938964844,174.10000610351562,177.6999969482422,6493
2023-10-05,ATAM,182.0,182.0,176.5500030517578,178.39999389648438,5185
2023-10-06,ATAM,180.0,186.25,178.10000610351562,179.89999389648438,40282
2023-10-09,ATAM,180.5500030517578,180.8999938964844,174.10000610351562,178.0500030517578,15508
2023-10-10,ATAM,178.0500030517578,180.6499938964844,172.5,174.3000030517578,13204
2023-10-11,ATAM,179.5,180.9499969482422,176.0,178.89999389648438,5720
2023-10-12,ATAM,180.0,195.5,176.0,177.1999969482422,205183
2023-10-13,ATAM,179.89999389648438,181.6999969482422,177.1999969482422,178.89999389648438,18414
2023-10-16,ATAM,179.0,196.75,172.5,177.3000030517578,261171
2023-10-17,ATAM,181.6000061035156,182.3999938964844,174.5,178.5,31666
2023-10-18,ATAM,181.8999938964844,181.8999938964844,174.35000610351562,175.35000610351562,23441
2023-10-19,ATAM,172.75,177.0,172.0500030517578,172.75,19131
2023-10-20,ATAM,177.0,177.0,170.0,170.35000610351562,20752
2023-10-23,ATAM,179.9499969482422,179.9499969482422,167.5,168.60000610351562,13608
2023-10-25,ATAM,173.9499969482422,173.9499969482422,165.10000610351562,167.14999389648438,10623
2023-10-26,ATAM,167.14999389648438,171.89999389648438,162.10000610351562,169.75,12438
2023-10-27,ATAM,170.10000610351562,173.0,163.60000610351562,165.6999969482422,22965
2023-10-30,ATAM,172.0,172.0,164.0,165.8000030517578,9747
2023-10-31,ATAM,166.0,166.85000610351562,160.9499969482422,162.60000610351562,13180
2023-10-03,ATGL,619.8499755859375,619.8499755859375,609.0999755859375,610.75,491826
2023-10-04,ATGL,610.5499877929688,629.75,604.3499755859375,610.7000122070312,1347949
2023-10-05,ATGL,616.8499755859375,616.9000244140625,600.5499877929688,602.9000244140625,669666
2023-10-06,ATGL,605.0499877929688,609.7000122070312,603.5,604.5999755859375,326953
2023-10-09,ATGL,600.0,600.0499877929688,587.75,590.2999877929688,572730
2023-10-10,ATGL,588.5,626.0,588.5,607.7999877929688,2808380
2023-10-11,ATGL,615.0499877929688,619.9000244140625,606.25,611.3499755859375,606346
2023-10-12,ATGL,614.7999877929688,616.3499755859375,608.0,609.4500122070312,252296
2023-10-13,ATGL,607.9500122070312,607.9500122070312,600.2000122070312,601.6500244140625,367972
2023-10-16,ATGL,602.0,604.5,595.0,595.2000122070312,327251
2023-10-17,ATGL,597.9500122070312,602.0,595.0,595.5499877929688,259223
2023-10-18,ATGL,598.4500122070312,598.7999877929688,592.0,593.0499877929688,266362
2023-10-19,ATGL,591.4500122070312,594.0,586.0,591.9500122070312,1654142
2023-10-20,ATGL,595.0,599.7999877929688,589.0,590.7999877929688,2119632
2023-10-23,ATGL,590.0499877929688,594.0,570.7000122070312,573.1500244140625,1653095
2023-10-25,ATGL,573.0,579.4000244140625,548.1500244140625,550.4500122070312,2129935
2023-10-26,ATGL,550.0,550.0,522.0,533.75,1111655
2023-10-27,ATGL,541.0,565.0,540.0,560.25,2354557
2023-10-30,ATGL,568.0,571.8499755859375,555.4500122070312,563.7000122070312,1062861
2023-10-31,ATGL,570.0,575.5499877929688,559.9000244140625,564.2999877929688,465372
2023-10-03,ATL,34.70000076293945,35.400001525878906,34.25,34.5,1807039
2023-10-04,ATL,35.0,35.0,33.54999923706055,34.099998474121094,957921
2023-10-05,ATL,34.45000076293945,36.79999923706055,34.29999923706055,36.150001525878906,4489025
2023-10-06,ATL,36.95000076293945,39.20000076293945,36.5,38.84999847412109,6982871
2023-10-09,ATL,38.25,39.5,36.75,36.900001525878906,2461660
2023-10-10,ATL,37.54999923706055,38.95000076293945,37.5,38.54999923706055,2109164
2023-10-11,ATL,39.29999923706055,42.0,38.75,40.79999923706055,4680859
2023-10-12,ATL,41.25,43.34999847412109,40.5,42.79999923706055,3626058
2023-10-13,ATL,43.25,43.25,41.45000076293945,41.75,1904876
2023-10-16,ATL,41.29999923706055,42.900001525878906,40.54999923706055,41.70000076293945,1772598
2023-10-17,ATL,42.04999923706055,44.400001525878906,41.59999847412109,43.20000076293945,2405718
2023-10-18,ATL,43.5,46.59999847412109,42.84999847412109,43.54999923706055,3824582
2023-10-19,ATL,43.59999847412109,45.25,42.75,44.650001525878906,2041352
2023-10-20,ATL,45.150001525878906,46.09999847412109,43.5,44.04999923706055,1609690
2023-10-23,ATL,44.400001525878906,45.45000076293945,40.650001525878906,40.84999847412109,2763263
2023-10-25,ATL,40.25,42.0,38.59999847412109,39.09999847412109,2784469
2023-10-26,ATL,39.0,39.400001525878906,37.25,38.54999923706055,2095301
2023-10-27,ATL,39.20000076293945,40.25,38.0,38.29999923706055,1513081
2023-10-30,ATL,38.5,39.5,37.95000076293945,38.650001525878906,1052381
2023-10-31,ATL,38.84999847412109,39.75,38.09999847412109,38.400001525878906,807386
2023-10-03,ATLANTAA,14.25,14.25,13.850000381469728,14.149999618530272,12383
2023-10-04,ATLANTAA,14.149999618530272,14.149999618530272,13.899999618530272,13.899999618530272,12314
2023-10-05,ATLANTAA,13.899999618530272,14.199999809265137,13.699999809265137,13.949999809265137,18601
2023-10-06,ATLANTAA,14.0,14.149999618530272,13.75,14.100000381469728,41696
2023-10-09,ATLANTAA,13.399999618530272,14.5,13.399999618530272,14.050000190734863,66651
2023-10-10,ATLANTAA,13.850000381469728,14.600000381469728,13.850000381469728,14.350000381469728,28454
2023-10-11,ATLANTAA,14.350000381469728,15.050000190734863,13.75,15.050000190734863,54952
2023-10-12,ATLANTAA,15.699999809265137,15.800000190734863,15.100000381469728,15.449999809265137,116500
2023-10-13,ATLANTAA,15.5,16.200000762939453,15.5,16.200000762939453,64292
2023-10-16,ATLANTAA,16.75,16.799999237060547,15.5,16.0,57232
2023-10-17,ATLANTAA,16.200000762939453,16.200000762939453,15.399999618530272,15.5,32640
2023-10-18,ATLANTAA,15.5,15.949999809265137,14.949999809265137,15.350000381469728,26778
2023-10-19,ATLANTAA,15.699999809265137,15.699999809265137,14.600000381469728,15.199999809265137,45718
2023-10-20,ATLANTAA,15.449999809265137,15.75,14.449999809265137,15.600000381469728,59634
2023-10-23,ATLANTAA,15.600000381469728,15.949999809265137,14.850000381469728,15.199999809265137,54806
2023-10-25,ATLANTAA,15.75,15.75,14.550000190734863,14.75,8603
2023-10-26,ATLANTAA,14.600000381469728,14.600000381469728,14.050000190734863,14.5,29430
2023-10-27,ATLANTAA,14.600000381469728,14.850000381469728,14.25,14.699999809265137,6297
2023-10-30,ATLANTAA,15.350000381469728,15.399999618530272,15.0,15.399999618530272,33810
2023-10-31,ATLANTAA,16.100000381469727,16.100000381469727,15.0,15.25,32404
2023-10-03,ATLASCYCLE,28.850000381469727,28.850000381469727,28.850000381469727,28.850000381469727,0
2023-10-04,ATLASCYCLE,28.850000381469727,28.850000381469727,28.850000381469727,28.850000381469727,0
2023-10-05,ATLASCYCLE,28.850000381469727,28.850000381469727,28.850000381469727,28.850000381469727,0
2023-10-06,ATLASCYCLE,28.850000381469727,28.850000381469727,28.850000381469727,28.850000381469727,0
2023-10-09,ATLASCYCLE,28.850000381469727,28.850000381469727,28.850000381469727,28.850000381469727,0
2023-10-10,ATLASCYCLE,28.850000381469727,28.850000381469727,28.850000381469727,28.850000381469727,0
2023-10-11,ATLASCYCLE,28.850000381469727,28.850000381469727,28.850000381469727,28.850000381469727,0
2023-10-12,ATLASCYCLE,28.850000381469727,28.850000381469727,28.850000381469727,28.850000381469727,0
2023-10-13,ATLASCYCLE,28.850000381469727,28.850000381469727,28.850000381469727,28.850000381469727,0
2023-10-16,ATLASCYCLE,28.850000381469727,28.850000381469727,28.850000381469727,28.850000381469727,0
2023-10-17,ATLASCYCLE,28.850000381469727,28.850000381469727,28.850000381469727,28.850000381469727,0
2023-10-18,ATLASCYCLE,28.850000381469727,28.850000381469727,28.850000381469727,28.850000381469727,0
2023-10-19,ATLASCYCLE,28.850000381469727,28.850000381469727,28.850000381469727,28.850000381469727,0
2023-10-20,ATLASCYCLE,28.850000381469727,28.850000381469727,28.850000381469727,28.850000381469727,0
2023-10-23,ATLASCYCLE,28.850000381469727,28.850000381469727,28.850000381469727,28.850000381469727,0
2023-10-25,ATLASCYCLE,28.850000381469727,28.850000381469727,28.850000381469727,28.850000381469727,0
2023-10-26,ATLASCYCLE,28.850000381469727,28.850000381469727,28.850000381469727,28.850000381469727,0
2023-10-27,ATLASCYCLE,28.850000381469727,28.850000381469727,28.850000381469727,28.850000381469727,0
2023-10-30,ATLASCYCLE,28.850000381469727,28.850000381469727,28.850000381469727,28.850000381469727,0
2023-10-31,ATLASCYCLE,28.850000381469727,28.850000381469727,28.850000381469727,28.850000381469727,0
2023-10-03,ATUL,7050.0,7050.0,6940.35009765625,6981.85009765625,21959
2023-10-04,ATUL,6981.85009765625,6994.0,6822.2001953125,6952.14990234375,33491
2023-10-05,ATUL,6980.0,7060.2001953125,6920.0,7035.85009765625,25029
2023-10-06,ATUL,7029.0,7038.9501953125,6950.0,7025.0498046875,18722
2023-10-09,ATUL,7002.0,7009.2998046875,6850.0,6884.35009765625,20449
2023-10-10,ATUL,6894.9501953125,6931.9501953125,6860.0,6881.14990234375,12562
2023-10-11,ATUL,6917.39990234375,7049.5498046875,6880.0498046875,6898.7001953125,28468
2023-10-12,ATUL,6903.0,6961.0,6870.0498046875,6945.0,17052
2023-10-13,ATUL,6939.0,6970.0,6885.2001953125,6939.10009765625,27008
2023-10-16,ATUL,6921.0,6965.9501953125,6850.0498046875,6877.64990234375,67552
2023-10-17,ATUL,6949.0,6959.9501953125,6868.2998046875,6883.64990234375,58476
2023-10-18,ATUL,6919.89990234375,6922.4501953125,6800.0498046875,6839.60009765625,59450
2023-10-19,ATUL,6840.0,6847.75,6746.0,6772.0498046875,55393
2023-10-20,ATUL,6774.9501953125,6863.7998046875,6605.0,6676.7001953125,111332
2023-10-23,ATUL,6605.0,6788.60009765625,6351.0,6391.2998046875,168536
2023-10-25,ATUL,6395.0,6449.0,6271.0,6341.0,75668
2023-10-26,ATUL,6348.0,6348.0,6219.0498046875,6239.9501953125,84307
2023-10-27,ATUL,6270.0,6317.2998046875,6172.2001953125,6249.10009765625,157839
2023-10-30,ATUL,6274.0,6287.35009765625,6212.10009765625,6241.5,14670
2023-10-31,ATUL,6250.0,6294.7001953125,6229.2998046875,6241.7001953125,18575
2023-10-03,ATULAUTO,601.6500244140625,616.0,591.2000122070312,600.6500244140625,213055
2023-10-04,ATULAUTO,599.0,601.2999877929688,566.0999755859375,584.0499877929688,168671
2023-10-05,ATULAUTO,589.25,598.9500122070312,575.5999755859375,585.4500122070312,111229
2023-10-06,ATULAUTO,587.5999755859375,614.7000122070312,583.5499877929688,607.4000244140625,196433
2023-10-09,ATULAUTO,590.0,604.0,582.0,584.6500244140625,103612
2023-10-10,ATULAUTO,587.1500244140625,605.0,584.25,591.0,92830
2023-10-11,ATULAUTO,596.0,643.7999877929688,585.0,627.25,658925
2023-10-12,ATULAUTO,637.9500122070312,657.5999755859375,625.0,630.5499877929688,503146
2023-10-13,ATULAUTO,626.0,632.0,615.0,617.1500244140625,122716
2023-10-16,ATULAUTO,615.2000122070312,617.7999877929688,601.0,607.0999755859375,117305
2023-10-17,ATULAUTO,612.9500122070312,619.7000122070312,592.0999755859375,600.4500122070312,111246
2023-10-18,ATULAUTO,605.0,629.0,604.9500122070312,607.5499877929688,222189
2023-10-19,ATULAUTO,607.0,668.2999877929688,601.5,658.0999755859375,742791
2023-10-20,ATULAUTO,669.0,685.9500122070312,630.0,640.6500244140625,699500
2023-10-23,ATULAUTO,647.0,654.7000122070312,580.0,584.75,471279
2023-10-25,ATULAUTO,607.8499755859375,615.0,562.0,591.5499877929688,266661
2023-10-26,ATULAUTO,587.2999877929688,625.0,567.0,616.0499877929688,448166
2023-10-27,ATULAUTO,623.9000244140625,629.7000122070312,604.0999755859375,616.1500244140625,183262
2023-10-30,ATULAUTO,617.9500122070312,624.9000244140625,604.3499755859375,610.8499755859375,115135
2023-10-31,ATULAUTO,615.0,642.7000122070312,608.0,611.7999877929688,167677
2023-10-03,AUBANK,714.7999877929688,714.7999877929688,702.0999755859375,704.7999877929688,855484
2023-10-04,AUBANK,704.0,708.0999755859375,688.0,703.5999755859375,3416610
2023-10-05,AUBANK,702.0,716.9500122070312,702.0,714.4000244140625,925577
2023-10-06,AUBANK,719.9000244140625,720.0,712.4500122070312,713.5499877929688,718188
2023-10-09,AUBANK,708.0,717.4500122070312,703.0499877929688,711.0,927404
2023-10-10,AUBANK,715.0499877929688,717.7999877929688,708.75,715.2000122070312,527218
2023-10-11,AUBANK,718.9000244140625,720.7000122070312,712.0,715.75,1174535
2023-10-12,AUBANK,719.0,723.0,715.0,716.2999877929688,691279
2023-10-13,AUBANK,716.2999877929688,720.0,712.0,716.9500122070312,410117
2023-10-16,AUBANK,716.9500122070312,716.9500122070312,703.1500244140625,709.3499755859375,1680941
2023-10-17,AUBANK,714.7999877929688,714.7999877929688,706.0,706.5999755859375,620122
2023-10-18,AUBANK,708.9000244140625,711.5999755859375,702.7000122070312,704.4500122070312,1479098
2023-10-19,AUBANK,705.2999877929688,707.1500244140625,697.0,705.1500244140625,603325
2023-10-20,AUBANK,704.5,707.2000122070312,698.0999755859375,699.7999877929688,1167195
2023-10-23,AUBANK,699.2000122070312,711.0999755859375,690.5,695.4500122070312,2223975
2023-10-25,AUBANK,696.1500244140625,709.0,693.0999755859375,706.25,1877527
2023-10-26,AUBANK,700.0,707.0499877929688,684.0999755859375,686.5499877929688,2065324
2023-10-27,AUBANK,689.9500122070312,699.5999755859375,683.5499877929688,690.0999755859375,1251035
2023-10-30,AUBANK,688.0,688.0,630.4000244140625,665.9500122070312,8750585
2023-10-31,AUBANK,669.9000244140625,685.7000122070312,662.8499755859375,669.0999755859375,2598527
2023-10-03,AURIONPRO,624.5,635.0,610.0,633.5,26710
2023-10-04,AURIONPRO,635.0,637.5,620.0,626.9000244140625,24414
2023-10-05,AURIONPRO,630.0,658.2249755859375,626.0250244140625,658.125,77700
2023-10-06,AURIONPRO,685.5,691.0250244140625,661.5,691.0250244140625,55172
2023-10-09,AURIONPRO,688.5,720.0,667.5,685.125,46114
2023-10-10,AURIONPRO,694.9749755859375,719.0,687.5,715.9249877929688,51164
2023-10-11,AURIONPRO,719.375,747.0,685.0499877929688,692.0250244140625,34232
2023-10-12,AURIONPRO,682.5,707.5,660.0250244140625,700.2249755859375,16146
2023-10-13,AURIONPRO,712.5,712.5,687.5,704.4000244140625,18864
2023-10-16,AURIONPRO,690.0,724.5,690.0,712.9749755859375,15364
2023-10-17,AURIONPRO,713.0,745.0,713.0,730.625,29966
2023-10-18,AURIONPRO,725.0,749.5,725.0,734.4500122070312,13144
2023-10-19,AURIONPRO,735.0,771.1500244140625,723.0,771.1500244140625,47146
2023-10-20,AURIONPRO,789.9749755859375,806.0,737.5,755.5750122070312,37164
2023-10-23,AURIONPRO,755.5750122070312,793.3499755859375,717.7999877929688,729.7999877929688,32912
2023-10-25,AURIONPRO,749.5,765.0,693.3250122070312,714.6749877929688,55548
2023-10-26,AURIONPRO,730.0,750.4000244140625,678.9500122070312,750.4000244140625,46894
2023-10-27,AURIONPRO,782.5,787.9000244140625,765.4249877929688,787.9000244140625,43704
2023-10-30,AURIONPRO,792.5,816.5,748.5250244140625,775.875,45978
2023-10-31,AURIONPRO,805.0,805.0,752.75,800.4500122070312,40636
2023-10-03,AUROPHARMA,917.0,917.4500122070312,881.0999755859375,908.6500244140624,2579401
2023-10-04,AUROPHARMA,907.0,907.5499877929688,871.0499877929688,882.2999877929688,2293823
2023-10-05,AUROPHARMA,884.0,889.9500122070312,872.3499755859375,877.25,1111578
2023-10-06,AUROPHARMA,877.0999755859375,903.5,877.0999755859375,900.8499755859376,1973985
2023-10-09,AUROPHARMA,893.0,915.7000122070312,887.8499755859375,911.1500244140624,2758288
2023-10-10,AUROPHARMA,911.0999755859376,918.0,898.7000122070312,900.9500122070312,1358743
2023-10-11,AUROPHARMA,903.75,909.2000122070312,895.0999755859375,899.9000244140625,1514502
2023-10-12,AUROPHARMA,918.0,924.4500122070312,909.2999877929688,915.9000244140624,2904639
2023-10-13,AUROPHARMA,911.5999755859376,922.0,906.5,920.0,1240460
2023-10-16,AUROPHARMA,917.9500122070312,918.75,907.0999755859376,909.5,1232225
2023-10-17,AUROPHARMA,913.0,921.9500122070312,905.2000122070312,908.2000122070312,956735
2023-10-18,AUROPHARMA,906.5999755859376,911.7999877929688,890.0499877929688,899.9000244140625,2354306
2023-10-19,AUROPHARMA,896.5999755859375,900.1500244140625,880.8499755859375,883.6500244140625,1082100
2023-10-20,AUROPHARMA,883.0,883.0,862.5,866.2000122070312,1222902
2023-10-23,AUROPHARMA,864.7000122070312,884.9500122070312,859.0499877929688,874.7999877929688,2406093
2023-10-25,AUROPHARMA,878.9000244140625,880.0,854.8499755859375,861.0999755859375,1959691
2023-10-26,AUROPHARMA,858.0,860.0,845.0,854.0499877929688,1937880
2023-10-27,AUROPHARMA,856.9000244140625,864.9500122070312,851.5499877929688,854.4500122070312,1025711
2023-10-30,AUROPHARMA,862.9000244140625,869.6500244140625,850.4000244140625,861.3499755859375,2023423
2023-10-31,AUROPHARMA,865.0,870.25,846.8499755859375,849.5,1002465
2023-10-03,AURUM,124.0,124.8000030517578,122.1500015258789,123.1999969482422,24784
2023-10-04,AURUM,124.1999969482422,124.6500015258789,119.75,122.0,42059
2023-10-05,AURUM,122.0,124.6500015258789,121.5999984741211,121.9499969482422,27560
2023-10-06,AURUM,123.8000030517578,132.0,122.0999984741211,129.35000610351562,141220
2023-10-09,AURUM,129.35000610351562,129.35000610351562,123.8000030517578,126.1500015258789,77354
2023-10-10,AURUM,127.9000015258789,127.9499969482422,124.8499984741211,125.9000015258789,31237
2023-10-11,AURUM,125.9000015258789,128.35000610351562,125.3000030517578,125.8499984741211,42751
2023-10-12,AURUM,125.3000030517578,126.8499984741211,123.8000030517578,124.25,52569
2023-10-13,AURUM,124.3000030517578,126.0,123.9499969482422,124.4000015258789,26565
2023-10-16,AURUM,125.0500030517578,130.64999389648438,125.0,129.25,153301
2023-10-17,AURUM,130.35000610351562,131.8000030517578,128.64999389648438,130.0500030517578,96889
2023-10-18,AURUM,130.9499969482422,132.0,129.8000030517578,130.3000030517578,66368
2023-10-19,AURUM,130.0,131.0,128.5500030517578,130.5500030517578,52386
2023-10-20,AURUM,130.89999389648438,132.39999389648438,128.0,129.5500030517578,69954
2023-10-23,AURUM,131.85000610351562,131.85000610351562,119.9000015258789,123.9499969482422,54592
2023-10-25,AURUM,124.0,127.0500030517578,121.4000015258789,124.4499969482422,71450
2023-10-26,AURUM,122.5,127.9499969482422,117.6500015258789,124.5,149679
2023-10-27,AURUM,125.9499969482422,130.0,124.9499969482422,128.14999389648438,43751
2023-10-30,AURUM,129.6999969482422,129.6999969482422,123.9499969482422,125.8499984741211,42390
2023-10-31,AURUM,125.8499984741211,128.39999389648438,124.5500030517578,126.5999984741211,37076
2023-10-03,AURUS,5.449999809265137,5.449999809265137,5.199999809265137,5.25,11121
2023-10-04,AURUS,5.25,5.5,5.25,5.400000095367432,12695
2023-10-05,AURUS,5.400000095367432,5.400000095367432,5.25,5.349999904632568,10199
2023-10-06,AURUS,5.199999809265137,5.5,5.199999809265137,5.300000190734863,9948
2023-10-09,AURUS,5.300000190734863,5.550000190734863,5.300000190734863,5.349999904632568,16759
2023-10-10,AURUS,5.25,5.599999904632568,5.150000095367432,5.349999904632568,48138
2023-10-11,AURUS,5.400000095367432,5.599999904632568,5.25,5.449999809265137,25580
2023-10-12,AURUS,5.550000190734863,5.699999809265137,5.449999809265137,5.699999809265137,12438
2023-10-13,AURUS,5.699999809265137,5.75,5.449999809265137,5.5,26774
2023-10-16,AURUS,5.5,5.75,5.300000190734863,5.550000190734863,33099
2023-10-17,AURUS,5.75,5.75,5.349999904632568,5.449999809265137,15547
2023-10-18,AURUS,5.699999809265137,5.699999809265137,5.300000190734863,5.349999904632568,43516
2023-10-19,AURUS,5.349999904632568,5.5,5.300000190734863,5.300000190734863,5873
2023-10-20,AURUS,5.349999904632568,5.550000190734863,5.300000190734863,5.400000095367432,30718
2023-10-23,AURUS,5.5,5.5,5.150000095367432,5.150000095367432,37617
2023-10-25,AURUS,5.150000095367432,5.300000190734863,5.050000190734863,5.199999809265137,17329
2023-10-26,AURUS,5.349999904632568,5.349999904632568,5.0,5.150000095367432,4253
2023-10-27,AURUS,5.25,5.400000095367432,5.050000190734863,5.150000095367432,9231
2023-10-30,AURUS,5.349999904632568,5.400000095367432,5.150000095367432,5.349999904632568,8594
2023-10-31,AURUS,5.400000095367432,5.400000095367432,5.150000095367432,5.25,9180
2023-10-03,AUSOMENT,80.4000015258789,80.4000015258789,76.8499984741211,77.0999984741211,24477
2023-10-04,AUSOMENT,76.4000015258789,77.94999694824219,76.05000305175781,77.25,15425
2023-10-05,AUSOMENT,77.5999984741211,78.9000015258789,76.0,76.5,6896
2023-10-06,AUSOMENT,76.80000305175781,77.94999694824219,75.80000305175781,76.0999984741211,9621
2023-10-09,AUSOMENT,75.80000305175781,77.5,73.5,74.44999694824219,18116
2023-10-10,AUSOMENT,74.5,76.19999694824219,74.5,75.80000305175781,14714
2023-10-11,AUSOMENT,76.80000305175781,90.9499969482422,74.94999694824219,90.8000030517578,778849
2023-10-12,AUSOMENT,92.0,101.0,87.3499984741211,98.1500015258789,795490
2023-10-13,AUSOMENT,96.0500030517578,97.75,92.0,95.25,136655
2023-10-16,AUSOMENT,94.0500030517578,98.0,92.8499984741211,94.9499969482422,178299
2023-10-17,AUSOMENT,96.9499969482422,96.9499969482422,90.1999969482422,90.1999969482422,21041
2023-10-18,AUSOMENT,90.0,90.0,85.69999694824219,85.69999694824219,6847
2023-10-19,AUSOMENT,83.25,83.25,81.44999694824219,81.44999694824219,6163
2023-10-20,AUSOMENT,79.9000015258789,79.9000015258789,77.4000015258789,77.4000015258789,8645
2023-10-23,AUSOMENT,73.75,77.0,73.55000305175781,73.55000305175781,8481
2023-10-25,AUSOMENT,73.44999694824219,73.44999694824219,69.9000015258789,69.9000015258789,3546
2023-10-26,AUSOMENT,66.4000015258789,68.0999984741211,66.4000015258789,66.4000015258789,5710
2023-10-27,AUSOMENT,64.0,69.69999694824219,64.0,69.30000305175781,9384
2023-10-30,AUSOMENT,72.1500015258789,72.75,69.0,72.5,3051
2023-10-31,AUSOMENT,73.0,73.0,69.1500015258789,72.5,1663
2023-10-03,AUTOAXLES,2203.0,2248.800048828125,2190.050048828125,2229.64990234375,9588
2023-10-04,AUTOAXLES,2236.75,2236.75,2185.0,2214.39990234375,7832
2023-10-05,AUTOAXLES,2216.199951171875,2234.10009765625,2202.0,2212.5,7521
2023-10-06,AUTOAXLES,2205.050048828125,2238.89990234375,2203.0,2231.449951171875,10500
2023-10-09,AUTOAXLES,2205.0,2232.14990234375,2182.39990234375,2223.35009765625,12035
2023-10-10,AUTOAXLES,2228.199951171875,2249.949951171875,2208.10009765625,2219.050048828125,12475
2023-10-11,AUTOAXLES,2240.0,2330.5,2232.35009765625,2285.5,62255
2023-10-12,AUTOAXLES,2306.89990234375,2347.0,2273.050048828125,2313.800048828125,31564
2023-10-13,AUTOAXLES,2317.0,2318.0,2283.050048828125,2296.050048828125,11371
2023-10-16,AUTOAXLES,2310.5,2328.699951171875,2290.800048828125,2313.25,16869
2023-10-17,AUTOAXLES,2324.0,2324.0,2271.85009765625,2302.64990234375,12048
2023-10-18,AUTOAXLES,2302.64990234375,2318.75,2265.0,2284.14990234375,11291
2023-10-19,AUTOAXLES,2262.0,2298.449951171875,2228.800048828125,2240.699951171875,24181
2023-10-20,AUTOAXLES,2240.699951171875,2268.0,2240.14990234375,2252.75,5744
2023-10-23,AUTOAXLES,2250.0,2274.199951171875,2102.0,2137.85009765625,16934
2023-10-25,AUTOAXLES,2148.550048828125,2165.0,2067.949951171875,2088.60009765625,14430
2023-10-26,AUTOAXLES,2088.60009765625,2187.14990234375,2040.0,2168.85009765625,20989
2023-10-27,AUTOAXLES,2175.0,2199.89990234375,2168.0,2178.0,6475
2023-10-30,AUTOAXLES,2170.0,2294.199951171875,2170.0,2267.5,25964
2023-10-31,AUTOAXLES,2299.0,2310.5,2251.10009765625,2286.449951171875,13941
2023-10-03,AUTOIND,99.0,103.4000015258789,99.0,103.4000015258789,252289
2023-10-04,AUTOIND,107.8000030517578,108.5500030517578,103.9499969482422,108.5500030517578,265246
2023-10-05,AUTOIND,109.0999984741211,113.9499969482422,109.0999984741211,113.9499969482422,203526
2023-10-06,AUTOIND,119.25,119.3000030517578,108.25,112.4499969482422,210284
2023-10-09,AUTOIND,110.1999969482422,110.3000030517578,110.1999969482422,110.1999969482422,7033
2023-10-10,AUTOIND,108.0,110.0,108.0,108.0,74465
2023-10-11,AUTOIND,107.1999969482422,107.1999969482422,105.8499984741211,107.1999969482422,180242
2023-10-12,AUTOIND,109.3000030517578,109.3000030517578,109.0,109.3000030517578,119851
2023-10-13,AUTOIND,107.3000030517578,109.3000030517578,107.25,107.3000030517578,45093
2023-10-16,AUTOIND,105.1500015258789,105.1500015258789,105.1500015258789,105.1500015258789,113693
2023-10-17,AUTOIND,103.0500030517578,105.0,103.0500030517578,103.0500030517578,27017
2023-10-18,AUTOIND,102.0,102.6999969482422,101.0,102.0,75144
2023-10-19,AUTOIND,101.8499984741211,101.8499984741211,100.0,101.8499984741211,107942
2023-10-20,AUTOIND,99.8499984741211,101.5999984741211,99.8499984741211,99.8499984741211,94207
2023-10-23,AUTOIND,97.8499984741211,98.3499984741211,97.8499984741211,97.8499984741211,28508
2023-10-25,AUTOIND,95.9000015258789,96.0500030517578,95.9000015258789,95.9000015258789,31309
2023-10-26,AUTOIND,94.1999969482422,94.1999969482422,94.0,94.1999969482422,63090
2023-10-27,AUTOIND,95.0,95.0,94.8499984741211,95.0,28263
2023-10-30,AUTOIND,96.9000015258789,96.9000015258789,95.0,96.9000015258789,19775
2023-10-31,AUTOIND,98.8000030517578,98.8000030517578,98.4499969482422,98.8000030517578,13333
2023-10-03,AVADHSUGAR,688.25,703.0,676.9000244140625,679.0999755859375,67348
2023-10-04,AVADHSUGAR,685.0,709.3499755859375,665.0499877929688,671.0499877929688,236720
2023-10-05,AVADHSUGAR,675.4000244140625,687.5999755859375,652.8499755859375,659.7999877929688,102531
2023-10-06,AVADHSUGAR,664.9000244140625,678.0,658.0,660.9000244140625,89913
2023-10-09,AVADHSUGAR,660.9000244140625,667.7999877929688,652.0999755859375,655.7000122070312,83036
2023-10-10,AVADHSUGAR,660.75,674.25,658.0499877929688,662.6500244140625,68539
2023-10-11,AVADHSUGAR,671.0,675.3499755859375,658.5499877929688,664.9000244140625,42391
2023-10-12,AVADHSUGAR,667.6500244140625,689.5,662.25,677.3499755859375,113427
2023-10-13,AVADHSUGAR,677.0,678.0999755859375,664.7000122070312,666.0499877929688,46443
2023-10-16,AVADHSUGAR,669.7000122070312,696.0,666.8499755859375,686.6500244140625,137967
2023-10-17,AVADHSUGAR,688.0,698.5999755859375,687.8499755859375,691.5499877929688,85178
2023-10-18,AVADHSUGAR,694.9500122070312,722.2000122070312,683.0999755859375,688.4500122070312,328602
2023-10-19,AVADHSUGAR,689.9500122070312,689.9500122070312,677.5999755859375,680.25,68663
2023-10-20,AVADHSUGAR,680.25,684.75,667.25,671.75,66387
2023-10-23,AVADHSUGAR,671.75,685.2999877929688,647.5999755859375,678.1500244140625,191181
2023-10-25,AVADHSUGAR,686.0,739.0,682.4000244140625,703.0499877929688,717245
2023-10-26,AVADHSUGAR,704.7999877929688,705.0,670.2999877929688,686.0,121425
2023-10-27,AVADHSUGAR,688.0,726.2000122070312,688.0,704.6500244140625,186826
2023-10-30,AVADHSUGAR,702.2999877929688,749.0,694.0499877929688,724.7999877929688,286309
2023-10-31,AVADHSUGAR,724.3499755859375,770.5999755859375,713.4500122070312,759.4000244140625,352482
2023-10-03,AVALON,555.9500122070312,600.0,553.5,595.0499877929688,400901
2023-10-04,AVALON,595.0,598.0999755859375,568.3499755859375,581.2000122070312,373577
2023-10-05,AVALON,586.0,587.7999877929688,563.0499877929688,567.2000122070312,270890
2023-10-06,AVALON,570.9500122070312,581.6500244140625,562.5,570.5499877929688,204502
2023-10-09,AVALON,562.0,563.0,550.9500122070312,553.25,169996
2023-10-10,AVALON,562.7999877929688,568.2000122070312,557.0499877929688,563.0999755859375,219727
2023-10-11,AVALON,567.7000122070312,568.5,551.8499755859375,553.6500244140625,229696
2023-10-12,AVALON,567.9500122070312,568.0,543.2000122070312,546.75,297455
2023-10-13,AVALON,544.4500122070312,546.0499877929688,526.0,528.9500122070312,828269
2023-10-16,AVALON,532.0,535.75,525.4000244140625,529.1500244140625,392656
2023-10-17,AVALON,532.5,553.25,528.2999877929688,535.3499755859375,445802
2023-10-18,AVALON,537.2999877929688,557.7000122070312,529.0,536.1500244140625,527569
2023-10-19,AVALON,532.6500244140625,534.7999877929688,528.4500122070312,530.1500244140625,288051
2023-10-20,AVALON,531.9000244140625,539.2000122070312,524.2999877929688,530.2999877929688,320487
2023-10-23,AVALON,530.0,532.7999877929688,498.2999877929688,502.75,401499
2023-10-25,AVALON,509.7000122070313,513.5499877929688,477.4500122070313,479.8500061035156,389976
2023-10-26,AVALON,474.8500061035156,575.7999877929688,456.1499938964844,489.9500122070313,3591889
2023-10-27,AVALON,512.0,512.0,495.2000122070313,503.75,664717
2023-10-30,AVALON,507.2000122070313,510.5499877929688,492.8500061035156,498.8500061035156,317733
2023-10-31,AVALON,501.9500122070313,503.1000061035156,495.0,496.25,251533
2023-10-03,AVANTIFEED,443.4500122070313,444.6499938964844,439.5,442.9500122070313,97629
2023-10-04,AVANTIFEED,440.5499877929688,451.0,440.2000122070313,442.25,197385
2023-10-05,AVANTIFEED,442.25,448.5,439.0,441.6000061035156,122360
2023-10-06,AVANTIFEED,442.5499877929688,447.0,442.0,445.7999877929688,119526
2023-10-09,AVANTIFEED,439.9500122070313,440.9500122070313,430.1000061035156,433.7999877929688,128256
2023-10-10,AVANTIFEED,433.7999877929688,442.7999877929688,433.7999877929688,438.2000122070313,107042
2023-10-11,AVANTIFEED,438.25,447.0,438.25,441.5,116070
2023-10-12,AVANTIFEED,443.7000122070313,446.9500122070313,438.1000061035156,440.1499938964844,94106
2023-10-13,AVANTIFEED,438.8500061035156,441.2000122070313,430.5499877929688,432.5499877929688,175178
2023-10-16,AVANTIFEED,433.1000061035156,438.25,428.8999938964844,429.3500061035156,187717
2023-10-17,AVANTIFEED,430.8999938964844,437.0,429.0499877929688,429.8500061035156,197054
2023-10-18,AVANTIFEED,430.2000122070313,432.4500122070313,418.3500061035156,424.25,343206
2023-10-19,AVANTIFEED,421.0,430.0,418.0,429.25,126151
2023-10-20,AVANTIFEED,428.2000122070313,430.25,415.0,418.3999938964844,146385
2023-10-23,AVANTIFEED,418.3999938964844,421.5,395.2000122070313,402.6000061035156,203345
2023-10-25,AVANTIFEED,413.0,413.0,388.1000061035156,392.0499877929688,204482
2023-10-26,AVANTIFEED,390.8500061035156,405.0,385.8999938964844,399.0,366879
2023-10-27,AVANTIFEED,401.0,408.8500061035156,401.0,407.3500061035156,88903
2023-10-30,AVANTIFEED,409.6499938964844,409.6499938964844,400.1000061035156,402.6000061035156,128330
2023-10-31,AVANTIFEED,403.4500122070313,405.3500061035156,400.2999877929688,403.5,93951
2023-10-03,AVG,294.95001220703125,295.70001220703125,283.1499938964844,285.25,54406
2023-10-04,AVG,283.0,289.45001220703125,275.3500061035156,285.3500061035156,45670
2023-10-05,AVG,287.79998779296875,287.79998779296875,280.0,280.6499938964844,12961
2023-10-06,AVG,281.1000061035156,287.0,276.6000061035156,285.1499938964844,73700
2023-10-09,AVG,278.79998779296875,287.70001220703125,274.54998779296875,285.1000061035156,47674
2023-10-10,AVG,289.29998779296875,294.5,284.0,289.04998779296875,25017
2023-10-11,AVG,289.20001220703125,300.79998779296875,289.0,297.20001220703125,56162
2023-10-12,AVG,307.0,307.0,293.29998779296875,295.1499938964844,20051
2023-10-13,AVG,291.25,296.3500061035156,290.0,291.8999938964844,14000
2023-10-16,AVG,298.0,306.0,290.1499938964844,302.20001220703125,54674
2023-10-17,AVG,305.79998779296875,305.79998779296875,290.79998779296875,292.75,44186
2023-10-18,AVG,303.0,303.0,285.54998779296875,286.54998779296875,22841
2023-10-19,AVG,288.04998779296875,288.8999938964844,278.79998779296875,279.8999938964844,30602
2023-10-20,AVG,284.8999938964844,284.8999938964844,273.0,280.20001220703125,49552
2023-10-23,AVG,293.0,293.0,262.54998779296875,264.6499938964844,49711
2023-10-25,AVG,264.6499938964844,269.20001220703125,250.9499969482422,262.45001220703125,48260
2023-10-26,AVG,260.75,274.8500061035156,253.8000030517578,268.1000061035156,40677
2023-10-27,AVG,272.1000061035156,281.8500061035156,269.54998779296875,277.75,26811
2023-10-30,AVG,278.29998779296875,278.29998779296875,267.8500061035156,270.5,18991
2023-10-31,AVG,274.8999938964844,284.8999938964844,271.20001220703125,277.1499938964844,33582
2023-10-03,AVONMORE,7.125,7.179999828338623,7.0,7.15500020980835,63670
2023-10-04,AVONMORE,7.179999828338623,7.179999828338623,6.945000171661377,7.070000171661377,91670
2023-10-05,AVONMORE,7.070000171661377,7.295000076293945,7.070000171661377,7.159999847412109,80990
2023-10-06,AVONMORE,7.130000114440918,7.199999809265137,7.014999866485596,7.190000057220459,106620
2023-10-09,AVONMORE,7.135000228881836,7.184999942779541,6.949999809265137,6.989999771118164,172270
2023-10-10,AVONMORE,7.010000228881836,7.179999828338623,7.005000114440918,7.114999771118164,72140
2023-10-11,AVONMORE,7.150000095367432,7.349999904632568,7.150000095367432,7.204999923706055,81810
2023-10-12,AVONMORE,7.489999771118164,7.489999771118164,7.114999771118164,7.25,40740
2023-10-13,AVONMORE,7.28000020980835,7.480000019073486,7.03000020980835,7.199999809265137,73520
2023-10-16,AVONMORE,7.494999885559082,7.494999885559082,7.025000095367432,7.065000057220459,110250
2023-10-17,AVONMORE,7.105000019073486,7.275000095367432,7.034999847412109,7.130000114440918,97700
2023-10-18,AVONMORE,7.135000228881836,7.235000133514404,7.039999961853027,7.050000190734863,137160
2023-10-19,AVONMORE,7.050000190734863,7.275000095367432,6.940000057220459,7.135000228881836,59300
2023-10-20,AVONMORE,7.170000076293945,7.300000190734863,7.079999923706055,7.15500020980835,101010
2023-10-23,AVONMORE,7.15500020980835,7.199999809265137,6.824999809265137,7.014999866485596,84820
2023-10-25,AVONMORE,7.090000152587891,7.179999828338623,6.699999809265137,6.789999961853027,64290
2023-10-26,AVONMORE,6.789999961853027,6.789999961853027,6.449999809265137,6.699999809265137,147410
2023-10-27,AVONMORE,6.699999809265137,7.0,6.670000076293945,6.849999904632568,175420
2023-10-30,AVONMORE,6.849999904632568,6.965000152587891,6.724999904632568,6.929999828338623,124140
2023-10-31,AVONMORE,6.929999828338623,7.079999923706055,6.824999809265137,7.0,52240
2023-10-03,AVROIND,11.895000457763672,11.895000457763672,11.350000381469728,11.420000076293944,275400
2023-10-04,AVROIND,11.59000015258789,11.675000190734863,11.114999771118164,11.369999885559082,385020
2023-10-05,AVROIND,11.460000038146973,11.524999618530272,11.199999809265137,11.220000267028809,307960
2023-10-06,AVROIND,11.5,11.5,11.114999771118164,11.18000030517578,278510
2023-10-09,AVROIND,11.380000114440918,11.380000114440918,10.744999885559082,10.890000343322754,316680
2023-10-10,AVROIND,11.045000076293944,11.100000381469728,10.729999542236328,10.94499969482422,471900
2023-10-11,AVROIND,11.0,11.395000457763672,10.8149995803833,11.039999961853027,320950
2023-10-12,AVROIND,11.34000015258789,11.359999656677246,10.850000381469728,10.9350004196167,285250
2023-10-13,AVROIND,11.020000457763672,11.5,10.899999618530272,11.390000343322754,553340
2023-10-16,AVROIND,11.489999771118164,11.654999732971191,11.3149995803833,11.414999961853027,308120
2023-10-17,AVROIND,11.505000114440918,11.539999961853027,11.255000114440918,11.359999656677246,293720
2023-10-18,AVROIND,11.449999809265137,11.470000267028809,11.03499984741211,11.175000190734863,336440
2023-10-19,AVROIND,11.375,11.375,11.085000038146973,11.119999885559082,226840
2023-10-20,AVROIND,11.220000267028809,11.4350004196167,10.755000114440918,11.0600004196167,466370
2023-10-23,AVROIND,11.345000267028809,11.520000457763672,11.010000228881836,11.100000381469728,499430
2023-10-25,AVROIND,11.59000015258789,11.59000015258789,10.885000228881836,10.979999542236328,286190
2023-10-26,AVROIND,10.979999542236328,10.979999542236328,10.454999923706056,10.595000267028809,473760
2023-10-27,AVROIND,10.699999809265137,11.050000190734863,10.699999809265137,10.9399995803833,112930
2023-10-30,AVROIND,11.399999618530272,11.399999618530272,10.600000381469728,10.6899995803833,398450
2023-10-31,AVROIND,11.154999732971191,11.154999732971191,10.550000190734863,10.619999885559082,366200
2023-10-03,AVTNPL,80.30000305175781,83.94999694824219,80.30000305175781,82.25,377756
2023-10-04,AVTNPL,82.19999694824219,82.19999694824219,80.30000305175781,81.25,173586
2023-10-05,AVTNPL,82.4000015258789,83.25,81.19999694824219,81.3499984741211,94620
2023-10-06,AVTNPL,81.8499984741211,82.9000015258789,81.4000015258789,81.9000015258789,143184
2023-10-09,AVTNPL,80.80000305175781,80.80000305175781,79.0,79.3499984741211,203455
2023-10-10,AVTNPL,80.0999984741211,80.5999984741211,79.3499984741211,80.05000305175781,142984
2023-10-11,AVTNPL,81.25,81.25,79.5,80.4000015258789,113336
2023-10-12,AVTNPL,80.1500015258789,83.0,80.1500015258789,82.19999694824219,258683
2023-10-13,AVTNPL,82.8499984741211,83.4000015258789,81.5,82.0999984741211,164735
2023-10-16,AVTNPL,82.5,83.0,81.05000305175781,81.4000015258789,135369
2023-10-17,AVTNPL,82.30000305175781,82.5,81.5,82.05000305175781,93966
2023-10-18,AVTNPL,83.30000305175781,92.8499984741211,83.19999694824219,90.75,5327212
2023-10-19,AVTNPL,91.5,95.1999969482422,91.1500015258789,93.4000015258789,2563196
2023-10-20,AVTNPL,92.5999984741211,93.4000015258789,90.0,90.25,452907
2023-10-23,AVTNPL,90.9000015258789,90.9499969482422,86.0,86.25,479785
2023-10-25,AVTNPL,86.25,88.0999984741211,83.3499984741211,84.4000015258789,538809
2023-10-26,AVTNPL,84.0,84.3499984741211,80.69999694824219,83.6500015258789,436278
2023-10-27,AVTNPL,84.0999984741211,85.9000015258789,84.0999984741211,84.44999694824219,192329
2023-10-30,AVTNPL,85.0999984741211,85.25,82.69999694824219,84.4000015258789,156409
2023-10-31,AVTNPL,85.0,86.0,82.80000305175781,83.19999694824219,143751
2023-10-03,AWHCL,375.0,396.5,372.5499877929688,385.4500122070313,1119636
2023-10-04,AWHCL,386.0,389.1499938964844,370.0499877929688,375.6000061035156,376112
2023-10-05,AWHCL,378.1000061035156,382.8999938964844,371.9500122070313,374.2999877929688,262000
2023-10-06,AWHCL,377.3999938964844,404.0,374.75,389.3500061035156,1070527
2023-10-09,AWHCL,378.5,385.6499938964844,369.2999877929688,371.7999877929688,317911
2023-10-10,AWHCL,372.0,381.0,372.0,375.5499877929688,193849
2023-10-11,AWHCL,379.25,399.3999938964844,378.2000122070313,395.7999877929688,428173
2023-10-12,AWHCL,402.7999877929688,402.7999877929688,385.9500122070313,388.9500122070313,425138
2023-10-13,AWHCL,387.0,414.25,387.0,409.75,532818
2023-10-16,AWHCL,413.5,435.7999877929688,411.8999938964844,430.6499938964844,942196
2023-10-17,AWHCL,434.8500061035156,439.7000122070313,405.5499877929688,410.8500061035156,541899
2023-10-18,AWHCL,413.3999938964844,418.8500061035156,402.7999877929688,406.3999938964844,229897
2023-10-19,AWHCL,405.1000061035156,419.7000122070313,405.0,408.2000122070313,268272
2023-10-20,AWHCL,408.7000122070313,414.0,386.75,389.1000061035156,245345
2023-10-23,AWHCL,386.0499877929688,393.3999938964844,369.0,371.3999938964844,267908
2023-10-25,AWHCL,379.75,386.4500122070313,360.20001220703125,368.5499877929688,253759
2023-10-26,AWHCL,360.0,396.0,354.95001220703125,388.2000122070313,992920
2023-10-27,AWHCL,391.2000122070313,418.7999877929688,390.8999938964844,409.8999938964844,584884
2023-10-30,AWHCL,415.1000061035156,416.5,402.6000061035156,406.3500061035156,214876
2023-10-31,AWHCL,408.0,413.8999938964844,398.2999877929688,406.5,193525
2023-10-03,AWL,338.29998779296875,338.3500061035156,332.70001220703125,333.3999938964844,915189
2023-10-04,AWL,333.3999938964844,364.0,332.6000061035156,352.79998779296875,8003426
2023-10-05,AWL,355.79998779296875,358.79998779296875,346.54998779296875,350.0,1937238
2023-10-06,AWL,352.95001220703125,355.0,347.0,349.04998779296875,1261269
2023-10-09,AWL,342.1000061035156,343.3999938964844,335.79998779296875,337.04998779296875,1429316
2023-10-10,AWL,337.25,348.8999938964844,337.20001220703125,345.8999938964844,1251808
2023-10-11,AWL,349.0,354.0,347.75,348.54998779296875,983621
2023-10-12,AWL,349.95001220703125,353.0,348.0,348.70001220703125,562174
2023-10-13,AWL,348.0,349.3999938964844,344.0,344.3999938964844,800721
2023-10-16,AWL,344.3999938964844,346.1499938964844,341.1000061035156,341.75,537842
2023-10-17,AWL,344.25,346.1499938964844,341.6000061035156,342.1499938964844,607246
2023-10-18,AWL,342.1499938964844,343.8999938964844,338.5,339.20001220703125,521923
2023-10-19,AWL,338.54998779296875,341.75,335.0,338.1499938964844,646916
2023-10-20,AWL,340.0,341.6000061035156,335.04998779296875,335.8500061035156,496643
2023-10-23,AWL,335.8500061035156,337.29998779296875,323.0,325.20001220703125,1211617
2023-10-25,AWL,328.0,332.5,318.0,320.3500061035156,1031276
2023-10-26,AWL,320.3500061035156,320.3500061035156,303.1000061035156,317.5,1621419
2023-10-27,AWL,321.0,335.75,320.29998779296875,331.3999938964844,1272301
2023-10-30,AWL,333.70001220703125,334.3999938964844,326.1499938964844,328.70001220703125,833574
2023-10-31,AWL,330.0,331.95001220703125,325.1000061035156,326.6000061035156,528865
2023-10-03,AXISBANK,1035.0,1044.699951171875,1032.5999755859375,1041.050048828125,11589322
2023-10-04,AXISBANK,1035.3499755859375,1037.0,988.8499755859376,995.5499877929688,22584212
2023-10-05,AXISBANK,1000.0,1009.2000122070312,988.9000244140624,1003.25,7950412
2023-10-06,AXISBANK,1005.0,1008.0,999.4000244140624,1000.9500122070312,5289753
2023-10-09,AXISBANK,994.7999877929688,999.7000122070312,988.25,996.25,6823214
2023-10-10,AXISBANK,999.9000244140624,1014.9500122070312,996.5,1012.25,5728499
2023-10-11,AXISBANK,1019.0,1025.6500244140625,1012.0,1019.0999755859376,7396783
2023-10-12,AXISBANK,1022.0,1031.0,1014.9500122070312,1018.4500122070312,4920222
2023-10-13,AXISBANK,1009.0,1011.4500122070312,992.25,994.0499877929688,12173162
2023-10-16,AXISBANK,990.0,1009.4500122070312,990.0,1004.7999877929688,4646960
2023-10-17,AXISBANK,1008.8499755859376,1014.7000122070312,1003.0999755859376,1008.0499877929688,6105067
2023-10-18,AXISBANK,1010.0,1014.0999755859376,989.3499755859376,992.8499755859376,7818946
2023-10-19,AXISBANK,979.7000122070312,999.0,979.7000122070312,991.4000244140624,4836625
2023-10-20,AXISBANK,989.0,992.9000244140624,977.75,980.3499755859376,5664400
2023-10-23,AXISBANK,980.0,984.9000244140624,961.0999755859376,964.2999877929688,5896695
2023-10-25,AXISBANK,960.0,974.0,951.4000244140624,955.4500122070312,6957048
2023-10-26,AXISBANK,956.0,975.0,952.75,972.0499877929688,17540495
2023-10-27,AXISBANK,980.0,1004.75,973.2999877929688,1002.75,13443016
2023-10-30,AXISBANK,1002.75,1002.75,979.2000122070312,989.2000122070312,5270567
2023-10-31,AXISBANK,998.0,998.0,978.0,981.8499755859376,7816805
2023-10-03,AXISCADES,515.5,525.0,501.0,518.2999877929688,22267
2023-10-04,AXISCADES,519.9000244140625,519.9000244140625,494.2999877929688,497.7999877929688,23217
2023-10-05,AXISCADES,522.6500244140625,522.6500244140625,522.6500244140625,522.6500244140625,14260
2023-10-06,AXISCADES,548.75,548.75,548.75,548.75,27152
2023-10-09,AXISCADES,548.8499755859375,576.1500244140625,527.0,576.1500244140625,118585
2023-10-10,AXISCADES,583.0,583.0,551.25,556.7999877929688,77404
2023-10-11,AXISCADES,571.9500122070312,574.4000244140625,550.0999755859375,551.5,33726
2023-10-12,AXISCADES,566.5,579.0,556.0499877929688,557.8499755859375,78657
2023-10-13,AXISCADES,568.8499755859375,568.8499755859375,540.4500122070312,545.7999877929688,39132
2023-10-16,AXISCADES,540.0,563.0,540.0,549.9000244140625,36877
2023-10-17,AXISCADES,553.4500122070312,555.7000122070312,541.2000122070312,543.2999877929688,17723
2023-10-18,AXISCADES,543.2999877929688,543.2999877929688,529.9000244140625,535.2000122070312,30555
2023-10-19,AXISCADES,535.2000122070312,547.0,522.0,524.0999755859375,54635
2023-10-20,AXISCADES,524.0999755859375,532.0,517.0499877929688,519.0,24515
2023-10-23,AXISCADES,519.0,525.0499877929688,494.0,496.1000061035156,65327
2023-10-25,AXISCADES,496.1000061035156,515.4000244140625,490.0,496.3500061035156,38641
2023-10-26,AXISCADES,490.2000122070313,521.1500244140625,472.2000122070313,514.7000122070312,64686
2023-10-27,AXISCADES,519.0,534.0,509.0499877929688,517.75,32360
2023-10-30,AXISCADES,523.9000244140625,523.9000244140625,511.0499877929688,514.0499877929688,10855
2023-10-31,AXISCADES,529.0,529.0,502.5,506.6499938964844,12915
2023-10-03,AXITA,13.78125,13.857954025268556,13.576704025268556,13.755681037902832,362638
2023-10-04,AXITA,13.755681037902832,13.806818008422852,13.5,13.627840042114258,265570
2023-10-05,AXITA,13.78125,13.78125,13.44886302947998,13.525568008422852,277589
2023-10-06,AXITA,13.678977012634276,13.678977012634276,13.5,13.551136016845703,204085
2023-10-09,AXITA,13.5,13.551136016845703,13.193181037902832,13.44886302947998,343092
2023-10-10,AXITA,13.551136016845703,13.755681037902832,13.44886302947998,13.5,244907
2023-10-11,AXITA,13.627840042114258,13.653409004211426,13.397727012634276,13.5,320930
2023-10-12,AXITA,13.602272033691406,13.755681037902832,13.423295021057127,13.5,298069
2023-10-13,AXITA,13.602272033691406,13.678977012634276,13.44886302947998,13.551136016845703,256836
2023-10-16,AXITA,13.678977012634276,13.704545021057127,13.551136016845703,13.627840042114258,328732
2023-10-17,AXITA,13.73011302947998,13.806818008422852,13.551136016845703,13.653409004211426,357592
2023-10-18,AXITA,13.78125,14.318181037902832,13.551136016845703,14.29261302947998,1309033
2023-10-19,AXITA,14.446022033691406,14.982954025268556,14.446022033691406,14.982954025268556,1613454
2023-10-20,AXITA,14.982954025268556,14.982954025268556,14.420454025268556,14.599431037902832,960390
2023-10-23,AXITA,14.85511302947998,14.90625,13.883522033691406,13.985795021057127,635438
2023-10-25,AXITA,14.215909004211426,14.446022033691406,13.551136016845703,13.883522033691406,488268
2023-10-26,AXITA,14.113636016845703,14.113636016845703,13.474431037902832,13.806818008422852,627291
2023-10-27,AXITA,14.0625,14.267045021057127,14.01136302947998,14.164772033691406,405687
2023-10-30,AXITA,14.446022033691406,14.548295021057127,14.036931037902832,14.088068008422852,645614
2023-10-31,AXITA,13.985795021057127,14.471590042114258,13.985795021057127,14.139204025268556,666887
2023-10-03,AYMSYNTEX,69.5,70.80000305175781,68.0,68.25,23674
2023-10-04,AYMSYNTEX,68.3499984741211,69.80000305175781,68.0,68.19999694824219,13896
2023-10-05,AYMSYNTEX,69.80000305175781,70.8499984741211,66.5999984741211,68.0,28246
2023-10-06,AYMSYNTEX,67.69999694824219,71.4000015258789,67.69999694824219,68.44999694824219,17090
2023-10-09,AYMSYNTEX,68.44999694824219,69.0999984741211,66.0,66.80000305175781,34390
2023-10-10,AYMSYNTEX,68.44999694824219,68.44999694824219,66.55000305175781,67.55000305175781,8096
2023-10-11,AYMSYNTEX,67.9000015258789,68.0,67.0,67.1500015258789,14258
2023-10-12,AYMSYNTEX,67.0999984741211,67.94999694824219,66.5999984741211,67.19999694824219,6392
2023-10-13,AYMSYNTEX,67.6500015258789,69.4000015258789,67.6500015258789,68.5999984741211,23419
2023-10-16,AYMSYNTEX,69.9000015258789,70.94999694824219,67.0999984741211,67.80000305175781,27991
2023-10-17,AYMSYNTEX,68.0,69.1500015258789,67.0,67.19999694824219,39581
2023-10-18,AYMSYNTEX,67.25,68.4000015258789,67.0,67.05000305175781,18515
2023-10-19,AYMSYNTEX,67.05000305175781,68.3499984741211,67.05000305175781,67.55000305175781,11729
2023-10-20,AYMSYNTEX,68.69999694824219,73.94999694824219,67.69999694824219,71.44999694824219,353058
2023-10-23,AYMSYNTEX,71.44999694824219,72.8499984741211,66.19999694824219,66.44999694824219,90850
2023-10-25,AYMSYNTEX,66.5999984741211,68.5,64.44999694824219,67.69999694824219,55363
2023-10-26,AYMSYNTEX,66.05000305175781,67.0,65.5,66.4000015258789,11721
2023-10-27,AYMSYNTEX,66.5999984741211,68.55000305175781,64.94999694824219,65.80000305175781,42447
2023-10-30,AYMSYNTEX,66.44999694824219,67.30000305175781,65.30000305175781,67.0,35974
2023-10-31,AYMSYNTEX,67.94999694824219,67.94999694824219,66.0,66.3499984741211,18822
2023-10-03,BAFNAPH,79.9000015258789,87.69999694824219,79.9000015258789,87.69999694824219,25038
2023-10-04,BAFNAPH,90.0,92.0500030517578,89.9000015258789,92.0500030517578,13337
2023-10-05,BAFNAPH,96.5,96.6500015258789,88.0,96.4000015258789,23965
2023-10-06,BAFNAPH,95.0,95.0,91.5999984741211,92.4000015258789,4790
2023-10-09,BAFNAPH,92.0,92.0,87.80000305175781,90.0,2699
2023-10-10,BAFNAPH,90.0,90.05000305175781,85.55000305175781,88.94999694824219,4177
2023-10-11,BAFNAPH,92.4499969482422,92.4499969482422,84.55000305175781,91.3499984741211,7733
2023-10-12,BAFNAPH,93.8499984741211,93.8499984741211,88.5,92.1999969482422,1723
2023-10-13,BAFNAPH,87.75,92.0,87.75,88.05000305175781,9377
2023-10-16,BAFNAPH,88.1500015258789,91.0,87.0,88.25,3805
2023-10-17,BAFNAPH,92.1999969482422,92.1999969482422,87.80000305175781,88.9000015258789,3879
2023-10-18,BAFNAPH,88.9000015258789,89.94999694824219,85.19999694824219,87.0,9795
2023-10-19,BAFNAPH,87.0,89.5999984741211,85.0999984741211,88.05000305175781,5004
2023-10-20,BAFNAPH,92.0,92.0,87.1500015258789,87.1500015258789,3186
2023-10-23,BAFNAPH,85.30000305175781,87.69999694824219,85.0999984741211,85.5,868
2023-10-25,BAFNAPH,85.5,87.69999694824219,83.3499984741211,87.69999694824219,2341
2023-10-26,BAFNAPH,87.0,87.0,83.3499984741211,83.44999694824219,2655
2023-10-27,BAFNAPH,83.5,86.4000015258789,82.25,83.05000305175781,2449
2023-10-30,BAFNAPH,83.3499984741211,86.69999694824219,82.44999694824219,86.6500015258789,1400
2023-10-31,BAFNAPH,88.0,88.0,84.05000305175781,86.25,1867
2023-10-03,BAGFILMS,5.5,5.550000190734863,5.150000095367432,5.400000095367432,154220
2023-10-04,BAGFILMS,5.449999809265137,5.449999809265137,5.199999809265137,5.199999809265137,161823
2023-10-05,BAGFILMS,5.25,5.349999904632568,5.199999809265137,5.300000190734863,83565
2023-10-06,BAGFILMS,5.400000095367432,5.5,5.349999904632568,5.400000095367432,92239
2023-10-09,BAGFILMS,5.449999809265137,5.550000190734863,5.150000095367432,5.25,231217
2023-10-10,BAGFILMS,5.349999904632568,5.5,5.25,5.5,185263
2023-10-11,BAGFILMS,5.650000095367432,5.75,5.599999904632568,5.75,230752
2023-10-12,BAGFILMS,5.900000095367432,6.0,5.800000190734863,6.0,241850
2023-10-13,BAGFILMS,6.300000190734863,6.300000190734863,6.25,6.300000190734863,312120
2023-10-16,BAGFILMS,6.599999904632568,6.599999904632568,6.0,6.400000095367432,709678
2023-10-17,BAGFILMS,6.300000190734863,6.5,6.300000190734863,6.300000190734863,435445
2023-10-18,BAGFILMS,6.199999809265137,6.199999809265137,6.199999809265137,6.199999809265137,68084
2023-10-19,BAGFILMS,6.099999904632568,6.099999904632568,6.099999904632568,6.099999904632568,10269
2023-10-20,BAGFILMS,6.0,6.0,6.0,6.0,15580
2023-10-23,BAGFILMS,5.900000095367432,5.900000095367432,5.900000095367432,5.900000095367432,5653
2023-10-25,BAGFILMS,5.800000190734863,5.800000190734863,5.800000190734863,5.800000190734863,10157
2023-10-26,BAGFILMS,5.699999809265137,5.699999809265137,5.699999809265137,5.699999809265137,10232
2023-10-27,BAGFILMS,5.599999904632568,5.599999904632568,5.599999904632568,5.599999904632568,28756
2023-10-30,BAGFILMS,5.5,5.5,5.5,5.5,29643
2023-10-31,BAGFILMS,5.400000095367432,5.400000095367432,5.400000095367432,5.400000095367432,25622
2023-10-03,BAIDFIN,31.450000762939453,33.5,31.100000381469727,32.95000076293945,1369486
2023-10-04,BAIDFIN,32.95000076293945,33.849998474121094,31.350000381469727,31.950000762939453,4946568
2023-10-05,BAIDFIN,32.400001525878906,33.150001525878906,26.75,27.89999961853028,5210639
2023-10-06,BAIDFIN,27.200000762939453,27.89999961853028,25.850000381469727,26.0,2811149
2023-10-09,BAIDFIN,26.0,27.14999961853028,25.89999961853028,26.299999237060547,1603860
2023-10-10,BAIDFIN,26.799999237060547,26.799999237060547,21.049999237060547,21.64999961853028,3029349
2023-10-11,BAIDFIN,21.600000381469727,22.700000762939453,20.89999961853028,21.549999237060547,843037
2023-10-12,BAIDFIN,21.850000381469727,22.200000762939453,20.89999961853028,21.0,257434
2023-10-13,BAIDFIN,21.200000762939453,22.049999237060547,20.100000381469727,22.049999237060547,253977
2023-10-16,BAIDFIN,23.14999961853028,23.14999961853028,21.5,23.049999237060547,580196
2023-10-17,BAIDFIN,23.450000762939453,24.200000762939453,23.25,23.89999961853028,561529
2023-10-18,BAIDFIN,23.89999961853028,24.75,22.89999961853028,23.0,154436
2023-10-19,BAIDFIN,23.39999961853028,23.39999961853028,22.200000762939453,22.75,76340
2023-10-20,BAIDFIN,22.25,23.350000381469727,22.25,22.850000381469727,130035
2023-10-23,BAIDFIN,23.450000762939453,23.450000762939453,21.850000381469727,22.049999237060547,96680
2023-10-25,BAIDFIN,22.5,22.700000762939453,21.049999237060547,21.39999961853028,103023
2023-10-26,BAIDFIN,21.350000381469727,22.0,20.39999961853028,21.89999961853028,49693
2023-10-27,BAIDFIN,22.0,22.799999237060547,21.5,22.299999237060547,78090
2023-10-30,BAIDFIN,22.049999237060547,22.5,21.299999237060547,21.89999961853028,19439
2023-10-31,BAIDFIN,21.950000762939453,22.350000381469727,21.799999237060547,21.950000762939453,46396
2023-10-03,BAJAJ-AUTO,5065.0,5073.0,4997.10009765625,5016.4501953125,464531
2023-10-04,BAJAJ-AUTO,5011.25,5019.2001953125,4903.0498046875,4918.60009765625,256544
2023-10-05,BAJAJ-AUTO,4935.0,5039.2998046875,4925.10009765625,5011.0498046875,657876
2023-10-06,BAJAJ-AUTO,5120.0,5120.0,4997.5,5014.60009765625,279352
2023-10-09,BAJAJ-AUTO,4957.0498046875,5068.7001953125,4957.0498046875,5007.2998046875,244083
2023-10-10,BAJAJ-AUTO,5007.2998046875,5064.0,5002.2001953125,5037.5,307502
2023-10-11,BAJAJ-AUTO,5055.0,5095.0,5050.0,5064.39990234375,575680
2023-10-12,BAJAJ-AUTO,5085.0,5151.0,5051.10009765625,5106.60009765625,472168
2023-10-13,BAJAJ-AUTO,5089.9501953125,5123.4501953125,5040.0,5052.39990234375,387366
2023-10-16,BAJAJ-AUTO,5035.0,5099.39990234375,5032.0,5076.7001953125,158560
2023-10-17,BAJAJ-AUTO,5083.0,5150.0,5070.0,5141.25,318565
2023-10-18,BAJAJ-AUTO,5150.0,5198.75,5125.64990234375,5137.35009765625,360985
2023-10-19,BAJAJ-AUTO,5300.0,5495.0,5245.0,5482.60009765625,2838352
2023-10-20,BAJAJ-AUTO,5450.0,5510.0,5436.89990234375,5489.2998046875,763919
2023-10-23,BAJAJ-AUTO,5453.0498046875,5493.39990234375,5395.0498046875,5405.39990234375,451167
2023-10-25,BAJAJ-AUTO,5385.0,5423.9501953125,5332.2998046875,5347.2998046875,620266
2023-10-26,BAJAJ-AUTO,5333.85009765625,5347.4501953125,5236.0,5259.35009765625,746266
2023-10-27,BAJAJ-AUTO,5265.0,5423.7001953125,5265.0,5373.5498046875,843465
2023-10-30,BAJAJ-AUTO,5388.0,5397.75,5275.0,5308.89990234375,360967
2023-10-31,BAJAJ-AUTO,5340.0,5366.14990234375,5292.60009765625,5314.0498046875,400987
2023-10-03,BAJAJCON,224.8999938964844,234.4499969482422,224.8500061035156,232.3000030517578,572122
2023-10-04,BAJAJCON,231.8500061035156,233.3999938964844,225.1999969482422,225.9499969482422,259032
2023-10-05,BAJAJCON,227.1000061035156,231.5,227.0,229.8500061035156,241325
2023-10-06,BAJAJCON,231.0,232.5,228.1999969482422,231.6499938964844,169330
2023-10-09,BAJAJCON,226.8000030517578,229.3500061035156,219.8500061035156,220.8999938964844,377249
2023-10-10,BAJAJCON,222.1000061035156,224.8000030517578,219.0500030517578,220.5500030517578,287293
2023-10-11,BAJAJCON,221.6999969482422,230.8999938964844,217.5,225.0,1063013
2023-10-12,BAJAJCON,224.5500030517578,242.3500061035156,224.5500030517578,233.75,1366444
2023-10-13,BAJAJCON,233.0,240.25,232.0500030517578,235.1999969482422,698684
2023-10-16,BAJAJCON,236.0,236.3999938964844,230.3500061035156,230.6999969482422,222946
2023-10-17,BAJAJCON,231.8999938964844,235.5,231.1499938964844,233.75,383970
2023-10-18,BAJAJCON,233.75,244.9499969482422,232.75,242.8999938964844,824475
2023-10-19,BAJAJCON,246.5500030517578,250.9499969482422,241.1999969482422,243.1499938964844,1030501
2023-10-20,BAJAJCON,243.75,248.1499938964844,238.0,238.6000061035156,502133
2023-10-23,BAJAJCON,238.5,242.6999969482422,226.4499969482422,229.0,418233
2023-10-25,BAJAJCON,232.4499969482422,256.0,232.3999938964844,247.1999969482422,7493868
2023-10-26,BAJAJCON,245.0500030517578,246.5500030517578,235.5,238.3999938964844,894072
2023-10-27,BAJAJCON,240.75,245.0,237.0500030517578,240.0,472155
2023-10-30,BAJAJCON,238.3500061035156,244.5500030517578,235.5500030517578,242.8500061035156,359017
2023-10-31,BAJAJCON,242.8500061035156,245.1999969482422,231.0,232.3000030517578,558580
2023-10-03,BAJAJELEC,1101.0999755859375,1109.449951171875,1084.0999755859375,1091.800048828125,33011
2023-10-04,BAJAJELEC,1099.949951171875,1099.949951171875,1067.0,1069.949951171875,27894
2023-10-05,BAJAJELEC,1084.949951171875,1085.300048828125,1061.0,1064.75,17033
2023-10-06,BAJAJELEC,1077.9000244140625,1077.9000244140625,1055.0,1060.699951171875,24019
2023-10-09,BAJAJELEC,1065.949951171875,1066.0,1046.550048828125,1058.75,20985
2023-10-10,BAJAJELEC,1068.75,1087.0,1054.3499755859375,1060.300048828125,42948
2023-10-11,BAJAJELEC,1070.0,1075.0,1057.550048828125,1063.1500244140625,20567
2023-10-12,BAJAJELEC,1072.0,1077.699951171875,1058.6500244140625,1068.449951171875,17733
2023-10-13,BAJAJELEC,1075.0,1079.0,1065.4000244140625,1073.6500244140625,15558
2023-10-16,BAJAJELEC,1144.0,1148.0,1070.0,1083.25,567950
2023-10-17,BAJAJELEC,1083.699951171875,1105.0,1083.699951171875,1089.5999755859375,42382
2023-10-18,BAJAJELEC,1127.0999755859375,1145.0,1090.0,1122.5999755859375,306615
2023-10-19,BAJAJELEC,1110.9000244140625,1119.550048828125,1094.0,1099.0999755859375,45953
2023-10-20,BAJAJELEC,1103.0,1111.5,1065.050048828125,1074.3499755859375,48958
2023-10-23,BAJAJELEC,1075.0,1084.449951171875,1035.949951171875,1045.800048828125,39939
2023-10-25,BAJAJELEC,1054.9000244140625,1061.5,1021.0,1033.3499755859375,27381
2023-10-26,BAJAJELEC,1015.0,1032.949951171875,1007.0,1013.0999755859376,30528
2023-10-27,BAJAJELEC,1014.9500122070312,1050.0,1013.0999755859376,1044.199951171875,24235
2023-10-30,BAJAJELEC,1044.199951171875,1057.0,1030.0,1035.4000244140625,21776
2023-10-31,BAJAJELEC,1037.050048828125,1046.3499755859375,1009.0499877929688,1020.4500122070312,25684
2023-10-03,BAJAJFINSV,1530.25,1564.199951171875,1527.0,1561.050048828125,1083086
2023-10-04,BAJAJFINSV,1555.0,1555.8499755859375,1521.1500244140625,1532.550048828125,1614123
2023-10-05,BAJAJFINSV,1540.0,1556.0,1532.300048828125,1542.550048828125,1153064
2023-10-06,BAJAJFINSV,1559.3499755859375,1640.699951171875,1551.050048828125,1634.6500244140625,7384628
2023-10-09,BAJAJFINSV,1617.1500244140625,1628.0,1606.5999755859375,1621.550048828125,1712235
2023-10-10,BAJAJFINSV,1630.0,1643.949951171875,1617.0,1633.0999755859375,1453653
2023-10-11,BAJAJFINSV,1641.4000244140625,1650.949951171875,1633.5,1636.550048828125,952433
2023-10-12,BAJAJFINSV,1637.0,1642.949951171875,1622.8499755859375,1634.800048828125,1052767
2023-10-13,BAJAJFINSV,1631.0,1649.0,1620.0,1646.550048828125,1212989
2023-10-16,BAJAJFINSV,1644.0,1649.4000244140625,1630.4000244140625,1642.3499755859375,859548
2023-10-17,BAJAJFINSV,1649.9000244140625,1676.75,1645.550048828125,1657.6500244140625,1689224
2023-10-18,BAJAJFINSV,1665.0,1665.0,1622.050048828125,1628.199951171875,1230439
2023-10-19,BAJAJFINSV,1625.0,1642.949951171875,1597.4000244140625,1634.75,1429935
2023-10-20,BAJAJFINSV,1627.800048828125,1639.75,1615.0,1635.050048828125,1191783
2023-10-23,BAJAJFINSV,1627.0,1651.699951171875,1605.5,1613.1500244140625,1093182
2023-10-25,BAJAJFINSV,1612.9000244140625,1630.0,1598.8499755859375,1611.449951171875,1490405
2023-10-26,BAJAJFINSV,1590.0,1608.4000244140625,1552.0,1560.0,1780025
2023-10-27,BAJAJFINSV,1575.5999755859375,1593.25,1551.3499755859375,1566.4000244140625,2003579
2023-10-30,BAJAJFINSV,1568.9000244140625,1571.0999755859375,1528.0,1561.0999755859375,850025
2023-10-31,BAJAJFINSV,1552.4000244140625,1581.449951171875,1552.4000244140625,1569.550048828125,1592788
2023-10-03,BAJAJHCARE,474.6499938964844,497.4500122070313,467.5,490.3999938964844,407753
2023-10-04,BAJAJHCARE,489.0499877929688,490.3500061035156,464.0499877929688,473.9500122070313,451224
2023-10-05,BAJAJHCARE,475.75,482.3500061035156,468.7999877929688,472.8999938964844,153596
2023-10-06,BAJAJHCARE,475.7999877929688,481.2000122070313,467.5,469.8500061035156,145014
2023-10-09,BAJAJHCARE,469.0,469.0,452.8500061035156,462.25,205685
2023-10-10,BAJAJHCARE,465.0,475.0499877929688,440.6000061035156,450.7999877929688,248560
2023-10-11,BAJAJHCARE,454.0,472.3999938964844,451.0,470.1000061035156,377912
2023-10-12,BAJAJHCARE,474.0,489.9500122070313,464.0499877929688,484.9500122070313,473739
2023-10-13,BAJAJHCARE,486.0,501.9500122070313,485.5499877929688,497.7000122070313,664338
2023-10-16,BAJAJHCARE,510.0,513.4000244140625,463.2000122070313,468.2999877929688,874035
2023-10-17,BAJAJHCARE,476.0,476.0,465.6499938964844,468.25,192529
2023-10-18,BAJAJHCARE,472.0,472.2999877929688,457.8999938964844,459.5,188134
2023-10-19,BAJAJHCARE,461.3999938964844,471.0,456.8500061035156,461.6499938964844,289336
2023-10-20,BAJAJHCARE,461.3999938964844,461.75,435.0499877929688,439.3999938964844,265881
2023-10-23,BAJAJHCARE,441.0,442.7000122070313,388.1499938964844,394.0499877929688,734873
2023-10-25,BAJAJHCARE,401.0,421.7999877929688,392.6499938964844,415.7999877929688,455753
2023-10-26,BAJAJHCARE,408.0499877929688,415.7000122070313,395.7000122070313,400.2000122070313,273634
2023-10-27,BAJAJHCARE,409.0,423.3999938964844,401.3999938964844,413.3999938964844,241588
2023-10-30,BAJAJHCARE,413.0,430.9500122070313,411.0499877929688,422.0,166371
2023-10-31,BAJAJHCARE,424.0,426.6000061035156,410.0,413.75,167587
2023-10-03,BAJAJHIND,26.299999237060547,26.450000762939453,25.39999961853028,25.700000762939453,17269835
2023-10-04,BAJAJHIND,25.5,26.89999961853028,25.25,25.950000762939453,29299112
2023-10-05,BAJAJHIND,26.299999237060547,26.39999961853028,25.0,25.39999961853028,16887648
2023-10-06,BAJAJHIND,25.600000381469727,26.049999237060547,25.39999961853028,25.700000762939453,11269360
2023-10-09,BAJAJHIND,25.549999237060547,25.850000381469727,24.75,24.89999961853028,19705981
2023-10-10,BAJAJHIND,25.100000381469727,25.5,24.950000762939453,25.14999961853028,10976585
2023-10-11,BAJAJHIND,25.299999237060547,25.75,25.0,25.299999237060547,16086328
2023-10-12,BAJAJHIND,25.39999961853028,26.100000381469727,25.14999961853028,25.350000381469727,14937695
2023-10-13,BAJAJHIND,25.25,26.0,25.049999237060547,25.850000381469727,19530664
2023-10-16,BAJAJHIND,26.200000762939453,27.25,25.700000762939453,26.049999237060547,40340005
2023-10-17,BAJAJHIND,26.25,27.100000381469727,26.200000762939453,26.600000381469727,22711809
2023-10-18,BAJAJHIND,26.850000381469727,28.14999961853028,26.5,26.700000762939453,60855612
2023-10-19,BAJAJHIND,26.700000762939453,26.75,26.049999237060547,26.5,16679682
2023-10-20,BAJAJHIND,26.5,27.39999961853028,26.049999237060547,26.299999237060547,21455062
2023-10-23,BAJAJHIND,26.600000381469727,26.600000381469727,23.950000762939453,24.049999237060547,26899396
2023-10-25,BAJAJHIND,24.299999237060547,24.950000762939453,23.0,23.549999237060547,35757770
2023-10-26,BAJAJHIND,23.39999961853028,25.799999237060547,22.5,25.350000381469727,51286926
2023-10-27,BAJAJHIND,26.100000381469727,26.299999237060547,25.25,25.75,23671579
2023-10-30,BAJAJHIND,25.89999961853028,27.200000762939453,25.200000762939453,26.39999961853028,31814555
2023-10-31,BAJAJHIND,26.89999961853028,27.299999237060547,26.100000381469727,26.64999961853028,24482815
2023-10-03,BAJAJHLDNG,7100.0,7100.0,6945.0,7014.25,33983
2023-10-04,BAJAJHLDNG,7014.25,7014.2998046875,6801.0,6819.2998046875,31137
2023-10-05,BAJAJHLDNG,6834.4501953125,6865.9501953125,6651.0,6672.0498046875,42162
2023-10-06,BAJAJHLDNG,6750.0,6874.39990234375,6701.14990234375,6843.7001953125,41262
2023-10-09,BAJAJHLDNG,6840.0,6879.7001953125,6800.0,6825.39990234375,15307
2023-10-10,BAJAJHLDNG,6850.9501953125,6892.0,6785.9501953125,6821.39990234375,17024
2023-10-11,BAJAJHLDNG,6822.0,7097.9501953125,6822.0,6884.5,70547
2023-10-12,BAJAJHLDNG,6916.35009765625,6978.7998046875,6761.0,6783.4501953125,29503
2023-10-13,BAJAJHLDNG,6788.14990234375,6849.9501953125,6770.0,6838.85009765625,15812
2023-10-16,BAJAJHLDNG,6838.85009765625,6863.39990234375,6791.35009765625,6850.25,25560
2023-10-17,BAJAJHLDNG,6876.89990234375,6880.0,6790.14990234375,6840.5498046875,25456
2023-10-18,BAJAJHLDNG,6870.0,6875.0,6822.7001953125,6865.0498046875,30829
2023-10-19,BAJAJHLDNG,6822.0,6889.0,6756.0,6861.14990234375,16188
2023-10-20,BAJAJHLDNG,6861.14990234375,7120.0,6828.0,7055.39990234375,101039
2023-10-23,BAJAJHLDNG,7080.0,7165.0,7008.75,7099.0498046875,53413
2023-10-25,BAJAJHLDNG,7099.10009765625,7128.89990234375,6800.35009765625,6856.0,28693
2023-10-26,BAJAJHLDNG,6770.0,6833.9501953125,6650.0,6667.64990234375,21099
2023-10-27,BAJAJHLDNG,6766.9501953125,6839.0,6670.14990234375,6729.0,13991
2023-10-30,BAJAJHLDNG,6790.0,6820.0,6627.89990234375,6794.2998046875,19034
2023-10-31,BAJAJHLDNG,6811.5498046875,6949.89990234375,6805.5498046875,6926.4501953125,19889
2023-10-03,BAJFINANCE,778.0800170898438,797.5499877929688,775.5,796.760009765625,9445550
2023-10-04,BAJFINANCE,802.5,804.2999877929688,782.0,785.405029296875,11763840
2023-10-05,BAJFINANCE,791.4849853515625,791.4849853515625,782.6900024414062,785.0900268554688,7950610
2023-10-06,BAJFINANCE,785.0,819.2000122070312,784.5,816.85498046875,21450340
2023-10-09,BAJFINANCE,810.2050170898438,813.5,801.7999877929688,802.77001953125,7478000
2023-10-10,BAJFINANCE,805.5,813.5,802.0999755859375,808.3599853515625,9650240
2023-10-11,BAJFINANCE,813.97998046875,817.2999877929688,809.5449829101562,810.1950073242188,7123720
2023-10-12,BAJFINANCE,812.5,812.7000122070312,800.2999877929688,801.4299926757812,7640920
2023-10-13,BAJFINANCE,799.9550170898438,808.2899780273438,795.60498046875,805.1649780273438,6622820
2023-10-16,BAJFINANCE,804.4299926757812,806.9000244140625,798.2650146484375,803.5999755859375,4382460
2023-10-17,BAJFINANCE,808.0,815.9000244140625,805.7550048828125,809.2999877929688,8382830
2023-10-18,BAJFINANCE,805.0,808.4600219726562,785.0,786.655029296875,15446420
2023-10-19,BAJFINANCE,784.3300170898438,792.2999877929688,773.0999755859375,784.155029296875,10614530
2023-10-20,BAJFINANCE,781.0,783.2349853515625,772.25,776.9199829101562,7711530
2023-10-23,BAJFINANCE,780.0,788.489990234375,776.135009765625,779.8900146484375,8822300
2023-10-25,BAJFINANCE,779.8900146484375,785.6950073242188,767.5999755859375,769.4450073242188,7087740
2023-10-26,BAJFINANCE,762.510009765625,765.5999755859375,740.1199951171875,742.1799926757812,13246300
2023-10-27,BAJFINANCE,750.9949951171875,754.9000244140625,741.6599731445312,750.719970703125,9119440
2023-10-30,BAJFINANCE,750.5800170898438,752.6849975585938,735.25,750.3049926757812,7992760
2023-10-31,BAJFINANCE,756.97998046875,757.969970703125,746.0499877929688,749.2650146484375,7494100
2023-10-03,BALAJITELE,63.45000076293945,71.80000305175781,62.84999847412109,70.19999694824219,2384960
2023-10-04,BALAJITELE,70.1500015258789,74.5,68.4000015258789,70.6500015258789,1811538
2023-10-05,BALAJITELE,71.19999694824219,75.19999694824219,70.55000305175781,71.9000015258789,1560326
2023-10-06,BALAJITELE,72.19999694824219,73.5999984741211,70.5999984741211,71.8499984741211,377623
2023-10-09,BALAJITELE,70.0,70.6500015258789,67.1500015258789,67.80000305175781,545956
2023-10-10,BALAJITELE,68.3499984741211,70.4000015258789,68.3499984741211,69.55000305175781,330341
2023-10-11,BALAJITELE,70.19999694824219,74.80000305175781,70.19999694824219,73.69999694824219,1367028
2023-10-12,BALAJITELE,74.0,80.0999984741211,73.94999694824219,77.69999694824219,4944018
2023-10-13,BALAJITELE,76.5,78.0,73.75,74.55000305175781,1191168
2023-10-16,BALAJITELE,74.0,76.0,73.05000305175781,75.5999984741211,617280
2023-10-17,BALAJITELE,75.19999694824219,76.1500015258789,72.9000015258789,73.6500015258789,501325
2023-10-18,BALAJITELE,73.0,74.4000015258789,71.80000305175781,72.25,451973
2023-10-19,BALAJITELE,71.75,72.5,71.0999984741211,71.30000305175781,341965
2023-10-20,BALAJITELE,71.05000305175781,75.69999694824219,70.5999984741211,70.9000015258789,707232
2023-10-23,BALAJITELE,71.0,71.69999694824219,64.05000305175781,64.55000305175781,675492
2023-10-25,BALAJITELE,66.4000015258789,66.4000015258789,61.150001525878906,63.20000076293945,520107
2023-10-26,BALAJITELE,63.400001525878906,64.19999694824219,61.34999847412109,63.79999923706055,320442
2023-10-27,BALAJITELE,64.5999984741211,65.5999984741211,63.95000076293945,64.69999694824219,237625
2023-10-30,BALAJITELE,65.0,65.1500015258789,63.59999847412109,64.5,128686
2023-10-31,BALAJITELE,64.80000305175781,65.9000015258789,64.05000305175781,65.0,160798
2023-10-03,BALAMINES,2185.449951171875,2185.449951171875,2155.0,2176.60009765625,30205
2023-10-04,BALAMINES,2165.0,2230.0,2161.10009765625,2196.14990234375,66170
2023-10-05,BALAMINES,2196.0,2218.0,2188.89990234375,2215.449951171875,37480
2023-10-06,BALAMINES,2215.449951171875,2223.050048828125,2192.64990234375,2216.89990234375,47930
2023-10-09,BALAMINES,2195.050048828125,2206.0,2166.89990234375,2193.050048828125,42461
2023-10-10,BALAMINES,2186.0,2215.0,2183.10009765625,2211.64990234375,35776
2023-10-11,BALAMINES,2215.0,2238.0,2212.0,2231.800048828125,36202
2023-10-12,BALAMINES,2231.550048828125,2250.0,2205.050048828125,2219.300048828125,37528
2023-10-13,BALAMINES,2205.0,2221.89990234375,2190.0,2197.10009765625,20565
2023-10-16,BALAMINES,2199.949951171875,2209.10009765625,2185.0,2192.85009765625,26444
2023-10-17,BALAMINES,2204.25,2214.64990234375,2192.0,2195.800048828125,12723
2023-10-18,BALAMINES,2195.800048828125,2206.199951171875,2186.85009765625,2194.75,20372
2023-10-19,BALAMINES,2180.0,2210.25,2128.89990234375,2160.949951171875,35951
2023-10-20,BALAMINES,2177.0,2177.0,2120.0,2125.64990234375,25510
2023-10-23,BALAMINES,2129.89990234375,2139.0,2091.050048828125,2101.300048828125,24300
2023-10-25,BALAMINES,2101.300048828125,2121.75,2046.3499755859373,2055.0,42016
2023-10-26,BALAMINES,2055.0,2056.0,2008.6500244140625,2030.1500244140625,42443
2023-10-27,BALAMINES,2031.0,2105.0,2031.0,2093.050048828125,22781
2023-10-30,BALAMINES,2099.89990234375,2099.89990234375,2033.0999755859373,2038.6500244140625,29091
2023-10-31,BALAMINES,2048.35009765625,2050.0,2032.050048828125,2045.6500244140625,17838
2023-10-03,BALAXI,88.01000213623047,90.55999755859376,88.0,88.20999908447266,12090
2023-10-04,BALAXI,89.0,89.98999786376953,87.05999755859375,88.0199966430664,8740
2023-10-05,BALAXI,88.0,89.0,88.0,88.12000274658203,6145
2023-10-06,BALAXI,88.69000244140625,88.69000244140625,87.0,87.5999984741211,8725
2023-10-09,BALAXI,84.0,90.0,82.4000015258789,89.55000305175781,20750
2023-10-10,BALAXI,91.5999984741211,91.5999984741211,88.0,88.19000244140625,13990
2023-10-11,BALAXI,88.19999694824219,90.56999969482422,88.0,88.6500015258789,7925
2023-10-12,BALAXI,88.22000122070312,90.25,87.5999984741211,87.69999694824219,10310
2023-10-13,BALAXI,89.80999755859375,89.80999755859375,87.61000061035156,88.4000015258789,3970
2023-10-16,BALAXI,88.4000015258789,90.38999938964844,86.26000213623047,87.55000305175781,20710
2023-10-17,BALAXI,87.75,88.77999877929688,87.55000305175781,88.19000244140625,7050
2023-10-18,BALAXI,88.22000122070312,88.4000015258789,87.0,87.97000122070312,3400
2023-10-19,BALAXI,88.19000244140625,88.19999694824219,86.26000213623047,87.9000015258789,7115
2023-10-20,BALAXI,86.04000091552734,89.12999725341797,85.22000122070312,87.30000305175781,23370
2023-10-23,BALAXI,86.05000305175781,88.58000183105469,82.5999984741211,83.08000183105469,11460
2023-10-25,BALAXI,86.4000015258789,86.4000015258789,84.05999755859375,84.62000274658203,7765
2023-10-26,BALAXI,85.95999908447266,86.08999633789062,82.0,84.48999786376953,8725
2023-10-27,BALAXI,84.19999694824219,85.91999816894531,84.19999694824219,84.52999877929688,8860
2023-10-30,BALAXI,84.4000015258789,84.4000015258789,80.05000305175781,82.44000244140625,16625
2023-10-31,BALAXI,81.0999984741211,83.94999694824219,79.98999786376953,80.45999908447266,18140
2023-10-03,BALKRISHNA,19.63546371459961,20.0502986907959,19.4971866607666,19.77374267578125,25198
2023-10-04,BALKRISHNA,19.877450942993164,19.94658851623535,18.874935150146484,19.082351684570312,89963
2023-10-05,BALKRISHNA,19.255199432373047,19.60089492797852,19.04778289794922,19.324338912963867,57011
2023-10-06,BALKRISHNA,19.63546371459961,20.257715225219727,19.35890769958496,19.670034408569336,42112
2023-10-09,BALKRISHNA,19.324338912963867,19.670034408569336,19.01321220397949,19.4971866607666,52150
2023-10-10,BALKRISHNA,19.35890769958496,19.877450942993164,19.22063064575196,19.42804718017578,31941
2023-10-11,BALKRISHNA,19.42804718017578,21.363937377929688,19.393478393554688,21.363937377929688,409573
2023-10-12,BALKRISHNA,21.363937377929688,23.472675323486328,20.914535522460938,23.265260696411133,693292
2023-10-13,BALKRISHNA,23.265260696411133,23.50724601745605,22.15903663635254,22.47016143798828,139641
2023-10-16,BALKRISHNA,23.36896705627441,23.36896705627441,21.052812576293945,21.8479118347168,139248
2023-10-17,BALKRISHNA,22.401023864746094,22.573869705200195,21.433076858520508,21.640493392944336,109488
2023-10-18,BALKRISHNA,22.0207576751709,22.262744903564453,21.08738136291504,21.2947998046875,95409
2023-10-19,BALKRISHNA,21.70963287353516,21.70963287353516,20.741687774658203,20.983673095703125,105128
2023-10-20,BALKRISHNA,21.22566032409668,21.778772354125977,20.0502986907959,20.39599227905273,107059
2023-10-23,BALKRISHNA,20.36142349243164,21.08738136291504,18.52924156188965,19.082351684570312,147265
2023-10-25,BALKRISHNA,19.28976821899414,19.877450942993164,18.874935150146484,19.22063064575196,103973
2023-10-26,BALKRISHNA,18.77122688293457,20.0502986907959,18.59837913513184,19.808311462402344,51585
2023-10-27,BALKRISHNA,20.01572799682617,21.3293685913086,19.35890769958496,21.01824378967285,103793
2023-10-30,BALKRISHNA,21.640493392944336,21.640493392944336,20.36142349243164,20.56884002685547,67872
2023-10-31,BALKRISHNA,20.70711708068848,21.15652084350586,20.36142349243164,20.53427124023437,49082
2023-10-03,BALKRISIND,2557.449951171875,2557.449951171875,2478.14990234375,2518.199951171875,160421
2023-10-04,BALKRISIND,2522.0,2538.14990234375,2497.10009765625,2529.10009765625,94099
2023-10-05,BALKRISIND,2529.0,2610.0,2526.89990234375,2585.25,309033
2023-10-06,BALKRISIND,2598.0,2598.0,2553.85009765625,2562.050048828125,77637
2023-10-09,BALKRISIND,2511.0,2553.25,2511.0,2543.25,167254
2023-10-10,BALKRISIND,2543.0,2579.949951171875,2540.0,2566.64990234375,170493
2023-10-11,BALKRISIND,2574.800048828125,2604.0,2567.0,2586.300048828125,274965
2023-10-12,BALKRISIND,2590.050048828125,2604.75,2581.0,2595.35009765625,161807
2023-10-13,BALKRISIND,2588.0,2618.0,2572.699951171875,2585.25,124851
2023-10-16,BALKRISIND,2575.5,2599.800048828125,2531.10009765625,2594.699951171875,228937
2023-10-17,BALKRISIND,2612.0,2637.0,2596.85009765625,2616.5,260441
2023-10-18,BALKRISIND,2614.050048828125,2627.39990234375,2566.10009765625,2587.300048828125,165439
2023-10-19,BALKRISIND,2567.050048828125,2589.0,2548.050048828125,2576.10009765625,105214
2023-10-20,BALKRISIND,2571.550048828125,2581.64990234375,2528.39990234375,2540.75,204557
2023-10-23,BALKRISIND,2498.949951171875,2590.699951171875,2488.89990234375,2566.89990234375,1026913
2023-10-25,BALKRISIND,2564.10009765625,2640.0,2555.0,2592.85009765625,821381
2023-10-26,BALKRISIND,2586.0,2587.0,2516.300048828125,2556.0,563889
2023-10-27,BALKRISIND,2560.0,2617.449951171875,2557.050048828125,2599.60009765625,207553
2023-10-30,BALKRISIND,2608.0,2608.0,2563.35009765625,2576.64990234375,325343
2023-10-31,BALKRISIND,2579.60009765625,2595.85009765625,2545.050048828125,2553.800048828125,190106
2023-10-03,BALMLAWRIE,154.85000610351562,154.89999389648438,151.89999389648438,152.1999969482422,247204
2023-10-04,BALMLAWRIE,151.64999389648438,151.85000610351562,146.1999969482422,148.3000030517578,579977
2023-10-05,BALMLAWRIE,148.9499969482422,150.6999969482422,147.35000610351562,148.8000030517578,319412
2023-10-06,BALMLAWRIE,148.60000610351562,149.5500030517578,147.10000610351562,147.4499969482422,292371
2023-10-09,BALMLAWRIE,144.0500030517578,146.0500030517578,140.0500030517578,142.4499969482422,642492
2023-10-10,BALMLAWRIE,143.10000610351562,146.5500030517578,143.10000610351562,145.5500030517578,266056
2023-10-11,BALMLAWRIE,146.25,147.25,144.5,144.8000030517578,244173
2023-10-12,BALMLAWRIE,145.5,148.9499969482422,145.1999969482422,146.85000610351562,456275
2023-10-13,BALMLAWRIE,146.35000610351562,147.60000610351562,143.5,144.9499969482422,291651
2023-10-16,BALMLAWRIE,144.89999389648438,148.3000030517578,143.35000610351562,146.10000610351562,784276
2023-10-17,BALMLAWRIE,147.14999389648438,153.10000610351562,147.10000610351562,151.0,1193224
2023-10-18,BALMLAWRIE,151.9499969482422,155.60000610351562,146.64999389648438,151.9499969482422,1233762
2023-10-19,BALMLAWRIE,150.60000610351562,151.35000610351562,148.5500030517578,148.9499969482422,329347
2023-10-20,BALMLAWRIE,148.5,149.8000030517578,145.10000610351562,145.8000030517578,246314
2023-10-23,BALMLAWRIE,145.8000030517578,146.5500030517578,133.8000030517578,135.35000610351562,877569
2023-10-25,BALMLAWRIE,136.1999969482422,139.8000030517578,131.6999969482422,134.0500030517578,544871
2023-10-26,BALMLAWRIE,132.6999969482422,137.9499969482422,129.39999389648438,136.25,739833
2023-10-27,BALMLAWRIE,136.9499969482422,138.25,136.10000610351562,137.35000610351562,276561
2023-10-30,BALMLAWRIE,137.60000610351562,137.85000610351562,134.8000030517578,135.75,175927
2023-10-31,BALMLAWRIE,136.60000610351562,137.39999389648438,134.0,134.1999969482422,287673
2023-10-03,BALPHARMA,94.1500015258789,96.9000015258789,93.0999984741211,95.1999969482422,16836
2023-10-04,BALPHARMA,94.0999984741211,96.5999984741211,92.4000015258789,93.0500030517578,19493
2023-10-05,BALPHARMA,93.1999969482422,95.9499969482422,92.75,93.3499984741211,20804
2023-10-06,BALPHARMA,93.4000015258789,95.4000015258789,93.4000015258789,94.3000030517578,16360
2023-10-09,BALPHARMA,92.8000030517578,93.8499984741211,90.9000015258789,92.0999984741211,15373
2023-10-10,BALPHARMA,92.5,93.6999969482422,92.3499984741211,92.9000015258789,8102
2023-10-11,BALPHARMA,94.1500015258789,94.1999969482422,92.9000015258789,93.1500015258789,11165
2023-10-12,BALPHARMA,93.6999969482422,94.4000015258789,92.1999969482422,92.75,15133
2023-10-13,BALPHARMA,94.0,94.9000015258789,91.0,92.5,22060
2023-10-16,BALPHARMA,92.6500015258789,93.9000015258789,92.0,92.6999969482422,10711
2023-10-17,BALPHARMA,93.6500015258789,93.6500015258789,92.6999969482422,92.9000015258789,8642
2023-10-18,BALPHARMA,92.9000015258789,93.8499984741211,91.5,92.0500030517578,16186
2023-10-19,BALPHARMA,92.0999984741211,92.8000030517578,91.0,91.25,11018
2023-10-20,BALPHARMA,91.25,92.3499984741211,90.8000030517578,91.0999984741211,7743
2023-10-23,BALPHARMA,90.25,90.8499984741211,85.0999984741211,86.0,43304
2023-10-25,BALPHARMA,86.94999694824219,88.1500015258789,85.25,86.25,14952
2023-10-26,BALPHARMA,84.0999984741211,86.0999984741211,81.19999694824219,83.94999694824219,48516
2023-10-27,BALPHARMA,84.0,86.6500015258789,83.0,86.1500015258789,7739
2023-10-30,BALPHARMA,88.5999984741211,89.44999694824219,87.05000305175781,88.1500015258789,20334
2023-10-31,BALPHARMA,89.6500015258789,89.6500015258789,85.0,86.0999984741211,20276
2023-10-03,BALRAMCHIN,437.0,439.6000061035156,428.4500122070313,431.0,1650471
2023-10-04,BALRAMCHIN,430.0,437.3500061035156,421.0,425.7000122070313,1926887
2023-10-05,BALRAMCHIN,427.6499938964844,432.8999938964844,422.5,424.6499938964844,943629
2023-10-06,BALRAMCHIN,428.8999938964844,433.75,425.0499877929688,430.25,1230479
2023-10-09,BALRAMCHIN,430.8500061035156,437.3999938964844,423.0,425.75,1758549
2023-10-10,BALRAMCHIN,429.75,429.75,424.1000061035156,424.8500061035156,1363818
2023-10-11,BALRAMCHIN,426.7999877929688,429.1000061035156,416.5,420.8500061035156,1676254
2023-10-12,BALRAMCHIN,422.6000061035156,424.2000122070313,415.75,416.75,863876
2023-10-13,BALRAMCHIN,415.75,421.7999877929688,415.0,416.7999877929688,545922
2023-10-16,BALRAMCHIN,417.1000061035156,430.5,417.0,423.2000122070313,1581554
2023-10-17,BALRAMCHIN,423.0,426.7999877929688,420.1000061035156,421.5499877929688,471194
2023-10-18,BALRAMCHIN,422.3500061035156,428.8500061035156,420.25,423.75,1456723
2023-10-19,BALRAMCHIN,422.0,423.75,418.3500061035156,421.75,621389
2023-10-20,BALRAMCHIN,421.4500122070313,426.0499877929688,418.1000061035156,422.75,1174356
2023-10-23,BALRAMCHIN,422.8999938964844,424.7999877929688,401.3999938964844,402.75,1653104
2023-10-25,BALRAMCHIN,406.8999938964844,420.6000061035156,403.5499877929688,406.75,1937677
2023-10-26,BALRAMCHIN,407.5,407.5,394.3999938964844,403.75,1738903
2023-10-27,BALRAMCHIN,406.9500122070313,416.2000122070313,402.2999877929688,413.5,1312589
2023-10-30,BALRAMCHIN,414.5,416.8500061035156,408.0,411.2999877929688,914588
2023-10-31,BALRAMCHIN,414.1000061035156,416.5,411.6499938964844,413.1499938964844,586337
2023-10-03,BANARBEADS,90.5,91.5,90.5,91.0999984741211,4932
2023-10-04,BANARBEADS,91.0,93.75,91.0,91.0500030517578,21215
2023-10-05,BANARBEADS,91.6500015258789,91.6500015258789,91.0,91.0500030517578,7137
2023-10-06,BANARBEADS,92.0,93.3000030517578,91.0,91.9499969482422,28103
2023-10-09,BANARBEADS,91.0,91.9000015258789,90.75,91.0500030517578,18739
2023-10-10,BANARBEADS,91.3000030517578,92.5500030517578,91.3000030517578,91.9000015258789,7302
2023-10-11,BANARBEADS,91.5,93.0500030517578,91.0500030517578,91.3499984741211,7463
2023-10-12,BANARBEADS,91.8499984741211,92.6500015258789,91.0500030517578,91.6999969482422,5809
2023-10-13,BANARBEADS,92.0,93.9499969482422,91.3499984741211,92.0999984741211,28436
2023-10-16,BANARBEADS,93.0,93.0,91.3000030517578,91.5,9169
2023-10-17,BANARBEADS,91.9000015258789,93.0999984741211,91.8000030517578,92.75,11110
2023-10-18,BANARBEADS,92.9499969482422,93.0,91.1500015258789,91.1999969482422,3034
2023-10-19,BANARBEADS,91.3000030517578,93.75,91.0,91.1999969482422,22600
2023-10-20,BANARBEADS,91.3000030517578,93.0999984741211,91.25,91.4000015258789,9966
2023-10-23,BANARBEADS,92.0500030517578,92.1500015258789,91.0,91.0,17350
2023-10-25,BANARBEADS,91.4499969482422,92.9499969482422,91.0,91.0,12451
2023-10-26,BANARBEADS,91.9499969482422,91.9499969482422,90.5,90.5500030517578,6167
2023-10-27,BANARBEADS,90.5,91.9499969482422,90.5,90.6999969482422,3307
2023-10-30,BANARBEADS,91.5500030517578,91.75,90.5,90.8000030517578,2754
2023-10-31,BANARBEADS,91.9499969482422,92.0,90.5,91.5500030517578,11234
2023-10-03,BANARISUG,2650.60009765625,2650.60009765625,2558.5,2584.60009765625,2493
2023-10-04,BANARISUG,2605.0,2617.0,2565.050048828125,2602.35009765625,1284
2023-10-05,BANARISUG,2615.800048828125,2615.800048828125,2560.35009765625,2577.699951171875,718
2023-10-06,BANARISUG,2612.449951171875,2612.449951171875,2565.14990234375,2574.10009765625,1026
2023-10-09,BANARISUG,2574.10009765625,2608.85009765625,2540.0,2549.64990234375,1603
2023-10-10,BANARISUG,2545.0,2582.949951171875,2540.0,2559.949951171875,742
2023-10-11,BANARISUG,2593.25,2675.0,2550.0,2635.35009765625,1749
2023-10-12,BANARISUG,2659.0,2659.0,2610.39990234375,2616.89990234375,335
2023-10-13,BANARISUG,2592.050048828125,2623.35009765625,2575.050048828125,2595.550048828125,459
2023-10-16,BANARISUG,2609.800048828125,2626.0,2570.5,2620.89990234375,575
2023-10-17,BANARISUG,2649.949951171875,2656.25,2604.050048828125,2642.35009765625,1128
2023-10-18,BANARISUG,2600.10009765625,2690.0,2600.10009765625,2634.550048828125,1918
2023-10-19,BANARISUG,2634.550048828125,2654.949951171875,2600.0,2605.89990234375,449
2023-10-20,BANARISUG,2610.0,2689.89990234375,2598.5,2633.050048828125,1773
2023-10-23,BANARISUG,2610.050048828125,2668.5,2566.699951171875,2598.25,722
2023-10-25,BANARISUG,2630.0,2630.0,2538.60009765625,2562.0,1089
2023-10-26,BANARISUG,2705.949951171875,2741.89990234375,2560.0,2593.64990234375,39743
2023-10-27,BANARISUG,2663.699951171875,2663.699951171875,2580.300048828125,2593.199951171875,2743
2023-10-30,BANARISUG,2623.0,2623.0,2555.800048828125,2595.800048828125,1377
2023-10-31,BANARISUG,2595.800048828125,2622.0,2570.050048828125,2578.050048828125,945
2023-10-03,BANCOINDIA,249.9499969482422,256.0,248.5749969482422,253.4499969482422,409354
2023-10-04,BANCOINDIA,255.0,255.4250030517578,247.5,248.75,206274
2023-10-05,BANCOINDIA,249.9499969482422,254.25,248.5,250.25,143018
2023-10-06,BANCOINDIA,250.4750061035156,254.0,248.125,250.7749938964844,140156
2023-10-09,BANCOINDIA,237.0,247.1999969482422,237.0,239.0,225974
2023-10-10,BANCOINDIA,249.9499969482422,249.9499969482422,243.0,246.5,129440
2023-10-11,BANCOINDIA,247.5,250.4750061035156,232.3999938964844,238.7250061035156,356560
2023-10-12,BANCOINDIA,245.1499938964844,245.1499938964844,239.3500061035156,240.8999938964844,120314
2023-10-13,BANCOINDIA,242.5,243.9499969482422,238.1750030517578,242.25,133180
2023-10-16,BANCOINDIA,243.75,245.4499969482422,238.0,240.6750030517578,79988
2023-10-17,BANCOINDIA,242.4250030517578,245.0749969482422,241.5,242.3000030517578,87102
2023-10-18,BANCOINDIA,243.25,250.0,242.25,242.6750030517578,125950
2023-10-19,BANCOINDIA,242.5,243.5249938964844,240.0,241.5249938964844,82174
2023-10-20,BANCOINDIA,241.75,243.2250061035156,238.0,239.3249969482422,77340
2023-10-23,BANCOINDIA,239.8000030517578,239.8249969482422,225.5,227.1999969482422,217836
2023-10-25,BANCOINDIA,229.1999969482422,232.8000030517578,213.5,214.8500061035156,277460
2023-10-26,BANCOINDIA,212.0249938964844,224.4499969482422,205.375,221.9250030517578,251800
2023-10-27,BANCOINDIA,225.5,231.0,223.375,226.8999938964844,132098
2023-10-30,BANCOINDIA,226.5,227.3999938964844,220.5,223.4750061035156,94392
2023-10-31,BANCOINDIA,224.9750061035156,228.25,222.0,223.8999938964844,78754
2023-10-03,BANDHANBNK,252.0,254.8000030517578,245.8000030517578,253.8000030517578,8151386
2023-10-04,BANDHANBNK,250.6999969482422,255.3999938964844,248.75,253.8500061035156,9145829
2023-10-05,BANDHANBNK,255.9499969482422,255.9499969482422,248.6499938964844,249.25,7632130
2023-10-06,BANDHANBNK,250.8000030517578,255.0,247.6499938964844,252.8999938964844,7018670
2023-10-09,BANDHANBNK,248.6999969482422,251.3000030517578,245.6999969482422,246.4499969482422,6591251
2023-10-10,BANDHANBNK,248.3000030517578,252.3500061035156,247.0,251.9499969482422,5355488
2023-10-11,BANDHANBNK,251.0,253.8000030517578,248.0,248.75,6575616
2023-10-12,BANDHANBNK,250.8999938964844,251.8999938964844,249.1499938964844,251.0,3132333
2023-10-13,BANDHANBNK,250.0,250.5,238.0,240.6999969482422,13097938
2023-10-16,BANDHANBNK,241.0,245.8999938964844,239.6999969482422,244.1000061035156,6182055
2023-10-17,BANDHANBNK,246.0,246.0,238.8999938964844,239.6999969482422,6938782
2023-10-18,BANDHANBNK,240.1999969482422,244.4499969482422,237.3500061035156,238.1000061035156,12057238
2023-10-19,BANDHANBNK,233.9499969482422,235.5,227.6999969482422,229.1499938964844,17897543
2023-10-20,BANDHANBNK,229.1499938964844,231.5,225.0,225.5,7440024
2023-10-23,BANDHANBNK,226.0,228.4499969482422,220.3999938964844,221.3000030517578,8870439
2023-10-25,BANDHANBNK,222.5,224.8500061035156,217.1499938964844,218.25,10799172
2023-10-26,BANDHANBNK,217.5500030517578,217.8000030517578,211.3000030517578,212.4499969482422,10920565
2023-10-27,BANDHANBNK,214.0,216.5500030517578,213.0500030517578,214.3999938964844,5005707
2023-10-30,BANDHANBNK,215.8000030517578,215.8500061035156,211.1999969482422,214.6499938964844,5337538
2023-10-31,BANDHANBNK,216.0,218.5,213.6999969482422,214.1499938964844,4547584
2023-10-03,BANG,50.400001525878906,51.59999847412109,50.34999847412109,50.79999923706055,20460
2023-10-04,BANG,50.79999923706055,50.84999847412109,49.09999847412109,49.650001525878906,21165
2023-10-05,BANG,49.650001525878906,51.54999923706055,49.650001525878906,51.0,38944
2023-10-06,BANG,50.09999847412109,51.25,50.0,50.29999923706055,25267
2023-10-09,BANG,49.29999923706055,50.70000076293945,49.0,49.150001525878906,25323
2023-10-10,BANG,49.900001525878906,50.0,48.04999923706055,48.400001525878906,29965
2023-10-11,BANG,48.54999923706055,51.75,48.400001525878906,50.75,115107
2023-10-12,BANG,50.84999847412109,54.0,50.20000076293945,52.09999847412109,170411
2023-10-13,BANG,52.09999847412109,52.34999847412109,49.400001525878906,50.04999923706055,45612
2023-10-16,BANG,50.29999923706055,50.54999923706055,49.0,49.400001525878906,31581
2023-10-17,BANG,49.20000076293945,54.0,49.20000076293945,50.0,194881
2023-10-18,BANG,50.400001525878906,51.400001525878906,49.84999847412109,50.34999847412109,37836
2023-10-19,BANG,50.04999923706055,52.0,49.54999923706055,49.79999923706055,131400
2023-10-20,BANG,49.29999923706055,50.5,49.09999847412109,49.150001525878906,20229
2023-10-23,BANG,48.5,49.20000076293945,46.79999923706055,47.25,45173
2023-10-25,BANG,47.25,49.900001525878906,45.5,45.70000076293945,28165
2023-10-26,BANG,45.59999847412109,45.59999847412109,41.79999923706055,44.29999923706055,77262
2023-10-27,BANG,43.59999847412109,45.59999847412109,43.59999847412109,44.75,37402
2023-10-30,BANG,44.0,45.70000076293945,43.900001525878906,45.400001525878906,48367
2023-10-31,BANG,46.400001525878906,46.54999923706055,45.20000076293945,45.75,25777
2023-10-03,BANKA,74.0,75.80000305175781,73.0,73.5,44062
2023-10-04,BANKA,75.0,75.0,71.69999694824219,72.5999984741211,27966
2023-10-05,BANKA,73.75,74.1500015258789,71.5,71.9000015258789,33057
2023-10-06,BANKA,72.6500015258789,72.9000015258789,71.05000305175781,71.69999694824219,20611
2023-10-09,BANKA,72.0,72.05000305175781,69.5,69.9000015258789,18129
2023-10-10,BANKA,70.25,71.80000305175781,70.25,70.80000305175781,8657
2023-10-11,BANKA,70.94999694824219,72.9000015258789,70.94999694824219,72.1500015258789,12191
2023-10-12,BANKA,72.0,72.75,71.44999694824219,71.94999694824219,7085
2023-10-13,BANKA,71.5,72.55000305175781,71.5,72.05000305175781,11122
2023-10-16,BANKA,73.4000015258789,73.4000015258789,71.6500015258789,71.80000305175781,7142
2023-10-17,BANKA,72.05000305175781,73.0,71.9000015258789,72.30000305175781,8567
2023-10-18,BANKA,70.80000305175781,73.80000305175781,67.6500015258789,68.9000015258789,57805
2023-10-19,BANKA,70.0,70.6500015258789,69.1500015258789,70.05000305175781,17403
2023-10-20,BANKA,70.0999984741211,73.0,69.05000305175781,70.5,49043
2023-10-23,BANKA,70.5,70.94999694824219,68.4000015258789,69.8499984741211,13001
2023-10-25,BANKA,70.0,70.3499984741211,67.19999694824219,67.8499984741211,16412
2023-10-26,BANKA,67.4000015258789,69.44999694824219,66.55000305175781,67.94999694824219,9971
2023-10-27,BANKA,67.19999694824219,70.75,67.19999694824219,68.9000015258789,15305
2023-10-30,BANKA,71.0,71.0,68.3499984741211,68.5999984741211,11988
2023-10-31,BANKA,68.0999984741211,69.1500015258789,68.0,69.05000305175781,10197
2023-10-03,BANKBARODA,213.5,218.1999969482422,212.0,217.8500061035156,12939332
2023-10-04,BANKBARODA,216.9499969482422,217.3000030517578,210.8999938964844,212.3999938964844,21610557
2023-10-05,BANKBARODA,213.8999938964844,214.4499969482422,210.0,212.5500030517578,11700848
2023-10-06,BANKBARODA,214.0,216.0,212.3999938964844,215.3000030517578,14552427
2023-10-09,BANKBARODA,212.3999938964844,215.3000030517578,210.3000030517578,211.75,12102991
2023-10-10,BANKBARODA,212.1499938964844,214.5500030517578,211.8999938964844,214.3000030517578,12358739
2023-10-11,BANKBARODA,210.0,210.9499969482422,206.3000030517578,207.1999969482422,43037191
2023-10-12,BANKBARODA,208.0,209.4499969482422,207.4499969482422,207.75,14176014
2023-10-13,BANKBARODA,206.8999938964844,206.9499969482422,201.1999969482422,203.5,27835260
2023-10-16,BANKBARODA,201.4499969482422,206.5,201.4499969482422,205.8000030517578,15730299
2023-10-17,BANKBARODA,206.1999969482422,208.1499938964844,205.8000030517578,207.3500061035156,12501262
2023-10-18,BANKBARODA,207.0,208.6499938964844,203.0,203.6499938964844,20282190
2023-10-19,BANKBARODA,202.5,206.0,201.1999969482422,205.1499938964844,12922522
2023-10-20,BANKBARODA,204.1999969482422,205.6000061035156,201.1999969482422,202.3000030517578,17030658
2023-10-23,BANKBARODA,202.3000030517578,203.75,194.0,195.1999969482422,15784543
2023-10-25,BANKBARODA,195.8999938964844,198.25,193.6999969482422,194.8000030517578,14959554
2023-10-26,BANKBARODA,193.5500030517578,193.8000030517578,187.8500061035156,189.1499938964844,29658835
2023-10-27,BANKBARODA,190.5,197.5,190.5,196.8500061035156,14885363
2023-10-30,BANKBARODA,197.1499938964844,199.8500061035156,194.6000061035156,198.25,11946838
2023-10-31,BANKBARODA,199.5,199.75,195.6499938964844,196.1999969482422,9074535
2023-10-03,BANKINDIA,108.5,113.0999984741211,108.1999969482422,112.8000030517578,23964066
2023-10-04,BANKINDIA,112.5,113.8000030517578,108.0999984741211,110.0,23703834
2023-10-05,BANKINDIA,111.0,112.25,109.0500030517578,109.9000015258789,13307549
2023-10-06,BANKINDIA,110.0,110.5,106.8499984741211,108.5500030517578,10844920
2023-10-09,BANKINDIA,107.0,107.25,103.5,104.3000030517578,11296760
2023-10-10,BANKINDIA,104.3000030517578,107.6999969482422,104.3000030517578,107.3000030517578,9813428
2023-10-11,BANKINDIA,107.9000015258789,109.0,106.5999984741211,106.9000015258789,8100970
2023-10-12,BANKINDIA,107.4000015258789,108.6500015258789,106.6999969482422,107.8000030517578,5295195
2023-10-13,BANKINDIA,107.0,107.5999984741211,105.5500030517578,106.0999984741211,5427301
2023-10-16,BANKINDIA,106.0,106.4499969482422,104.9499969482422,105.1999969482422,6200368
2023-10-17,BANKINDIA,105.9499969482422,107.5999984741211,105.0500030517578,106.0500030517578,5475020
2023-10-18,BANKINDIA,106.3000030517578,106.8000030517578,104.0999984741211,104.6999969482422,4623981
2023-10-19,BANKINDIA,104.4000015258789,104.8000030517578,103.0,103.3000030517578,6123613
2023-10-20,BANKINDIA,103.25,104.3000030517578,98.4000015258789,99.5999984741211,10264340
2023-10-23,BANKINDIA,100.0,101.0999984741211,89.75,90.8000030517578,22089801
2023-10-25,BANKINDIA,91.6999969482422,94.5999984741211,88.5,89.3499984741211,19966700
2023-10-26,BANKINDIA,89.0999984741211,91.4499969482422,86.4000015258789,90.25,17580514
2023-10-27,BANKINDIA,91.25,97.5500030517578,91.25,96.8000030517578,27867753
2023-10-30,BANKINDIA,97.3000030517578,97.4499969482422,94.6999969482422,95.6500015258789,9072361
2023-10-31,BANKINDIA,96.5999984741211,99.0999984741211,95.4000015258789,95.8499984741211,13279697
2023-10-03,BANSWRAS,146.8000030517578,153.89999389648438,146.8000030517578,153.3000030517578,72291
2023-10-04,BANSWRAS,154.0,154.0,150.60000610351562,152.35000610351562,41740
2023-10-05,BANSWRAS,153.4499969482422,155.85000610351562,151.0,154.60000610351562,70914
2023-10-06,BANSWRAS,153.8000030517578,155.89999389648438,153.5,155.39999389648438,32089
2023-10-09,BANSWRAS,153.0,153.75,150.35000610351562,151.4499969482422,51210
2023-10-10,BANSWRAS,153.0,155.89999389648438,152.39999389648438,154.10000610351562,49006
2023-10-11,BANSWRAS,155.89999389648438,155.89999389648438,151.85000610351562,152.89999389648438,23988
2023-10-12,BANSWRAS,152.89999389648438,154.4499969482422,151.0,151.64999389648438,58690
2023-10-13,BANSWRAS,152.0,154.0,150.0,152.60000610351562,53856
2023-10-16,BANSWRAS,154.0,154.0,150.5500030517578,152.8000030517578,32396
2023-10-17,BANSWRAS,154.75,155.89999389648438,152.0500030517578,153.39999389648438,57696
2023-10-18,BANSWRAS,155.5,156.89999389648438,151.0500030517578,152.14999389648438,64316
2023-10-19,BANSWRAS,152.14999389648438,157.0,150.1999969482422,156.35000610351562,89139
2023-10-20,BANSWRAS,157.85000610351562,158.0,152.39999389648438,152.8000030517578,48100
2023-10-23,BANSWRAS,152.8000030517578,155.25,137.14999389648438,140.6999969482422,149205
2023-10-25,BANSWRAS,143.89999389648438,145.10000610351562,141.85000610351562,143.35000610351562,62060
2023-10-26,BANSWRAS,144.85000610351562,149.0,138.89999389648438,148.3000030517578,52188
2023-10-27,BANSWRAS,149.0,151.1999969482422,144.8000030517578,147.25,36191
2023-10-30,BANSWRAS,145.35000610351562,149.1999969482422,142.10000610351562,143.3000030517578,49667
2023-10-31,BANSWRAS,143.89999389648438,147.5500030517578,142.75,143.85000610351562,43433
2023-10-03,BASF,2554.699951171875,2593.050048828125,2546.0,2585.14990234375,7052
2023-10-04,BASF,2585.0,2596.0,2535.0,2542.25,6924
2023-10-05,BASF,2555.0,2566.89990234375,2538.0,2546.050048828125,4324
2023-10-06,BASF,2550.0,2607.0,2470.0,2506.75,39746
2023-10-09,BASF,2522.949951171875,2526.800048828125,2484.0,2520.050048828125,7712
2023-10-10,BASF,2525.0,2555.0,2505.10009765625,2544.25,8666
2023-10-11,BASF,2548.0,2575.89990234375,2540.0,2558.949951171875,13116
2023-10-12,BASF,2558.949951171875,2598.0,2541.0,2586.800048828125,10187
2023-10-13,BASF,2584.699951171875,2607.0,2571.050048828125,2595.050048828125,7761
2023-10-16,BASF,2599.300048828125,2607.0,2575.5,2593.25,5034
2023-10-17,BASF,2606.89990234375,2637.0,2587.0,2616.300048828125,8999
2023-10-18,BASF,2618.0,2624.699951171875,2560.050048828125,2595.35009765625,6952
2023-10-19,BASF,2579.0,2616.0,2540.10009765625,2606.0,7950
2023-10-20,BASF,2614.5,2614.550048828125,2549.0,2561.85009765625,27015
2023-10-23,BASF,2574.0,2574.0,2430.0,2483.64990234375,30339
2023-10-25,BASF,2483.64990234375,2515.0,2476.550048828125,2508.800048828125,14251
2023-10-26,BASF,2505.0,2516.0,2448.949951171875,2499.449951171875,9722
2023-10-27,BASF,2512.0,2536.0,2476.0,2507.449951171875,8663
2023-10-30,BASF,2520.5,2535.699951171875,2490.449951171875,2510.449951171875,3750
2023-10-31,BASF,2523.699951171875,2553.0,2481.10009765625,2524.0,29567
2023-10-03,BASML,48.0,49.0,47.400001525878906,47.70000076293945,27855
2023-10-04,BASML,47.75,47.95000076293945,46.59999847412109,46.900001525878906,37074
2023-10-05,BASML,46.54999923706055,47.75,46.54999923706055,47.09999847412109,68763
2023-10-06,BASML,47.25,48.29999923706055,47.25,47.79999923706055,52457
2023-10-09,BASML,48.0,48.0,46.04999923706055,46.5,63363
2023-10-10,BASML,46.20000076293945,48.5,46.20000076293945,46.900001525878906,66556
2023-10-11,BASML,46.84999847412109,47.70000076293945,46.84999847412109,47.25,45677
2023-10-12,BASML,46.84999847412109,47.900001525878906,46.84999847412109,47.04999923706055,27529
2023-10-13,BASML,47.04999923706055,47.95000076293945,46.79999923706055,46.95000076293945,41540
2023-10-16,BASML,47.0,47.25,45.900001525878906,46.25,80810
2023-10-17,BASML,46.900001525878906,49.0,46.5,47.70000076293945,157099
2023-10-18,BASML,47.70000076293945,48.54999923706055,47.0,47.150001525878906,51427
2023-10-19,BASML,47.0,47.75,46.29999923706055,46.54999923706055,63021
2023-10-20,BASML,46.45000076293945,48.0,46.45000076293945,46.84999847412109,63306
2023-10-23,BASML,46.34999847412109,47.0,44.150001525878906,44.5,79006
2023-10-25,BASML,45.400001525878906,45.95000076293945,42.70000076293945,43.900001525878906,40725
2023-10-26,BASML,43.75,43.84999847412109,41.84999847412109,43.0,108548
2023-10-27,BASML,42.84999847412109,44.45000076293945,42.84999847412109,44.04999923706055,33475
2023-10-30,BASML,45.0,45.29999923706055,43.09999847412109,43.54999923706055,45127
2023-10-31,BASML,43.29999923706055,44.34999847412109,43.29999923706055,43.54999923706055,41792
2023-10-03,BATAINDIA,1610.0,1630.0,1597.5999755859375,1618.5999755859375,129609
2023-10-04,BATAINDIA,1613.4000244140625,1618.6500244140625,1600.0,1609.0999755859375,165621
2023-10-05,BATAINDIA,1607.699951171875,1625.1500244140625,1603.25,1623.699951171875,135260
2023-10-06,BATAINDIA,1624.949951171875,1630.449951171875,1612.25,1623.5999755859375,111347
2023-10-09,BATAINDIA,1600.0,1625.0,1597.0999755859375,1620.3499755859375,82661
2023-10-10,BATAINDIA,1620.550048828125,1647.0,1620.3499755859375,1644.75,141755
2023-10-11,BATAINDIA,1652.0,1666.949951171875,1631.3499755859375,1634.5,260074
2023-10-12,BATAINDIA,1638.0,1649.0,1627.25,1632.4000244140625,162761
2023-10-13,BATAINDIA,1633.0,1638.0,1610.0999755859375,1624.8499755859375,107027
2023-10-16,BATAINDIA,1624.8499755859375,1645.0,1615.0,1634.25,149743
2023-10-17,BATAINDIA,1640.0,1646.800048828125,1622.050048828125,1629.0,77181
2023-10-18,BATAINDIA,1626.5999755859375,1638.8499755859375,1614.25,1630.4000244140625,266229
2023-10-19,BATAINDIA,1622.300048828125,1628.75,1616.5,1624.550048828125,42867
2023-10-20,BATAINDIA,1615.4000244140625,1624.0,1603.25,1608.1500244140625,94137
2023-10-23,BATAINDIA,1607.949951171875,1615.0,1570.0,1573.75,117534
2023-10-25,BATAINDIA,1573.75,1632.0,1573.75,1588.5999755859375,188606
2023-10-26,BATAINDIA,1582.0,1587.0999755859375,1549.050048828125,1554.5999755859375,178383
2023-10-27,BATAINDIA,1563.300048828125,1572.699951171875,1550.25,1553.0,77824
2023-10-30,BATAINDIA,1553.0,1575.0,1535.5,1570.6500244140625,138752
2023-10-31,BATAINDIA,1575.0999755859375,1586.550048828125,1560.9000244140625,1566.050048828125,65568
2023-10-03,BAYERCROP,5368.5,5548.0,5340.4501953125,5421.39990234375,33551
2023-10-04,BAYERCROP,5439.60009765625,5439.60009765625,5350.0,5379.9501953125,6761
2023-10-05,BAYERCROP,5379.9501953125,5400.0,5270.0,5289.7001953125,13411
2023-10-06,BAYERCROP,5317.4501953125,5350.0,5270.0,5284.35009765625,7107
2023-10-09,BAYERCROP,5252.64990234375,5424.0,5225.5498046875,5390.9501953125,19417
2023-10-10,BAYERCROP,5393.7998046875,5407.89990234375,5272.60009765625,5330.0,7918
2023-10-11,BAYERCROP,5310.0,5385.0,5275.0,5295.89990234375,8103
2023-10-12,BAYERCROP,5332.39990234375,5345.0,5262.0,5276.64990234375,27937
2023-10-13,BAYERCROP,5265.7001953125,5305.35009765625,5244.9501953125,5260.2998046875,7306
2023-10-16,BAYERCROP,5278.25,5300.0,5240.60009765625,5276.7998046875,4794
2023-10-17,BAYERCROP,5303.14990234375,5303.14990234375,5218.0,5246.64990234375,7842
2023-10-18,BAYERCROP,5249.0,5272.25,5184.0,5203.14990234375,16811
2023-10-19,BAYERCROP,5175.0,5214.2001953125,5155.0,5171.14990234375,10288
2023-10-20,BAYERCROP,5175.0,5196.2998046875,5081.7998046875,5088.2998046875,5247
2023-10-23,BAYERCROP,5080.0,5125.2001953125,5004.0,5014.64990234375,20133
2023-10-25,BAYERCROP,5023.60009765625,5030.60009765625,4909.0,4941.25,7741
2023-10-26,BAYERCROP,4911.64990234375,4921.5,4821.0,4854.89990234375,9385
2023-10-27,BAYERCROP,4879.14990234375,4918.75,4830.0,4857.10009765625,10620
2023-10-30,BAYERCROP,4881.35009765625,4916.10009765625,4812.89990234375,4886.10009765625,4768
2023-10-31,BAYERCROP,4910.5,4949.0,4902.5498046875,4920.75,2841
2023-10-03,BBL,1824.0,1867.4749755859373,1806.625,1826.7249755859373,27546
2023-10-04,BBL,1835.875,1845.0,1790.0,1807.300048828125,20144
2023-10-05,BBL,1816.3499755859373,1859.925048828125,1812.550048828125,1842.8499755859373,32258
2023-10-06,BBL,1850.0,1930.699951171875,1844.050048828125,1921.449951171875,43284
2023-10-09,BBL,1921.449951171875,1934.0250244140625,1839.324951171875,1850.199951171875,28434
2023-10-10,BBL,1858.0,1915.0,1839.9749755859373,1898.4749755859373,33496
2023-10-11,BBL,1909.175048828125,1918.4749755859373,1875.0,1883.6500244140625,21716
2023-10-12,BBL,1890.7249755859373,1909.375,1837.5,1900.0,34572
2023-10-13,BBL,1878.0,1903.300048828125,1840.0,1873.6500244140625,56136
2023-10-16,BBL,1884.0250244140625,1922.7249755859373,1875.0,1885.8499755859373,17304
2023-10-17,BBL,1895.300048828125,1915.0,1890.074951171875,1907.800048828125,13452
2023-10-18,BBL,1911.824951171875,1933.25,1900.5,1920.7249755859373,16970
2023-10-19,BBL,1900.300048828125,1919.5,1882.074951171875,1908.8499755859373,61786
2023-10-20,BBL,1918.4000244140625,1936.2249755859373,1858.3499755859373,1904.2249755859373,27104
2023-10-23,BBL,1909.0,1922.25,1823.5,1850.5,41596
2023-10-25,BBL,1850.5,1892.25,1760.5,1800.925048828125,42912
2023-10-26,BBL,1773.9000244140625,1857.4749755859373,1712.5,1837.7750244140625,63522
2023-10-27,BBL,1845.0,1884.375,1818.625,1874.9749755859373,24142
2023-10-30,BBL,1885.5,1990.0,1859.5,1903.25,131302
2023-10-31,BBL,1912.5,1923.25,1867.75,1874.125,33762
2023-10-03,BBOX,184.8000030517578,200.8500061035156,184.4499969482422,197.0,392156
2023-10-04,BBOX,197.9499969482422,224.0,197.9499969482422,211.5500030517578,3930696
2023-10-05,BBOX,216.5,222.6499938964844,213.0,213.9499969482422,577259
2023-10-06,BBOX,215.8999938964844,219.75,207.1999969482422,212.75,442687
2023-10-09,BBOX,210.6499938964844,211.6499938964844,203.5,208.6999969482422,266729
2023-10-10,BBOX,210.6000061035156,211.6999969482422,202.25,203.6999969482422,209202
2023-10-11,BBOX,205.75,220.0,204.3000030517578,215.9499969482422,505956
2023-10-12,BBOX,216.9499969482422,224.0,212.8999938964844,214.8000030517578,389496
2023-10-13,BBOX,215.8999938964844,219.3500061035156,210.6999969482422,213.0500030517578,163185
2023-10-16,BBOX,213.0,213.8500061035156,208.1000061035156,208.8500061035156,134322
2023-10-17,BBOX,210.6999969482422,213.6000061035156,204.0,205.1999969482422,166141
2023-10-18,BBOX,205.6000061035156,210.75,201.0,203.8500061035156,186903
2023-10-19,BBOX,203.8500061035156,209.0,200.6999969482422,206.8500061035156,123147
2023-10-20,BBOX,209.0,210.1999969482422,202.0,204.75,115350
2023-10-23,BBOX,206.0,207.9499969482422,197.6499938964844,204.8500061035156,288949
2023-10-25,BBOX,208.0,218.8000030517578,203.1999969482422,206.0,282392
2023-10-26,BBOX,205.9499969482422,225.0,198.5500030517578,220.8500061035156,965165
2023-10-27,BBOX,223.3999938964844,253.4499969482422,221.6999969482422,246.8999938964844,3662944
2023-10-30,BBOX,248.8000030517578,262.0,238.1000061035156,252.25,1414973
2023-10-31,BBOX,253.9499969482422,257.79998779296875,241.3500061035156,243.1999969482422,397509
2023-10-03,BBTC,1256.050048828125,1256.050048828125,1230.0,1237.0,58899
2023-10-04,BBTC,1238.699951171875,1247.949951171875,1214.1500244140625,1237.0,63975
2023-10-05,BBTC,1239.0,1252.050048828125,1228.949951171875,1234.1500244140625,35172
2023-10-06,BBTC,1239.699951171875,1254.9000244140625,1224.050048828125,1243.300048828125,44811
2023-10-09,BBTC,1226.0,1264.699951171875,1220.0,1243.6500244140625,72212
2023-10-10,BBTC,1243.25,1262.0,1238.050048828125,1240.6500244140625,64968
2023-10-11,BBTC,1251.300048828125,1273.800048828125,1239.0,1240.3499755859375,55588
2023-10-12,BBTC,1247.0,1256.6500244140625,1223.9000244140625,1228.9000244140625,39901
2023-10-13,BBTC,1220.4000244140625,1227.9000244140625,1175.0,1185.6500244140625,75580
2023-10-16,BBTC,1185.6500244140625,1210.0,1175.050048828125,1184.449951171875,57598
2023-10-17,BBTC,1200.0,1206.0,1191.1500244140625,1194.9000244140625,41790
2023-10-18,BBTC,1194.0,1199.25,1172.0,1174.800048828125,37202
2023-10-19,BBTC,1174.0,1202.6500244140625,1166.6500244140625,1182.699951171875,48813
2023-10-20,BBTC,1182.0,1419.199951171875,1182.0,1419.199951171875,2397848
2023-10-23,BBTC,1475.0,1512.449951171875,1351.0,1427.5,2666853
2023-10-25,BBTC,1420.949951171875,1444.5999755859375,1340.050048828125,1410.199951171875,580208
2023-10-26,BBTC,1420.0,1438.0,1357.0,1419.0999755859375,403687
2023-10-27,BBTC,1403.550048828125,1475.0,1403.550048828125,1458.550048828125,414427
2023-10-30,BBTC,1450.0,1452.0,1410.0999755859375,1422.5,155131
2023-10-31,BBTC,1420.0,1440.75,1332.550048828125,1353.8499755859375,253222
2023-10-03,BBTCL,257.1000061035156,260.20001220703125,250.5500030517578,253.0500030517578,6144
2023-10-04,BBTCL,253.0500030517578,253.1999969482422,242.0,243.1999969482422,5092
2023-10-05,BBTCL,244.0500030517578,248.0,244.0500030517578,246.6000061035156,2534
2023-10-06,BBTCL,248.0,253.4499969482422,244.4499969482422,246.9499969482422,3718
2023-10-09,BBTCL,274.0,284.0,246.8999938964844,267.29998779296875,213715
2023-10-10,BBTCL,269.0,272.0,263.0,267.20001220703125,16849
2023-10-11,BBTCL,274.79998779296875,278.25,265.70001220703125,268.6499938964844,39734
2023-10-12,BBTCL,267.04998779296875,267.8999938964844,256.3500061035156,259.0,7951
2023-10-13,BBTCL,259.0,265.04998779296875,247.8500061035156,251.6999969482422,8438
2023-10-16,BBTCL,248.0,258.75,248.0,255.9499969482422,7241
2023-10-17,BBTCL,252.1000061035156,256.95001220703125,251.1000061035156,252.9499969482422,8655
2023-10-18,BBTCL,256.5,257.70001220703125,246.0,251.25,7615
2023-10-19,BBTCL,251.0,260.0,246.8000030517578,256.3999938964844,4095
2023-10-20,BBTCL,258.0,258.0,250.3500061035156,253.1000061035156,1649
2023-10-23,BBTCL,254.1999969482422,254.1999969482422,243.6000061035156,246.1999969482422,6514
2023-10-25,BBTCL,244.1999969482422,249.4499969482422,237.3999938964844,241.8500061035156,6670
2023-10-26,BBTCL,242.0,247.8000030517578,235.1000061035156,241.5500030517578,18855
2023-10-27,BBTCL,248.0,255.0,242.6000061035156,247.8000030517578,6391
2023-10-30,BBTCL,250.25,251.1999969482422,245.3500061035156,247.0500030517578,1696
2023-10-31,BBTCL,248.3500061035156,248.3500061035156,241.5500030517578,243.5,2638
2023-10-03,BCG,19.049999237060547,19.39999961853028,18.600000381469727,18.950000762939453,19311392
2023-10-04,BCG,18.950000762939453,19.39999961853028,18.600000381469727,19.0,14730546
2023-10-05,BCG,19.100000381469727,19.39999961853028,18.600000381469727,18.75,14822492
2023-10-06,BCG,18.850000381469727,19.049999237060547,17.850000381469727,17.850000381469727,16103835
2023-10-09,BCG,16.950000762939453,17.350000381469727,16.950000762939453,16.950000762939453,16767162
2023-10-10,BCG,16.549999237060547,17.700000762939453,16.299999237060547,16.899999618530273,14700227
2023-10-11,BCG,16.950000762939453,17.149999618530273,16.75,16.950000762939453,6806188
2023-10-12,BCG,17.149999618530273,17.75,17.049999237060547,17.75,16193747
2023-10-13,BCG,18.0,18.600000381469727,17.899999618530273,17.950000762939453,14486318
2023-10-16,BCG,18.049999237060547,18.25,17.100000381469727,17.5,11198142
2023-10-17,BCG,17.600000381469727,18.0,17.549999237060547,17.700000762939453,6687040
2023-10-18,BCG,17.75,17.850000381469727,17.049999237060547,17.200000762939453,7600990
2023-10-19,BCG,17.399999618530273,17.450000762939453,16.799999237060547,16.950000762939453,8103352
2023-10-20,BCG,16.850000381469727,17.549999237060547,16.549999237060547,16.600000381469727,9909220
2023-10-23,BCG,17.0,17.0,15.800000190734863,15.800000190734863,12394462
2023-10-25,BCG,15.800000190734863,16.149999618530273,15.050000190734863,15.25,7689401
2023-10-26,BCG,15.25,16.0,14.5,16.0,13283251
2023-10-27,BCG,16.600000381469727,16.799999237060547,16.549999237060547,16.799999237060547,12783657
2023-10-30,BCG,16.549999237060547,16.600000381469727,16.0,16.100000381469727,12450940
2023-10-31,BCG,16.200000762939453,16.899999618530273,16.149999618530273,16.75,14140252
2023-10-03,BCLIND,53.494998931884766,54.20000076293945,50.900001525878906,51.5099983215332,1425330
2023-10-04,BCLIND,51.79999923706055,51.79999923706055,49.220001220703125,49.48500061035156,2326680
2023-10-05,BCLIND,51.29999923706055,52.9900016784668,50.56999969482422,52.4900016784668,2461830
2023-10-06,BCLIND,53.29999923706055,54.66999816894531,53.21500015258789,53.67499923706055,2676620
2023-10-09,BCLIND,53.59999847412109,55.09999847412109,52.25,53.72499847412109,2697990
2023-10-10,BCLIND,54.28499984741211,54.70500183105469,53.09999847412109,53.415000915527344,793260
2023-10-11,BCLIND,53.380001068115234,54.244998931884766,53.04499816894531,53.165000915527344,891070
2023-10-12,BCLIND,53.994998931884766,53.994998931884766,52.380001068115234,53.0099983215332,999230
2023-10-13,BCLIND,53.244998931884766,53.25,52.29999923706055,52.40999984741211,488840
2023-10-16,BCLIND,52.994998931884766,53.20000076293945,51.79999923706055,51.875,721330
2023-10-17,BCLIND,52.400001525878906,52.97499847412109,51.845001220703125,52.0,666700
2023-10-18,BCLIND,52.17499923706055,52.4900016784668,51.70000076293945,52.005001068115234,1341420
2023-10-19,BCLIND,51.59999847412109,52.86000061035156,51.59999847412109,52.165000915527344,1426510
2023-10-20,BCLIND,52.09999847412109,52.59999847412109,52.02999877929688,52.119998931884766,1101970
2023-10-23,BCLIND,52.09999847412109,52.595001220703125,50.0,50.130001068115234,1214010
2023-10-25,BCLIND,50.59000015258789,50.900001525878906,45.1349983215332,48.5099983215332,2007820
2023-10-26,BCLIND,48.20000076293945,51.40499877929688,46.81499862670898,50.90999984741211,1981430
2023-10-27,BCLIND,51.900001525878906,53.70000076293945,49.79999923706055,50.79999923706055,1180473
2023-10-30,BCLIND,50.0,50.70000076293945,48.25,49.84999847412109,535395
2023-10-31,BCLIND,49.900001525878906,50.04999923706055,48.45000076293945,48.59999847412109,334450
2023-10-03,BCONCEPTS,485.0,499.0,477.1000061035156,493.3999938964844,17765
2023-10-04,BCONCEPTS,505.0,505.0,468.75,476.4500122070313,5781
2023-10-05,BCONCEPTS,475.0,481.3999938964844,466.9500122070313,475.0,3153
2023-10-06,BCONCEPTS,473.0,476.1499938964844,473.0,473.0,3360
2023-10-09,BCONCEPTS,463.5499877929688,469.0,463.5499877929688,463.5499877929688,1614
2023-10-10,BCONCEPTS,460.1000061035156,464.0,460.1000061035156,460.1000061035156,3310
2023-10-11,BCONCEPTS,469.2999877929688,469.2999877929688,464.0,469.2999877929688,5788
2023-10-12,BCONCEPTS,478.6499938964844,478.6499938964844,478.2999877929688,478.6499938964844,55167
2023-10-13,BCONCEPTS,488.2000122070313,488.2000122070313,488.2000122070313,488.2000122070313,3744
2023-10-16,BCONCEPTS,497.9500122070313,497.9500122070313,497.9500122070313,497.9500122070313,5236
2023-10-17,BCONCEPTS,507.8999938964844,507.8999938964844,500.0,507.8999938964844,3521
2023-10-18,BCONCEPTS,500.0,510.0,497.75,500.0,3162
2023-10-19,BCONCEPTS,498.0,498.0,489.5499877929688,498.0,1758
2023-10-20,BCONCEPTS,490.0,498.0,490.0,490.0,1779
2023-10-23,BCONCEPTS,480.2000122070313,481.1000061035156,480.2000122070313,480.2000122070313,4543
2023-10-25,BCONCEPTS,475.5,489.0,475.5,475.5,2350
2023-10-26,BCONCEPTS,466.0,474.0,466.0,466.0,2757
2023-10-27,BCONCEPTS,474.75,475.0,474.0,474.75,2456
2023-10-30,BCONCEPTS,466.0,470.0,465.3500061035156,466.0,3615
2023-10-31,BCONCEPTS,475.0,475.0,466.0,475.0,426
2023-10-03,BDL,513.0250244140625,513.9500122070312,508.0750122070313,510.6000061035156,521720
2023-10-04,BDL,509.625,510.0249938964844,486.6000061035156,489.75,1769262
2023-10-05,BDL,495.0,520.9749755859375,494.0249938964844,500.8250122070313,3123944
2023-10-06,BDL,503.2999877929688,506.3250122070313,495.5249938964844,497.9500122070313,873316
2023-10-09,BDL,497.9500122070313,512.4500122070312,488.4500122070313,501.8250122070313,1652502
2023-10-10,BDL,507.5,517.9000244140625,507.5,515.1500244140625,1677882
2023-10-11,BDL,520.0,521.5,513.2999877929688,516.5499877929688,594952
2023-10-12,BDL,517.9500122070312,519.1500244140625,499.3999938964844,503.2000122070313,995190
2023-10-13,BDL,502.5,506.75,498.9750061035156,500.7000122070313,764248
2023-10-16,BDL,502.0,506.5,495.0,500.8999938964844,763100
2023-10-17,BDL,502.9750061035156,509.0,500.5249938964844,507.2999877929688,767106
2023-10-18,BDL,509.0,509.75,501.5750122070313,505.5750122070313,463982
2023-10-19,BDL,503.3250122070313,506.0,500.0249938964844,502.5,269172
2023-10-20,BDL,502.8999938964844,505.6749877929688,498.0,500.6749877929688,318418
2023-10-23,BDL,501.8500061035156,504.0,480.0,484.9500122070313,820660
2023-10-25,BDL,485.0,490.0,450.0,467.1000061035156,1813424
2023-10-26,BDL,466.5,481.0249938964844,450.5,479.2999877929688,1491682
2023-10-27,BDL,481.7999877929688,492.5,475.625,482.5750122070313,752344
2023-10-30,BDL,484.9750061035156,487.3500061035156,477.2749938964844,481.6499938964844,319886
2023-10-31,BDL,482.5,488.625,481.5,487.0750122070313,326688
2023-10-03,BEARDSELL,36.0,36.0,34.0,35.04999923706055,52561
2023-10-04,BEARDSELL,35.099998474121094,36.0,34.099998474121094,35.45000076293945,52965
2023-10-05,BEARDSELL,35.5,37.20000076293945,34.5,36.900001525878906,93630
2023-10-06,BEARDSELL,37.20000076293945,38.70000076293945,36.34999847412109,38.70000076293945,114514
2023-10-09,BEARDSELL,40.59999847412109,40.59999847412109,38.0,40.5,218808
2023-10-10,BEARDSELL,40.0,42.5,39.5,42.5,120599
2023-10-11,BEARDSELL,43.59999847412109,44.59999847412109,42.54999923706055,43.900001525878906,230866
2023-10-12,BEARDSELL,45.84999847412109,46.04999923706055,41.70000076293945,46.04999923706055,213890
2023-10-13,BEARDSELL,47.0,48.34999847412109,44.5,47.95000076293945,169585
2023-10-16,BEARDSELL,48.900001525878906,49.5,45.54999923706055,45.54999923706055,156639
2023-10-17,BEARDSELL,43.34999847412109,45.400001525878906,43.29999923706055,43.95000076293945,201782
2023-10-18,BEARDSELL,43.95000076293945,44.5,41.75,41.95000076293945,90751
2023-10-19,BEARDSELL,41.95000076293945,41.95000076293945,39.84999847412109,40.5,111430
2023-10-20,BEARDSELL,40.5,42.0,39.84999847412109,40.95000076293945,51596
2023-10-23,BEARDSELL,42.0,42.95000076293945,40.70000076293945,41.54999923706055,108213
2023-10-25,BEARDSELL,42.650001525878906,43.400001525878906,39.5,39.5,90212
2023-10-26,BEARDSELL,39.95000076293945,41.45000076293945,37.54999923706055,41.25,99102
2023-10-27,BEARDSELL,41.900001525878906,43.29999923706055,41.400001525878906,43.25,83900
2023-10-30,BEARDSELL,44.5,44.5,41.09999847412109,41.54999923706055,48843
2023-10-31,BEARDSELL,43.0,43.59999847412109,40.0,42.900001525878906,63887
2023-10-03,BECTORFOOD,209.7400054931641,210.17999267578125,206.8099975585937,209.0200042724609,403825
2023-10-04,BECTORFOOD,208.6100006103516,208.8000030517578,200.5500030517578,205.8699951171875,256150
2023-10-05,BECTORFOOD,208.0,209.6699981689453,205.77999877929688,207.9499969482422,211465
2023-10-06,BECTORFOOD,209.3999938964844,209.3999938964844,205.4199981689453,207.6600036621093,191360
2023-10-09,BECTORFOOD,207.22000122070312,215.1999969482422,200.009994506836,210.08999633789065,637070
2023-10-10,BECTORFOOD,211.63999938964844,218.2100067138672,210.1100006103516,215.8999938964844,760155
2023-10-11,BECTORFOOD,217.9600067138672,221.7899932861328,215.0,216.6999969482422,953835
2023-10-12,BECTORFOOD,217.3999938964844,237.759994506836,217.3999938964844,234.6699981689453,2498915
2023-10-13,BECTORFOOD,233.8000030517578,239.1000061035156,230.02999877929688,231.5200042724609,1371265
2023-10-16,BECTORFOOD,233.3999938964844,233.3999938964844,225.6600036621093,226.5500030517578,531460
2023-10-17,BECTORFOOD,230.7400054931641,230.9600067138672,224.0500030517578,229.6699981689453,687040
2023-10-18,BECTORFOOD,229.6699981689453,233.1999969482422,224.3999938964844,231.8600006103516,871465
2023-10-19,BECTORFOOD,230.9900054931641,236.759994506836,227.1300048828125,229.5200042724609,885580
2023-10-20,BECTORFOOD,230.1300048828125,232.8000030517578,228.25,229.47000122070312,362600
2023-10-23,BECTORFOOD,229.0,231.0,206.4499969482422,213.0200042724609,969230
2023-10-25,BECTORFOOD,214.97999572753903,221.9900054931641,193.6100006103516,196.4600067138672,3276540
2023-10-26,BECTORFOOD,196.3999938964844,217.9600067138672,192.6199951171875,214.3099975585937,3577000
2023-10-27,BECTORFOOD,214.8999938964844,222.19000244140625,209.0,219.0800018310547,1337040
2023-10-30,BECTORFOOD,218.33999633789065,230.67999267578125,214.009994506836,225.3600006103516,1697485
2023-10-31,BECTORFOOD,225.0,229.3600006103516,222.3600006103516,224.1300048828125,434540
2023-10-03,BEDMUTHA,124.4000015258789,125.6999969482422,121.5,125.6999969482422,114343
2023-10-04,BEDMUTHA,131.9499969482422,131.9499969482422,128.0,131.9499969482422,203382
2023-10-05,BEDMUTHA,134.0,138.5,125.3499984741211,138.5,235246
2023-10-06,BEDMUTHA,145.0,145.39999389648438,144.85000610351562,145.39999389648438,86457
2023-10-09,BEDMUTHA,149.39999389648438,152.64999389648438,139.0500030517578,152.60000610351562,143347
2023-10-10,BEDMUTHA,157.0,159.0,146.0,155.89999389648438,165902
2023-10-11,BEDMUTHA,152.8000030517578,152.8000030517578,152.8000030517578,152.8000030517578,30701
2023-10-12,BEDMUTHA,149.75,149.75,149.75,149.75,10737
2023-10-13,BEDMUTHA,146.75,146.75,146.75,146.75,5387
2023-10-16,BEDMUTHA,143.89999389648438,143.89999389648438,143.85000610351562,143.89999389648438,76535
2023-10-17,BEDMUTHA,141.0500030517578,141.10000610351562,141.0500030517578,141.0500030517578,20728
2023-10-18,BEDMUTHA,138.25,138.25,138.25,138.25,10420
2023-10-19,BEDMUTHA,135.5,135.5,135.5,135.5,12397
2023-10-20,BEDMUTHA,132.8000030517578,132.8000030517578,132.8000030517578,132.8000030517578,8248
2023-10-23,BEDMUTHA,130.14999389648438,130.14999389648438,130.14999389648438,130.14999389648438,1498
2023-10-25,BEDMUTHA,127.5500030517578,127.5500030517578,127.5500030517578,127.5500030517578,18350
2023-10-26,BEDMUTHA,125.0,125.0,125.0,125.0,17099
2023-10-27,BEDMUTHA,127.5,127.5,125.0,127.5,20734
2023-10-30,BEDMUTHA,130.0500030517578,130.0500030517578,130.0500030517578,130.0500030517578,38470
2023-10-31,BEDMUTHA,132.64999389648438,132.64999389648438,132.64999389648438,132.64999389648438,1997
2023-10-03,BEL,137.89999389648438,140.60000610351562,137.1999969482422,139.1999969482422,19010910
2023-10-04,BEL,138.0,139.14999389648438,136.5500030517578,138.85000610351562,14912053
2023-10-05,BEL,139.5,141.35000610351562,138.10000610351562,138.9499969482422,15996620
2023-10-06,BEL,139.0,140.5,138.64999389648438,139.0,4987359
2023-10-09,BEL,136.1999969482422,137.60000610351562,135.0500030517578,135.75,10489249
2023-10-10,BEL,137.39999389648438,141.0,136.5,139.9499969482422,15593722
2023-10-11,BEL,139.9499969482422,140.5,137.5,137.75,10778916
2023-10-12,BEL,137.9499969482422,138.6999969482422,137.1999969482422,138.1999969482422,7567439
2023-10-13,BEL,136.3000030517578,138.1999969482422,136.3000030517578,137.4499969482422,8303230
2023-10-16,BEL,137.0,137.89999389648438,136.5500030517578,137.39999389648438,7785480
2023-10-17,BEL,137.5,138.89999389648438,137.5,138.5500030517578,6076896
2023-10-18,BEL,138.75,138.9499969482422,136.39999389648438,137.0500030517578,6806231
2023-10-19,BEL,136.0,137.1999969482422,135.0500030517578,137.0,7775836
2023-10-20,BEL,136.6999969482422,136.89999389648438,133.5,134.1999969482422,8982112
2023-10-23,BEL,134.3000030517578,135.89999389648438,131.39999389648438,132.6999969482422,19333777
2023-10-25,BEL,132.5,134.64999389648438,129.25,131.1999969482422,10225867
2023-10-26,BEL,130.0,130.1999969482422,127.0,128.85000610351562,18167694
2023-10-27,BEL,129.25,132.85000610351562,129.25,132.1999969482422,8761931
2023-10-30,BEL,133.5,133.9499969482422,130.8000030517578,131.9499969482422,9052085
2023-10-31,BEL,132.5,133.64999389648438,130.75,133.25,8098744
2023-10-03,BEML,1164.199951171875,1166.9749755859375,1152.0,1155.4000244140625,362226
2023-10-04,BEML,1145.050048828125,1180.0,1139.800048828125,1158.2249755859375,414432
2023-10-05,BEML,1164.949951171875,1188.199951171875,1150.0,1155.699951171875,321282
2023-10-06,BEML,1164.449951171875,1175.2750244140625,1140.0,1166.3499755859375,454358
2023-10-09,BEML,1182.5,1193.0,1140.5,1146.425048828125,634580
2023-10-10,BEML,1156.0,1172.9749755859375,1147.675048828125,1167.574951171875,278088
2023-10-11,BEML,1170.574951171875,1181.0,1162.5250244140625,1166.324951171875,249880
2023-10-12,BEML,1171.949951171875,1179.324951171875,1162.425048828125,1165.550048828125,142990
2023-10-13,BEML,1165.0,1166.625,1143.0,1148.449951171875,183774
2023-10-16,BEML,1149.949951171875,1219.0,1149.925048828125,1208.050048828125,1145998
2023-10-17,BEML,1214.0999755859375,1223.0,1187.9000244140625,1194.949951171875,382042
2023-10-18,BEML,1197.9749755859375,1204.949951171875,1151.2750244140625,1154.425048828125,400312
2023-10-19,BEML,1155.5,1176.5,1154.0,1170.9749755859375,230830
2023-10-20,BEML,1170.4749755859375,1172.2249755859375,1140.0,1145.5,232422
2023-10-23,BEML,1142.5,1149.5,1015.8250122070312,1029.4749755859375,867460
2023-10-25,BEML,1069.949951171875,1069.949951171875,978.0999755859376,998.7750244140624,868498
2023-10-26,BEML,999.5,1007.9749755859376,952.5250244140624,985.875,600756
2023-10-27,BEML,997.4749755859376,1023.0,990.7750244140624,1005.2750244140624,344436
2023-10-30,BEML,1009.875,1014.9749755859376,992.6500244140624,1007.1500244140624,189900
2023-10-31,BEML,1016.8499755859376,1049.5,1003.5499877929688,1010.375,425708
2023-10-03,BEPL,88.0,89.05000305175781,86.9000015258789,87.44999694824219,433984
2023-10-04,BEPL,87.19999694824219,89.0,86.0,87.69999694824219,576701
2023-10-05,BEPL,88.25,94.3000030517578,88.25,93.6500015258789,2673998
2023-10-06,BEPL,94.0,94.4000015258789,92.25,93.25,691234
2023-10-09,BEPL,90.0999984741211,92.5,89.05000305175781,90.4000015258789,659425
2023-10-10,BEPL,90.8000030517578,92.5,90.8000030517578,91.8499984741211,317657
2023-10-11,BEPL,92.0,93.5999984741211,91.0500030517578,91.6999969482422,626383
2023-10-12,BEPL,92.9000015258789,93.6999969482422,92.0999984741211,92.8499984741211,466458
2023-10-13,BEPL,92.8000030517578,96.0,92.5500030517578,93.3000030517578,1878565
2023-10-16,BEPL,93.5,95.5500030517578,92.9499969482422,94.5,719411
2023-10-17,BEPL,95.25,95.5500030517578,93.0999984741211,93.5500030517578,391430
2023-10-18,BEPL,93.8499984741211,94.4000015258789,91.8499984741211,92.0999984741211,388257
2023-10-19,BEPL,91.9000015258789,93.9499969482422,91.5999984741211,93.3000030517578,410228
2023-10-20,BEPL,93.3499984741211,96.9499969482422,91.75,93.6999969482422,2045047
2023-10-23,BEPL,96.1500015258789,96.8000030517578,87.80000305175781,88.25,1449142
2023-10-25,BEPL,88.94999694824219,90.6500015258789,85.0999984741211,86.1500015258789,599226
2023-10-26,BEPL,86.1500015258789,88.30000305175781,83.94999694824219,87.94999694824219,498720
2023-10-27,BEPL,88.1500015258789,90.25,88.1500015258789,88.9000015258789,379679
2023-10-30,BEPL,89.1500015258789,89.75,86.19999694824219,87.05000305175781,524657
2023-10-31,BEPL,88.0,88.19999694824219,86.5999984741211,87.0999984741211,254199
2023-10-03,BERGEPAINT,573.4000244140625,575.8499755859375,560.0499877929688,561.5,1758429
2023-10-04,BERGEPAINT,561.5,564.4000244140625,555.2000122070312,560.25,871451
2023-10-05,BERGEPAINT,567.0,568.6500244140625,561.8499755859375,563.2000122070312,754638
2023-10-06,BERGEPAINT,566.9000244140625,568.0,561.0,565.3499755859375,439072
2023-10-09,BERGEPAINT,555.0,565.25,553.0,562.7999877929688,798497
2023-10-10,BERGEPAINT,567.7000122070312,567.7000122070312,559.0,561.7999877929688,493565
2023-10-11,BERGEPAINT,566.4500122070312,567.4000244140625,559.5,560.8499755859375,558543
2023-10-12,BERGEPAINT,561.75,568.5499877929688,561.5999755859375,565.8499755859375,582423
2023-10-13,BERGEPAINT,564.9000244140625,572.25,561.5499877929688,568.25,902939
2023-10-16,BERGEPAINT,564.9000244140625,571.4500122070312,560.25,569.2000122070312,928701
2023-10-17,BERGEPAINT,572.0,575.0,567.1500244140625,573.9500122070312,758296
2023-10-18,BERGEPAINT,575.0,578.1500244140625,570.4000244140625,572.3499755859375,869903
2023-10-19,BERGEPAINT,571.0,577.75,566.0,576.2999877929688,715364
2023-10-20,BERGEPAINT,572.0,585.9000244140625,571.0499877929688,584.25,909357
2023-10-23,BERGEPAINT,585.0499877929688,585.0499877929688,569.2000122070312,570.5,788489
2023-10-25,BERGEPAINT,572.0499877929688,578.5499877929688,560.8499755859375,563.2000122070312,1591076
2023-10-26,BERGEPAINT,559.2000122070312,561.9500122070312,533.0999755859375,537.75,3216925
2023-10-27,BERGEPAINT,539.9500122070312,546.9000244140625,535.9500122070312,537.5499877929688,2250687
2023-10-30,BERGEPAINT,535.0,547.1500244140625,534.5,545.75,992646
2023-10-31,BERGEPAINT,549.2999877929688,563.0,548.25,558.5999755859375,1354517
2023-10-03,BESTAGRO,75.44999694824219,75.44999694824219,75.44999694824219,75.44999694824219,0
2023-10-04,BESTAGRO,75.44999694824219,75.44999694824219,75.44999694824219,75.44999694824219,0
2023-10-05,BESTAGRO,75.44999694824219,75.44999694824219,75.44999694824219,75.44999694824219,0
2023-10-06,BESTAGRO,75.44999694824219,75.44999694824219,75.44999694824219,75.44999694824219,0
2023-10-09,BESTAGRO,75.44999694824219,75.44999694824219,75.44999694824219,75.44999694824219,0
2023-10-10,BESTAGRO,75.44999694824219,75.44999694824219,75.44999694824219,75.44999694824219,0
2023-10-11,BESTAGRO,75.44999694824219,75.44999694824219,75.44999694824219,75.44999694824219,0
2023-10-12,BESTAGRO,75.44999694824219,75.44999694824219,75.44999694824219,75.44999694824219,0
2023-10-13,BESTAGRO,75.44999694824219,75.44999694824219,75.44999694824219,75.44999694824219,0
2023-10-16,BESTAGRO,75.44999694824219,75.44999694824219,75.44999694824219,75.44999694824219,0
2023-10-17,BESTAGRO,75.44999694824219,75.44999694824219,75.44999694824219,75.44999694824219,0
2023-10-18,BESTAGRO,75.44999694824219,75.44999694824219,75.44999694824219,75.44999694824219,0
2023-10-19,BESTAGRO,75.44999694824219,75.44999694824219,75.44999694824219,75.44999694824219,0
2023-10-20,BESTAGRO,75.44999694824219,75.44999694824219,75.44999694824219,75.44999694824219,0
2023-10-23,BESTAGRO,75.44999694824219,75.44999694824219,75.44999694824219,75.44999694824219,0
2023-10-25,BESTAGRO,75.44999694824219,75.44999694824219,75.44999694824219,75.44999694824219,0
2023-10-26,BESTAGRO,75.44999694824219,75.44999694824219,75.44999694824219,75.44999694824219,0
2023-10-27,BESTAGRO,75.44999694824219,75.44999694824219,75.44999694824219,75.44999694824219,0
2023-10-30,BESTAGRO,75.44999694824219,75.44999694824219,75.44999694824219,75.44999694824219,0
2023-10-31,BESTAGRO,75.44999694824219,75.44999694824219,75.44999694824219,75.44999694824219,0
2023-10-03,BETA,1020.0,1020.0,1000.0,1000.3499755859376,1800
2023-10-04,BETA,1000.0,1000.0,982.0,985.7000122070312,1800
2023-10-05,BETA,1007.9000244140624,1015.0,1007.9000244140624,1015.0,600
2023-10-06,BETA,990.0,1020.0,966.5999755859376,1010.0,4800
2023-10-09,BETA,1010.0,1010.0,1010.0,1010.0,1000
2023-10-10,BETA,995.0,1004.9500122070312,995.0,1004.0,1200
2023-10-11,BETA,1009.5,1014.0,1000.0,1005.0,4200
2023-10-12,BETA,1007.0,1020.0,996.1500244140624,996.5499877929688,4800
2023-10-13,BETA,1005.0,1005.0,982.0499877929688,990.0,3800
2023-10-16,BETA,990.0,1000.0,955.7999877929688,955.7999877929688,3200
2023-10-17,BETA,971.0499877929688,988.0,971.0,974.5,2000
2023-10-18,BETA,980.0,980.0,965.0,965.0,2000
2023-10-19,BETA,965.0,965.0,945.0,950.0,3000
2023-10-20,BETA,955.0,955.0,911.0,918.5499877929688,3400
2023-10-23,BETA,930.0999755859376,930.0999755859376,895.0,902.2000122070312,10000
2023-10-25,BETA,903.4500122070312,928.4500122070312,903.0,916.7999877929688,6000
2023-10-26,BETA,930.0,957.0,892.3499755859375,905.0,6200
2023-10-27,BETA,910.25,964.5,910.25,927.0,2800
2023-10-30,BETA,920.0,994.0,920.0,971.25,6500
2023-10-31,BETA,971.5,993.0,965.2999877929688,990.0,3300
2023-10-03,BFINVEST,518.75,522.0,510.1499938964844,513.9500122070312,25103
2023-10-04,BFINVEST,516.0,519.7999877929688,506.4500122070313,513.6500244140625,36607
2023-10-05,BFINVEST,518.0,536.5999755859375,512.2999877929688,521.25,97481
2023-10-06,BFINVEST,524.2999877929688,527.7999877929688,513.9000244140625,514.9500122070312,27571
2023-10-09,BFINVEST,508.5,510.7999877929688,492.0,494.7000122070313,29695
2023-10-10,BFINVEST,497.2000122070313,514.7000122070312,497.2000122070313,508.0,47738
2023-10-11,BFINVEST,510.0,516.4500122070312,504.8999938964844,505.6499938964844,44913
2023-10-12,BFINVEST,507.8999938964844,509.2999877929688,500.1000061035156,504.5,19976
2023-10-13,BFINVEST,504.3999938964844,526.8499755859375,502.2999877929688,512.6500244140625,114850
2023-10-16,BFINVEST,513.5,526.0,507.2999877929688,510.1499938964844,50466
2023-10-17,BFINVEST,512.75,534.0,512.25,526.25,60952
2023-10-18,BFINVEST,528.9000244140625,537.5,503.6000061035156,507.0,79513
2023-10-19,BFINVEST,508.3999938964844,528.0,505.5499877929688,522.9000244140625,99373
2023-10-20,BFINVEST,524.6500244140625,529.9000244140625,505.0,506.2999877929688,59078
2023-10-23,BFINVEST,507.6000061035156,513.0,464.8999938964844,478.1499938964844,54756
2023-10-25,BFINVEST,479.0,484.5,457.1000061035156,461.25,57815
2023-10-26,BFINVEST,458.0,469.7999877929688,447.0,465.3999938964844,36038
2023-10-27,BFINVEST,467.75,484.7999877929688,467.75,481.8500061035156,22133
2023-10-30,BFINVEST,480.2999877929688,503.0,475.1000061035156,496.4500122070313,58726
2023-10-31,BFINVEST,494.25,501.7999877929688,485.1000061035156,489.3999938964844,57077
2023-10-03,BFUTILITIE,650.9500122070312,650.9500122070312,619.0,624.25,117180
2023-10-04,BFUTILITIE,618.8499755859375,629.7000122070312,602.5499877929688,604.5999755859375,204616
2023-10-05,BFUTILITIE,607.9500122070312,634.7999877929688,606.0,634.7999877929688,160933
2023-10-06,BFUTILITIE,652.0,652.0,615.2999877929688,632.1500244140625,181603
2023-10-09,BFUTILITIE,625.0,626.0,600.5499877929688,603.0,92187
2023-10-10,BFUTILITIE,607.9500122070312,633.0,607.9500122070312,618.7999877929688,139195
2023-10-11,BFUTILITIE,625.7999877929688,638.0,617.0,620.5,116645
2023-10-12,BFUTILITIE,622.4500122070312,628.0,607.7000122070312,612.8499755859375,44603
2023-10-13,BFUTILITIE,611.75,643.4500122070312,609.5,638.4000244140625,380522
2023-10-16,BFUTILITIE,646.2999877929688,668.0,642.0999755859375,645.6500244140625,217430
2023-10-17,BFUTILITIE,650.0,658.9500122070312,638.0,643.5499877929688,106392
2023-10-18,BFUTILITIE,651.0,652.25,612.0,619.2000122070312,119480
2023-10-19,BFUTILITIE,619.9000244140625,650.0,617.0,644.5999755859375,323151
2023-10-20,BFUTILITIE,644.0,648.0,618.8499755859375,622.1500244140625,279097
2023-10-23,BFUTILITIE,619.0499877929688,623.9000244140625,591.0499877929688,591.0499877929688,92806
2023-10-25,BFUTILITIE,585.2000122070312,592.0999755859375,561.5,561.5,152932
2023-10-26,BFUTILITIE,543.75,579.0,537.1500244140625,573.0999755859375,185771
2023-10-27,BFUTILITIE,576.9000244140625,587.7999877929688,569.9500122070312,583.1500244140625,129069
2023-10-30,BFUTILITIE,581.0,612.2999877929688,576.0,610.5,254665
2023-10-31,BFUTILITIE,614.0,640.7999877929688,604.0,625.2999877929688,178603
2023-10-03,BGRENERGY,71.3499984741211,71.3499984741211,69.3499984741211,70.94999694824219,345655
2023-10-04,BGRENERGY,70.19999694824219,70.9000015258789,68.0999984741211,68.55000305175781,216589
2023-10-05,BGRENERGY,69.0,70.1500015258789,68.05000305175781,69.19999694824219,232622
2023-10-06,BGRENERGY,69.5999984741211,74.5,69.4000015258789,72.5,1275926
2023-10-09,BGRENERGY,70.0999984741211,71.0999984741211,68.55000305175781,69.1500015258789,436342
2023-10-10,BGRENERGY,69.69999694824219,79.30000305175781,69.5,77.55000305175781,4990341
2023-10-11,BGRENERGY,78.19999694824219,80.69999694824219,78.0999984741211,78.75,2462101
2023-10-12,BGRENERGY,78.5,78.9000015258789,76.8499984741211,77.25,541449
2023-10-13,BGRENERGY,82.0,83.9000015258789,81.30000305175781,82.69999694824219,6302817
2023-10-16,BGRENERGY,83.19999694824219,84.30000305175781,81.0,81.8499984741211,962810
2023-10-17,BGRENERGY,81.69999694824219,82.6500015258789,79.0,79.6500015258789,690800
2023-10-18,BGRENERGY,80.1500015258789,81.4000015258789,77.8499984741211,78.05000305175781,495110
2023-10-19,BGRENERGY,78.0,84.75,77.4000015258789,82.19999694824219,1833993
2023-10-20,BGRENERGY,81.55000305175781,86.6500015258789,80.69999694824219,82.0,2884869
2023-10-23,BGRENERGY,81.44999694824219,81.69999694824219,75.1500015258789,76.75,997202
2023-10-25,BGRENERGY,76.5999984741211,78.0,73.5,74.6500015258789,582499
2023-10-26,BGRENERGY,73.0,75.55000305175781,71.5,74.8499984741211,454564
2023-10-27,BGRENERGY,75.5999984741211,76.9000015258789,75.05000305175781,75.75,300482
2023-10-30,BGRENERGY,75.69999694824219,78.9000015258789,74.30000305175781,76.5,515898
2023-10-31,BGRENERGY,76.5,78.0,75.5,75.94999694824219,241397
2023-10-03,BHAGCHEM,123.13999938964844,133.97000122070312,123.13999938964844,130.39999389648438,329460
2023-10-04,BHAGCHEM,130.38999938964844,132.1999969482422,128.6649932861328,131.02999877929688,219510
2023-10-05,BHAGCHEM,132.49000549316406,157.0,132.49000549316406,139.46499633789062,2630170
2023-10-06,BHAGCHEM,142.0,152.09500122070312,138.5399932861328,149.28500366210938,940550
2023-10-09,BHAGCHEM,157.2899932861328,159.6999969482422,150.40499877929688,157.1699981689453,1166140
2023-10-10,BHAGCHEM,163.0,163.0,159.19500732421875,161.00999450683594,598820
2023-10-11,BHAGCHEM,161.89500427246094,173.0,160.10000610351562,163.18499755859375,950050
2023-10-12,BHAGCHEM,164.3249969482422,172.39999389648438,160.27499389648438,163.53500366210938,299250
2023-10-13,BHAGCHEM,160.5,167.5,160.0,161.23500061035156,63880
2023-10-16,BHAGCHEM,163.625,166.44000244140625,161.5,164.42999267578125,84940
2023-10-17,BHAGCHEM,165.39999389648438,166.0,159.35499572753906,161.17999267578125,43710
2023-10-18,BHAGCHEM,161.5850067138672,163.4949951171875,158.5,159.5449981689453,33970
2023-10-19,BHAGCHEM,158.93499755859375,162.6999969482422,158.5050048828125,159.22999572753906,43040
2023-10-20,BHAGCHEM,159.33999633789062,159.8800048828125,154.9149932861328,155.30999755859375,30670
2023-10-23,BHAGCHEM,155.2550048828125,155.2550048828125,144.2100067138672,146.5500030517578,80040
2023-10-25,BHAGCHEM,150.0,153.77499389648438,141.0,141.9949951171875,96560
2023-10-26,BHAGCHEM,143.2949981689453,145.9199981689453,140.0,145.13999938964844,53000
2023-10-27,BHAGCHEM,147.19000244140625,149.5,141.39999389648438,142.8800048828125,48480
2023-10-30,BHAGCHEM,142.94500732421875,151.5500030517578,142.21499633789062,148.86500549316406,69720
2023-10-31,BHAGCHEM,151.0,155.91000366210938,149.69500732421875,152.48500061035156,35030
2023-10-03,BHAGERIA,156.85000610351562,164.6999969482422,154.10000610351562,163.39999389648438,81213
2023-10-04,BHAGERIA,163.0500030517578,163.60000610351562,160.0,162.8000030517578,30339
2023-10-05,BHAGERIA,162.8000030517578,167.5,159.14999389648438,161.85000610351562,49092
2023-10-06,BHAGERIA,164.75,164.75,157.10000610351562,158.5,32974
2023-10-09,BHAGERIA,157.8000030517578,159.14999389648438,152.0,154.3000030517578,22219
2023-10-10,BHAGERIA,161.0,168.75,158.10000610351562,161.6999969482422,220780
2023-10-11,BHAGERIA,163.9499969482422,166.6999969482422,161.25,163.0,52939
2023-10-12,BHAGERIA,166.0,166.4499969482422,161.3000030517578,162.39999389648438,19805
2023-10-13,BHAGERIA,163.0,163.64999389648438,158.14999389648438,158.6999969482422,29688
2023-10-16,BHAGERIA,156.25,161.89999389648438,156.25,158.3000030517578,21167
2023-10-17,BHAGERIA,160.0,165.10000610351562,158.85000610351562,163.10000610351562,49590
2023-10-18,BHAGERIA,164.5500030517578,164.5500030517578,158.0,158.64999389648438,20375
2023-10-19,BHAGERIA,158.60000610351562,162.25,156.89999389648438,160.0500030517578,22108
2023-10-20,BHAGERIA,161.0,164.39999389648438,158.5,159.0,26903
2023-10-23,BHAGERIA,159.6999969482422,159.6999969482422,148.6999969482422,149.85000610351562,34567
2023-10-25,BHAGERIA,152.0500030517578,156.25,144.35000610351562,146.0500030517578,33889
2023-10-26,BHAGERIA,148.14999389648438,149.4499969482422,141.89999389648438,147.5,19298
2023-10-27,BHAGERIA,145.1999969482422,154.85000610351562,145.1999969482422,150.6999969482422,23796
2023-10-30,BHAGERIA,154.0,155.14999389648438,146.39999389648438,149.25,13444
2023-10-31,BHAGERIA,150.89999389648438,152.0500030517578,144.5500030517578,146.6999969482422,16076
2023-10-03,BHAGYANGR,70.0,70.5,67.55000305175781,70.25,26569
2023-10-04,BHAGYANGR,69.94999694824219,69.94999694824219,67.5999984741211,68.4000015258789,18168
2023-10-05,BHAGYANGR,69.0,70.0,67.80000305175781,68.0,14275
2023-10-06,BHAGYANGR,68.0999984741211,69.9000015258789,67.0,68.69999694824219,14212
2023-10-09,BHAGYANGR,68.5,68.5,65.30000305175781,65.8499984741211,39523
2023-10-10,BHAGYANGR,66.69999694824219,67.0,63.20000076293945,65.55000305175781,28903
2023-10-11,BHAGYANGR,65.44999694824219,68.19999694824219,64.4000015258789,66.69999694824219,22553
2023-10-12,BHAGYANGR,67.0,70.0,67.0,70.0,44768
2023-10-13,BHAGYANGR,71.75,73.5,70.0,73.5,43754
2023-10-16,BHAGYANGR,76.6500015258789,76.80000305175781,75.0,76.75,85140
2023-10-17,BHAGYANGR,78.5,80.55000305175781,72.94999694824219,78.55000305175781,103046
2023-10-18,BHAGYANGR,77.0,77.0,77.0,77.0,3688
2023-10-19,BHAGYANGR,75.5,75.5,75.5,75.5,4439
2023-10-20,BHAGYANGR,74.0,74.0,74.0,74.0,11107
2023-10-23,BHAGYANGR,72.55000305175781,72.55000305175781,72.55000305175781,72.55000305175781,1962
2023-10-25,BHAGYANGR,71.0999984741211,71.0999984741211,71.0999984741211,71.0999984741211,769
2023-10-26,BHAGYANGR,69.69999694824219,69.69999694824219,69.69999694824219,69.69999694824219,2432
2023-10-27,BHAGYANGR,68.30000305175781,68.30000305175781,68.30000305175781,68.30000305175781,4290
2023-10-30,BHAGYANGR,66.94999694824219,67.0,66.94999694824219,66.94999694824219,3310
2023-10-31,BHAGYANGR,65.6500015258789,65.69999694824219,65.6500015258789,65.6500015258789,4999
2023-10-03,BHANDARI,5.949999809265137,6.199999809265137,5.699999809265137,6.199999809265137,504005
2023-10-04,BHANDARI,6.400000095367432,6.400000095367432,6.050000190734863,6.25,355041
2023-10-05,BHANDARI,6.349999904632568,6.349999904632568,6.050000190734863,6.150000095367432,179531
2023-10-06,BHANDARI,6.25,6.300000190734863,6.0,6.199999809265137,398549
2023-10-09,BHANDARI,6.199999809265137,6.199999809265137,5.900000095367432,5.900000095367432,244552
2023-10-10,BHANDARI,6.150000095367432,6.150000095367432,5.949999809265137,6.150000095367432,372303
2023-10-11,BHANDARI,6.199999809265137,6.199999809265137,6.050000190734863,6.099999904632568,137657
2023-10-12,BHANDARI,6.099999904632568,6.150000095367432,5.900000095367432,6.0,273570
2023-10-13,BHANDARI,6.050000190734863,6.150000095367432,6.0,6.099999904632568,362419
2023-10-16,BHANDARI,6.099999904632568,6.400000095367432,5.900000095367432,6.25,458077
2023-10-17,BHANDARI,6.400000095367432,6.550000190734863,6.25,6.550000190734863,502030
2023-10-18,BHANDARI,6.650000095367432,6.800000190734863,6.449999809265137,6.650000095367432,546923
2023-10-19,BHANDARI,6.650000095367432,6.849999904632568,6.400000095367432,6.599999904632568,239519
2023-10-20,BHANDARI,6.300000190734863,6.75,6.300000190734863,6.300000190734863,542462
2023-10-23,BHANDARI,6.0,6.0,6.0,6.0,361515
2023-10-25,BHANDARI,5.699999809265137,6.0,5.699999809265137,5.699999809265137,606396
2023-10-26,BHANDARI,5.650000095367432,5.900000095367432,5.449999809265137,5.75,270962
2023-10-27,BHANDARI,5.900000095367432,6.0,5.800000190734863,6.0,223494
2023-10-30,BHANDARI,6.099999904632568,6.300000190734863,5.900000095367432,6.150000095367432,274167
2023-10-31,BHANDARI,6.150000095367432,6.300000190734863,5.949999809265137,6.050000190734863,262137
2023-10-03,BHARATFORG,1090.949951171875,1090.949951171875,1073.0,1083.699951171875,545460
2023-10-04,BHARATFORG,1080.800048828125,1080.9000244140625,1051.800048828125,1060.9000244140625,788586
2023-10-05,BHARATFORG,1070.0,1077.050048828125,1062.699951171875,1069.8499755859375,464238
2023-10-06,BHARATFORG,1072.0,1094.699951171875,1072.0,1091.9000244140625,993174
2023-10-09,BHARATFORG,1089.949951171875,1089.949951171875,1073.6500244140625,1084.3499755859375,493176
2023-10-10,BHARATFORG,1094.0,1115.9000244140625,1087.5999755859375,1109.3499755859375,1268718
2023-10-11,BHARATFORG,1117.949951171875,1121.9000244140625,1112.449951171875,1114.3499755859375,660234
2023-10-12,BHARATFORG,1118.0,1122.75,1110.0,1117.6500244140625,648613
2023-10-13,BHARATFORG,1111.050048828125,1127.0,1111.050048828125,1117.9000244140625,441654
2023-10-16,BHARATFORG,1119.5,1127.0,1112.0,1122.3499755859375,575772
2023-10-17,BHARATFORG,1124.050048828125,1128.800048828125,1118.300048828125,1121.199951171875,261269
2023-10-18,BHARATFORG,1124.0,1125.8499755859375,1103.449951171875,1106.0999755859375,366909
2023-10-19,BHARATFORG,1100.0999755859375,1102.0,1084.050048828125,1094.75,830150
2023-10-20,BHARATFORG,1090.0,1095.0,1065.050048828125,1071.050048828125,747206
2023-10-23,BHARATFORG,1071.800048828125,1085.1500244140625,1051.199951171875,1056.449951171875,1581681
2023-10-25,BHARATFORG,1049.0,1062.1500244140625,1011.2000122070312,1028.75,2363189
2023-10-26,BHARATFORG,1016.1500244140624,1022.9000244140624,1008.9000244140624,1017.5999755859376,1236865
2023-10-27,BHARATFORG,1025.0,1037.550048828125,1022.6500244140624,1025.0,615619
2023-10-30,BHARATFORG,1025.0,1034.0,1002.2999877929688,1028.3499755859375,1536810
2023-10-31,BHARATFORG,1028.550048828125,1039.300048828125,1015.0,1019.3499755859376,346106
2023-10-03,BHARATGEAR,122.0500030517578,122.5999984741211,120.1999969482422,121.9499969482422,23224
2023-10-04,BHARATGEAR,122.3000030517578,122.3000030517578,120.5,120.9000015258789,20499
2023-10-05,BHARATGEAR,121.9000015258789,122.8499984741211,120.8000030517578,121.0999984741211,23342
2023-10-06,BHARATGEAR,121.6999969482422,121.9499969482422,120.6500015258789,120.9499969482422,22353
2023-10-09,BHARATGEAR,120.0,120.8000030517578,117.5,118.3000030517578,36501
2023-10-10,BHARATGEAR,118.6999969482422,120.9000015258789,118.3000030517578,120.0999984741211,24459
2023-10-11,BHARATGEAR,121.5,121.5,119.3000030517578,119.5,26606
2023-10-12,BHARATGEAR,119.8000030517578,121.0,117.5,118.0999984741211,55950
2023-10-13,BHARATGEAR,118.0,120.9000015258789,117.3000030517578,118.5999984741211,26355
2023-10-16,BHARATGEAR,119.8000030517578,120.9000015258789,118.5,118.9499969482422,28138
2023-10-17,BHARATGEAR,118.6500015258789,123.5,118.6500015258789,121.6500015258789,55536
2023-10-18,BHARATGEAR,122.6500015258789,122.6500015258789,119.0500030517578,119.6500015258789,30060
2023-10-19,BHARATGEAR,119.5999984741211,122.0,118.9000015258789,121.0999984741211,31386
2023-10-20,BHARATGEAR,121.8000030517578,121.8000030517578,118.3000030517578,119.0500030517578,20379
2023-10-23,BHARATGEAR,119.0500030517578,120.5,115.9000015258789,116.6500015258789,46835
2023-10-25,BHARATGEAR,116.0500030517578,119.5500030517578,112.0,113.4000015258789,54224
2023-10-26,BHARATGEAR,112.4000015258789,114.4000015258789,110.0,112.8000030517578,36809
2023-10-27,BHARATGEAR,113.4499969482422,116.8499984741211,113.4499969482422,116.1999969482422,31173
2023-10-30,BHARATGEAR,116.1999969482422,118.0,113.25,115.75,34938
2023-10-31,BHARATGEAR,115.8000030517578,117.9499969482422,115.8000030517578,116.3000030517578,12290
2023-10-03,BHARATRAS,2324.75,2335.0,2260.887451171875,2326.925048828125,4604
2023-10-04,BHARATRAS,2337.25,2370.0,2314.14990234375,2353.83740234375,10804
2023-10-05,BHARATRAS,2370.0,2377.8125,2331.0,2362.58740234375,4624
2023-10-06,BHARATRAS,2342.75,2366.949951171875,2325.0,2328.324951171875,2436
2023-10-09,BHARATRAS,2324.96240234375,2324.96240234375,2262.64990234375,2275.14990234375,3116
2023-10-10,BHARATRAS,2277.75,2296.27490234375,2262.5,2279.91259765625,3064
2023-10-11,BHARATRAS,2297.0,2311.02490234375,2268.75,2275.887451171875,2992
2023-10-12,BHARATRAS,2279.0,2282.762451171875,2262.800048828125,2266.22509765625,2868
2023-10-13,BHARATRAS,2263.512451171875,2295.0,2262.5,2280.949951171875,3188
2023-10-16,BHARATRAS,2281.0,2287.550048828125,2237.5,2250.72509765625,11064
2023-10-17,BHARATRAS,2267.612548828125,2295.0,2247.512451171875,2256.612548828125,2064
2023-10-18,BHARATRAS,2250.0,2256.5,2240.0,2244.762451171875,3316
2023-10-19,BHARATRAS,2250.0,2287.5,2231.27490234375,2279.25,4148
2023-10-20,BHARATRAS,2279.25,2294.987548828125,2262.800048828125,2271.425048828125,1336
2023-10-23,BHARATRAS,2241.5,2260.362548828125,2231.25,2231.64990234375,2692
2023-10-25,BHARATRAS,2243.0,2243.0,2180.237548828125,2208.862548828125,4044
2023-10-26,BHARATRAS,2213.0,2226.25,2181.27490234375,2183.78759765625,3448
2023-10-27,BHARATRAS,2183.78759765625,2224.47509765625,2183.78759765625,2214.41259765625,1316
2023-10-30,BHARATRAS,2214.41259765625,2226.300048828125,2187.012451171875,2195.449951171875,1528
2023-10-31,BHARATRAS,2211.91259765625,2224.625,2188.875,2205.512451171875,2124
2023-10-03,BHARATWIRE,273.70001220703125,273.70001220703125,266.0,268.5,214524
2023-10-04,BHARATWIRE,267.70001220703125,268.5,257.29998779296875,259.29998779296875,321218
2023-10-05,BHARATWIRE,261.8999938964844,264.5,257.25,262.45001220703125,144653
2023-10-06,BHARATWIRE,264.79998779296875,266.8500061035156,258.6499938964844,264.3500061035156,173076
2023-10-09,BHARATWIRE,260.0,262.0,256.04998779296875,260.8999938964844,279389
2023-10-10,BHARATWIRE,263.5,282.3999938964844,262.25,280.70001220703125,1347453
2023-10-11,BHARATWIRE,283.5,293.1000061035156,281.75,288.1000061035156,1122118
2023-10-12,BHARATWIRE,288.6499938964844,294.5,283.3999938964844,290.75,985085
2023-10-13,BHARATWIRE,288.0,289.6499938964844,283.1000061035156,285.8500061035156,248047
2023-10-16,BHARATWIRE,286.70001220703125,287.1000061035156,280.6499938964844,282.0,196272
2023-10-17,BHARATWIRE,284.70001220703125,284.8999938964844,263.6000061035156,276.45001220703125,370247
2023-10-18,BHARATWIRE,278.0,278.75,264.04998779296875,268.6499938964844,277079
2023-10-19,BHARATWIRE,268.8999938964844,277.79998779296875,266.5,273.1000061035156,207446
2023-10-20,BHARATWIRE,272.0,277.6499938964844,268.04998779296875,273.3999938964844,198026
2023-10-23,BHARATWIRE,274.25,274.29998779296875,240.0,252.25,390464
2023-10-25,BHARATWIRE,252.25,265.0,231.5500030517578,242.1000061035156,586542
2023-10-26,BHARATWIRE,238.0500030517578,245.6000061035156,231.9499969482422,242.8000030517578,397550
2023-10-27,BHARATWIRE,245.8500061035156,248.3000030517578,237.5500030517578,240.8999938964844,380873
2023-10-30,BHARATWIRE,241.3000030517578,259.70001220703125,235.25,257.75,709541
2023-10-31,BHARATWIRE,255.0,260.0,253.0500030517578,256.54998779296875,128682
2023-10-03,BHARTIARTL,918.25,928.25,916.0499877929688,925.2999877929688,4338272
2023-10-04,BHARTIARTL,918.2999877929688,925.9500122070312,918.2999877929688,924.25,5603669
2023-10-05,BHARTIARTL,925.0499877929688,929.5999755859376,919.4000244140624,928.8499755859376,7063132
2023-10-06,BHARTIARTL,929.2000122070312,929.2000122070312,924.2999877929688,926.0499877929688,2420855
2023-10-09,BHARTIARTL,918.0,928.0499877929688,916.5499877929688,924.5499877929688,2248103
2023-10-10,BHARTIARTL,924.5499877929688,954.0499877929688,921.0499877929688,948.3499755859376,7897875
2023-10-11,BHARTIARTL,948.5,956.7999877929688,948.0,955.5999755859376,5645289
2023-10-12,BHARTIARTL,955.5999755859376,956.7999877929688,947.0,950.3499755859376,5544735
2023-10-13,BHARTIARTL,946.2999877929688,955.9500122070312,946.2999877929688,954.2000122070312,4421671
2023-10-16,BHARTIARTL,957.9500122070312,958.75,943.8499755859376,946.5499877929688,1881721
2023-10-17,BHARTIARTL,946.5499877929688,960.25,946.0,953.6500244140624,3863410
2023-10-18,BHARTIARTL,953.0,958.9000244140624,950.6500244140624,952.8499755859376,2334392
2023-10-19,BHARTIARTL,945.7999877929688,951.2999877929688,941.3499755859376,942.9500122070312,4306963
2023-10-20,BHARTIARTL,937.7999877929688,947.5,937.0,945.2000122070312,3125104
2023-10-23,BHARTIARTL,941.5999755859376,949.0999755859376,937.0,939.2999877929688,2180066
2023-10-25,BHARTIARTL,924.5999755859376,939.6500244140624,919.0,922.5999755859376,6365249
2023-10-26,BHARTIARTL,921.6500244140624,924.5999755859376,900.0499877929688,905.5,6595332
2023-10-27,BHARTIARTL,910.75,918.4000244140624,906.4500122070312,914.5999755859376,3508393
2023-10-30,BHARTIARTL,914.7999877929688,931.9500122070312,910.3499755859376,926.25,3686768
2023-10-31,BHARTIARTL,920.2999877929688,923.5499877929688,912.4000244140624,914.4000244140624,5697563
2023-10-03,BHEL,131.0,132.39999389648438,129.89999389648438,131.14999389648438,18947214
2023-10-04,BHEL,130.8000030517578,130.8000030517578,125.6999969482422,127.5500030517578,21432884
2023-10-05,BHEL,128.3000030517578,130.5,127.0999984741211,127.4000015258789,14679290
2023-10-06,BHEL,128.10000610351562,129.89999389648438,127.5500030517578,128.89999389648438,13871322
2023-10-09,BHEL,127.0500030517578,127.9000015258789,124.3499984741211,126.4499969482422,17709670
2023-10-10,BHEL,127.0,131.4499969482422,127.0,131.1999969482422,23073503
2023-10-11,BHEL,131.8000030517578,132.60000610351562,129.3000030517578,130.85000610351562,18607776
2023-10-12,BHEL,131.0500030517578,133.75,130.25,130.64999389648438,18231128
2023-10-13,BHEL,129.9499969482422,130.1999969482422,127.5,128.35000610351562,14077735
2023-10-16,BHEL,128.10000610351562,131.60000610351562,127.0,131.14999389648438,15014283
2023-10-17,BHEL,131.89999389648438,133.60000610351562,130.10000610351562,132.4499969482422,23757135
2023-10-18,BHEL,132.75,133.6999969482422,128.1999969482422,129.1999969482422,25434863
2023-10-19,BHEL,128.1999969482422,129.9499969482422,127.0999984741211,129.1999969482422,18139312
2023-10-20,BHEL,128.9499969482422,130.10000610351562,124.5500030517578,125.1999969482422,17288411
2023-10-23,BHEL,125.1999969482422,125.75,116.8499984741211,117.75,19539996
2023-10-25,BHEL,118.0500030517578,120.25,114.0500030517578,116.3000030517578,20235803
2023-10-26,BHEL,115.4000015258789,118.25,113.5,117.8499984741211,18497619
2023-10-27,BHEL,118.6500015258789,120.5500030517578,117.4000015258789,117.6500015258789,13964054
2023-10-30,BHEL,118.1999969482422,121.4499969482422,117.6999969482422,120.6999969482422,18259367
2023-10-31,BHEL,121.4499969482422,122.4000015258789,119.5,120.8499984741211,13504849
2023-10-03,BIGBLOC,83.5,84.80000305175781,81.5,83.94999694824219,192542
2023-10-04,BIGBLOC,84.0250015258789,88.0,82.125,85.80000305175781,386866
2023-10-05,BIGBLOC,86.625,93.3000030517578,86.1500015258789,91.25,1899316
2023-10-06,BIGBLOC,92.25,94.9250030517578,89.69999694824219,90.5250015258789,1194086
2023-10-09,BIGBLOC,90.0250015258789,90.0250015258789,85.55000305175781,86.4749984741211,543726
2023-10-10,BIGBLOC,87.0250015258789,88.2750015258789,85.5,86.125,571792
2023-10-11,BIGBLOC,86.5,88.0250015258789,83.75,86.0250015258789,659162
2023-10-12,BIGBLOC,86.7249984741211,90.5,85.625,86.07499694824219,794982
2023-10-13,BIGBLOC,85.5999984741211,88.69999694824219,84.55000305175781,85.1500015258789,408942
2023-10-16,BIGBLOC,85.125,88.1500015258789,81.9000015258789,82.30000305175781,4400830
2023-10-17,BIGBLOC,82.75,84.4000015258789,81.2750015258789,82.05000305175781,518146
2023-10-18,BIGBLOC,82.0250015258789,83.0,81.0,82.2750015258789,263252
2023-10-19,BIGBLOC,82.44999694824219,83.80000305175781,81.2750015258789,82.4749984741211,219132
2023-10-20,BIGBLOC,82.4749984741211,82.8499984741211,79.375,80.3499984741211,238274
2023-10-23,BIGBLOC,80.3499984741211,82.0,76.30000305175781,76.92500305175781,268064
2023-10-25,BIGBLOC,78.9000015258789,79.44999694824219,74.32499694824219,75.5250015258789,385234
2023-10-26,BIGBLOC,75.55000305175781,76.92500305175781,72.55000305175781,76.5,274904
2023-10-27,BIGBLOC,77.94999694824219,81.42500305175781,77.0250015258789,80.6500015258789,171498
2023-10-30,BIGBLOC,81.44999694824219,82.4749984741211,79.57499694824219,81.6500015258789,449180
2023-10-31,BIGBLOC,81.0999984741211,84.80000305175781,79.5250015258789,80.19999694824219,582742
2023-10-03,BIKAJI,490.0,493.0,484.75,487.7999877929688,165242
2023-10-04,BIKAJI,487.5,492.0,478.0,481.1000061035156,230563
2023-10-05,BIKAJI,484.9500122070313,485.8999938964844,479.75,480.7000122070313,102881
2023-10-06,BIKAJI,482.3999938964844,484.5,467.6499938964844,470.6000061035156,325467
2023-10-09,BIKAJI,465.0,476.9500122070313,461.2999877929688,470.6000061035156,309986
2023-10-10,BIKAJI,476.6000061035156,476.6000061035156,469.9500122070313,470.6499938964844,125008
2023-10-11,BIKAJI,474.7999877929688,488.8999938964844,472.5499877929688,484.8500061035156,476081
2023-10-12,BIKAJI,488.0,490.4500122070313,480.0,483.1499938964844,165201
2023-10-13,BIKAJI,481.5499877929688,488.2999877929688,480.5499877929688,483.4500122070313,282674
2023-10-16,BIKAJI,484.8999938964844,494.0,479.0,491.2999877929688,390630
2023-10-17,BIKAJI,494.25,496.3999938964844,486.3500061035156,488.1499938964844,139068
2023-10-18,BIKAJI,490.5,491.25,482.75,483.8500061035156,75846
2023-10-19,BIKAJI,487.6000061035156,493.1499938964844,479.0,491.5,151639
2023-10-20,BIKAJI,489.9500122070313,494.7999877929688,485.5,489.0499877929688,184940
2023-10-23,BIKAJI,490.0,495.8500061035156,476.2000122070313,479.3500061035156,199075
2023-10-25,BIKAJI,482.8500061035156,486.0,465.0,469.7999877929688,349494
2023-10-26,BIKAJI,468.5,468.5499877929688,450.2000122070313,458.5,602536
2023-10-27,BIKAJI,459.0499877929688,472.0,459.0499877929688,467.5,338035
2023-10-30,BIKAJI,469.7999877929688,475.6499938964844,463.6499938964844,468.8999938964844,300492
2023-10-31,BIKAJI,470.0499877929688,480.0,470.0499877929688,473.1000061035156,117103
2023-10-03,BIL,212.0,212.0,210.0,212.0,583
2023-10-04,BIL,215.0,215.0,213.0,215.0,2087
2023-10-05,BIL,218.8000030517578,219.0,210.6999969482422,218.8000030517578,611
2023-10-06,BIL,223.1499938964844,223.1499938964844,220.1000061035156,223.1499938964844,1863
2023-10-09,BIL,222.5,228.8500061035156,220.0,221.4499969482422,3069
2023-10-10,BIL,227.0,232.0,220.0,231.0500030517578,7426
2023-10-11,BIL,231.0500030517578,231.0500030517578,223.0,228.25,2496
2023-10-12,BIL,226.0,231.0,222.5,228.75,2728
2023-10-13,BIL,228.0,230.8999938964844,221.0,228.9499969482422,6052
2023-10-16,BIL,228.8000030517578,229.5,224.0,226.3500061035156,955
2023-10-17,BIL,230.8999938964844,232.0,223.5,230.3999938964844,1419
2023-10-18,BIL,229.0,235.0,224.25,224.25,2243
2023-10-19,BIL,227.0,231.0,222.1000061035156,224.0,889
2023-10-20,BIL,224.25,229.9499969482422,221.5,227.0,1825
2023-10-23,BIL,238.0,263.79998779296875,228.0,240.9499969482422,92364
2023-10-25,BIL,244.3999938964844,257.95001220703125,240.9499969482422,248.3500061035156,77101
2023-10-26,BIL,242.6000061035156,247.0,223.25,233.3999938964844,20557
2023-10-27,BIL,236.1999969482422,245.0,232.1999969482422,237.6999969482422,9494
2023-10-30,BIL,238.0,241.0,232.3500061035156,235.4499969482422,5799
2023-10-31,BIL,236.8999938964844,246.8500061035156,236.0500030517578,243.6999969482422,10678
2023-10-03,BILVYAPAR,15.899999618530272,15.899999618530272,15.899999618530272,15.899999618530272,1194
2023-10-04,BILVYAPAR,15.600000381469728,15.899999618530272,15.600000381469728,15.600000381469728,756
2023-10-05,BILVYAPAR,15.300000190734863,15.350000381469728,15.300000190734863,15.300000190734863,968
2023-10-06,BILVYAPAR,15.100000381469728,15.100000381469728,15.0,15.100000381469728,1651
2023-10-09,BILVYAPAR,14.800000190734863,14.899999618530272,14.800000190734863,14.800000190734863,3617
2023-10-10,BILVYAPAR,14.75,14.800000190734863,14.75,14.75,2895
2023-10-11,BILVYAPAR,14.800000190734863,14.800000190734863,14.75,14.800000190734863,4458
2023-10-12,BILVYAPAR,15.0,15.050000190734863,14.800000190734863,15.0,2903
2023-10-13,BILVYAPAR,15.0,15.050000190734863,14.899999618530272,15.0,1820
2023-10-16,BILVYAPAR,15.050000190734863,15.300000190734863,15.050000190734863,15.050000190734863,2566
2023-10-17,BILVYAPAR,15.350000381469728,15.350000381469728,14.800000190734863,15.350000381469728,5068
2023-10-18,BILVYAPAR,15.350000381469728,15.350000381469728,15.050000190734863,15.350000381469728,759
2023-10-19,BILVYAPAR,15.050000190734863,15.25,15.050000190734863,15.050000190734863,7655
2023-10-20,BILVYAPAR,15.100000381469728,15.100000381469728,15.0,15.100000381469728,3223
2023-10-23,BILVYAPAR,15.100000381469728,15.100000381469728,15.0,15.100000381469728,4287
2023-10-25,BILVYAPAR,14.800000190734863,15.100000381469728,14.800000190734863,14.800000190734863,1276
2023-10-26,BILVYAPAR,14.550000190734863,14.699999809265137,14.699999809265137,14.699999809265137,85
2023-10-27,BILVYAPAR,14.399999618530272,14.699999809265137,14.399999618530272,14.399999618530272,781
2023-10-30,BILVYAPAR,14.699999809265137,15.100000381469728,13.699999809265137,14.050000190734863,5071
2023-10-31,BILVYAPAR,14.649999618530272,14.649999618530272,13.350000381469728,14.350000381469728,10605
2023-10-03,BIOCON,269.1000061035156,274.8999938964844,269.1000061035156,272.70001220703125,1984718
2023-10-04,BIOCON,271.75,271.75,262.70001220703125,264.8500061035156,2557186
2023-10-05,BIOCON,266.79998779296875,267.6499938964844,263.25,263.6000061035156,897722
2023-10-06,BIOCON,264.0,265.8500061035156,262.6000061035156,264.54998779296875,1215958
2023-10-09,BIOCON,261.20001220703125,263.8500061035156,259.6499938964844,260.45001220703125,1225855
2023-10-10,BIOCON,261.0,261.70001220703125,255.6499938964844,257.8999938964844,2682999
2023-10-11,BIOCON,258.79998779296875,259.79998779296875,257.1000061035156,257.3999938964844,1496819
2023-10-12,BIOCON,258.0,261.25,257.3999938964844,260.1000061035156,1572827
2023-10-13,BIOCON,259.45001220703125,259.5,254.0,254.5500030517578,2764245
2023-10-16,BIOCON,254.5,255.0500030517578,252.5,254.1999969482422,1514070
2023-10-17,BIOCON,255.0,257.5,253.6999969482422,254.8999938964844,2999430
2023-10-18,BIOCON,251.5,252.0,236.6999969482422,238.6499938964844,13082442
2023-10-19,BIOCON,239.0,239.5,233.3999938964844,235.3999938964844,5417771
2023-10-20,BIOCON,235.5,236.6000061035156,230.5,230.9499969482422,4771316
2023-10-23,BIOCON,231.4499969482422,233.3999938964844,225.1000061035156,226.25,3841041
2023-10-25,BIOCON,227.0,229.3999938964844,223.8999938964844,224.3999938964844,3158091
2023-10-26,BIOCON,224.6999969482422,226.0500030517578,218.0,222.1000061035156,3304417
2023-10-27,BIOCON,224.1000061035156,226.0,222.4499969482422,222.6999969482422,2766883
2023-10-30,BIOCON,223.0,224.0500030517578,219.8500061035156,221.8999938964844,2213338
2023-10-31,BIOCON,222.1999969482422,223.4499969482422,217.5,219.6499938964844,1965042
2023-10-03,BIOFILCHEM,48.54999923706055,49.70000076293945,48.5,48.650001525878906,12029
2023-10-04,BIOFILCHEM,48.59999847412109,49.45000076293945,48.0,48.70000076293945,26494
2023-10-05,BIOFILCHEM,49.400001525878906,52.25,49.0,50.75,186775
2023-10-06,BIOFILCHEM,51.0,55.900001525878906,50.5,53.95000076293945,429485
2023-10-09,BIOFILCHEM,52.0,53.29999923706055,50.0,50.34999847412109,88365
2023-10-10,BIOFILCHEM,51.09999847412109,51.79999923706055,50.150001525878906,51.09999847412109,43538
2023-10-11,BIOFILCHEM,52.0,52.0,50.54999923706055,50.84999847412109,29952
2023-10-12,BIOFILCHEM,50.25,51.5,50.25,50.84999847412109,23471
2023-10-13,BIOFILCHEM,50.45000076293945,51.34999847412109,50.150001525878906,50.650001525878906,22820
2023-10-16,BIOFILCHEM,51.150001525878906,51.400001525878906,50.25,50.5,26723
2023-10-17,BIOFILCHEM,50.54999923706055,51.400001525878906,50.20000076293945,50.34999847412109,21601
2023-10-18,BIOFILCHEM,50.900001525878906,50.900001525878906,49.0,50.150001525878906,49523
2023-10-19,BIOFILCHEM,49.5,50.25,49.09999847412109,49.900001525878906,18133
2023-10-20,BIOFILCHEM,49.45000076293945,50.150001525878906,49.400001525878906,49.59999847412109,25123
2023-10-23,BIOFILCHEM,50.29999923706055,51.95000076293945,47.0,47.45000076293945,117500
2023-10-25,BIOFILCHEM,47.45000076293945,49.0,47.0,47.04999923706055,33284
2023-10-26,BIOFILCHEM,46.09999847412109,47.54999923706055,45.34999847412109,46.54999923706055,19317
2023-10-27,BIOFILCHEM,46.54999923706055,47.79999923706055,46.54999923706055,47.29999923706055,14202
2023-10-30,BIOFILCHEM,48.900001525878906,48.900001525878906,46.84999847412109,47.650001525878906,9390
2023-10-31,BIOFILCHEM,47.25,48.0,46.79999923706055,47.0,6575
2023-10-03,BIRLACABLE,333.04998779296875,345.0,319.95001220703125,324.5,148248
2023-10-04,BIRLACABLE,323.45001220703125,334.0,321.70001220703125,325.5,101942
2023-10-05,BIRLACABLE,328.70001220703125,335.0,323.0,324.79998779296875,88566
2023-10-06,BIRLACABLE,327.20001220703125,329.79998779296875,321.20001220703125,324.3999938964844,78399
2023-10-09,BIRLACABLE,311.0,319.1000061035156,309.0,311.70001220703125,139590
2023-10-10,BIRLACABLE,315.0,327.25,313.20001220703125,320.1000061035156,139223
2023-10-11,BIRLACABLE,322.0,336.1000061035156,316.04998779296875,336.1000061035156,200889
2023-10-12,BIRLACABLE,335.0,338.79998779296875,325.25,328.75,244019
2023-10-13,BIRLACABLE,330.0,341.3500061035156,326.6499938964844,329.1000061035156,147857
2023-10-16,BIRLACABLE,333.6000061035156,334.95001220703125,322.5,323.45001220703125,91654
2023-10-17,BIRLACABLE,326.04998779296875,334.0,321.04998779296875,322.20001220703125,81673
2023-10-18,BIRLACABLE,323.95001220703125,325.45001220703125,315.0,315.54998779296875,77917
2023-10-19,BIRLACABLE,316.8500061035156,331.29998779296875,314.0,327.8999938964844,223208
2023-10-20,BIRLACABLE,335.0,335.0,316.0,320.6000061035156,92662
2023-10-23,BIRLACABLE,322.20001220703125,329.0,304.6000061035156,305.1499938964844,143322
2023-10-25,BIRLACABLE,293.04998779296875,309.0,289.8999938964844,290.8500061035156,110784
2023-10-26,BIRLACABLE,288.0,304.8500061035156,276.29998779296875,296.25,176170
2023-10-27,BIRLACABLE,305.79998779296875,311.04998779296875,303.54998779296875,311.04998779296875,86776
2023-10-30,BIRLACABLE,314.3999938964844,318.70001220703125,301.79998779296875,304.8999938964844,107461
2023-10-31,BIRLACABLE,311.8999938964844,320.1000061035156,304.0,307.3999938964844,186977
2023-10-03,BIRLACORPN,1270.0,1275.0,1236.1500244140625,1262.699951171875,206178
2023-10-04,BIRLACORPN,1259.0,1264.949951171875,1240.0,1253.1500244140625,106106
2023-10-05,BIRLACORPN,1255.25,1265.0,1252.4000244140625,1255.5,57445
2023-10-06,BIRLACORPN,1262.0999755859375,1273.699951171875,1253.050048828125,1270.6500244140625,81073
2023-10-09,BIRLACORPN,1269.9000244140625,1269.9000244140625,1236.0,1252.949951171875,77638
2023-10-10,BIRLACORPN,1253.050048828125,1269.0,1245.0,1257.949951171875,32520
2023-10-11,BIRLACORPN,1252.0999755859375,1286.0,1246.300048828125,1277.9000244140625,120136
2023-10-12,BIRLACORPN,1279.0,1292.300048828125,1274.0,1282.75,48180
2023-10-13,BIRLACORPN,1275.0,1292.0,1267.9000244140625,1284.5,47000
2023-10-16,BIRLACORPN,1285.0,1298.949951171875,1261.199951171875,1275.5999755859375,90784
2023-10-17,BIRLACORPN,1274.9000244140625,1293.199951171875,1266.0999755859375,1289.5999755859375,43011
2023-10-18,BIRLACORPN,1289.949951171875,1296.4000244140625,1245.050048828125,1263.300048828125,84077
2023-10-19,BIRLACORPN,1261.949951171875,1287.0,1254.949951171875,1269.5,51279
2023-10-20,BIRLACORPN,1269.5,1279.949951171875,1237.050048828125,1246.4000244140625,43363
2023-10-23,BIRLACORPN,1248.4000244140625,1254.6500244140625,1201.0,1211.0,131278
2023-10-25,BIRLACORPN,1217.050048828125,1232.8499755859375,1183.8499755859375,1196.550048828125,59893
2023-10-26,BIRLACORPN,1185.699951171875,1208.75,1137.8499755859375,1203.5,97743
2023-10-27,BIRLACORPN,1206.949951171875,1229.949951171875,1160.0,1178.4000244140625,94212
2023-10-30,BIRLACORPN,1171.800048828125,1230.9000244140625,1158.050048828125,1226.300048828125,92830
2023-10-31,BIRLACORPN,1226.300048828125,1284.0,1221.0,1273.199951171875,187907
2023-10-03,BIRLAMONEY,78.9000015258789,82.0,77.44999694824219,79.5,531040
2023-10-04,BIRLAMONEY,79.80000305175781,84.4000015258789,79.0,81.30000305175781,1190705
2023-10-05,BIRLAMONEY,82.0999984741211,84.1500015258789,80.55000305175781,82.1500015258789,542527
2023-10-06,BIRLAMONEY,83.0,84.0999984741211,76.0999984741211,83.25,432544
2023-10-09,BIRLAMONEY,83.44999694824219,84.4000015258789,78.69999694824219,79.9000015258789,644600
2023-10-10,BIRLAMONEY,80.30000305175781,83.94999694824219,80.0,82.4000015258789,267785
2023-10-11,BIRLAMONEY,84.0,98.8499984741211,81.5999984741211,98.8499984741211,7652935
2023-10-12,BIRLAMONEY,101.0,102.8000030517578,94.0,95.5,2632629
2023-10-13,BIRLAMONEY,95.9000015258789,105.4000015258789,95.5,98.6500015258789,2623115
2023-10-16,BIRLAMONEY,100.0,102.1999969482422,96.75,98.0500030517578,587942
2023-10-17,BIRLAMONEY,99.9000015258789,101.0,96.0999984741211,97.0999984741211,408391
2023-10-18,BIRLAMONEY,98.5,98.5999984741211,94.0999984741211,94.6999969482422,263127
2023-10-19,BIRLAMONEY,94.4000015258789,95.8499984741211,93.1999969482422,94.5999984741211,197321
2023-10-20,BIRLAMONEY,94.5500030517578,100.6999969482422,94.5500030517578,99.5,589599
2023-10-23,BIRLAMONEY,99.5,100.0,90.4499969482422,91.75,367402
2023-10-25,BIRLAMONEY,92.1999969482422,94.8499984741211,87.05000305175781,90.5,279198
2023-10-26,BIRLAMONEY,90.4000015258789,99.0,83.19999694824219,94.9000015258789,618269
2023-10-27,BIRLAMONEY,95.3000030517578,97.8499984741211,94.0500030517578,95.0,167980
2023-10-30,BIRLAMONEY,95.5999984741211,95.75,91.8000030517578,93.6500015258789,104350
2023-10-31,BIRLAMONEY,94.4000015258789,100.8499984741211,94.3499984741211,99.75,865202
2023-10-03,BIRLANU,2882.39990234375,2882.75,2825.25,2840.050048828125,6679
2023-10-04,BIRLANU,2840.050048828125,2906.0,2823.14990234375,2871.449951171875,7511
2023-10-05,BIRLANU,2871.449951171875,2944.0,2871.449951171875,2933.949951171875,8637
2023-10-06,BIRLANU,2915.050048828125,2950.0,2906.0,2933.75,8765
2023-10-09,BIRLANU,2902.0,2902.89990234375,2842.10009765625,2887.39990234375,6834
2023-10-10,BIRLANU,2890.0,2931.800048828125,2868.64990234375,2920.60009765625,7117
2023-10-11,BIRLANU,2932.0,2954.39990234375,2854.300048828125,2884.85009765625,18663
2023-10-12,BIRLANU,2886.050048828125,2924.89990234375,2870.0,2893.85009765625,6637
2023-10-13,BIRLANU,2894.949951171875,2919.89990234375,2875.0,2911.0,7098
2023-10-16,BIRLANU,2911.949951171875,2954.550048828125,2890.14990234375,2932.5,7996
2023-10-17,BIRLANU,2932.35009765625,2990.0,2925.0,2947.699951171875,7122
2023-10-18,BIRLANU,2968.0,2968.0,2919.0,2931.0,4120
2023-10-19,BIRLANU,2922.0,2944.89990234375,2880.199951171875,2893.300048828125,6238
2023-10-20,BIRLANU,2890.0,2920.949951171875,2875.800048828125,2895.5,5037
2023-10-23,BIRLANU,2881.0,2914.949951171875,2796.35009765625,2800.85009765625,8582
2023-10-25,BIRLANU,2801.0,2829.0,2789.050048828125,2817.39990234375,9495
2023-10-26,BIRLANU,2781.10009765625,2817.35009765625,2725.10009765625,2748.14990234375,12358
2023-10-27,BIRLANU,2748.14990234375,2820.050048828125,2746.449951171875,2790.64990234375,5826
2023-10-30,BIRLANU,2775.050048828125,2819.89990234375,2720.050048828125,2767.10009765625,6643
2023-10-31,BIRLANU,2782.199951171875,2807.949951171875,2736.0,2788.89990234375,6503
2023-10-03,BLAL,164.39999389648438,165.6999969482422,162.5,162.89999389648438,72776
2023-10-04,BLAL,162.35000610351562,162.89999389648438,158.3000030517578,159.39999389648438,126743
2023-10-05,BLAL,161.0,161.64999389648438,158.14999389648438,159.8000030517578,80296
2023-10-06,BLAL,160.25,160.3000030517578,158.0,159.0,93361
2023-10-09,BLAL,156.3000030517578,159.0,154.89999389648438,155.75,85314
2023-10-10,BLAL,156.0,159.10000610351562,156.0,157.8000030517578,164682
2023-10-11,BLAL,159.10000610351562,160.6999969482422,158.0,158.85000610351562,112960
2023-10-12,BLAL,159.89999389648438,163.0,159.0,160.85000610351562,111640
2023-10-13,BLAL,159.5,172.0,159.5,165.89999389648438,453009
2023-10-16,BLAL,167.1999969482422,167.1999969482422,162.0,163.0,159863
2023-10-17,BLAL,164.10000610351562,166.39999389648438,163.35000610351562,164.25,341322
2023-10-18,BLAL,166.39999389648438,166.39999389648438,159.35000610351562,160.64999389648438,208440
2023-10-19,BLAL,160.39999389648438,162.85000610351562,158.85000610351562,160.35000610351562,57557
2023-10-20,BLAL,162.5,168.39999389648438,159.1999969482422,159.9499969482422,297923
2023-10-23,BLAL,161.0,161.4499969482422,155.14999389648438,156.0,200919
2023-10-25,BLAL,160.0,160.0500030517578,153.60000610351562,154.10000610351562,173930
2023-10-26,BLAL,152.85000610351562,156.4499969482422,151.1999969482422,155.3000030517578,96881
2023-10-27,BLAL,158.0,161.4499969482422,156.10000610351562,157.1999969482422,154429
2023-10-30,BLAL,157.25,160.1999969482422,156.0500030517578,158.5500030517578,93255
2023-10-31,BLAL,160.0,160.0,155.5,156.39999389648438,74391
2023-10-03,BLBLIMITED,23.450000762939453,24.350000381469727,22.25,22.950000762939453,212726
2023-10-04,BLBLIMITED,22.89999961853028,23.39999961853028,22.549999237060547,22.850000381469727,121378
2023-10-05,BLBLIMITED,23.200000762939453,23.200000762939453,22.600000381469727,22.799999237060547,79685
2023-10-06,BLBLIMITED,23.450000762939453,23.450000762939453,22.5,22.549999237060547,101357
2023-10-09,BLBLIMITED,22.89999961853028,22.89999961853028,21.799999237060547,21.850000381469727,121976
2023-10-10,BLBLIMITED,21.799999237060547,22.25,21.700000762939453,21.950000762939453,57034
2023-10-11,BLBLIMITED,22.299999237060547,22.39999961853028,21.75,22.200000762939453,52413
2023-10-12,BLBLIMITED,22.39999961853028,22.39999961853028,21.89999961853028,22.100000381469727,43016
2023-10-13,BLBLIMITED,21.850000381469727,23.0,21.850000381469727,22.549999237060547,118777
2023-10-16,BLBLIMITED,22.850000381469727,22.850000381469727,22.299999237060547,22.600000381469727,59852
2023-10-17,BLBLIMITED,22.75,24.450000762939453,22.5,23.799999237060547,965631
2023-10-18,BLBLIMITED,24.0,24.350000381469727,23.200000762939453,23.39999961853028,179580
2023-10-19,BLBLIMITED,23.850000381469727,23.850000381469727,22.600000381469727,22.950000762939453,119151
2023-10-20,BLBLIMITED,23.25,23.39999961853028,22.39999961853028,22.64999961853028,83604
2023-10-23,BLBLIMITED,22.5,22.89999961853028,20.700000762939453,20.850000381469727,234769
2023-10-25,BLBLIMITED,21.450000762939453,21.600000381469727,19.600000381469727,20.39999961853028,124633
2023-10-26,BLBLIMITED,20.5,22.200000762939453,19.75,21.700000762939453,166919
2023-10-27,BLBLIMITED,22.299999237060547,22.299999237060547,21.75,21.89999961853028,61339
2023-10-30,BLBLIMITED,21.350000381469727,22.200000762939453,21.350000381469727,21.850000381469727,52455
2023-10-31,BLBLIMITED,22.299999237060547,22.299999237060547,21.5,22.100000381469727,52057
2023-10-03,BLISSGVS,89.75,90.9000015258789,88.5999984741211,90.4000015258789,125583
2023-10-04,BLISSGVS,90.0,90.0,87.9000015258789,88.5999984741211,108470
2023-10-05,BLISSGVS,89.0,89.5,88.1500015258789,88.69999694824219,129092
2023-10-06,BLISSGVS,89.44999694824219,89.44999694824219,88.0999984741211,88.80000305175781,96641
2023-10-09,BLISSGVS,88.3499984741211,91.8000030517578,85.9000015258789,88.6500015258789,407941
2023-10-10,BLISSGVS,89.80000305175781,90.4499969482422,88.5,89.05000305175781,202909
2023-10-11,BLISSGVS,89.6500015258789,89.80000305175781,89.0,89.19999694824219,147858
2023-10-12,BLISSGVS,89.55000305175781,90.9000015258789,89.0999984741211,89.94999694824219,213286
2023-10-13,BLISSGVS,89.0999984741211,90.8499984741211,89.0999984741211,89.8499984741211,119529
2023-10-16,BLISSGVS,90.0,90.4499969482422,88.5,89.1500015258789,147744
2023-10-17,BLISSGVS,89.9000015258789,91.5999984741211,88.94999694824219,90.4499969482422,312452
2023-10-18,BLISSGVS,91.3000030517578,91.3000030517578,89.0,89.25,138214
2023-10-19,BLISSGVS,89.94999694824219,89.94999694824219,87.80000305175781,88.75,123751
2023-10-20,BLISSGVS,88.80000305175781,89.30000305175781,87.05000305175781,87.3499984741211,118645
2023-10-23,BLISSGVS,87.5,88.05000305175781,80.19999694824219,82.0999984741211,212702
2023-10-25,BLISSGVS,82.69999694824219,83.8499984741211,79.8499984741211,80.30000305175781,189906
2023-10-26,BLISSGVS,80.30000305175781,80.9000015258789,77.3499984741211,80.55000305175781,145807
2023-10-27,BLISSGVS,81.69999694824219,85.0,81.05000305175781,84.30000305175781,212404
2023-10-30,BLISSGVS,84.9000015258789,84.94999694824219,82.44999694824219,84.0999984741211,140267
2023-10-31,BLISSGVS,84.3499984741211,85.0999984741211,83.5,84.0999984741211,90942
2023-10-03,BLKASHYAP,63.0,64.55000305175781,62.0,63.0,1331131
2023-10-04,BLKASHYAP,63.29999923706055,66.69999694824219,62.5,63.70000076293945,1553222
2023-10-05,BLKASHYAP,64.0,65.05000305175781,62.5,63.34999847412109,676959
2023-10-06,BLKASHYAP,63.54999923706055,69.75,63.54999923706055,68.5999984741211,2197535
2023-10-09,BLKASHYAP,67.5,68.9000015258789,64.75,66.55000305175781,1033502
2023-10-10,BLKASHYAP,66.5,69.25,66.5,66.8499984741211,778780
2023-10-11,BLKASHYAP,67.44999694824219,69.25,66.44999694824219,67.3499984741211,1249611
2023-10-12,BLKASHYAP,67.75,68.4000015258789,63.70000076293945,65.69999694824219,1359744
2023-10-13,BLKASHYAP,64.94999694824219,70.9000015258789,64.6500015258789,68.75,1845572
2023-10-16,BLKASHYAP,71.19999694824219,73.55000305175781,69.94999694824219,73.1500015258789,2112990
2023-10-17,BLKASHYAP,74.19999694824219,75.5999984741211,73.25,75.19999694824219,1934477
2023-10-18,BLKASHYAP,75.94999694824219,76.69999694824219,72.25,74.0999984741211,1493924
2023-10-19,BLKASHYAP,73.55000305175781,73.5999984741211,71.44999694824219,71.94999694824219,604093
2023-10-20,BLKASHYAP,71.75,72.69999694824219,69.05000305175781,69.44999694824219,679000
2023-10-23,BLKASHYAP,70.05000305175781,71.1500015258789,62.79999923706055,63.70000076293945,1174596
2023-10-25,BLKASHYAP,63.650001525878906,65.3499984741211,60.0,62.150001525878906,904015
2023-10-26,BLKASHYAP,62.25,64.6500015258789,58.900001525878906,64.0,788844
2023-10-27,BLKASHYAP,65.0,66.19999694824219,64.19999694824219,64.80000305175781,381924
2023-10-30,BLKASHYAP,64.25,65.9000015258789,62.59999847412109,65.0,258237
2023-10-31,BLKASHYAP,65.25,66.4000015258789,63.04999923706055,64.25,390842
2023-10-03,BLS,250.0,251.0,229.8000030517578,249.5500030517578,13423281
2023-10-04,BLS,246.9499969482422,249.0,240.5,241.3500061035156,1237428
2023-10-05,BLS,242.1000061035156,249.9499969482422,242.1000061035156,243.5,2929120
2023-10-06,BLS,244.5,247.8000030517578,242.6999969482422,243.5500030517578,1412449
2023-10-09,BLS,239.8000030517578,241.8000030517578,236.3000030517578,241.0,2148049
2023-10-10,BLS,243.75,247.5,242.1000061035156,245.25,2889245
2023-10-11,BLS,247.6000061035156,253.6999969482422,247.4499969482422,250.0,7509376
2023-10-12,BLS,251.9499969482422,253.0,248.0,249.5500030517578,2145930
2023-10-13,BLS,247.0,253.8999938964844,244.75,250.1000061035156,3865281
2023-10-16,BLS,251.0,270.5,251.0,261.54998779296875,13432946
2023-10-17,BLS,263.70001220703125,266.20001220703125,255.0,256.1000061035156,2774865
2023-10-18,BLS,256.0,260.5,251.4499969482422,254.3999938964844,2255431
2023-10-19,BLS,252.1999969482422,262.0,252.0,257.3500061035156,1982684
2023-10-20,BLS,256.79998779296875,260.5,252.1000061035156,253.9499969482422,1081977
2023-10-23,BLS,254.8000030517578,256.20001220703125,243.0,245.8500061035156,2509868
2023-10-25,BLS,246.1000061035156,249.6999969482422,234.0,235.6499938964844,2326779
2023-10-26,BLS,236.3000030517578,239.5500030517578,230.0,234.1499938964844,2234238
2023-10-27,BLS,239.5,252.3999938964844,237.0,246.4499969482422,5223659
2023-10-30,BLS,245.0,258.3999938964844,244.9499969482422,255.3999938964844,3683859
2023-10-31,BLS,257.5,263.75,255.6000061035156,261.75,2646479
2023-10-03,BLUECOAST,5.699999809265137,5.699999809265137,5.699999809265137,5.699999809265137,0
2023-10-04,BLUECOAST,5.699999809265137,5.699999809265137,5.699999809265137,5.699999809265137,0
2023-10-05,BLUECOAST,5.650000095367432,5.650000095367432,5.650000095367432,5.650000095367432,100
2023-10-06,BLUECOAST,5.650000095367432,5.650000095367432,5.650000095367432,5.650000095367432,0
2023-10-09,BLUECOAST,5.900000095367432,5.900000095367432,5.400000095367432,5.699999809265137,2244
2023-10-10,BLUECOAST,5.650000095367432,5.949999809265137,5.550000190734863,5.599999904632568,2172
2023-10-11,BLUECOAST,5.599999904632568,5.849999904632568,5.400000095367432,5.849999904632568,700
2023-10-12,BLUECOAST,6.099999904632568,6.099999904632568,6.099999904632568,6.099999904632568,5580
2023-10-13,BLUECOAST,6.400000095367432,6.400000095367432,6.400000095367432,6.400000095367432,566
2023-10-16,BLUECOAST,6.400000095367432,6.699999809265137,6.400000095367432,6.699999809265137,2619
2023-10-17,BLUECOAST,7.0,7.0,7.0,7.0,2885
2023-10-18,BLUECOAST,7.349999904632568,7.349999904632568,7.349999904632568,7.349999904632568,775
2023-10-19,BLUECOAST,7.699999809265137,7.699999809265137,7.699999809265137,7.699999809265137,1428
2023-10-20,BLUECOAST,7.699999809265137,7.699999809265137,7.699999809265137,7.699999809265137,0
2023-10-23,BLUECOAST,7.699999809265137,7.699999809265137,7.699999809265137,7.699999809265137,0
2023-10-25,BLUECOAST,7.699999809265137,7.699999809265137,7.699999809265137,7.699999809265137,0
2023-10-26,BLUECOAST,7.699999809265137,7.699999809265137,7.699999809265137,7.699999809265137,0
2023-10-27,BLUECOAST,7.699999809265137,7.699999809265137,7.699999809265137,7.699999809265137,0
2023-10-30,BLUECOAST,7.699999809265137,7.699999809265137,7.699999809265137,7.699999809265137,0
2023-10-31,BLUECOAST,7.699999809265137,7.699999809265137,7.699999809265137,7.699999809265137,0
2023-10-03,BLUEDART,6981.9501953125,6981.9501953125,6676.35009765625,6809.7001953125,26379
2023-10-04,BLUEDART,6800.0,6816.60009765625,6683.9501953125,6773.5498046875,11189
2023-10-05,BLUEDART,6780.0,6799.0,6711.7001953125,6733.25,3825
2023-10-06,BLUEDART,6734.0,6798.9501953125,6666.0498046875,6732.2001953125,6348
2023-10-09,BLUEDART,6670.0,6722.35009765625,6610.0,6668.7998046875,28025
2023-10-10,BLUEDART,6670.0,6749.89990234375,6622.14990234375,6712.39990234375,66313
2023-10-11,BLUEDART,6747.7001953125,6796.89990234375,6626.0,6687.75,8155
2023-10-12,BLUEDART,6700.0,6884.9501953125,6660.0498046875,6740.64990234375,125295
2023-10-13,BLUEDART,6742.0,6750.0,6701.2001953125,6740.64990234375,4599
2023-10-16,BLUEDART,6739.9501953125,6744.0,6620.0,6687.85009765625,8628
2023-10-17,BLUEDART,6711.0,6749.0,6658.14990234375,6710.39990234375,10223
2023-10-18,BLUEDART,6665.0,6789.0,6657.10009765625,6752.5498046875,11302
2023-10-19,BLUEDART,6750.0,6776.5,6608.0498046875,6710.39990234375,13667
2023-10-20,BLUEDART,6710.39990234375,6775.0,6651.10009765625,6707.64990234375,11818
2023-10-23,BLUEDART,6702.0,6702.0,6550.0,6634.5,9551
2023-10-25,BLUEDART,6635.0,6684.9501953125,6485.0,6551.14990234375,10093
2023-10-26,BLUEDART,6553.0,6578.0498046875,6380.0,6449.64990234375,13447
2023-10-27,BLUEDART,6455.0,6495.9501953125,6342.64990234375,6376.39990234375,65131
2023-10-30,BLUEDART,6405.0,6436.39990234375,6301.7001953125,6398.14990234375,30886
2023-10-31,BLUEDART,6451.0,6648.9501953125,6396.0,6579.60009765625,26319
2023-10-03,BLUESTARCO,876.25,899.0,875.2000122070312,885.4000244140625,359351
2023-10-04,BLUESTARCO,884.4500122070312,896.9500122070312,874.0499877929688,882.7999877929688,109461
2023-10-05,BLUESTARCO,882.7999877929688,891.75,872.5,876.75,72735
2023-10-06,BLUESTARCO,879.8499755859375,883.5999755859375,865.5499877929688,872.4000244140625,51568
2023-10-09,BLUESTARCO,871.0,897.1500244140625,860.0499877929688,868.2999877929688,210654
2023-10-10,BLUESTARCO,870.25,874.7999877929688,863.7000122070312,865.5499877929688,341769
2023-10-11,BLUESTARCO,866.9500122070312,888.7999877929688,866.9500122070312,882.25,605985
2023-10-12,BLUESTARCO,888.7000122070312,890.0,874.2000122070312,878.6500244140625,98243
2023-10-13,BLUESTARCO,877.75,888.3499755859375,872.0,873.4500122070312,85637
2023-10-16,BLUESTARCO,873.4500122070312,892.0,872.9000244140625,889.4000244140625,93470
2023-10-17,BLUESTARCO,889.6500244140625,919.7000122070312,889.6500244140625,911.25,214389
2023-10-18,BLUESTARCO,911.25,950.0,910.9500122070312,944.3499755859376,249291
2023-10-19,BLUESTARCO,944.3499755859376,950.0,928.2999877929688,944.25,276769
2023-10-20,BLUESTARCO,939.0,946.75,909.5999755859376,919.2999877929688,138547
2023-10-23,BLUESTARCO,919.3499755859376,926.75,853.0,883.0,306427
2023-10-25,BLUESTARCO,878.0,900.0,855.7000122070312,889.8499755859375,186637
2023-10-26,BLUESTARCO,884.0499877929688,889.75,856.7999877929688,862.25,160222
2023-10-27,BLUESTARCO,861.0499877929688,878.0,858.0499877929688,863.3499755859375,122276
2023-10-30,BLUESTARCO,866.75,879.0,864.3499755859375,872.2000122070312,108127
2023-10-31,BLUESTARCO,929.0,955.0,814.0,884.6500244140625,3041130
2023-10-03,BODALCHEM,84.3499984741211,84.3499984741211,81.5999984741211,81.94999694824219,349555
2023-10-04,BODALCHEM,81.8499984741211,81.8499984741211,79.3499984741211,80.5999984741211,417033
2023-10-05,BODALCHEM,81.0,82.0999984741211,80.44999694824219,81.19999694824219,281541
2023-10-06,BODALCHEM,81.75,82.0,80.80000305175781,81.30000305175781,251737
2023-10-09,BODALCHEM,80.69999694824219,80.80000305175781,77.0999984741211,77.55000305175781,623969
2023-10-10,BODALCHEM,78.30000305175781,79.44999694824219,78.0,79.0999984741211,297537
2023-10-11,BODALCHEM,79.80000305175781,81.8499984741211,79.75,80.4000015258789,456805
2023-10-12,BODALCHEM,80.8499984741211,81.4000015258789,79.75,80.3499984741211,271441
2023-10-13,BODALCHEM,80.4000015258789,80.75,78.55000305175781,79.1500015258789,370604
2023-10-16,BODALCHEM,79.5999984741211,82.44999694824219,79.05000305175781,81.3499984741211,586124
2023-10-17,BODALCHEM,81.55000305175781,82.9000015258789,81.0,81.3499984741211,299579
2023-10-18,BODALCHEM,81.69999694824219,82.0,79.55000305175781,80.4000015258789,302791
2023-10-19,BODALCHEM,79.94999694824219,81.4000015258789,79.0999984741211,80.0999984741211,352629
2023-10-20,BODALCHEM,80.0,80.9000015258789,78.25,78.55000305175781,239879
2023-10-23,BODALCHEM,78.55000305175781,78.8499984741211,74.0,74.30000305175781,513422
2023-10-25,BODALCHEM,75.3499984741211,76.3499984741211,72.25,73.8499984741211,434914
2023-10-26,BODALCHEM,72.75,75.0,70.55000305175781,74.3499984741211,378029
2023-10-27,BODALCHEM,75.19999694824219,76.19999694824219,74.94999694824219,75.6500015258789,163535
2023-10-30,BODALCHEM,75.8499984741211,75.8499984741211,73.9000015258789,75.1500015258789,164617
2023-10-31,BODALCHEM,75.5,76.5999984741211,74.5,74.69999694824219,129136
2023-10-03,BOHRAIND,50.75,50.75,50.75,50.75,87
2023-10-04,BOHRAIND,50.75,50.75,50.75,50.75,1
2023-10-05,BOHRAIND,50.70000076293945,50.70000076293945,50.70000076293945,50.70000076293945,312
2023-10-06,BOHRAIND,50.650001525878906,50.650001525878906,50.59999847412109,50.650001525878906,423
2023-10-09,BOHRAIND,49.70000076293945,49.70000076293945,49.650001525878906,49.70000076293945,195
2023-10-10,BOHRAIND,48.70000076293945,49.0,48.70000076293945,48.70000076293945,862
2023-10-11,BOHRAIND,48.0,48.0,47.75,48.0,951
2023-10-12,BOHRAIND,47.04999923706055,47.04999923706055,47.04999923706055,47.04999923706055,845
2023-10-13,BOHRAIND,46.09999847412109,46.09999847412109,46.09999847412109,46.09999847412109,2118
2023-10-16,BOHRAIND,47.0,47.0,46.09999847412109,47.0,174
2023-10-17,BOHRAIND,46.150001525878906,47.04999923706055,46.09999847412109,46.150001525878906,5521
2023-10-18,BOHRAIND,46.150001525878906,46.150001525878906,45.25,46.150001525878906,839
2023-10-19,BOHRAIND,45.25,45.25,45.25,45.25,1550
2023-10-20,BOHRAIND,44.34999847412109,45.25,44.34999847412109,44.34999847412109,799
2023-10-23,BOHRAIND,44.34999847412109,44.34999847412109,44.34999847412109,44.34999847412109,333
2023-10-25,BOHRAIND,44.29999923706055,44.34999847412109,44.29999923706055,44.29999923706055,101
2023-10-26,BOHRAIND,44.29999923706055,44.29999923706055,44.29999923706055,44.29999923706055,0
2023-10-27,BOHRAIND,44.29999923706055,44.29999923706055,44.29999923706055,44.29999923706055,0
2023-10-30,BOHRAIND,42.09999847412109,46.45000076293945,42.09999847412109,46.45000076293945,1491
2023-10-31,BOHRAIND,46.0,48.45000076293945,45.900001525878906,48.25,1203
2023-10-03,BOMDYEING,143.64999389648438,145.75,142.14999389648438,142.60000610351562,1403186
2023-10-04,BOMDYEING,142.0500030517578,142.60000610351562,134.5500030517578,138.8000030517578,1857105
2023-10-05,BOMDYEING,140.0,144.9499969482422,138.1999969482422,143.75,2393539
2023-10-06,BOMDYEING,144.8000030517578,147.1999969482422,143.6999969482422,145.4499969482422,1685538
2023-10-09,BOMDYEING,142.5500030517578,144.6999969482422,140.0,141.10000610351562,1670409
2023-10-10,BOMDYEING,142.5,153.0,142.10000610351562,150.0500030517578,5701494
2023-10-11,BOMDYEING,151.0500030517578,157.89999389648438,150.5,154.35000610351562,6417588
2023-10-12,BOMDYEING,154.3000030517578,159.0500030517578,153.10000610351562,155.5,3150326
2023-10-13,BOMDYEING,154.85000610351562,158.4499969482422,152.60000610351562,153.25,2327644
2023-10-16,BOMDYEING,153.39999389648438,155.3000030517578,150.64999389648438,151.75,1545971
2023-10-17,BOMDYEING,157.0,160.39999389648438,153.75,154.89999389648438,4483047
2023-10-18,BOMDYEING,155.5,160.0,151.75,156.25,4514378
2023-10-19,BOMDYEING,156.39999389648438,158.85000610351562,155.3000030517578,156.9499969482422,2482103
2023-10-20,BOMDYEING,157.35000610351562,176.89999389648438,157.14999389648438,164.3000030517578,35390638
2023-10-23,BOMDYEING,165.5,167.5,150.3000030517578,151.39999389648438,6439545
2023-10-25,BOMDYEING,153.0,154.6999969482422,147.0,149.5500030517578,4009085
2023-10-26,BOMDYEING,148.0,149.14999389648438,140.10000610351562,147.75,4529312
2023-10-27,BOMDYEING,148.5,153.8000030517578,148.5,149.6999969482422,2959008
2023-10-30,BOMDYEING,150.4499969482422,156.25,147.35000610351562,154.89999389648438,3600350
2023-10-31,BOMDYEING,155.5,162.8000030517578,154.6999969482422,159.8000030517578,5789489
2023-10-03,BOROLTD,330.4424133300781,339.6295166015625,327.9253845214844,331.7008972167969,130491
2023-10-04,BOROLTD,330.2326354980469,338.7904968261719,328.3868408203125,337.23834228515625,86985
2023-10-05,BOROLTD,337.2803039550781,341.4333801269531,335.77008056640625,337.8675842285156,66026
2023-10-06,BOROLTD,340.17486572265625,348.98443603515625,337.3641967773437,346.5513000488281,103598
2023-10-09,BOROLTD,338.2032165527344,346.5093688964844,333.08526611328125,335.098876953125,111701
2023-10-10,BOROLTD,337.6997985839844,341.1816711425781,333.9242858886719,334.5954895019531,52882
2023-10-11,BOROLTD,336.98663330078125,338.45489501953125,330.694091796875,333.1691589355469,66284
2023-10-12,BOROLTD,335.098876953125,335.9378967285156,330.2326354980469,331.44921875,56796
2023-10-13,BOROLTD,330.6101989746094,342.6499328613281,330.5682373046875,339.251953125,103906
2023-10-16,BOROLTD,340.9299621582031,342.3143310546875,333.8403625488281,336.1895751953125,65115
2023-10-17,BOROLTD,338.95831298828125,342.7338256835937,330.65216064453125,333.4208679199219,83384
2023-10-18,BOROLTD,333.88232421875,338.95831298828125,333.88232421875,336.3573913574219,55864
2023-10-19,BOROLTD,331.4072570800781,337.49005126953125,331.3233642578125,333.58868408203125,58117
2023-10-20,BOROLTD,333.08526611328125,336.3573913574219,329.8551025390625,332.4979553222656,63987
2023-10-23,BOROLTD,333.0433044433594,335.1408386230469,317.6475524902344,320.4582214355469,105269
2023-10-25,BOROLTD,323.7723083496094,325.4922790527344,313.0749816894531,319.2416687011719,59159
2023-10-26,BOROLTD,314.62713623046875,330.9038391113281,309.5931091308594,323.856201171875,108654
2023-10-27,BOROLTD,331.4072570800781,334.7213134765625,320.9616394042969,324.6112976074219,70225
2023-10-30,BOROLTD,324.6112976074219,333.4208679199219,321.8006286621094,324.4435119628906,78727
2023-10-31,BOROLTD,325.99566650390625,327.96734619140625,321.96844482421875,324.1918029785156,81612
2023-10-03,BORORENEW,428.75,430.9500122070313,420.8500061035156,422.5499877929688,160567
2023-10-04,BORORENEW,421.0,432.0,420.6000061035156,425.6499938964844,289991
2023-10-05,BORORENEW,425.6499938964844,432.1000061035156,425.0499877929688,429.1000061035156,179134
2023-10-06,BORORENEW,430.1000061035156,438.2000122070313,430.1000061035156,434.6499938964844,294059
2023-10-09,BORORENEW,429.0499877929688,429.0499877929688,418.0499877929688,419.6000061035156,245481
2023-10-10,BORORENEW,421.0499877929688,424.75,418.2999877929688,420.3500061035156,136158
2023-10-11,BORORENEW,421.0,425.7999877929688,417.0,418.5499877929688,155717
2023-10-12,BORORENEW,419.1000061035156,423.8999938964844,416.7999877929688,418.8999938964844,168493
2023-10-13,BORORENEW,419.0,423.3500061035156,418.5,420.9500122070313,136215
2023-10-16,BORORENEW,422.0,423.2000122070313,417.0,418.6499938964844,222881
2023-10-17,BORORENEW,420.4500122070313,422.8500061035156,418.0,418.3500061035156,156836
2023-10-18,BORORENEW,418.3500061035156,421.9500122070313,414.8999938964844,415.8999938964844,149500
2023-10-19,BORORENEW,415.7999877929688,418.75,415.0,416.3999938964844,98441
2023-10-20,BORORENEW,416.3999938964844,419.1000061035156,412.6499938964844,414.0,109862
2023-10-23,BORORENEW,413.5,416.7000122070313,402.0,406.0499877929688,258123
2023-10-25,BORORENEW,405.9500122070313,414.25,404.6499938964844,409.7999877929688,340957
2023-10-26,BORORENEW,407.4500122070313,407.7000122070313,391.0499877929688,398.3500061035156,415195
2023-10-27,BORORENEW,400.0,413.5499877929688,400.0,406.8500061035156,167161
2023-10-30,BORORENEW,408.6499938964844,409.7000122070313,402.1499938964844,405.0499877929688,101976
2023-10-31,BORORENEW,405.3500061035156,413.7999877929688,405.3500061035156,407.6499938964844,130798
2023-10-03,BOSCH-HCIL,1230.0,1230.0,1155.0999755859375,1166.300048828125,50822
2023-10-04,BOSCH-HCIL,1165.949951171875,1210.0,1152.199951171875,1190.25,21057
2023-10-05,BOSCH-HCIL,1208.0999755859375,1214.0,1193.199951171875,1200.5,12619
2023-10-06,BOSCH-HCIL,1200.0,1216.550048828125,1200.0,1203.800048828125,8452
2023-10-09,BOSCH-HCIL,1218.0,1218.0,1169.0999755859375,1175.75,16862
2023-10-10,BOSCH-HCIL,1192.75,1202.0,1170.0,1191.949951171875,13942
2023-10-11,BOSCH-HCIL,1200.0,1223.25,1195.75,1208.449951171875,19581
2023-10-12,BOSCH-HCIL,1218.0,1264.0,1196.050048828125,1251.449951171875,55657
2023-10-13,BOSCH-HCIL,1252.0,1284.0,1240.0,1260.6500244140625,30845
2023-10-16,BOSCH-HCIL,1268.0,1272.949951171875,1242.0,1255.050048828125,14328
2023-10-17,BOSCH-HCIL,1255.050048828125,1271.9000244140625,1228.199951171875,1232.050048828125,14862
2023-10-18,BOSCH-HCIL,1242.0,1244.5999755859375,1203.0,1208.8499755859375,13769
2023-10-19,BOSCH-HCIL,1218.0,1222.199951171875,1175.0,1186.699951171875,22610
2023-10-20,BOSCH-HCIL,1186.75,1210.949951171875,1175.0,1186.0,16341
2023-10-23,BOSCH-HCIL,1186.0999755859375,1195.0999755859375,1110.0,1127.75,22280
2023-10-25,BOSCH-HCIL,1127.0,1163.199951171875,1091.0,1114.800048828125,39287
2023-10-26,BOSCH-HCIL,1116.550048828125,1141.0,1074.0999755859375,1131.699951171875,27971
2023-10-27,BOSCH-HCIL,1140.050048828125,1167.3499755859375,1102.75,1143.800048828125,15529
2023-10-30,BOSCH-HCIL,1130.199951171875,1143.75,1080.0,1084.1500244140625,39343
2023-10-31,BOSCH-HCIL,1104.0999755859375,1121.25,1074.0,1083.1500244140625,22292
2023-10-03,BOSCHLTD,19060.0,19060.0,18625.099609375,18762.849609375,28949
2023-10-04,BOSCHLTD,18762.849609375,18900.0,18600.0,18742.349609375,15586
2023-10-05,BOSCHLTD,18742.349609375,18950.650390625,18742.349609375,18930.44921875,8247
2023-10-06,BOSCHLTD,18970.0,19342.0,18900.0,19303.94921875,18284
2023-10-09,BOSCHLTD,19200.0,19300.0,19051.30078125,19256.650390625,20739
2023-10-10,BOSCHLTD,19289.849609375,19772.69921875,19205.150390625,19717.75,26329
2023-10-11,BOSCHLTD,19717.75,19950.0,19613.349609375,19698.099609375,26535
2023-10-12,BOSCHLTD,19601.25,20564.75,19601.25,20455.69921875,81609
2023-10-13,BOSCHLTD,20250.0,20932.099609375,20215.05078125,20529.44921875,60488
2023-10-16,BOSCHLTD,20552.44921875,20760.0,20500.05078125,20674.05078125,25227
2023-10-17,BOSCHLTD,20700.0,20775.69921875,20275.0,20335.30078125,30590
2023-10-18,BOSCHLTD,20453.75,20499.94921875,20058.30078125,20121.099609375,18121
2023-10-19,BOSCHLTD,20000.0,20285.94921875,19947.849609375,20232.25,12124
2023-10-20,BOSCHLTD,20100.0,20230.0,19933.25,20088.69921875,12024
2023-10-23,BOSCHLTD,20099.900390625,20135.94921875,19720.349609375,19825.599609375,21454
2023-10-25,BOSCHLTD,19825.55078125,20136.0,19608.0,19696.0,22214
2023-10-26,BOSCHLTD,19503.05078125,19816.19921875,19480.0,19648.349609375,23748
2023-10-27,BOSCHLTD,19739.0,19964.80078125,19709.69921875,19742.650390625,23336
2023-10-30,BOSCHLTD,19742.650390625,19927.19921875,19400.0,19478.099609375,17238
2023-10-31,BOSCHLTD,19566.599609375,19608.849609375,19362.5,19450.94921875,8370
2023-10-03,BPCL,174.25,174.60000610351562,170.4250030517578,170.6750030517578,10514554
2023-10-04,BPCL,170.6750030517578,172.47500610351562,169.77499389648438,170.6750030517578,6049760
2023-10-05,BPCL,172.75,173.875,171.39999389648438,172.22500610351562,7115506
2023-10-06,BPCL,172.5,174.5,172.0,173.60000610351562,3717076
2023-10-09,BPCL,170.5,170.8249969482422,168.0749969482422,170.0,8740080
2023-10-10,BPCL,170.02499389648438,171.3000030517578,169.60000610351562,170.1999969482422,3572978
2023-10-11,BPCL,171.10000610351562,172.64999389648438,170.75,171.27499389648438,4799512
2023-10-12,BPCL,172.4499969482422,175.1750030517578,172.02499389648438,174.35000610351562,7703802
2023-10-13,BPCL,173.5500030517578,175.3000030517578,173.52499389648438,173.85000610351562,3981804
2023-10-16,BPCL,172.5,174.22500610351562,171.0,173.625,3262470
2023-10-17,BPCL,174.4499969482422,178.85000610351562,173.35000610351562,177.35000610351562,10443728
2023-10-18,BPCL,177.5,178.25,174.4250030517578,175.10000610351562,9162228
2023-10-19,BPCL,174.75,177.27499389648438,174.5749969482422,176.85000610351562,5743188
2023-10-20,BPCL,175.3000030517578,176.39999389648438,172.27499389648438,173.1999969482422,4400690
2023-10-23,BPCL,172.77499389648438,173.64999389648438,170.8249969482422,171.39999389648438,7813800
2023-10-25,BPCL,171.27499389648438,173.25,169.25,169.97500610351562,5429774
2023-10-26,BPCL,168.8000030517578,169.47500610351562,165.72500610351562,167.5,7743878
2023-10-27,BPCL,167.5,169.125,167.0,167.47500610351562,2996088
2023-10-30,BPCL,169.0,174.4499969482422,168.5500030517578,173.4499969482422,21873188
2023-10-31,BPCL,174.1750030517578,176.97500610351562,172.3249969482422,174.625,10673186
2023-10-03,BPL,83.94999694824219,84.4000015258789,81.25,82.3499984741211,245816
2023-10-04,BPL,82.4000015258789,83.4000015258789,78.5,80.05000305175781,336228
2023-10-05,BPL,80.5,81.80000305175781,79.3499984741211,80.1500015258789,177750
2023-10-06,BPL,80.80000305175781,83.44999694824219,80.25,82.05000305175781,357420
2023-10-09,BPL,82.0,82.0,74.3499984741211,75.6500015258789,373480
2023-10-10,BPL,76.0999984741211,78.5,76.0999984741211,77.9000015258789,211514
2023-10-11,BPL,78.5,82.6500015258789,78.5,81.30000305175781,335963
2023-10-12,BPL,81.30000305175781,82.5999984741211,79.75,80.55000305175781,132299
2023-10-13,BPL,80.0,87.4000015258789,79.0,85.5,977395
2023-10-16,BPL,85.5,91.5999984741211,84.5999984741211,88.44999694824219,1451256
2023-10-17,BPL,89.44999694824219,91.4000015258789,87.0999984741211,87.75,789409
2023-10-18,BPL,88.05000305175781,88.5,84.80000305175781,85.5,389807
2023-10-19,BPL,85.30000305175781,102.5999984741211,84.9000015258789,101.8499984741211,5769074
2023-10-20,BPL,98.9499969482422,102.5,93.0999984741211,94.0999984741211,1772642
2023-10-23,BPL,93.9000015258789,95.6999969482422,83.19999694824219,84.75,1074435
2023-10-25,BPL,83.0,87.69999694824219,80.55000305175781,80.80000305175781,198322
2023-10-26,BPL,80.80000305175781,81.6500015258789,76.80000305175781,80.94999694824219,165296
2023-10-27,BPL,82.75,84.75,80.94999694824219,83.94999694824219,106726
2023-10-30,BPL,84.0,87.5,83.0,84.3499984741211,107008
2023-10-31,BPL,85.75,86.6500015258789,81.0,82.55000305175781,108290
2023-10-03,BRIGADE,426.0375061035156,438.7875061035156,426.0375061035156,435.9750061035156,284179
2023-10-04,BRIGADE,437.25,439.2374877929688,429.0375061035156,433.125,181450
2023-10-05,BRIGADE,433.125,438.6000061035156,432.1499938964844,434.8875122070313,122111
2023-10-06,BRIGADE,437.5874938964844,446.7749938964844,435.7124938964844,444.9750061035156,235335
2023-10-09,BRIGADE,444.6749877929688,459.3374938964844,438.0,449.8500061035156,360775
2023-10-10,BRIGADE,449.25,470.8500061035156,445.7625122070313,455.5125122070313,665039
2023-10-11,BRIGADE,459.6749877929688,461.9624938964844,453.75,458.5499877929688,312854
2023-10-12,BRIGADE,458.5499877929688,461.9249877929688,452.5125122070313,458.4375,115833
2023-10-13,BRIGADE,456.75,467.625,454.5,466.0499877929688,171845
2023-10-16,BRIGADE,466.0499877929688,469.3125,456.375,458.1000061035156,212166
2023-10-17,BRIGADE,461.2875061035156,470.25,458.5125122070313,466.4249877929688,236125
2023-10-18,BRIGADE,466.4249877929688,475.7625122070313,459.75,468.7875061035156,371881
2023-10-19,BRIGADE,471.0,471.0,456.375,460.9500122070313,133627
2023-10-20,BRIGADE,460.9500122070313,463.5,453.8250122070313,458.7749938964844,204809
2023-10-23,BRIGADE,461.1749877929688,462.3374938964844,444.0375061035156,451.2749938964844,92730
2023-10-25,BRIGADE,450.0,459.6749877929688,445.5,451.6875,163941
2023-10-26,BRIGADE,451.2374877929688,452.3999938964844,435.8624877929688,449.4750061035156,194101
2023-10-27,BRIGADE,450.0375061035156,468.75,447.4125061035156,465.1124877929688,170946
2023-10-30,BRIGADE,463.5,467.2875061035156,457.5,464.5874938964844,240707
2023-10-31,BRIGADE,466.0125122070313,469.1625061035156,456.7875061035156,461.5874938964844,564295
2023-10-03,BRITANNIA,4524.7998046875,4553.25,4486.60009765625,4495.4501953125,543482
2023-10-04,BRITANNIA,4490.0,4540.0,4466.75,4532.5,318564
2023-10-05,BRITANNIA,4540.25,4548.2001953125,4500.0,4533.89990234375,302015
2023-10-06,BRITANNIA,4533.85009765625,4549.4501953125,4515.0,4538.4501953125,238131
2023-10-09,BRITANNIA,4511.0,4535.0,4493.5,4522.5,255764
2023-10-10,BRITANNIA,4522.2001953125,4541.9501953125,4503.0,4529.9501953125,222750
2023-10-11,BRITANNIA,4522.0,4568.9501953125,4520.64990234375,4554.9501953125,368192
2023-10-12,BRITANNIA,4582.0,4591.60009765625,4531.0,4560.75,518582
2023-10-13,BRITANNIA,4550.0,4582.0,4515.0,4574.7001953125,445822
2023-10-16,BRITANNIA,4559.9501953125,4591.4501953125,4555.0,4586.0498046875,292118
2023-10-17,BRITANNIA,4586.2001953125,4609.89990234375,4562.2001953125,4600.35009765625,196669
2023-10-18,BRITANNIA,4605.0,4623.0,4586.25,4607.7001953125,217179
2023-10-19,BRITANNIA,4600.0498046875,4616.0,4561.7001953125,4602.4501953125,228881
2023-10-20,BRITANNIA,4603.0,4608.0,4558.75,4580.0,351045
2023-10-23,BRITANNIA,4572.7001953125,4600.0,4516.35009765625,4530.60009765625,203004
2023-10-25,BRITANNIA,4470.0,4585.60009765625,4470.0,4533.75,330082
2023-10-26,BRITANNIA,4517.60009765625,4524.7998046875,4476.75,4507.7998046875,488909
2023-10-27,BRITANNIA,4512.0,4544.0,4491.0,4514.2998046875,382794
2023-10-30,BRITANNIA,4500.0,4508.7001953125,4441.0,4461.60009765625,450526
2023-10-31,BRITANNIA,4460.10009765625,4479.75,4401.89990234375,4426.5,504625
2023-10-03,BRNL,41.79999923706055,41.79999923706055,40.34999847412109,40.79999923706055,73720
2023-10-04,BRNL,40.79999923706055,40.79999923706055,39.29999923706055,40.5,81052
2023-10-05,BRNL,40.59999847412109,42.150001525878906,39.79999923706055,40.29999923706055,94032
2023-10-06,BRNL,40.5,41.20000076293945,40.0,40.400001525878906,68444
2023-10-09,BRNL,39.25,40.150001525878906,38.20000076293945,38.45000076293945,94762
2023-10-10,BRNL,38.5,40.79999923706055,38.5,39.84999847412109,105131
2023-10-11,BRNL,40.150001525878906,40.45000076293945,39.20000076293945,39.59999847412109,54517
2023-10-12,BRNL,39.25,44.29999923706055,39.25,42.34999847412109,615641
2023-10-13,BRNL,41.95000076293945,43.34999847412109,41.400001525878906,42.95000076293945,297110
2023-10-16,BRNL,43.900001525878906,44.0,42.20000076293945,43.04999923706055,172257
2023-10-17,BRNL,43.70000076293945,49.09999847412109,43.400001525878906,46.70000076293945,2446039
2023-10-18,BRNL,46.70000076293945,49.0,45.29999923706055,46.75,1053383
2023-10-19,BRNL,46.95000076293945,47.79999923706055,45.400001525878906,46.70000076293945,350625
2023-10-20,BRNL,46.70000076293945,46.79999923706055,43.79999923706055,44.34999847412109,246929
2023-10-23,BRNL,44.34999847412109,44.79999923706055,39.0,39.25,377231
2023-10-25,BRNL,39.54999923706055,41.650001525878906,39.54999923706055,40.150001525878906,122256
2023-10-26,BRNL,40.0,40.09999847412109,37.45000076293945,39.20000076293945,145687
2023-10-27,BRNL,39.20000076293945,40.75,38.900001525878906,39.0,190957
2023-10-30,BRNL,39.09999847412109,40.34999847412109,38.75,39.45000076293945,101734
2023-10-31,BRNL,39.900001525878906,41.0,39.70000076293945,39.84999847412109,79433
2023-10-03,BROOKS,90.0,91.9499969482422,87.25,90.5,11752
2023-10-04,BROOKS,90.4499969482422,91.8000030517578,88.4000015258789,88.5999984741211,44110
2023-10-05,BROOKS,90.4000015258789,93.0,87.0999984741211,91.8499984741211,139249
2023-10-06,BROOKS,91.8499984741211,93.0,88.0,90.75,24925
2023-10-09,BROOKS,88.0999984741211,94.8499984741211,88.0999984741211,94.5,54397
2023-10-10,BROOKS,94.5,99.1999969482422,94.5,99.0999984741211,112864
2023-10-11,BROOKS,101.0,104.0500030517578,100.0,104.0500030517578,54947
2023-10-12,BROOKS,106.0500030517578,109.25,106.0500030517578,109.25,86916
2023-10-13,BROOKS,111.4000015258789,111.4000015258789,111.4000015258789,111.4000015258789,93940
2023-10-16,BROOKS,113.5999984741211,113.5999984741211,113.5999984741211,113.5999984741211,20506
2023-10-17,BROOKS,115.8499984741211,115.8499984741211,115.8499984741211,115.8499984741211,55736
2023-10-18,BROOKS,118.1500015258789,118.1500015258789,118.1500015258789,118.1500015258789,79861
2023-10-19,BROOKS,115.8000030517578,115.8000030517578,115.8000030517578,115.8000030517578,1434
2023-10-20,BROOKS,113.5,113.5,113.5,113.5,185
2023-10-23,BROOKS,111.25,111.25,111.25,111.25,10100
2023-10-25,BROOKS,109.0500030517578,109.0500030517578,109.0500030517578,109.0500030517578,1270
2023-10-26,BROOKS,106.9000015258789,106.9000015258789,106.9000015258789,106.9000015258789,774
2023-10-27,BROOKS,105.0500030517578,109.0,105.0,105.0500030517578,29990
2023-10-30,BROOKS,106.9000015258789,106.9000015258789,104.0999984741211,106.9000015258789,5966
2023-10-31,BROOKS,109.0,109.0,107.9000015258789,109.0,25118
2023-10-03,BSE,433.3333435058594,436.0666809082031,427.0,432.6166687011719,1564014
2023-10-04,BSE,434.6666564941406,443.3333435058594,417.5499877929688,426.76666259765625,2845020
2023-10-05,BSE,428.9166564941406,443.26666259765625,428.9166564941406,442.0333251953125,2469486
2023-10-06,BSE,444.3999938964844,473.0,444.0,467.1666564941406,9082923
2023-10-09,BSE,454.6666564941406,480.0,453.3500061035156,461.3166809082031,7542750
2023-10-10,BSE,469.3166809082031,490.6666564941406,468.3333435058594,478.1333312988281,8047413
2023-10-11,BSE,483.0,502.0,483.0,493.9166564941406,6738294
2023-10-12,BSE,498.3833312988281,504.9166564941406,479.01666259765625,491.51666259765625,4084977
2023-10-13,BSE,491.3333435058594,497.5333251953125,485.98333740234375,494.4500122070313,2059107
2023-10-16,BSE,494.5,506.3333435058594,490.0666809082031,493.6666564941406,2871741
2023-10-17,BSE,496.8833312988281,502.0666809082031,488.3500061035156,493.3833312988281,2544957
2023-10-18,BSE,492.6666564941406,498.3333435058594,488.6666564941406,495.8999938964844,1873095
2023-10-19,BSE,495.0,516.0,491.0,512.5333251953125,4268166
2023-10-20,BSE,516.6666870117188,531.3333129882812,512.5999755859375,529.2666625976562,5452644
2023-10-23,BSE,546.6666870117188,599.3333129882812,544.2666625976562,569.0499877929688,21342201
2023-10-25,BSE,583.3333129882812,609.3333129882812,565.0333251953125,596.2333374023438,14478069
2023-10-26,BSE,590.0,609.9166870117188,528.7166748046875,599.7333374023438,19530813
2023-10-27,BSE,616.3333129882812,637.5999755859375,613.683349609375,620.9833374023438,8973864
2023-10-30,BSE,620.3333129882812,637.6333618164062,592.3333129882812,632.566650390625,6514644
2023-10-31,BSE,633.3333129882812,648.6333618164062,616.7000122070312,621.0,6278130
2023-10-03,BSHSL,251.6499938964844,251.6499938964844,241.0,242.0500030517578,10804
2023-10-04,BSHSL,248.0,248.0,240.0,241.8999938964844,7855
2023-10-05,BSHSL,241.8999938964844,246.6499938964844,240.1999969482422,241.1499938964844,9598
2023-10-06,BSHSL,236.5,244.8999938964844,236.5,242.4499969482422,9166
2023-10-09,BSHSL,237.6000061035156,245.0,234.8000030517578,240.6499938964844,15279
2023-10-10,BSHSL,235.9499969482422,245.0,235.8500061035156,238.75,12369
2023-10-11,BSHSL,244.1499938964844,244.1499938964844,238.0,239.1999969482422,7537
2023-10-12,BSHSL,243.75,243.75,236.8999938964844,242.5,12153
2023-10-13,BSHSL,241.0,244.0,239.0,241.8000030517578,10187
2023-10-16,BSHSL,235.1499938964844,245.75,235.1499938964844,241.8500061035156,17855
2023-10-17,BSHSL,246.6999969482422,247.0,234.1000061035156,234.5,29403
2023-10-18,BSHSL,234.5,236.9499969482422,227.1499938964844,227.75,18412
2023-10-19,BSHSL,227.75,232.8000030517578,221.1000061035156,226.3500061035156,14606
2023-10-20,BSHSL,222.5500030517578,232.1000061035156,222.5500030517578,228.9499969482422,14098
2023-10-23,BSHSL,232.0,232.0,222.3999938964844,227.25,20159
2023-10-25,BSHSL,227.25,232.0,220.0,221.3500061035156,16307
2023-10-26,BSHSL,220.0,224.9499969482422,214.1000061035156,215.5,19081
2023-10-27,BSHSL,219.9499969482422,222.1000061035156,217.0500030517578,218.3000030517578,10354
2023-10-30,BSHSL,220.1000061035156,220.1000061035156,215.5,216.3500061035156,8462
2023-10-31,BSHSL,216.3500061035156,222.8999938964844,215.3500061035156,219.25,17592
2023-10-03,BSL,179.89999389648438,190.0,174.10000610351562,183.9499969482422,27408
2023-10-04,BSL,186.9499969482422,187.0,175.3000030517578,177.9499969482422,9107
2023-10-05,BSL,181.6000061035156,188.0,179.8000030517578,182.1499938964844,8491
2023-10-06,BSL,186.8500061035156,210.0,180.8000030517578,192.6999969482422,122671
2023-10-09,BSL,191.6499938964844,191.6499938964844,183.0,183.6999969482422,17890
2023-10-10,BSL,187.8000030517578,190.5,183.5500030517578,189.3000030517578,6713
2023-10-11,BSL,189.0,194.5,187.5500030517578,192.6499938964844,13268
2023-10-12,BSL,192.0,193.9499969482422,184.6000061035156,187.3500061035156,9444
2023-10-13,BSL,187.6000061035156,193.0,187.5500030517578,191.6000061035156,7343
2023-10-16,BSL,196.0,196.0,188.8000030517578,190.5,12445
2023-10-17,BSL,194.0,194.4499969482422,188.5,189.0,4830
2023-10-18,BSL,193.3500061035156,193.6999969482422,190.0,191.8000030517578,5926
2023-10-19,BSL,190.1000061035156,192.1000061035156,184.0,185.3500061035156,10292
2023-10-20,BSL,185.3000030517578,187.9499969482422,184.0,184.5,2460
2023-10-23,BSL,184.0,184.0500030517578,178.6999969482422,179.25,8125
2023-10-25,BSL,181.75,182.1999969482422,169.6999969482422,172.8000030517578,9704
2023-10-26,BSL,176.75,176.75,168.25,175.3000030517578,6389
2023-10-27,BSL,181.0,181.0,175.25,177.64999389648438,2888
2023-10-30,BSL,180.0500030517578,180.0500030517578,172.39999389648438,178.6999969482422,1175
2023-10-31,BSL,182.0,182.0,176.0,177.39999389648438,2397
2023-10-03,BSOFT,482.0,502.5,480.0,496.8500061035156,2451623
2023-10-04,BSOFT,495.9500122070313,497.75,480.0,491.3999938964844,1785367
2023-10-05,BSOFT,495.0,514.8499755859375,494.3500061035156,513.3499755859375,7291721
2023-10-06,BSOFT,515.9500122070312,520.5,509.3500061035156,512.7000122070312,3080842
2023-10-09,BSOFT,507.0,524.7000122070312,506.1000061035156,515.75,3470714
2023-10-10,BSOFT,516.8499755859375,543.7000122070312,515.6500244140625,539.0999755859375,6462169
2023-10-11,BSOFT,543.0,548.5,536.25,540.1500244140625,3418506
2023-10-12,BSOFT,543.0,548.8499755859375,541.0,543.75,3194908
2023-10-13,BSOFT,537.1500244140625,548.5,536.0499877929688,543.5,1601894
2023-10-16,BSOFT,541.5,547.9000244140625,540.2000122070312,544.0999755859375,1073524
2023-10-17,BSOFT,544.5,556.75,541.0999755859375,554.5,2739949
2023-10-18,BSOFT,557.9500122070312,560.0,543.7999877929688,546.6500244140625,3051782
2023-10-19,BSOFT,542.0,555.3499755859375,539.25,549.75,1808144
2023-10-20,BSOFT,547.9500122070312,551.4500122070312,540.5499877929688,548.0499877929688,1178794
2023-10-23,BSOFT,546.9000244140625,548.25,522.8499755859375,526.4500122070312,1728468
2023-10-25,BSOFT,526.4500122070312,534.9500122070312,520.2000122070312,525.2999877929688,1054661
2023-10-26,BSOFT,519.5499877929688,532.5,509.5499877929688,528.9000244140625,2237755
2023-10-27,BSOFT,534.9500122070312,543.4500122070312,529.0,542.4000244140625,1436568
2023-10-30,BSOFT,544.0,544.9000244140625,536.5499877929688,542.0499877929688,823028
2023-10-31,BSOFT,546.2000122070312,552.0,540.0,547.6500244140625,1369699
2023-10-03,BTML,14.204999923706056,14.494999885559082,13.699999809265137,14.130000114440918,146400
2023-10-04,BTML,14.300000190734863,14.454999923706056,13.604999542236328,13.850000381469728,209350
2023-10-05,BTML,14.125,14.1899995803833,13.585000038146973,14.0649995803833,259170
2023-10-06,BTML,14.045000076293944,14.765000343322754,13.869999885559082,14.71500015258789,575080
2023-10-09,BTML,14.395000457763672,15.494999885559082,13.515000343322754,15.05500030517578,1048430
2023-10-10,BTML,15.359999656677246,15.699999809265137,14.1850004196167,14.614999771118164,835360
2023-10-11,BTML,15.550000190734863,15.550000190734863,14.505000114440918,15.225000381469728,387280
2023-10-12,BTML,15.225000381469728,15.6899995803833,14.979999542236328,15.56999969482422,441390
2023-10-13,BTML,15.515000343322754,15.6899995803833,15.18000030517578,15.40999984741211,103850
2023-10-16,BTML,15.645000457763672,15.710000038146973,15.234999656677246,15.454999923706056,306380
2023-10-17,BTML,15.960000038146973,15.960000038146973,14.734999656677246,15.359999656677246,493880
2023-10-18,BTML,15.289999961853027,15.460000038146973,14.760000228881836,15.109999656677246,271060
2023-10-19,BTML,15.789999961853027,15.789999961853027,14.600000381469728,14.9350004196167,307210
2023-10-20,BTML,15.085000038146973,15.295000076293944,14.800000190734863,14.994999885559082,86130
2023-10-23,BTML,15.199999809265137,15.354999542236328,14.800000190734863,14.895000457763672,2313280
2023-10-25,BTML,14.850000381469728,15.885000228881836,14.71500015258789,15.09000015258789,463020
2023-10-26,BTML,14.960000038146973,15.989999771118164,14.210000038146973,15.524999618530272,1772410
2023-10-27,BTML,15.399999618530272,15.59000015258789,14.44499969482422,15.5,2092600
2023-10-30,BTML,15.399999618530272,15.729999542236328,15.149999618530272,15.550000190734863,230870
2023-10-31,BTML,15.69499969482422,15.9399995803833,15.335000038146973,15.71500015258789,397120
2023-10-03,BURNPUR,24.75,25.75,24.5,25.0,219887
2023-10-04,BURNPUR,25.25,25.25,24.25,24.75,93668
2023-10-05,BURNPUR,25.0,25.5,24.5,24.5,42019
2023-10-06,BURNPUR,24.75,25.25,24.5,24.5,57005
2023-10-09,BURNPUR,24.5,24.75,23.5,24.0,51517
2023-10-10,BURNPUR,24.25,24.5,24.0,24.0,26153
2023-10-11,BURNPUR,24.25,26.25,24.25,26.0,139707
2023-10-12,BURNPUR,26.75,27.0,25.5,25.75,111127
2023-10-13,BURNPUR,25.75,25.75,25.0,25.0,22323
2023-10-16,BURNPUR,25.25,25.75,24.75,25.0,42673
2023-10-17,BURNPUR,25.5,25.75,25.0,25.25,26234
2023-10-18,BURNPUR,25.5,26.75,25.0,25.0,109754
2023-10-19,BURNPUR,25.0,25.75,24.75,25.0,65360
2023-10-20,BURNPUR,25.25,26.75,25.0,25.5,189708
2023-10-23,BURNPUR,25.75,26.5,24.5,24.75,220552
2023-10-25,BURNPUR,25.25,25.5,23.0,24.0,127023
2023-10-26,BURNPUR,24.25,24.25,23.0,23.75,34643
2023-10-27,BURNPUR,23.75,25.25,23.75,24.75,62292
2023-10-30,BURNPUR,24.5,25.25,24.25,24.5,42082
2023-10-31,BURNPUR,24.75,25.0,24.0,24.5,24520
2023-10-03,BUTTERFLY,1265.949951171875,1287.0,1225.0999755859375,1238.300048828125,8623
2023-10-04,BUTTERFLY,1245.0,1246.199951171875,1215.0,1220.800048828125,7187
2023-10-05,BUTTERFLY,1222.0,1241.0,1215.0,1227.5,4146
2023-10-06,BUTTERFLY,1224.0,1248.0,1217.0,1227.75,4478
2023-10-09,BUTTERFLY,1229.9000244140625,1229.9000244140625,1189.0999755859375,1194.0999755859375,10867
2023-10-10,BUTTERFLY,1188.050048828125,1220.0999755859375,1188.050048828125,1208.199951171875,3666
2023-10-11,BUTTERFLY,1219.6500244140625,1235.0,1207.0,1228.3499755859375,9727
2023-10-12,BUTTERFLY,1210.0,1234.9000244140625,1210.0,1230.949951171875,5121
2023-10-13,BUTTERFLY,1208.0,1235.949951171875,1208.0,1223.300048828125,3724
2023-10-16,BUTTERFLY,1211.1500244140625,1237.4000244140625,1211.1500244140625,1232.550048828125,4560
2023-10-17,BUTTERFLY,1235.0,1241.8499755859375,1223.0999755859375,1232.75,3488
2023-10-18,BUTTERFLY,1211.0,1247.699951171875,1211.0,1213.3499755859375,2967
2023-10-19,BUTTERFLY,1229.699951171875,1229.699951171875,1195.050048828125,1200.1500244140625,4054
2023-10-20,BUTTERFLY,1198.949951171875,1209.9000244140625,1148.0,1164.0,11487
2023-10-23,BUTTERFLY,1160.0,1172.949951171875,1141.0,1143.550048828125,4953
2023-10-25,BUTTERFLY,1143.0,1160.0,1127.5,1157.800048828125,3243
2023-10-26,BUTTERFLY,1133.0,1176.8499755859375,1133.0,1171.3499755859375,3143
2023-10-27,BUTTERFLY,1169.949951171875,1188.5999755859375,1165.0999755859375,1174.699951171875,1131
2023-10-30,BUTTERFLY,1152.0,1208.800048828125,1152.0,1167.6500244140625,8540
2023-10-31,BUTTERFLY,1179.0,1185.199951171875,1077.1500244140625,1085.4000244140625,56787
2023-10-03,BVCL,39.25,40.25,38.09999847412109,40.0,10501
2023-10-04,BVCL,38.79999923706055,39.95000076293945,38.0,38.0,20370
2023-10-05,BVCL,38.45000076293945,39.0,36.20000076293945,38.900001525878906,9702
2023-10-06,BVCL,38.900001525878906,39.900001525878906,37.650001525878906,38.900001525878906,10744
2023-10-09,BVCL,38.900001525878906,38.900001525878906,37.400001525878906,38.400001525878906,5419
2023-10-10,BVCL,39.20000076293945,39.20000076293945,37.29999923706055,38.5,10135
2023-10-11,BVCL,39.59999847412109,40.0,38.0,38.34999847412109,13700
2023-10-12,BVCL,39.400001525878906,39.84999847412109,37.84999847412109,39.0,19930
2023-10-13,BVCL,39.34999847412109,40.0,38.34999847412109,39.79999923706055,11997
2023-10-16,BVCL,39.75,40.84999847412109,39.5,39.75,24330
2023-10-17,BVCL,39.70000076293945,40.650001525878906,39.150001525878906,39.59999847412109,5448
2023-10-18,BVCL,38.400001525878906,40.150001525878906,38.400001525878906,39.20000076293945,4994
2023-10-19,BVCL,39.45000076293945,39.650001525878906,38.59999847412109,39.650001525878906,9375
2023-10-20,BVCL,38.79999923706055,39.95000076293945,38.79999923706055,39.09999847412109,16678
2023-10-23,BVCL,39.09999847412109,39.09999847412109,37.20000076293945,37.45000076293945,20725
2023-10-25,BVCL,39.150001525878906,39.150001525878906,36.45000076293945,36.650001525878906,16614
2023-10-26,BVCL,37.0,37.0,34.849998474121094,35.29999923706055,14185
2023-10-27,BVCL,35.0,36.650001525878906,35.0,36.150001525878906,8454
2023-10-30,BVCL,35.20000076293945,36.79999923706055,35.20000076293945,36.29999923706055,16171
2023-10-31,BVCL,37.900001525878906,37.900001525878906,35.599998474121094,37.70000076293945,10524
2023-10-03,BYKE,40.0,45.79999923706055,39.25,44.650001525878906,2295627
2023-10-04,BYKE,45.5,46.75,44.5,45.25,924682
2023-10-05,BYKE,45.95000076293945,46.59999847412109,44.34999847412109,44.95000076293945,430572
2023-10-06,BYKE,44.79999923706055,51.900001525878906,44.79999923706055,49.400001525878906,4048378
2023-10-09,BYKE,49.0,53.0,47.400001525878906,50.400001525878906,2005679
2023-10-10,BYKE,51.59999847412109,53.0,50.79999923706055,51.150001525878906,787764
2023-10-11,BYKE,51.650001525878906,51.900001525878906,48.75,49.400001525878906,561229
2023-10-12,BYKE,49.95000076293945,50.75,48.900001525878906,49.45000076293945,315851
2023-10-13,BYKE,49.45000076293945,50.20000076293945,48.20000076293945,48.650001525878906,230692
2023-10-16,BYKE,49.09999847412109,49.09999847412109,46.5,46.84999847412109,305870
2023-10-17,BYKE,47.04999923706055,50.650001525878906,47.04999923706055,47.59999847412109,492308
2023-10-18,BYKE,48.29999923706055,48.29999923706055,45.59999847412109,46.20000076293945,232651
2023-10-19,BYKE,47.0,47.0,45.0,45.95000076293945,96346
2023-10-20,BYKE,45.5,46.900001525878906,45.29999923706055,45.75,64141
2023-10-23,BYKE,46.5,47.75,43.5,43.5,134047
2023-10-25,BYKE,43.79999923706055,43.79999923706055,41.34999847412109,41.34999847412109,76053
2023-10-26,BYKE,39.34999847412109,43.400001525878906,39.29999923706055,42.650001525878906,90227
2023-10-27,BYKE,43.150001525878906,44.0,40.900001525878906,41.75,120394
2023-10-30,BYKE,41.5,41.5,39.70000076293945,39.70000076293945,212290
2023-10-31,BYKE,39.70000076293945,39.70000076293945,37.84999847412109,38.59999847412109,146523
2023-10-03,CALSOFT,14.699999809265137,14.699999809265137,14.100000381469728,14.199999809265137,11949
2023-10-04,CALSOFT,14.199999809265137,14.5,14.0,14.350000381469728,14549
2023-10-05,CALSOFT,14.25,14.5,14.100000381469728,14.300000190734863,11039
2023-10-06,CALSOFT,14.550000190734863,14.649999618530272,14.199999809265137,14.350000381469728,17398
2023-10-09,CALSOFT,14.0,14.399999618530272,13.899999618530272,13.949999809265137,10242
2023-10-10,CALSOFT,14.100000381469728,14.300000190734863,13.800000190734863,13.800000190734863,11861
2023-10-11,CALSOFT,14.25,14.25,13.699999809265137,13.899999618530272,10047
2023-10-12,CALSOFT,13.800000190734863,14.199999809265137,13.800000190734863,13.850000381469728,10922
2023-10-13,CALSOFT,14.25,14.25,13.800000190734863,13.899999618530272,13325
2023-10-16,CALSOFT,14.199999809265137,14.199999809265137,13.850000381469728,13.899999618530272,16343
2023-10-17,CALSOFT,14.100000381469728,14.100000381469728,13.800000190734863,13.899999618530272,18547
2023-10-18,CALSOFT,14.149999618530272,14.199999809265137,13.75,14.050000190734863,29049
2023-10-19,CALSOFT,14.050000190734863,14.199999809265137,13.800000190734863,14.0,22837
2023-10-20,CALSOFT,14.350000381469728,14.350000381469728,13.850000381469728,13.949999809265137,11662
2023-10-23,CALSOFT,14.350000381469728,14.350000381469728,13.25,13.399999618530272,25731
2023-10-25,CALSOFT,13.449999809265137,13.899999618530272,13.199999809265137,13.300000190734863,9223
2023-10-26,CALSOFT,13.25,13.399999618530272,12.0,12.399999618530272,44909
2023-10-27,CALSOFT,12.600000381469728,13.399999618530272,12.5,13.050000190734863,23322
2023-10-30,CALSOFT,13.300000190734863,13.350000381469728,12.550000190734863,12.949999809265137,24909
2023-10-31,CALSOFT,13.25,13.350000381469728,12.800000190734863,13.300000190734863,24627
2023-10-03,CAMLINFINE,163.14999389648438,166.39999389648438,162.0,162.64999389648438,347226
2023-10-04,CAMLINFINE,161.1999969482422,163.5500030517578,156.9499969482422,159.0500030517578,452770
2023-10-05,CAMLINFINE,159.39999389648438,168.8000030517578,159.39999389648438,165.10000610351562,581244
2023-10-06,CAMLINFINE,165.10000610351562,168.4499969482422,162.3000030517578,164.60000610351562,384359
2023-10-09,CAMLINFINE,161.0,163.8000030517578,159.60000610351562,160.60000610351562,408699
2023-10-10,CAMLINFINE,161.85000610351562,163.5,161.0,162.64999389648438,189127
2023-10-11,CAMLINFINE,163.9499969482422,166.60000610351562,162.5,163.6999969482422,357379
2023-10-12,CAMLINFINE,164.6999969482422,164.6999969482422,159.75,160.8000030517578,294530
2023-10-13,CAMLINFINE,160.64999389648438,165.39999389648438,160.25,163.5500030517578,395184
2023-10-16,CAMLINFINE,164.35000610351562,164.35000610351562,159.0500030517578,161.14999389648438,663716
2023-10-17,CAMLINFINE,162.4499969482422,162.64999389648438,159.1999969482422,160.14999389648438,378723
2023-10-18,CAMLINFINE,160.1999969482422,163.10000610351562,158.5500030517578,160.5,552069
2023-10-19,CAMLINFINE,160.0,164.39999389648438,159.39999389648438,162.9499969482422,371894
2023-10-20,CAMLINFINE,162.6999969482422,163.89999389648438,158.5500030517578,159.75,229496
2023-10-23,CAMLINFINE,159.75,159.75,147.8000030517578,148.6999969482422,658501
2023-10-25,CAMLINFINE,149.25,152.39999389648438,143.4499969482422,147.25,424819
2023-10-26,CAMLINFINE,145.0500030517578,150.39999389648438,141.6999969482422,147.5,370945
2023-10-27,CAMLINFINE,148.0,149.75,146.75,148.4499969482422,314030
2023-10-30,CAMLINFINE,149.60000610351562,149.60000610351562,146.0,148.60000610351562,156264
2023-10-31,CAMLINFINE,148.60000610351562,148.60000610351562,143.1999969482422,143.9499969482422,419124
2023-10-03,CAMPUS,290.5,298.8999938964844,288.29998779296875,292.54998779296875,1297645
2023-10-04,CAMPUS,291.8500061035156,291.8500061035156,287.70001220703125,289.29998779296875,615131
2023-10-05,CAMPUS,290.95001220703125,294.3999938964844,286.6000061035156,287.79998779296875,828113
2023-10-06,CAMPUS,289.70001220703125,290.79998779296875,287.1000061035156,287.95001220703125,474071
2023-10-09,CAMPUS,286.29998779296875,286.54998779296875,282.0,282.8500061035156,903621
2023-10-10,CAMPUS,285.0,289.6000061035156,284.29998779296875,288.45001220703125,655095
2023-10-11,CAMPUS,290.8999938964844,292.5,284.8999938964844,285.29998779296875,1068841
2023-10-12,CAMPUS,286.8999938964844,288.5,285.0,285.95001220703125,387224
2023-10-13,CAMPUS,285.0,288.0,284.79998779296875,286.0,347816
2023-10-16,CAMPUS,288.0,295.45001220703125,286.29998779296875,290.1000061035156,1264625
2023-10-17,CAMPUS,292.0,305.25,291.8999938964844,295.8500061035156,3424326
2023-10-18,CAMPUS,297.3999938964844,300.8500061035156,292.29998779296875,294.0,1128790
2023-10-19,CAMPUS,293.0,299.1000061035156,292.04998779296875,297.1499938964844,1645353
2023-10-20,CAMPUS,297.1499938964844,299.25,292.79998779296875,293.25,715603
2023-10-23,CAMPUS,292.54998779296875,292.75,277.04998779296875,279.75,1058085
2023-10-25,CAMPUS,281.45001220703125,282.79998779296875,271.20001220703125,277.75,1012817
2023-10-26,CAMPUS,277.0,277.45001220703125,263.8999938964844,268.29998779296875,2318835
2023-10-27,CAMPUS,271.0,273.0,267.0,268.79998779296875,941541
2023-10-30,CAMPUS,269.79998779296875,269.8500061035156,264.1499938964844,266.1000061035156,565435
2023-10-31,CAMPUS,267.8999938964844,269.20001220703125,265.3999938964844,266.1000061035156,508220
2023-10-03,CAMS,503.7799987792969,506.0,496.1099853515625,503.489990234375,353245
2023-10-04,CAMS,499.7999877929688,502.0499877929688,489.0199890136719,489.989990234375,311020
2023-10-05,CAMS,491.7999877929688,499.6000061035156,490.6000061035156,494.6900024414063,302625
2023-10-06,CAMS,496.0,499.5899963378906,489.2000122070313,497.8800048828125,602060
2023-10-09,CAMS,490.2000122070313,492.0,481.4200134277344,482.4299926757813,381325
2023-10-10,CAMS,486.3800048828125,491.2000122070313,481.7999877929688,482.7000122070313,225165
2023-10-11,CAMS,484.7000122070313,489.9800109863281,482.0,483.0199890136719,265855
2023-10-12,CAMS,487.6000061035156,519.7999877929688,485.3399963378906,512.5800170898438,4187180
2023-10-13,CAMS,509.7099914550781,515.0,500.989990234375,504.1300048828125,501470
2023-10-16,CAMS,504.989990234375,506.5899963378906,497.0499877929688,499.1600036621094,425270
2023-10-17,CAMS,502.3999938964844,515.760009765625,500.1099853515625,514.010009765625,647515
2023-10-18,CAMS,517.47998046875,527.7999877929688,514.010009765625,519.22998046875,1315850
2023-10-19,CAMS,518.72998046875,518.72998046875,505.6000061035156,507.8200073242188,419460
2023-10-20,CAMS,508.2699890136719,511.0,498.3299865722656,500.2200012207031,367900
2023-10-23,CAMS,501.2000122070313,503.3900146484375,480.2000122070313,482.9700012207031,448870
2023-10-25,CAMS,482.9700012207031,485.489990234375,473.2799987792969,480.55999755859375,621455
2023-10-26,CAMS,479.760009765625,479.760009765625,459.1900024414063,460.3200073242188,843100
2023-10-27,CAMS,466.7900085449219,468.8800048828125,460.0,460.75,486820
2023-10-30,CAMS,462.3800048828125,467.7000122070313,455.0,456.0799865722656,432540
2023-10-31,CAMS,458.2000122070313,458.7900085449219,448.0,449.3800048828125,696685
2023-10-03,CANBK,75.25,77.30000305175781,74.72000122070312,76.88999938964844,43315645
2023-10-04,CANBK,76.66000366210938,76.66000366210938,74.08000183105469,74.63999938964844,53115860
2023-10-05,CANBK,75.05000305175781,75.93000030517578,74.0999984741211,74.26000213623047,36566050
2023-10-06,CANBK,74.69000244140625,76.19000244140625,74.19999694824219,75.05999755859375,34741410
2023-10-09,CANBK,74.0,74.33000183105469,72.62000274658203,73.06999969482422,31218410
2023-10-10,CANBK,73.62999725341797,74.61000061035156,73.52999877929688,74.5,24002555
2023-10-11,CANBK,74.41000366210938,75.0,73.69999694824219,73.97000122070312,36355700
2023-10-12,CANBK,74.27999877929688,74.76000213623047,73.58999633789062,73.86000061035156,18850570
2023-10-13,CANBK,73.68000030517578,73.87000274658203,71.95999908447266,73.30999755859375,32407640
2023-10-16,CANBK,73.19999694824219,74.95999908447266,73.0,74.2699966430664,31506305
2023-10-17,CANBK,74.69999694824219,75.68000030517578,74.30000305175781,75.51000213623047,35506600
2023-10-18,CANBK,75.33000183105469,75.66000366210938,74.05999755859375,74.37000274658203,18162470
2023-10-19,CANBK,74.0,75.19000244140625,73.41999816894531,74.79000091552734,24142670
2023-10-20,CANBK,74.38999938964844,74.9800033569336,73.0999984741211,73.86000061035156,38109775
2023-10-23,CANBK,73.86000061035156,74.29000091552734,70.80000305175781,71.11000061035156,47485035
2023-10-25,CANBK,72.0,72.16999816894531,69.83000183105469,70.75,31390525
2023-10-26,CANBK,70.19000244140625,72.27999877929688,68.41999816894531,71.87000274658203,61186460
2023-10-27,CANBK,72.33999633789062,77.55999755859375,72.23999786376953,76.16000366210938,136009790
2023-10-30,CANBK,76.4000015258789,77.19000244140625,75.5999984741211,76.5199966430664,38097645
2023-10-31,CANBK,76.76000213623047,78.12999725341797,76.62000274658203,76.87000274658203,49438935
2023-10-03,CANFINHOME,764.75,772.4500122070312,760.2999877929688,765.3499755859375,425743
2023-10-04,CANFINHOME,760.0,763.5499877929688,746.7999877929688,754.25,545246
2023-10-05,CANFINHOME,756.2000122070312,769.8499755859375,756.2000122070312,757.8499755859375,340178
2023-10-06,CANFINHOME,759.0999755859375,776.9000244140625,759.0999755859375,773.7000122070312,540414
2023-10-09,CANFINHOME,766.5499877929688,766.7000122070312,746.0499877929688,750.4000244140625,405469
2023-10-10,CANFINHOME,756.4000244140625,761.5499877929688,753.5499877929688,758.9000244140625,211643
2023-10-11,CANFINHOME,760.0,767.7999877929688,751.0999755859375,755.0499877929688,509165
2023-10-12,CANFINHOME,756.0,762.5999755859375,750.0,752.25,197145
2023-10-13,CANFINHOME,752.0,758.7000122070312,743.1500244140625,746.8499755859375,453556
2023-10-16,CANFINHOME,742.2000122070312,746.8499755859375,738.0,738.9500122070312,387137
2023-10-17,CANFINHOME,742.7999877929688,770.5,741.1500244140625,768.25,1608867
2023-10-18,CANFINHOME,773.0,776.0,752.0,762.7000122070312,1863055
2023-10-19,CANFINHOME,764.1500244140625,769.5,755.7999877929688,765.0999755859375,1170357
2023-10-20,CANFINHOME,764.4500122070312,782.9500122070312,757.25,761.75,2055776
2023-10-23,CANFINHOME,760.0499877929688,768.25,728.7000122070312,736.1500244140625,838083
2023-10-25,CANFINHOME,740.4500122070312,746.2000122070312,717.0,720.9000244140625,807717
2023-10-26,CANFINHOME,719.5,722.0,692.0499877929688,719.7999877929688,987386
2023-10-27,CANFINHOME,723.9500122070312,745.0,721.3499755859375,740.7000122070312,575335
2023-10-30,CANFINHOME,744.7999877929688,755.0,736.7000122070312,751.7000122070312,480397
2023-10-31,CANFINHOME,752.9500122070312,768.2000122070312,752.75,763.4500122070312,537057
2023-10-03,CANTABIL,225.97000122070312,231.8000030517578,225.1999969482422,231.259994506836,119990
2023-10-04,CANTABIL,231.1999969482422,236.67999267578125,228.009994506836,232.3300018310547,186955
2023-10-05,CANTABIL,234.58999633789065,235.0,231.0,232.0599975585937,82355
2023-10-06,CANTABIL,235.0,236.72000122070312,232.47000122070312,234.4600067138672,106160
2023-10-09,CANTABIL,234.77999877929688,236.9900054931641,232.1999969482422,234.83999633789065,98090
2023-10-10,CANTABIL,237.72000122070312,237.72000122070312,225.6100006103516,228.509994506836,173000
2023-10-11,CANTABIL,230.8000030517578,231.7100067138672,223.6000061035156,225.02999877929688,157125
2023-10-12,CANTABIL,224.1000061035156,228.1999969482422,218.0,219.0200042724609,159240
2023-10-13,CANTABIL,220.0,226.8000030517578,218.1300048828125,225.94000244140625,84780
2023-10-16,CANTABIL,225.94000244140625,228.8800048828125,225.0,225.42999267578125,62625
2023-10-17,CANTABIL,225.42999267578125,227.8000030517578,224.4600067138672,225.5399932861328,89240
2023-10-18,CANTABIL,225.0,230.57000732421875,225.0,225.72999572753903,110545
2023-10-19,CANTABIL,224.0,226.5,223.0,223.97999572753903,61015
2023-10-20,CANTABIL,225.32000732421875,229.6600036621093,223.0599975585937,227.2400054931641,85395
2023-10-23,CANTABIL,230.77999877929688,233.0,213.07000732421875,215.57000732421875,127250
2023-10-25,CANTABIL,217.9900054931641,223.6000061035156,206.6000061035156,211.67999267578125,390615
2023-10-26,CANTABIL,215.8000030517578,215.8000030517578,206.5599975585937,211.6000061035156,96660
2023-10-27,CANTABIL,211.6000061035156,223.0,210.3600006103516,222.6999969482422,106465
2023-10-30,CANTABIL,229.0,229.0,223.22999572753903,225.88999938964844,172810
2023-10-31,CANTABIL,225.8099975585937,227.2899932861328,219.44000244140625,221.94000244140625,141660
2023-10-03,CAPACITE,206.6999969482422,211.8000030517578,204.8000030517578,209.0500030517578,345132
2023-10-04,CAPACITE,208.0,213.25,206.1000061035156,212.1999969482422,526528
2023-10-05,CAPACITE,216.3999938964844,216.3999938964844,210.1499938964844,212.25,630426
2023-10-06,CAPACITE,214.0,214.3500061035156,210.1000061035156,211.1999969482422,407534
2023-10-09,CAPACITE,207.5,215.8999938964844,205.1999969482422,212.9499969482422,857569
2023-10-10,CAPACITE,215.5,219.8999938964844,213.4499969482422,214.0500030517578,897188
2023-10-11,CAPACITE,216.1999969482422,221.1999969482422,212.75,215.6999969482422,1120124
2023-10-12,CAPACITE,217.8999938964844,226.0500030517578,209.8000030517578,223.8999938964844,1702774
2023-10-13,CAPACITE,222.5500030517578,228.6999969482422,220.3999938964844,222.4499969482422,998288
2023-10-16,CAPACITE,223.8000030517578,226.4499969482422,221.0,222.6999969482422,387601
2023-10-17,CAPACITE,223.9499969482422,235.0,223.9499969482422,228.25,1341666
2023-10-18,CAPACITE,229.0,230.6999969482422,220.5500030517578,222.8500061035156,599811
2023-10-19,CAPACITE,220.0,227.25,219.9499969482422,222.6999969482422,469044
2023-10-20,CAPACITE,222.6999969482422,225.8500061035156,217.1499938964844,219.0500030517578,535345
2023-10-23,CAPACITE,219.0,220.1499938964844,201.3999938964844,204.3000030517578,817325
2023-10-25,CAPACITE,205.8999938964844,208.0,192.5,195.3000030517578,1004946
2023-10-26,CAPACITE,194.5,199.8500061035156,187.3000030517578,197.3500061035156,1103647
2023-10-27,CAPACITE,198.8999938964844,203.0,198.0500030517578,200.0500030517578,422684
2023-10-30,CAPACITE,200.5,208.9499969482422,198.6999969482422,207.1000061035156,709754
2023-10-31,CAPACITE,208.0,210.6000061035156,205.0,208.5500030517578,469233
2023-10-03,CAPLIPOINT,1037.9000244140625,1054.800048828125,1030.050048828125,1050.0999755859375,106337
2023-10-04,CAPLIPOINT,1054.8499755859375,1078.0,1027.5999755859375,1072.8499755859375,188240
2023-10-05,CAPLIPOINT,1084.0,1089.800048828125,1060.6500244140625,1082.0,103482
2023-10-06,CAPLIPOINT,1078.3499755859375,1084.949951171875,1065.1500244140625,1079.949951171875,73864
2023-10-09,CAPLIPOINT,1065.0,1076.4000244140625,1044.1500244140625,1053.0,84335
2023-10-10,CAPLIPOINT,1058.300048828125,1075.0,1047.550048828125,1057.0999755859375,50245
2023-10-11,CAPLIPOINT,1062.699951171875,1077.949951171875,1045.0,1071.550048828125,61824
2023-10-12,CAPLIPOINT,1077.199951171875,1143.949951171875,1063.4000244140625,1113.050048828125,267344
2023-10-13,CAPLIPOINT,1115.0,1123.6500244140625,1105.0999755859375,1107.9000244140625,82628
2023-10-16,CAPLIPOINT,1097.8499755859375,1129.75,1073.0999755859375,1093.0999755859375,87624
2023-10-17,CAPLIPOINT,1097.0,1106.9000244140625,1065.550048828125,1070.25,63691
2023-10-18,CAPLIPOINT,1079.8499755859375,1098.050048828125,1060.0,1088.4000244140625,57392
2023-10-19,CAPLIPOINT,1080.0,1095.050048828125,1068.199951171875,1072.550048828125,36863
2023-10-20,CAPLIPOINT,1077.949951171875,1084.25,1060.0,1065.449951171875,39802
2023-10-23,CAPLIPOINT,1067.949951171875,1070.800048828125,991.0,997.4000244140624,132784
2023-10-25,CAPLIPOINT,1011.3499755859376,1019.7000122070312,983.3499755859376,999.75,53839
2023-10-26,CAPLIPOINT,996.9500122070312,996.9500122070312,954.0,976.75,89532
2023-10-27,CAPLIPOINT,981.8499755859376,1021.0999755859376,981.7999877929688,1016.6500244140624,52548
2023-10-30,CAPLIPOINT,1016.6500244140624,1033.9000244140625,1001.2000122070312,1014.9000244140624,36571
2023-10-31,CAPLIPOINT,1020.2000122070312,1032.5,1010.5,1025.5,34843
2023-10-03,CAPTRUST,99.8499984741211,101.5,98.6999969482422,99.4000015258789,10130
2023-10-04,CAPTRUST,98.6999969482422,99.75,95.1999969482422,95.9000015258789,24588
2023-10-05,CAPTRUST,95.9499969482422,99.5500030517578,95.5,96.8000030517578,12183
2023-10-06,CAPTRUST,98.0,98.3499984741211,96.5999984741211,97.1999969482422,4849
2023-10-09,CAPTRUST,98.5999984741211,98.5999984741211,94.0500030517578,95.8499984741211,11111
2023-10-10,CAPTRUST,97.9499969482422,97.9499969482422,95.5,97.0500030517578,7073
2023-10-11,CAPTRUST,99.6500015258789,112.0,96.8499984741211,102.1500015258789,116339
2023-10-12,CAPTRUST,104.8000030517578,104.8000030517578,101.25,102.25,12947
2023-10-13,CAPTRUST,104.0,104.75,100.0999984741211,100.9499969482422,11910
2023-10-16,CAPTRUST,103.9499969482422,103.9499969482422,100.5,101.75,9081
2023-10-17,CAPTRUST,102.4000015258789,103.0500030517578,99.8499984741211,100.0500030517578,21135
2023-10-18,CAPTRUST,102.25,104.0,100.1500015258789,102.5,12164
2023-10-19,CAPTRUST,102.5,102.5,98.8000030517578,100.1500015258789,12876
2023-10-20,CAPTRUST,101.9499969482422,102.4000015258789,97.5500030517578,99.0500030517578,8238
2023-10-23,CAPTRUST,101.0,101.0,93.5,94.0,16407
2023-10-25,CAPTRUST,96.5,97.1500015258789,94.0500030517578,94.8000030517578,8770
2023-10-26,CAPTRUST,93.3000030517578,94.3000030517578,87.05000305175781,89.19999694824219,32144
2023-10-27,CAPTRUST,89.3499984741211,92.75,89.3499984741211,91.6999969482422,6630
2023-10-30,CAPTRUST,92.0,94.3000030517578,92.0,92.4499969482422,5458
2023-10-31,CAPTRUST,93.0999984741211,94.0500030517578,92.1999969482422,92.3000030517578,1506
2023-10-03,CARBORUNIV,1175.0,1179.9000244140625,1162.0,1169.800048828125,99940
2023-10-04,CARBORUNIV,1169.0999755859375,1189.0,1162.5999755859375,1185.25,88384
2023-10-05,CARBORUNIV,1189.5,1194.0,1168.5999755859375,1191.4000244140625,81815
2023-10-06,CARBORUNIV,1194.0,1194.0,1166.0,1168.8499755859375,104129
2023-10-09,CARBORUNIV,1165.0,1165.0,1112.3499755859375,1135.050048828125,189731
2023-10-10,CARBORUNIV,1138.0999755859375,1160.800048828125,1135.050048828125,1149.5999755859375,187985
2023-10-11,CARBORUNIV,1154.0999755859375,1173.449951171875,1147.550048828125,1164.8499755859375,765021
2023-10-12,CARBORUNIV,1170.0,1177.3499755859375,1147.6500244140625,1155.050048828125,41539
2023-10-13,CARBORUNIV,1153.699951171875,1204.0,1149.050048828125,1167.8499755859375,171293
2023-10-16,CARBORUNIV,1168.550048828125,1180.1500244140625,1154.25,1164.9000244140625,55953
2023-10-17,CARBORUNIV,1168.949951171875,1179.0,1158.199951171875,1172.4000244140625,37414
2023-10-18,CARBORUNIV,1168.800048828125,1174.5,1136.0,1144.3499755859375,151630
2023-10-19,CARBORUNIV,1144.0,1166.0,1135.199951171875,1140.8499755859375,71721
2023-10-20,CARBORUNIV,1146.5999755859375,1153.0,1116.0,1132.050048828125,102138
2023-10-23,CARBORUNIV,1103.25,1128.0,1090.0,1101.800048828125,170182
2023-10-25,CARBORUNIV,1099.8499755859375,1106.949951171875,1068.0,1089.949951171875,92966
2023-10-26,CARBORUNIV,1086.0,1116.050048828125,1067.0999755859375,1107.949951171875,126744
2023-10-27,CARBORUNIV,1107.949951171875,1151.0,1078.800048828125,1087.949951171875,390771
2023-10-30,CARBORUNIV,1090.0,1097.25,1063.300048828125,1076.0999755859375,301754
2023-10-31,CARBORUNIV,1081.5,1090.9000244140625,1060.0,1071.949951171875,149316
2023-10-03,CARERATING,865.0,888.7999877929688,865.0,875.7999877929688,48370
2023-10-04,CARERATING,877.0,878.3499755859375,844.5999755859375,850.5999755859375,54731
2023-10-05,CARERATING,850.75,858.9500122070312,840.5499877929688,856.0499877929688,73871
2023-10-06,CARERATING,856.0499877929688,864.5999755859375,848.4000244140625,853.9500122070312,43404
2023-10-09,CARERATING,843.2000122070312,952.7000122070312,841.0999755859375,942.0,1121399
2023-10-10,CARERATING,934.9000244140624,1003.3499755859376,914.0,975.4000244140624,819072
2023-10-11,CARERATING,969.9000244140624,995.0,963.2000122070312,991.4500122070312,168855
2023-10-12,CARERATING,990.0,1010.0,982.0499877929688,1004.75,142887
2023-10-13,CARERATING,989.7000122070312,1003.5,940.0,960.8499755859376,157570
2023-10-16,CARERATING,965.7000122070312,993.0,954.0499877929688,969.2999877929688,134211
2023-10-17,CARERATING,973.5999755859376,987.5,964.0,971.7000122070312,77207
2023-10-18,CARERATING,975.0,983.8499755859376,961.2000122070312,974.75,200338
2023-10-19,CARERATING,975.0,975.0,956.5,958.75,29804
2023-10-20,CARERATING,938.0,982.75,938.0,955.1500244140624,41989
2023-10-23,CARERATING,948.1500244140624,955.0999755859376,893.25,903.5999755859376,192377
2023-10-25,CARERATING,903.9500122070312,920.0,871.0,899.7000122070312,74841
2023-10-26,CARERATING,886.2000122070312,899.8499755859375,868.1500244140625,891.4000244140625,51509
2023-10-27,CARERATING,899.8499755859375,925.0,899.8499755859375,911.0499877929688,126209
2023-10-30,CARERATING,911.0499877929688,921.0,885.5999755859375,903.75,56940
2023-10-31,CARERATING,906.3499755859376,924.9500122070312,906.3499755859376,910.4000244140624,26383
2023-10-03,CARTRADE,554.75,588.5999755859375,543.75,584.7999877929688,223263
2023-10-04,CARTRADE,585.0,592.3499755859375,576.1500244140625,581.3499755859375,108633
2023-10-05,CARTRADE,586.9000244140625,601.5499877929688,582.0499877929688,596.0,160652
2023-10-06,CARTRADE,596.0,621.0,596.0,613.25,399210
2023-10-09,CARTRADE,601.5999755859375,618.75,595.0999755859375,611.5,158074
2023-10-10,CARTRADE,615.0,634.9000244140625,607.2000122070312,628.5,302128
2023-10-11,CARTRADE,628.9500122070312,640.5499877929688,625.4000244140625,631.2000122070312,167816
2023-10-12,CARTRADE,631.25,647.0,630.0,644.8499755859375,186048
2023-10-13,CARTRADE,640.0,694.75,639.0,680.75,505043
2023-10-16,CARTRADE,680.75,699.5,680.75,690.9500122070312,223522
2023-10-17,CARTRADE,695.0,697.75,679.0,684.4500122070312,123512
2023-10-18,CARTRADE,680.0,688.8499755859375,670.0,671.6500244140625,156372
2023-10-19,CARTRADE,669.9500122070312,674.0,650.4500122070312,652.0999755859375,87082
2023-10-20,CARTRADE,650.2000122070312,675.9500122070312,639.7000122070312,642.25,198631
2023-10-23,CARTRADE,649.7999877929688,653.8499755859375,612.0,616.1500244140625,103376
2023-10-25,CARTRADE,619.8499755859375,652.4500122070312,619.8499755859375,643.4000244140625,180128
2023-10-26,CARTRADE,648.9500122070312,654.8499755859375,625.3499755859375,644.75,151679
2023-10-27,CARTRADE,644.75,672.7999877929688,644.75,667.4500122070312,115206
2023-10-30,CARTRADE,674.9000244140625,688.0,666.5499877929688,679.1500244140625,134134
2023-10-31,CARTRADE,685.9500122070312,699.0,667.4000244140625,672.8499755859375,132698
2023-10-03,CARYSIL,622.0,637.9500122070312,620.0999755859375,635.9000244140625,74453
2023-10-04,CARYSIL,635.9000244140625,653.5,629.2000122070312,649.6500244140625,100691
2023-10-05,CARYSIL,653.0,654.7000122070312,637.2999877929688,640.5999755859375,49376
2023-10-06,CARYSIL,643.0,649.75,640.5,647.7000122070312,33547
2023-10-09,CARYSIL,625.0499877929688,654.8499755859375,625.0499877929688,650.9000244140625,111910
2023-10-10,CARYSIL,646.0,658.7000122070312,630.5499877929688,649.0999755859375,133567
2023-10-11,CARYSIL,649.5999755859375,683.9500122070312,649.5999755859375,670.6500244140625,151527
2023-10-12,CARYSIL,669.0,676.3499755859375,663.0999755859375,665.4000244140625,62532
2023-10-13,CARYSIL,663.0,675.0,655.5,672.0499877929688,65002
2023-10-16,CARYSIL,674.0,693.7000122070312,662.5,682.75,177237
2023-10-17,CARYSIL,684.0,690.0499877929688,671.4000244140625,681.5499877929688,58607
2023-10-18,CARYSIL,689.9000244140625,698.0499877929688,675.0999755859375,680.2999877929688,93678
2023-10-19,CARYSIL,675.0,686.9500122070312,668.3499755859375,673.2999877929688,59808
2023-10-20,CARYSIL,676.0,686.0,648.5499877929688,657.0999755859375,75450
2023-10-23,CARYSIL,657.0999755859375,666.9500122070312,607.9000244140625,614.9000244140625,142968
2023-10-25,CARYSIL,615.0499877929688,631.0,593.0999755859375,611.9000244140625,108977
2023-10-26,CARYSIL,619.9500122070312,632.0,593.0499877929688,615.25,112585
2023-10-27,CARYSIL,630.0,649.0,626.0999755859375,635.9500122070312,121770
2023-10-30,CARYSIL,637.7999877929688,644.9000244140625,625.2000122070312,629.4500122070312,39126
2023-10-31,CARYSIL,635.75,638.0,625.0,628.4000244140625,41065
2023-10-03,CASTROLIND,138.8000030517578,140.5,137.3000030517578,137.8000030517578,1968823
2023-10-04,CASTROLIND,138.1999969482422,139.85000610351562,136.1999969482422,137.0,1644145
2023-10-05,CASTROLIND,138.0500030517578,138.4499969482422,136.0500030517578,136.75,1018258
2023-10-06,CASTROLIND,137.0,140.39999389648438,136.60000610351562,137.89999389648438,2090412
2023-10-09,CASTROLIND,137.0,137.39999389648438,134.0,134.9499969482422,1144508
2023-10-10,CASTROLIND,135.3000030517578,138.60000610351562,135.3000030517578,137.89999389648438,803469
2023-10-11,CASTROLIND,139.0,141.1999969482422,138.0500030517578,138.39999389648438,1669848
2023-10-12,CASTROLIND,140.5,143.75,138.5,143.1999969482422,2362505
2023-10-13,CASTROLIND,143.1999969482422,150.1999969482422,142.60000610351562,147.3000030517578,7495602
2023-10-16,CASTROLIND,147.0,148.60000610351562,145.10000610351562,145.9499969482422,2014775
2023-10-17,CASTROLIND,146.75,148.5500030517578,144.5,144.8000030517578,1406194
2023-10-18,CASTROLIND,145.9499969482422,146.0,141.64999389648438,144.60000610351562,1557039
2023-10-19,CASTROLIND,143.0,145.0,143.0,144.64999389648438,617941
2023-10-20,CASTROLIND,144.64999389648438,145.8000030517578,142.5,142.89999389648438,545423
2023-10-23,CASTROLIND,142.89999389648438,143.60000610351562,137.10000610351562,137.9499969482422,1156659
2023-10-25,CASTROLIND,138.6999969482422,138.89999389648438,134.3000030517578,136.60000610351562,1322270
2023-10-26,CASTROLIND,135.0,136.0,133.6999969482422,135.25,939971
2023-10-27,CASTROLIND,136.0,138.14999389648438,135.75,137.25,461588
2023-10-30,CASTROLIND,137.1999969482422,140.8000030517578,137.0,139.1999969482422,970323
2023-10-31,CASTROLIND,139.0,140.60000610351562,135.4499969482422,136.14999389648438,907368
2023-10-03,CCAVENUE,17.75,17.799999237060547,17.5,17.600000381469727,13576005
2023-10-04,CCAVENUE,17.600000381469727,17.649999618530273,17.049999237060547,17.399999618530273,24721369
2023-10-05,CCAVENUE,17.549999237060547,19.89999961853028,17.549999237060547,19.700000762939453,248235596
2023-10-06,CCAVENUE,19.799999237060547,20.89999961853028,19.14999961853028,20.25,151137441
2023-10-09,CCAVENUE,19.950000762939453,21.39999961853028,19.25,20.39999961853028,173092443
2023-10-10,CCAVENUE,20.850000381469727,22.799999237060547,20.25,22.25,214609895
2023-10-11,CCAVENUE,22.799999237060547,23.0,21.39999961853028,21.600000381469727,136335040
2023-10-12,CCAVENUE,21.89999961853028,22.64999961853028,21.350000381469727,21.89999961853028,85622246
2023-10-13,CCAVENUE,21.850000381469727,22.25,20.5,20.89999961853028,60498357
2023-10-16,CCAVENUE,21.049999237060547,21.39999961853028,20.549999237060547,21.0,30957612
2023-10-17,CCAVENUE,21.14999961853028,21.25,20.25,20.39999961853028,28410716
2023-10-18,CCAVENUE,20.39999961853028,21.14999961853028,19.850000381469727,20.049999237060547,31758250
2023-10-19,CCAVENUE,20.0,21.049999237060547,19.89999961853028,20.5,26811572
2023-10-20,CCAVENUE,20.700000762939453,20.700000762939453,20.100000381469727,20.200000762939453,15601502
2023-10-23,CCAVENUE,20.25,20.299999237060547,18.549999237060547,18.75,30967783
2023-10-25,CCAVENUE,19.450000762939453,19.549999237060547,18.049999237060547,18.600000381469727,37130918
2023-10-26,CCAVENUE,18.600000381469727,18.799999237060547,17.75,18.64999961853028,26863511
2023-10-27,CCAVENUE,18.700000762939453,19.299999237060547,18.700000762939453,18.950000762939453,20934791
2023-10-30,CCAVENUE,18.950000762939453,19.39999961853028,18.850000381469727,19.049999237060547,16457123
2023-10-31,CCAVENUE,19.200000762939453,19.5,18.950000762939453,19.100000381469727,13226948
2023-10-03,CCCL,1.5,1.5,1.5,1.5,0
2023-10-04,CCCL,1.5,1.5,1.5,1.5,0
2023-10-05,CCCL,1.5,1.5,1.5,1.5,0
2023-10-06,CCCL,1.5,1.5,1.5,1.5,0
2023-10-09,CCCL,1.5,1.5,1.5,1.5,0
2023-10-10,CCCL,1.5,1.5,1.5,1.5,0
2023-10-11,CCCL,1.5,1.5,1.5,1.5,0
2023-10-12,CCCL,1.5,1.5,1.5,1.5,0
2023-10-13,CCCL,1.5,1.5,1.5,1.5,0
2023-10-16,CCCL,1.5,1.5,1.5,1.5,0
2023-10-17,CCCL,1.5,1.5,1.5,1.5,0
2023-10-18,CCCL,1.5,1.5,1.5,1.5,0
2023-10-19,CCCL,1.5,1.5,1.5,1.5,0
2023-10-20,CCCL,1.5,1.5,1.5,1.5,0
2023-10-23,CCCL,1.5,1.5,1.5,1.5,0
2023-10-25,CCCL,1.5,1.5,1.5,1.5,0
2023-10-26,CCCL,1.5,1.5,1.5,1.5,0
2023-10-27,CCCL,1.5,1.5,1.5,1.5,0
2023-10-30,CCCL,1.5,1.5,1.5,1.5,0
2023-10-31,CCCL,1.5,1.5,1.5,1.5,0
2023-10-03,CCHHL,9.399999618530272,9.600000381469728,8.850000381469727,9.449999809265137,236878
2023-10-04,CCHHL,9.350000381469728,9.600000381469728,9.149999618530272,9.25,119979
2023-10-05,CCHHL,9.300000190734863,9.399999618530272,9.199999809265137,9.300000190734863,33687
2023-10-06,CCHHL,9.350000381469728,9.5,9.149999618530272,9.399999618530272,93617
2023-10-09,CCHHL,9.449999809265137,9.800000190734863,8.949999809265137,9.0,182283
2023-10-10,CCHHL,9.050000190734863,9.100000381469728,8.699999809265137,8.850000381469727,126280
2023-10-11,CCHHL,8.850000381469727,9.199999809265137,8.850000381469727,9.0,48119
2023-10-12,CCHHL,9.100000381469728,9.100000381469728,8.850000381469727,8.850000381469727,75134
2023-10-13,CCHHL,8.899999618530273,9.149999618530272,8.75,9.050000190734863,109365
2023-10-16,CCHHL,9.100000381469728,9.5,8.949999809265137,9.300000190734863,235283
2023-10-17,CCHHL,9.300000190734863,9.699999809265137,9.100000381469728,9.199999809265137,48834
2023-10-18,CCHHL,9.100000381469728,9.25,8.850000381469727,9.100000381469728,105854
2023-10-19,CCHHL,9.149999618530272,9.149999618530272,8.800000190734863,9.0,77194
2023-10-20,CCHHL,8.850000381469727,9.199999809265137,8.850000381469727,9.050000190734863,37829
2023-10-23,CCHHL,9.149999618530272,9.149999618530272,8.699999809265137,8.75,111141
2023-10-25,CCHHL,8.75,9.0,8.350000381469727,8.350000381469727,111601
2023-10-26,CCHHL,8.300000190734863,8.399999618530273,7.949999809265137,8.350000381469727,77774
2023-10-27,CCHHL,8.399999618530273,8.75,8.100000381469727,8.5,61405
2023-10-30,CCHHL,8.600000381469727,8.899999618530273,8.600000381469727,8.899999618530273,30619
2023-10-31,CCHHL,8.899999618530273,9.199999809265137,8.899999618530273,8.949999809265137,40155
2023-10-03,CCL,648.9000244140625,672.2999877929688,644.0,660.7999877929688,1207326
2023-10-04,CCL,668.0,668.0,643.5499877929688,644.9500122070312,235534
2023-10-05,CCL,648.1500244140625,658.7000122070312,642.25,655.4000244140625,120116
2023-10-06,CCL,657.9000244140625,659.2999877929688,641.0,646.75,111857
2023-10-09,CCL,646.75,659.0,636.5,648.7999877929688,166312
2023-10-10,CCL,650.3499755859375,662.0499877929688,645.6500244140625,658.0499877929688,75729
2023-10-11,CCL,661.2999877929688,666.8499755859375,647.2000122070312,655.4500122070312,138935
2023-10-12,CCL,655.9000244140625,658.7000122070312,643.0499877929688,646.4500122070312,79749
2023-10-13,CCL,645.7000122070312,661.0,640.0,658.7000122070312,134635
2023-10-16,CCL,660.0,663.0,641.0499877929688,643.5,115458
2023-10-17,CCL,646.9000244140625,649.2999877929688,635.0,637.25,79647
2023-10-18,CCL,640.4000244140625,656.9500122070312,635.0999755859375,653.1500244140625,128565
2023-10-19,CCL,654.0,671.75,646.9500122070312,660.1500244140625,306644
2023-10-20,CCL,663.4500122070312,673.6500244140625,625.75,629.5999755859375,266765
2023-10-23,CCL,629.9500122070312,634.9500122070312,617.6500244140625,621.3499755859375,127497
2023-10-25,CCL,622.4000244140625,637.9500122070312,608.2999877929688,630.7999877929688,135614
2023-10-26,CCL,622.0999755859375,624.7000122070312,606.2999877929688,614.7000122070312,148312
2023-10-27,CCL,617.8499755859375,627.9500122070312,615.7000122070312,623.2999877929688,45005
2023-10-30,CCL,616.0,625.6500244140625,613.25,618.1500244140625,49061
2023-10-31,CCL,620.0,620.5999755859375,585.5,590.1500244140625,368750
2023-10-03,CDSL,679.9000244140625,679.9000244140625,667.5,668.5,1014916
2023-10-04,CDSL,665.0,665.9000244140625,656.0250244140625,658.375,919704
2023-10-05,CDSL,662.0499877929688,669.0750122070312,657.0,662.625,1135722
2023-10-06,CDSL,664.8250122070312,688.5,663.1500244140625,673.9249877929688,4262866
2023-10-09,CDSL,660.0999755859375,663.8499755859375,652.5,654.2750244140625,2248088
2023-10-10,CDSL,658.0,670.0,658.0,661.2000122070312,2357470
2023-10-11,CDSL,664.8499755859375,680.5,662.625,665.2999877929688,2282300
2023-10-12,CDSL,667.9000244140625,701.0,667.5,695.3250122070312,6296892
2023-10-13,CDSL,694.5,710.0,688.0250244140625,694.5750122070312,4451502
2023-10-16,CDSL,698.0,698.5999755859375,682.5,684.9000244140625,1833014
2023-10-17,CDSL,690.5,694.7750244140625,673.8499755859375,676.875,1407570
2023-10-18,CDSL,678.8499755859375,690.2000122070312,672.625,674.2249755859375,1442452
2023-10-19,CDSL,670.0999755859375,675.0,664.0250244140625,669.75,1457176
2023-10-20,CDSL,668.0,684.0,666.25,671.5750122070312,1549962
2023-10-23,CDSL,673.2999877929688,702.0,647.5,653.5750122070312,6256176
2023-10-25,CDSL,660.5,683.7000122070312,653.5,661.625,4169420
2023-10-26,CDSL,658.9749755859375,659.7000122070312,631.0,646.125,3035154
2023-10-27,CDSL,656.4500122070312,673.3499755859375,656.4500122070312,663.5499877929688,2146172
2023-10-30,CDSL,708.0,712.5,684.0250244140625,687.1749877929688,8805904
2023-10-31,CDSL,694.3250122070312,734.5999755859375,687.5250244140625,728.0750122070312,16626188
2023-10-03,CEATLTD,2122.050048828125,2150.0,2110.0,2143.75,43867
2023-10-04,CEATLTD,2148.0,2148.550048828125,2074.85009765625,2096.39990234375,107697
2023-10-05,CEATLTD,2121.699951171875,2215.35009765625,2100.0,2110.60009765625,225385
2023-10-06,CEATLTD,2120.60009765625,2150.0,2117.39990234375,2125.25,48312
2023-10-09,CEATLTD,2080.14990234375,2097.550048828125,2056.35009765625,2071.85009765625,61633
2023-10-10,CEATLTD,2081.699951171875,2114.10009765625,2077.0,2085.949951171875,54999
2023-10-11,CEATLTD,2090.0,2185.0,2085.0,2148.550048828125,426552
2023-10-12,CEATLTD,2165.699951171875,2178.0,2129.75,2143.050048828125,99070
2023-10-13,CEATLTD,2135.0,2154.89990234375,2128.0,2136.75,68994
2023-10-16,CEATLTD,2159.699951171875,2162.949951171875,2091.0,2101.949951171875,145314
2023-10-17,CEATLTD,2320.0,2337.0,2169.0,2194.75,2766126
2023-10-18,CEATLTD,2230.0,2240.0,2162.0,2195.5,560987
2023-10-19,CEATLTD,2195.5,2210.199951171875,2176.550048828125,2184.14990234375,276788
2023-10-20,CEATLTD,2192.0,2283.85009765625,2184.14990234375,2203.050048828125,804702
2023-10-23,CEATLTD,2210.0,2215.449951171875,2060.0,2083.35009765625,297527
2023-10-25,CEATLTD,2126.050048828125,2159.5,2086.35009765625,2100.60009765625,318924
2023-10-26,CEATLTD,2100.60009765625,2128.89990234375,2081.050048828125,2114.25,303772
2023-10-27,CEATLTD,2140.0,2140.0,2102.050048828125,2111.35009765625,183271
2023-10-30,CEATLTD,2123.699951171875,2125.0,2091.5,2102.85009765625,108005
2023-10-31,CEATLTD,2129.0,2129.0,2100.0,2108.60009765625,143522
2023-10-03,CELEBRITY,18.5,18.5,17.75,18.100000381469727,367360
2023-10-04,CELEBRITY,18.75,20.600000381469727,18.200000762939453,19.5,2093183
2023-10-05,CELEBRITY,19.850000381469727,20.200000762939453,18.950000762939453,19.700000762939453,864050
2023-10-06,CELEBRITY,20.0,20.5,19.100000381469727,19.25,688824
2023-10-09,CELEBRITY,19.25,19.25,17.75,17.950000762939453,535435
2023-10-10,CELEBRITY,18.25,18.450000762939453,18.0,18.299999237060547,115799
2023-10-11,CELEBRITY,18.5,18.64999961853028,18.100000381469727,18.14999961853028,239547
2023-10-12,CELEBRITY,18.200000762939453,18.39999961853028,18.0,18.14999961853028,165369
2023-10-13,CELEBRITY,18.450000762939453,19.600000381469727,18.100000381469727,18.89999961853028,380664
2023-10-16,CELEBRITY,19.39999961853028,19.39999961853028,18.0,18.64999961853028,414016
2023-10-17,CELEBRITY,18.64999961853028,19.200000762939453,18.64999961853028,19.0,295143
2023-10-18,CELEBRITY,19.200000762939453,19.850000381469727,18.549999237060547,18.700000762939453,437934
2023-10-19,CELEBRITY,18.700000762939453,20.049999237060547,18.5,18.950000762939453,1041811
2023-10-20,CELEBRITY,19.14999961853028,20.350000381469727,18.25,19.049999237060547,9098385
2023-10-23,CELEBRITY,19.25,19.75,17.100000381469727,17.200000762939453,2041754
2023-10-25,CELEBRITY,17.600000381469727,18.14999961853028,16.549999237060547,17.299999237060547,1223193
2023-10-26,CELEBRITY,17.399999618530273,18.89999961853028,17.0,18.200000762939453,2208495
2023-10-27,CELEBRITY,18.5,20.39999961853028,18.25,19.89999961853028,5014377
2023-10-30,CELEBRITY,20.39999961853028,21.200000762939453,19.600000381469727,20.0,2699649
2023-10-31,CELEBRITY,20.549999237060547,20.600000381469727,19.5,19.850000381469727,666034
2023-10-03,CEMPRO,218.4499969482422,225.75,218.0,224.3999938964844,1436485
2023-10-04,CEMPRO,224.8999938964844,225.75,218.0,219.3500061035156,984684
2023-10-05,CEMPRO,220.8000030517578,224.5,220.5,221.75,524600
2023-10-06,CEMPRO,223.1999969482422,224.0,221.0,222.4499969482422,580527
2023-10-09,CEMPRO,218.1000061035156,218.6999969482422,212.6499938964844,214.0,533997
2023-10-10,CEMPRO,216.0,217.1999969482422,214.6499938964844,216.0,453114
2023-10-11,CEMPRO,217.3999938964844,218.0,215.0,215.5500030517578,362985
2023-10-12,CEMPRO,215.8999938964844,217.1999969482422,213.6999969482422,216.1999969482422,407380
2023-10-13,CEMPRO,216.0,217.5,215.0500030517578,215.8000030517578,335356
2023-10-16,CEMPRO,216.3500061035156,217.6000061035156,212.1000061035156,215.8999938964844,657068
2023-10-17,CEMPRO,217.6999969482422,226.3500061035156,216.6999969482422,225.6000061035156,1922460
2023-10-18,CEMPRO,226.8500061035156,228.8000030517578,218.6999969482422,221.0,1214918
2023-10-19,CEMPRO,219.5,222.6999969482422,216.25,220.4499969482422,622308
2023-10-20,CEMPRO,220.1000061035156,220.3000030517578,215.25,216.25,362169
2023-10-23,CEMPRO,217.25,217.25,199.6000061035156,201.8000030517578,1347864
2023-10-25,CEMPRO,201.8000030517578,207.9499969482422,192.3500061035156,196.6499938964844,1348057
2023-10-26,CEMPRO,196.0,196.25,188.0,192.25,1517370
2023-10-27,CEMPRO,193.8999938964844,202.8500061035156,192.8000030517578,200.8500061035156,1094009
2023-10-30,CEMPRO,201.6499938964844,207.6000061035156,199.1499938964844,204.8000030517578,914175
2023-10-31,CEMPRO,205.0,207.6000061035156,197.9499969482422,199.6499938964844,704649
2023-10-03,CENTENKA,421.3500061035156,423.75,417.5,420.6000061035156,19850
2023-10-04,CENTENKA,418.7999877929688,421.9500122070313,417.1000061035156,420.9500122070313,20885
2023-10-05,CENTENKA,424.8500061035156,424.8500061035156,420.0,421.8500061035156,19640
2023-10-06,CENTENKA,422.5,429.0,421.3500061035156,424.75,19167
2023-10-09,CENTENKA,425.0,428.3999938964844,418.8999938964844,425.1499938964844,47592
2023-10-10,CENTENKA,425.1000061035156,443.6000061035156,422.5499877929688,440.7999877929688,61240
2023-10-11,CENTENKA,443.2999877929688,443.2999877929688,438.1000061035156,440.3999938964844,79329
2023-10-12,CENTENKA,444.8500061035156,449.6000061035156,441.7999877929688,445.1499938964844,58949
2023-10-13,CENTENKA,447.3500061035156,455.0,446.5499877929688,448.3500061035156,63448
2023-10-16,CENTENKA,444.0,450.2000122070313,437.75,445.2000122070313,48498
2023-10-17,CENTENKA,448.0499877929688,484.3999938964844,447.6000061035156,470.0,345433
2023-10-18,CENTENKA,479.0,482.7000122070313,460.0,470.8999938964844,102764
2023-10-19,CENTENKA,469.9500122070313,469.9500122070313,462.1000061035156,465.0499877929688,24800
2023-10-20,CENTENKA,469.7999877929688,469.7999877929688,459.1000061035156,461.1499938964844,45063
2023-10-23,CENTENKA,457.0,462.25,436.0,447.3500061035156,68693
2023-10-25,CENTENKA,447.3500061035156,451.0,434.9500122070313,436.6000061035156,58863
2023-10-26,CENTENKA,433.0,433.2000122070313,420.3500061035156,429.6499938964844,35959
2023-10-27,CENTENKA,429.6499938964844,447.5499877929688,428.5,440.4500122070313,36119
2023-10-30,CENTENKA,437.7000122070313,454.5,437.7000122070313,448.2000122070313,30820
2023-10-31,CENTENKA,447.8500061035156,452.7000122070313,446.5,450.5499877929688,28747
2023-10-03,CENTEXT,16.899999618530273,17.049999237060547,16.149999618530273,16.950000762939453,233240
2023-10-04,CENTEXT,17.350000381469727,17.399999618530273,16.299999237060547,16.649999618530273,253020
2023-10-05,CENTEXT,16.850000381469727,17.450000762939453,16.5,16.75,194533
2023-10-06,CENTEXT,16.899999618530273,16.899999618530273,16.200000762939453,16.5,145529
2023-10-09,CENTEXT,16.850000381469727,16.850000381469727,15.699999809265137,15.75,246161
2023-10-10,CENTEXT,15.5,16.0,15.0,15.75,206525
2023-10-11,CENTEXT,15.850000381469728,16.5,15.850000381469728,16.5,132600
2023-10-12,CENTEXT,16.799999237060547,17.25,16.549999237060547,17.049999237060547,309777
2023-10-13,CENTEXT,17.299999237060547,17.299999237060547,16.600000381469727,16.899999618530273,123968
2023-10-16,CENTEXT,17.149999618530273,17.200000762939453,16.649999618530273,16.850000381469727,261936
2023-10-17,CENTEXT,17.149999618530273,17.200000762939453,16.799999237060547,17.0,153509
2023-10-18,CENTEXT,17.149999618530273,17.149999618530273,16.549999237060547,16.600000381469727,135747
2023-10-19,CENTEXT,16.75,17.0,16.600000381469727,16.700000762939453,139141
2023-10-20,CENTEXT,16.700000762939453,17.0,16.5,16.649999618530273,159500
2023-10-23,CENTEXT,16.899999618530273,17.100000381469727,15.850000381469728,15.850000381469728,204375
2023-10-25,CENTEXT,15.899999618530272,16.200000762939453,15.050000190734863,15.25,191004
2023-10-26,CENTEXT,15.199999809265137,15.199999809265137,14.5,14.75,118916
2023-10-27,CENTEXT,14.899999618530272,15.449999809265137,14.75,15.449999809265137,58389
2023-10-30,CENTEXT,16.149999618530273,16.200000762939453,15.75,16.149999618530273,182184
2023-10-31,CENTEXT,16.049999237060547,16.350000381469727,15.350000381469728,15.899999618530272,120562
2023-10-03,CENTRALBK,51.09999847412109,52.900001525878906,50.34999847412109,52.5,47114368
2023-10-04,CENTRALBK,51.95000076293945,54.45000076293945,49.5,50.79999923706055,83263553
2023-10-05,CENTRALBK,51.400001525878906,51.75,49.5,50.09999847412109,33116843
2023-10-06,CENTRALBK,50.400001525878906,50.400001525878906,48.70000076293945,49.95000076293945,31630762
2023-10-09,CENTRALBK,48.09999847412109,48.59999847412109,46.45000076293945,46.79999923706055,28024436
2023-10-10,CENTRALBK,47.20000076293945,49.75,47.09999847412109,49.34999847412109,28392393
2023-10-11,CENTRALBK,49.650001525878906,49.70000076293945,48.09999847412109,48.45000076293945,20043617
2023-10-12,CENTRALBK,48.70000076293945,49.09999847412109,48.150001525878906,48.650001525878906,14743219
2023-10-13,CENTRALBK,48.5,49.04999923706055,48.0,48.20000076293945,18119874
2023-10-16,CENTRALBK,48.29999923706055,48.59999847412109,47.79999923706055,48.0,16381545
2023-10-17,CENTRALBK,48.45000076293945,49.79999923706055,48.25,48.79999923706055,19746737
2023-10-18,CENTRALBK,48.900001525878906,48.900001525878906,46.79999923706055,47.0,18208145
2023-10-19,CENTRALBK,47.0,47.400001525878906,46.09999847412109,47.0,17491597
2023-10-20,CENTRALBK,47.0,49.25,46.400001525878906,46.84999847412109,36770400
2023-10-23,CENTRALBK,47.400001525878906,47.79999923706055,42.25,42.54999923706055,40067357
2023-10-25,CENTRALBK,43.400001525878906,44.79999923706055,41.59999847412109,43.29999923706055,41386855
2023-10-26,CENTRALBK,43.0,44.25,40.84999847412109,43.84999847412109,43148324
2023-10-27,CENTRALBK,44.09999847412109,45.59999847412109,43.150001525878906,44.45000076293945,50321677
2023-10-30,CENTRALBK,44.59999847412109,44.59999847412109,42.900001525878906,43.5,19145421
2023-10-31,CENTRALBK,43.70000076293945,44.900001525878906,42.95000076293945,43.20000076293945,17200950
2023-10-03,CENTRUM,23.950000762939453,24.100000381469727,23.5,23.700000762939453,125655
2023-10-04,CENTRUM,23.299999237060547,23.75,23.14999961853028,23.39999961853028,173815
2023-10-05,CENTRUM,23.14999961853028,23.700000762939453,23.14999961853028,23.25,199751
2023-10-06,CENTRUM,23.299999237060547,23.64999961853028,22.5,22.700000762939453,461872
2023-10-09,CENTRUM,22.5,24.0,21.200000762939453,22.5,718124
2023-10-10,CENTRUM,22.700000762939453,23.200000762939453,22.25,22.450000762939453,397159
2023-10-11,CENTRUM,22.600000381469727,24.700000762939453,22.39999961853028,23.700000762939453,996213
2023-10-12,CENTRUM,23.850000381469727,24.5,23.75,24.100000381469727,319608
2023-10-13,CENTRUM,24.0,25.5,24.0,24.950000762939453,1025971
2023-10-16,CENTRUM,25.14999961853028,25.799999237060547,24.850000381469727,24.950000762939453,626440
2023-10-17,CENTRUM,25.0,25.549999237060547,24.25,24.700000762939453,291500
2023-10-18,CENTRUM,24.5,25.0,23.5,23.89999961853028,302851
2023-10-19,CENTRUM,23.549999237060547,24.64999961853028,23.5,24.299999237060547,171329
2023-10-20,CENTRUM,24.39999961853028,25.799999237060547,24.0,24.14999961853028,739820
2023-10-23,CENTRUM,24.049999237060547,24.100000381469727,21.700000762939453,22.25,857121
2023-10-25,CENTRUM,22.25,22.850000381469727,20.39999961853028,21.14999961853028,580857
2023-10-26,CENTRUM,20.799999237060547,23.600000381469727,20.549999237060547,22.100000381469727,503264
2023-10-27,CENTRUM,22.0,23.64999961853028,21.950000762939453,22.799999237060547,455017
2023-10-30,CENTRUM,23.0,23.0,22.049999237060547,22.25,766479
2023-10-31,CENTRUM,22.5,25.39999961853028,22.25,24.39999961853028,2440928
2023-10-03,CENTUM,1446.449951171875,1494.0,1430.0,1475.5999755859375,10391
2023-10-04,CENTUM,1470.0,1485.5999755859375,1401.8499755859375,1402.9000244140625,11759
2023-10-05,CENTUM,1418.0,1430.0,1389.0,1400.4000244140625,6550
2023-10-06,CENTUM,1425.0,1470.4000244140625,1402.6500244140625,1470.4000244140625,16558
2023-10-09,CENTUM,1413.0999755859375,1498.0,1412.0999755859375,1436.0999755859375,9208
2023-10-10,CENTUM,1436.0999755859375,1504.9000244140625,1436.0999755859375,1450.9000244140625,6168
2023-10-11,CENTUM,1460.0,1480.0,1425.0,1443.75,4721
2023-10-12,CENTUM,1441.75,1463.0,1430.0,1441.9000244140625,1980
2023-10-13,CENTUM,1441.9000244140625,1461.9000244140625,1411.0999755859375,1444.5999755859375,4238
2023-10-16,CENTUM,1443.9000244140625,1457.800048828125,1410.0,1431.25,15710
2023-10-17,CENTUM,1431.25,1453.949951171875,1420.0,1431.75,5472
2023-10-18,CENTUM,1449.699951171875,1450.0,1411.0,1427.5999755859375,4449
2023-10-19,CENTUM,1422.0,1447.5999755859375,1411.0,1424.6500244140625,4067
2023-10-20,CENTUM,1420.0,1449.75,1390.0,1400.25,11787
2023-10-23,CENTUM,1400.25,1424.9000244140625,1353.0,1394.5,7594
2023-10-25,CENTUM,1398.9000244140625,1398.9000244140625,1324.800048828125,1339.5,7224
2023-10-26,CENTUM,1300.0,1350.0,1273.0,1333.699951171875,9058
2023-10-27,CENTUM,1330.0,1400.0,1300.800048828125,1382.0999755859375,6207
2023-10-30,CENTUM,1379.949951171875,1400.0,1323.300048828125,1395.5999755859375,6387
2023-10-31,CENTUM,1397.75,1397.75,1361.3499755859375,1378.949951171875,2762
2023-10-03,CENTURYPLY,647.2999877929688,650.7000122070312,638.2000122070312,641.3499755859375,65576
2023-10-04,CENTURYPLY,641.3499755859375,644.5499877929688,628.25,636.5,43473
2023-10-05,CENTURYPLY,636.5,649.5,636.5,647.1500244140625,56888
2023-10-06,CENTURYPLY,650.5999755859375,681.6500244140625,645.5,653.4000244140625,550684
2023-10-09,CENTURYPLY,649.7999877929688,650.25,637.0999755859375,639.7999877929688,47186
2023-10-10,CENTURYPLY,647.4500122070312,649.5499877929688,630.25,639.4000244140625,145346
2023-10-11,CENTURYPLY,642.7999877929688,647.0499877929688,635.3499755859375,636.9500122070312,115602
2023-10-12,CENTURYPLY,640.2999877929688,644.3499755859375,637.3499755859375,642.4000244140625,37674
2023-10-13,CENTURYPLY,642.4000244140625,648.9500122070312,634.8499755859375,641.4000244140625,53077
2023-10-16,CENTURYPLY,642.0499877929688,652.0,633.5999755859375,637.7000122070312,46153
2023-10-17,CENTURYPLY,635.5499877929688,642.6500244140625,633.0499877929688,638.0,87397
2023-10-18,CENTURYPLY,642.0,645.0,628.0499877929688,638.9500122070312,47075
2023-10-19,CENTURYPLY,639.0,644.0499877929688,629.7999877929688,639.1500244140625,56460
2023-10-20,CENTURYPLY,638.0,642.3499755859375,630.0,638.25,41587
2023-10-23,CENTURYPLY,641.5,641.5,621.2999877929688,629.2999877929688,97436
2023-10-25,CENTURYPLY,635.9500122070312,636.0,608.5,611.5,145659
2023-10-26,CENTURYPLY,609.0,611.5,594.0,601.5999755859375,76124
2023-10-27,CENTURYPLY,600.0,624.0,600.0,621.1500244140625,35736
2023-10-30,CENTURYPLY,621.9500122070312,626.7000122070312,605.7999877929688,612.1500244140625,109412
2023-10-31,CENTURYPLY,614.0999755859375,623.4000244140625,610.2999877929688,618.9000244140625,81332
2023-10-03,CERA,8500.0,8560.0,8362.4501953125,8532.099609375,12581
2023-10-04,CERA,8502.099609375,8552.0498046875,8275.0,8297.900390625,17266
2023-10-05,CERA,8341.599609375,8392.4501953125,8255.5498046875,8292.900390625,8034
2023-10-06,CERA,8350.0,8395.0,8128.5,8176.2998046875,16120
2023-10-09,CERA,8170.0,8267.4501953125,8122.5498046875,8180.0498046875,9926
2023-10-10,CERA,8200.0,8277.849609375,8130.0498046875,8221.150390625,7111
2023-10-11,CERA,8264.0,8382.0498046875,8227.0498046875,8298.75,27651
2023-10-12,CERA,8340.25,8686.0,8300.0,8626.7001953125,47008
2023-10-13,CERA,8626.0,8898.7001953125,8560.0,8836.650390625,30116
2023-10-16,CERA,8800.0,9043.650390625,8711.5498046875,9000.5498046875,23011
2023-10-17,CERA,9000.5498046875,9200.0,8951.599609375,9031.7001953125,21131
2023-10-18,CERA,9031.7001953125,9194.9501953125,8883.25,9129.25,21659
2023-10-19,CERA,9129.25,9252.0,9020.0,9091.4501953125,17510
2023-10-20,CERA,9091.4501953125,9114.099609375,8851.0,8888.7001953125,11047
2023-10-23,CERA,8930.0,8930.0,8580.0,8778.4501953125,28482
2023-10-25,CERA,8778.4501953125,8778.5,8040.0,8238.4501953125,34373
2023-10-26,CERA,8160.0498046875,8584.0,7976.0,8509.9501953125,29831
2023-10-27,CERA,8554.7001953125,8644.4501953125,8473.150390625,8546.7998046875,10461
2023-10-30,CERA,8520.0,8619.9501953125,8452.0,8524.0,5881
2023-10-31,CERA,8541.0,8606.0498046875,8437.349609375,8483.2998046875,7042
2023-10-03,CESC,90.0,91.6999969482422,89.30000305175781,91.0,5609968
2023-10-04,CESC,90.9499969482422,91.5,86.5,88.4000015258789,4549771
2023-10-05,CESC,88.5999984741211,89.6500015258789,87.9000015258789,88.55000305175781,1726384
2023-10-06,CESC,88.5999984741211,89.25,87.6500015258789,87.8499984741211,1743664
2023-10-09,CESC,86.94999694824219,87.1500015258789,85.5,86.0999984741211,2178748
2023-10-10,CESC,86.5,89.0,86.5,88.0999984741211,1713486
2023-10-11,CESC,89.0,90.25,88.25,88.5,2854179
2023-10-12,CESC,88.94999694824219,89.1500015258789,88.19999694824219,88.3499984741211,1452134
2023-10-13,CESC,87.8499984741211,88.6500015258789,87.5999984741211,87.9000015258789,1434357
2023-10-16,CESC,88.0,90.4000015258789,87.94999694824219,88.8499984741211,4324029
2023-10-17,CESC,89.05000305175781,92.9000015258789,89.05000305175781,92.5500030517578,12379160
2023-10-18,CESC,93.0,93.6500015258789,90.0,90.5,13383377
2023-10-19,CESC,89.69999694824219,91.6500015258789,89.44999694824219,90.1500015258789,3335213
2023-10-20,CESC,89.8499984741211,90.75,88.25,89.0,2794063
2023-10-23,CESC,89.0,89.19999694824219,84.8499984741211,85.1500015258789,5169243
2023-10-25,CESC,85.5999984741211,87.30000305175781,84.0,85.4000015258789,3443911
2023-10-26,CESC,84.94999694824219,85.30000305175781,82.30000305175781,83.5,3074312
2023-10-27,CESC,83.9000015258789,85.69999694824219,83.9000015258789,84.9000015258789,1657738
2023-10-30,CESC,84.80000305175781,85.80000305175781,84.0,84.6500015258789,1629098
2023-10-31,CESC,85.0,85.75,84.0999984741211,84.75,1304819
2023-10-03,CGCL,800.0,808.5,775.5,783.0999755859375,221498
2023-10-04,CGCL,795.0,807.3499755859375,771.5499877929688,784.0,395880
2023-10-05,CGCL,798.0,803.7999877929688,778.5499877929688,785.2000122070312,240109
2023-10-06,CGCL,792.4500122070312,799.9000244140625,781.9500122070312,784.5499877929688,189253
2023-10-09,CGCL,794.0,802.0,767.9500122070312,775.4500122070312,255775
2023-10-10,CGCL,779.0,783.8499755859375,761.75,770.5499877929688,201777
2023-10-11,CGCL,773.7999877929688,783.7999877929688,763.9500122070312,773.4500122070312,167888
2023-10-12,CGCL,777.3499755859375,780.0,764.75,768.3499755859375,164822
2023-10-13,CGCL,765.0,774.7000122070312,754.5999755859375,760.9500122070312,190587
2023-10-16,CGCL,767.0,767.0,753.0499877929688,756.75,224424
2023-10-17,CGCL,764.4500122070312,768.9500122070312,753.6500244140625,762.0,160841
2023-10-18,CGCL,765.5999755859375,765.5999755859375,750.0,755.25,131662
2023-10-19,CGCL,750.0,759.3499755859375,744.3499755859375,749.7000122070312,151491
2023-10-20,CGCL,746.7000122070312,760.0,743.75,755.0,123285
2023-10-23,CGCL,755.0,759.7999877929688,734.3499755859375,739.0,82304
2023-10-25,CGCL,742.4000244140625,759.0,732.0999755859375,752.1500244140625,130229
2023-10-26,CGCL,745.1500244140625,767.9000244140625,735.5999755859375,763.5999755859375,123173
2023-10-27,CGCL,767.4500122070312,777.0,761.5999755859375,766.7999877929688,100388
2023-10-30,CGCL,765.0,768.0,755.8499755859375,758.0999755859375,163012
2023-10-31,CGCL,762.0999755859375,769.9500122070312,758.0499877929688,761.0,114688
2023-10-03,CGPOWER,442.2000122070313,446.8999938964844,438.1000061035156,444.3500061035156,871947
2023-10-04,CGPOWER,445.75,446.0,429.0,432.0,1085420
2023-10-05,CGPOWER,436.0,436.8500061035156,424.5499877929688,426.0,904761
2023-10-06,CGPOWER,429.5,430.4500122070313,417.0499877929688,418.75,1673711
2023-10-09,CGPOWER,417.9500122070313,419.5499877929688,411.4500122070313,413.25,898022
2023-10-10,CGPOWER,413.25,418.0,410.8999938964844,411.9500122070313,652483
2023-10-11,CGPOWER,416.75,416.75,401.0,404.4500122070313,2063963
2023-10-12,CGPOWER,405.0,408.0,393.0499877929688,399.75,5297532
2023-10-13,CGPOWER,400.4500122070313,402.4500122070313,395.0,396.25,1405103
2023-10-16,CGPOWER,396.25,399.0499877929688,388.0,393.1499938964844,1277647
2023-10-17,CGPOWER,394.25,397.2999877929688,390.2000122070313,392.3500061035156,1729180
2023-10-18,CGPOWER,392.7000122070313,399.7999877929688,385.2000122070313,386.8999938964844,1642283
2023-10-19,CGPOWER,386.7999877929688,389.3999938964844,371.0,380.3999938964844,3327160
2023-10-20,CGPOWER,383.0,399.0,376.25,394.25,4679204
2023-10-23,CGPOWER,400.0,406.8999938964844,378.5499877929688,384.0,3261076
2023-10-25,CGPOWER,389.0,394.0,367.9500122070313,372.3500061035156,2423091
2023-10-26,CGPOWER,375.0,376.1000061035156,359.20001220703125,371.6000061035156,2225309
2023-10-27,CGPOWER,375.0,387.8999938964844,375.0,384.3999938964844,1827772
2023-10-30,CGPOWER,387.7999877929688,394.2000122070313,383.0499877929688,391.1499938964844,1341022
2023-10-31,CGPOWER,395.0,397.5,388.3999938964844,390.1000061035156,1175211
2023-10-03,CHALET,557.0499877929688,597.0,557.0499877929688,566.9000244140625,1142864
2023-10-04,CHALET,569.9000244140625,583.5999755859375,567.1500244140625,577.6500244140625,203233
2023-10-05,CHALET,584.7999877929688,600.0,580.2000122070312,593.2999877929688,258350
2023-10-06,CHALET,592.0999755859375,621.0,589.0,609.0499877929688,669974
2023-10-09,CHALET,599.0,604.3499755859375,585.0,589.7000122070312,320928
2023-10-10,CHALET,596.9000244140625,605.0,589.6500244140625,599.5999755859375,80930
2023-10-11,CHALET,604.0,620.0,601.5,605.7000122070312,185098
2023-10-12,CHALET,605.0,612.0,601.0,607.7999877929688,115230
2023-10-13,CHALET,603.5,604.9500122070312,593.0999755859375,595.5499877929688,105669
2023-10-16,CHALET,597.5499877929688,598.9500122070312,587.2999877929688,592.2999877929688,64180
2023-10-17,CHALET,595.0,607.0,590.4000244140625,598.9000244140625,93526
2023-10-18,CHALET,599.0,600.0,585.2999877929688,588.0499877929688,88752
2023-10-19,CHALET,586.8499755859375,587.4000244140625,579.0,581.2999877929688,58901
2023-10-20,CHALET,581.2999877929688,588.6500244140625,573.8499755859375,582.1500244140625,59302
2023-10-23,CHALET,584.3499755859375,587.9000244140625,555.3499755859375,563.2000122070312,79840
2023-10-25,CHALET,572.7999877929688,584.0,535.0999755859375,559.7000122070312,157133
2023-10-26,CHALET,574.0,575.0,542.5499877929688,557.25,488379
2023-10-27,CHALET,561.0499877929688,570.0,555.2000122070312,562.5,198076
2023-10-30,CHALET,561.7000122070312,563.7999877929688,546.0,549.8499755859375,150541
2023-10-31,CHALET,550.9500122070312,558.9500122070312,536.8499755859375,547.6500244140625,97568
2023-10-03,CHAMBLFERT,276.6499938964844,276.6499938964844,274.1000061035156,275.6000061035156,678800
2023-10-04,CHAMBLFERT,274.0,275.6000061035156,269.70001220703125,271.54998779296875,1344336
2023-10-05,CHAMBLFERT,272.25,275.5,271.54998779296875,272.8999938964844,636784
2023-10-06,CHAMBLFERT,273.6000061035156,275.3999938964844,272.20001220703125,274.45001220703125,724228
2023-10-09,CHAMBLFERT,272.5,275.3500061035156,267.75,272.8999938964844,1061225
2023-10-10,CHAMBLFERT,273.3500061035156,285.70001220703125,273.0,284.20001220703125,4210878
2023-10-11,CHAMBLFERT,286.0,288.45001220703125,283.95001220703125,284.5,3096897
2023-10-12,CHAMBLFERT,287.0,293.0,285.0,291.04998779296875,4572511
2023-10-13,CHAMBLFERT,291.0,294.3999938964844,288.70001220703125,291.20001220703125,3552488
2023-10-16,CHAMBLFERT,293.8999938964844,300.95001220703125,292.1000061035156,295.3500061035156,8581627
2023-10-17,CHAMBLFERT,297.8500061035156,297.8500061035156,292.6499938964844,295.20001220703125,2339061
2023-10-18,CHAMBLFERT,296.25,297.8999938964844,289.04998779296875,293.79998779296875,2350287
2023-10-19,CHAMBLFERT,293.0,296.5,290.1000061035156,295.6000061035156,1694556
2023-10-20,CHAMBLFERT,294.95001220703125,297.5,288.0,289.1000061035156,2239577
2023-10-23,CHAMBLFERT,289.1000061035156,291.5,276.0,277.29998779296875,2326748
2023-10-25,CHAMBLFERT,278.25,282.79998779296875,273.04998779296875,275.75,1270319
2023-10-26,CHAMBLFERT,275.04998779296875,275.04998779296875,263.45001220703125,270.0,2254962
2023-10-27,CHAMBLFERT,271.04998779296875,280.79998779296875,271.04998779296875,279.6499938964844,1400874
2023-10-30,CHAMBLFERT,280.29998779296875,283.29998779296875,277.3999938964844,281.70001220703125,934460
2023-10-31,CHAMBLFERT,282.79998779296875,291.8999938964844,282.1000061035156,288.54998779296875,3023658
2023-10-03,CHEMBOND,376.9500122070313,379.8999938964844,370.0,375.4500122070313,15310
2023-10-04,CHEMBOND,375.2000122070313,395.0,366.0,379.6000061035156,21926
2023-10-05,CHEMBOND,382.0,386.75,373.1499938964844,376.3999938964844,11151
2023-10-06,CHEMBOND,372.4500122070313,380.0,371.3999938964844,374.3999938964844,15253
2023-10-09,CHEMBOND,370.0,379.9500122070313,365.0,366.3999938964844,17021
2023-10-10,CHEMBOND,371.6499938964844,382.9500122070313,367.0,378.1000061035156,23026
2023-10-11,CHEMBOND,383.1499938964844,386.0,373.3500061035156,378.8500061035156,11712
2023-10-12,CHEMBOND,383.7000122070313,383.7000122070313,368.0,368.6499938964844,43646
2023-10-13,CHEMBOND,368.6499938964844,375.0,367.8500061035156,370.8500061035156,5002
2023-10-16,CHEMBOND,371.0,377.1499938964844,367.25,370.2000122070313,32741
2023-10-17,CHEMBOND,372.25,375.9500122070313,360.5,365.3500061035156,23399
2023-10-18,CHEMBOND,367.0,385.0,365.1000061035156,370.75,67160
2023-10-19,CHEMBOND,371.0499877929688,374.9500122070313,368.0499877929688,372.6000061035156,6281
2023-10-20,CHEMBOND,372.6000061035156,374.2999877929688,369.1499938964844,371.4500122070313,4270
2023-10-23,CHEMBOND,372.0499877929688,372.0499877929688,352.0,356.3500061035156,20199
2023-10-25,CHEMBOND,355.1499938964844,359.95001220703125,339.54998779296875,352.95001220703125,38255
2023-10-26,CHEMBOND,352.0,369.0,329.8999938964844,356.04998779296875,50347
2023-10-27,CHEMBOND,360.8999938964844,370.0,355.75,365.3500061035156,13096
2023-10-30,CHEMBOND,365.0,370.0,354.1499938964844,366.6499938964844,13813
2023-10-31,CHEMBOND,370.0499877929688,373.0,355.04998779296875,357.5,7869
2023-10-03,CHEMCON,281.5,285.1000061035156,280.0,281.04998779296875,34804
2023-10-04,CHEMCON,280.3999938964844,281.5,277.54998779296875,279.29998779296875,19652
2023-10-05,CHEMCON,281.95001220703125,281.95001220703125,276.6499938964844,277.0,40932
2023-10-06,CHEMCON,277.3999938964844,280.6499938964844,275.0,277.0,46127
2023-10-09,CHEMCON,270.0,274.3500061035156,268.0,269.0,46549
2023-10-10,CHEMCON,275.0,275.79998779296875,270.0,273.6000061035156,37417
2023-10-11,CHEMCON,274.0,284.04998779296875,273.8500061035156,280.54998779296875,68880
2023-10-12,CHEMCON,281.0,285.29998779296875,280.0,281.3500061035156,39206
2023-10-13,CHEMCON,281.20001220703125,282.8999938964844,277.0,278.6000061035156,32803
2023-10-16,CHEMCON,277.95001220703125,282.45001220703125,276.3999938964844,279.8500061035156,48613
2023-10-17,CHEMCON,281.0,291.0,281.0,284.3500061035156,93596
2023-10-18,CHEMCON,285.0,287.45001220703125,277.70001220703125,278.45001220703125,49442
2023-10-19,CHEMCON,276.8999938964844,280.95001220703125,275.0,276.5,31825
2023-10-20,CHEMCON,277.5,279.70001220703125,275.0,275.79998779296875,25595
2023-10-23,CHEMCON,275.5,284.0,261.3500061035156,264.25,68504
2023-10-25,CHEMCON,265.0,267.0,257.29998779296875,259.6499938964844,55590
2023-10-26,CHEMCON,258.1000061035156,259.8500061035156,253.0500030517578,257.0,53262
2023-10-27,CHEMCON,259.54998779296875,267.8999938964844,259.1499938964844,260.8999938964844,30367
2023-10-30,CHEMCON,262.0,263.3999938964844,256.3999938964844,257.6000061035156,31929
2023-10-31,CHEMCON,260.1499938964844,264.8500061035156,255.1000061035156,257.54998779296875,54894
2023-10-03,CHEMFAB,368.75,370.8500061035156,361.75,365.1499938964844,17932
2023-10-04,CHEMFAB,365.3999938964844,377.7000122070313,357.54998779296875,370.0499877929688,26121
2023-10-05,CHEMFAB,371.0499877929688,374.8500061035156,369.0499877929688,371.0499877929688,14951
2023-10-06,CHEMFAB,370.0,374.4500122070313,364.0499877929688,368.1000061035156,19695
2023-10-09,CHEMFAB,365.0,367.0,355.0,359.8999938964844,18964
2023-10-10,CHEMFAB,362.1499938964844,368.6000061035156,358.04998779296875,361.7000122070313,22929
2023-10-11,CHEMFAB,369.0,381.8999938964844,368.0,372.9500122070313,32048
2023-10-12,CHEMFAB,372.9500122070313,378.4500122070313,366.6000061035156,368.2000122070313,16782
2023-10-13,CHEMFAB,370.0,380.9500122070313,363.2000122070313,378.6499938964844,32042
2023-10-16,CHEMFAB,382.3999938964844,392.6000061035156,373.5499877929688,387.75,30760
2023-10-17,CHEMFAB,390.0,395.8999938964844,385.0,392.75,36329
2023-10-18,CHEMFAB,398.0,399.0,385.0,388.6499938964844,22269
2023-10-19,CHEMFAB,392.1000061035156,394.4500122070313,379.5,390.5,22218
2023-10-20,CHEMFAB,391.0,397.7999877929688,388.0,390.0499877929688,27460
2023-10-23,CHEMFAB,390.5499877929688,390.75,372.0,372.8999938964844,31825
2023-10-25,CHEMFAB,371.5,378.3500061035156,365.6000061035156,374.4500122070313,25985
2023-10-26,CHEMFAB,368.8500061035156,377.4500122070313,365.0,371.2999877929688,15543
2023-10-27,CHEMFAB,350.0,356.95001220703125,337.45001220703125,353.8999938964844,79405
2023-10-30,CHEMFAB,352.1000061035156,364.0,337.6000061035156,352.5,50995
2023-10-31,CHEMFAB,354.5,367.9500122070313,350.20001220703125,352.8500061035156,18499
2023-10-03,CHEMPLASTS,483.9500122070313,490.8500061035156,479.2999877929688,489.0499877929688,61517
2023-10-04,CHEMPLASTS,487.9500122070313,506.75,484.6000061035156,490.1499938964844,165176
2023-10-05,CHEMPLASTS,492.8999938964844,503.75,484.5,496.2000122070313,175181
2023-10-06,CHEMPLASTS,500.0,506.0499877929688,493.0,495.5,87845
2023-10-09,CHEMPLASTS,487.7999877929688,489.0,461.5499877929688,472.1000061035156,126221
2023-10-10,CHEMPLASTS,472.4500122070313,485.0,470.5499877929688,481.8500061035156,132670
2023-10-11,CHEMPLASTS,483.8999938964844,493.0,482.7999877929688,484.9500122070313,53923
2023-10-12,CHEMPLASTS,487.2000122070313,488.2000122070313,478.25,480.4500122070313,67242
2023-10-13,CHEMPLASTS,478.2000122070313,485.0,475.2000122070313,476.7999877929688,52697
2023-10-16,CHEMPLASTS,475.0,480.0,470.5,473.3999938964844,55941
2023-10-17,CHEMPLASTS,474.0,485.8999938964844,472.1000061035156,477.1499938964844,72936
2023-10-18,CHEMPLASTS,477.75,483.0,471.1000061035156,475.1000061035156,112832
2023-10-19,CHEMPLASTS,472.8500061035156,475.8500061035156,462.6499938964844,464.6499938964844,54474
2023-10-20,CHEMPLASTS,462.0,466.6499938964844,447.7000122070313,451.75,93829
2023-10-23,CHEMPLASTS,454.0499877929688,456.2000122070313,434.6000061035156,443.7999877929688,163535
2023-10-25,CHEMPLASTS,443.7999877929688,454.3500061035156,435.2999877929688,440.6499938964844,74494
2023-10-26,CHEMPLASTS,434.0499877929688,448.0,428.7999877929688,445.7000122070313,67697
2023-10-27,CHEMPLASTS,445.7000122070313,459.8500061035156,445.7000122070313,453.7999877929688,76775
2023-10-30,CHEMPLASTS,447.1000061035156,451.5,441.7999877929688,443.9500122070313,35749
2023-10-31,CHEMPLASTS,450.1000061035156,458.1499938964844,442.0,444.1499938964844,83714
2023-10-03,CHENNPETRO,511.0,515.0499877929688,498.1000061035156,502.5499877929688,760002
2023-10-04,CHENNPETRO,501.7999877929688,514.0499877929688,492.3999938964844,502.2999877929688,1732601
2023-10-05,CHENNPETRO,503.7999877929688,509.3500061035156,497.0,498.9500122070313,569863
2023-10-06,CHENNPETRO,500.0,502.0,475.2000122070313,482.8999938964844,1614868
2023-10-09,CHENNPETRO,483.0,494.75,477.0499877929688,485.6499938964844,978099
2023-10-10,CHENNPETRO,487.2999877929688,503.9500122070313,487.2999877929688,502.7000122070313,947703
2023-10-11,CHENNPETRO,504.0,517.6500244140625,503.7999877929688,509.3999938964844,919009
2023-10-12,CHENNPETRO,511.4500122070313,529.9000244140625,510.4500122070313,527.5499877929688,1714886
2023-10-13,CHENNPETRO,526.0,541.5,521.2000122070312,523.7999877929688,2030733
2023-10-16,CHENNPETRO,530.0,537.7999877929688,523.5,528.7999877929688,1134954
2023-10-17,CHENNPETRO,530.5,612.0,530.5,585.3499755859375,14845542
2023-10-18,CHENNPETRO,592.0,612.7999877929688,580.5499877929688,589.7000122070312,4727995
2023-10-19,CHENNPETRO,583.5499877929688,608.8499755859375,583.5499877929688,597.9000244140625,3651044
2023-10-20,CHENNPETRO,597.5,604.0,532.6500244140625,544.0999755859375,4079432
2023-10-23,CHENNPETRO,548.2999877929688,548.2999877929688,512.5,520.4000244140625,2237312
2023-10-25,CHENNPETRO,540.0,540.7000122070312,508.0499877929688,534.4500122070312,1656669
2023-10-26,CHENNPETRO,530.0,543.7999877929688,518.0,521.7999877929688,3900049
2023-10-27,CHENNPETRO,536.0,556.6500244140625,524.0,534.9500122070312,3049522
2023-10-30,CHENNPETRO,538.5,594.5,537.0,582.75,8280185
2023-10-31,CHENNPETRO,583.9500122070312,592.5999755859375,573.0,575.2000122070312,2139085
2023-10-03,CHEVIOT,1151.0999755859375,1166.050048828125,1151.0999755859375,1153.1500244140625,562
2023-10-04,CHEVIOT,1153.3499755859375,1163.0,1140.0,1143.25,1091
2023-10-05,CHEVIOT,1151.199951171875,1157.949951171875,1149.0,1154.3499755859375,577
2023-10-06,CHEVIOT,1165.050048828125,1166.75,1150.0,1157.3499755859375,1819
2023-10-09,CHEVIOT,1132.0,1168.9000244140625,1130.0,1152.75,1228
2023-10-10,CHEVIOT,1165.050048828125,1172.949951171875,1156.050048828125,1162.0999755859375,1532
2023-10-11,CHEVIOT,1161.1500244140625,1177.0,1155.0,1168.800048828125,767
2023-10-12,CHEVIOT,1170.5999755859375,1195.0,1162.0,1173.199951171875,3621
2023-10-13,CHEVIOT,1177.949951171875,1177.949951171875,1160.0,1170.949951171875,1825
2023-10-16,CHEVIOT,1172.0,1183.5,1167.8499755859375,1181.6500244140625,1102
2023-10-17,CHEVIOT,1193.0,1193.0,1168.0,1173.550048828125,914
2023-10-18,CHEVIOT,1159.0,1178.199951171875,1159.0,1168.5999755859375,2764
2023-10-19,CHEVIOT,1168.5999755859375,1169.9000244140625,1152.050048828125,1157.75,1320
2023-10-20,CHEVIOT,1169.949951171875,1279.9000244140625,1158.0,1251.949951171875,22742
2023-10-23,CHEVIOT,1328.949951171875,1350.5,1230.0,1250.300048828125,45717
2023-10-25,CHEVIOT,1250.300048828125,1294.0,1212.9000244140625,1218.300048828125,11950
2023-10-26,CHEVIOT,1218.300048828125,1243.449951171875,1172.0,1214.449951171875,14705
2023-10-27,CHEVIOT,1248.9000244140625,1271.050048828125,1228.550048828125,1245.5,7279
2023-10-30,CHEVIOT,1271.0999755859375,1275.75,1246.550048828125,1261.75,6384
2023-10-31,CHEVIOT,1268.0,1275.800048828125,1251.0,1268.699951171875,7322
2023-10-03,CHOICEIN,212.2749938964844,212.5,210.5,210.8999938964844,691390
2023-10-04,CHOICEIN,211.5,212.625,210.1750030517578,211.1000061035156,793348
2023-10-05,CHOICEIN,212.4750061035156,213.1999969482422,210.625,211.1000061035156,1543826
2023-10-06,CHOICEIN,212.25,213.3999938964844,211.8500061035156,212.6750030517578,634914
2023-10-09,CHOICEIN,213.875,213.875,209.4750061035156,210.0,1054952
2023-10-10,CHOICEIN,211.4499969482422,212.1000061035156,209.0749969482422,210.0749969482422,596930
2023-10-11,CHOICEIN,211.375,211.6999969482422,207.9750061035156,208.875,1061860
2023-10-12,CHOICEIN,209.25,211.0,208.5500030517578,210.125,387338
2023-10-13,CHOICEIN,211.3249969482422,212.3500061035156,210.625,211.6000061035156,866718
2023-10-16,CHOICEIN,213.4499969482422,218.625,211.6499938964844,214.25,2184196
2023-10-17,CHOICEIN,219.5,220.5,215.2749938964844,217.3500061035156,1454816
2023-10-18,CHOICEIN,218.9750061035156,219.3000030517578,216.5,217.1750030517578,728986
2023-10-19,CHOICEIN,217.875,218.3999938964844,214.6999969482422,215.625,1125148
2023-10-20,CHOICEIN,215.5,216.4750061035156,211.7749938964844,213.2250061035156,680676
2023-10-23,CHOICEIN,213.2250061035156,214.3500061035156,203.5,205.0749969482422,1393512
2023-10-25,CHOICEIN,205.7749938964844,207.1499938964844,198.1000061035156,201.25,420918
2023-10-26,CHOICEIN,200.5249938964844,201.1000061035156,193.5,198.8999938964844,504650
2023-10-27,CHOICEIN,200.875,208.1000061035156,197.5249938964844,204.1499938964844,847470
2023-10-30,CHOICEIN,204.9499969482422,205.4250030517578,201.4750061035156,204.2250061035156,653262
2023-10-31,CHOICEIN,204.5,206.9750061035156,201.0,204.9499969482422,792302
2023-10-03,CHOLAFIN,1218.449951171875,1257.8499755859375,1213.75,1253.800048828125,3584950
2023-10-04,CHOLAFIN,1253.0,1253.0,1206.0,1209.6500244140625,4231028
2023-10-05,CHOLAFIN,1221.800048828125,1221.800048828125,1185.3499755859375,1199.25,2974607
2023-10-06,CHOLAFIN,1211.5,1227.0,1199.0,1219.550048828125,2503438
2023-10-09,CHOLAFIN,1209.949951171875,1222.699951171875,1204.9000244140625,1219.550048828125,1641174
2023-10-10,CHOLAFIN,1225.0,1263.949951171875,1219.5999755859375,1259.1500244140625,2009992
2023-10-11,CHOLAFIN,1259.0,1272.9000244140625,1251.699951171875,1259.699951171875,2083878
2023-10-12,CHOLAFIN,1259.0,1260.5999755859375,1241.1500244140625,1244.5999755859375,607389
2023-10-13,CHOLAFIN,1244.5999755859375,1261.0,1241.1500244140625,1257.800048828125,843324
2023-10-16,CHOLAFIN,1257.800048828125,1257.800048828125,1238.800048828125,1245.699951171875,1301523
2023-10-17,CHOLAFIN,1247.050048828125,1257.5999755859375,1237.699951171875,1244.6500244140625,1228315
2023-10-18,CHOLAFIN,1248.699951171875,1248.699951171875,1211.800048828125,1218.449951171875,1993050
2023-10-19,CHOLAFIN,1207.5,1216.75,1193.3499755859375,1197.300048828125,2532926
2023-10-20,CHOLAFIN,1190.050048828125,1203.300048828125,1184.0999755859375,1187.1500244140625,1725399
2023-10-23,CHOLAFIN,1186.0,1198.75,1161.1500244140625,1167.25,1121828
2023-10-25,CHOLAFIN,1166.0,1172.8499755859375,1131.4000244140625,1147.050048828125,1758063
2023-10-26,CHOLAFIN,1144.449951171875,1144.449951171875,1114.6500244140625,1134.5,1472625
2023-10-27,CHOLAFIN,1136.050048828125,1185.199951171875,1135.0999755859375,1168.050048828125,2141573
2023-10-30,CHOLAFIN,1166.0,1168.1500244140625,1137.4000244140625,1155.6500244140625,872127
2023-10-31,CHOLAFIN,1157.0,1165.550048828125,1126.199951171875,1137.300048828125,1506570
2023-10-03,CHOLAHLDNG,1169.75,1219.550048828125,1120.8499755859375,1133.550048828125,275313
2023-10-04,CHOLAHLDNG,1139.800048828125,1154.4000244140625,1101.0,1107.300048828125,123999
2023-10-05,CHOLAHLDNG,1107.300048828125,1150.699951171875,1107.300048828125,1126.6500244140625,69231
2023-10-06,CHOLAHLDNG,1126.949951171875,1145.0,1121.25,1136.0999755859375,98899
2023-10-09,CHOLAHLDNG,1110.0,1150.0999755859375,1101.8499755859375,1109.199951171875,102208
2023-10-10,CHOLAHLDNG,1118.949951171875,1136.0,1106.300048828125,1110.0,198785
2023-10-11,CHOLAHLDNG,1110.0,1143.949951171875,1105.1500244140625,1126.699951171875,169351
2023-10-12,CHOLAHLDNG,1126.0999755859375,1177.1500244140625,1121.6500244140625,1151.8499755859375,168558
2023-10-13,CHOLAHLDNG,1145.0,1162.0,1125.0,1159.300048828125,196674
2023-10-16,CHOLAHLDNG,1167.949951171875,1199.0,1130.5,1138.550048828125,37886
2023-10-17,CHOLAHLDNG,1149.0,1155.0,1117.449951171875,1137.800048828125,1522701
2023-10-18,CHOLAHLDNG,1135.0,1138.1500244140625,1115.0,1124.6500244140625,70642
2023-10-19,CHOLAHLDNG,1106.0,1132.5,1095.75,1113.6500244140625,45301
2023-10-20,CHOLAHLDNG,1113.0,1131.75,1106.050048828125,1124.050048828125,40061
2023-10-23,CHOLAHLDNG,1124.050048828125,1126.3499755859375,1091.0,1116.0999755859375,81888
2023-10-25,CHOLAHLDNG,1080.0,1149.0,1075.75,1095.4000244140625,143966
2023-10-26,CHOLAHLDNG,1099.0,1099.0,1050.0,1085.1500244140625,167764
2023-10-27,CHOLAHLDNG,1085.0,1117.0,1066.0,1088.949951171875,224136
2023-10-30,CHOLAHLDNG,1089.0,1189.949951171875,1085.0999755859375,1138.199951171875,326015
2023-10-31,CHOLAHLDNG,1146.0,1168.75,1123.0,1138.199951171875,103967
2023-10-03,CIEINDIA,485.0,487.9500122070313,473.5,475.8500061035156,311522
2023-10-04,CIEINDIA,477.0499877929688,479.3999938964844,458.2000122070313,465.1499938964844,646509
2023-10-05,CIEINDIA,468.8999938964844,478.1000061035156,466.2999877929688,474.8500061035156,567481
2023-10-06,CIEINDIA,476.0,480.4500122070313,468.2000122070313,470.1000061035156,540423
2023-10-09,CIEINDIA,469.5,469.5,459.0,460.9500122070313,321123
2023-10-10,CIEINDIA,460.6000061035156,466.0,459.5499877929688,460.7999877929688,643812
2023-10-11,CIEINDIA,464.7999877929688,466.7000122070313,457.1499938964844,461.7999877929688,714805
2023-10-12,CIEINDIA,463.1000061035156,469.2999877929688,459.6499938964844,466.0499877929688,758096
2023-10-13,CIEINDIA,466.2000122070313,469.2999877929688,462.2000122070313,463.25,328511
2023-10-16,CIEINDIA,461.5,477.9500122070313,460.25,476.2999877929688,443878
2023-10-17,CIEINDIA,479.8999938964844,495.9500122070313,478.2000122070313,493.8500061035156,991745
2023-10-18,CIEINDIA,500.0,500.0,480.0,483.75,1478607
2023-10-19,CIEINDIA,483.75,484.0,463.75,466.2000122070313,1307268
2023-10-20,CIEINDIA,466.0,466.0,440.3999938964844,454.4500122070313,2114285
2023-10-23,CIEINDIA,454.9500122070313,457.5499877929688,446.4500122070313,449.2999877929688,631593
2023-10-25,CIEINDIA,453.0,461.5,443.0499877929688,459.25,458971
2023-10-26,CIEINDIA,453.8999938964844,460.0,448.3500061035156,452.8999938964844,812035
2023-10-27,CIEINDIA,455.25,462.2000122070313,453.0,460.2000122070313,569743
2023-10-30,CIEINDIA,463.6000061035156,473.6000061035156,452.0,472.9500122070313,511212
2023-10-31,CIEINDIA,473.2999877929688,473.8999938964844,459.25,460.1499938964844,493337
2023-10-03,CINELINE,118.6500015258789,118.6500015258789,118.6500015258789,118.6500015258789,63790
2023-10-04,CINELINE,121.0,121.0,121.0,121.0,22454
2023-10-05,CINELINE,123.4000015258789,123.4000015258789,123.4000015258789,123.4000015258789,10956
2023-10-06,CINELINE,125.8499984741211,125.8499984741211,125.8499984741211,125.8499984741211,20037
2023-10-09,CINELINE,125.8499984741211,128.35000610351562,125.8499984741211,125.8499984741211,98317
2023-10-10,CINELINE,125.9000015258789,126.0,123.5,125.9000015258789,24481
2023-10-11,CINELINE,123.4000015258789,125.6999969482422,123.4000015258789,123.4000015258789,577
2023-10-12,CINELINE,124.9000015258789,125.8000030517578,123.25,124.9000015258789,32182
2023-10-13,CINELINE,122.4499969482422,124.0999984741211,122.4000015258789,122.4499969482422,13184
2023-10-16,CINELINE,123.0,124.25,116.3499984741211,116.9499969482422,81860
2023-10-17,CINELINE,118.9499969482422,119.0,115.0500030517578,116.5,29844
2023-10-18,CINELINE,118.6500015258789,119.5,114.3499984741211,116.4000015258789,36630
2023-10-19,CINELINE,116.0,118.3000030517578,114.0500030517578,114.8000030517578,29902
2023-10-20,CINELINE,115.8499984741211,117.9000015258789,115.0500030517578,115.25,35009
2023-10-23,CINELINE,117.4000015258789,117.6999969482422,109.5,109.5500030517578,24153
2023-10-25,CINELINE,109.5500030517578,113.75,104.0999984741211,105.75,39138
2023-10-26,CINELINE,103.8499984741211,107.8000030517578,103.8499984741211,105.0500030517578,47041
2023-10-27,CINELINE,105.5,110.3000030517578,105.5,109.75,53946
2023-10-30,CINELINE,112.0,112.0,105.9499969482422,106.5500030517578,48589
2023-10-31,CINELINE,107.0,111.8499984741211,106.0,111.5500030517578,69492
2023-10-03,CINEVISTA,14.550000190734863,15.100000381469728,14.199999809265137,14.899999618530272,43816
2023-10-04,CINEVISTA,14.75,15.0,14.449999809265137,14.649999618530272,46022
2023-10-05,CINEVISTA,15.0,15.050000190734863,14.350000381469728,14.550000190734863,21789
2023-10-06,CINEVISTA,14.899999618530272,15.25,14.550000190734863,14.949999809265137,53289
2023-10-09,CINEVISTA,15.300000190734863,15.399999618530272,14.149999618530272,14.199999809265137,80367
2023-10-10,CINEVISTA,14.25,15.399999618530272,14.25,14.899999618530272,101792
2023-10-11,CINEVISTA,15.300000190734863,15.300000190734863,14.949999809265137,15.050000190734863,71955
2023-10-12,CINEVISTA,15.149999618530272,15.550000190734863,14.850000381469728,15.449999809265137,115051
2023-10-13,CINEVISTA,15.449999809265137,17.100000381469727,15.449999809265137,16.850000381469727,341435
2023-10-16,CINEVISTA,17.5,17.75,16.100000381469727,17.100000381469727,196773
2023-10-17,CINEVISTA,17.25,20.5,17.200000762939453,20.5,2316759
2023-10-18,CINEVISTA,21.25,24.450000762939453,21.14999961853028,23.64999961853028,3398897
2023-10-19,CINEVISTA,23.64999961853028,23.700000762939453,21.299999237060547,21.64999961853028,744461
2023-10-20,CINEVISTA,21.5,23.799999237060547,20.549999237060547,21.100000381469727,1014561
2023-10-23,CINEVISTA,20.549999237060547,21.350000381469727,20.049999237060547,20.049999237060547,50842
2023-10-25,CINEVISTA,19.049999237060547,19.39999961853028,19.049999237060547,19.049999237060547,37671
2023-10-26,CINEVISTA,18.200000762939453,18.700000762939453,18.100000381469727,18.450000762939453,52555
2023-10-27,CINEVISTA,18.950000762939453,18.950000762939453,17.549999237060547,18.39999961853028,125517
2023-10-30,CINEVISTA,18.850000381469727,18.850000381469727,17.5,17.549999237060547,62036
2023-10-31,CINEVISTA,16.899999618530273,17.950000762939453,16.700000762939453,16.899999618530273,56809
2023-10-03,CIPLA,1184.0,1185.699951171875,1170.949951171875,1182.800048828125,1581125
2023-10-04,CIPLA,1178.0999755859375,1185.0,1161.300048828125,1167.050048828125,999123
2023-10-05,CIPLA,1170.0999755859375,1172.949951171875,1155.25,1161.0999755859375,1446743
2023-10-06,CIPLA,1165.0,1181.699951171875,1160.449951171875,1163.0,928951
2023-10-09,CIPLA,1159.0,1166.8499755859375,1151.6500244140625,1159.5,822110
2023-10-10,CIPLA,1160.0999755859375,1163.5999755859375,1150.5,1155.050048828125,822199
2023-10-11,CIPLA,1151.0,1175.0,1146.5,1171.949951171875,1465239
2023-10-12,CIPLA,1179.050048828125,1186.3499755859375,1152.449951171875,1157.9000244140625,2533930
2023-10-13,CIPLA,1156.0,1169.199951171875,1150.0,1167.75,940547
2023-10-16,CIPLA,1166.300048828125,1170.0999755859375,1158.800048828125,1164.4000244140625,802207
2023-10-17,CIPLA,1168.0,1178.050048828125,1160.6500244140625,1173.5,877856
2023-10-18,CIPLA,1185.0,1219.449951171875,1176.1500244140625,1210.5999755859375,7367540
2023-10-19,CIPLA,1210.5,1225.0,1189.6500244140625,1223.300048828125,2157683
2023-10-20,CIPLA,1221.8499755859375,1221.8499755859375,1198.25,1200.199951171875,692067
2023-10-23,CIPLA,1200.0,1210.199951171875,1178.449951171875,1183.800048828125,957929
2023-10-25,CIPLA,1184.5,1188.75,1154.050048828125,1157.449951171875,1433911
2023-10-26,CIPLA,1154.800048828125,1155.0,1132.0,1150.8499755859375,2016469
2023-10-27,CIPLA,1152.0,1197.9000244140625,1149.25,1174.25,1775011
2023-10-30,CIPLA,1186.0,1212.4000244140625,1177.5,1193.449951171875,2853500
2023-10-31,CIPLA,1199.949951171875,1206.0999755859375,1191.0999755859375,1200.0,1720955
2023-10-03,CLEAN,1409.0,1419.9000244140625,1402.0,1407.8499755859375,42159
2023-10-04,CLEAN,1402.5,1424.0,1400.0,1413.0,47283
2023-10-05,CLEAN,1418.699951171875,1422.6500244140625,1406.0,1409.449951171875,35669
2023-10-06,CLEAN,1409.949951171875,1437.949951171875,1400.0,1410.199951171875,102303
2023-10-09,CLEAN,1392.0,1398.0,1375.8499755859375,1381.050048828125,82153
2023-10-10,CLEAN,1380.0,1398.699951171875,1372.050048828125,1375.0999755859375,52940
2023-10-11,CLEAN,1385.0,1403.1500244140625,1380.6500244140625,1388.9000244140625,55734
2023-10-12,CLEAN,1391.050048828125,1413.800048828125,1391.0,1393.8499755859375,57208
2023-10-13,CLEAN,1390.0,1403.300048828125,1386.550048828125,1394.949951171875,28131
2023-10-16,CLEAN,1394.949951171875,1399.6500244140625,1375.0,1377.5999755859375,57483
2023-10-17,CLEAN,1384.0,1395.3499755859375,1362.0,1367.800048828125,132091
2023-10-18,CLEAN,1364.949951171875,1384.0,1355.0999755859375,1375.9000244140625,97466
2023-10-19,CLEAN,1373.050048828125,1378.1500244140625,1361.0,1370.6500244140625,40212
2023-10-20,CLEAN,1370.0,1376.800048828125,1351.5,1355.6500244140625,47305
2023-10-23,CLEAN,1359.949951171875,1361.949951171875,1321.5999755859375,1331.3499755859375,72030
2023-10-25,CLEAN,1331.4000244140625,1349.949951171875,1312.0999755859375,1330.699951171875,71449
2023-10-26,CLEAN,1325.0999755859375,1328.0,1290.0,1314.0,84420
2023-10-27,CLEAN,1316.6500244140625,1348.6500244140625,1316.5999755859375,1321.800048828125,59152
2023-10-30,CLEAN,1324.6500244140625,1324.6500244140625,1295.6500244140625,1304.300048828125,72957
2023-10-31,CLEAN,1305.0,1312.699951171875,1298.050048828125,1304.199951171875,54504
2023-10-03,CLEDUCATE,71.05000305175781,72.44999694824219,69.5999984741211,70.1500015258789,141640
2023-10-04,CLEDUCATE,70.5999984741211,72.4000015258789,69.0,69.75,48275
2023-10-05,CLEDUCATE,70.44999694824219,70.5999984741211,68.75,70.0999984741211,40788
2023-10-06,CLEDUCATE,70.0999984741211,71.0,69.5,70.5,42305
2023-10-09,CLEDUCATE,70.0999984741211,71.0,67.25,67.5999984741211,90436
2023-10-10,CLEDUCATE,67.25,69.80000305175781,67.25,68.55000305175781,56303
2023-10-11,CLEDUCATE,69.44999694824219,70.3499984741211,68.55000305175781,69.6500015258789,79122
2023-10-12,CLEDUCATE,69.94999694824219,72.80000305175781,69.05000305175781,71.19999694824219,95852
2023-10-13,CLEDUCATE,71.55000305175781,78.25,70.19999694824219,74.75,821254
2023-10-16,CLEDUCATE,76.4000015258789,76.4000015258789,74.05000305175781,75.8499984741211,224437
2023-10-17,CLEDUCATE,76.0999984741211,76.55000305175781,75.5,75.94999694824219,93881
2023-10-18,CLEDUCATE,75.94999694824219,80.0,75.94999694824219,78.94999694824219,407141
2023-10-19,CLEDUCATE,79.0999984741211,79.94999694824219,77.0,78.6500015258789,138272
2023-10-20,CLEDUCATE,79.0999984741211,79.0999984741211,76.9000015258789,77.94999694824219,68328
2023-10-23,CLEDUCATE,78.5,78.5,73.19999694824219,74.25,138710
2023-10-25,CLEDUCATE,74.0,75.0,71.0,71.55000305175781,70513
2023-10-26,CLEDUCATE,71.5,75.5,69.69999694824219,75.0,103224
2023-10-27,CLEDUCATE,76.0999984741211,79.94999694824219,75.1500015258789,79.05000305175781,169941
2023-10-30,CLEDUCATE,79.0999984741211,79.75,77.75,79.4000015258789,76854
2023-10-31,CLEDUCATE,79.9000015258789,82.0,78.80000305175781,79.5999984741211,275252
2023-10-03,CLSEL,237.0,237.8999938964844,231.5500030517578,232.4499969482422,109943
2023-10-04,CLSEL,232.0,241.5500030517578,225.3500061035156,230.4499969482422,247675
2023-10-05,CLSEL,233.1000061035156,238.75,229.25,235.6000061035156,157183
2023-10-06,CLSEL,237.4499969482422,237.4499969482422,231.3500061035156,233.3999938964844,72079
2023-10-09,CLSEL,233.5,233.5,225.0500030517578,227.3999938964844,116881
2023-10-10,CLSEL,229.6000061035156,232.3000030517578,228.8000030517578,229.75,64676
2023-10-11,CLSEL,230.5,234.6999969482422,228.0,229.1000061035156,70279
2023-10-12,CLSEL,230.8999938964844,231.6999969482422,226.1999969482422,228.1000061035156,64077
2023-10-13,CLSEL,226.1000061035156,231.0,225.6999969482422,227.0,90775
2023-10-16,CLSEL,226.75,232.8999938964844,219.5,220.6999969482422,188839
2023-10-17,CLSEL,222.0,227.0,221.0500030517578,221.9499969482422,97554
2023-10-18,CLSEL,220.1000061035156,223.1999969482422,219.1999969482422,220.0500030517578,94213
2023-10-19,CLSEL,220.0500030517578,222.1499938964844,215.6000061035156,218.5500030517578,89353
2023-10-20,CLSEL,219.5,221.0,215.1999969482422,216.5,84718
2023-10-23,CLSEL,216.5,218.0500030517578,202.0,204.5500030517578,110993
2023-10-25,CLSEL,204.6000061035156,210.9499969482422,194.8000030517578,203.3999938964844,114347
2023-10-26,CLSEL,202.0,209.0,189.8500061035156,203.3000030517578,178948
2023-10-27,CLSEL,213.3000030517578,213.8000030517578,205.1999969482422,208.25,187851
2023-10-30,CLSEL,211.1999969482422,220.5,206.3999938964844,217.1999969482422,205363
2023-10-31,CLSEL,218.0,220.0,215.0500030517578,218.0500030517578,60334
2023-10-03,CMSINFO,350.95001220703125,351.8999938964844,346.0,349.70001220703125,464741
2023-10-04,CMSINFO,351.0,351.95001220703125,344.1000061035156,346.0,470583
2023-10-05,CMSINFO,349.70001220703125,355.6000061035156,348.1499938964844,351.79998779296875,589499
2023-10-06,CMSINFO,353.70001220703125,372.7999877929688,352.70001220703125,370.5,1879585
2023-10-09,CMSINFO,366.5,368.0499877929688,360.6000061035156,362.2999877929688,728621
2023-10-10,CMSINFO,362.0,368.5,362.0,366.2999877929688,584064
2023-10-11,CMSINFO,368.0,373.7000122070313,365.0,367.2999877929688,640321
2023-10-12,CMSINFO,366.0,370.9500122070313,361.7999877929688,367.5499877929688,453534
2023-10-13,CMSINFO,365.0499877929688,373.9500122070313,365.0499877929688,372.3500061035156,788099
2023-10-16,CMSINFO,372.0,376.0,370.5499877929688,372.6000061035156,551588
2023-10-17,CMSINFO,375.9500122070313,388.0,372.0,374.0499877929688,2145589
2023-10-18,CMSINFO,376.0,389.5,376.0,382.0,1752680
2023-10-19,CMSINFO,376.5499877929688,384.7000122070313,374.5,376.75,460456
2023-10-20,CMSINFO,376.75,383.8500061035156,375.7999877929688,378.5,352718
2023-10-23,CMSINFO,382.0,388.0,360.8999938964844,364.7999877929688,836371
2023-10-25,CMSINFO,367.5,378.5,364.75,367.6000061035156,580213
2023-10-26,CMSINFO,367.0,367.0,351.25,358.8999938964844,585038
2023-10-27,CMSINFO,359.1499938964844,366.0,358.0,359.95001220703125,458465
2023-10-30,CMSINFO,363.7000122070313,377.75,362.2999877929688,367.6499938964844,682467
2023-10-31,CMSINFO,387.4500122070313,396.75,372.6499938964844,375.0,3344319
2023-10-03,CNL,533.0,533.0,518.0,521.7999877929688,3607
2023-10-04,CNL,507.2000122070313,530.0,507.2000122070313,526.9500122070312,9791
2023-10-05,CNL,540.0,540.0,517.75,527.4500122070312,13528
2023-10-06,CNL,530.0499877929688,550.0,520.0,547.0999755859375,36622
2023-10-09,CNL,530.6500244140625,560.4000244140625,530.6500244140625,541.7999877929688,25126
2023-10-10,CNL,550.0,580.0,524.5499877929688,561.8499755859375,28763
2023-10-11,CNL,561.8499755859375,589.8499755859375,561.8499755859375,574.7000122070312,26403
2023-10-12,CNL,574.7000122070312,587.7000122070312,553.9500122070312,575.5,11393
2023-10-13,CNL,575.0499877929688,580.0,558.0,562.2999877929688,9968
2023-10-16,CNL,572.0999755859375,572.0999755859375,543.1500244140625,550.5,17373
2023-10-17,CNL,550.7000122070312,555.5,535.0499877929688,540.8499755859375,23646
2023-10-18,CNL,540.0999755859375,550.0,525.5,530.2999877929688,14306
2023-10-19,CNL,529.0,538.2000122070312,522.5499877929688,528.4500122070312,9873
2023-10-20,CNL,528.1500244140625,541.2999877929688,519.9000244140625,529.75,7010
2023-10-23,CNL,532.9500122070312,534.7000122070312,511.5,516.1500244140625,13922
2023-10-25,CNL,516.1500244140625,523.9500122070312,511.0,522.0499877929688,11679
2023-10-26,CNL,516.5,528.9000244140625,505.7999877929688,524.0,10681
2023-10-27,CNL,510.0,567.7999877929688,510.0,546.25,24086
2023-10-30,CNL,546.25,569.9500122070312,536.7000122070312,562.5,21039
2023-10-31,CNL,571.25,578.5,558.0999755859375,565.6500244140625,23840
2023-10-03,COALINDIA,297.04998779296875,297.1000061035156,290.1000061035156,291.8999938964844,9348540
2023-10-04,COALINDIA,290.79998779296875,291.5,285.8999938964844,287.95001220703125,6338888
2023-10-05,COALINDIA,288.79998779296875,290.54998779296875,283.8999938964844,289.3500061035156,8687014
2023-10-06,COALINDIA,290.95001220703125,291.0,287.0,287.79998779296875,3741467
2023-10-09,COALINDIA,286.04998779296875,288.95001220703125,283.04998779296875,287.79998779296875,4647845
2023-10-10,COALINDIA,288.25,303.8999938964844,287.79998779296875,303.25,23283411
2023-10-11,COALINDIA,304.54998779296875,305.0,299.45001220703125,301.8500061035156,12321154
2023-10-12,COALINDIA,302.54998779296875,309.1000061035156,301.8999938964844,307.20001220703125,15375295
2023-10-13,COALINDIA,305.0,310.8500061035156,304.45001220703125,307.95001220703125,9516879
2023-10-16,COALINDIA,307.8500061035156,313.6499938964844,306.54998779296875,312.0,10535107
2023-10-17,COALINDIA,313.0,318.3500061035156,312.1000061035156,317.3999938964844,7760527
2023-10-18,COALINDIA,317.3500061035156,319.75,315.25,316.95001220703125,9662837
2023-10-19,COALINDIA,315.29998779296875,315.70001220703125,308.8500061035156,314.79998779296875,8977527
2023-10-20,COALINDIA,312.5,316.70001220703125,309.6000061035156,312.3999938964844,6009115
2023-10-23,COALINDIA,312.54998779296875,312.8500061035156,305.0,306.1000061035156,8086150
2023-10-25,COALINDIA,306.1000061035156,312.70001220703125,305.0,310.29998779296875,7253336
2023-10-26,COALINDIA,309.1499938964844,309.1499938964844,302.8999938964844,305.25,8329092
2023-10-27,COALINDIA,306.0,317.1499938964844,306.0,313.95001220703125,10503070
2023-10-30,COALINDIA,315.0,315.79998779296875,311.95001220703125,314.54998779296875,6229982
2023-10-31,COALINDIA,316.75,316.79998779296875,310.75,314.25,7446586
2023-10-03,COASTCORP,51.77999877929688,52.7599983215332,51.47999954223633,52.38999938964844,54555
2023-10-04,COASTCORP,51.41999816894531,52.650001525878906,50.619998931884766,51.59999847412109,94020
2023-10-05,COASTCORP,51.41999816894531,52.02000045776367,50.5099983215332,50.77000045776367,98010
2023-10-06,COASTCORP,50.43000030517578,52.400001525878906,50.36000061035156,51.84000015258789,67135
2023-10-09,COASTCORP,51.400001525878906,51.43000030517578,49.84000015258789,50.58000183105469,66230
2023-10-10,COASTCORP,50.380001068115234,51.0,49.33000183105469,49.72999954223633,158660
2023-10-11,COASTCORP,50.70000076293945,53.400001525878906,49.75,53.25,336575
2023-10-12,COASTCORP,53.400001525878906,54.459999084472656,51.79999923706055,52.7400016784668,241995
2023-10-13,COASTCORP,51.59999847412109,52.68000030517578,51.59000015258789,51.970001220703125,150725
2023-10-16,COASTCORP,51.95000076293945,55.93000030517578,51.400001525878906,53.08000183105469,367700
2023-10-17,COASTCORP,53.130001068115234,54.0,52.400001525878906,52.970001220703125,115545
2023-10-18,COASTCORP,53.9900016784668,55.79999923706055,53.09999847412109,54.2599983215332,659710
2023-10-19,COASTCORP,53.0,55.79999923706055,52.77999877929688,54.27000045776367,350875
2023-10-20,COASTCORP,54.34999847412109,54.58000183105469,52.59999847412109,53.540000915527344,96765
2023-10-23,COASTCORP,53.400001525878906,54.41999816894531,46.56999969482422,50.02000045776367,281825
2023-10-25,COASTCORP,50.0,50.77999877929688,47.20000076293945,47.65999984741211,225150
2023-10-26,COASTCORP,48.0,50.119998931884766,46.5099983215332,49.54999923706055,135605
2023-10-27,COASTCORP,49.7400016784668,50.720001220703125,49.400001525878906,49.9900016784668,70140
2023-10-30,COASTCORP,49.0,50.79999923706055,48.619998931884766,49.18000030517578,139005
2023-10-31,COASTCORP,49.84000015258789,49.84000015258789,48.08000183105469,48.59000015258789,97875
2023-10-03,COCHINSHIP,543.0,545.1749877929688,530.5999755859375,534.5,3975068
2023-10-04,COCHINSHIP,534.9249877929688,534.9500122070312,508.5,520.6500244140625,3899716
2023-10-05,COCHINSHIP,526.0,552.5,526.0,536.1749877929688,10067210
2023-10-06,COCHINSHIP,537.5,546.0,530.3499755859375,536.1500244140625,3480958
2023-10-09,COCHINSHIP,521.0499877929688,529.0750122070312,512.4749755859375,516.6500244140625,2913232
2023-10-10,COCHINSHIP,531.0,544.0,522.5,524.2999877929688,5033074
2023-10-11,COCHINSHIP,528.5,531.75,521.0,524.4000244140625,2409768
2023-10-12,COCHINSHIP,524.5250244140625,527.5750122070312,515.5,517.25,1813480
2023-10-13,COCHINSHIP,516.0,519.4749755859375,506.5,515.0750122070312,2681448
2023-10-16,COCHINSHIP,515.5,535.0,508.3999938964844,529.7750244140625,5860390
2023-10-17,COCHINSHIP,534.5750122070312,537.375,520.0,522.9249877929688,4055232
2023-10-18,COCHINSHIP,525.0,529.9500122070312,514.0,516.7999877929688,2385054
2023-10-19,COCHINSHIP,512.3499755859375,517.9500122070312,508.5249938964844,511.6749877929688,1391584
2023-10-20,COCHINSHIP,511.0,512.4749755859375,500.0,502.2250061035156,1673572
2023-10-23,COCHINSHIP,515.5,519.75,485.0,487.625,4179720
2023-10-25,COCHINSHIP,489.5249938964844,498.5499877929688,454.0,463.7999877929688,4208598
2023-10-26,COCHINSHIP,454.5750122070313,478.6000061035156,435.6000061035156,470.8999938964844,8793238
2023-10-27,COCHINSHIP,477.3500061035156,503.3500061035156,468.6499938964844,493.1749877929688,9007220
2023-10-30,COCHINSHIP,494.8999938964844,495.1499938964844,475.0,479.125,2973470
2023-10-31,COCHINSHIP,480.3999938964844,487.0249938964844,472.2999877929688,475.6749877929688,2186004
2023-10-03,COFFEEDAY,50.34999847412109,51.09999847412109,49.650001525878906,49.84999847412109,1495286
2023-10-04,COFFEEDAY,49.79999923706055,52.75,49.29999923706055,50.45000076293945,7062544
2023-10-05,COFFEEDAY,50.84999847412109,52.29999923706055,49.900001525878906,51.25,3636348
2023-10-06,COFFEEDAY,51.5,51.900001525878906,50.09999847412109,50.5,3122112
2023-10-09,COFFEEDAY,49.5,50.95000076293945,48.25,49.34999847412109,3171047
2023-10-10,COFFEEDAY,49.95000076293945,50.45000076293945,49.34999847412109,49.75,1515902
2023-10-11,COFFEEDAY,50.150001525878906,50.95000076293945,49.54999923706055,49.84999847412109,1518342
2023-10-12,COFFEEDAY,50.0,51.0,49.45000076293945,49.59999847412109,1401882
2023-10-13,COFFEEDAY,49.09999847412109,50.75,49.04999923706055,49.900001525878906,1977640
2023-10-16,COFFEEDAY,50.0,51.650001525878906,49.59999847412109,49.95000076293945,3538555
2023-10-17,COFFEEDAY,50.150001525878906,50.650001525878906,49.5,49.75,2216074
2023-10-18,COFFEEDAY,49.79999923706055,52.75,49.75,50.45000076293945,9497350
2023-10-19,COFFEEDAY,50.34999847412109,51.34999847412109,50.09999847412109,50.59999847412109,2333211
2023-10-20,COFFEEDAY,50.5,51.0,49.79999923706055,50.04999923706055,2336832
2023-10-23,COFFEEDAY,49.59999847412109,50.0,46.09999847412109,46.70000076293945,3799992
2023-10-25,COFFEEDAY,47.20000076293945,48.0,43.95000076293945,45.59999847412109,2569270
2023-10-26,COFFEEDAY,45.59999847412109,47.0,43.5,46.45000076293945,2596883
2023-10-27,COFFEEDAY,47.0,48.04999923706055,46.59999847412109,47.20000076293945,1727561
2023-10-30,COFFEEDAY,47.0,47.79999923706055,46.29999923706055,46.5,1416862
2023-10-31,COFFEEDAY,47.09999847412109,48.0,46.20000076293945,47.650001525878906,2221944
2023-10-03,COFORGE,1017.0,1038.43994140625,1007.3300170898438,1021.3200073242188,2898935
2023-10-04,COFORGE,1023.7999877929688,1029.800048828125,1005.0,1027.1500244140625,1668680
2023-10-05,COFORGE,1031.0,1048.739990234375,1030.199951171875,1041.1400146484375,1560675
2023-10-06,COFORGE,1048.1800537109375,1048.5899658203125,1033.25,1037.1099853515625,976695
2023-10-09,COFORGE,1032.199951171875,1043.3800048828125,1023.780029296875,1027.75,898735
2023-10-10,COFORGE,1036.0,1045.5999755859375,1025.1700439453125,1039.25,1349295
2023-10-11,COFORGE,1047.97998046875,1056.5799560546875,1022.2000122070312,1030.9300537109375,2787570
2023-10-12,COFORGE,1034.3800048828125,1037.800048828125,1013.5999755859376,1019.3800048828124,3095590
2023-10-13,COFORGE,1011.5999755859376,1027.7900390625,999.5499877929688,1001.3300170898438,2185450
2023-10-16,COFORGE,1002.0,1017.760009765625,1000.27001953125,1008.030029296875,1707085
2023-10-17,COFORGE,1015.5800170898438,1018.7999877929688,1004.469970703125,1012.3400268554688,1079970
2023-10-18,COFORGE,1015.1900024414062,1030.0,1005.0,1018.4199829101562,3131985
2023-10-19,COFORGE,1010.0599975585938,1056.0,1010.0599975585938,1021.760009765625,5232700
2023-10-20,COFORGE,1024.5999755859375,1033.550048828125,996.0,1000.02001953125,2368615
2023-10-23,COFORGE,1000.02001953125,1003.97998046875,980.0,983.0800170898438,2691720
2023-10-25,COFORGE,989.7999877929688,995.4000244140624,972.6099853515624,979.8099975585938,1692820
2023-10-26,COFORGE,976.0,991.3699951171876,951.3099975585938,980.8800048828124,4392730
2023-10-27,COFORGE,985.2000122070312,1006.0,985.1099853515624,1001.7899780273438,2701340
2023-10-30,COFORGE,999.760009765625,1005.2000122070312,989.6099853515624,997.72998046875,1334300
2023-10-31,COFORGE,1005.989990234375,1005.989990234375,990.5399780273438,996.8499755859376,1121165
2023-10-03,COHANCE,578.9500122070312,578.9500122070312,565.25,573.9000244140625,402551
2023-10-04,COHANCE,570.0,570.0,558.6500244140625,567.0999755859375,140615
2023-10-05,COHANCE,567.0,575.0,556.4000244140625,573.5499877929688,286455
2023-10-06,COHANCE,572.0999755859375,574.4500122070312,564.0,565.25,129886
2023-10-09,COHANCE,561.9000244140625,568.7000122070312,545.0999755859375,565.9000244140625,211392
2023-10-10,COHANCE,565.0499877929688,567.3499755859375,557.5,562.1500244140625,414403
2023-10-11,COHANCE,562.1500244140625,576.0999755859375,562.1500244140625,573.4500122070312,190055
2023-10-12,COHANCE,573.4500122070312,594.6500244140625,573.0,589.9500122070312,552601
2023-10-13,COHANCE,589.0,595.0,576.0999755859375,589.9500122070312,360319
2023-10-16,COHANCE,586.4500122070312,591.0,579.0499877929688,582.4500122070312,262661
2023-10-17,COHANCE,583.0,587.7999877929688,572.5999755859375,582.0,259326
2023-10-18,COHANCE,582.0,587.9000244140625,564.8499755859375,580.0,257194
2023-10-19,COHANCE,576.0999755859375,576.0999755859375,568.0,574.5,141567
2023-10-20,COHANCE,571.5999755859375,600.0,571.1500244140625,589.0999755859375,834489
2023-10-23,COHANCE,588.0499877929688,589.0999755859375,560.0999755859375,572.4500122070312,159983
2023-10-25,COHANCE,579.0,580.0,565.5999755859375,574.75,470890
2023-10-26,COHANCE,571.5999755859375,575.0,541.0,570.5999755859375,380960
2023-10-27,COHANCE,569.9500122070312,572.4500122070312,558.9000244140625,568.3499755859375,116797
2023-10-30,COHANCE,568.0,575.0,560.4000244140625,564.1500244140625,165475
2023-10-31,COHANCE,564.1500244140625,588.2000122070312,560.4500122070312,578.7000122070312,247346
2023-10-03,COLPAL,1997.0,2019.300048828125,1969.1500244140625,1978.4000244140625,315987
2023-10-04,COLPAL,1975.0,1999.6500244140625,1974.699951171875,1990.550048828125,421895
2023-10-05,COLPAL,1994.8499755859373,2006.9000244140625,1984.4000244140625,1997.5999755859373,242827
2023-10-06,COLPAL,2002.0,2005.449951171875,1981.699951171875,1992.550048828125,203842
2023-10-09,COLPAL,1972.0,2012.4000244140625,1972.0,2000.449951171875,332990
2023-10-10,COLPAL,2009.9000244140625,2044.0,2002.050048828125,2030.3499755859373,690256
2023-10-11,COLPAL,2035.0,2090.60009765625,2030.9000244140625,2060.75,865237
2023-10-12,COLPAL,2074.050048828125,2095.0,2052.050048828125,2060.60009765625,418569
2023-10-13,COLPAL,2052.0,2079.0,2036.0999755859373,2049.14990234375,305161
2023-10-16,COLPAL,2040.25,2089.0,2040.25,2074.199951171875,638703
2023-10-17,COLPAL,2071.14990234375,2086.0,2051.10009765625,2070.25,598241
2023-10-18,COLPAL,2062.10009765625,2066.25,2047.550048828125,2058.10009765625,392639
2023-10-19,COLPAL,2048.0,2104.64990234375,2035.550048828125,2088.5,467029
2023-10-20,COLPAL,2094.050048828125,2129.39990234375,2072.949951171875,2110.75,714662
2023-10-23,COLPAL,2107.300048828125,2113.60009765625,2061.449951171875,2075.75,305786
2023-10-25,COLPAL,2074.0,2102.0,2052.60009765625,2074.39990234375,388909
2023-10-26,COLPAL,2063.0,2064.5,2028.0999755859373,2034.4000244140625,536277
2023-10-27,COLPAL,2035.050048828125,2090.050048828125,2005.0,2080.5,1000307
2023-10-30,COLPAL,2045.050048828125,2090.89990234375,2045.050048828125,2053.800048828125,522401
2023-10-31,COLPAL,2053.0,2127.449951171875,2050.0,2113.800048828125,638945
2023-10-03,COMPINFO,12.649999618530272,12.699999809265137,12.25,12.399999618530272,158979
2023-10-04,COMPINFO,12.350000381469728,12.5,12.199999809265137,12.300000190734863,171168
2023-10-05,COMPINFO,12.300000190734863,12.550000190734863,12.300000190734863,12.449999809265137,112927
2023-10-06,COMPINFO,12.449999809265137,13.25,12.25,12.800000190734863,374403
2023-10-09,COMPINFO,12.100000381469728,12.5,12.100000381469728,12.25,297626
2023-10-10,COMPINFO,12.399999618530272,12.5,12.25,12.300000190734863,223092
2023-10-11,COMPINFO,12.399999618530272,12.5,12.25,12.350000381469728,218746
2023-10-12,COMPINFO,12.399999618530272,12.449999809265137,12.25,12.350000381469728,135669
2023-10-13,COMPINFO,12.600000381469728,12.600000381469728,12.300000190734863,12.350000381469728,155620
2023-10-16,COMPINFO,12.399999618530272,12.699999809265137,12.300000190734863,12.449999809265137,265434
2023-10-17,COMPINFO,12.649999618530272,13.199999809265137,12.600000381469728,12.850000381469728,623643
2023-10-18,COMPINFO,13.050000190734863,13.050000190734863,12.399999618530272,12.5,207870
2023-10-19,COMPINFO,12.600000381469728,12.600000381469728,12.399999618530272,12.5,93846
2023-10-20,COMPINFO,12.350000381469728,12.75,12.199999809265137,12.350000381469728,159463
2023-10-23,COMPINFO,12.350000381469728,12.5,11.800000190734863,11.899999618530272,362742
2023-10-25,COMPINFO,12.0,12.100000381469728,11.75,11.850000381469728,161480
2023-10-26,COMPINFO,12.100000381469728,12.100000381469728,11.300000190734863,11.550000190734863,214396
2023-10-27,COMPINFO,11.699999809265137,11.949999809265137,11.600000381469728,11.800000190734863,115528
2023-10-30,COMPINFO,11.800000190734863,12.0,11.399999618530272,11.449999809265137,48954
2023-10-31,COMPINFO,11.949999809265137,11.949999809265137,11.25,11.449999809265137,65329
2023-10-03,COMPUSOFT,22.450000762939453,23.100000381469727,21.700000762939453,22.5,145630
2023-10-04,COMPUSOFT,22.5,22.799999237060547,21.700000762939453,21.75,130907
2023-10-05,COMPUSOFT,22.0,22.0,21.600000381469727,21.700000762939453,77794
2023-10-06,COMPUSOFT,21.5,21.89999961853028,21.5,21.700000762939453,57519
2023-10-09,COMPUSOFT,21.5,21.64999961853028,20.350000381469727,20.850000381469727,143183
2023-10-10,COMPUSOFT,20.850000381469727,22.350000381469727,20.850000381469727,21.75,114625
2023-10-11,COMPUSOFT,21.850000381469727,22.450000762939453,21.64999961853028,22.049999237060547,121255
2023-10-12,COMPUSOFT,22.39999961853028,22.39999961853028,21.75,21.89999961853028,42506
2023-10-13,COMPUSOFT,21.75,22.0,21.64999961853028,21.700000762939453,40765
2023-10-16,COMPUSOFT,21.64999961853028,24.200000762939453,21.64999961853028,22.200000762939453,435709
2023-10-17,COMPUSOFT,22.549999237060547,23.64999961853028,22.39999961853028,23.100000381469727,314924
2023-10-18,COMPUSOFT,23.64999961853028,23.64999961853028,22.549999237060547,22.799999237060547,109336
2023-10-19,COMPUSOFT,22.5,22.799999237060547,22.350000381469727,22.5,53963
2023-10-20,COMPUSOFT,22.5,22.950000762939453,22.200000762939453,22.299999237060547,57672
2023-10-23,COMPUSOFT,22.25,22.39999961853028,20.600000381469727,21.0,153995
2023-10-25,COMPUSOFT,21.100000381469727,21.25,20.350000381469727,20.39999961853028,120701
2023-10-26,COMPUSOFT,20.0,20.39999961853028,19.600000381469727,20.200000762939453,80246
2023-10-27,COMPUSOFT,20.5,21.299999237060547,20.5,20.950000762939453,96934
2023-10-30,COMPUSOFT,21.200000762939453,21.5,20.75,20.850000381469727,72862
2023-10-31,COMPUSOFT,21.200000762939453,21.299999237060547,20.799999237060547,20.89999961853028,43469
2023-10-03,CONCOR,718.1500244140625,719.6500244140625,707.5499877929688,713.2000122070312,781987
2023-10-04,CONCOR,713.2000122070312,718.1500244140625,698.5499877929688,712.9000244140625,543728
2023-10-05,CONCOR,712.9000244140625,725.7000122070312,707.75,709.4000244140625,805424
2023-10-06,CONCOR,713.2000122070312,717.0999755859375,708.5499877929688,715.2999877929688,445913
2023-10-09,CONCOR,704.2999877929688,713.0,699.3499755859375,709.7999877929688,694946
2023-10-10,CONCOR,715.2000122070312,717.5999755859375,703.8499755859375,704.7999877929688,656117
2023-10-11,CONCOR,706.0,708.7000122070312,696.0499877929688,698.4500122070312,474477
2023-10-12,CONCOR,701.0,704.0499877929688,695.3499755859375,701.0499877929688,1786426
2023-10-13,CONCOR,702.0999755859375,715.4000244140625,695.9500122070312,713.1500244140625,1154348
2023-10-16,CONCOR,715.5999755859375,718.2999877929688,705.4500122070312,716.5999755859375,1370256
2023-10-17,CONCOR,720.0,723.2999877929688,717.0499877929688,722.5,802524
2023-10-18,CONCOR,722.5,724.7000122070312,712.3499755859375,719.3499755859375,1200250
2023-10-19,CONCOR,713.7999877929688,714.9500122070312,706.3499755859375,713.4500122070312,1651315
2023-10-20,CONCOR,710.0,714.8499755859375,703.75,707.9500122070312,1364869
2023-10-23,CONCOR,708.25,712.7999877929688,694.9500122070312,700.7000122070312,1288944
2023-10-25,CONCOR,699.0,712.0,690.8499755859375,694.0499877929688,674117
2023-10-26,CONCOR,689.0499877929688,704.9500122070312,675.0,691.25,810939
2023-10-27,CONCOR,691.9000244140625,703.5,686.2999877929688,689.2000122070312,891975
2023-10-30,CONCOR,690.0999755859375,698.5,684.0,688.7999877929688,986581
2023-10-31,CONCOR,693.6500244140625,694.5999755859375,683.4000244140625,688.2000122070312,568594
2023-10-03,CONCORDBIO,1090.0,1114.949951171875,1066.550048828125,1075.8499755859375,205871
2023-10-04,CONCORDBIO,1073.699951171875,1084.949951171875,1051.0,1055.5999755859375,175029
2023-10-05,CONCORDBIO,1066.0,1100.0,1054.050048828125,1089.8499755859375,146603
2023-10-06,CONCORDBIO,1125.0,1177.0,1112.050048828125,1121.449951171875,457088
2023-10-09,CONCORDBIO,1090.0999755859375,1150.0,1082.0,1145.0999755859375,219186
2023-10-10,CONCORDBIO,1150.0,1160.0,1131.3499755859375,1147.550048828125,112513
2023-10-11,CONCORDBIO,1153.5999755859375,1174.75,1149.0,1157.25,82097
2023-10-12,CONCORDBIO,1170.25,1170.25,1144.5,1150.9000244140625,35227
2023-10-13,CONCORDBIO,1153.5999755859375,1172.1500244140625,1129.0,1140.8499755859375,127980
2023-10-16,CONCORDBIO,1152.300048828125,1203.949951171875,1145.0,1190.3499755859375,246386
2023-10-17,CONCORDBIO,1201.1500244140625,1214.25,1163.9000244140625,1169.449951171875,121468
2023-10-18,CONCORDBIO,1178.5999755859375,1179.6500244140625,1155.300048828125,1169.050048828125,66850
2023-10-19,CONCORDBIO,1157.0,1190.4000244140625,1148.050048828125,1185.5,71854
2023-10-20,CONCORDBIO,1188.5,1189.9000244140625,1159.9000244140625,1174.550048828125,54332
2023-10-23,CONCORDBIO,1162.0,1175.0,1152.050048828125,1158.0999755859375,141576
2023-10-25,CONCORDBIO,1158.75,1203.0,1158.0,1193.6500244140625,168682
2023-10-26,CONCORDBIO,1189.5999755859375,1189.6500244140625,1136.0999755859375,1164.25,124140
2023-10-27,CONCORDBIO,1180.0,1259.0,1171.550048828125,1205.199951171875,223192
2023-10-30,CONCORDBIO,1219.6500244140625,1222.199951171875,1169.0,1175.5,80362
2023-10-31,CONCORDBIO,1194.6500244140625,1194.6500244140625,1142.0,1148.6500244140625,132773
2023-10-03,CONFIPET,85.9000015258789,90.5,85.25,89.5999984741211,2117133
2023-10-04,CONFIPET,89.6500015258789,92.1999969482422,83.9000015258789,85.05000305175781,4984245
2023-10-05,CONFIPET,85.80000305175781,87.19999694824219,84.55000305175781,84.9000015258789,1933685
2023-10-06,CONFIPET,85.5,86.19999694824219,84.8499984741211,85.4000015258789,760431
2023-10-09,CONFIPET,84.1500015258789,84.5,81.69999694824219,82.4000015258789,973264
2023-10-10,CONFIPET,83.94999694824219,84.4000015258789,83.30000305175781,83.8499984741211,699240
2023-10-11,CONFIPET,84.5,85.94999694824219,83.55000305175781,84.0,906947
2023-10-12,CONFIPET,84.3499984741211,85.25,84.0999984741211,84.5,713100
2023-10-13,CONFIPET,84.30000305175781,87.0,84.19999694824219,85.55000305175781,1415370
2023-10-16,CONFIPET,85.75,88.3499984741211,85.5999984741211,85.9000015258789,1594941
2023-10-17,CONFIPET,86.44999694824219,89.5999984741211,86.25,86.75,2505284
2023-10-18,CONFIPET,87.19999694824219,89.9000015258789,86.44999694824219,87.25,3456530
2023-10-19,CONFIPET,86.5999984741211,86.94999694824219,85.05000305175781,86.05000305175781,895858
2023-10-20,CONFIPET,86.25,87.30000305175781,83.0,83.55000305175781,1283664
2023-10-23,CONFIPET,83.9000015258789,84.55000305175781,76.19999694824219,76.75,2748518
2023-10-25,CONFIPET,77.5999984741211,78.94999694824219,73.5999984741211,75.25,1685519
2023-10-26,CONFIPET,74.0999984741211,77.80000305175781,71.6500015258789,76.44999694824219,1244005
2023-10-27,CONFIPET,77.5999984741211,79.05000305175781,76.69999694824219,78.25,1093805
2023-10-30,CONFIPET,78.25,79.05000305175781,76.9000015258789,77.94999694824219,696852
2023-10-31,CONFIPET,78.30000305175781,79.75,77.1500015258789,77.3499984741211,727881
2023-10-03,CONSOFINVT,146.0,146.85000610351562,142.0,146.5500030517578,8898
2023-10-04,CONSOFINVT,148.39999389648438,149.85000610351562,144.0,148.85000610351562,13904
2023-10-05,CONSOFINVT,151.35000610351562,154.6999969482422,145.0,149.3000030517578,19138
2023-10-06,CONSOFINVT,152.8000030517578,152.8000030517578,147.5,149.0500030517578,18472
2023-10-09,CONSOFINVT,145.0,166.39999389648438,145.0,159.9499969482422,139135
2023-10-10,CONSOFINVT,163.64999389648438,169.89999389648438,153.6999969482422,167.6999969482422,138773
2023-10-11,CONSOFINVT,169.0,184.3999938964844,167.6999969482422,180.5,154322
2023-10-12,CONSOFINVT,182.0,184.0,170.35000610351562,174.35000610351562,73816
2023-10-13,CONSOFINVT,176.8000030517578,181.8999938964844,173.8000030517578,179.64999389648438,40491
2023-10-16,CONSOFINVT,184.8000030517578,184.8000030517578,175.85000610351562,181.75,44499
2023-10-17,CONSOFINVT,183.5,183.5,173.3000030517578,175.39999389648438,62247
2023-10-18,CONSOFINVT,175.5500030517578,178.5500030517578,171.0,172.14999389648438,31152
2023-10-19,CONSOFINVT,170.4499969482422,172.0500030517578,166.85000610351562,169.60000610351562,27942
2023-10-20,CONSOFINVT,169.0,183.8500061035156,168.8000030517578,180.3999938964844,108409
2023-10-23,CONSOFINVT,180.3999938964844,183.0,160.35000610351562,165.60000610351562,69061
2023-10-25,CONSOFINVT,165.60000610351562,173.39999389648438,161.14999389648438,162.4499969482422,27921
2023-10-26,CONSOFINVT,162.4499969482422,164.64999389648438,152.60000610351562,162.89999389648438,50491
2023-10-27,CONSOFINVT,162.89999389648438,164.8000030517578,153.8000030517578,162.25,47016
2023-10-30,CONSOFINVT,165.5,172.0,163.0500030517578,170.6999969482422,26916
2023-10-31,CONSOFINVT,172.0,178.39999389648438,172.0,175.75,39679
2023-10-03,CONTROLPR,750.5,766.7999877929688,740.0,745.9000244140625,33018
2023-10-04,CONTROLPR,745.9000244140625,750.0,735.5499877929688,745.0999755859375,22216
2023-10-05,CONTROLPR,750.0,774.7000122070312,748.0,767.6500244140625,29137
2023-10-06,CONTROLPR,770.0,794.0,760.0,787.9500122070312,30926
2023-10-09,CONTROLPR,787.6500244140625,803.3499755859375,755.0499877929688,794.4500122070312,70121
2023-10-10,CONTROLPR,794.9000244140625,816.9500122070312,790.0,809.2000122070312,44868
2023-10-11,CONTROLPR,809.0,815.0,796.0999755859375,808.3499755859375,42506
2023-10-12,CONTROLPR,815.9500122070312,816.3499755859375,798.5999755859375,804.9000244140625,26586
2023-10-13,CONTROLPR,812.0499877929688,812.9500122070312,795.0499877929688,797.7999877929688,26182
2023-10-16,CONTROLPR,797.7999877929688,802.9000244140625,792.5,795.5499877929688,14732
2023-10-17,CONTROLPR,800.0,824.0,793.0,799.9500122070312,23046
2023-10-18,CONTROLPR,810.5999755859375,810.5999755859375,790.0,795.7000122070312,17087
2023-10-19,CONTROLPR,800.0,841.0,785.0,838.1500244140625,178512
2023-10-20,CONTROLPR,837.0,837.0,815.4000244140625,832.9500122070312,47875
2023-10-23,CONTROLPR,835.0,849.7000122070312,825.0499877929688,839.8499755859375,145743
2023-10-25,CONTROLPR,850.0,850.0,807.0,818.2000122070312,71267
2023-10-26,CONTROLPR,810.0,867.0,793.0,862.4000244140625,122290
2023-10-27,CONTROLPR,872.4000244140625,896.3499755859375,855.0,864.2000122070312,73917
2023-10-30,CONTROLPR,862.0499877929688,869.1500244140625,839.7999877929688,858.4500122070312,57076
2023-10-31,CONTROLPR,858.4500122070312,869.6500244140625,836.5999755859375,845.2000122070312,37537
2023-10-03,CORALFINAC,40.900001525878906,40.900001525878906,39.54999923706055,40.25,52045
2023-10-04,CORALFINAC,40.5,40.5,38.79999923706055,39.20000076293945,60193
2023-10-05,CORALFINAC,39.45000076293945,40.0,39.20000076293945,39.84999847412109,52191
2023-10-06,CORALFINAC,40.45000076293945,40.70000076293945,38.95000076293945,39.79999923706055,68572
2023-10-09,CORALFINAC,39.79999923706055,39.79999923706055,38.04999923706055,38.34999847412109,88025
2023-10-10,CORALFINAC,38.20000076293945,42.59999847412109,38.09999847412109,41.650001525878906,387089
2023-10-11,CORALFINAC,42.04999923706055,42.45000076293945,40.84999847412109,41.150001525878906,128800
2023-10-12,CORALFINAC,41.400001525878906,41.54999923706055,40.400001525878906,41.0,85905
2023-10-13,CORALFINAC,40.54999923706055,41.900001525878906,40.0,40.900001525878906,74085
2023-10-16,CORALFINAC,41.0,41.0,39.79999923706055,40.75,52624
2023-10-17,CORALFINAC,41.04999923706055,44.45000076293945,41.04999923706055,43.650001525878906,629216
2023-10-18,CORALFINAC,44.29999923706055,45.0,42.04999923706055,42.59999847412109,286667
2023-10-19,CORALFINAC,42.59999847412109,44.95000076293945,42.59999847412109,44.34999847412109,223136
2023-10-20,CORALFINAC,44.400001525878906,45.04999923706055,43.0,43.25,219269
2023-10-23,CORALFINAC,43.650001525878906,44.70000076293945,39.45000076293945,40.34999847412109,217590
2023-10-25,CORALFINAC,40.34999847412109,41.45000076293945,38.54999923706055,39.84999847412109,122292
2023-10-26,CORALFINAC,39.95000076293945,40.45000076293945,38.20000076293945,39.400001525878906,310043
2023-10-27,CORALFINAC,39.59999847412109,41.79999923706055,39.29999923706055,40.45000076293945,252312
2023-10-30,CORALFINAC,40.09999847412109,41.150001525878906,40.09999847412109,40.54999923706055,76272
2023-10-31,CORALFINAC,41.150001525878906,42.400001525878906,40.29999923706055,40.95000076293945,155002
2023-10-03,CORDSCABLE,105.0,119.5,105.0,114.6500015258789,2165606
2023-10-04,CORDSCABLE,115.4000015258789,117.8499984741211,113.5500030517578,117.0500030517578,577005
2023-10-05,CORDSCABLE,118.8000030517578,120.0,111.6999969482422,114.9000015258789,332311
2023-10-06,CORDSCABLE,115.9499969482422,117.1999969482422,112.8499984741211,113.6500015258789,121463
2023-10-09,CORDSCABLE,111.9000015258789,112.3000030517578,106.5,107.4499969482422,253629
2023-10-10,CORDSCABLE,109.0,117.5500030517578,109.0,114.25,335295
2023-10-11,CORDSCABLE,116.6500015258789,118.0,114.4499969482422,115.3000030517578,176542
2023-10-12,CORDSCABLE,115.9499969482422,120.6999969482422,115.5,117.9000015258789,356534
2023-10-13,CORDSCABLE,117.25,119.6999969482422,114.5,117.25,175534
2023-10-16,CORDSCABLE,117.25,122.6999969482422,116.0999984741211,117.0999984741211,258455
2023-10-17,CORDSCABLE,118.4000015258789,122.5,115.5999984741211,117.1500015258789,301887
2023-10-18,CORDSCABLE,117.1500015258789,121.9000015258789,115.6999969482422,117.1999969482422,157358
2023-10-19,CORDSCABLE,117.0,119.9000015258789,116.0999984741211,117.5999984741211,100866
2023-10-20,CORDSCABLE,117.5999984741211,119.5500030517578,114.9499969482422,115.8499984741211,77582
2023-10-23,CORDSCABLE,115.8499984741211,116.75,103.3000030517578,105.1999969482422,168899
2023-10-25,CORDSCABLE,108.9499969482422,110.9000015258789,100.25,106.1500015258789,177635
2023-10-26,CORDSCABLE,104.0,108.9499969482422,101.5999984741211,108.3000030517578,87566
2023-10-27,CORDSCABLE,108.0999984741211,114.5,105.9499969482422,108.9000015258789,186796
2023-10-30,CORDSCABLE,106.6500015258789,111.8000030517578,106.6500015258789,108.5999984741211,74600
2023-10-31,CORDSCABLE,109.8000030517578,112.4000015258789,108.5500030517578,110.25,61978
2023-10-03,COROMANDEL,1149.9000244140625,1164.0,1139.6500244140625,1146.4000244140625,549366
2023-10-04,COROMANDEL,1141.550048828125,1154.949951171875,1133.3499755859375,1144.1500244140625,970583
2023-10-05,COROMANDEL,1147.6500244140625,1180.0,1147.0999755859375,1166.0999755859375,1115758
2023-10-06,COROMANDEL,1168.75,1174.0,1157.4000244140625,1171.449951171875,120488
2023-10-09,COROMANDEL,1160.1500244140625,1184.699951171875,1151.5,1162.0,427576
2023-10-10,COROMANDEL,1162.949951171875,1174.0,1159.1500244140625,1171.800048828125,123438
2023-10-11,COROMANDEL,1175.0,1177.800048828125,1143.050048828125,1148.699951171875,146142
2023-10-12,COROMANDEL,1149.949951171875,1155.800048828125,1146.25,1150.550048828125,166746
2023-10-13,COROMANDEL,1150.0,1162.699951171875,1145.3499755859375,1150.050048828125,334505
2023-10-16,COROMANDEL,1150.050048828125,1166.449951171875,1148.5999755859375,1154.5999755859375,425032
2023-10-17,COROMANDEL,1159.0,1164.550048828125,1152.300048828125,1161.699951171875,165237
2023-10-18,COROMANDEL,1161.699951171875,1175.5999755859375,1151.75,1160.0999755859375,149353
2023-10-19,COROMANDEL,1161.949951171875,1162.050048828125,1138.050048828125,1160.050048828125,306719
2023-10-20,COROMANDEL,1157.0999755859375,1162.300048828125,1135.0,1137.75,137952
2023-10-23,COROMANDEL,1135.0,1146.9000244140625,1105.0,1110.449951171875,186429
2023-10-25,COROMANDEL,1117.699951171875,1125.949951171875,1106.949951171875,1118.1500244140625,216057
2023-10-26,COROMANDEL,1118.1500244140625,1118.1500244140625,1054.0,1073.4000244140625,867029
2023-10-27,COROMANDEL,1075.0,1092.699951171875,1065.0,1074.6500244140625,355916
2023-10-30,COROMANDEL,1080.0,1080.0,1019.0499877929688,1040.800048828125,852518
2023-10-31,COROMANDEL,1041.0,1060.0,1034.9000244140625,1043.0,363055
2023-10-03,COSMOFIRST,679.5999755859375,695.0,666.1500244140625,671.4000244140625,26825
2023-10-04,COSMOFIRST,669.0,678.4500122070312,665.0,667.8499755859375,37294
2023-10-05,COSMOFIRST,671.0,688.0,669.2999877929688,684.75,33479
2023-10-06,COSMOFIRST,686.0499877929688,687.0,674.0999755859375,676.0499877929688,18896
2023-10-09,COSMOFIRST,675.0,678.0999755859375,661.0499877929688,676.6500244140625,28125
2023-10-10,COSMOFIRST,675.0,683.0,671.0,673.7999877929688,23679
2023-10-11,COSMOFIRST,675.2999877929688,681.9500122070312,671.25,672.8499755859375,24617
2023-10-12,COSMOFIRST,677.5,689.2000122070312,667.9500122070312,673.3499755859375,42303
2023-10-13,COSMOFIRST,673.3499755859375,677.9500122070312,669.7999877929688,672.0499877929688,18242
2023-10-16,COSMOFIRST,674.0,683.75,664.0,675.4500122070312,57927
2023-10-17,COSMOFIRST,689.0,694.6500244140625,676.0999755859375,684.2999877929688,37567
2023-10-18,COSMOFIRST,685.0,699.7000122070312,675.0999755859375,678.2999877929688,64451
2023-10-19,COSMOFIRST,680.8499755859375,687.0,669.8499755859375,671.9500122070312,51182
2023-10-20,COSMOFIRST,672.0,676.7999877929688,658.5999755859375,661.4000244140625,37217
2023-10-23,COSMOFIRST,661.4000244140625,663.2000122070312,635.0,636.9000244140625,45444
2023-10-25,COSMOFIRST,638.0499877929688,649.0,615.0,623.4500122070312,54590
2023-10-26,COSMOFIRST,620.0,645.0,612.2000122070312,637.7999877929688,48580
2023-10-27,COSMOFIRST,639.75,653.25,630.0,632.3499755859375,70145
2023-10-30,COSMOFIRST,635.5,648.0,626.2000122070312,641.4500122070312,23503
2023-10-31,COSMOFIRST,648.0,648.0,636.0,637.0999755859375,14886
2023-10-03,COUNCODOS,4.199999809265137,4.199999809265137,4.099999904632568,4.099999904632568,94028
2023-10-04,COUNCODOS,4.150000095367432,4.150000095367432,4.099999904632568,4.150000095367432,32025
2023-10-05,COUNCODOS,4.099999904632568,4.199999809265137,4.0,4.099999904632568,107830
2023-10-06,COUNCODOS,4.099999904632568,4.25,4.050000190734863,4.199999809265137,143200
2023-10-09,COUNCODOS,4.199999809265137,4.349999904632568,4.099999904632568,4.199999809265137,126481
2023-10-10,COUNCODOS,4.150000095367432,4.300000190734863,4.150000095367432,4.150000095367432,50675
2023-10-11,COUNCODOS,4.199999809265137,4.349999904632568,4.099999904632568,4.349999904632568,152653
2023-10-12,COUNCODOS,4.550000190734863,4.550000190734863,4.300000190734863,4.349999904632568,282678
2023-10-13,COUNCODOS,4.400000095367432,4.550000190734863,4.25,4.449999809265137,163706
2023-10-16,COUNCODOS,4.550000190734863,4.650000095367432,4.5,4.599999904632568,464114
2023-10-17,COUNCODOS,4.650000095367432,4.800000190734863,4.5,4.550000190734863,165438
2023-10-18,COUNCODOS,4.599999904632568,4.599999904632568,4.349999904632568,4.349999904632568,87552
2023-10-19,COUNCODOS,4.349999904632568,4.550000190734863,4.25,4.449999809265137,176511
2023-10-20,COUNCODOS,4.550000190734863,4.650000095367432,4.5,4.650000095367432,219319
2023-10-23,COUNCODOS,4.75,4.849999904632568,4.449999809265137,4.449999809265137,367137
2023-10-25,COUNCODOS,4.5,4.5,4.25,4.25,92664
2023-10-26,COUNCODOS,4.199999809265137,4.199999809265137,4.050000190734863,4.199999809265137,87774
2023-10-27,COUNCODOS,4.199999809265137,4.400000095367432,4.199999809265137,4.300000190734863,77316
2023-10-30,COUNCODOS,4.300000190734863,4.349999904632568,4.150000095367432,4.199999809265137,57771
2023-10-31,COUNCODOS,4.150000095367432,4.400000095367432,4.150000095367432,4.300000190734863,152603
2023-10-03,CPCAP,190.0,194.0,188.0500030517578,191.4499969482422,6704
2023-10-04,CPCAP,197.6499938964844,197.6499938964844,188.6000061035156,190.0,8609
2023-10-05,CPCAP,191.0,194.0,190.0,191.5,3719
2023-10-06,CPCAP,192.0,192.8999938964844,188.1000061035156,189.5500030517578,12011
2023-10-09,CPCAP,189.5500030517578,189.5500030517578,182.0,183.4499969482422,25652
2023-10-10,CPCAP,184.0,190.0,184.0,186.1999969482422,10704
2023-10-11,CPCAP,188.6499938964844,192.0,185.5,191.3500061035156,8634
2023-10-12,CPCAP,191.9499969482422,193.0,185.0500030517578,192.0,12507
2023-10-13,CPCAP,191.6999969482422,201.6000061035156,190.0,201.6000061035156,23295
2023-10-16,CPCAP,211.0,211.6499938964844,191.6000061035156,206.6000061035156,73673
2023-10-17,CPCAP,207.0,207.8000030517578,197.0,197.6000061035156,53743
2023-10-18,CPCAP,197.6000061035156,202.0,195.0,197.25,21727
2023-10-19,CPCAP,195.5,201.0,195.5,198.6000061035156,13943
2023-10-20,CPCAP,199.9499969482422,199.9499969482422,194.3999938964844,197.4499969482422,7398
2023-10-23,CPCAP,198.9499969482422,201.0,187.6000061035156,189.5,24530
2023-10-25,CPCAP,186.1000061035156,194.0,186.1000061035156,192.1000061035156,12728
2023-10-26,CPCAP,193.0,201.6999969482422,188.0,200.6499938964844,28592
2023-10-27,CPCAP,202.0,210.6499938964844,202.0,210.6499938964844,52048
2023-10-30,CPCAP,226.0,229.0,216.9499969482422,221.6000061035156,194834
2023-10-31,CPCAP,222.0,226.75,220.1000061035156,225.4499969482422,65558
2023-10-03,CRAFTSMAN,4624.75,4780.0,4610.0498046875,4649.25,38163
2023-10-04,CRAFTSMAN,4654.0,4709.9501953125,4575.0,4614.25,22881
2023-10-05,CRAFTSMAN,4623.0498046875,4699.9501953125,4580.0,4662.14990234375,38518
2023-10-06,CRAFTSMAN,4670.7998046875,4692.14990234375,4606.35009765625,4623.0,20010
2023-10-09,CRAFTSMAN,4623.0,4650.0,4425.60009765625,4511.89990234375,34352
2023-10-10,CRAFTSMAN,4510.0,4566.85009765625,4494.10009765625,4518.7998046875,24908
2023-10-11,CRAFTSMAN,4528.5,4612.0,4485.0,4505.2998046875,25011
2023-10-12,CRAFTSMAN,4520.64990234375,4621.0,4520.64990234375,4586.4501953125,24432
2023-10-13,CRAFTSMAN,4560.0,4597.75,4501.14990234375,4511.0,20536
2023-10-16,CRAFTSMAN,4521.64990234375,4563.89990234375,4462.5498046875,4483.5,44205
2023-10-17,CRAFTSMAN,4494.4501953125,4594.89990234375,4494.4501953125,4577.2001953125,15823
2023-10-18,CRAFTSMAN,4580.0,4593.0,4475.0,4506.39990234375,24751
2023-10-19,CRAFTSMAN,4506.39990234375,4597.7001953125,4460.0,4520.4501953125,91466
2023-10-20,CRAFTSMAN,4540.0,4580.0,4500.64990234375,4555.75,18328
2023-10-23,CRAFTSMAN,4555.0,4593.75,4450.0,4513.7998046875,35206
2023-10-25,CRAFTSMAN,4550.0,4558.0,4435.0,4492.39990234375,27611
2023-10-26,CRAFTSMAN,4455.0,4492.39990234375,4214.35009765625,4400.9501953125,55955
2023-10-27,CRAFTSMAN,4402.25,4686.0,4395.0,4656.5,42191
2023-10-30,CRAFTSMAN,4749.64990234375,5037.75,4594.35009765625,4791.5498046875,229942
2023-10-31,CRAFTSMAN,4890.0,4986.0,4825.0,4868.7998046875,72899
2023-10-03,CREATIVEYE,3.799999952316284,3.799999952316284,3.799999952316284,3.799999952316284,699
2023-10-04,CREATIVEYE,4.0,4.199999809265137,4.0,4.0,4570
2023-10-05,CREATIVEYE,4.099999904632568,4.099999904632568,4.0,4.099999904632568,3310
2023-10-06,CREATIVEYE,4.0,4.099999904632568,4.0,4.0,1137
2023-10-09,CREATIVEYE,4.0,4.0,4.0,4.0,1
2023-10-10,CREATIVEYE,3.900000095367432,4.0,3.75,3.900000095367432,1785
2023-10-11,CREATIVEYE,4.0,4.0,4.0,4.0,1105
2023-10-12,CREATIVEYE,3.950000047683716,4.0,3.950000047683716,3.950000047683716,597
2023-10-13,CREATIVEYE,4.349999904632568,4.349999904632568,3.950000047683716,4.349999904632568,2719
2023-10-16,CREATIVEYE,4.300000190734863,4.949999809265137,4.300000190734863,4.300000190734863,1047
2023-10-17,CREATIVEYE,4.050000190734863,4.300000190734863,4.050000190734863,4.050000190734863,1100
2023-10-18,CREATIVEYE,4.050000190734863,4.099999904632568,4.0,4.050000190734863,5614
2023-10-19,CREATIVEYE,4.050000190734863,4.050000190734863,4.050000190734863,4.050000190734863,0
2023-10-20,CREATIVEYE,4.75,4.75,4.050000190734863,4.75,2010
2023-10-23,CREATIVEYE,4.150000095367432,4.650000095367432,4.150000095367432,4.150000095367432,3231
2023-10-25,CREATIVEYE,3.900000095367432,4.150000095367432,3.799999952316284,3.900000095367432,1780
2023-10-26,CREATIVEYE,3.900000095367432,3.900000095367432,3.75,3.900000095367432,2936
2023-10-27,CREATIVEYE,3.900000095367432,3.900000095367432,3.900000095367432,3.900000095367432,30
2023-10-30,CREATIVEYE,3.900000095367432,3.900000095367432,3.900000095367432,3.900000095367432,88
2023-10-31,CREATIVEYE,3.900000095367432,3.900000095367432,3.900000095367432,3.900000095367432,0
2023-10-03,CREDITACC,1300.0,1337.949951171875,1291.5,1331.949951171875,234320
2023-10-04,CREDITACC,1331.949951171875,1337.0,1302.300048828125,1318.550048828125,128329
2023-10-05,CREDITACC,1318.550048828125,1329.9000244140625,1295.9000244140625,1319.800048828125,279216
2023-10-06,CREDITACC,1324.0,1326.4000244140625,1295.75,1316.0999755859375,199427
2023-10-09,CREDITACC,1290.0,1330.0,1290.0,1312.6500244140625,308106
2023-10-10,CREDITACC,1319.25,1355.9000244140625,1312.0,1351.449951171875,440998
2023-10-11,CREDITACC,1352.75,1376.949951171875,1345.0,1372.949951171875,245930
2023-10-12,CREDITACC,1375.0,1392.800048828125,1364.300048828125,1385.25,210892
2023-10-13,CREDITACC,1373.0,1403.0,1370.0999755859375,1394.1500244140625,178477
2023-10-16,CREDITACC,1394.1500244140625,1402.0,1374.199951171875,1381.699951171875,102325
2023-10-17,CREDITACC,1381.949951171875,1394.9000244140625,1381.949951171875,1390.5999755859375,152683
2023-10-18,CREDITACC,1396.0,1396.0,1366.1500244140625,1378.199951171875,210653
2023-10-19,CREDITACC,1378.0,1392.800048828125,1366.3499755859375,1384.25,77444
2023-10-20,CREDITACC,1393.0,1408.0,1376.0,1389.8499755859375,250620
2023-10-23,CREDITACC,1425.050048828125,1561.949951171875,1425.0,1507.4000244140625,5425049
2023-10-25,CREDITACC,1514.4000244140625,1526.5999755859375,1463.050048828125,1493.4000244140625,794131
2023-10-26,CREDITACC,1496.5,1554.5,1458.75,1542.5,731487
2023-10-27,CREDITACC,1562.0,1637.9000244140625,1521.4000244140625,1570.699951171875,855531
2023-10-30,CREDITACC,1587.050048828125,1616.9000244140625,1538.3499755859375,1607.0,602319
2023-10-31,CREDITACC,1615.050048828125,1636.9000244140625,1577.0,1597.199951171875,296988
2023-10-03,CREST,232.0,237.75,229.0,236.3000030517578,7234
2023-10-04,CREST,230.0,234.4499969482422,229.0,230.5,6782
2023-10-05,CREST,232.6000061035156,232.6999969482422,226.6000061035156,229.6499938964844,4559
2023-10-06,CREST,231.9499969482422,236.0,226.5500030517578,230.3999938964844,6597
2023-10-09,CREST,227.0,238.3000030517578,224.0,234.9499969482422,18816
2023-10-10,CREST,238.0,247.5,237.9499969482422,246.6999969482422,32329
2023-10-11,CREST,246.5,250.0,240.5500030517578,242.1999969482422,20452
2023-10-12,CREST,249.8999938964844,249.8999938964844,241.1499938964844,245.3000030517578,9960
2023-10-13,CREST,241.0,248.0,241.0,244.3500061035156,7704
2023-10-16,CREST,244.3500061035156,249.9499969482422,238.0,242.1499938964844,16484
2023-10-17,CREST,245.0,248.9499969482422,244.0,247.4499969482422,32296
2023-10-18,CREST,248.0,263.0,247.0,252.5500030517578,93015
2023-10-19,CREST,243.3000030517578,256.70001220703125,242.5,249.8000030517578,15166
2023-10-20,CREST,249.8000030517578,256.0,240.3500061035156,243.6000061035156,31260
2023-10-23,CREST,240.5500030517578,242.8000030517578,225.1000061035156,228.75,28107
2023-10-25,CREST,228.8000030517578,234.5,226.0,232.5,13204
2023-10-26,CREST,232.5,238.0,222.1000061035156,232.0500030517578,18177
2023-10-27,CREST,232.0,238.0,230.3500061035156,233.1999969482422,7892
2023-10-30,CREST,230.1000061035156,237.8000030517578,230.1000061035156,236.8999938964844,7002
2023-10-31,CREST,240.0,244.6999969482422,235.9499969482422,241.8000030517578,16304
2023-10-03,CRISIL,3920.0,3929.199951171875,3885.199951171875,3906.199951171875,56672
2023-10-04,CRISIL,3882.800048828125,3905.5,3849.0,3871.14990234375,82782
2023-10-05,CRISIL,3871.14990234375,3879.800048828125,3845.0,3856.0,27751
2023-10-06,CRISIL,3875.0,3875.0,3835.5,3842.949951171875,6978
2023-10-09,CRISIL,3845.0,3972.050048828125,3815.0,3897.60009765625,193426
2023-10-10,CRISIL,3900.050048828125,4143.89990234375,3900.0,4070.64990234375,147547
2023-10-11,CRISIL,4102.9501953125,4144.0,3950.0,3974.199951171875,49375
2023-10-12,CRISIL,3998.0,4048.0,3931.0,3998.949951171875,39130
2023-10-13,CRISIL,3999.949951171875,4000.0,3866.0,3880.89990234375,79260
2023-10-16,CRISIL,3917.39990234375,3939.0,3870.0,3882.550048828125,113988
2023-10-17,CRISIL,3895.5,3939.800048828125,3840.0,3876.10009765625,30422
2023-10-18,CRISIL,3855.0,4084.0,3847.199951171875,4052.25,107124
2023-10-19,CRISIL,4053.0,4200.0,4015.39990234375,4141.5,183896
2023-10-20,CRISIL,4148.7998046875,4284.2998046875,4142.0,4194.2001953125,76240
2023-10-23,CRISIL,4199.7001953125,4265.64990234375,3915.60009765625,4025.050048828125,43736
2023-10-25,CRISIL,4025.10009765625,4045.050048828125,3907.0,3928.949951171875,31620
2023-10-26,CRISIL,3900.0,3964.699951171875,3820.0,3862.949951171875,41009
2023-10-27,CRISIL,3840.050048828125,3997.0,3825.0,3910.60009765625,39891
2023-10-30,CRISIL,3907.5,4038.0,3890.0,3980.60009765625,25771
2023-10-31,CRISIL,4000.0,4145.0,3982.949951171875,4097.0498046875,56880
2023-10-03,CROMPTON,311.1499938964844,311.1499938964844,303.79998779296875,304.5,1692450
2023-10-04,CROMPTON,304.45001220703125,305.8500061035156,300.1000061035156,302.45001220703125,1250843
2023-10-05,CROMPTON,303.25,305.6499938964844,299.3500061035156,299.8500061035156,1220199
2023-10-06,CROMPTON,300.20001220703125,301.79998779296875,299.1499938964844,300.8999938964844,1261214
2023-10-09,CROMPTON,299.0,300.0,294.20001220703125,296.0,1494060
2023-10-10,CROMPTON,297.0,299.6000061035156,296.5,298.0,1555026
2023-10-11,CROMPTON,299.45001220703125,303.79998779296875,298.8500061035156,299.70001220703125,1245206
2023-10-12,CROMPTON,301.0,302.29998779296875,299.6499938964844,301.29998779296875,796753
2023-10-13,CROMPTON,300.0,301.8999938964844,299.45001220703125,300.20001220703125,700968
2023-10-16,CROMPTON,301.45001220703125,303.20001220703125,300.04998779296875,300.45001220703125,839112
2023-10-17,CROMPTON,301.70001220703125,304.79998779296875,297.75,300.04998779296875,2515703
2023-10-18,CROMPTON,300.70001220703125,300.95001220703125,297.0,299.04998779296875,2582827
2023-10-19,CROMPTON,297.75,298.3500061035156,293.6499938964844,295.04998779296875,1464917
2023-10-20,CROMPTON,293.20001220703125,295.20001220703125,281.75,285.6000061035156,6201707
2023-10-23,CROMPTON,285.8999938964844,287.45001220703125,277.8999938964844,279.75,1467251
2023-10-25,CROMPTON,281.20001220703125,286.29998779296875,279.6499938964844,284.45001220703125,4026752
2023-10-26,CROMPTON,281.54998779296875,289.3999938964844,279.75,287.6499938964844,1978362
2023-10-27,CROMPTON,288.95001220703125,290.5,284.0,284.79998779296875,2513131
2023-10-30,CROMPTON,285.1000061035156,285.8999938964844,281.04998779296875,283.04998779296875,1726639
2023-10-31,CROMPTON,281.6000061035156,285.25,279.5,282.0,2471218
2023-10-03,CROWN,60.29999923706055,60.29999923706055,58.29999923706055,60.29999923706055,47314
2023-10-04,CROWN,63.29999923706055,63.29999923706055,63.29999923706055,63.29999923706055,14794
2023-10-05,CROWN,66.44999694824219,66.44999694824219,66.44999694824219,66.44999694824219,22971
2023-10-06,CROWN,69.0,69.75,64.05000305175781,67.44999694824219,154520
2023-10-09,CROWN,69.5,69.5,66.0,66.80000305175781,21644
2023-10-10,CROWN,64.6500015258789,64.75,63.5,63.5,26500
2023-10-11,CROWN,60.5,65.4000015258789,60.34999847412109,64.3499984741211,49777
2023-10-12,CROWN,65.69999694824219,65.75,61.29999923706055,62.0,35576
2023-10-13,CROWN,63.75,64.3499984741211,60.09999847412109,61.0,14426
2023-10-16,CROWN,61.45000076293945,64.0,60.79999923706055,61.95000076293945,25254
2023-10-17,CROWN,61.79999923706055,63.20000076293945,61.400001525878906,61.54999923706055,7117
2023-10-18,CROWN,61.84999847412109,62.0,59.59999847412109,59.95000076293945,23166
2023-10-19,CROWN,60.04999923706055,62.34999847412109,57.79999923706055,61.04999923706055,41762
2023-10-20,CROWN,64.0999984741211,64.0999984741211,61.70000076293945,64.0999984741211,60278
2023-10-23,CROWN,66.69999694824219,66.69999694824219,60.900001525878906,61.04999923706055,55761
2023-10-25,CROWN,59.54999923706055,62.400001525878906,58.0,61.04999923706055,28412
2023-10-26,CROWN,61.25,61.25,58.0,58.04999923706055,33489
2023-10-27,CROWN,59.29999923706055,60.95000076293945,58.84999847412109,60.45000076293945,14865
2023-10-30,CROWN,61.70000076293945,63.45000076293945,59.09999847412109,63.150001525878906,44417
2023-10-31,CROWN,63.45000076293945,66.30000305175781,61.04999923706055,66.30000305175781,27643
2023-10-03,CSBBANK,341.75,358.3999938964844,334.1000061035156,353.8500061035156,2532643
2023-10-04,CSBBANK,354.75,358.0,347.1000061035156,349.5,553359
2023-10-05,CSBBANK,350.0,355.95001220703125,345.20001220703125,349.45001220703125,274306
2023-10-06,CSBBANK,350.1000061035156,357.8999938964844,349.79998779296875,354.1499938964844,507048
2023-10-09,CSBBANK,355.75,363.75,348.0,351.1000061035156,729745
2023-10-10,CSBBANK,351.20001220703125,361.1000061035156,351.1499938964844,354.95001220703125,426384
2023-10-11,CSBBANK,355.25,359.8500061035156,354.0,355.8500061035156,206215
2023-10-12,CSBBANK,355.25,361.0,352.6000061035156,356.54998779296875,309123
2023-10-13,CSBBANK,356.20001220703125,359.5,354.1000061035156,355.8999938964844,331425
2023-10-16,CSBBANK,360.0,365.7999877929688,356.04998779296875,364.3999938964844,686577
2023-10-17,CSBBANK,367.0,371.75,361.6000061035156,365.1499938964844,351628
2023-10-18,CSBBANK,364.9500122070313,369.75,359.04998779296875,364.25,174669
2023-10-19,CSBBANK,362.0499877929688,367.0,360.25,365.3500061035156,156617
2023-10-20,CSBBANK,365.0,373.6000061035156,355.1499938964844,359.3500061035156,949974
2023-10-23,CSBBANK,356.25,358.0,329.1499938964844,334.1000061035156,567090
2023-10-25,CSBBANK,333.0,338.0,318.6000061035156,322.45001220703125,540258
2023-10-26,CSBBANK,322.45001220703125,327.29998779296875,311.70001220703125,318.95001220703125,273902
2023-10-27,CSBBANK,318.95001220703125,325.0,312.95001220703125,320.04998779296875,393057
2023-10-30,CSBBANK,324.0,332.95001220703125,316.1000061035156,331.20001220703125,341213
2023-10-31,CSBBANK,331.95001220703125,336.1000061035156,327.6499938964844,330.3999938964844,300891
2023-10-03,CSLFINANCE,334.8999938964844,351.8999938964844,319.8999938964844,349.04998779296875,120705
2023-10-04,CSLFINANCE,346.0,350.0,338.3999938964844,341.20001220703125,92152
2023-10-05,CSLFINANCE,346.25,346.25,335.0,338.1499938964844,17552
2023-10-06,CSLFINANCE,346.0,346.0,337.5,342.5,20396
2023-10-09,CSLFINANCE,341.54998779296875,345.0,331.04998779296875,337.3999938964844,26638
2023-10-10,CSLFINANCE,343.6000061035156,345.0,335.1000061035156,338.04998779296875,29778
2023-10-11,CSLFINANCE,341.3500061035156,341.54998779296875,330.6499938964844,335.1499938964844,18371
2023-10-12,CSLFINANCE,336.54998779296875,341.1499938964844,332.70001220703125,335.6000061035156,8327
2023-10-13,CSLFINANCE,337.95001220703125,360.0,332.3500061035156,353.20001220703125,89918
2023-10-16,CSLFINANCE,355.0,359.0,349.04998779296875,353.1499938964844,40373
2023-10-17,CSLFINANCE,359.0,360.0,338.0,342.75,47909
2023-10-18,CSLFINANCE,343.70001220703125,344.5,333.0,336.1000061035156,21532
2023-10-19,CSLFINANCE,338.75,344.6499938964844,333.20001220703125,342.25,12419
2023-10-20,CSLFINANCE,343.0,345.95001220703125,335.0,342.70001220703125,21393
2023-10-23,CSLFINANCE,341.95001220703125,342.29998779296875,321.1499938964844,328.25,46331
2023-10-25,CSLFINANCE,325.0,332.0,314.70001220703125,325.79998779296875,40851
2023-10-26,CSLFINANCE,328.95001220703125,328.95001220703125,309.3500061035156,318.79998779296875,34449
2023-10-27,CSLFINANCE,323.6000061035156,335.95001220703125,318.0,328.75,21591
2023-10-30,CSLFINANCE,326.3999938964844,338.0,323.0,326.79998779296875,38190
2023-10-31,CSLFINANCE,331.5,337.6499938964844,325.6000061035156,328.70001220703125,20527
2023-10-03,CTE,61.25,61.25,59.0,60.150001525878906,42520
2023-10-04,CTE,60.150001525878906,60.150001525878906,58.5,59.150001525878906,29057
2023-10-05,CTE,58.75,60.5,58.0,60.0,57360
2023-10-06,CTE,61.20000076293945,62.900001525878906,59.95000076293945,62.75,59911
2023-10-09,CTE,63.400001525878906,64.0,58.59999847412109,59.5,190824
2023-10-10,CTE,60.5,64.30000305175781,60.09999847412109,63.54999923706055,229784
2023-10-11,CTE,63.95000076293945,68.19999694824219,63.900001525878906,66.69999694824219,248316
2023-10-12,CTE,68.4000015258789,69.4000015258789,66.1500015258789,67.5999984741211,213026
2023-10-13,CTE,67.5,71.69999694824219,67.30000305175781,70.1500015258789,336371
2023-10-16,CTE,70.9000015258789,72.44999694824219,69.25,69.5,121311
2023-10-17,CTE,70.55000305175781,70.8499984741211,65.69999694824219,66.5,154956
2023-10-18,CTE,68.69999694824219,68.69999694824219,66.05000305175781,66.6500015258789,66599
2023-10-19,CTE,67.1500015258789,68.1500015258789,66.6500015258789,66.9000015258789,31648
2023-10-20,CTE,67.9000015258789,67.9000015258789,64.6500015258789,65.30000305175781,26523
2023-10-23,CTE,67.0,67.0,59.09999847412109,60.70000076293945,84216
2023-10-25,CTE,59.84999847412109,64.55000305175781,58.25,59.79999923706055,245607
2023-10-26,CTE,59.0,60.900001525878906,57.25,60.20000076293945,118440
2023-10-27,CTE,60.95000076293945,63.45000076293945,60.900001525878906,61.59999847412109,46440
2023-10-30,CTE,62.400001525878906,62.79999923706055,61.150001525878906,61.59999847412109,16435
2023-10-31,CTE,63.20000076293945,73.9000015258789,62.5,73.9000015258789,1059878
2023-10-03,CUB,95.2125015258789,95.2874984741211,94.2375030517578,94.6500015258789,3667943
2023-10-04,CUB,94.5,95.0250015258789,93.1125030517578,93.75,4583707
2023-10-05,CUB,94.2750015258789,95.2125015258789,93.5999984741211,93.8625030517578,2480127
2023-10-06,CUB,94.3874969482422,97.3499984741211,93.9000015258789,96.6750030517578,5566198
2023-10-09,CUB,96.0,96.0374984741211,93.9375,94.3125,4797298
2023-10-10,CUB,94.8000030517578,101.4000015258789,94.6875,101.0625,32242755
2023-10-11,CUB,102.0,106.125,101.625,105.5999984741211,33070263
2023-10-12,CUB,105.5999984741211,106.3874969482422,103.9499969482422,104.8125,9364334
2023-10-13,CUB,104.6624984741211,105.5999984741211,102.1875,102.8249969482422,5950853
2023-10-16,CUB,103.0124969482422,104.5124969482422,102.6750030517578,104.2125015258789,5312914
2023-10-17,CUB,104.7750015258789,105.75,103.9875030517578,104.2874984741211,4840097
2023-10-18,CUB,104.3249969482422,107.625,103.6875,104.625,16193517
2023-10-19,CUB,104.5500030517578,104.5500030517578,103.1999969482422,103.8000030517578,3060626
2023-10-20,CUB,103.6500015258789,104.5500030517578,102.0374984741211,102.3375015258789,3678559
2023-10-23,CUB,103.2750015258789,103.2750015258789,97.3499984741211,97.8000030517578,6215689
2023-10-25,CUB,98.9625015258789,100.6500015258789,97.3874969482422,98.4375,6871073
2023-10-26,CUB,98.0625,98.1750030517578,95.8499984741211,97.0500030517578,5608863
2023-10-27,CUB,98.9250030517578,101.0999984741211,98.0250015258789,100.0500030517578,5961531
2023-10-30,CUB,98.9250030517578,102.8625030517578,98.4749984741211,100.2375030517578,12764527
2023-10-31,CUB,100.7624969482422,104.2125015258789,100.4250030517578,103.5749969482422,12043221
2023-10-03,CUBEXTUB,46.29999923706055,47.5,45.95000076293945,46.400001525878906,15673
2023-10-04,CUBEXTUB,47.400001525878906,47.400001525878906,45.150001525878906,45.25,10358
2023-10-05,CUBEXTUB,45.04999923706055,47.400001525878906,45.04999923706055,46.04999923706055,49906
2023-10-06,CUBEXTUB,46.5,47.650001525878906,45.25,46.20000076293945,72123
2023-10-09,CUBEXTUB,46.29999923706055,46.75,44.0,44.20000076293945,34284
2023-10-10,CUBEXTUB,44.25,48.59999847412109,43.95000076293945,47.09999847412109,93220
2023-10-11,CUBEXTUB,47.79999923706055,51.79999923706055,47.04999923706055,51.79999923706055,186310
2023-10-12,CUBEXTUB,54.79999923706055,56.95000076293945,52.09999847412109,56.95000076293945,295071
2023-10-13,CUBEXTUB,57.70000076293945,61.0,55.59999847412109,58.54999923706055,448894
2023-10-16,CUBEXTUB,59.04999923706055,59.95000076293945,55.650001525878906,55.650001525878906,106203
2023-10-17,CUBEXTUB,55.95000076293945,55.95000076293945,52.900001525878906,53.5,54011
2023-10-18,CUBEXTUB,54.900001525878906,55.900001525878906,53.5,53.75,46615
2023-10-19,CUBEXTUB,52.70000076293945,55.45000076293945,52.70000076293945,55.09999847412109,44169
2023-10-20,CUBEXTUB,57.400001525878906,57.400001525878906,53.0,53.29999923706055,45178
2023-10-23,CUBEXTUB,54.900001525878906,54.900001525878906,50.650001525878906,51.09999847412109,57998
2023-10-25,CUBEXTUB,53.400001525878906,53.400001525878906,48.900001525878906,50.34999847412109,54563
2023-10-26,CUBEXTUB,51.84999847412109,51.95000076293945,47.84999847412109,48.84999847412109,57380
2023-10-27,CUBEXTUB,50.650001525878906,50.650001525878906,48.70000076293945,49.09999847412109,40813
2023-10-30,CUBEXTUB,49.900001525878906,51.54999923706055,48.75,50.0,78106
2023-10-31,CUBEXTUB,50.09999847412109,52.5,50.09999847412109,52.5,22193
2023-10-03,CUMMINSIND,1696.300048828125,1704.8499755859375,1669.0999755859375,1678.6500244140625,544659
2023-10-04,CUMMINSIND,1680.0,1709.800048828125,1672.550048828125,1695.449951171875,659803
2023-10-05,CUMMINSIND,1695.449951171875,1703.800048828125,1675.699951171875,1690.9000244140625,357966
2023-10-06,CUMMINSIND,1698.0,1710.0,1688.8499755859375,1704.449951171875,347194
2023-10-09,CUMMINSIND,1704.0,1706.0,1682.800048828125,1699.25,279463
2023-10-10,CUMMINSIND,1697.550048828125,1713.0,1692.5,1707.0999755859375,415182
2023-10-11,CUMMINSIND,1716.0,1757.800048828125,1713.5,1751.5999755859375,711325
2023-10-12,CUMMINSIND,1755.050048828125,1758.9000244140625,1720.0,1730.0,357591
2023-10-13,CUMMINSIND,1726.4000244140625,1727.9000244140625,1703.550048828125,1715.1500244140625,554753
2023-10-16,CUMMINSIND,1724.9000244140625,1732.9000244140625,1708.75,1717.1500244140625,550814
2023-10-17,CUMMINSIND,1730.0,1730.0,1703.6500244140625,1713.0999755859375,387186
2023-10-18,CUMMINSIND,1717.949951171875,1728.800048828125,1702.800048828125,1721.699951171875,406163
2023-10-19,CUMMINSIND,1717.0,1717.0,1695.449951171875,1706.550048828125,287138
2023-10-20,CUMMINSIND,1706.0,1706.0,1682.5,1692.5999755859375,332649
2023-10-23,CUMMINSIND,1686.3499755859375,1711.199951171875,1672.300048828125,1698.949951171875,723756
2023-10-25,CUMMINSIND,1705.0,1722.25,1683.5,1700.1500244140625,364056
2023-10-26,CUMMINSIND,1685.0,1692.75,1664.050048828125,1680.300048828125,694676
2023-10-27,CUMMINSIND,1680.0,1711.5999755859375,1677.800048828125,1689.0999755859375,360754
2023-10-30,CUMMINSIND,1693.949951171875,1697.800048828125,1672.050048828125,1676.449951171875,579771
2023-10-31,CUMMINSIND,1684.9000244140625,1689.0,1665.5999755859375,1676.550048828125,459147
2023-10-03,CUPID,4.139999866485596,4.168499946594238,4.017499923706055,4.131999969482422,13630200
2023-10-04,CUPID,4.117000102996826,4.150000095367432,4.050000190734863,4.138500213623047,15120700
2023-10-05,CUPID,4.152500152587891,4.193999767303467,4.079999923706055,4.0970001220703125,9156800
2023-10-06,CUPID,4.119999885559082,4.248000144958496,4.110000133514404,4.136499881744385,14889600
2023-10-09,CUPID,4.022500038146973,4.170000076293945,4.011000156402588,4.136000156402588,10785900
2023-10-10,CUPID,4.105000019073486,4.21649980545044,4.023499965667725,4.049499988555908,10963700
2023-10-11,CUPID,4.059000015258789,4.063499927520752,3.950000047683716,3.9784998893737793,14637600
2023-10-12,CUPID,3.9600000381469727,4.77400016784668,3.9600000381469727,4.756999969482422,276783000
2023-10-13,CUPID,4.756999969482422,4.888500213623047,4.611000061035156,4.673999786376953,119309300
2023-10-16,CUPID,4.699999809265137,4.985000133514404,4.619999885559082,4.658999919891357,69736800
2023-10-17,CUPID,4.69950008392334,4.829999923706055,4.635499954223633,4.770999908447266,22639800
2023-10-18,CUPID,4.797999858856201,4.843999862670898,4.661499977111816,4.801499843597412,38288100
2023-10-19,CUPID,4.801499843597412,5.0,4.759500026702881,4.953000068664551,183397200
2023-10-20,CUPID,4.909999847412109,5.320000171661377,4.900000095367432,5.211999893188477,177317500
2023-10-23,CUPID,5.260000228881836,5.5295000076293945,5.000500202178955,5.061999797821045,77992800
2023-10-25,CUPID,5.099999904632568,5.289999961853027,5.052499771118164,5.232999801635742,40366400
2023-10-26,CUPID,5.244999885559082,5.25,5.05649995803833,5.22599983215332,31159000
2023-10-27,CUPID,5.260000228881836,6.269999980926514,5.259500026702881,6.025000095367432,232632800
2023-10-30,CUPID,6.049499988555908,6.25,5.900000095367432,6.150000095367432,129033900
2023-10-31,CUPID,6.21999979019165,6.426000118255615,6.199999809265137,6.283999919891357,75853100
2023-10-03,CURAA,32.0,32.0,32.0,32.0,0
2023-10-04,CURAA,32.0,32.0,32.0,32.0,0
2023-10-05,CURAA,32.0,32.0,32.0,32.0,0
2023-10-06,CURAA,32.0,32.0,32.0,32.0,0
2023-10-09,CURAA,32.0,32.0,32.0,32.0,0
2023-10-10,CURAA,32.0,32.0,32.0,32.0,0
2023-10-11,CURAA,32.0,32.0,32.0,32.0,0
2023-10-12,CURAA,32.0,32.0,32.0,32.0,0
2023-10-13,CURAA,32.0,32.0,32.0,32.0,0
2023-10-16,CURAA,32.0,32.0,32.0,32.0,0
2023-10-17,CURAA,32.0,32.0,32.0,32.0,0
2023-10-18,CURAA,32.0,32.0,32.0,32.0,0
2023-10-19,CURAA,32.0,32.0,32.0,32.0,0
2023-10-20,CURAA,32.0,32.0,32.0,32.0,0
2023-10-23,CURAA,32.0,32.0,32.0,32.0,0
2023-10-25,CURAA,32.0,32.0,32.0,32.0,0
2023-10-26,CURAA,32.0,32.0,32.0,32.0,0
2023-10-27,CURAA,32.0,32.0,32.0,32.0,0
2023-10-30,CURAA,32.0,32.0,32.0,32.0,0
2023-10-31,CURAA,32.0,32.0,32.0,32.0,0
2023-10-03,CYBERMEDIA,18.799999237060547,19.299999237060547,18.0,18.299999237060547,32167
2023-10-04,CYBERMEDIA,18.700000762939453,18.700000762939453,17.600000381469727,17.899999618530273,26316
2023-10-05,CYBERMEDIA,17.950000762939453,18.450000762939453,17.5,17.700000762939453,34276
2023-10-06,CYBERMEDIA,17.700000762939453,18.450000762939453,17.649999618530273,18.0,19491
2023-10-09,CYBERMEDIA,18.0,18.0,17.25,17.75,11064
2023-10-10,CYBERMEDIA,18.0,18.0,17.200000762939453,17.600000381469727,12846
2023-10-11,CYBERMEDIA,17.799999237060547,17.799999237060547,17.149999618530273,17.299999237060547,14170
2023-10-12,CYBERMEDIA,18.100000381469727,18.100000381469727,17.25,17.850000381469727,24104
2023-10-13,CYBERMEDIA,17.850000381469727,18.450000762939453,17.850000381469727,18.0,11639
2023-10-16,CYBERMEDIA,18.850000381469727,18.850000381469727,18.0,18.450000762939453,9684
2023-10-17,CYBERMEDIA,18.850000381469727,19.0,17.700000762939453,18.89999961853028,39079
2023-10-18,CYBERMEDIA,19.200000762939453,19.200000762939453,18.14999961853028,18.350000381469727,7853
2023-10-19,CYBERMEDIA,18.850000381469727,18.950000762939453,18.0,18.200000762939453,15525
2023-10-20,CYBERMEDIA,17.799999237060547,18.89999961853028,17.799999237060547,18.100000381469727,13141
2023-10-23,CYBERMEDIA,18.049999237060547,18.950000762939453,17.200000762939453,17.200000762939453,24210
2023-10-25,CYBERMEDIA,17.200000762939453,18.0,16.350000381469727,16.75,22969
2023-10-26,CYBERMEDIA,16.899999618530273,16.899999618530273,16.0,16.850000381469727,14167
2023-10-27,CYBERMEDIA,16.950000762939453,17.649999618530273,16.950000762939453,17.549999237060547,11535
2023-10-30,CYBERMEDIA,17.549999237060547,18.200000762939453,16.799999237060547,17.5,8722
2023-10-31,CYBERMEDIA,17.5,17.899999618530273,16.75,17.549999237060547,13127
2023-10-03,CYBERTECH,140.0,141.0,135.60000610351562,137.39999389648438,42564
2023-10-04,CYBERTECH,136.75,137.0,131.39999389648438,132.6999969482422,61822
2023-10-05,CYBERTECH,133.89999389648438,159.1999969482422,133.8000030517578,157.39999389648438,2537587
2023-10-06,CYBERTECH,164.89999389648438,171.0,158.0500030517578,160.3000030517578,2877930
2023-10-09,CYBERTECH,157.4499969482422,158.85000610351562,147.1999969482422,149.10000610351562,350866
2023-10-10,CYBERTECH,150.3000030517578,160.0,150.3000030517578,155.14999389648438,238151
2023-10-11,CYBERTECH,156.60000610351562,160.6999969482422,153.0,154.5,162361
2023-10-12,CYBERTECH,155.75,161.0,155.3000030517578,156.39999389648438,121399
2023-10-13,CYBERTECH,156.1999969482422,157.64999389648438,150.10000610351562,151.25,73341
2023-10-16,CYBERTECH,152.89999389648438,158.9499969482422,151.5500030517578,152.1999969482422,105826
2023-10-17,CYBERTECH,156.89999389648438,157.89999389648438,151.89999389648438,153.1999969482422,53653
2023-10-18,CYBERTECH,153.4499969482422,154.0,149.10000610351562,150.35000610351562,54100
2023-10-19,CYBERTECH,151.9499969482422,154.9499969482422,151.14999389648438,153.60000610351562,71963
2023-10-20,CYBERTECH,154.0,156.1999969482422,147.9499969482422,148.60000610351562,59708
2023-10-23,CYBERTECH,150.64999389648438,150.64999389648438,137.25,138.8000030517578,95126
2023-10-25,CYBERTECH,140.89999389648438,160.0,140.89999389648438,150.3000030517578,1066225
2023-10-26,CYBERTECH,148.5,148.5,142.35000610351562,145.0500030517578,133688
2023-10-27,CYBERTECH,147.9499969482422,165.0,147.39999389648438,156.14999389648438,906724
2023-10-30,CYBERTECH,156.25,160.10000610351562,151.60000610351562,154.5500030517578,408978
2023-10-31,CYBERTECH,157.0,157.0,151.64999389648438,152.1999969482422,108989
2023-10-03,CYIENT,1694.300048828125,1713.949951171875,1686.5999755859375,1700.6500244140625,385535
2023-10-04,CYIENT,1703.199951171875,1704.0,1661.0,1668.800048828125,403295
2023-10-05,CYIENT,1680.8499755859375,1695.0,1671.050048828125,1679.75,366452
2023-10-06,CYIENT,1684.949951171875,1691.9000244140625,1675.3499755859375,1682.199951171875,113179
2023-10-09,CYIENT,1670.0,1672.949951171875,1637.050048828125,1648.449951171875,392123
2023-10-10,CYIENT,1649.949951171875,1700.0,1643.949951171875,1690.9000244140625,192166
2023-10-11,CYIENT,1702.75,1726.9000244140625,1686.25,1708.0999755859375,267441
2023-10-12,CYIENT,1701.0,1780.0,1701.0,1774.5,653853
2023-10-13,CYIENT,1774.5,1774.699951171875,1719.0,1729.050048828125,239435
2023-10-16,CYIENT,1738.9000244140625,1746.699951171875,1711.050048828125,1716.699951171875,157777
2023-10-17,CYIENT,1728.699951171875,1797.0,1720.3499755859375,1777.8499755859375,584239
2023-10-18,CYIENT,1784.75,1786.5,1660.0,1680.449951171875,448226
2023-10-19,CYIENT,1680.449951171875,1773.550048828125,1676.699951171875,1763.199951171875,814654
2023-10-20,CYIENT,1797.0,1798.199951171875,1688.050048828125,1696.0999755859375,652970
2023-10-23,CYIENT,1711.4000244140625,1729.949951171875,1592.199951171875,1612.5999755859375,387377
2023-10-25,CYIENT,1635.0,1680.949951171875,1590.0,1601.449951171875,482473
2023-10-26,CYIENT,1606.5999755859375,1613.800048828125,1542.0999755859375,1593.6500244140625,699775
2023-10-27,CYIENT,1607.6500244140625,1644.0,1582.050048828125,1637.8499755859375,427851
2023-10-30,CYIENT,1642.5,1643.0,1572.5,1588.949951171875,696119
2023-10-31,CYIENT,1600.8499755859375,1604.25,1572.300048828125,1588.449951171875,378836
2023-10-03,CYIENTDLM,722.2000122070312,722.2000122070312,684.0,685.7000122070312,366770
2023-10-04,CYIENTDLM,687.0,693.6500244140625,646.8499755859375,656.8499755859375,516920
2023-10-05,CYIENTDLM,678.0,684.9500122070312,658.0,669.9500122070312,258899
2023-10-06,CYIENTDLM,671.5,674.0,660.0,668.25,160197
2023-10-09,CYIENTDLM,668.9000244140625,679.9000244140625,654.5,668.5499877929688,616692
2023-10-10,CYIENTDLM,668.0,676.0999755859375,662.2000122070312,665.5,215482
2023-10-11,CYIENTDLM,670.0,703.6500244140625,669.0,673.0999755859375,326673
2023-10-12,CYIENTDLM,677.9000244140625,702.0,665.2999877929688,691.8499755859375,352934
2023-10-13,CYIENTDLM,691.0,713.5,682.2999877929688,686.5499877929688,306642
2023-10-16,CYIENTDLM,696.6500244140625,696.6500244140625,685.0,688.75,278291
2023-10-17,CYIENTDLM,704.0,747.7000122070312,701.7000122070312,708.5999755859375,1534941
2023-10-18,CYIENTDLM,719.4000244140625,725.0,705.5999755859375,712.7999877929688,606175
2023-10-19,CYIENTDLM,712.5999755859375,712.5999755859375,690.2000122070312,701.7999877929688,320930
2023-10-20,CYIENTDLM,707.8499755859375,727.0,694.0,696.8499755859375,369338
2023-10-23,CYIENTDLM,702.0,710.0,659.0,662.6500244140625,349304
2023-10-25,CYIENTDLM,667.0,674.9000244140625,616.0499877929688,634.0,391358
2023-10-26,CYIENTDLM,631.0499877929688,648.9000244140625,605.2000122070312,643.1500244140625,295771
2023-10-27,CYIENTDLM,649.9500122070312,659.0499877929688,645.75,648.7999877929688,211387
2023-10-30,CYIENTDLM,660.0,661.0,633.2999877929688,640.25,157409
2023-10-31,CYIENTDLM,644.0999755859375,653.5,635.5999755859375,639.4000244140625,120251
2023-10-03,DABUR,555.2000122070312,555.5,546.0999755859375,553.5999755859375,1924677
2023-10-04,DABUR,552.0,557.2000122070312,550.5999755859375,555.3499755859375,1096308
2023-10-05,DABUR,555.3499755859375,558.0,547.4500122070312,550.75,1509964
2023-10-06,DABUR,551.0,551.9000244140625,545.7999877929688,547.1500244140625,1061490
2023-10-09,DABUR,543.1500244140625,545.2000122070312,540.0999755859375,541.75,1076708
2023-10-10,DABUR,544.9500122070312,545.4000244140625,541.75,543.8499755859375,814992
2023-10-11,DABUR,544.4500122070312,546.7000122070312,543.0999755859375,543.75,1039964
2023-10-12,DABUR,545.4500122070312,546.2000122070312,538.7999877929688,541.0,903301
2023-10-13,DABUR,541.9000244140625,542.4500122070312,536.5,538.8499755859375,1607850
2023-10-16,DABUR,538.0,538.9500122070312,534.5499877929688,536.9500122070312,1807237
2023-10-17,DABUR,537.0999755859375,543.0,536.0,540.25,2040439
2023-10-18,DABUR,538.1500244140625,540.7999877929688,533.3499755859375,534.0,1251181
2023-10-19,DABUR,525.0,528.3499755859375,520.5,525.6500244140625,4093512
2023-10-20,DABUR,523.0,526.25,516.0,524.7999877929688,7600488
2023-10-23,DABUR,524.7999877929688,526.0,518.6500244140625,521.3499755859375,1535943
2023-10-25,DABUR,517.2999877929688,525.0,516.2999877929688,517.9000244140625,2014418
2023-10-26,DABUR,517.9000244140625,517.9000244140625,504.1000061035156,508.4500122070313,2400780
2023-10-27,DABUR,510.8999938964844,525.8499755859375,509.0499877929688,524.5499877929688,2125985
2023-10-30,DABUR,524.5,524.7000122070312,521.7000122070312,523.4500122070312,1711768
2023-10-31,DABUR,524.5999755859375,531.0499877929688,522.25,528.9000244140625,1687120
2023-10-03,DALBHARAT,2404.35009765625,2409.550048828125,2356.050048828125,2372.050048828125,338580
2023-10-04,DALBHARAT,2353.0,2371.35009765625,2277.0,2305.75,377251
2023-10-05,DALBHARAT,2270.199951171875,2311.050048828125,2223.0,2258.14990234375,514301
2023-10-06,DALBHARAT,2250.0,2269.75,2206.699951171875,2223.800048828125,369046
2023-10-09,DALBHARAT,2207.050048828125,2242.449951171875,2198.64990234375,2219.050048828125,238173
2023-10-10,DALBHARAT,2229.800048828125,2270.64990234375,2208.0,2260.0,460952
2023-10-11,DALBHARAT,2278.949951171875,2344.0,2267.75,2301.10009765625,410776
2023-10-12,DALBHARAT,2301.0,2324.75,2290.35009765625,2300.800048828125,200025
2023-10-13,DALBHARAT,2300.0,2324.0,2278.300048828125,2292.550048828125,244249
2023-10-16,DALBHARAT,2322.0,2373.35009765625,2282.0,2322.10009765625,1406372
2023-10-17,DALBHARAT,2301.0,2314.10009765625,2226.14990234375,2255.89990234375,699124
2023-10-18,DALBHARAT,2269.89990234375,2271.699951171875,2219.39990234375,2230.75,239604
2023-10-19,DALBHARAT,2235.89990234375,2235.89990234375,2188.050048828125,2208.0,284447
2023-10-20,DALBHARAT,2214.800048828125,2214.89990234375,2151.85009765625,2158.050048828125,334304
2023-10-23,DALBHARAT,2169.39990234375,2169.39990234375,2045.0999755859373,2075.449951171875,841644
2023-10-25,DALBHARAT,2074.949951171875,2096.300048828125,2040.4000244140625,2057.25,289021
2023-10-26,DALBHARAT,2040.050048828125,2050.60009765625,1995.050048828125,2015.5999755859373,242006
2023-10-27,DALBHARAT,2026.199951171875,2055.39990234375,2023.6500244140625,2038.5,159841
2023-10-30,DALBHARAT,2049.199951171875,2070.050048828125,2025.0,2043.949951171875,232897
2023-10-31,DALBHARAT,2054.89990234375,2109.800048828125,2050.050048828125,2104.25,481220
2023-10-03,DALMIASUG,452.0,453.9500122070313,436.7999877929688,438.3999938964844,119754
2023-10-04,DALMIASUG,438.3999938964844,461.75,437.7000122070313,448.5,448861
2023-10-05,DALMIASUG,450.7000122070313,457.8999938964844,443.0499877929688,450.8999938964844,123888
2023-10-06,DALMIASUG,455.5,464.0,444.0499877929688,457.3999938964844,167101
2023-10-09,DALMIASUG,455.25,457.0,436.1000061035156,442.25,180381
2023-10-10,DALMIASUG,446.7000122070313,454.8999938964844,440.2000122070313,443.7000122070313,227646
2023-10-11,DALMIASUG,446.9500122070313,448.75,441.9500122070313,444.5,64850
2023-10-12,DALMIASUG,446.75,469.8999938964844,443.5,459.7000122070313,318136
2023-10-13,DALMIASUG,458.0,458.7999877929688,451.6499938964844,453.3999938964844,95669
2023-10-16,DALMIASUG,453.7000122070313,476.6499938964844,453.0,455.6499938964844,310666
2023-10-17,DALMIASUG,462.1499938964844,462.1499938964844,449.2000122070313,454.5499877929688,104242
2023-10-18,DALMIASUG,455.9500122070313,469.7000122070313,448.1000061035156,453.5499877929688,316312
2023-10-19,DALMIASUG,453.3999938964844,459.0,445.6499938964844,453.5,100078
2023-10-20,DALMIASUG,453.0,461.25,444.0,447.5499877929688,103594
2023-10-23,DALMIASUG,447.0,449.0,410.5499877929688,414.25,204690
2023-10-25,DALMIASUG,421.3500061035156,430.1000061035156,404.1000061035156,416.9500122070313,279421
2023-10-26,DALMIASUG,415.0,419.0,401.4500122070313,414.75,100657
2023-10-27,DALMIASUG,416.8500061035156,443.5,416.8500061035156,439.8999938964844,178162
2023-10-30,DALMIASUG,441.3999938964844,457.2999877929688,432.2999877929688,453.4500122070313,172241
2023-10-31,DALMIASUG,458.8999938964844,458.8999938964844,444.2999877929688,452.5,161138
2023-10-03,DAMODARIND,49.79999923706055,49.900001525878906,48.54999923706055,48.75,22417
2023-10-04,DAMODARIND,48.5,49.09999847412109,47.25,48.150001525878906,27346
2023-10-05,DAMODARIND,49.5,51.5,48.5,50.400001525878906,72912
2023-10-06,DAMODARIND,50.400001525878906,51.95000076293945,49.84999847412109,51.0,64003
2023-10-09,DAMODARIND,50.75,50.75,48.5,48.900001525878906,34632
2023-10-10,DAMODARIND,50.0,50.900001525878906,49.34999847412109,50.400001525878906,17600
2023-10-11,DAMODARIND,50.0,55.150001525878906,49.650001525878906,53.400001525878906,297720
2023-10-12,DAMODARIND,53.400001525878906,56.20000076293945,53.09999847412109,53.54999923706055,156210
2023-10-13,DAMODARIND,53.79999923706055,54.0,52.04999923706055,52.5,32975
2023-10-16,DAMODARIND,52.5,53.400001525878906,51.20000076293945,51.79999923706055,26383
2023-10-17,DAMODARIND,52.04999923706055,52.45000076293945,51.09999847412109,51.34999847412109,16769
2023-10-18,DAMODARIND,52.84999847412109,52.84999847412109,50.0,50.29999923706055,16132
2023-10-19,DAMODARIND,50.20000076293945,52.59999847412109,49.650001525878906,51.5,58544
2023-10-20,DAMODARIND,51.5,52.04999923706055,49.34999847412109,49.900001525878906,35695
2023-10-23,DAMODARIND,49.70000076293945,50.45000076293945,47.25,48.0,52510
2023-10-25,DAMODARIND,49.34999847412109,49.34999847412109,46.79999923706055,47.54999923706055,13806
2023-10-26,DAMODARIND,47.0,52.5,45.45000076293945,46.400001525878906,206359
2023-10-27,DAMODARIND,47.25,49.45000076293945,46.95000076293945,47.75,51763
2023-10-30,DAMODARIND,49.09999847412109,50.79999923706055,48.09999847412109,49.70000076293945,54041
2023-10-31,DAMODARIND,50.900001525878906,50.95000076293945,48.900001525878906,49.75,19176
2023-10-03,DANGEE,9.800000190734863,10.0,9.699999809265137,9.75,701475
2023-10-04,DANGEE,9.800000190734863,10.050000190734863,9.350000381469728,9.699999809265137,1353563
2023-10-05,DANGEE,9.800000190734863,9.899999618530272,9.600000381469728,9.75,328701
2023-10-06,DANGEE,9.850000381469728,9.949999809265137,9.449999809265137,9.5,723714
2023-10-09,DANGEE,9.5,9.600000381469728,9.350000381469728,9.399999618530272,304936
2023-10-10,DANGEE,9.550000190734863,9.699999809265137,9.449999809265137,9.550000190734863,716532
2023-10-11,DANGEE,9.699999809265137,10.050000190734863,9.449999809265137,9.5,1637483
2023-10-12,DANGEE,9.649999618530272,11.399999618530272,9.25,11.399999618530272,6264291
2023-10-13,DANGEE,11.600000381469728,13.050000190734863,11.5,12.399999618530272,17865923
2023-10-16,DANGEE,12.449999809265137,13.050000190734863,10.949999809265137,11.050000190734863,6885338
2023-10-17,DANGEE,11.25,11.300000190734863,10.399999618530272,10.850000381469728,7090268
2023-10-18,DANGEE,11.0,11.300000190734863,10.25,10.350000381469728,5326293
2023-10-19,DANGEE,10.600000381469728,10.850000381469728,10.550000190734863,10.850000381469728,1969098
2023-10-20,DANGEE,11.199999809265137,11.350000381469728,11.0,11.300000190734863,1537561
2023-10-23,DANGEE,11.550000190734863,11.600000381469728,10.75,10.949999809265137,663458
2023-10-25,DANGEE,10.399999618530272,10.949999809265137,10.399999618530272,10.449999809265137,396790
2023-10-26,DANGEE,10.0,10.699999809265137,9.949999809265137,10.449999809265137,505602
2023-10-27,DANGEE,10.699999809265137,10.949999809265137,10.449999809265137,10.800000190734863,468184
2023-10-30,DANGEE,10.800000190734863,10.800000190734863,10.5,10.649999618530272,142762
2023-10-31,DANGEE,10.649999618530272,10.800000190734863,10.449999809265137,10.600000381469728,105956
2023-10-03,DATAMATICS,606.0,606.9500122070312,579.0,586.8499755859375,94470
2023-10-04,DATAMATICS,583.0499877929688,591.9500122070312,560.0,586.5499877929688,125254
2023-10-05,DATAMATICS,588.0,598.6500244140625,585.0,592.7999877929688,57360
2023-10-06,DATAMATICS,593.0,606.9000244140625,586.6500244140625,592.1500244140625,61935
2023-10-09,DATAMATICS,584.0,604.0,573.2000122070312,586.5499877929688,103134
2023-10-10,DATAMATICS,595.9500122070312,601.0,586.4500122070312,593.5499877929688,50435
2023-10-11,DATAMATICS,597.9500122070312,622.0,594.1500244140625,607.7000122070312,177877
2023-10-12,DATAMATICS,614.0,624.4000244140625,607.0999755859375,610.0999755859375,110692
2023-10-13,DATAMATICS,604.0,612.0999755859375,603.0999755859375,603.8499755859375,40672
2023-10-16,DATAMATICS,607.9500122070312,607.9500122070312,590.0,591.9000244140625,66485
2023-10-17,DATAMATICS,604.9000244140625,604.9000244140625,596.0499877929688,599.75,75634
2023-10-18,DATAMATICS,602.0,654.0,596.0499877929688,625.25,515603
2023-10-19,DATAMATICS,642.0999755859375,663.7000122070312,631.5999755859375,644.0999755859375,461806
2023-10-20,DATAMATICS,647.0,647.9500122070312,606.6500244140625,615.1500244140625,130204
2023-10-23,DATAMATICS,640.0,640.0,576.6500244140625,582.75,224824
2023-10-25,DATAMATICS,594.0,629.2999877929688,588.0999755859375,603.1500244140625,288625
2023-10-26,DATAMATICS,603.9500122070312,615.9000244140625,580.0,609.5499877929688,143415
2023-10-27,DATAMATICS,618.0,628.7999877929688,612.6500244140625,618.25,115018
2023-10-30,DATAMATICS,623.9500122070312,672.0,618.5499877929688,650.4500122070312,764540
2023-10-31,DATAMATICS,652.0,699.9000244140625,651.7000122070312,676.4000244140625,798338
2023-10-03,DATAPATTNS,2102.949951171875,2132.0,2090.89990234375,2125.300048828125,84206
2023-10-04,DATAPATTNS,2111.449951171875,2135.949951171875,2062.25,2082.75,115964
2023-10-05,DATAPATTNS,2108.10009765625,2110.0,2081.0,2093.39990234375,43856
2023-10-06,DATAPATTNS,2095.050048828125,2106.949951171875,2088.0,2093.0,40001
2023-10-09,DATAPATTNS,2052.0,2079.949951171875,2031.550048828125,2056.800048828125,65113
2023-10-10,DATAPATTNS,2069.949951171875,2095.050048828125,2054.25,2067.699951171875,32389
2023-10-11,DATAPATTNS,2084.949951171875,2097.949951171875,2066.85009765625,2090.699951171875,43950
2023-10-12,DATAPATTNS,2089.949951171875,2092.0,2058.300048828125,2062.64990234375,46030
2023-10-13,DATAPATTNS,2050.0,2058.949951171875,2022.550048828125,2027.6500244140625,89647
2023-10-16,DATAPATTNS,2005.5999755859373,2024.0,1974.5999755859373,1994.6500244140625,155320
2023-10-17,DATAPATTNS,2066.449951171875,2130.0,2056.10009765625,2091.199951171875,368211
2023-10-18,DATAPATTNS,2115.0,2127.800048828125,2065.0,2080.550048828125,94606
2023-10-19,DATAPATTNS,2091.0,2091.0,2045.0,2058.35009765625,55151
2023-10-20,DATAPATTNS,2066.949951171875,2085.0,2019.25,2031.0,45634
2023-10-23,DATAPATTNS,2030.0,2030.0,1912.0,1949.050048828125,93956
2023-10-25,DATAPATTNS,1949.050048828125,1954.050048828125,1810.0,1826.25,264194
2023-10-26,DATAPATTNS,1826.0,1894.699951171875,1735.0,1835.1500244140625,261383
2023-10-27,DATAPATTNS,1874.9000244140625,1936.949951171875,1852.9000244140625,1925.050048828125,135598
2023-10-30,DATAPATTNS,1937.6500244140625,1938.300048828125,1870.0999755859373,1892.5999755859373,68118
2023-10-31,DATAPATTNS,1901.0,1928.5,1854.0999755859373,1867.4000244140625,78540
2023-10-03,DBCORP,257.25,276.0,256.1000061035156,272.8500061035156,682609
2023-10-04,DBCORP,272.1000061035156,272.70001220703125,258.3999938964844,264.3999938964844,245639
2023-10-05,DBCORP,265.0,271.1000061035156,261.0,266.3500061035156,128838
2023-10-06,DBCORP,268.6000061035156,269.79998779296875,261.1000061035156,262.8500061035156,158282
2023-10-09,DBCORP,257.0,268.79998779296875,253.0500030517578,256.45001220703125,166417
2023-10-10,DBCORP,260.0,274.5,258.45001220703125,267.5,255787
2023-10-11,DBCORP,269.54998779296875,275.0,262.6000061035156,265.45001220703125,138611
2023-10-12,DBCORP,264.54998779296875,281.95001220703125,261.3500061035156,279.75,282420
2023-10-13,DBCORP,281.0,307.0,275.95001220703125,292.04998779296875,664787
2023-10-16,DBCORP,293.0,301.95001220703125,289.3500061035156,294.3999938964844,184467
2023-10-17,DBCORP,293.25,301.6000061035156,289.3500061035156,294.20001220703125,183823
2023-10-18,DBCORP,297.8500061035156,305.0,287.3500061035156,303.70001220703125,278469
2023-10-19,DBCORP,304.6000061035156,320.79998779296875,301.79998779296875,312.45001220703125,391101
2023-10-20,DBCORP,316.8999938964844,325.0,313.3500061035156,320.29998779296875,374343
2023-10-23,DBCORP,320.3500061035156,323.5,294.0,305.1000061035156,323802
2023-10-25,DBCORP,308.8999938964844,310.95001220703125,281.3999938964844,291.5,229693
2023-10-26,DBCORP,285.54998779296875,312.0,280.1000061035156,301.75,508185
2023-10-27,DBCORP,307.3999938964844,307.3999938964844,291.54998779296875,302.0,257343
2023-10-30,DBCORP,304.6000061035156,312.95001220703125,296.29998779296875,301.1499938964844,134894
2023-10-31,DBCORP,302.5,308.3999938964844,298.5,300.6000061035156,97200
2023-10-03,DBL,310.95001220703125,312.20001220703125,305.79998779296875,306.75,255021
2023-10-04,DBL,305.70001220703125,311.0,303.04998779296875,308.0,331885
2023-10-05,DBL,309.70001220703125,312.0,306.3999938964844,308.25,255946
2023-10-06,DBL,309.70001220703125,334.0,309.6499938964844,325.79998779296875,5120637
2023-10-09,DBL,321.0,321.79998779296875,307.0,308.75,906053
2023-10-10,DBL,318.0,321.6499938964844,313.0,317.5,1234814
2023-10-11,DBL,319.75,332.79998779296875,316.04998779296875,318.79998779296875,976545
2023-10-12,DBL,320.75,327.70001220703125,318.79998779296875,323.45001220703125,520461
2023-10-13,DBL,322.79998779296875,326.04998779296875,312.5,316.20001220703125,431345
2023-10-16,DBL,318.5,325.1499938964844,314.3500061035156,321.3999938964844,488356
2023-10-17,DBL,322.0,341.95001220703125,318.0,333.3999938964844,4299615
2023-10-18,DBL,335.0,338.0,318.6000061035156,321.29998779296875,932271
2023-10-19,DBL,317.0,324.0,314.20001220703125,320.1000061035156,654260
2023-10-20,DBL,319.95001220703125,351.75,319.54998779296875,336.04998779296875,9039844
2023-10-23,DBL,336.70001220703125,337.8999938964844,303.0,306.29998779296875,2046062
2023-10-25,DBL,309.70001220703125,314.75,286.25,297.8500061035156,1663875
2023-10-26,DBL,296.0,305.0,287.3500061035156,300.79998779296875,1421408
2023-10-27,DBL,305.0,308.5,301.04998779296875,306.0,530080
2023-10-30,DBL,307.0,308.1499938964844,301.20001220703125,305.25,350277
2023-10-31,DBL,306.3999938964844,315.70001220703125,302.8500061035156,304.3500061035156,605981
2023-10-03,DBOL,175.8000030517578,176.0,171.4499969482422,173.0,153235
2023-10-04,DBOL,183.9499969482422,183.9499969482422,171.6999969482422,173.85000610351562,472609
2023-10-05,DBOL,175.3000030517578,177.10000610351562,172.39999389648438,173.1999969482422,115588
2023-10-06,DBOL,174.5,181.4499969482422,173.35000610351562,176.6999969482422,557403
2023-10-09,DBOL,175.89999389648438,180.6999969482422,173.0,175.9499969482422,346089
2023-10-10,DBOL,165.0500030517578,166.4499969482422,158.0500030517578,162.9499969482422,1233214
2023-10-11,DBOL,170.0500030517578,170.0500030517578,159.6999969482422,161.10000610351562,489284
2023-10-12,DBOL,163.0,165.4499969482422,162.5500030517578,163.0500030517578,363547
2023-10-13,DBOL,162.9499969482422,165.14999389648438,159.25,160.14999389648438,430791
2023-10-16,DBOL,161.64999389648438,164.39999389648438,158.0,159.10000610351562,589516
2023-10-17,DBOL,161.5,162.4499969482422,158.60000610351562,158.9499969482422,220305
2023-10-18,DBOL,160.1999969482422,163.9499969482422,159.14999389648438,162.60000610351562,498062
2023-10-19,DBOL,162.60000610351562,165.10000610351562,161.35000610351562,163.4499969482422,249046
2023-10-20,DBOL,164.85000610351562,165.75,159.10000610351562,160.8000030517578,260133
2023-10-23,DBOL,161.0,162.60000610351562,155.10000610351562,155.85000610351562,271941
2023-10-25,DBOL,158.0,160.75,156.0,156.3000030517578,342006
2023-10-26,DBOL,157.0500030517578,157.60000610351562,148.10000610351562,153.0,411343
2023-10-27,DBOL,154.5,159.6999969482422,154.5,157.85000610351562,142818
2023-10-30,DBOL,158.0,161.5,156.0,159.89999389648438,141085
2023-10-31,DBOL,161.8000030517578,161.8000030517578,156.64999389648438,157.60000610351562,90169
2023-10-03,DBREALTY,160.10000610351562,166.10000610351562,160.0,163.0,878656
2023-10-04,DBREALTY,161.89999389648438,164.6999969482422,157.3000030517578,163.10000610351562,1090070
2023-10-05,DBREALTY,164.39999389648438,166.5,159.3000030517578,165.14999389648438,889054
2023-10-06,DBREALTY,166.39999389648438,169.0,164.25,167.8000030517578,907512
2023-10-09,DBREALTY,165.0,165.0,158.39999389648438,159.3000030517578,742259
2023-10-10,DBREALTY,161.0,171.0,160.1999969482422,170.25,2173501
2023-10-11,DBREALTY,169.9499969482422,176.0,169.89999389648438,172.0,1592272
2023-10-12,DBREALTY,173.39999389648438,181.9499969482422,172.35000610351562,176.9499969482422,2838742
2023-10-13,DBREALTY,175.0,180.0,171.4499969482422,172.9499969482422,988137
2023-10-16,DBREALTY,174.0,175.5,167.64999389648438,170.35000610351562,747246
2023-10-17,DBREALTY,171.6999969482422,172.9499969482422,168.0500030517578,169.5,742590
2023-10-18,DBREALTY,169.0,169.5,162.6999969482422,164.64999389648438,721920
2023-10-19,DBREALTY,165.0,166.6999969482422,160.1999969482422,163.3000030517578,755668
2023-10-20,DBREALTY,164.0,166.0,156.89999389648438,158.8000030517578,817346
2023-10-23,DBREALTY,158.0500030517578,159.6999969482422,142.9499969482422,143.60000610351562,2063250
2023-10-25,DBREALTY,146.5,149.5,135.5500030517578,141.35000610351562,1708405
2023-10-26,DBREALTY,140.0,151.0500030517578,136.5500030517578,148.8000030517578,2013945
2023-10-27,DBREALTY,150.8000030517578,163.64999389648438,147.5,162.64999389648438,4697192
2023-10-30,DBREALTY,163.75,172.0,163.75,167.5,3288558
2023-10-31,DBREALTY,167.10000610351562,173.8000030517578,164.64999389648438,171.0,1717632
2023-10-03,DBSTOCKBRO,28.850000381469727,30.600000381469727,26.549999237060547,28.950000762939453,227709
2023-10-04,DBSTOCKBRO,29.549999237060547,29.549999237060547,27.700000762939453,28.14999961853028,24961
2023-10-05,DBSTOCKBRO,28.75,28.75,27.950000762939453,28.200000762939453,70376
2023-10-06,DBSTOCKBRO,28.600000381469727,30.299999237060547,28.5,29.950000762939453,50937
2023-10-09,DBSTOCKBRO,31.049999237060547,35.900001525878906,29.600000381469727,34.95000076293945,647567
2023-10-10,DBSTOCKBRO,35.650001525878906,38.400001525878906,33.150001525878906,34.45000076293945,225147
2023-10-11,DBSTOCKBRO,35.20000076293945,35.20000076293945,31.799999237060547,32.54999923706055,66952
2023-10-12,DBSTOCKBRO,33.25,35.20000076293945,32.04999923706055,33.650001525878906,44982
2023-10-13,DBSTOCKBRO,35.0,35.400001525878906,33.5,33.79999923706055,43560
2023-10-16,DBSTOCKBRO,33.95000076293945,35.0,32.79999923706055,34.79999923706055,29799
2023-10-17,DBSTOCKBRO,35.45000076293945,35.70000076293945,34.45000076293945,34.95000076293945,31484
2023-10-18,DBSTOCKBRO,34.95000076293945,37.900001525878906,34.349998474121094,36.150001525878906,125369
2023-10-19,DBSTOCKBRO,36.95000076293945,43.34999847412109,35.20000076293945,43.34999847412109,490516
2023-10-20,DBSTOCKBRO,47.20000076293945,48.5,38.400001525878906,39.25,714960
2023-10-23,DBSTOCKBRO,38.900001525878906,39.25,35.349998474121094,36.45000076293945,124308
2023-10-25,DBSTOCKBRO,36.0,37.900001525878906,34.650001525878906,36.70000076293945,19704
2023-10-26,DBSTOCKBRO,34.900001525878906,36.5,34.900001525878906,36.09999847412109,23459
2023-10-27,DBSTOCKBRO,34.599998474121094,37.900001525878906,34.599998474121094,36.95000076293945,8420
2023-10-30,DBSTOCKBRO,38.25,38.25,36.0,36.04999923706055,5756
2023-10-31,DBSTOCKBRO,36.04999923706055,37.400001525878906,36.0,36.0,6276
2023-10-03,DCAL,160.85000610351562,164.8000030517578,160.85000610351562,163.4499969482422,231839
2023-10-04,DCAL,162.6999969482422,163.6999969482422,157.0,159.85000610351562,343540
2023-10-05,DCAL,160.9499969482422,163.60000610351562,159.14999389648438,160.14999389648438,197471
2023-10-06,DCAL,161.0,164.85000610351562,159.60000610351562,162.3000030517578,334025
2023-10-09,DCAL,158.75,160.5,155.25,157.85000610351562,407983
2023-10-10,DCAL,159.14999389648438,160.5,157.3000030517578,157.85000610351562,141369
2023-10-11,DCAL,159.3000030517578,160.1999969482422,157.35000610351562,158.1999969482422,181810
2023-10-12,DCAL,158.9499969482422,159.35000610351562,156.39999389648438,158.1999969482422,270807
2023-10-13,DCAL,158.3000030517578,168.89999389648438,158.3000030517578,164.1999969482422,1225202
2023-10-16,DCAL,164.1999969482422,165.0,161.10000610351562,161.60000610351562,293101
2023-10-17,DCAL,162.0,163.35000610351562,159.5,161.25,226521
2023-10-18,DCAL,161.0,161.6999969482422,155.3000030517578,156.0,618513
2023-10-19,DCAL,156.5,157.35000610351562,153.60000610351562,154.85000610351562,375182
2023-10-20,DCAL,155.35000610351562,155.64999389648438,150.0,151.85000610351562,514905
2023-10-23,DCAL,152.0,152.60000610351562,142.60000610351562,146.14999389648438,768217
2023-10-25,DCAL,146.0500030517578,147.39999389648438,140.0,142.64999389648438,477497
2023-10-26,DCAL,142.10000610351562,146.6999969482422,138.5500030517578,142.25,411567
2023-10-27,DCAL,142.25,148.1999969482422,142.0,145.0500030517578,271806
2023-10-30,DCAL,144.5,145.25,142.0,142.5500030517578,184773
2023-10-31,DCAL,143.89999389648438,144.39999389648438,141.3000030517578,141.89999389648438,136425
2023-10-03,DCBBANK,124.4000015258789,125.9000015258789,123.8000030517578,124.1999969482422,613881
2023-10-04,DCBBANK,123.8000030517578,124.8499984741211,120.0,121.1500015258789,1283035
2023-10-05,DCBBANK,122.0,124.0,120.9499969482422,121.9499969482422,1227966
2023-10-06,DCBBANK,122.5,124.4000015258789,121.4499969482422,123.3499984741211,1829292
2023-10-09,DCBBANK,122.8000030517578,122.8000030517578,119.6999969482422,120.0,900659
2023-10-10,DCBBANK,120.9499969482422,122.75,120.75,122.1500015258789,808982
2023-10-11,DCBBANK,122.75,123.9000015258789,121.4499969482422,121.8000030517578,865893
2023-10-12,DCBBANK,122.3499984741211,123.75,121.9499969482422,123.25,777925
2023-10-13,DCBBANK,123.0,126.9000015258789,122.5999984741211,122.8000030517578,1020780
2023-10-16,DCBBANK,122.5,123.6999969482422,121.1500015258789,121.8000030517578,1472282
2023-10-17,DCBBANK,122.1999969482422,130.0,121.6999969482422,126.3000030517578,5804627
2023-10-18,DCBBANK,126.9000015258789,127.6999969482422,121.6500015258789,122.5500030517578,3692508
2023-10-19,DCBBANK,123.0,123.6999969482422,120.8000030517578,121.0500030517578,1941056
2023-10-20,DCBBANK,121.3000030517578,122.6999969482422,118.6500015258789,119.25,1887918
2023-10-23,DCBBANK,120.0,120.8499984741211,116.0500030517578,116.6500015258789,1892504
2023-10-25,DCBBANK,117.4000015258789,118.5,113.1999969482422,113.6500015258789,2900167
2023-10-26,DCBBANK,113.4499969482422,113.6500015258789,109.9000015258789,112.8499984741211,1387295
2023-10-27,DCBBANK,114.0,117.1500015258789,113.75,116.0999984741211,1140577
2023-10-30,DCBBANK,116.3000030517578,118.1999969482422,115.0999984741211,116.9499969482422,653718
2023-10-31,DCBBANK,117.8000030517578,118.3499984741211,114.0,114.6500015258789,985174
2023-10-03,DCI,183.9499969482422,183.9499969482422,183.1999969482422,183.9499969482422,1022
2023-10-04,DCI,180.3000030517578,183.9499969482422,180.3000030517578,180.3000030517578,534
2023-10-05,DCI,176.6999969482422,180.3000030517578,176.6999969482422,176.6999969482422,387
2023-10-06,DCI,173.1999969482422,176.6999969482422,173.1999969482422,173.1999969482422,402
2023-10-09,DCI,173.1999969482422,173.1999969482422,173.1999969482422,173.1999969482422,169
2023-10-10,DCI,172.0,173.0,170.0,172.0,477
2023-10-11,DCI,168.60000610351562,170.0,168.60000610351562,168.60000610351562,1834
2023-10-12,DCI,165.25,170.10000610351562,165.25,165.25,2103
2023-10-13,DCI,162.25,165.25,162.25,162.25,1431
2023-10-16,DCI,165.0,165.0,162.25,165.0,34
2023-10-17,DCI,161.75,165.0,161.6999969482422,161.75,10147
2023-10-18,DCI,158.60000610351562,161.75,158.5500030517578,158.60000610351562,181
2023-10-19,DCI,158.5,158.5,158.39999389648438,158.5,147
2023-10-20,DCI,155.35000610351562,158.5,155.35000610351562,155.35000610351562,404
2023-10-23,DCI,157.0,157.0,156.0,157.0,313
2023-10-25,DCI,157.0,160.10000610351562,157.0,157.0,841
2023-10-26,DCI,157.0,157.0,155.10000610351562,157.0,264
2023-10-27,DCI,157.0,157.0,157.0,157.0,191
2023-10-30,DCI,160.10000610351562,160.10000610351562,158.0,160.10000610351562,27
2023-10-31,DCI,163.0,163.3000030517578,160.10000610351562,163.0,175
2023-10-03,DCM,96.0,96.0,88.80000305175781,90.1500015258789,766953
2023-10-04,DCM,90.0,91.0,83.3499984741211,86.94999694824219,409997
2023-10-05,DCM,87.05000305175781,88.4000015258789,83.25,84.4000015258789,169633
2023-10-06,DCM,80.80000305175781,84.44999694824219,80.80000305175781,82.9000015258789,46792
2023-10-09,DCM,78.80000305175781,82.0,78.75,81.44999694824219,59086
2023-10-10,DCM,81.44999694824219,83.25,80.9000015258789,82.80000305175781,39967
2023-10-11,DCM,84.3499984741211,85.0,82.0,82.6500015258789,38459
2023-10-12,DCM,83.30000305175781,84.0,81.1500015258789,81.75,21424
2023-10-13,DCM,81.75,83.5,80.0,81.0,26807
2023-10-16,DCM,81.05000305175781,82.19999694824219,78.05000305175781,79.75,41662
2023-10-17,DCM,79.94999694824219,81.69999694824219,79.0999984741211,80.05000305175781,19941
2023-10-18,DCM,80.94999694824219,80.94999694824219,78.0,78.6500015258789,24832
2023-10-19,DCM,78.6500015258789,80.8499984741211,77.0,79.4000015258789,32059
2023-10-20,DCM,79.25,79.25,77.0,77.30000305175781,18478
2023-10-23,DCM,78.55000305175781,78.55000305175781,73.44999694824219,73.55000305175781,66300
2023-10-25,DCM,73.80000305175781,75.5,70.80000305175781,74.1500015258789,55479
2023-10-26,DCM,73.6500015258789,73.6500015258789,70.44999694824219,72.25,49043
2023-10-27,DCM,73.75,75.5,73.0,73.55000305175781,16998
2023-10-30,DCM,77.0,77.19999694824219,74.94999694824219,77.19999694824219,25021
2023-10-31,DCM,78.0999984741211,80.80000305175781,76.94999694824219,77.1500015258789,14947
2023-10-03,DCMFINSERV,4.5,4.550000190734863,4.5,4.550000190734863,51238
2023-10-04,DCMFINSERV,4.75,4.75,4.599999904632568,4.75,68253
2023-10-05,DCMFINSERV,4.849999904632568,4.949999809265137,4.699999809265137,4.949999809265137,69548
2023-10-06,DCMFINSERV,5.150000095367432,5.150000095367432,5.0,5.150000095367432,58232
2023-10-09,DCMFINSERV,5.5,5.650000095367432,5.25,5.650000095367432,104527
2023-10-10,DCMFINSERV,6.099999904632568,6.199999809265137,5.25,6.199999809265137,524569
2023-10-11,DCMFINSERV,6.800000190734863,6.800000190734863,6.800000190734863,6.800000190734863,92294
2023-10-12,DCMFINSERV,7.099999904632568,7.099999904632568,7.099999904632568,7.099999904632568,79856
2023-10-13,DCMFINSERV,7.449999809265137,7.449999809265137,6.75,6.75,431345
2023-10-16,DCMFINSERV,6.449999809265137,6.75,6.449999809265137,6.449999809265137,3115
2023-10-17,DCMFINSERV,6.150000095367432,6.150000095367432,6.150000095367432,6.150000095367432,14181
2023-10-18,DCMFINSERV,5.849999904632568,5.849999904632568,5.849999904632568,5.849999904632568,15335
2023-10-19,DCMFINSERV,5.550000190734863,5.550000190734863,5.550000190734863,5.550000190734863,7875
2023-10-20,DCMFINSERV,5.300000190734863,5.400000095367432,5.300000190734863,5.300000190734863,7204
2023-10-23,DCMFINSERV,5.050000190734863,5.199999809265137,5.050000190734863,5.050000190734863,3349
2023-10-25,DCMFINSERV,4.800000190734863,4.800000190734863,4.800000190734863,4.800000190734863,8487
2023-10-26,DCMFINSERV,4.599999904632568,4.599999904632568,4.599999904632568,4.599999904632568,2472
2023-10-27,DCMFINSERV,4.550000190734863,4.599999904632568,4.400000095367432,4.550000190734863,7818
2023-10-30,DCMFINSERV,4.400000095367432,4.400000095367432,4.349999904632568,4.400000095367432,10032
2023-10-31,DCMFINSERV,4.599999904632568,4.599999904632568,4.349999904632568,4.599999904632568,2066
2023-10-03,DCMNVL,174.6999969482422,174.6999969482422,165.3000030517578,168.39999389648438,32385
2023-10-04,DCMNVL,168.5,170.3000030517578,165.60000610351562,168.64999389648438,13651
2023-10-05,DCMNVL,169.35000610351562,169.85000610351562,164.8000030517578,167.89999389648438,16894
2023-10-06,DCMNVL,168.89999389648438,172.0,167.85000610351562,169.0500030517578,17629
2023-10-09,DCMNVL,164.0,168.25,163.5,164.25,27753
2023-10-10,DCMNVL,165.0500030517578,168.0,160.25,162.4499969482422,39516
2023-10-11,DCMNVL,161.35000610351562,169.6999969482422,161.35000610351562,168.39999389648438,36775
2023-10-12,DCMNVL,169.39999389648438,169.6999969482422,165.35000610351562,165.89999389648438,9608
2023-10-13,DCMNVL,165.3000030517578,166.4499969482422,164.39999389648438,164.6999969482422,3822
2023-10-16,DCMNVL,164.75,166.5,162.85000610351562,163.9499969482422,17673
2023-10-17,DCMNVL,164.0500030517578,172.85000610351562,164.0500030517578,170.85000610351562,59826
2023-10-18,DCMNVL,172.0500030517578,174.5,166.5500030517578,173.10000610351562,30997
2023-10-19,DCMNVL,171.5,179.85000610351562,170.0,172.9499969482422,48616
2023-10-20,DCMNVL,172.9499969482422,178.85000610351562,172.3000030517578,173.1999969482422,26357
2023-10-23,DCMNVL,175.0,175.64999389648438,156.0,157.75,33091
2023-10-25,DCMNVL,160.0,161.64999389648438,149.0,151.60000610351562,30501
2023-10-26,DCMNVL,151.60000610351562,156.85000610351562,145.5,155.1999969482422,29211
2023-10-27,DCMNVL,156.0,169.85000610351562,154.5,164.8000030517578,52657
2023-10-30,DCMNVL,157.64999389648438,169.85000610351562,153.1999969482422,163.6999969482422,68204
2023-10-31,DCMNVL,161.1999969482422,168.8000030517578,161.1999969482422,163.1999969482422,18556
2023-10-03,DCMSHRIRAM,1089.550048828125,1111.0,1066.300048828125,1088.5999755859375,188568
2023-10-04,DCMSHRIRAM,1080.0,1090.0,1074.0,1081.300048828125,132210
2023-10-05,DCMSHRIRAM,1050.050048828125,1089.449951171875,1050.050048828125,1053.5,83999
2023-10-06,DCMSHRIRAM,1058.0,1100.0,1047.050048828125,1088.949951171875,126106
2023-10-09,DCMSHRIRAM,1092.75,1092.75,1050.199951171875,1054.550048828125,55781
2023-10-10,DCMSHRIRAM,1055.0,1071.199951171875,1047.0999755859375,1049.5,33480
2023-10-11,DCMSHRIRAM,1053.0,1063.449951171875,1030.199951171875,1036.3499755859375,42913
2023-10-12,DCMSHRIRAM,1040.0,1055.0,1005.0,1021.25,103036
2023-10-13,DCMSHRIRAM,1012.0,1032.0,1004.0,1008.5999755859376,39175
2023-10-16,DCMSHRIRAM,1008.5999755859376,1013.4000244140624,998.0999755859376,1002.0,36754
2023-10-17,DCMSHRIRAM,1006.0,1019.0,1004.9500122070312,1009.1500244140624,23537
2023-10-18,DCMSHRIRAM,1014.2000122070312,1039.300048828125,1000.0,1031.0999755859375,83346
2023-10-19,DCMSHRIRAM,1028.0,1032.0999755859375,1010.0,1019.7999877929688,39278
2023-10-20,DCMSHRIRAM,1018.0,1022.0999755859376,995.0,1001.4000244140624,30491
2023-10-23,DCMSHRIRAM,1006.0,1006.0,970.0,976.3499755859376,54954
2023-10-25,DCMSHRIRAM,974.0,1003.0999755859376,951.0,975.0499877929688,46804
2023-10-26,DCMSHRIRAM,975.0499877929688,987.7000122070312,958.5,965.25,43958
2023-10-27,DCMSHRIRAM,965.25,1012.9000244140624,954.5499877929688,971.2999877929688,105314
2023-10-30,DCMSHRIRAM,969.2999877929688,981.5,949.4500122070312,974.0499877929688,60238
2023-10-31,DCMSHRIRAM,940.0,958.3499755859376,915.0,926.5,199129
2023-10-03,DCMSRIND,150.35000610351562,150.35000610351562,141.8000030517578,144.0,396501
2023-10-04,DCMSRIND,143.4499969482422,146.0,133.85000610351562,139.14999389648438,582008
2023-10-05,DCMSRIND,139.3000030517578,142.4499969482422,137.25,138.39999389648438,203893
2023-10-06,DCMSRIND,140.10000610351562,141.4499969482422,134.5500030517578,137.25,211530
2023-10-09,DCMSRIND,137.25,138.35000610351562,130.39999389648438,131.5500030517578,323511
2023-10-10,DCMSRIND,133.9499969482422,135.89999389648438,132.60000610351562,133.6999969482422,136283
2023-10-11,DCMSRIND,134.75,139.89999389648438,132.1999969482422,133.39999389648438,396981
2023-10-12,DCMSRIND,134.25,136.39999389648438,133.0,135.0,165184
2023-10-13,DCMSRIND,134.0,136.39999389648438,131.0,133.0500030517578,163463
2023-10-16,DCMSRIND,132.14999389648438,134.85000610351562,132.14999389648438,133.0500030517578,141036
2023-10-17,DCMSRIND,133.9499969482422,135.8000030517578,132.85000610351562,134.10000610351562,103953
2023-10-18,DCMSRIND,134.10000610351562,138.4499969482422,132.89999389648438,133.5,221352
2023-10-19,DCMSRIND,134.0,134.85000610351562,132.85000610351562,133.14999389648438,83370
2023-10-20,DCMSRIND,133.60000610351562,134.3000030517578,130.0,130.64999389648438,107181
2023-10-23,DCMSRIND,131.0500030517578,132.0500030517578,118.0999984741211,120.5500030517578,318132
2023-10-25,DCMSRIND,123.5999984741211,126.9499969482422,117.5,120.1500015258789,161044
2023-10-26,DCMSRIND,121.9000015258789,126.0500030517578,116.25,123.3000030517578,214703
2023-10-27,DCMSRIND,124.75,128.89999389648438,124.75,125.8000030517578,135476
2023-10-30,DCMSRIND,127.6500015258789,129.14999389648438,122.8000030517578,127.9000015258789,111834
2023-10-31,DCMSRIND,129.4499969482422,129.4499969482422,124.9000015258789,125.4499969482422,94403
2023-10-03,DCW,56.84999847412109,57.400001525878906,56.09999847412109,56.45000076293945,1569273
2023-10-04,DCW,56.0,56.59999847412109,54.45000076293945,55.45000076293945,2593056
2023-10-05,DCW,56.0,58.400001525878906,55.900001525878906,57.150001525878906,4394494
2023-10-06,DCW,57.09999847412109,57.34999847412109,56.25,56.54999923706055,2439146
2023-10-09,DCW,55.04999923706055,55.400001525878906,53.20000076293945,53.5,2188227
2023-10-10,DCW,53.75,56.79999923706055,53.75,56.25,4070019
2023-10-11,DCW,59.0,61.25,58.75,59.04999923706055,18636680
2023-10-12,DCW,59.150001525878906,60.5,58.29999923706055,58.650001525878906,3992486
2023-10-13,DCW,58.20000076293945,59.5,57.79999923706055,58.34999847412109,3035909
2023-10-16,DCW,58.29999923706055,58.84999847412109,57.34999847412109,57.650001525878906,2614077
2023-10-17,DCW,58.0,58.95000076293945,57.75,58.0,2242482
2023-10-18,DCW,58.0,58.34999847412109,56.09999847412109,56.400001525878906,2252725
2023-10-19,DCW,56.09999847412109,59.45000076293945,55.70000076293945,58.95000076293945,6501263
2023-10-20,DCW,58.400001525878906,61.04999923706055,57.150001525878906,57.45000076293945,9909412
2023-10-23,DCW,57.45000076293945,57.5,53.29999923706055,54.0,4946541
2023-10-25,DCW,54.34999847412109,55.59999847412109,51.650001525878906,52.75,4542073
2023-10-26,DCW,52.70000076293945,53.20000076293945,50.09999847412109,52.79999923706055,3983567
2023-10-27,DCW,53.29999923706055,54.20000076293945,53.150001525878906,53.900001525878906,1565413
2023-10-30,DCW,53.95000076293945,54.5,52.79999923706055,53.75,1450190
2023-10-31,DCW,53.900001525878906,54.84999847412109,53.150001525878906,53.45000076293945,1371738
2023-10-03,DCXINDIA,294.0,307.0,294.0,305.1000061035156,457375
2023-10-04,DCXINDIA,304.54998779296875,304.8500061035156,292.0,297.3500061035156,425408
2023-10-05,DCXINDIA,298.20001220703125,312.3999938964844,298.20001220703125,303.3500061035156,725695
2023-10-06,DCXINDIA,304.0,305.6499938964844,298.5,301.79998779296875,255260
2023-10-09,DCXINDIA,299.0,299.5,291.20001220703125,296.45001220703125,535557
2023-10-10,DCXINDIA,298.04998779296875,306.8999938964844,298.0,299.45001220703125,385975
2023-10-11,DCXINDIA,302.70001220703125,305.8999938964844,295.29998779296875,297.6499938964844,290169
2023-10-12,DCXINDIA,298.8999938964844,303.1000061035156,294.1000061035156,296.29998779296875,248496
2023-10-13,DCXINDIA,295.6499938964844,299.0,294.95001220703125,296.79998779296875,168536
2023-10-16,DCXINDIA,294.5,303.20001220703125,294.5,295.75,323988
2023-10-17,DCXINDIA,297.8999938964844,299.79998779296875,292.0,294.45001220703125,236279
2023-10-18,DCXINDIA,296.70001220703125,300.95001220703125,293.6000061035156,295.0,254099
2023-10-19,DCXINDIA,293.1000061035156,295.45001220703125,290.29998779296875,291.29998779296875,155929
2023-10-20,DCXINDIA,292.95001220703125,295.1000061035156,281.1000061035156,282.04998779296875,521503
2023-10-23,DCXINDIA,282.04998779296875,283.45001220703125,266.1000061035156,270.8500061035156,534537
2023-10-25,DCXINDIA,273.20001220703125,278.0,256.04998779296875,264.25,406576
2023-10-26,DCXINDIA,262.6499938964844,278.0,252.0,274.95001220703125,518440
2023-10-27,DCXINDIA,277.0,288.95001220703125,276.6000061035156,283.20001220703125,258667
2023-10-30,DCXINDIA,282.04998779296875,282.25,270.6000061035156,272.75,260058
2023-10-31,DCXINDIA,312.0,312.0,288.6499938964844,292.1000061035156,3762149
2023-10-03,DECCANCE,542.25,542.25,526.1500244140625,534.5,14852
2023-10-04,DECCANCE,531.5499877929688,545.0,529.5499877929688,537.0,7747
2023-10-05,DECCANCE,535.7999877929688,545.4000244140625,535.7999877929688,544.1500244140625,10513
2023-10-06,DECCANCE,545.7999877929688,552.0999755859375,544.5,546.9500122070312,10736
2023-10-09,DECCANCE,549.8499755859375,549.8499755859375,532.1500244140625,536.0999755859375,17115
2023-10-10,DECCANCE,534.7999877929688,557.0,534.75,548.1500244140625,13703
2023-10-11,DECCANCE,548.0499877929688,568.0,548.0499877929688,563.7999877929688,17625
2023-10-12,DECCANCE,559.0,578.0,559.0,565.8499755859375,40025
2023-10-13,DECCANCE,562.8499755859375,565.7999877929688,554.3499755859375,561.4500122070312,13599
2023-10-16,DECCANCE,566.7000122070312,566.7000122070312,552.8499755859375,563.4000244140625,21780
2023-10-17,DECCANCE,568.2000122070312,568.2000122070312,558.5999755859375,560.2000122070312,8449
2023-10-18,DECCANCE,569.5,569.5,550.0,552.0999755859375,9052
2023-10-19,DECCANCE,556.5499877929688,566.4500122070312,548.0499877929688,561.9000244140625,14420
2023-10-20,DECCANCE,564.4000244140625,564.9500122070312,549.5499877929688,551.9000244140625,12590
2023-10-23,DECCANCE,545.2000122070312,551.7000122070312,511.2000122070313,516.9500122070312,24323
2023-10-25,DECCANCE,510.0,523.6500244140625,505.3999938964844,507.2999877929688,21802
2023-10-26,DECCANCE,509.5499877929688,519.4500122070312,495.0,502.1000061035156,13728
2023-10-27,DECCANCE,507.25,529.2999877929688,502.6000061035156,518.5999755859375,7174
2023-10-30,DECCANCE,522.0,522.0,500.5,515.4000244140625,8693
2023-10-31,DECCANCE,520.2000122070312,522.9500122070312,505.6000061035156,510.25,9760
2023-10-03,DEEPAKFERT,648.7000122070312,658.0,637.0,650.75,464533
2023-10-04,DEEPAKFERT,648.9000244140625,652.8499755859375,637.0,643.4500122070312,376494
2023-10-05,DEEPAKFERT,646.75,648.9500122070312,636.5,638.9000244140625,246408
2023-10-06,DEEPAKFERT,644.2000122070312,647.9500122070312,641.0,643.5499877929688,278694
2023-10-09,DEEPAKFERT,636.0,637.0,617.75,623.2999877929688,393116
2023-10-10,DEEPAKFERT,623.0,637.0,622.8499755859375,626.7999877929688,202886
2023-10-11,DEEPAKFERT,630.0,642.9500122070312,629.2999877929688,630.4500122070312,264839
2023-10-12,DEEPAKFERT,633.7999877929688,640.0,630.0,638.4500122070312,280471
2023-10-13,DEEPAKFERT,637.5499877929688,655.0,631.5499877929688,647.25,855142
2023-10-16,DEEPAKFERT,652.0,696.7999877929688,648.1500244140625,680.9500122070312,5378214
2023-10-17,DEEPAKFERT,689.7000122070312,694.5999755859375,680.0,682.9500122070312,1330510
2023-10-18,DEEPAKFERT,686.9500122070312,693.0,673.0499877929688,688.9500122070312,1013867
2023-10-19,DEEPAKFERT,690.0,697.2000122070312,676.5499877929688,679.2999877929688,565961
2023-10-20,DEEPAKFERT,680.0,686.0,658.0999755859375,662.5499877929688,532054
2023-10-23,DEEPAKFERT,662.0,665.7000122070312,600.0999755859375,610.7999877929688,1207135
2023-10-25,DEEPAKFERT,617.0,628.25,608.0,623.4000244140625,674099
2023-10-26,DEEPAKFERT,625.0,625.0,594.0499877929688,617.1500244140625,786565
2023-10-27,DEEPAKFERT,619.0499877929688,641.9000244140625,619.0499877929688,636.5499877929688,468222
2023-10-30,DEEPAKFERT,643.2000122070312,643.2000122070312,626.0499877929688,636.25,253318
2023-10-31,DEEPAKFERT,638.0,651.5999755859375,636.0,642.4500122070312,453317
2023-10-03,DEEPAKNTR,2091.0,2131.0,2091.0,2119.5,160340
2023-10-04,DEEPAKNTR,2119.5,2121.35009765625,2066.0,2090.199951171875,188937
2023-10-05,DEEPAKNTR,2090.25,2119.0,2090.25,2103.800048828125,131245
2023-10-06,DEEPAKNTR,2103.800048828125,2129.35009765625,2100.199951171875,2108.5,155897
2023-10-09,DEEPAKNTR,2070.0,2093.39990234375,2064.25,2068.949951171875,422727
2023-10-10,DEEPAKNTR,2064.0,2093.949951171875,2060.0,2065.5,518036
2023-10-11,DEEPAKNTR,2085.0,2125.0,2085.0,2093.699951171875,677149
2023-10-12,DEEPAKNTR,2098.949951171875,2111.949951171875,2077.89990234375,2087.699951171875,194627
2023-10-13,DEEPAKNTR,2079.949951171875,2093.449951171875,2062.64990234375,2083.35009765625,222918
2023-10-16,DEEPAKNTR,2081.0,2121.0,2075.699951171875,2111.10009765625,282380
2023-10-17,DEEPAKNTR,2130.39990234375,2167.85009765625,2113.199951171875,2125.39990234375,478314
2023-10-18,DEEPAKNTR,2124.0,2132.85009765625,2088.25,2105.60009765625,205438
2023-10-19,DEEPAKNTR,2080.0,2115.89990234375,2073.0,2092.64990234375,137807
2023-10-20,DEEPAKNTR,2092.64990234375,2094.64990234375,2075.0,2084.60009765625,130738
2023-10-23,DEEPAKNTR,2075.0,2090.25,2005.550048828125,2019.1500244140625,364127
2023-10-25,DEEPAKNTR,2022.0,2030.0,1960.449951171875,1979.050048828125,332507
2023-10-26,DEEPAKNTR,1979.0,1979.0,1921.8499755859373,1950.0,266494
2023-10-27,DEEPAKNTR,1960.050048828125,2004.0,1957.1500244140625,1988.0,138814
2023-10-30,DEEPAKNTR,1983.0,1997.949951171875,1970.0,1990.949951171875,145786
2023-10-31,DEEPAKNTR,1990.949951171875,2013.9000244140625,1983.0,1986.75,103168
2023-10-03,DEEPINDS,269.1000061035156,286.0,265.54998779296875,282.8999938964844,673484
2023-10-04,DEEPINDS,285.6499938964844,298.5,281.20001220703125,286.70001220703125,889021
2023-10-05,DEEPINDS,287.1000061035156,297.0,287.1000061035156,293.04998779296875,292479
2023-10-06,DEEPINDS,292.95001220703125,293.0,282.6499938964844,284.79998779296875,134848
2023-10-09,DEEPINDS,276.0,297.70001220703125,259.20001220703125,288.29998779296875,472598
2023-10-10,DEEPINDS,288.04998779296875,294.0,283.04998779296875,287.6000061035156,164517
2023-10-11,DEEPINDS,289.1000061035156,293.20001220703125,281.29998779296875,283.29998779296875,190639
2023-10-12,DEEPINDS,287.0,290.0,282.04998779296875,288.45001220703125,151086
2023-10-13,DEEPINDS,285.0,292.1000061035156,283.79998779296875,285.29998779296875,78612
2023-10-16,DEEPINDS,286.5,291.5,282.8999938964844,288.8500061035156,171666
2023-10-17,DEEPINDS,293.1499938964844,297.95001220703125,287.20001220703125,289.0,124647
2023-10-18,DEEPINDS,290.0,290.6000061035156,282.1000061035156,283.25,97541
2023-10-19,DEEPINDS,282.0,282.0,267.54998779296875,270.5,236997
2023-10-20,DEEPINDS,268.95001220703125,274.70001220703125,259.8500061035156,262.45001220703125,212086
2023-10-23,DEEPINDS,263.70001220703125,272.0,248.75,249.8500061035156,390015
2023-10-25,DEEPINDS,250.75,258.0,241.0500030517578,247.1499938964844,173575
2023-10-26,DEEPINDS,246.0,254.6999969482422,233.6999969482422,252.6000061035156,249050
2023-10-27,DEEPINDS,257.0,267.70001220703125,253.1999969482422,263.3999938964844,115747
2023-10-30,DEEPINDS,263.95001220703125,266.70001220703125,255.8000030517578,258.6499938964844,84212
2023-10-31,DEEPINDS,259.70001220703125,261.70001220703125,252.0,255.9499969482422,99291
2023-10-03,DELHIVERY,415.0,421.9500122070313,410.5499877929688,412.5,689596
2023-10-04,DELHIVERY,411.2000122070313,413.9500122070313,406.2000122070313,410.0,1425429
2023-10-05,DELHIVERY,412.0,416.3999938964844,409.0,410.9500122070313,212462
2023-10-06,DELHIVERY,412.2000122070313,414.8999938964844,409.6499938964844,411.0,280100
2023-10-09,DELHIVERY,408.5499877929688,413.8999938964844,403.0,409.3999938964844,432979
2023-10-10,DELHIVERY,410.9500122070313,435.9500122070313,410.9500122070313,433.6000061035156,1860230
2023-10-11,DELHIVERY,438.9500122070313,449.0,434.1000061035156,439.1000061035156,2836899
2023-10-12,DELHIVERY,442.9500122070313,442.9500122070313,427.1000061035156,428.8500061035156,492509
2023-10-13,DELHIVERY,426.5499877929688,429.8999938964844,423.25,426.2999877929688,585564
2023-10-16,DELHIVERY,422.6499938964844,428.6000061035156,422.6499938964844,425.1000061035156,609677
2023-10-17,DELHIVERY,425.1000061035156,426.6000061035156,424.5,425.2000122070313,386727
2023-10-18,DELHIVERY,425.2000122070313,430.0,421.1000061035156,425.6000061035156,1253119
2023-10-19,DELHIVERY,422.0,431.0,415.0,429.3999938964844,987653
2023-10-20,DELHIVERY,429.3999938964844,434.7000122070313,425.3500061035156,429.2999877929688,481152
2023-10-23,DELHIVERY,426.5499877929688,428.9500122070313,412.6000061035156,415.5,579783
2023-10-25,DELHIVERY,415.0,423.3999938964844,401.5499877929688,420.9500122070313,1358182
2023-10-26,DELHIVERY,419.0,419.0,404.0499877929688,406.4500122070313,595705
2023-10-27,DELHIVERY,407.0,422.8999938964844,407.0,421.1499938964844,394200
2023-10-30,DELHIVERY,419.0,427.9500122070313,416.0,420.1499938964844,557285
2023-10-31,DELHIVERY,422.0,430.5,410.25,413.3500061035156,894090
2023-10-03,DELPHIFX,23.823110580444336,24.31625747680664,23.571882247924805,23.95647621154785,20183
2023-10-04,DELPHIFX,23.89754676818848,23.89754676818848,23.07563209533692,23.23381233215332,48765
2023-10-05,DELPHIFX,24.027812957763672,24.027812957763672,23.140766143798828,23.29274177551269,11655
2023-10-06,DELPHIFX,23.14696884155273,23.776586532592773,23.01670265197754,23.27103042602539,21134
2023-10-09,DELPHIFX,22.39328956604004,23.41060256958008,22.26922607421875,22.45842170715332,47008
2023-10-10,DELPHIFX,23.42300796508789,23.432313919067383,22.52975845336914,22.697242736816406,46831
2023-10-11,DELPHIFX,23.41060256958008,23.41060256958008,22.54836654663086,22.594890594482425,25632
2023-10-12,DELPHIFX,23.24001693725586,23.24001693725586,22.52045249938965,22.64761734008789,21682
2023-10-13,DELPHIFX,22.228906631469727,24.03401565551757,22.228906631469727,23.230710983276367,65450
2023-10-16,DELPHIFX,23.199695587158203,23.44161605834961,22.84611701965332,23.171781539916992,18184
2023-10-17,DELPHIFX,22.95467185974121,23.444719314575195,22.95157051086425,23.078733444213867,14121
2023-10-18,DELPHIFX,23.49434471130371,23.49744415283203,22.58868789672852,22.7902889251709,11977
2023-10-19,DELPHIFX,22.594890594482425,23.578086853027344,22.582483291625977,22.76547622680664,71286
2023-10-20,DELPHIFX,23.24621963500977,23.24931907653809,22.641414642333984,22.85542106628418,5336
2023-10-23,DELPHIFX,22.55767250061035,22.76547622680664,21.7481632232666,21.89083480834961,13638
2023-10-25,DELPHIFX,21.09063148498535,22.703445434570312,21.09063148498535,21.875328063964844,16862
2023-10-26,DELPHIFX,20.96656990051269,20.96656990051269,19.688724517822266,20.08882713317871,145668
2023-10-27,DELPHIFX,20.8301010131836,21.09063148498535,20.28732681274414,20.994483947753903,57148
2023-10-30,DELPHIFX,21.24260902404785,21.24260902404785,20.96967124938965,21.028600692749023,5755
2023-10-31,DELPHIFX,20.74946022033692,21.63960838317871,20.71844482421875,21.009990692138672,21053
2023-10-03,DELTACORP,142.10000610351562,145.4499969482422,136.60000610351562,136.85000610351562,10709348
2023-10-04,DELTACORP,137.1999969482422,138.8000030517578,133.64999389648438,135.8000030517578,9510669
2023-10-05,DELTACORP,137.5,138.39999389648438,135.8000030517578,136.64999389648438,4902321
2023-10-06,DELTACORP,136.8000030517578,138.1999969482422,136.8000030517578,137.75,2467717
2023-10-09,DELTACORP,137.75,144.85000610351562,135.64999389648438,141.64999389648438,13298995
2023-10-10,DELTACORP,141.8000030517578,143.5500030517578,141.5,142.1999969482422,2718079
2023-10-11,DELTACORP,144.0500030517578,145.0,142.0500030517578,142.9499969482422,3398102
2023-10-12,DELTACORP,144.0,149.0,140.6999969482422,141.1999969482422,15626694
2023-10-13,DELTACORP,140.89999389648438,141.89999389648438,138.85000610351562,140.0,3500610
2023-10-16,DELTACORP,133.39999389648438,133.39999389648438,122.5999984741211,128.0,29354958
2023-10-17,DELTACORP,128.0500030517578,131.39999389648438,128.0500030517578,130.35000610351562,7743729
2023-10-18,DELTACORP,131.0,131.6999969482422,128.5,129.64999389648438,3958075
2023-10-19,DELTACORP,128.5500030517578,129.5500030517578,125.9499969482422,127.5999984741211,2501997
2023-10-20,DELTACORP,127.0,130.3000030517578,127.0,129.8000030517578,3197808
2023-10-23,DELTACORP,131.89999389648438,135.35000610351562,128.3000030517578,130.0,17954017
2023-10-25,DELTACORP,138.0500030517578,140.64999389648438,131.0,134.8000030517578,20989563
2023-10-26,DELTACORP,134.0,134.0,126.4000015258789,127.4499969482422,7557993
2023-10-27,DELTACORP,129.39999389648438,132.0,125.4499969482422,131.10000610351562,11437354
2023-10-30,DELTACORP,132.0500030517578,132.14999389648438,128.0,128.39999389648438,7424234
2023-10-31,DELTACORP,128.9499969482422,129.60000610351562,126.5999984741211,127.8499984741211,2835347
2023-10-03,DELTAMAGNT,89.4000015258789,89.4000015258789,85.55000305175781,87.80000305175781,9428
2023-10-04,DELTAMAGNT,88.8499984741211,89.80000305175781,86.0,88.05000305175781,7430
2023-10-05,DELTAMAGNT,89.4000015258789,89.75,85.05000305175781,87.25,8198
2023-10-06,DELTAMAGNT,87.0999984741211,88.75,86.25,87.80000305175781,3694
2023-10-09,DELTAMAGNT,86.5,88.44999694824219,83.5,84.0999984741211,8484
2023-10-10,DELTAMAGNT,84.75,86.0,83.05000305175781,84.55000305175781,7048
2023-10-11,DELTAMAGNT,86.0,88.75,85.05000305175781,87.25,12512
2023-10-12,DELTAMAGNT,87.25,90.5500030517578,87.25,87.5,4728
2023-10-13,DELTAMAGNT,87.5,89.44999694824219,87.0,87.19999694824219,2208
2023-10-16,DELTAMAGNT,86.5,88.5,85.1500015258789,86.30000305175781,3459
2023-10-17,DELTAMAGNT,86.9000015258789,89.69999694824219,86.1500015258789,86.25,5364
2023-10-18,DELTAMAGNT,90.4000015258789,90.4000015258789,85.5,87.4000015258789,6927
2023-10-19,DELTAMAGNT,89.1500015258789,89.1500015258789,86.0999984741211,86.5,6603
2023-10-20,DELTAMAGNT,88.3499984741211,88.69999694824219,86.05000305175781,86.30000305175781,3370
2023-10-23,DELTAMAGNT,86.30000305175781,87.0,84.25,86.75,1494
2023-10-25,DELTAMAGNT,85.0,85.0,82.44999694824219,82.44999694824219,6157
2023-10-26,DELTAMAGNT,82.44999694824219,83.75,78.3499984741211,81.44999694824219,9019
2023-10-27,DELTAMAGNT,81.44999694824219,85.0,80.25,84.9000015258789,3930
2023-10-30,DELTAMAGNT,85.0,87.44999694824219,80.69999694824219,81.9000015258789,6452
2023-10-31,DELTAMAGNT,81.94999694824219,85.4000015258789,81.80000305175781,84.69999694824219,2607
2023-10-03,DEN,50.400001525878906,53.5,50.400001525878906,53.20000076293945,8931799
2023-10-04,DEN,52.95000076293945,54.900001525878906,51.59999847412109,52.900001525878906,12615551
2023-10-05,DEN,53.34999847412109,55.34999847412109,53.150001525878906,54.150001525878906,8784662
2023-10-06,DEN,54.20000076293945,54.5,52.150001525878906,52.54999923706055,4793677
2023-10-09,DEN,50.900001525878906,51.5,49.900001525878906,50.150001525878906,4458358
2023-10-10,DEN,50.59999847412109,51.650001525878906,50.20000076293945,50.5,2723584
2023-10-11,DEN,51.0,51.84999847412109,50.70000076293945,51.0,2955333
2023-10-12,DEN,51.09999847412109,54.900001525878906,51.04999923706055,54.150001525878906,12422220
2023-10-13,DEN,54.09999847412109,54.25,52.25,52.54999923706055,4150552
2023-10-16,DEN,52.0,53.59999847412109,50.75,51.29999923706055,3977006
2023-10-17,DEN,51.79999923706055,52.34999847412109,50.34999847412109,50.54999923706055,3019399
2023-10-18,DEN,50.84999847412109,51.25,48.20000076293945,48.45000076293945,4076080
2023-10-19,DEN,48.400001525878906,50.59999847412109,48.34999847412109,50.04999923706055,5676617
2023-10-20,DEN,50.150001525878906,51.09999847412109,49.20000076293945,49.70000076293945,3776410
2023-10-23,DEN,49.84999847412109,50.09999847412109,45.0,45.29999923706055,4781024
2023-10-25,DEN,45.59999847412109,46.650001525878906,43.400001525878906,44.34999847412109,3753496
2023-10-26,DEN,44.25,45.34999847412109,42.45000076293945,44.84999847412109,3193466
2023-10-27,DEN,45.29999923706055,46.84999847412109,45.25,45.54999923706055,3620822
2023-10-30,DEN,45.79999923706055,46.5,44.59999847412109,46.34999847412109,1222970
2023-10-31,DEN,46.45000076293945,47.59999847412109,46.09999847412109,46.45000076293945,2736822
2023-10-03,DENORA,1495.050048828125,1582.0,1495.050048828125,1574.4000244140625,11331
2023-10-04,DENORA,1574.4000244140625,1575.3499755859375,1537.9000244140625,1555.25,4987
2023-10-05,DENORA,1568.0,1585.0,1543.4000244140625,1554.3499755859375,8631
2023-10-06,DENORA,1564.699951171875,1574.25,1523.199951171875,1535.0999755859375,8138
2023-10-09,DENORA,1510.0,1560.0,1460.050048828125,1486.0,24519
2023-10-10,DENORA,1491.949951171875,1529.9000244140625,1476.0,1488.800048828125,10225
2023-10-11,DENORA,1496.9000244140625,1515.949951171875,1480.0,1486.0,9146
2023-10-12,DENORA,1500.699951171875,1545.949951171875,1479.0,1486.199951171875,12852
2023-10-13,DENORA,1485.949951171875,1500.0,1465.550048828125,1479.8499755859375,6053
2023-10-16,DENORA,1483.949951171875,1499.949951171875,1462.050048828125,1466.949951171875,9867
2023-10-17,DENORA,1471.9000244140625,1491.699951171875,1456.3499755859375,1461.0,11053
2023-10-18,DENORA,1468.300048828125,1600.0,1456.550048828125,1526.050048828125,64108
2023-10-19,DENORA,1526.050048828125,1674.199951171875,1525.050048828125,1647.300048828125,86892
2023-10-20,DENORA,1640.4000244140625,1709.5999755859375,1605.199951171875,1623.8499755859375,36523
2023-10-23,DENORA,1635.0,1635.0,1482.699951171875,1505.5999755859375,23338
2023-10-25,DENORA,1534.25,1544.949951171875,1475.0,1500.0999755859375,19100
2023-10-26,DENORA,1491.0999755859375,1499.800048828125,1430.0,1463.800048828125,20046
2023-10-27,DENORA,1475.0999755859375,1525.0,1457.5,1515.0999755859375,13720
2023-10-30,DENORA,1515.199951171875,1594.0,1489.6500244140625,1551.5999755859375,15837
2023-10-31,DENORA,1737.699951171875,1844.9000244140625,1680.0,1766.4000244140625,496141
2023-10-03,DEVIT,55.20000076293945,55.5,52.31999969482422,55.220001220703125,55527
2023-10-04,DEVIT,55.59999847412109,55.59999847412109,53.220001220703125,54.2599983215332,41040
2023-10-05,DEVIT,54.79999923706055,55.540000915527344,52.93999862670898,53.31999969482422,73462
2023-10-06,DEVIT,54.380001068115234,54.52000045776367,52.81999969482422,53.2400016784668,31057
2023-10-09,DEVIT,52.02000045776367,54.59999847412109,52.02000045776367,53.52000045776367,50840
2023-10-10,DEVIT,54.29999923706055,54.29999923706055,52.880001068115234,53.36000061035156,35907
2023-10-11,DEVIT,54.0,54.2400016784668,53.29999923706055,53.86000061035156,62975
2023-10-12,DEVIT,54.400001525878906,55.959999084472656,53.43999862670898,54.29999923706055,320090
2023-10-13,DEVIT,55.0,59.720001220703125,54.560001373291016,58.34000015258789,605602
2023-10-16,DEVIT,59.18000030517578,59.91999816894531,57.400001525878906,57.81999969482422,275895
2023-10-17,DEVIT,58.27999877929688,59.09999847412109,57.41999816894531,57.959999084472656,52420
2023-10-18,DEVIT,58.220001220703125,58.400001525878906,56.93999862670898,57.540000915527344,90112
2023-10-19,DEVIT,56.900001525878906,58.34000015258789,56.41999816894531,56.79999923706055,93425
2023-10-20,DEVIT,57.18000030517578,57.79999923706055,55.2400016784668,55.93999862670898,64652
2023-10-23,DEVIT,56.08000183105469,56.08000183105469,53.59999847412109,53.86000061035156,79865
2023-10-25,DEVIT,53.43999862670898,54.400001525878906,52.79999923706055,53.060001373291016,75307
2023-10-26,DEVIT,53.02000045776367,55.58000183105469,51.220001220703125,55.220001220703125,188642
2023-10-27,DEVIT,55.59999847412109,57.540000915527344,55.040000915527344,55.540000915527344,89095
2023-10-30,DEVIT,56.70000076293945,56.70000076293945,54.400001525878906,54.619998931884766,41802
2023-10-31,DEVIT,54.70000076293945,54.70000076293945,53.59999847412109,53.84000015258789,41557
2023-10-03,DEVYANI,220.0,223.0,212.3000030517578,218.75,3134111
2023-10-04,DEVYANI,216.0500030517578,220.6499938964844,214.1000061035156,217.1000061035156,1683855
2023-10-05,DEVYANI,219.1000061035156,222.1999969482422,217.5500030517578,218.6999969482422,1356679
2023-10-06,DEVYANI,219.3999938964844,223.0,219.1499938964844,222.0,1035876
2023-10-09,DEVYANI,220.0,220.5,214.1000061035156,216.8000030517578,2154891
2023-10-10,DEVYANI,216.8999938964844,220.0,216.8000030517578,217.75,395790
2023-10-11,DEVYANI,219.9499969482422,220.0,214.5500030517578,215.6999969482422,540247
2023-10-12,DEVYANI,216.3999938964844,218.6999969482422,212.5500030517578,213.5,1315778
2023-10-13,DEVYANI,213.3000030517578,213.3500061035156,210.25,210.8500061035156,673242
2023-10-16,DEVYANI,210.8500061035156,213.0,210.3999938964844,211.25,390941
2023-10-17,DEVYANI,212.1000061035156,213.8999938964844,208.1999969482422,209.3000030517578,716199
2023-10-18,DEVYANI,210.8999938964844,210.8999938964844,202.1499938964844,203.8500061035156,1096354
2023-10-19,DEVYANI,203.8500061035156,203.8500061035156,197.5,198.4499969482422,1622119
2023-10-20,DEVYANI,199.3000030517578,199.3500061035156,192.0,195.5500030517578,2272865
2023-10-23,DEVYANI,197.8999938964844,200.0,188.0,189.3000030517578,2120849
2023-10-25,DEVYANI,193.1000061035156,193.8999938964844,189.0,190.5500030517578,1979018
2023-10-26,DEVYANI,190.5500030517578,190.6000061035156,180.6999969482422,184.0500030517578,3162763
2023-10-27,DEVYANI,187.3500061035156,189.8000030517578,184.1499938964844,188.0500030517578,2101903
2023-10-30,DEVYANI,187.25,188.4499969482422,182.0500030517578,182.8999938964844,2279441
2023-10-31,DEVYANI,183.75,184.6499938964844,178.8000030517578,179.8000030517578,1494110
2023-10-03,DGCONTENT,21.25,21.25,20.100000381469727,20.450000762939453,22632
2023-10-04,DGCONTENT,20.75,20.89999961853028,19.799999237060547,20.450000762939453,9478
2023-10-05,DGCONTENT,20.350000381469727,20.39999961853028,19.600000381469727,20.25,4645
2023-10-06,DGCONTENT,20.299999237060547,20.5,19.600000381469727,20.299999237060547,7376
2023-10-09,DGCONTENT,20.700000762939453,20.700000762939453,19.600000381469727,19.75,7584
2023-10-10,DGCONTENT,19.64999961853028,20.100000381469727,19.64999961853028,19.89999961853028,9699
2023-10-11,DGCONTENT,20.39999961853028,20.5,19.700000762939453,19.89999961853028,7169
2023-10-12,DGCONTENT,19.75,20.299999237060547,19.600000381469727,20.100000381469727,31064
2023-10-13,DGCONTENT,19.350000381469727,20.200000762939453,19.350000381469727,20.100000381469727,4434
2023-10-16,DGCONTENT,20.700000762939453,21.0,19.25,20.14999961853028,57957
2023-10-17,DGCONTENT,20.450000762939453,21.0,20.0,20.850000381469727,16388
2023-10-18,DGCONTENT,21.100000381469727,21.39999961853028,20.450000762939453,20.799999237060547,34105
2023-10-19,DGCONTENT,20.350000381469727,21.100000381469727,20.350000381469727,20.89999961853028,7987
2023-10-20,DGCONTENT,20.850000381469727,21.799999237060547,20.799999237060547,21.549999237060547,41153
2023-10-23,DGCONTENT,21.200000762939453,21.549999237060547,20.5,20.5,32350
2023-10-25,DGCONTENT,20.0,20.89999961853028,19.5,19.549999237060547,6587
2023-10-26,DGCONTENT,19.5,19.89999961853028,19.049999237060547,19.450000762939453,5450
2023-10-27,DGCONTENT,19.200000762939453,20.39999961853028,19.200000762939453,20.100000381469727,8642
2023-10-30,DGCONTENT,20.299999237060547,20.299999237060547,19.450000762939453,19.549999237060547,4189
2023-10-31,DGCONTENT,19.5,20.39999961853028,19.39999961853028,20.299999237060547,11202
2023-10-03,DHAMPURSUG,305.0,308.45001220703125,300.0,301.1000061035156,286578
2023-10-04,DHAMPURSUG,301.45001220703125,307.95001220703125,291.8999938964844,297.75,749142
2023-10-05,DHAMPURSUG,299.3999938964844,303.6000061035156,298.54998779296875,300.54998779296875,218727
2023-10-06,DHAMPURSUG,301.3500061035156,303.95001220703125,297.8500061035156,301.8999938964844,305846
2023-10-09,DHAMPURSUG,302.6499938964844,305.70001220703125,292.54998779296875,294.04998779296875,429460
2023-10-10,DHAMPURSUG,295.5,299.0,293.1000061035156,297.6499938964844,219599
2023-10-11,DHAMPURSUG,299.45001220703125,301.45001220703125,291.25,291.8999938964844,303566
2023-10-12,DHAMPURSUG,293.0,297.0,290.8500061035156,293.8500061035156,335905
2023-10-13,DHAMPURSUG,289.45001220703125,294.3500061035156,289.45001220703125,290.70001220703125,259396
2023-10-16,DHAMPURSUG,291.5,300.0,291.0,293.3500061035156,377899
2023-10-17,DHAMPURSUG,294.0,297.75,291.95001220703125,293.20001220703125,257905
2023-10-18,DHAMPURSUG,293.8999938964844,305.75,292.0,293.1000061035156,969460
2023-10-19,DHAMPURSUG,293.8999938964844,296.3999938964844,289.6000061035156,294.70001220703125,353063
2023-10-20,DHAMPURSUG,294.0,297.45001220703125,285.0,287.6499938964844,449678
2023-10-23,DHAMPURSUG,288.0,288.3500061035156,256.04998779296875,260.8500061035156,1131884
2023-10-25,DHAMPURSUG,264.0,274.70001220703125,257.79998779296875,264.04998779296875,963781
2023-10-26,DHAMPURSUG,263.0,263.95001220703125,248.8999938964844,260.45001220703125,811554
2023-10-27,DHAMPURSUG,262.45001220703125,268.8999938964844,262.1499938964844,267.0,498055
2023-10-30,DHAMPURSUG,268.0,277.8999938964844,264.1000061035156,269.45001220703125,736615
2023-10-31,DHAMPURSUG,271.0,272.0,262.8999938964844,265.1499938964844,292298
2023-10-03,DHANBANK,29.25,32.95000076293945,29.14999961853028,32.20000076293945,22048442
2023-10-04,DHANBANK,32.25,34.099998474121094,32.20000076293945,32.79999923706055,25667790
2023-10-05,DHANBANK,33.25,33.400001525878906,31.700000762939453,32.25,11910496
2023-10-06,DHANBANK,32.349998474121094,32.79999923706055,31.39999961853028,31.850000381469727,6377862
2023-10-09,DHANBANK,31.0,31.0,29.299999237060547,29.64999961853028,5137103
2023-10-10,DHANBANK,29.89999961853028,30.950000762939453,29.89999961853028,30.39999961853028,2414025
2023-10-11,DHANBANK,30.700000762939453,31.0,29.89999961853028,30.0,1725767
2023-10-12,DHANBANK,30.299999237060547,30.5,29.75,29.799999237060547,1504256
2023-10-13,DHANBANK,29.25,29.799999237060547,29.0,29.350000381469727,2366974
2023-10-16,DHANBANK,29.450000762939453,30.100000381469727,29.299999237060547,29.39999961853028,1525186
2023-10-17,DHANBANK,29.700000762939453,30.049999237060547,29.39999961853028,29.549999237060547,1644586
2023-10-18,DHANBANK,29.75,29.89999961853028,28.350000381469727,28.75,3643588
2023-10-19,DHANBANK,28.5,30.14999961853028,28.450000762939453,29.75,1986797
2023-10-20,DHANBANK,30.0,30.700000762939453,29.14999961853028,29.700000762939453,2828077
2023-10-23,DHANBANK,29.700000762939453,30.0,26.25,27.200000762939453,3256545
2023-10-25,DHANBANK,27.200000762939453,29.450000762939453,27.200000762939453,27.950000762939453,3904778
2023-10-26,DHANBANK,27.89999961853028,29.5,26.5,29.14999961853028,3622987
2023-10-27,DHANBANK,29.5,30.049999237060547,29.0,29.200000762939453,2143269
2023-10-30,DHANBANK,29.299999237060547,29.600000381469727,28.549999237060547,28.700000762939453,1202607
2023-10-31,DHANBANK,29.0,29.5,28.549999237060547,28.700000762939453,1304587
2023-10-03,DHANUKA,842.4000244140625,879.0,826.0999755859375,855.8499755859375,35020
2023-10-04,DHANUKA,855.9000244140625,855.9500122070312,835.6500244140625,846.25,36170
2023-10-05,DHANUKA,848.0,856.5999755859375,836.5499877929688,841.9000244140625,29637
2023-10-06,DHANUKA,846.1500244140625,855.5,836.0,842.9500122070312,35432
2023-10-09,DHANUKA,820.0,843.9000244140625,811.5999755859375,840.5999755859375,52355
2023-10-10,DHANUKA,846.0,850.7000122070312,835.1500244140625,844.8499755859375,37155
2023-10-11,DHANUKA,853.0,853.9500122070312,837.1500244140625,844.6500244140625,25075
2023-10-12,DHANUKA,847.9500122070312,848.9000244140625,834.2000122070312,837.5,18198
2023-10-13,DHANUKA,835.0,850.7999877929688,832.0999755859375,839.25,37844
2023-10-16,DHANUKA,834.0,841.4500122070312,823.25,836.3499755859375,38095
2023-10-17,DHANUKA,841.4500122070312,844.2000122070312,834.0,839.4000244140625,23516
2023-10-18,DHANUKA,839.4000244140625,845.7999877929688,832.4500122070312,837.7999877929688,10531
2023-10-19,DHANUKA,842.0,854.0499877929688,831.1500244140625,839.4000244140625,46954
2023-10-20,DHANUKA,839.0,843.5999755859375,835.25,838.6500244140625,15103
2023-10-23,DHANUKA,831.0,842.4500122070312,798.9500122070312,819.9000244140625,68178
2023-10-25,DHANUKA,802.0,824.0,802.0,814.1500244140625,36562
2023-10-26,DHANUKA,814.0,818.2000122070312,786.0,812.5499877929688,29947
2023-10-27,DHANUKA,816.6500244140625,820.0499877929688,799.0499877929688,815.5,39892
2023-10-30,DHANUKA,803.5,814.9000244140625,801.9500122070312,811.9500122070312,19227
2023-10-31,DHANUKA,811.9500122070312,818.5,785.9500122070312,795.5,33173
2023-10-03,DHARAN,2.5,2.5,2.5,2.5,305967
2023-10-04,DHARAN,2.5,2.5,2.5,2.5,454875
2023-10-05,DHARAN,2.5,2.5,2.5,2.5,364418
2023-10-06,DHARAN,2.5,2.5,2.450000047683716,2.5,395362
2023-10-09,DHARAN,2.5999999046325684,2.5999999046325684,2.549999952316284,2.5999999046325684,1349028
2023-10-10,DHARAN,2.700000047683716,2.700000047683716,2.650000095367432,2.700000047683716,1595588
2023-10-11,DHARAN,2.75,2.75,2.5999999046325684,2.5999999046325684,1728418
2023-10-12,DHARAN,2.650000095367432,2.700000047683716,2.549999952316284,2.5999999046325684,967551
2023-10-13,DHARAN,2.650000095367432,2.650000095367432,2.549999952316284,2.5999999046325684,1333310
2023-10-16,DHARAN,2.650000095367432,2.650000095367432,2.549999952316284,2.5999999046325684,1043921
2023-10-17,DHARAN,2.650000095367432,2.700000047683716,2.5999999046325684,2.5999999046325684,638311
2023-10-18,DHARAN,2.650000095367432,2.650000095367432,2.549999952316284,2.5999999046325684,1062849
2023-10-19,DHARAN,2.650000095367432,2.650000095367432,2.549999952316284,2.5999999046325684,1261231
2023-10-20,DHARAN,2.5999999046325684,2.650000095367432,2.5999999046325684,2.5999999046325684,927115
2023-10-23,DHARAN,2.650000095367432,2.700000047683716,2.5,2.5,2117308
2023-10-25,DHARAN,2.549999952316284,2.5999999046325684,2.450000047683716,2.450000047683716,3232592
2023-10-26,DHARAN,2.5,2.5,2.3499999046325684,2.400000095367432,4104538
2023-10-27,DHARAN,2.450000047683716,2.5,2.3499999046325684,2.5,2449966
2023-10-30,DHARAN,2.5,2.5,2.400000095367432,2.450000047683716,4268086
2023-10-31,DHARAN,2.400000095367432,2.549999952316284,2.3499999046325684,2.549999952316284,7260833
2023-10-03,DHARMAJ,210.5,211.8999938964844,206.1000061035156,207.8500061035156,110906
2023-10-04,DHARMAJ,207.5,211.4499969482422,205.8999938964844,207.3999938964844,84341
2023-10-05,DHARMAJ,208.9499969482422,211.4499969482422,208.8999938964844,210.6000061035156,56910
2023-10-06,DHARMAJ,210.8999938964844,233.0,209.1999969482422,229.4499969482422,894878
2023-10-09,DHARMAJ,230.8999938964844,238.3999938964844,225.0500030517578,232.8000030517578,901802
2023-10-10,DHARMAJ,239.0,239.0,231.5,237.3500061035156,361260
2023-10-11,DHARMAJ,239.4499969482422,240.6999969482422,234.8000030517578,236.3000030517578,254118
2023-10-12,DHARMAJ,239.3999938964844,239.9499969482422,233.9499969482422,234.75,147859
2023-10-13,DHARMAJ,233.0,241.0,231.0,237.3500061035156,223423
2023-10-16,DHARMAJ,238.5,245.0,237.3500061035156,240.8500061035156,334422
2023-10-17,DHARMAJ,242.0,252.6499938964844,237.0,244.5500030517578,500111
2023-10-18,DHARMAJ,244.5500030517578,255.6999969482422,242.6999969482422,244.6000061035156,436476
2023-10-19,DHARMAJ,242.0,254.8999938964844,241.5500030517578,252.3500061035156,415166
2023-10-20,DHARMAJ,250.0,257.5,246.4499969482422,255.0,427051
2023-10-23,DHARMAJ,255.0,261.0,237.5500030517578,240.5,437915
2023-10-25,DHARMAJ,242.0,246.0,232.25,239.9499969482422,191466
2023-10-26,DHARMAJ,236.9499969482422,244.6499938964844,225.3500061035156,242.25,177972
2023-10-27,DHARMAJ,253.9499969482422,263.79998779296875,250.6499938964844,257.1000061035156,990529
2023-10-30,DHARMAJ,258.6499938964844,265.0,252.25,261.70001220703125,209780
2023-10-31,DHARMAJ,263.5,265.5,255.0,255.8999938964844,145576
2023-10-03,DHRUV,59.45000076293945,61.79999923706055,58.900001525878906,60.20000076293945,52270
2023-10-04,DHRUV,60.45000076293945,61.650001525878906,58.650001525878906,58.79999923706055,21019
2023-10-05,DHRUV,60.0,61.0,58.5,59.75,50982
2023-10-06,DHRUV,59.900001525878906,60.20000076293945,59.09999847412109,59.25,26669
2023-10-09,DHRUV,58.900001525878906,58.900001525878906,57.0,58.25,38127
2023-10-10,DHRUV,58.20000076293945,60.5,57.84999847412109,59.54999923706055,42775
2023-10-11,DHRUV,59.09999847412109,60.900001525878906,59.04999923706055,59.84999847412109,29047
2023-10-12,DHRUV,60.0,60.75,58.70000076293945,59.150001525878906,36004
2023-10-13,DHRUV,60.29999923706055,60.29999923706055,58.70000076293945,59.75,9743
2023-10-16,DHRUV,59.75,60.400001525878906,58.34999847412109,59.34999847412109,42457
2023-10-17,DHRUV,59.400001525878906,60.400001525878906,59.09999847412109,59.29999923706055,15211
2023-10-18,DHRUV,59.29999923706055,60.59999847412109,58.34999847412109,60.0,63037
2023-10-19,DHRUV,59.20000076293945,62.70000076293945,59.20000076293945,61.09999847412109,82900
2023-10-20,DHRUV,62.79999923706055,66.5,62.0,64.0999984741211,252620
2023-10-23,DHRUV,65.80000305175781,65.80000305175781,59.20000076293945,60.75,90964
2023-10-25,DHRUV,62.54999923706055,64.4000015258789,58.0,58.54999923706055,208177
2023-10-26,DHRUV,58.5,59.79999923706055,56.29999923706055,58.5,90620
2023-10-27,DHRUV,59.45000076293945,59.59999847412109,57.5,58.25,34249
2023-10-30,DHRUV,58.0,61.70000076293945,57.70000076293945,61.0,22709
2023-10-31,DHRUV,61.95000076293945,62.75,59.29999923706055,60.75,48299
2023-10-03,DHUNINV,757.9000244140625,771.9000244140625,750.0499877929688,767.75,3102
2023-10-04,DHUNINV,760.25,772.0,759.7000122070312,761.2000122070312,2001
2023-10-05,DHUNINV,760.1500244140625,778.0,756.1500244140625,768.0499877929688,1891
2023-10-06,DHUNINV,768.2999877929688,777.3499755859375,760.0,769.4500122070312,2568
2023-10-09,DHUNINV,755.2999877929688,764.5499877929688,738.0,741.0,2265
2023-10-10,DHUNINV,751.1500244140625,754.4500122070312,746.2000122070312,751.9000244140625,354
2023-10-11,DHUNINV,751.0,767.0,751.0,758.5,1135
2023-10-12,DHUNINV,760.0,768.9500122070312,740.0,752.4000244140625,1125
2023-10-13,DHUNINV,769.9500122070312,769.9500122070312,745.0,747.4500122070312,776
2023-10-16,DHUNINV,750.0,839.9500122070312,750.0,819.7999877929688,21227
2023-10-17,DHUNINV,840.0,860.0,823.0499877929688,845.0999755859375,17892
2023-10-18,DHUNINV,845.0999755859375,898.8499755859375,826.5499877929688,852.1500244140625,19170
2023-10-19,DHUNINV,859.7000122070312,859.7000122070312,832.3499755859375,837.75,4179
2023-10-20,DHUNINV,826.3499755859375,1005.2999877929688,826.3499755859375,1005.2999877929688,111106
2023-10-23,DHUNINV,1020.0,1023.5499877929688,871.8499755859375,883.4500122070312,48623
2023-10-25,DHUNINV,889.9500122070312,924.7000122070312,874.0,902.4000244140624,9922
2023-10-26,DHUNINV,882.4500122070312,892.4000244140625,824.0,856.0999755859375,7499
2023-10-27,DHUNINV,886.0499877929688,934.7999877929688,871.1500244140625,918.9500122070312,7407
2023-10-30,DHUNINV,934.0,934.0,894.5,915.7999877929688,3884
2023-10-31,DHUNINV,920.0,926.9500122070312,890.0499877929688,896.9000244140625,2023
2023-10-03,DIACABS,3.5899999141693115,3.5899999141693115,3.5899999141693115,3.5899999141693115,470
2023-10-04,DIACABS,3.944999933242798,3.944999933242798,3.944999933242798,3.944999933242798,860
2023-10-05,DIACABS,4.335000038146973,4.335000038146973,4.335000038146973,4.335000038146973,470
2023-10-06,DIACABS,4.550000190734863,4.550000190734863,4.550000190734863,4.550000190734863,850
2023-10-09,DIACABS,4.775000095367432,4.775000095367432,4.775000095367432,4.775000095367432,970
2023-10-10,DIACABS,5.010000228881836,5.010000228881836,5.010000228881836,5.010000228881836,3460
2023-10-11,DIACABS,5.260000228881836,5.260000228881836,5.260000228881836,5.260000228881836,110
2023-10-12,DIACABS,5.519999980926514,5.519999980926514,5.519999980926514,5.519999980926514,150
2023-10-13,DIACABS,5.795000076293945,5.795000076293945,5.795000076293945,5.795000076293945,1150
2023-10-16,DIACABS,5.909999847412109,5.909999847412109,5.909999847412109,5.909999847412109,1800
2023-10-17,DIACABS,6.025000095367432,6.025000095367432,6.025000095367432,6.025000095367432,450
2023-10-18,DIACABS,6.144999980926514,6.144999980926514,6.144999980926514,6.144999980926514,520
2023-10-19,DIACABS,6.264999866485596,6.264999866485596,6.264999866485596,6.264999866485596,390
2023-10-20,DIACABS,6.389999866485596,6.389999866485596,6.389999866485596,6.389999866485596,120
2023-10-23,DIACABS,6.514999866485596,6.514999866485596,6.514999866485596,6.514999866485596,2830
2023-10-25,DIACABS,6.644999980926514,6.644999980926514,6.644999980926514,6.644999980926514,2620
2023-10-26,DIACABS,6.775000095367432,6.775000095367432,6.775000095367432,6.775000095367432,80
2023-10-27,DIACABS,6.909999847412109,6.909999847412109,6.909999847412109,6.909999847412109,1250
2023-10-30,DIACABS,7.045000076293945,7.045000076293945,7.045000076293945,7.045000076293945,1700
2023-10-31,DIACABS,7.184999942779541,7.184999942779541,7.184999942779541,7.184999942779541,2560
2023-10-03,DIAMINESQ,531.9000244140625,540.0,527.0,529.7999877929688,5880
2023-10-04,DIAMINESQ,518.0999755859375,539.0,518.0999755859375,526.3499755859375,7405
2023-10-05,DIAMINESQ,539.0,539.0,520.0,526.0499877929688,5016
2023-10-06,DIAMINESQ,530.5,535.0,526.0999755859375,532.4000244140625,5217
2023-10-09,DIAMINESQ,515.0,525.2999877929688,509.2999877929688,515.4500122070312,9272
2023-10-10,DIAMINESQ,517.2999877929688,522.0499877929688,514.0999755859375,516.75,4084
2023-10-11,DIAMINESQ,509.3500061035156,533.0,509.3500061035156,522.0,5617
2023-10-12,DIAMINESQ,526.2000122070312,526.7999877929688,515.0,516.75,3059
2023-10-13,DIAMINESQ,521.0999755859375,525.5,501.1000061035156,511.1000061035156,6411
2023-10-16,DIAMINESQ,520.0,524.9500122070312,505.0,519.8499755859375,6369
2023-10-17,DIAMINESQ,526.3499755859375,531.3499755859375,514.5999755859375,526.3499755859375,6833
2023-10-18,DIAMINESQ,533.0,533.9500122070312,515.0,520.0999755859375,4448
2023-10-19,DIAMINESQ,518.9000244140625,528.0,514.7999877929688,519.7000122070312,4233
2023-10-20,DIAMINESQ,524.6500244140625,524.6500244140625,505.2999877929688,511.3999938964844,4235
2023-10-23,DIAMINESQ,510.0,513.4500122070312,481.1000061035156,489.6499938964844,15943
2023-10-25,DIAMINESQ,497.0,498.0,456.1000061035156,474.9500122070313,15818
2023-10-26,DIAMINESQ,474.4500122070313,496.4500122070313,457.0499877929688,486.2000122070313,8112
2023-10-27,DIAMINESQ,494.0,496.5,479.0,482.2000122070313,5285
2023-10-30,DIAMINESQ,490.0,495.1499938964844,478.9500122070313,488.8999938964844,6283
2023-10-31,DIAMINESQ,493.7999877929688,499.7999877929688,487.0499877929688,496.25,2964
2023-10-03,DIAMONDYD,848.0,848.0,834.5999755859375,839.2999877929688,52989
2023-10-04,DIAMONDYD,839.3499755859375,840.7000122070312,826.0,838.75,6970
2023-10-05,DIAMONDYD,833.5,849.5,822.0,831.5,10033
2023-10-06,DIAMONDYD,839.7000122070312,848.5,831.5499877929688,839.0499877929688,6218
2023-10-09,DIAMONDYD,839.0499877929688,857.4500122070312,826.0499877929688,853.6500244140625,33236
2023-10-10,DIAMONDYD,857.0,868.7999877929688,840.25,846.8499755859375,8445
2023-10-11,DIAMONDYD,848.0999755859375,897.7999877929688,848.0999755859375,892.7000122070312,26888
2023-10-12,DIAMONDYD,899.9500122070312,899.9500122070312,874.5499877929688,879.2000122070312,9260
2023-10-13,DIAMONDYD,871.2000122070312,877.7999877929688,866.2999877929688,871.5999755859375,5798
2023-10-16,DIAMONDYD,870.0,882.5999755859375,866.5499877929688,871.75,11992
2023-10-17,DIAMONDYD,879.9500122070312,886.4000244140625,871.75,876.8499755859375,7518
2023-10-18,DIAMONDYD,875.5,879.8499755859375,869.0999755859375,874.5499877929688,4253
2023-10-19,DIAMONDYD,875.0,878.3499755859375,859.0999755859375,873.0,4685
2023-10-20,DIAMONDYD,873.4000244140625,884.0,864.0,868.6500244140625,5205
2023-10-23,DIAMONDYD,877.25,877.25,804.9500122070312,823.25,8390
2023-10-25,DIAMONDYD,831.4500122070312,834.0,811.9500122070312,823.1500244140625,13670
2023-10-26,DIAMONDYD,825.0999755859375,830.7999877929688,788.7999877929688,811.4500122070312,12680
2023-10-27,DIAMONDYD,838.7999877929688,854.9500122070312,811.4500122070312,836.3499755859375,11109
2023-10-30,DIAMONDYD,841.5999755859375,841.5999755859375,823.9500122070312,829.9000244140625,24934
2023-10-31,DIAMONDYD,819.3499755859375,839.2999877929688,815.0,831.5999755859375,29085
2023-10-03,DICIND,445.0,454.2999877929688,433.5,439.1499938964844,1730
2023-10-04,DICIND,439.2000122070313,446.8500061035156,436.6000061035156,441.3500061035156,1532
2023-10-05,DICIND,447.75,451.7999877929688,435.0,437.2000122070313,4805
2023-10-06,DICIND,445.7000122070313,447.9500122070313,427.25,432.0499877929688,3260
2023-10-09,DICIND,432.1499938964844,433.7000122070313,420.3500061035156,428.2999877929688,2710
2023-10-10,DICIND,427.1000061035156,448.0,426.2000122070313,433.25,4465
2023-10-11,DICIND,437.6000061035156,445.0,424.7999877929688,428.6000061035156,2715
2023-10-12,DICIND,430.1000061035156,433.4500122070313,429.0,429.4500122070313,328
2023-10-13,DICIND,440.1499938964844,441.0499877929688,428.0,431.6499938964844,1067
2023-10-16,DICIND,432.0499877929688,442.2999877929688,425.0499877929688,429.9500122070313,2625
2023-10-17,DICIND,432.0499877929688,454.5,430.75,451.3500061035156,3069
2023-10-18,DICIND,449.7999877929688,459.3999938964844,440.0,446.5499877929688,7989
2023-10-19,DICIND,442.6499938964844,454.0,441.5,449.4500122070313,5709
2023-10-20,DICIND,440.0499877929688,454.3999938964844,440.0,450.2999877929688,3179
2023-10-23,DICIND,460.0,460.0,432.0,444.4500122070313,3984
2023-10-25,DICIND,442.0,453.75,434.75,436.3500061035156,1251
2023-10-26,DICIND,428.5,447.25,412.1000061035156,420.25,3235
2023-10-27,DICIND,426.1499938964844,439.6000061035156,418.5,423.1000061035156,1957
2023-10-30,DICIND,420.9500122070313,437.0499877929688,412.2000122070313,423.5499877929688,6178
2023-10-31,DICIND,424.25,447.7999877929688,418.8500061035156,424.75,1912
2023-10-03,DIGISPICE,33.75,35.70000076293945,33.75,35.099998474121094,43035
2023-10-04,DIGISPICE,33.900001525878906,35.099998474121094,33.900001525878906,34.54999923706055,17581
2023-10-05,DIGISPICE,34.900001525878906,35.45000076293945,34.0,34.650001525878906,39753
2023-10-06,DIGISPICE,34.75,35.20000076293945,33.349998474121094,34.099998474121094,34237
2023-10-09,DIGISPICE,33.04999923706055,34.099998474121094,32.650001525878906,32.849998474121094,26356
2023-10-10,DIGISPICE,32.79999923706055,33.70000076293945,32.599998474121094,33.099998474121094,32821
2023-10-11,DIGISPICE,34.0,34.04999923706055,32.599998474121094,32.849998474121094,31629
2023-10-12,DIGISPICE,33.54999923706055,33.54999923706055,31.5,31.700000762939453,125102
2023-10-13,DIGISPICE,31.700000762939453,32.099998474121094,30.64999961853028,31.89999961853028,76894
2023-10-16,DIGISPICE,31.950000762939453,31.950000762939453,30.549999237060547,30.799999237060547,63068
2023-10-17,DIGISPICE,30.89999961853028,31.299999237060547,29.75,30.5,42291
2023-10-18,DIGISPICE,30.450000762939453,30.450000762939453,29.0,29.700000762939453,61436
2023-10-19,DIGISPICE,29.850000381469727,31.14999961853028,29.299999237060547,31.14999961853028,68258
2023-10-20,DIGISPICE,31.450000762939453,31.89999961853028,30.299999237060547,30.64999961853028,76220
2023-10-23,DIGISPICE,30.89999961853028,30.89999961853028,29.14999961853028,29.14999961853028,80985
2023-10-25,DIGISPICE,28.950000762939453,29.700000762939453,27.75,28.950000762939453,79078
2023-10-26,DIGISPICE,28.75,29.350000381469727,27.5,27.75,100222
2023-10-27,DIGISPICE,28.200000762939453,29.0,27.799999237060547,28.350000381469727,30267
2023-10-30,DIGISPICE,28.89999961853028,29.0,27.5,28.25,31749
2023-10-31,DIGISPICE,27.799999237060547,28.850000381469727,27.0,27.350000381469727,79660
2023-10-03,DIGJAMLMTD,87.19999694824219,87.19999694824219,87.19999694824219,87.19999694824219,1403
2023-10-04,DIGJAMLMTD,87.19999694824219,87.19999694824219,87.19999694824219,87.19999694824219,0
2023-10-05,DIGJAMLMTD,87.19999694824219,87.19999694824219,87.19999694824219,87.19999694824219,0
2023-10-06,DIGJAMLMTD,87.19999694824219,87.19999694824219,87.19999694824219,87.19999694824219,0
2023-10-09,DIGJAMLMTD,83.0,83.0,82.8499984741211,82.8499984741211,1304
2023-10-10,DIGJAMLMTD,82.8499984741211,82.8499984741211,82.8499984741211,82.8499984741211,0
2023-10-11,DIGJAMLMTD,82.8499984741211,82.8499984741211,82.8499984741211,82.8499984741211,0
2023-10-12,DIGJAMLMTD,82.8499984741211,82.8499984741211,82.8499984741211,82.8499984741211,0
2023-10-13,DIGJAMLMTD,82.8499984741211,82.8499984741211,82.8499984741211,82.8499984741211,0
2023-10-16,DIGJAMLMTD,78.69999694824219,82.8499984741211,78.69999694824219,79.9000015258789,9661
2023-10-17,DIGJAMLMTD,79.9000015258789,79.9000015258789,79.9000015258789,79.9000015258789,0
2023-10-18,DIGJAMLMTD,79.9000015258789,79.9000015258789,79.9000015258789,79.9000015258789,0
2023-10-19,DIGJAMLMTD,79.9000015258789,79.9000015258789,79.9000015258789,79.9000015258789,0
2023-10-20,DIGJAMLMTD,79.9000015258789,79.9000015258789,79.9000015258789,79.9000015258789,0
2023-10-23,DIGJAMLMTD,75.9000015258789,79.30000305175781,75.9000015258789,75.9000015258789,1409
2023-10-25,DIGJAMLMTD,75.9000015258789,75.9000015258789,75.9000015258789,75.9000015258789,0
2023-10-26,DIGJAMLMTD,75.9000015258789,75.9000015258789,75.9000015258789,75.9000015258789,0
2023-10-27,DIGJAMLMTD,75.9000015258789,75.9000015258789,75.9000015258789,75.9000015258789,0
2023-10-30,DIGJAMLMTD,72.0999984741211,76.0,72.0999984741211,75.80000305175781,6348
2023-10-31,DIGJAMLMTD,75.80000305175781,75.80000305175781,75.80000305175781,75.80000305175781,0
2023-10-03,DISHTV,18.39999961853028,18.5,18.100000381469727,18.14999961853028,13734907
2023-10-04,DISHTV,18.14999961853028,18.200000762939453,17.600000381469727,17.799999237060547,14493877
2023-10-05,DISHTV,17.899999618530273,18.450000762939453,17.799999237060547,18.0,19042387
2023-10-06,DISHTV,18.100000381469727,18.14999961853028,17.75,17.899999618530273,9156612
2023-10-09,DISHTV,17.75,17.75,17.100000381469727,17.299999237060547,11168816
2023-10-10,DISHTV,17.350000381469727,17.649999618530273,17.299999237060547,17.5,12948177
2023-10-11,DISHTV,17.600000381469727,18.799999237060547,17.450000762939453,18.5,43714000
2023-10-12,DISHTV,18.600000381469727,19.25,18.299999237060547,18.799999237060547,27609764
2023-10-13,DISHTV,18.64999961853028,18.950000762939453,18.350000381469727,18.450000762939453,12463423
2023-10-16,DISHTV,18.5,18.600000381469727,18.14999961853028,18.5,15127314
2023-10-17,DISHTV,18.600000381469727,18.799999237060547,18.200000762939453,18.450000762939453,11883169
2023-10-18,DISHTV,18.450000762939453,18.700000762939453,18.0,18.200000762939453,14064022
2023-10-19,DISHTV,18.14999961853028,18.200000762939453,17.700000762939453,17.899999618530273,13101078
2023-10-20,DISHTV,17.899999618530273,18.25,17.450000762939453,17.549999237060547,19339672
2023-10-23,DISHTV,17.600000381469727,17.700000762939453,16.450000762939453,16.600000381469727,14073966
2023-10-25,DISHTV,16.700000762939453,17.100000381469727,15.899999618530272,16.25,12434200
2023-10-26,DISHTV,16.25,16.5,15.5,16.350000381469727,12058605
2023-10-27,DISHTV,16.399999618530273,17.5,16.399999618530273,16.899999618530273,15867206
2023-10-30,DISHTV,16.899999618530273,17.200000762939453,16.549999237060547,17.049999237060547,6990824
2023-10-31,DISHTV,17.149999618530273,17.25,16.850000381469727,16.950000762939453,6702385
2023-10-03,DIVGIITTS,1053.0,1053.0,1021.0,1038.449951171875,18401
2023-10-04,DIVGIITTS,1038.449951171875,1070.0,1011.0499877929688,1013.4500122070312,44050
2023-10-05,DIVGIITTS,1027.0,1085.0,1015.2999877929688,1047.9000244140625,86516
2023-10-06,DIVGIITTS,1057.9000244140625,1079.5,1017.0499877929688,1068.5,53182
2023-10-09,DIVGIITTS,1040.0999755859375,1060.0999755859375,1025.0,1033.449951171875,28657
2023-10-10,DIVGIITTS,1047.0,1058.9000244140625,1030.4000244140625,1033.949951171875,19234
2023-10-11,DIVGIITTS,1052.0,1063.0,1037.3499755859375,1040.4000244140625,31304
2023-10-12,DIVGIITTS,1040.4000244140625,1061.550048828125,1035.800048828125,1056.949951171875,26373
2023-10-13,DIVGIITTS,1054.0,1150.0,1044.949951171875,1091.800048828125,117178
2023-10-16,DIVGIITTS,1107.0,1140.3499755859375,1095.050048828125,1122.75,54726
2023-10-17,DIVGIITTS,1122.800048828125,1134.949951171875,1098.4000244140625,1113.3499755859375,24095
2023-10-18,DIVGIITTS,1128.5999755859375,1140.0,1073.0,1078.0999755859375,1145551
2023-10-19,DIVGIITTS,1086.4000244140625,1125.0,1080.0,1096.199951171875,64352
2023-10-20,DIVGIITTS,1102.0,1120.4000244140625,1081.4000244140625,1087.449951171875,32163
2023-10-23,DIVGIITTS,1094.9000244140625,1099.0,1050.050048828125,1063.300048828125,36105
2023-10-25,DIVGIITTS,1050.0,1072.5999755859375,1024.949951171875,1038.550048828125,61592
2023-10-26,DIVGIITTS,1037.050048828125,1069.949951171875,1002.2999877929688,1061.25,34226
2023-10-27,DIVGIITTS,1074.800048828125,1088.949951171875,1051.0,1078.199951171875,16897
2023-10-30,DIVGIITTS,1085.8499755859375,1085.8499755859375,1058.5999755859375,1066.300048828125,15383
2023-10-31,DIVGIITTS,1076.0,1076.0,1035.050048828125,1040.5999755859375,15682
2023-10-03,DIVISLAB,3760.050048828125,3764.0,3705.050048828125,3724.449951171875,210945
2023-10-04,DIVISLAB,3700.0,3732.0,3653.39990234375,3707.75,241798
2023-10-05,DIVISLAB,3665.0,3705.5,3655.050048828125,3697.199951171875,344288
2023-10-06,DIVISLAB,3700.0,3728.800048828125,3697.199951171875,3721.800048828125,244389
2023-10-09,DIVISLAB,3700.0,3796.5,3683.85009765625,3705.300048828125,447464
2023-10-10,DIVISLAB,3706.949951171875,3725.550048828125,3685.199951171875,3713.64990234375,147622
2023-10-11,DIVISLAB,3729.0,3767.0,3718.75,3750.550048828125,205216
2023-10-12,DIVISLAB,3799.0,3799.0,3729.14990234375,3755.25,323652
2023-10-13,DIVISLAB,3740.800048828125,3762.449951171875,3730.0,3735.35009765625,109845
2023-10-16,DIVISLAB,3711.050048828125,3726.60009765625,3639.75,3655.199951171875,274847
2023-10-17,DIVISLAB,3698.64990234375,3698.64990234375,3627.0,3646.60009765625,273198
2023-10-18,DIVISLAB,3660.0,3684.199951171875,3633.5,3641.199951171875,192368
2023-10-19,DIVISLAB,3641.0,3656.85009765625,3600.5,3637.75,350687
2023-10-20,DIVISLAB,3620.0,3634.39990234375,3534.0,3554.300048828125,465355
2023-10-23,DIVISLAB,3536.14990234375,3625.0,3491.0,3500.949951171875,427540
2023-10-25,DIVISLAB,3500.0,3519.85009765625,3421.35009765625,3443.449951171875,522676
2023-10-26,DIVISLAB,3430.699951171875,3433.75,3380.0,3406.39990234375,538755
2023-10-27,DIVISLAB,3407.0,3437.39990234375,3396.449951171875,3411.949951171875,283983
2023-10-30,DIVISLAB,3429.0,3447.199951171875,3384.5,3403.39990234375,244149
2023-10-31,DIVISLAB,3400.39990234375,3422.949951171875,3372.300048828125,3388.35009765625,220543
2023-10-03,DIXON,5280.0,5335.0,5254.5498046875,5297.4501953125,332474
2023-10-04,DIXON,5265.75,5277.35009765625,5182.0,5216.4501953125,333803
2023-10-05,DIXON,5250.0498046875,5256.2998046875,5134.75,5148.10009765625,313878
2023-10-06,DIXON,5167.7001953125,5178.0,5062.10009765625,5128.75,455043
2023-10-09,DIXON,5032.14990234375,5162.89990234375,5028.0,5104.64990234375,189301
2023-10-10,DIXON,5119.0,5197.0,5119.0,5170.4501953125,309458
2023-10-11,DIXON,5200.0,5274.85009765625,5170.7998046875,5254.7001953125,321455
2023-10-12,DIXON,5261.9501953125,5320.0,5215.60009765625,5290.2998046875,392980
2023-10-13,DIXON,5279.89990234375,5364.7998046875,5253.0498046875,5339.9501953125,437306
2023-10-16,DIXON,5291.0,5408.9501953125,5291.0,5388.85009765625,356387
2023-10-17,DIXON,5430.0,5486.9501953125,5382.4501953125,5474.35009765625,421223
2023-10-18,DIXON,5479.9501953125,5508.64990234375,5434.0,5475.2998046875,300190
2023-10-19,DIXON,5440.0,5575.0,5422.25,5501.7998046875,457877
2023-10-20,DIXON,5498.0,5534.9501953125,5474.0498046875,5520.89990234375,279892
2023-10-23,DIXON,5520.0,5607.10009765625,5400.0498046875,5418.0,458119
2023-10-25,DIXON,5418.0,5518.0,5418.0,5445.60009765625,577617
2023-10-26,DIXON,5430.0,5447.5,5288.25,5340.9501953125,433669
2023-10-27,DIXON,5470.0,5514.7998046875,5307.64990234375,5374.75,1180350
2023-10-30,DIXON,5379.89990234375,5379.89990234375,5076.0,5103.85009765625,865009
2023-10-31,DIXON,5155.0,5242.39990234375,5089.35009765625,5101.60009765625,487039
2023-10-03,DJML,50.133331298828125,50.61666488647461,48.86666488647461,49.75,5715
2023-10-04,DJML,49.73333358764648,50.31666564941406,49.03333282470703,49.95000076293945,12258
2023-10-05,DJML,49.93333435058594,51.29999923706055,49.93333435058594,50.56666564941406,13653
2023-10-06,DJML,51.33333206176758,51.33333206176758,49.51666641235352,51.0,11037
2023-10-09,DJML,49.5,50.96666717529297,48.51666641235352,49.41666412353516,4446
2023-10-10,DJML,49.96666717529297,50.633331298828125,48.51666641235352,48.96666717529297,7737
2023-10-11,DJML,49.41666412353516,50.83333206176758,49.41666412353516,50.51666641235352,5355
2023-10-12,DJML,50.51666641235352,50.51666641235352,49.53333282470703,50.150001525878906,2322
2023-10-13,DJML,50.58333206176758,50.58333206176758,48.45000076293945,50.01666641235352,8844
2023-10-16,DJML,51.01666641235352,51.01666641235352,49.36666488647461,49.79999923706055,4749
2023-10-17,DJML,49.33333206176758,51.81666564941406,49.33333206176758,50.95000076293945,7656
2023-10-18,DJML,49.45000076293945,51.04999923706055,49.45000076293945,50.04999923706055,3195
2023-10-19,DJML,50.33333206176758,52.83333206176758,49.83333206176758,51.18333435058594,63234
2023-10-20,DJML,52.18333435058594,52.43333435058594,50.16666412353516,50.68333435058594,7593
2023-10-23,DJML,51.68333435058594,51.68333435058594,50.11666488647461,50.25,5490
2023-10-25,DJML,50.76666641235352,51.150001525878906,49.36666488647461,50.26666641235352,5904
2023-10-26,DJML,49.53333282470703,50.23333358764648,48.31666564941406,49.25,11076
2023-10-27,DJML,49.54999923706055,50.650001525878906,48.98333358764648,49.633331298828125,5235
2023-10-30,DJML,49.86666488647461,51.58333206176758,49.84999847412109,50.71666717529297,9762
2023-10-31,DJML,51.650001525878906,51.650001525878906,49.36666488647461,49.93333435058594,9720
2023-10-03,DLF,530.7999877929688,540.9000244140625,527.2000122070312,538.75,2831594
2023-10-04,DLF,535.0,537.7999877929688,515.75,525.75,4940218
2023-10-05,DLF,527.0,532.7999877929688,523.9500122070312,525.0,2455475
2023-10-06,DLF,525.25,550.5,525.25,548.7000122070312,7397196
2023-10-09,DLF,547.0499877929688,547.4500122070312,536.5499877929688,540.8499755859375,3107088
2023-10-10,DLF,544.4500122070312,564.75,543.0499877929688,561.75,11366176
2023-10-11,DLF,562.5999755859375,569.0,560.6500244140625,565.2999877929688,4106418
2023-10-12,DLF,565.2999877929688,569.0,562.7000122070312,567.0499877929688,1860355
2023-10-13,DLF,561.6500244140625,576.75,561.6500244140625,568.4000244140625,6226867
2023-10-16,DLF,566.0,571.9000244140625,563.5999755859375,567.0999755859375,2132190
2023-10-17,DLF,570.0,571.5499877929688,565.2999877929688,567.1500244140625,1670432
2023-10-18,DLF,565.5499877929688,570.0,561.5999755859375,567.3499755859375,2695513
2023-10-19,DLF,565.0999755859375,565.9000244140625,555.4500122070312,560.0999755859375,2068643
2023-10-20,DLF,558.7000122070312,565.0,548.0999755859375,552.2000122070312,3274784
2023-10-23,DLF,552.0999755859375,555.6500244140625,531.25,532.9500122070312,2355807
2023-10-25,DLF,535.0,540.5499877929688,525.25,530.1500244140625,1695789
2023-10-26,DLF,528.1500244140625,528.1500244140625,513.5,522.2999877929688,4361390
2023-10-27,DLF,526.0,538.2999877929688,524.6500244140625,536.1500244140625,4062846
2023-10-30,DLF,537.0,557.9500122070312,531.25,554.4500122070312,8141820
2023-10-31,DLF,559.0,570.5499877929688,557.7000122070312,563.5,10712514
2023-10-03,DLINKINDIA,323.8999938964844,323.8999938964844,317.45001220703125,318.75,107776
2023-10-04,DLINKINDIA,318.0,320.3999938964844,313.8500061035156,315.5,97261
2023-10-05,DLINKINDIA,318.6499938964844,321.95001220703125,316.1000061035156,321.20001220703125,106260
2023-10-06,DLINKINDIA,324.0,339.5,321.04998779296875,336.3500061035156,648299
2023-10-09,DLINKINDIA,335.0,335.0,323.0,324.95001220703125,171601
2023-10-10,DLINKINDIA,325.8999938964844,330.5,316.75,320.20001220703125,224399
2023-10-11,DLINKINDIA,324.3999938964844,326.04998779296875,320.45001220703125,322.6499938964844,80706
2023-10-12,DLINKINDIA,324.95001220703125,329.79998779296875,322.0,322.79998779296875,109579
2023-10-13,DLINKINDIA,319.5,329.6000061035156,318.20001220703125,324.5,125222
2023-10-16,DLINKINDIA,326.0,332.5,320.1000061035156,326.45001220703125,214633
2023-10-17,DLINKINDIA,329.0,332.1000061035156,325.20001220703125,327.8999938964844,128360
2023-10-18,DLINKINDIA,329.8500061035156,336.95001220703125,326.0,328.29998779296875,230272
2023-10-19,DLINKINDIA,327.95001220703125,327.95001220703125,321.6000061035156,325.95001220703125,87340
2023-10-20,DLINKINDIA,326.0,338.8999938964844,324.0,325.0,267381
2023-10-23,DLINKINDIA,325.0,327.45001220703125,300.04998779296875,302.29998779296875,313290
2023-10-25,DLINKINDIA,308.95001220703125,312.29998779296875,285.1000061035156,292.1000061035156,333836
2023-10-26,DLINKINDIA,288.0,302.20001220703125,280.04998779296875,295.29998779296875,221165
2023-10-27,DLINKINDIA,299.5,305.70001220703125,296.1000061035156,298.5,158646
2023-10-30,DLINKINDIA,297.95001220703125,301.3500061035156,290.5,293.75,242959
2023-10-31,DLINKINDIA,293.75,298.75,291.29998779296875,293.29998779296875,122659
2023-10-03,DMART,3675.39990234375,3740.25,3616.0,3725.699951171875,235045
2023-10-04,DMART,3760.0,3909.949951171875,3760.0,3872.949951171875,1737108
2023-10-05,DMART,3880.0,3938.39990234375,3842.050048828125,3861.5,607632
2023-10-06,DMART,3860.0,3890.800048828125,3786.75,3833.949951171875,345055
2023-10-09,DMART,3809.60009765625,3818.0,3771.0,3798.60009765625,278929
2023-10-10,DMART,3809.949951171875,3829.85009765625,3775.550048828125,3793.800048828125,284836
2023-10-11,DMART,3812.5,3889.0,3804.300048828125,3852.050048828125,304828
2023-10-12,DMART,3874.800048828125,3890.0,3820.300048828125,3862.75,226262
2023-10-13,DMART,3853.949951171875,3941.0,3836.050048828125,3935.85009765625,554574
2023-10-16,DMART,3825.050048828125,3873.89990234375,3772.75,3856.800048828125,1102582
2023-10-17,DMART,3879.14990234375,3885.0,3834.300048828125,3842.85009765625,394330
2023-10-18,DMART,3842.85009765625,3853.10009765625,3776.25,3795.949951171875,356321
2023-10-19,DMART,3790.0,3790.0,3746.85009765625,3766.85009765625,168075
2023-10-20,DMART,3760.050048828125,3780.949951171875,3742.10009765625,3749.5,200038
2023-10-23,DMART,3750.050048828125,3768.0,3641.35009765625,3668.949951171875,297128
2023-10-25,DMART,3685.0,3755.0,3620.10009765625,3740.550048828125,333022
2023-10-26,DMART,3728.050048828125,3731.949951171875,3662.0,3684.64990234375,289964
2023-10-27,DMART,3700.0,3758.0,3651.0,3665.449951171875,365480
2023-10-30,DMART,3686.699951171875,3688.0,3624.25,3646.64990234375,254298
2023-10-31,DMART,3657.64990234375,3671.25,3620.0,3633.39990234375,820386
2023-10-03,DMCC,311.54998779296875,315.0,308.0,311.5,14092
2023-10-04,DMCC,311.79998779296875,313.1499938964844,303.6000061035156,306.6000061035156,15080
2023-10-05,DMCC,308.3500061035156,312.0,300.0,305.54998779296875,32580
2023-10-06,DMCC,306.8500061035156,312.0,304.0,305.1000061035156,15866
2023-10-09,DMCC,309.6000061035156,309.6000061035156,298.20001220703125,300.5,21663
2023-10-10,DMCC,301.04998779296875,308.0,300.79998779296875,304.70001220703125,11087
2023-10-11,DMCC,309.0,323.3999938964844,302.8500061035156,319.04998779296875,44177
2023-10-12,DMCC,323.70001220703125,324.0,315.79998779296875,317.20001220703125,20645
2023-10-13,DMCC,318.0,337.20001220703125,316.5,330.04998779296875,67927
2023-10-16,DMCC,332.1499938964844,333.70001220703125,313.6000061035156,320.29998779296875,19696
2023-10-17,DMCC,321.79998779296875,325.8500061035156,314.45001220703125,315.75,17035
2023-10-18,DMCC,315.75,319.8500061035156,312.6000061035156,314.70001220703125,13098
2023-10-19,DMCC,313.29998779296875,315.3999938964844,308.0,310.04998779296875,13173
2023-10-20,DMCC,311.1000061035156,314.0,305.0,306.04998779296875,10234
2023-10-23,DMCC,306.25,308.6499938964844,288.5,290.3500061035156,27453
2023-10-25,DMCC,294.6000061035156,296.3500061035156,280.3500061035156,283.04998779296875,19917
2023-10-26,DMCC,279.1000061035156,282.25,269.95001220703125,278.8500061035156,138420
2023-10-27,DMCC,274.0,305.0,274.0,299.04998779296875,157880
2023-10-30,DMCC,298.1000061035156,298.79998779296875,291.0,291.70001220703125,13402
2023-10-31,DMCC,293.75,295.45001220703125,290.0,292.29998779296875,8162
2023-10-03,DNAMEDIA,3.650000095367432,3.650000095367432,3.5999999046325684,3.650000095367432,410813
2023-10-04,DNAMEDIA,4.0,4.0,3.849999904632568,4.0,868901
2023-10-05,DNAMEDIA,4.199999809265137,4.199999809265137,4.199999809265137,4.199999809265137,83586
2023-10-06,DNAMEDIA,4.400000095367432,4.400000095367432,4.400000095367432,4.400000095367432,68564
2023-10-09,DNAMEDIA,4.599999904632568,4.599999904632568,4.199999809265137,4.599999904632568,2174284
2023-10-10,DNAMEDIA,4.75,4.800000190734863,4.599999904632568,4.800000190734863,816722
2023-10-11,DNAMEDIA,4.949999809265137,5.0,4.949999809265137,5.0,103181
2023-10-12,DNAMEDIA,5.25,5.25,5.25,5.25,34544
2023-10-13,DNAMEDIA,5.25,5.5,5.0,5.5,814085
2023-10-16,DNAMEDIA,5.75,5.75,5.75,5.75,32961
2023-10-17,DNAMEDIA,6.0,6.0,6.0,6.0,25760
2023-10-18,DNAMEDIA,6.300000190734863,6.300000190734863,5.699999809265137,5.699999809265137,851815
2023-10-19,DNAMEDIA,5.449999809265137,5.449999809265137,5.449999809265137,5.449999809265137,75708
2023-10-20,DNAMEDIA,5.199999809265137,5.199999809265137,5.199999809265137,5.199999809265137,81285
2023-10-23,DNAMEDIA,4.949999809265137,4.949999809265137,4.949999809265137,4.949999809265137,61696
2023-10-25,DNAMEDIA,4.699999809265137,4.699999809265137,4.699999809265137,4.699999809265137,13338
2023-10-26,DNAMEDIA,4.5,4.5,4.5,4.5,67970
2023-10-27,DNAMEDIA,4.300000190734863,4.699999809265137,4.300000190734863,4.699999809265137,706282
2023-10-30,DNAMEDIA,4.800000190734863,4.900000095367432,4.5,4.900000095367432,678767
2023-10-31,DNAMEDIA,5.099999904632568,5.099999904632568,4.699999809265137,4.949999809265137,319874
2023-10-03,DODLA,690.1500244140625,690.1500244140625,675.0,678.0,32929
2023-10-04,DODLA,681.0,728.1500244140625,676.5499877929688,700.9500122070312,451380
2023-10-05,DODLA,710.0,710.0,690.0,693.7999877929688,98765
2023-10-06,DODLA,697.0,704.7000122070312,690.0,695.3499755859375,55395
2023-10-09,DODLA,690.0,690.0,671.0,676.2000122070312,180575
2023-10-10,DODLA,683.0,691.0,670.0999755859375,684.0999755859375,49936
2023-10-11,DODLA,690.8499755859375,690.9500122070312,675.0,678.1500244140625,43620
2023-10-12,DODLA,679.0,686.9500122070312,667.2999877929688,676.7000122070312,93229
2023-10-13,DODLA,677.0,691.2999877929688,674.1500244140625,678.1500244140625,88211
2023-10-16,DODLA,673.5999755859375,687.9000244140625,673.5999755859375,676.7999877929688,76517
2023-10-17,DODLA,678.0,704.7999877929688,678.0,696.9000244140625,105011
2023-10-18,DODLA,709.9500122070312,709.9500122070312,680.5999755859375,692.7999877929688,57144
2023-10-19,DODLA,691.7999877929688,692.2999877929688,673.0499877929688,678.4500122070312,48122
2023-10-20,DODLA,685.0999755859375,685.0999755859375,666.5,672.0499877929688,80496
2023-10-23,DODLA,691.0,729.9000244140625,651.25,668.9500122070312,872008
2023-10-25,DODLA,686.0,707.4000244140625,664.0499877929688,701.5999755859375,332305
2023-10-26,DODLA,701.0,709.0,683.2000122070312,698.0,141481
2023-10-27,DODLA,709.75,709.9500122070312,693.0,703.3499755859375,72811
2023-10-30,DODLA,708.6500244140625,709.2999877929688,691.2999877929688,696.9500122070312,62075
2023-10-31,DODLA,695.0999755859375,699.9500122070312,680.7999877929688,685.2999877929688,38045
2023-10-03,DOLATALGO,47.400001525878906,51.34999847412109,47.0,50.29999923706055,450524
2023-10-04,DOLATALGO,51.09999847412109,51.150001525878906,48.5,49.79999923706055,196397
2023-10-05,DOLATALGO,50.25,53.400001525878906,49.5,52.5,872383
2023-10-06,DOLATALGO,53.70000076293945,55.75,52.20000076293945,55.0,1130938
2023-10-09,DOLATALGO,54.95000076293945,55.09999847412109,52.20000076293945,53.04999923706055,513749
2023-10-10,DOLATALGO,53.04999923706055,59.79999923706055,53.0,58.84999847412109,2212419
2023-10-11,DOLATALGO,59.95000076293945,60.79999923706055,57.5,58.400001525878906,1083725
2023-10-12,DOLATALGO,58.70000076293945,63.150001525878906,58.70000076293945,61.70000076293945,1594029
2023-10-13,DOLATALGO,61.650001525878906,65.25,60.900001525878906,63.0,1052800
2023-10-16,DOLATALGO,63.0,63.20000076293945,61.04999923706055,61.5,455221
2023-10-17,DOLATALGO,61.400001525878906,63.0,61.29999923706055,61.650001525878906,252565
2023-10-18,DOLATALGO,61.650001525878906,62.70000076293945,58.75,59.84999847412109,423193
2023-10-19,DOLATALGO,60.20000076293945,61.84999847412109,59.400001525878906,59.75,185965
2023-10-20,DOLATALGO,59.75,60.650001525878906,57.84999847412109,58.25,221135
2023-10-23,DOLATALGO,58.0,59.45000076293945,53.54999923706055,54.20000076293945,524048
2023-10-25,DOLATALGO,53.75,57.45000076293945,52.5,54.650001525878906,496827
2023-10-26,DOLATALGO,54.04999923706055,56.95000076293945,52.29999923706055,56.45000076293945,334512
2023-10-27,DOLATALGO,56.900001525878906,58.25,55.95000076293945,56.79999923706055,219230
2023-10-30,DOLATALGO,57.400001525878906,57.79999923706055,55.04999923706055,55.45000076293945,242708
2023-10-31,DOLATALGO,56.09999847412109,59.79999923706055,55.84999847412109,58.5,431763
2023-10-03,DOLLAR,415.0,418.0,405.0,406.7000122070313,141188
2023-10-04,DOLLAR,407.9500122070313,411.4500122070313,401.0,402.5,65069
2023-10-05,DOLLAR,408.5499877929688,427.2999877929688,404.4500122070313,422.2000122070313,194858
2023-10-06,DOLLAR,422.2000122070313,445.0,422.2000122070313,443.2999877929688,340282
2023-10-09,DOLLAR,437.9500122070313,437.9500122070313,416.7999877929688,421.0,115033
2023-10-10,DOLLAR,424.1000061035156,436.0,424.1000061035156,434.25,99545
2023-10-11,DOLLAR,432.1000061035156,442.4500122070313,431.1000061035156,432.6499938964844,88819
2023-10-12,DOLLAR,434.1000061035156,447.8500061035156,434.1000061035156,443.0499877929688,176171
2023-10-13,DOLLAR,441.0,444.0,432.5,434.8999938964844,50760
2023-10-16,DOLLAR,433.7999877929688,449.1499938964844,433.75,439.3500061035156,79301
2023-10-17,DOLLAR,439.3500061035156,443.5,431.25,434.5,66235
2023-10-18,DOLLAR,433.0,442.1000061035156,425.0,433.6499938964844,89950
2023-10-19,DOLLAR,434.0,437.8999938964844,430.1499938964844,434.0,45526
2023-10-20,DOLLAR,436.2000122070313,440.0,422.0,425.2999877929688,76884
2023-10-23,DOLLAR,427.4500122070313,427.4500122070313,401.0,403.5,123314
2023-10-25,DOLLAR,405.5499877929688,415.5499877929688,393.2000122070313,399.2999877929688,91358
2023-10-26,DOLLAR,399.0,404.75,385.25,402.25,70508
2023-10-27,DOLLAR,404.0499877929688,415.0,404.0499877929688,412.7000122070313,32013
2023-10-30,DOLLAR,414.7999877929688,414.7999877929688,405.2000122070313,406.75,27873
2023-10-31,DOLLAR,408.7999877929688,426.7999877929688,408.0,420.3500061035156,86863
2023-10-03,DOLPHIN,39.28499984741211,39.28499984741211,39.27999877929688,39.28499984741211,180
2023-10-04,DOLPHIN,40.06999969482422,40.06999969482422,40.06999969482422,40.06999969482422,720
2023-10-05,DOLPHIN,40.869998931884766,40.869998931884766,40.869998931884766,40.869998931884766,40
2023-10-06,DOLPHIN,41.685001373291016,41.685001373291016,41.685001373291016,41.685001373291016,320
2023-10-09,DOLPHIN,42.51499938964844,42.51499938964844,42.51499938964844,42.51499938964844,330
2023-10-10,DOLPHIN,43.3650016784668,43.3650016784668,43.3650016784668,43.3650016784668,80
2023-10-11,DOLPHIN,44.22999954223633,44.22999954223633,44.22999954223633,44.22999954223633,140
2023-10-12,DOLPHIN,45.11000061035156,45.11000061035156,44.29999923706055,45.11000061035156,220
2023-10-13,DOLPHIN,46.0099983215332,46.0099983215332,46.0,46.0099983215332,3970
2023-10-16,DOLPHIN,46.93000030517578,46.93000030517578,46.93000030517578,46.93000030517578,1190
2023-10-17,DOLPHIN,47.8650016784668,47.8650016784668,47.79999923706055,47.8650016784668,350
2023-10-18,DOLPHIN,48.81999969482422,48.81999969482422,48.81999969482422,48.81999969482422,10
2023-10-19,DOLPHIN,49.70000076293945,49.79499816894531,49.70000076293945,49.70000076293945,1220
2023-10-20,DOLPHIN,50.68999862670898,50.68999862670898,50.68999862670898,50.68999862670898,510
2023-10-23,DOLPHIN,51.70000076293945,51.70000076293945,51.70000076293945,51.70000076293945,380
2023-10-25,DOLPHIN,52.72999954223633,52.72999954223633,52.72999954223633,52.72999954223633,30
2023-10-26,DOLPHIN,53.77999877929688,53.77999877929688,53.77999877929688,53.77999877929688,240
2023-10-27,DOLPHIN,54.85499954223633,54.85499954223633,54.85499954223633,54.85499954223633,160
2023-10-30,DOLPHIN,55.95000076293945,55.95000076293945,55.91999816894531,55.95000076293945,300
2023-10-31,DOLPHIN,57.06499862670898,57.06499862670898,57.06499862670898,57.06499862670898,550
2023-10-03,DONEAR,107.4000015258789,107.4000015258789,104.5500030517578,105.4499969482422,145121
2023-10-04,DONEAR,105.4499969482422,107.4000015258789,103.0,105.3499984741211,190137
2023-10-05,DONEAR,105.9499969482422,107.0999984741211,103.6999969482422,104.5,154360
2023-10-06,DONEAR,105.0,111.1999969482422,104.3000030517578,108.0999984741211,598252
2023-10-09,DONEAR,106.0,107.0,102.5999984741211,103.1500015258789,219954
2023-10-10,DONEAR,104.0,107.6999969482422,102.8000030517578,104.75,195372
2023-10-11,DONEAR,105.5500030517578,110.0999984741211,104.5,108.9000015258789,364083
2023-10-12,DONEAR,112.0,116.0,110.1999969482422,110.8499984741211,1235053
2023-10-13,DONEAR,110.3000030517578,114.0,108.0500030517578,109.75,294664
2023-10-16,DONEAR,109.9499969482422,111.3000030517578,107.3000030517578,107.9499969482422,204408
2023-10-17,DONEAR,108.8499984741211,114.8000030517578,108.8000030517578,112.1500015258789,602271
2023-10-18,DONEAR,113.0,115.5500030517578,108.4000015258789,109.75,358068
2023-10-19,DONEAR,109.3499984741211,113.5500030517578,108.5500030517578,110.4000015258789,349713
2023-10-20,DONEAR,110.4000015258789,111.6999969482422,107.5,107.8499984741211,228193
2023-10-23,DONEAR,108.3499984741211,109.6500015258789,94.6999969482422,95.6999969482422,686862
2023-10-25,DONEAR,97.5999984741211,101.0,93.1500015258789,96.5500030517578,477004
2023-10-26,DONEAR,97.25,98.1999969482422,91.1999969482422,95.9499969482422,379969
2023-10-27,DONEAR,96.4499969482422,99.75,96.4499969482422,97.8499984741211,170905
2023-10-30,DONEAR,98.8000030517578,101.25,98.0,99.8000030517578,127264
2023-10-31,DONEAR,100.6999969482422,101.9000015258789,97.8000030517578,98.3000030517578,142704
2023-10-03,DPABHUSHAN,630.0,663.2999877929688,615.0,634.5999755859375,85581
2023-10-04,DPABHUSHAN,634.5999755859375,666.2999877929688,615.0999755859375,658.5999755859375,85408
2023-10-05,DPABHUSHAN,669.9500122070312,683.9500122070312,633.0999755859375,654.7999877929688,43132
2023-10-06,DPABHUSHAN,654.8499755859375,664.25,646.0,655.0999755859375,10411
2023-10-09,DPABHUSHAN,664.0,664.9500122070312,632.0499877929688,645.9000244140625,15007
2023-10-10,DPABHUSHAN,641.0499877929688,659.9500122070312,640.0499877929688,642.7999877929688,7396
2023-10-11,DPABHUSHAN,655.0,659.9500122070312,635.0499877929688,639.1500244140625,5432
2023-10-12,DPABHUSHAN,631.0,649.9000244140625,631.0,641.4500122070312,4307
2023-10-13,DPABHUSHAN,641.0,648.25,609.4000244140625,628.5,34063
2023-10-16,DPABHUSHAN,628.5499877929688,647.0,611.0999755859375,618.4500122070312,8170
2023-10-17,DPABHUSHAN,628.0,628.0,613.0499877929688,618.2000122070312,4480
2023-10-18,DPABHUSHAN,618.25,624.8499755859375,605.0,608.2999877929688,9309
2023-10-19,DPABHUSHAN,600.0,618.7999877929688,584.2000122070312,616.5499877929688,20461
2023-10-20,DPABHUSHAN,600.5,617.0,600.5,601.25,4374
2023-10-23,DPABHUSHAN,612.9500122070312,612.9500122070312,571.2000122070312,571.2000122070312,9280
2023-10-25,DPABHUSHAN,554.4000244140625,570.25,542.6500244140625,542.6500244140625,20650
2023-10-26,DPABHUSHAN,530.7999877929688,539.0,515.5499877929688,516.8499755859375,66308
2023-10-27,DPABHUSHAN,520.0999755859375,542.6500244140625,520.0999755859375,542.6500244140625,21104
2023-10-30,DPABHUSHAN,563.5,569.75,558.0499877929688,569.75,6667
2023-10-31,DPABHUSHAN,598.2000122070312,598.2000122070312,598.2000122070312,598.2000122070312,6825
2023-10-03,DPSCLTD,17.700000762939453,17.700000762939453,16.799999237060547,17.0,1025813
2023-10-04,DPSCLTD,17.049999237060547,17.200000762939453,16.5,16.700000762939453,679053
2023-10-05,DPSCLTD,16.899999618530273,17.100000381469727,16.25,16.549999237060547,556844
2023-10-06,DPSCLTD,16.700000762939453,16.700000762939453,16.299999237060547,16.450000762939453,273420
2023-10-09,DPSCLTD,16.200000762939453,16.25,15.25,15.5,316793
2023-10-10,DPSCLTD,15.899999618530272,16.0,15.649999618530272,15.800000190734863,176536
2023-10-11,DPSCLTD,16.0,16.25,15.800000190734863,15.899999618530272,140929
2023-10-12,DPSCLTD,16.200000762939453,16.25,15.899999618530272,16.049999237060547,145564
2023-10-13,DPSCLTD,16.049999237060547,16.149999618530273,15.850000381469728,15.899999618530272,162478
2023-10-16,DPSCLTD,16.049999237060547,17.0,15.899999618530272,16.600000381469727,451450
2023-10-17,DPSCLTD,17.0,17.100000381469727,16.600000381469727,16.799999237060547,355596
2023-10-18,DPSCLTD,17.0,17.200000762939453,16.049999237060547,16.549999237060547,619414
2023-10-19,DPSCLTD,16.600000381469727,16.799999237060547,16.5,16.549999237060547,95841
2023-10-20,DPSCLTD,16.75,16.799999237060547,16.450000762939453,16.649999618530273,444995
2023-10-23,DPSCLTD,16.700000762939453,16.75,15.25,15.5,261679
2023-10-25,DPSCLTD,15.699999809265137,15.899999618530272,14.199999809265137,14.550000190734863,517659
2023-10-26,DPSCLTD,14.699999809265137,15.0,14.0,14.899999618530272,220938
2023-10-27,DPSCLTD,15.100000381469728,15.350000381469728,14.800000190734863,14.899999618530272,330647
2023-10-30,DPSCLTD,15.100000381469728,15.100000381469728,14.649999618530272,14.899999618530272,217713
2023-10-31,DPSCLTD,15.199999809265137,15.199999809265137,14.050000190734863,14.449999809265137,825589
2023-10-03,DPWIRES,597.6687622070312,603.75,581.875,589.7062377929688,128234
2023-10-04,DPWIRES,594.8250122070312,598.5,573.125,586.3375244140625,63882
2023-10-05,DPWIRES,588.4812622070312,594.9562377929688,572.1187744140625,573.5625,40150
2023-10-06,DPWIRES,576.7562255859375,585.2874755859375,573.2125244140625,577.28125,22893
2023-10-09,DPWIRES,577.4562377929688,585.375,562.2312622070312,582.96875,42700
2023-10-10,DPWIRES,588.7000122070312,601.5625,584.5437622070312,589.4437255859375,46569
2023-10-11,DPWIRES,591.3250122070312,593.1624755859375,577.5,582.09375,48867
2023-10-12,DPWIRES,582.75,590.1437377929688,550.375,565.7312622070312,128661
2023-10-13,DPWIRES,568.3125,577.28125,558.8624877929688,561.4874877929688,74308
2023-10-16,DPWIRES,565.3375244140625,574.0,559.6500244140625,562.5374755859375,29550
2023-10-17,DPWIRES,566.2125244140625,568.7062377929688,560.5250244140625,562.2750244140625,23446
2023-10-18,DPWIRES,565.8624877929688,573.0812377929688,560.875,562.5812377929688,46832
2023-10-19,DPWIRES,564.8125,566.8250122070312,553.1312255859375,555.5374755859375,26541
2023-10-20,DPWIRES,558.8624877929688,558.8624877929688,544.25,546.21875,25069
2023-10-23,DPWIRES,541.6687622070312,546.3499755859375,516.25,519.4000244140625,81500
2023-10-25,DPWIRES,526.75,533.7062377929688,517.1687622070312,526.7062377929688,25865
2023-10-26,DPWIRES,518.0,526.3125,509.46875,522.15625,44939
2023-10-27,DPWIRES,530.25,564.3312377929688,530.25,558.3812255859375,120470
2023-10-30,DPWIRES,577.4562377929688,599.375,555.7999877929688,570.6312255859375,211785
2023-10-31,DPWIRES,570.8937377929688,583.6687622070312,568.75,571.2874755859375,76841
2023-10-03,DRCSYSTEMS,14.449999809265137,15.316665649414062,13.68333339691162,13.766666412353516,389334
2023-10-04,DRCSYSTEMS,13.699999809265137,13.949999809265137,13.350000381469728,13.733332633972168,124242
2023-10-05,DRCSYSTEMS,13.949999809265137,13.966666221618652,13.533332824707031,13.833333015441896,52038
2023-10-06,DRCSYSTEMS,13.93333339691162,13.966666221618652,13.699999809265137,13.850000381469728,61401
2023-10-09,DRCSYSTEMS,13.93333339691162,14.016666412353516,13.566665649414062,13.783332824707031,179265
2023-10-10,DRCSYSTEMS,13.616665840148926,14.066665649414062,13.616665840148926,13.783332824707031,174300
2023-10-11,DRCSYSTEMS,13.966666221618652,14.083333015441896,13.350000381469728,13.616665840148926,118467
2023-10-12,DRCSYSTEMS,13.800000190734863,13.916666030883787,13.633333206176758,13.883333206176758,48099
2023-10-13,DRCSYSTEMS,13.68333339691162,13.899999618530272,13.416666030883787,13.566665649414062,102795
2023-10-16,DRCSYSTEMS,14.066665649414062,14.066665649414062,13.399999618530272,13.5,58029
2023-10-17,DRCSYSTEMS,13.216666221618652,13.833333015441896,13.216666221618652,13.733332633972168,40665
2023-10-18,DRCSYSTEMS,13.783332824707031,13.983332633972168,13.666666030883787,13.800000190734863,108852
2023-10-19,DRCSYSTEMS,13.850000381469728,13.966666221618652,13.516666412353516,13.533332824707031,164097
2023-10-20,DRCSYSTEMS,13.800000190734863,14.366665840148926,13.149999618530272,13.966666221618652,978861
2023-10-23,DRCSYSTEMS,14.93333339691162,14.93333339691162,13.050000190734863,13.316665649414062,433569
2023-10-25,DRCSYSTEMS,13.333333015441896,13.866665840148926,12.516666412353516,12.850000381469728,231540
2023-10-26,DRCSYSTEMS,13.0,13.283332824707031,12.333333015441896,13.149999618530272,131877
2023-10-27,DRCSYSTEMS,13.383333206176758,13.466666221618652,13.199999809265137,13.300000190734863,111939
2023-10-30,DRCSYSTEMS,13.083333015441896,13.699999809265137,13.0,13.166666030883787,106947
2023-10-31,DRCSYSTEMS,13.050000190734863,13.616665840148926,13.050000190734863,13.266666412353516,74343
2023-10-03,DREAMFOLKS,502.9500122070313,504.3999938964844,492.8999938964844,497.8999938964844,241704
2023-10-04,DREAMFOLKS,494.7000122070313,497.4500122070313,483.7999877929688,486.5499877929688,234795
2023-10-05,DREAMFOLKS,489.8999938964844,503.6499938964844,488.8500061035156,499.9500122070313,277766
2023-10-06,DREAMFOLKS,503.7999877929688,514.2999877929688,498.5499877929688,512.2999877929688,607775
2023-10-09,DREAMFOLKS,501.1000061035156,504.6000061035156,489.0,500.0499877929688,386770
2023-10-10,DREAMFOLKS,501.0499877929688,514.7999877929688,497.0,499.75,189685
2023-10-11,DREAMFOLKS,505.6000061035156,505.6000061035156,492.0499877929688,493.5499877929688,166366
2023-10-12,DREAMFOLKS,496.5499877929688,500.0,490.0,492.2000122070313,125904
2023-10-13,DREAMFOLKS,490.75,500.0,489.5,491.0,169589
2023-10-16,DREAMFOLKS,491.0,500.25,491.0,494.75,212434
2023-10-17,DREAMFOLKS,498.5,503.8999938964844,492.5,494.8500061035156,175179
2023-10-18,DREAMFOLKS,496.4500122070313,497.6499938964844,486.5,489.6000061035156,190131
2023-10-19,DREAMFOLKS,487.6499938964844,496.5,487.6000061035156,490.25,121005
2023-10-20,DREAMFOLKS,490.0,502.0,488.7000122070313,497.1499938964844,276289
2023-10-23,DREAMFOLKS,500.0,513.0,485.1000061035156,504.8999938964844,881483
2023-10-25,DREAMFOLKS,507.0,521.5999755859375,476.0499877929688,507.2000122070313,1495679
2023-10-26,DREAMFOLKS,510.0,510.0,484.8500061035156,490.7999877929688,605494
2023-10-27,DREAMFOLKS,490.2000122070313,499.7000122070313,488.1000061035156,489.9500122070313,175560
2023-10-30,DREAMFOLKS,492.5499877929688,494.8999938964844,481.0,488.2999877929688,297877
2023-10-31,DREAMFOLKS,489.0,494.0,483.1499938964844,484.75,178488
2023-10-03,DREDGECORP,476.2999877929688,477.0,465.8999938964844,467.6000061035156,90427
2023-10-04,DREDGECORP,464.0,467.3500061035156,452.6499938964844,459.5,85696
2023-10-05,DREDGECORP,462.1499938964844,468.75,458.7000122070313,460.9500122070313,82496
2023-10-06,DREDGECORP,464.3500061035156,464.5499877929688,457.0499877929688,461.2999877929688,54813
2023-10-09,DREDGECORP,455.0,458.8999938964844,443.1000061035156,445.25,71018
2023-10-10,DREDGECORP,449.3999938964844,473.3999938964844,448.0,461.0,200046
2023-10-11,DREDGECORP,464.0,468.5,457.0,458.8999938964844,60248
2023-10-12,DREDGECORP,460.0,518.7999877929688,458.8999938964844,494.2000122070313,1872215
2023-10-13,DREDGECORP,496.8500061035156,533.0,493.5499877929688,513.25,1473132
2023-10-16,DREDGECORP,516.8499755859375,535.9000244140625,512.75,516.6500244140625,755694
2023-10-17,DREDGECORP,522.7999877929688,539.6500244140625,513.2000122070312,519.8499755859375,736150
2023-10-18,DREDGECORP,523.0,528.4000244140625,493.3500061035156,497.25,362933
2023-10-19,DREDGECORP,497.0,503.9500122070313,488.3500061035156,492.1499938964844,215830
2023-10-20,DREDGECORP,493.8500061035156,504.9500122070313,480.0499877929688,482.3500061035156,146031
2023-10-23,DREDGECORP,486.0,488.0,455.1000061035156,457.0499877929688,166661
2023-10-25,DREDGECORP,466.7000122070313,469.3500061035156,434.0,445.6000061035156,111968
2023-10-26,DREDGECORP,443.0,444.0,426.1000061035156,440.5499877929688,137902
2023-10-27,DREDGECORP,444.0,464.75,444.0,453.3999938964844,167385
2023-10-30,DREDGECORP,453.0,474.7999877929688,448.8999938964844,467.6499938964844,180682
2023-10-31,DREDGECORP,470.8999938964844,475.9500122070313,463.3500061035156,467.7999877929688,78392
2023-10-03,DRREDDY,1117.3800048828125,1117.3800048828125,1090.0,1092.3399658203125,2065240
2023-10-04,DRREDDY,1093.0,1099.800048828125,1080.300048828125,1083.56005859375,2109530
2023-10-05,DRREDDY,1092.0,1095.0,1080.0,1081.449951171875,2058530
2023-10-06,DRREDDY,1087.0,1097.43994140625,1081.8399658203125,1084.97998046875,1572990
2023-10-09,DRREDDY,1082.010009765625,1105.469970703125,1080.030029296875,1098.969970703125,2368110
2023-10-10,DRREDDY,1096.800048828125,1097.4000244140625,1085.5999755859375,1095.7099609375,1519630
2023-10-11,DRREDDY,1102.0,1117.5999755859375,1102.0,1113.52001953125,1961240
2023-10-12,DRREDDY,1113.52001953125,1116.81005859375,1103.0,1106.0400390625,1695245
2023-10-13,DRREDDY,1085.43994140625,1104.8199462890625,1084.3199462890625,1092.0400390625,1633255
2023-10-16,DRREDDY,1097.800048828125,1101.4000244140625,1092.0,1098.6199951171875,859220
2023-10-17,DRREDDY,1097.4000244140625,1114.5999755859375,1097.010009765625,1108.8199462890625,1626760
2023-10-18,DRREDDY,1108.9000244140625,1138.949951171875,1108.3599853515625,1135.489990234375,3014855
2023-10-19,DRREDDY,1134.949951171875,1134.949951171875,1122.0999755859375,1126.1800537109375,2525845
2023-10-20,DRREDDY,1124.010009765625,1124.010009765625,1110.199951171875,1113.8599853515625,1141375
2023-10-23,DRREDDY,1105.0999755859375,1133.3900146484375,1105.0999755859375,1110.3900146484375,1809785
2023-10-25,DRREDDY,1120.0,1122.43994140625,1100.0,1102.77001953125,2104480
2023-10-26,DRREDDY,1099.5999755859375,1103.5,1068.1800537109375,1084.3900146484375,1544145
2023-10-27,DRREDDY,1084.3800048828125,1090.7900390625,1070.199951171875,1079.4599609375,2159725
2023-10-30,DRREDDY,1078.7900390625,1078.7900390625,1041.1099853515625,1069.0699462890625,2691600
2023-10-31,DRREDDY,1074.800048828125,1088.18994140625,1070.6199951171875,1073.510009765625,1884070
2023-10-03,DSKULKARNI,13.550000190734863,13.550000190734863,13.550000190734863,13.550000190734863,0
2023-10-04,DSKULKARNI,13.550000190734863,13.550000190734863,13.550000190734863,13.550000190734863,0
2023-10-05,DSKULKARNI,13.550000190734863,13.550000190734863,13.550000190734863,13.550000190734863,0
2023-10-06,DSKULKARNI,13.550000190734863,13.550000190734863,13.550000190734863,13.550000190734863,0
2023-10-09,DSKULKARNI,13.550000190734863,13.550000190734863,13.550000190734863,13.550000190734863,0
2023-10-10,DSKULKARNI,13.550000190734863,13.550000190734863,13.550000190734863,13.550000190734863,0
2023-10-11,DSKULKARNI,13.550000190734863,13.550000190734863,13.550000190734863,13.550000190734863,0
2023-10-12,DSKULKARNI,13.550000190734863,13.550000190734863,13.550000190734863,13.550000190734863,0
2023-10-13,DSKULKARNI,13.550000190734863,13.550000190734863,13.550000190734863,13.550000190734863,0
2023-10-16,DSKULKARNI,13.550000190734863,13.550000190734863,13.550000190734863,13.550000190734863,0
2023-10-17,DSKULKARNI,13.550000190734863,13.550000190734863,13.550000190734863,13.550000190734863,0
2023-10-18,DSKULKARNI,13.550000190734863,13.550000190734863,13.550000190734863,13.550000190734863,0
2023-10-19,DSKULKARNI,13.550000190734863,13.550000190734863,13.550000190734863,13.550000190734863,0
2023-10-20,DSKULKARNI,13.550000190734863,13.550000190734863,13.550000190734863,13.550000190734863,0
2023-10-23,DSKULKARNI,13.550000190734863,13.550000190734863,13.550000190734863,13.550000190734863,0
2023-10-25,DSKULKARNI,13.550000190734863,13.550000190734863,13.550000190734863,13.550000190734863,0
2023-10-26,DSKULKARNI,13.550000190734863,13.550000190734863,13.550000190734863,13.550000190734863,0
2023-10-27,DSKULKARNI,13.550000190734863,13.550000190734863,13.550000190734863,13.550000190734863,0
2023-10-30,DSKULKARNI,13.550000190734863,13.550000190734863,13.550000190734863,13.550000190734863,0
2023-10-31,DSKULKARNI,13.550000190734863,13.550000190734863,13.550000190734863,13.550000190734863,0
2023-10-03,DSSL,693.75,717.0,693.5,700.0,25809
2023-10-04,DSSL,699.5999755859375,708.7000122070312,681.3499755859375,693.8499755859375,30030
2023-10-05,DSSL,699.0499877929688,728.5,698.0,728.5,52586
2023-10-06,DSSL,742.0,764.9000244140625,712.0999755859375,764.2999877929688,164663
2023-10-09,DSSL,744.0,760.9000244140625,710.0,718.7000122070312,115664
2023-10-10,DSSL,730.9500122070312,744.0,720.0,724.0499877929688,53701
2023-10-11,DSSL,725.0,737.8499755859375,721.1500244140625,724.9000244140625,21903
2023-10-12,DSSL,730.7000122070312,758.7999877929688,717.2000122070312,726.5,73083
2023-10-13,DSSL,720.0,743.0,718.0999755859375,722.5,31497
2023-10-16,DSSL,720.0999755859375,736.9000244140625,715.1500244140625,720.25,27184
2023-10-17,DSSL,725.2999877929688,728.0,716.0,719.4500122070312,24948
2023-10-18,DSSL,729.8499755859375,729.8499755859375,692.1500244140625,697.5999755859375,48261
2023-10-19,DSSL,697.5999755859375,708.9500122070312,680.0999755859375,685.7000122070312,44704
2023-10-20,DSSL,686.5499877929688,693.7999877929688,655.2999877929688,666.0999755859375,56335
2023-10-23,DSSL,667.0,684.4000244140625,655.5499877929688,658.3499755859375,33417
2023-10-25,DSSL,700.0,700.0,647.2999877929688,664.4500122070312,36751
2023-10-26,DSSL,664.0,664.1500244140625,628.0499877929688,651.9500122070312,49580
2023-10-27,DSSL,656.7000122070312,782.0,656.6500244140625,727.0999755859375,281216
2023-10-30,DSSL,748.0,752.7999877929688,727.1500244140625,732.4000244140625,78960
2023-10-31,DSSL,730.0,849.0,730.0,800.0,554260
2023-10-03,DTIL,229.5,229.8999938964844,221.8999938964844,222.8000030517578,5509
2023-10-04,DTIL,222.6999969482422,223.4499969482422,220.8500061035156,222.6499938964844,2642
2023-10-05,DTIL,225.6000061035156,225.6000061035156,221.3500061035156,223.1000061035156,2388
2023-10-06,DTIL,225.4499969482422,225.4499969482422,221.1499938964844,223.0,3421
2023-10-09,DTIL,224.8000030517578,224.8000030517578,215.0,216.4499969482422,3123
2023-10-10,DTIL,220.6499938964844,220.75,216.3500061035156,219.3500061035156,2403
2023-10-11,DTIL,222.8999938964844,222.8999938964844,217.6499938964844,218.5,4205
2023-10-12,DTIL,216.75,222.3500061035156,216.75,219.5,2169
2023-10-13,DTIL,219.5,221.9499969482422,218.0500030517578,218.5500030517578,3746
2023-10-16,DTIL,216.1999969482422,221.0,214.0,214.9499969482422,11829
2023-10-17,DTIL,218.8000030517578,222.5,216.0500030517578,221.3999938964844,9890
2023-10-18,DTIL,221.3999938964844,232.6999969482422,215.1000061035156,226.1999969482422,26859
2023-10-19,DTIL,220.3000030517578,230.3999938964844,220.3000030517578,226.5500030517578,7098
2023-10-20,DTIL,228.9499969482422,235.0,223.3000030517578,230.1999969482422,31019
2023-10-23,DTIL,232.0,236.8999938964844,215.6499938964844,218.3000030517578,12528
2023-10-25,DTIL,222.0,222.0,209.3999938964844,210.75,14602
2023-10-26,DTIL,207.5500030517578,215.0,206.5500030517578,211.5,11547
2023-10-27,DTIL,209.1000061035156,217.8000030517578,209.1000061035156,215.3999938964844,6548
2023-10-30,DTIL,218.75,218.75,211.8000030517578,214.3500061035156,2073
2023-10-31,DTIL,218.0,218.3500061035156,212.0500030517578,213.8000030517578,520
2023-10-03,DUCON,7.050000190734863,7.199999809265137,7.050000190734863,7.050000190734863,25499
2023-10-04,DUCON,7.0,7.050000190734863,6.900000095367432,7.0,52260
2023-10-05,DUCON,6.949999809265137,6.949999809265137,6.900000095367432,6.949999809265137,52940
2023-10-06,DUCON,6.949999809265137,7.0,6.949999809265137,6.949999809265137,42746
2023-10-09,DUCON,6.849999904632568,6.949999809265137,6.849999904632568,6.849999904632568,12893
2023-10-10,DUCON,6.900000095367432,6.949999809265137,6.75,6.900000095367432,32409
2023-10-11,DUCON,6.900000095367432,7.0,6.900000095367432,6.900000095367432,14176
2023-10-12,DUCON,7.0,7.0,6.800000190734863,7.0,70558
2023-10-13,DUCON,7.0,7.0,7.0,7.0,41395
2023-10-16,DUCON,7.050000190734863,7.349999904632568,6.75,7.300000190734863,282866
2023-10-17,DUCON,7.099999904632568,7.449999809265137,7.0,7.050000190734863,201879
2023-10-18,DUCON,6.900000095367432,7.300000190734863,6.900000095367432,7.050000190734863,128957
2023-10-19,DUCON,7.050000190734863,7.349999904632568,6.900000095367432,6.949999809265137,126121
2023-10-20,DUCON,6.949999809265137,7.150000095367432,6.849999904632568,7.0,119320
2023-10-23,DUCON,7.0,7.199999809265137,6.650000095367432,6.699999809265137,155533
2023-10-25,DUCON,6.599999904632568,6.949999809265137,6.599999904632568,6.650000095367432,119071
2023-10-26,DUCON,6.599999904632568,6.650000095367432,6.349999904632568,6.599999904632568,103226
2023-10-27,DUCON,6.699999809265137,6.849999904632568,6.550000190734863,6.699999809265137,132914
2023-10-30,DUCON,6.949999809265137,6.949999809265137,6.5,6.800000190734863,155762
2023-10-31,DUCON,6.900000095367432,6.949999809265137,6.550000190734863,6.599999904632568,177521
2023-10-03,DVL,270.54998779296875,271.8999938964844,265.1000061035156,265.79998779296875,18390
2023-10-04,DVL,265.79998779296875,268.75,262.29998779296875,263.75,22091
2023-10-05,DVL,267.5,268.8999938964844,263.54998779296875,265.3999938964844,12561
2023-10-06,DVL,264.1499938964844,270.95001220703125,264.1499938964844,268.6000061035156,18270
2023-10-09,DVL,268.54998779296875,268.54998779296875,256.0,257.1499938964844,38723
2023-10-10,DVL,258.0,261.45001220703125,258.0,260.20001220703125,16081
2023-10-11,DVL,260.8999938964844,263.75,259.25,260.5,27784
2023-10-12,DVL,260.54998779296875,265.95001220703125,260.0,262.29998779296875,16163
2023-10-13,DVL,265.79998779296875,265.79998779296875,258.79998779296875,261.25,30398
2023-10-16,DVL,265.0,273.95001220703125,261.6000061035156,268.3999938964844,50937
2023-10-17,DVL,272.8999938964844,274.0,266.45001220703125,268.6000061035156,24843
2023-10-18,DVL,269.1499938964844,302.45001220703125,269.04998779296875,293.20001220703125,864629
2023-10-19,DVL,296.0,305.6499938964844,290.0,291.29998779296875,339483
2023-10-20,DVL,295.70001220703125,309.8999938964844,289.3500061035156,305.6000061035156,652981
2023-10-23,DVL,309.8500061035156,316.3500061035156,280.54998779296875,284.70001220703125,375924
2023-10-25,DVL,290.0,296.0,276.1499938964844,284.1000061035156,122422
2023-10-26,DVL,286.25,286.8500061035156,270.3500061035156,278.8999938964844,89338
2023-10-27,DVL,282.8500061035156,290.0,281.70001220703125,285.1000061035156,56545
2023-10-30,DVL,286.95001220703125,289.45001220703125,278.1499938964844,280.6000061035156,44312
2023-10-31,DVL,284.29998779296875,286.0,280.0,281.5,33750
2023-10-03,DWARKESH,104.4499969482422,104.5,101.8499984741211,102.1500015258789,1911922
2023-10-04,DWARKESH,101.5,105.0999984741211,100.0,101.25,2559415
2023-10-05,DWARKESH,101.9000015258789,102.6999969482422,100.5,101.1999969482422,1382819
2023-10-06,DWARKESH,101.8499984741211,102.6500015258789,100.75,101.1999969482422,1185510
2023-10-09,DWARKESH,101.5,103.3499984741211,98.0,98.6500015258789,2640567
2023-10-10,DWARKESH,99.1999969482422,100.5999984741211,98.3499984741211,98.8499984741211,1303817
2023-10-11,DWARKESH,99.6999969482422,100.3499984741211,98.5999984741211,99.3499984741211,865556
2023-10-12,DWARKESH,99.8499984741211,100.8499984741211,98.5500030517578,98.9000015258789,1132468
2023-10-13,DWARKESH,98.6999969482422,99.4499969482422,98.1999969482422,98.8000030517578,962795
2023-10-16,DWARKESH,98.9000015258789,103.3000030517578,98.8499984741211,101.4000015258789,3466568
2023-10-17,DWARKESH,102.5,102.9000015258789,100.9000015258789,101.3499984741211,1294798
2023-10-18,DWARKESH,101.9499969482422,104.5999984741211,100.3000030517578,101.0500030517578,2970951
2023-10-19,DWARKESH,100.8000030517578,100.9000015258789,99.1999969482422,100.4000015258789,1660018
2023-10-20,DWARKESH,100.0,102.1500015258789,99.0,99.9499969482422,1643971
2023-10-23,DWARKESH,99.9499969482422,100.0999984741211,89.5,90.6999969482422,3425748
2023-10-25,DWARKESH,92.5,96.3499984741211,90.1999969482422,92.5500030517578,6275771
2023-10-26,DWARKESH,92.4000015258789,93.8000030517578,89.55000305175781,93.0999984741211,2051864
2023-10-27,DWARKESH,93.8499984741211,96.0,90.3499984741211,90.8499984741211,3388773
2023-10-30,DWARKESH,90.9000015258789,92.75,90.0999984741211,91.0999984741211,1370594
2023-10-31,DWARKESH,91.5,91.9000015258789,89.5,89.6500015258789,1626509
2023-10-03,DYCL,227.4750061035156,230.0,225.1000061035156,227.125,39002
2023-10-04,DYCL,228.6750030517578,228.6750030517578,220.0,223.125,58124
2023-10-05,DYCL,223.4499969482422,224.8000030517578,218.125,221.3500061035156,42636
2023-10-06,DYCL,222.5,224.3999938964844,220.625,222.3249969482422,29768
2023-10-09,DYCL,216.1000061035156,217.5,211.2250061035156,211.3500061035156,133114
2023-10-10,DYCL,206.0249938964844,221.4499969482422,206.0249938964844,215.5500030517578,53476
2023-10-11,DYCL,218.6750030517578,226.3249969482422,218.0,226.3249969482422,32108
2023-10-12,DYCL,237.5,237.625,237.0,237.625,27002
2023-10-13,DYCL,244.625,249.5,237.5,240.7749938964844,113326
2023-10-16,DYCL,240.7749938964844,246.75,237.0,238.5,50436
2023-10-17,DYCL,242.3000030517578,242.6999969482422,237.5,238.9250030517578,30172
2023-10-18,DYCL,238.9250030517578,238.9250030517578,230.5,233.8000030517578,39944
2023-10-19,DYCL,227.5749969482422,237.0,227.5749969482422,235.6000061035156,34848
2023-10-20,DYCL,235.4750061035156,236.9750061035156,230.5,234.0749969482422,33822
2023-10-23,DYCL,233.9750061035156,234.0,222.375,223.1750030517578,58016
2023-10-25,DYCL,223.1750030517578,226.875,212.0249938964844,218.0500030517578,54502
2023-10-26,DYCL,216.6000061035156,221.5,207.1499938964844,217.75,73530
2023-10-27,DYCL,217.375,228.625,216.9750061035156,228.1999969482422,39886
2023-10-30,DYCL,233.0,233.0,222.5500030517578,225.8000030517578,27316
2023-10-31,DYCL,229.25,229.25,220.0,222.9750061035156,22390
2023-10-03,DYNAMATECH,4093.0,4340.0,4075.0,4291.25,26146
2023-10-04,DYNAMATECH,4291.25,4680.0,4291.25,4598.64990234375,111837
2023-10-05,DYNAMATECH,4621.60009765625,4671.60009765625,4512.5,4579.2001953125,30371
2023-10-06,DYNAMATECH,4590.0,4750.0,4559.0,4627.9501953125,29306
2023-10-09,DYNAMATECH,4540.14990234375,4579.2998046875,4450.2998046875,4463.5498046875,12019
2023-10-10,DYNAMATECH,4486.14990234375,4630.0,4470.10009765625,4614.7998046875,18207
2023-10-11,DYNAMATECH,4650.0,4678.25,4522.25,4575.75,10188
2023-10-12,DYNAMATECH,4598.64990234375,4645.0,4375.0,4404.0498046875,10752
2023-10-13,DYNAMATECH,4425.0,4470.0,4372.0498046875,4421.60009765625,6572
2023-10-16,DYNAMATECH,4443.75,4478.60009765625,4373.10009765625,4394.2001953125,4355
2023-10-17,DYNAMATECH,4416.2001953125,4483.4501953125,4394.2001953125,4453.89990234375,5051
2023-10-18,DYNAMATECH,4469.7998046875,4498.64990234375,4400.35009765625,4441.9501953125,6449
2023-10-19,DYNAMATECH,4440.14990234375,4479.9501953125,4400.5,4422.5,5230
2023-10-20,DYNAMATECH,4444.0,4499.89990234375,4335.75,4368.25,5730
2023-10-23,DYNAMATECH,4368.5,4403.9501953125,4105.10009765625,4212.35009765625,14616
2023-10-25,DYNAMATECH,4150.5,4200.25,3915.39990234375,3967.35009765625,16980
2023-10-26,DYNAMATECH,3950.0,3967.0,3775.050048828125,3911.10009765625,23919
2023-10-27,DYNAMATECH,3930.699951171875,4129.9501953125,3930.699951171875,4070.75,14245
2023-10-30,DYNAMATECH,4070.75,4101.0,3921.0,3984.64990234375,12523
2023-10-31,DYNAMATECH,4000.0,4091.89990234375,3955.64990234375,4012.550048828125,5448
2023-10-03,DYNPRO,331.1000061035156,341.75,325.0,326.1499938964844,32161
2023-10-04,DYNPRO,326.25,334.8500061035156,326.25,333.20001220703125,18528
2023-10-05,DYNPRO,335.0,338.1000061035156,317.29998779296875,321.5,51461
2023-10-06,DYNPRO,326.5,329.79998779296875,315.0,324.3999938964844,30945
2023-10-09,DYNPRO,325.0,326.70001220703125,316.1000061035156,321.1000061035156,15678
2023-10-10,DYNPRO,324.8999938964844,325.79998779296875,315.8500061035156,318.25,24125
2023-10-11,DYNPRO,321.54998779296875,330.8999938964844,321.04998779296875,329.1499938964844,17128
2023-10-12,DYNPRO,330.04998779296875,334.04998779296875,317.20001220703125,320.95001220703125,49226
2023-10-13,DYNPRO,316.5,325.3999938964844,316.5,320.04998779296875,14876
2023-10-16,DYNPRO,320.04998779296875,332.0,316.1000061035156,327.95001220703125,22396
2023-10-17,DYNPRO,330.0,334.0,325.1000061035156,327.04998779296875,17324
2023-10-18,DYNPRO,331.1499938964844,334.70001220703125,323.0,324.3500061035156,12368
2023-10-19,DYNPRO,323.95001220703125,327.8999938964844,318.6000061035156,320.3500061035156,19492
2023-10-20,DYNPRO,321.0,324.8500061035156,315.0,316.5,18418
2023-10-23,DYNPRO,318.5,320.3500061035156,300.0,302.6000061035156,27700
2023-10-25,DYNPRO,306.29998779296875,310.1499938964844,290.0,292.04998779296875,26830
2023-10-26,DYNPRO,295.0,309.0,288.0,301.6000061035156,24724
2023-10-27,DYNPRO,303.3500061035156,319.0,303.3500061035156,312.29998779296875,28219
2023-10-30,DYNPRO,314.79998779296875,314.8500061035156,306.54998779296875,310.75,12807
2023-10-31,DYNPRO,309.1499938964844,314.0,303.29998779296875,305.3999938964844,11062
2023-10-03,E2E,41.79999923706055,42.119998931884766,40.400001525878906,42.119998931884766,232490
2023-10-04,E2E,44.22499847412109,44.22499847412109,41.900001525878906,44.22499847412109,437510
2023-10-05,E2E,45.0,45.09999847412109,45.0,45.0,140230
2023-10-06,E2E,45.900001525878906,45.900001525878906,45.900001525878906,45.900001525878906,88930
2023-10-09,E2E,46.79999923706055,46.81499862670898,45.900001525878906,46.79999923706055,176220
2023-10-10,E2E,47.27999877929688,47.73500061035156,47.27999877929688,47.27999877929688,97810
2023-10-11,E2E,48.0,48.20000076293945,48.0,48.0,82190
2023-10-12,E2E,48.900001525878906,48.95000076293945,48.900001525878906,48.900001525878906,119370
2023-10-13,E2E,49.494998931884766,49.875,49.494998931884766,49.494998931884766,145170
2023-10-16,E2E,48.505001068115234,48.720001220703125,48.505001068115234,48.505001068115234,62640
2023-10-17,E2E,47.53499984741211,47.53499984741211,47.53499984741211,47.53499984741211,17540
2023-10-18,E2E,46.584999084472656,46.584999084472656,46.584999084472656,46.584999084472656,271660
2023-10-19,E2E,45.65499877929688,46.0,45.65499877929688,45.65499877929688,187280
2023-10-20,E2E,46.56499862670898,46.56499862670898,46.0,46.56499862670898,117220
2023-10-23,E2E,47.400001525878906,47.494998931884766,47.400001525878906,47.400001525878906,161590
2023-10-25,E2E,46.45500183105469,48.20000076293945,46.45500183105469,46.45500183105469,103400
2023-10-26,E2E,45.525001525878906,45.525001525878906,45.525001525878906,45.525001525878906,48700
2023-10-27,E2E,46.435001373291016,46.435001373291016,46.435001373291016,46.435001373291016,48850
2023-10-30,E2E,47.36000061035156,47.36000061035156,47.36000061035156,47.36000061035156,26790
2023-10-31,E2E,48.30500030517578,48.30500030517578,48.30500030517578,48.30500030517578,35390
2023-10-03,EASEMYTRIP,20.5,21.549999237060547,20.5,20.975000381469727,149702032
2023-10-04,EASEMYTRIP,20.975000381469727,21.350000381469727,20.375,20.799999237060547,61756542
2023-10-05,EASEMYTRIP,20.64999961853028,21.424999237060547,20.52499961853028,20.850000381469727,59772340
2023-10-06,EASEMYTRIP,20.950000762939453,21.39999961853028,20.825000762939453,21.174999237060547,70615712
2023-10-09,EASEMYTRIP,20.950000762939453,20.950000762939453,20.27499961853028,20.350000381469727,23595630
2023-10-10,EASEMYTRIP,20.5,21.100000381469727,20.450000762939453,20.975000381469727,31869534
2023-10-11,EASEMYTRIP,21.100000381469727,21.200000762939453,20.52499961853028,20.875,22622888
2023-10-12,EASEMYTRIP,20.850000381469727,20.975000381469727,20.375,20.5,33262378
2023-10-13,EASEMYTRIP,20.450000762939453,21.174999237060547,19.875,20.600000381469727,79943924
2023-10-16,EASEMYTRIP,21.14999961853028,22.049999237060547,20.725000381469727,21.375,290424778
2023-10-17,EASEMYTRIP,21.450000762939453,21.600000381469727,20.875,21.0,50451512
2023-10-18,EASEMYTRIP,21.100000381469727,21.375,20.77499961853028,20.825000762939453,45640082
2023-10-19,EASEMYTRIP,20.700000762939453,20.825000762939453,20.450000762939453,20.52499961853028,20513082
2023-10-20,EASEMYTRIP,20.52499961853028,20.674999237060547,20.0,20.049999237060547,18042192
2023-10-23,EASEMYTRIP,20.125,20.27499961853028,19.125,19.5,30735658
2023-10-25,EASEMYTRIP,19.75,20.25,18.975000381469727,19.125,31341178
2023-10-26,EASEMYTRIP,19.0,19.325000762939453,18.5,19.174999237060547,22698862
2023-10-27,EASEMYTRIP,19.375,20.0,19.325000762939453,19.924999237060547,17993590
2023-10-30,EASEMYTRIP,19.924999237060547,20.14999961853028,19.725000381469727,19.77499961853028,13724224
2023-10-31,EASEMYTRIP,19.825000762939453,20.0,19.725000381469727,19.77499961853028,6371658
2023-10-03,EASTSILK,2.0999999046325684,2.0999999046325684,2.0999999046325684,2.0999999046325684,8640
2023-10-04,EASTSILK,2.0999999046325684,2.0999999046325684,2.0999999046325684,2.0999999046325684,0
2023-10-05,EASTSILK,2.0999999046325684,2.0999999046325684,2.0999999046325684,2.0999999046325684,0
2023-10-06,EASTSILK,2.0999999046325684,2.0999999046325684,2.0999999046325684,2.0999999046325684,0
2023-10-09,EASTSILK,2.0,2.0,2.0,2.0,550
2023-10-10,EASTSILK,2.0,2.0,2.0,2.0,0
2023-10-11,EASTSILK,2.0,2.0,2.0,2.0,0
2023-10-12,EASTSILK,2.0,2.0,2.0,2.0,0
2023-10-13,EASTSILK,2.0,2.0,2.0,2.0,0
2023-10-16,EASTSILK,1.899999976158142,2.0,1.899999976158142,1.899999976158142,81959
2023-10-17,EASTSILK,1.899999976158142,1.899999976158142,1.899999976158142,1.899999976158142,0
2023-10-18,EASTSILK,1.899999976158142,1.899999976158142,1.899999976158142,1.899999976158142,0
2023-10-19,EASTSILK,1.899999976158142,1.899999976158142,1.899999976158142,1.899999976158142,0
2023-10-20,EASTSILK,1.899999976158142,1.899999976158142,1.899999976158142,1.899999976158142,0
2023-10-23,EASTSILK,1.7999999523162842,1.7999999523162842,1.7999999523162842,1.7999999523162842,21002
2023-10-25,EASTSILK,1.7999999523162842,1.7999999523162842,1.7999999523162842,1.7999999523162842,0
2023-10-26,EASTSILK,1.7999999523162842,1.7999999523162842,1.7999999523162842,1.7999999523162842,0
2023-10-27,EASTSILK,1.7999999523162842,1.7999999523162842,1.7999999523162842,1.7999999523162842,0
2023-10-30,EASTSILK,1.75,1.7999999523162842,1.75,1.75,17428
2023-10-31,EASTSILK,1.75,1.75,1.75,1.75,0
2023-10-03,ECLERX,900.0,935.9249877929688,899.125,930.4000244140624,225728
2023-10-04,ECLERX,922.5,942.5,905.0499877929688,928.4249877929688,199138
2023-10-05,ECLERX,924.0,1024.5,908.0499877929688,1011.125,1541350
2023-10-06,ECLERX,1019.0,1084.3499755859375,990.0,1073.925048828125,1331314
2023-10-09,ECLERX,1075.0,1075.0,1026.550048828125,1045.574951171875,383516
2023-10-10,ECLERX,1050.0,1074.5,1030.5,1043.175048828125,299310
2023-10-11,ECLERX,1043.199951171875,1125.0,1040.3499755859375,1084.0,1104176
2023-10-12,ECLERX,1084.0,1089.0,1069.0,1077.050048828125,302270
2023-10-13,ECLERX,1072.5,1099.449951171875,1030.5,1045.324951171875,271826
2023-10-16,ECLERX,1059.824951171875,1072.1500244140625,1030.5250244140625,1036.9000244140625,157546
2023-10-17,ECLERX,1045.0,1052.4749755859375,1032.5,1036.75,62484
2023-10-18,ECLERX,1042.5,1043.8499755859375,1006.25,1026.6500244140625,70060
2023-10-19,ECLERX,1021.5,1035.0,1010.0499877929688,1026.625,86340
2023-10-20,ECLERX,1026.625,1032.5,1000.0,1008.5,49580
2023-10-23,ECLERX,1011.4749755859376,1011.5,932.75,968.4249877929688,372396
2023-10-25,ECLERX,985.0,985.0,939.125,968.1749877929688,227748
2023-10-26,ECLERX,959.3499755859376,966.9749755859376,935.5,949.9249877929688,185554
2023-10-27,ECLERX,959.9249877929688,987.4249877929688,955.0999755859376,974.7999877929688,105526
2023-10-30,ECLERX,971.0,1004.3250122070312,957.5,988.7000122070312,149922
2023-10-31,ECLERX,993.0250244140624,997.2249755859376,971.0999755859376,979.0,316004
2023-10-03,EDELWEISS,61.25,63.45000076293945,59.54999923706055,63.0,24026420
2023-10-04,EDELWEISS,62.79999923706055,67.9000015258789,61.75,65.94999694824219,55532179
2023-10-05,EDELWEISS,66.9000015258789,76.5,66.5,73.9000015258789,69442555
2023-10-06,EDELWEISS,75.5,77.05000305175781,68.55000305175781,69.80000305175781,28423967
2023-10-09,EDELWEISS,69.0,69.0,65.0,66.4000015258789,7160960
2023-10-10,EDELWEISS,67.5,67.94999694824219,65.5999984741211,66.19999694824219,3060490
2023-10-11,EDELWEISS,66.30000305175781,67.9000015258789,65.5,66.55000305175781,2318574
2023-10-12,EDELWEISS,66.6500015258789,67.5999984741211,65.6500015258789,66.19999694824219,1873729
2023-10-13,EDELWEISS,66.0,67.25,64.80000305175781,65.1500015258789,3249555
2023-10-16,EDELWEISS,65.6500015258789,70.4000015258789,65.44999694824219,68.69999694824219,13703761
2023-10-17,EDELWEISS,69.44999694824219,69.5,67.0999984741211,68.5,4162774
2023-10-18,EDELWEISS,68.69999694824219,70.3499984741211,67.55000305175781,68.0,6254840
2023-10-19,EDELWEISS,67.69999694824219,68.4000015258789,66.05000305175781,66.5,3353451
2023-10-20,EDELWEISS,66.94999694824219,67.19999694824219,65.3499984741211,65.9000015258789,2796324
2023-10-23,EDELWEISS,66.0999984741211,66.30000305175781,61.0,61.25,5193379
2023-10-25,EDELWEISS,61.75,63.20000076293945,60.0,61.400001525878906,5910107
2023-10-26,EDELWEISS,61.25,62.650001525878906,59.34999847412109,62.04999923706055,4097116
2023-10-27,EDELWEISS,62.79999923706055,63.20000076293945,61.95000076293945,62.650001525878906,2812733
2023-10-30,EDELWEISS,62.34999847412109,63.0,61.34999847412109,62.70000076293945,2430238
2023-10-31,EDELWEISS,63.0,63.25,61.20000076293945,62.0,2503482
2023-10-03,EICHERMOT,3426.89990234375,3434.949951171875,3302.89990234375,3351.39990234375,1354075
2023-10-04,EICHERMOT,3350.0,3408.949951171875,3323.75,3400.89990234375,566983
2023-10-05,EICHERMOT,3405.5,3453.89990234375,3387.050048828125,3443.60009765625,394665
2023-10-06,EICHERMOT,3443.60009765625,3464.449951171875,3438.35009765625,3450.39990234375,249258
2023-10-09,EICHERMOT,3420.199951171875,3476.0,3401.0,3445.60009765625,471285
2023-10-10,EICHERMOT,3450.449951171875,3474.0,3449.050048828125,3458.75,206646
2023-10-11,EICHERMOT,3482.0,3494.10009765625,3461.39990234375,3486.60009765625,343468
2023-10-12,EICHERMOT,3490.0,3534.949951171875,3476.449951171875,3494.199951171875,644992
2023-10-13,EICHERMOT,3481.0,3500.0,3441.0,3476.39990234375,280442
2023-10-16,EICHERMOT,3462.10009765625,3503.0,3462.10009765625,3486.60009765625,147663
2023-10-17,EICHERMOT,3505.0,3522.800048828125,3487.0,3500.85009765625,260333
2023-10-18,EICHERMOT,3500.85009765625,3546.85009765625,3482.10009765625,3496.10009765625,368551
2023-10-19,EICHERMOT,3480.0,3534.0,3460.35009765625,3501.199951171875,353664
2023-10-20,EICHERMOT,3500.0,3500.14990234375,3465.60009765625,3480.89990234375,216268
2023-10-23,EICHERMOT,3467.10009765625,3492.89990234375,3425.85009765625,3446.35009765625,211293
2023-10-25,EICHERMOT,3435.10009765625,3446.25,3368.800048828125,3384.39990234375,354128
2023-10-26,EICHERMOT,3370.0,3375.0,3310.0,3326.800048828125,428619
2023-10-27,EICHERMOT,3326.800048828125,3410.0,3326.800048828125,3394.85009765625,293097
2023-10-30,EICHERMOT,3403.0,3426.0,3336.199951171875,3357.64990234375,257392
2023-10-31,EICHERMOT,3366.550048828125,3367.0,3287.199951171875,3295.550048828125,409346
2023-10-03,EIDPARRY,525.0,525.25,516.9000244140625,519.7000122070312,219119
2023-10-04,EIDPARRY,519.7000122070312,525.25,506.1000061035156,512.4000244140625,410784
2023-10-05,EIDPARRY,517.7000122070312,524.6500244140625,514.0499877929688,518.25,238535
2023-10-06,EIDPARRY,521.5999755859375,533.9500122070312,519.0499877929688,524.4000244140625,582701
2023-10-09,EIDPARRY,524.4000244140625,526.0499877929688,517.0499877929688,520.2000122070312,353113
2023-10-10,EIDPARRY,521.9500122070312,525.25,517.75,519.8499755859375,248720
2023-10-11,EIDPARRY,524.0,525.25,516.5,518.2000122070312,231094
2023-10-12,EIDPARRY,520.0,523.0,508.1499938964844,509.6499938964844,321107
2023-10-13,EIDPARRY,510.5,513.0,505.0,510.0,291299
2023-10-16,EIDPARRY,510.0,515.25,509.0499877929688,513.25,365160
2023-10-17,EIDPARRY,515.5999755859375,519.0499877929688,510.0,511.6000061035156,210026
2023-10-18,EIDPARRY,514.0,516.75,495.1499938964844,497.9500122070313,607348
2023-10-19,EIDPARRY,497.5,499.2999877929688,491.7000122070313,496.6000061035156,452181
2023-10-20,EIDPARRY,495.0,503.5,492.0499877929688,493.8500061035156,203973
2023-10-23,EIDPARRY,493.0,494.8500061035156,459.6499938964844,467.0499877929688,773175
2023-10-25,EIDPARRY,474.0,481.0499877929688,460.2999877929688,468.6499938964844,364013
2023-10-26,EIDPARRY,468.6499938964844,471.8999938964844,452.7000122070313,466.1000061035156,358345
2023-10-27,EIDPARRY,473.0499877929688,480.25,469.0,475.7999877929688,250998
2023-10-30,EIDPARRY,478.8500061035156,478.8500061035156,463.2999877929688,465.2999877929688,349927
2023-10-31,EIDPARRY,467.9500122070313,473.0,458.5499877929688,461.5499877929688,403656
2023-10-03,EIFFL,142.60000610351562,145.0,142.39999389648438,142.9499969482422,18937
2023-10-04,EIFFL,143.0,143.0,141.5,142.1999969482422,18462
2023-10-05,EIFFL,143.64999389648438,144.75,141.6999969482422,142.9499969482422,17776
2023-10-06,EIFFL,142.4499969482422,144.9499969482422,142.0,143.3000030517578,15662
2023-10-09,EIFFL,142.89999389648438,145.0,142.35000610351562,143.8000030517578,9975
2023-10-10,EIFFL,143.14999389648438,145.25,141.64999389648438,145.1999969482422,19589
2023-10-11,EIFFL,145.0,145.89999389648438,136.39999389648438,144.6999969482422,30974
2023-10-12,EIFFL,140.8000030517578,144.5,140.8000030517578,143.14999389648438,17772
2023-10-13,EIFFL,140.6999969482422,144.4499969482422,140.0500030517578,141.85000610351562,18432
2023-10-16,EIFFL,141.89999389648438,143.4499969482422,140.4499969482422,142.10000610351562,18910
2023-10-17,EIFFL,143.0500030517578,144.0,140.25,142.9499969482422,19552
2023-10-18,EIFFL,143.0,145.89999389648438,141.0,145.25,19499
2023-10-19,EIFFL,143.0500030517578,144.5500030517578,141.25,142.75,52733
2023-10-20,EIFFL,142.0500030517578,144.5,140.6999969482422,141.75,45930
2023-10-23,EIFFL,146.0,146.0,138.5500030517578,140.0500030517578,53687
2023-10-25,EIFFL,138.0500030517578,142.0,138.0500030517578,139.89999389648438,54510
2023-10-26,EIFFL,137.10000610351562,140.35000610351562,137.10000610351562,139.10000610351562,48237
2023-10-27,EIFFL,142.8000030517578,142.8000030517578,139.0500030517578,140.39999389648438,66499
2023-10-30,EIFFL,142.0,142.5500030517578,139.4499969482422,141.85000610351562,108676
2023-10-31,EIFFL,141.10000610351562,144.4499969482422,138.10000610351562,141.85000610351562,151526
2023-10-03,EIHAHOTELS,233.0249938964844,244.0,233.0249938964844,241.4250030517578,84836
2023-10-04,EIHAHOTELS,242.9250030517578,243.8999938964844,236.5500030517578,239.5,45006
2023-10-05,EIHAHOTELS,240.6999969482422,243.9750061035156,238.625,241.5500030517578,23382
2023-10-06,EIHAHOTELS,243.4499969482422,250.9250030517578,241.6000061035156,246.7250061035156,79264
2023-10-09,EIHAHOTELS,246.4250030517578,246.4250030517578,238.0,239.125,45248
2023-10-10,EIHAHOTELS,240.0749969482422,242.5,238.5500030517578,239.5500030517578,24570
2023-10-11,EIHAHOTELS,238.8500061035156,241.125,234.5,239.5749969482422,51044
2023-10-12,EIHAHOTELS,239.5749969482422,242.3249969482422,238.0,239.7749938964844,28934
2023-10-13,EIHAHOTELS,239.3999938964844,240.875,237.8500061035156,238.8999938964844,25320
2023-10-16,EIHAHOTELS,238.6999969482422,241.3500061035156,237.5,240.1750030517578,25324
2023-10-17,EIHAHOTELS,240.9250030517578,241.8500061035156,236.3249969482422,237.875,46130
2023-10-18,EIHAHOTELS,238.6750030517578,239.8249969482422,236.5249938964844,237.3000030517578,13546
2023-10-19,EIHAHOTELS,235.5249938964844,237.5500030517578,233.8000030517578,236.3249969482422,26486
2023-10-20,EIHAHOTELS,234.25,237.0,233.0249938964844,233.8500061035156,28432
2023-10-23,EIHAHOTELS,233.5,234.5,223.8500061035156,225.4250030517578,35630
2023-10-25,EIHAHOTELS,225.6499938964844,229.0,220.5,226.8500061035156,30844
2023-10-26,EIHAHOTELS,226.9499969482422,226.9499969482422,206.8999938964844,219.2749938964844,70896
2023-10-27,EIHAHOTELS,219.0,228.6750030517578,217.5,224.8500061035156,18096
2023-10-30,EIHAHOTELS,226.75,226.75,220.5249938964844,223.1999969482422,37550
2023-10-31,EIHAHOTELS,224.3249969482422,228.9499969482422,221.0,223.5749969482422,20516
2023-10-03,EIHOTEL,226.8999938964844,234.8999938964844,224.8999938964844,232.1999969482422,2365045
2023-10-04,EIHOTEL,234.5,238.9499969482422,230.75,232.6000061035156,2329761
2023-10-05,EIHOTEL,234.25,236.9499969482422,230.1999969482422,233.1999969482422,837681
2023-10-06,EIHOTEL,234.3999938964844,242.5,233.0500030517578,236.5500030517578,1996898
2023-10-09,EIHOTEL,236.1499938964844,236.1499938964844,226.3500061035156,228.6499938964844,764908
2023-10-10,EIHOTEL,229.4499969482422,234.6499938964844,229.4499969482422,232.6499938964844,617236
2023-10-11,EIHOTEL,233.5500030517578,235.0500030517578,229.1000061035156,231.1499938964844,610134
2023-10-12,EIHOTEL,232.1999969482422,235.0,230.1499938964844,232.5,460928
2023-10-13,EIHOTEL,231.5,233.8999938964844,230.0,230.1999969482422,366590
2023-10-16,EIHOTEL,230.8999938964844,231.5,228.0,229.0,450698
2023-10-17,EIHOTEL,229.4499969482422,232.5,228.0500030517578,229.0500030517578,399042
2023-10-18,EIHOTEL,230.4499969482422,230.4499969482422,225.3000030517578,229.1000061035156,615240
2023-10-19,EIHOTEL,228.5500030517578,228.5500030517578,224.1499938964844,225.5500030517578,377736
2023-10-20,EIHOTEL,225.5500030517578,226.6999969482422,222.1000061035156,223.1999969482422,393588
2023-10-23,EIHOTEL,223.1000061035156,223.8000030517578,213.6499938964844,216.8500061035156,788718
2023-10-25,EIHOTEL,216.8500061035156,218.1499938964844,209.5500030517578,213.8000030517578,572118
2023-10-26,EIHOTEL,211.9499969482422,215.5500030517578,205.5500030517578,213.1499938964844,733831
2023-10-27,EIHOTEL,213.8000030517578,216.0,209.5,211.3500061035156,641663
2023-10-30,EIHOTEL,211.3500061035156,229.8000030517578,210.25,227.8999938964844,3128929
2023-10-31,EIHOTEL,227.0500030517578,231.4499969482422,224.0500030517578,224.9499969482422,784524
2023-10-03,EIMCOELECO,902.0,909.9000244140624,864.9000244140625,876.0999755859375,8238
2023-10-04,EIMCOELECO,892.6500244140625,909.9000244140624,878.4000244140625,894.0,7438
2023-10-05,EIMCOELECO,902.7999877929688,938.7000122070312,899.5999755859375,938.7000122070312,19160
2023-10-06,EIMCOELECO,984.9500122070312,985.5999755859376,964.7000122070312,985.5999755859376,18692
2023-10-09,EIMCOELECO,996.0,1108.0,996.0,1091.199951171875,179929
2023-10-10,EIMCOELECO,1092.0,1179.0,1092.0,1165.1500244140625,179273
2023-10-11,EIMCOELECO,1178.0,1276.949951171875,1140.050048828125,1218.199951171875,95912
2023-10-12,EIMCOELECO,1218.199951171875,1264.0,1218.0,1246.0999755859375,20440
2023-10-13,EIMCOELECO,1215.0,1463.6500244140625,1215.0,1416.300048828125,105791
2023-10-16,EIMCOELECO,1448.0,1472.8499755859375,1335.5,1389.449951171875,40977
2023-10-17,EIMCOELECO,1412.0,1528.3499755859375,1326.550048828125,1528.3499755859375,122553
2023-10-18,EIMCOELECO,1618.800048828125,1680.0,1549.0,1629.3499755859375,112916
2023-10-19,EIMCOELECO,1638.800048828125,1639.949951171875,1560.5999755859375,1585.300048828125,21936
2023-10-20,EIMCOELECO,1583.949951171875,1604.5999755859375,1506.050048828125,1506.050048828125,54739
2023-10-23,EIMCOELECO,1470.0,1559.9000244140625,1430.75,1430.75,29255
2023-10-25,EIMCOELECO,1440.949951171875,1469.5999755859375,1359.25,1401.300048828125,25261
2023-10-26,EIMCOELECO,1400.0,1429.949951171875,1331.25,1400.4000244140625,24427
2023-10-27,EIMCOELECO,1432.4000244140625,1461.0,1340.0,1356.449951171875,17414
2023-10-30,EIMCOELECO,1357.0,1492.050048828125,1323.0,1479.3499755859375,33406
2023-10-31,EIMCOELECO,1499.5999755859375,1538.6500244140625,1436.0999755859375,1448.050048828125,34848
2023-10-03,EKC,119.0,119.5999984741211,116.0999984741211,116.5500030517578,287637
2023-10-04,EKC,115.9000015258789,117.4499969482422,112.75,113.75,493263
2023-10-05,EKC,115.0,116.75,114.3499984741211,115.1999969482422,277078
2023-10-06,EKC,116.9499969482422,119.3000030517578,115.5999984741211,116.6500015258789,421323
2023-10-09,EKC,116.0,116.0,112.5999984741211,113.0,296813
2023-10-10,EKC,113.6500015258789,117.4000015258789,113.5999984741211,115.4499969482422,233929
2023-10-11,EKC,116.0999984741211,117.9000015258789,116.0500030517578,117.5999984741211,275632
2023-10-12,EKC,117.9000015258789,118.75,114.5999984741211,115.3000030517578,245902
2023-10-13,EKC,114.8000030517578,116.0500030517578,114.0,114.5,194179
2023-10-16,EKC,114.0,117.5,113.5999984741211,116.0500030517578,302327
2023-10-17,EKC,116.8499984741211,122.9000015258789,114.9499969482422,121.4000015258789,1322679
2023-10-18,EKC,122.0,123.75,118.6500015258789,119.8000030517578,488247
2023-10-19,EKC,119.6999969482422,123.9000015258789,118.0500030517578,123.3499984741211,727857
2023-10-20,EKC,123.0500030517578,128.39999389648438,122.5999984741211,124.6500015258789,1588445
2023-10-23,EKC,124.8000030517578,126.3000030517578,114.3499984741211,115.5500030517578,737433
2023-10-25,EKC,117.9499969482422,119.3000030517578,110.5999984741211,112.4499969482422,760516
2023-10-26,EKC,113.4000015258789,113.4000015258789,108.3499984741211,111.8000030517578,536517
2023-10-27,EKC,112.5,116.8000030517578,112.5,114.75,327597
2023-10-30,EKC,115.5999984741211,116.3499984741211,113.0999984741211,114.6999969482422,239147
2023-10-31,EKC,116.0,116.6500015258789,113.4000015258789,114.3499984741211,182725
2023-10-03,ELDEHSG,725.0,725.0999755859375,708.7000122070312,716.2000122070312,1261
2023-10-04,ELDEHSG,721.5999755859375,721.5999755859375,687.0999755859375,694.7000122070312,3336
2023-10-05,ELDEHSG,700.3499755859375,706.0,694.0499877929688,701.1500244140625,617
2023-10-06,ELDEHSG,704.0499877929688,704.0499877929688,696.0,700.0,681
2023-10-09,ELDEHSG,710.0999755859375,712.9500122070312,690.1500244140625,696.7000122070312,941
2023-10-10,ELDEHSG,701.9500122070312,794.0,701.0999755859375,769.2000122070312,38909
2023-10-11,ELDEHSG,788.0,794.0,762.0,775.0499877929688,12332
2023-10-12,ELDEHSG,782.5999755859375,782.5999755859375,753.8499755859375,770.6500244140625,2516
2023-10-13,ELDEHSG,767.0,767.0,750.0499877929688,752.6500244140625,2314
2023-10-16,ELDEHSG,758.7000122070312,766.0,741.0,745.8499755859375,1406
2023-10-17,ELDEHSG,746.9000244140625,747.0,722.2000122070312,730.0499877929688,2335
2023-10-18,ELDEHSG,731.0499877929688,733.4000244140625,716.5499877929688,719.6500244140625,1606
2023-10-19,ELDEHSG,721.0499877929688,735.0,716.0,726.1500244140625,1470
2023-10-20,ELDEHSG,731.2000122070312,735.9500122070312,721.3499755859375,728.3499755859375,2146
2023-10-23,ELDEHSG,730.4000244140625,734.2999877929688,709.0999755859375,709.7999877929688,2608
2023-10-25,ELDEHSG,723.9500122070312,723.9500122070312,692.75,708.9000244140625,3170
2023-10-26,ELDEHSG,699.75,714.9500122070312,670.3499755859375,705.2000122070312,3954
2023-10-27,ELDEHSG,709.7000122070312,732.1500244140625,702.6500244140625,724.1500244140625,1850
2023-10-30,ELDEHSG,720.25,727.75,700.4500122070312,724.75,1418
2023-10-31,ELDEHSG,727.6500244140625,734.7000122070312,719.1500244140625,724.75,656
2023-10-03,ELECON,387.0,403.5499877929688,387.0,396.7749938964844,1042040
2023-10-04,ELECON,397.0499877929688,404.2000122070313,388.0,399.5499877929688,1033886
2023-10-05,ELECON,401.5499877929688,403.5499877929688,396.5499877929688,398.6499938964844,423000
2023-10-06,ELECON,401.1499938964844,402.9750061035156,382.5249938964844,385.7999877929688,776802
2023-10-09,ELECON,382.9750061035156,401.0,379.2999877929688,381.3250122070313,1095818
2023-10-10,ELECON,384.5249938964844,394.1749877929688,382.5249938964844,391.5499877929688,480400
2023-10-11,ELECON,394.5,403.7999877929688,394.4500122070313,401.0249938964844,604042
2023-10-12,ELECON,403.0,421.3999938964844,402.9750061035156,413.7250061035156,1099820
2023-10-13,ELECON,412.5,422.4500122070313,410.0750122070313,418.7749938964844,611522
2023-10-16,ELECON,421.4750061035156,425.0,403.5249938964844,406.4500122070313,721936
2023-10-17,ELECON,410.0,413.9500122070313,398.5249938964844,406.0249938964844,469814
2023-10-18,ELECON,406.0249938964844,412.5,392.9750061035156,396.4249877929688,612798
2023-10-19,ELECON,393.0249938964844,401.6000061035156,386.0750122070313,393.4750061035156,524568
2023-10-20,ELECON,397.9500122070313,419.875,396.0,403.5750122070313,2669340
2023-10-23,ELECON,407.5,414.9500122070313,385.5750122070313,388.7000122070313,975652
2023-10-25,ELECON,393.9249877929688,399.3250122070313,368.5,373.9750061035156,944256
2023-10-26,ELECON,373.9500122070313,389.75,356.625,387.3999938964844,1087004
2023-10-27,ELECON,387.4750061035156,400.5,387.4750061035156,394.9500122070313,487816
2023-10-30,ELECON,397.5,404.5,391.5,402.5750122070313,567840
2023-10-31,ELECON,404.0,424.75,404.0,422.0,1503634
2023-10-03,ELECTCAST,71.0,74.69999694824219,70.55000305175781,73.30000305175781,8446862
2023-10-04,ELECTCAST,73.30000305175781,74.69999694824219,71.5,74.0,5798119
2023-10-05,ELECTCAST,75.0,75.55000305175781,73.0,74.30000305175781,7756855
2023-10-06,ELECTCAST,74.25,76.5,74.05000305175781,75.0999984741211,5316439
2023-10-09,ELECTCAST,74.19999694824219,74.94999694824219,72.30000305175781,73.4000015258789,3681171
2023-10-10,ELECTCAST,74.0,76.5,73.8499984741211,74.75,4072795
2023-10-11,ELECTCAST,75.25,81.80000305175781,75.19999694824219,81.0,20262931
2023-10-12,ELECTCAST,81.5,82.5,78.3499984741211,79.9000015258789,7458658
2023-10-13,ELECTCAST,79.5,84.55000305175781,78.44999694824219,83.6500015258789,15237943
2023-10-16,ELECTCAST,84.0,86.0,83.30000305175781,84.55000305175781,8545607
2023-10-17,ELECTCAST,84.5999984741211,89.5999984741211,84.5999984741211,87.3499984741211,17552042
2023-10-18,ELECTCAST,87.0,87.9000015258789,85.44999694824219,85.69999694824219,6977259
2023-10-19,ELECTCAST,84.69999694824219,88.80000305175781,84.19999694824219,88.3499984741211,11231727
2023-10-20,ELECTCAST,89.0,89.1500015258789,85.25,86.0,5269141
2023-10-23,ELECTCAST,86.4000015258789,86.44999694824219,80.75,81.94999694824219,11435182
2023-10-25,ELECTCAST,81.0,84.25,77.55000305175781,80.44999694824219,6857381
2023-10-26,ELECTCAST,80.4000015258789,81.94999694824219,78.9000015258789,80.8499984741211,6110195
2023-10-27,ELECTCAST,82.30000305175781,84.94999694824219,81.94999694824219,83.5999984741211,5893601
2023-10-30,ELECTCAST,84.0999984741211,85.94999694824219,82.80000305175781,83.25,4586345
2023-10-31,ELECTCAST,83.94999694824219,85.4000015258789,83.6500015258789,84.8499984741211,2670873
2023-10-03,ELECTHERM,110.75,120.5500030517578,109.6500015258789,120.5500030517578,62001
2023-10-04,ELECTHERM,124.9000015258789,126.5500030517578,117.0,126.5500030517578,50272
2023-10-05,ELECTHERM,130.60000610351562,132.85000610351562,130.35000610351562,132.85000610351562,11440
2023-10-06,ELECTHERM,139.4499969482422,139.4499969482422,139.4499969482422,139.4499969482422,9878
2023-10-09,ELECTHERM,146.39999389648438,146.39999389648438,142.60000610351562,146.39999389648438,72478
2023-10-10,ELECTHERM,144.89999389648438,153.6999969482422,139.10000610351562,140.35000610351562,78073
2023-10-11,ELECTHERM,143.0,147.35000610351562,139.10000610351562,147.35000610351562,15311
2023-10-12,ELECTHERM,145.0,145.10000610351562,144.39999389648438,145.0,4626
2023-10-13,ELECTHERM,142.10000610351562,147.0,142.10000610351562,142.10000610351562,4519
2023-10-16,ELECTHERM,139.25,140.0,139.25,139.25,8537
2023-10-17,ELECTHERM,136.5,136.6999969482422,136.5,136.5,8006
2023-10-18,ELECTHERM,133.8000030517578,133.8000030517578,133.8000030517578,133.8000030517578,1909
2023-10-19,ELECTHERM,133.75,133.75,131.14999389648438,133.75,6836
2023-10-20,ELECTHERM,131.10000610351562,133.10000610351562,131.10000610351562,131.10000610351562,5252
2023-10-23,ELECTHERM,128.5,128.5,128.5,128.5,3237
2023-10-25,ELECTHERM,125.9499969482422,128.0,125.9499969482422,125.9499969482422,2037
2023-10-26,ELECTHERM,123.4499969482422,123.4499969482422,123.4499969482422,123.4499969482422,1658
2023-10-27,ELECTHERM,125.9000015258789,125.9000015258789,121.8000030517578,125.9000015258789,7527
2023-10-30,ELECTHERM,125.5,125.5,124.5,125.5,2572
2023-10-31,ELECTHERM,123.4000015258789,123.4000015258789,123.1999969482422,123.4000015258789,5664
2023-10-03,ELGIEQUIP,510.0,517.0,509.0499877929688,514.9000244140625,136059
2023-10-04,ELGIEQUIP,510.1499938964844,512.9000244140625,496.0,501.3999938964844,225982
2023-10-05,ELGIEQUIP,503.9500122070313,506.3500061035156,496.25,499.7000122070313,128872
2023-10-06,ELGIEQUIP,499.7000122070313,502.2000122070313,493.0,494.75,103438
2023-10-09,ELGIEQUIP,494.7000122070313,514.0,475.5,497.5,469615
2023-10-10,ELGIEQUIP,496.25,502.0,489.0,490.0499877929688,161785
2023-10-11,ELGIEQUIP,490.5,500.0,482.3500061035156,486.25,189789
2023-10-12,ELGIEQUIP,488.0,505.0,488.0,489.6499938964844,305924
2023-10-13,ELGIEQUIP,489.6499938964844,497.0,475.75,479.0,245864
2023-10-16,ELGIEQUIP,478.0,483.0,474.1499938964844,479.6000061035156,132176
2023-10-17,ELGIEQUIP,483.7000122070313,492.9500122070313,481.0499877929688,488.0,144075
2023-10-18,ELGIEQUIP,488.0,497.9500122070313,480.1000061035156,494.2999877929688,222968
2023-10-19,ELGIEQUIP,495.0,512.0,489.4500122070313,510.5499877929688,496438
2023-10-20,ELGIEQUIP,514.0,515.0,495.2999877929688,499.2999877929688,224928
2023-10-23,ELGIEQUIP,499.0,503.5,470.0499877929688,477.0,175217
2023-10-25,ELGIEQUIP,480.0,491.0,469.75,484.7000122070313,140012
2023-10-26,ELGIEQUIP,481.0,482.8999938964844,466.7999877929688,472.0,139824
2023-10-27,ELGIEQUIP,472.6000061035156,488.8500061035156,472.6000061035156,481.1499938964844,115241
2023-10-30,ELGIEQUIP,482.0,504.0,480.0,501.2000122070313,388240
2023-10-31,ELGIEQUIP,503.0,516.2000122070312,503.0,505.3500061035156,653354
2023-10-03,ELGIRUBCO,52.45000076293945,53.0,51.5,52.25,24917
2023-10-04,ELGIRUBCO,53.20000076293945,53.20000076293945,50.5,52.09999847412109,32691
2023-10-05,ELGIRUBCO,52.150001525878906,54.70000076293945,51.25,53.29999923706055,66147
2023-10-06,ELGIRUBCO,54.650001525878906,54.650001525878906,52.5,53.09999847412109,22567
2023-10-09,ELGIRUBCO,53.0,53.0,50.5,51.25,38824
2023-10-10,ELGIRUBCO,52.0,53.0,49.5,51.59999847412109,60148
2023-10-11,ELGIRUBCO,51.650001525878906,53.79999923706055,51.650001525878906,53.29999923706055,77012
2023-10-12,ELGIRUBCO,53.29999923706055,53.900001525878906,52.5,53.04999923706055,43248
2023-10-13,ELGIRUBCO,53.0,54.04999923706055,51.54999923706055,53.400001525878906,37430
2023-10-16,ELGIRUBCO,54.150001525878906,54.150001525878906,51.79999923706055,53.70000076293945,27651
2023-10-17,ELGIRUBCO,53.95000076293945,55.0,52.0,52.54999923706055,61868
2023-10-18,ELGIRUBCO,52.5,53.34999847412109,51.54999923706055,52.0,25544
2023-10-19,ELGIRUBCO,52.900001525878906,52.900001525878906,51.59999847412109,52.59999847412109,12122
2023-10-20,ELGIRUBCO,52.70000076293945,53.150001525878906,51.650001525878906,52.79999923706055,34037
2023-10-23,ELGIRUBCO,53.75,53.75,50.20000076293945,50.20000076293945,52908
2023-10-25,ELGIRUBCO,52.150001525878906,52.150001525878906,47.70000076293945,47.75,58800
2023-10-26,ELGIRUBCO,47.75,47.900001525878906,45.400001525878906,47.84999847412109,38939
2023-10-27,ELGIRUBCO,49.70000076293945,49.70000076293945,47.95000076293945,49.25,29316
2023-10-30,ELGIRUBCO,50.45000076293945,50.84999847412109,49.09999847412109,49.45000076293945,7821
2023-10-31,ELGIRUBCO,50.0,51.09999847412109,48.650001525878906,49.09999847412109,17001
2023-10-03,ELIN,171.0500030517578,181.0,169.0,175.60000610351562,392741
2023-10-04,ELIN,175.0,180.3999938964844,172.10000610351562,173.25,464412
2023-10-05,ELIN,174.89999389648438,194.1000061035156,174.89999389648438,191.1999969482422,2376230
2023-10-06,ELIN,192.8999938964844,193.1000061035156,185.3000030517578,187.8000030517578,505729
2023-10-09,ELIN,185.8500061035156,185.8500061035156,175.75,178.14999389648438,440832
2023-10-10,ELIN,180.1499938964844,193.0,180.1499938964844,185.0,724661
2023-10-11,ELIN,188.0,191.0,182.5500030517578,184.5,300715
2023-10-12,ELIN,185.8999938964844,188.0,183.1499938964844,185.8999938964844,195505
2023-10-13,ELIN,185.0,194.3500061035156,182.1999969482422,184.6000061035156,545176
2023-10-16,ELIN,185.6999969482422,187.1000061035156,182.1499938964844,182.8999938964844,194087
2023-10-17,ELIN,184.3000030517578,186.8000030517578,182.3500061035156,183.1499938964844,204750
2023-10-18,ELIN,183.0500030517578,186.3000030517578,178.9499969482422,180.0500030517578,208154
2023-10-19,ELIN,180.0,181.4499969482422,176.3000030517578,179.5500030517578,178719
2023-10-20,ELIN,180.25,183.8000030517578,175.1999969482422,175.8000030517578,191211
2023-10-23,ELIN,177.64999389648438,179.1999969482422,158.4499969482422,161.64999389648438,547257
2023-10-25,ELIN,164.9499969482422,168.39999389648438,155.1999969482422,158.5,380418
2023-10-26,ELIN,158.35000610351562,163.5,154.1999969482422,162.75,334661
2023-10-27,ELIN,163.3000030517578,167.3000030517578,163.10000610351562,165.60000610351562,162724
2023-10-30,ELIN,165.5,166.14999389648438,162.25,164.1999969482422,96370
2023-10-31,ELIN,164.85000610351562,166.64999389648438,161.5,162.5500030517578,146970
2023-10-03,EMAMILTD,538.9000244140625,544.9000244140625,531.7000122070312,534.6500244140625,332164
2023-10-04,EMAMILTD,534.9000244140625,553.0499877929688,530.1500244140625,538.5,556601
2023-10-05,EMAMILTD,540.7000122070312,543.9500122070312,527.0999755859375,530.25,302251
2023-10-06,EMAMILTD,530.3499755859375,534.75,523.2999877929688,526.8499755859375,201476
2023-10-09,EMAMILTD,525.5499877929688,525.5499877929688,501.5499877929688,507.1499938964844,246108
2023-10-10,EMAMILTD,507.0,523.5999755859375,505.5499877929688,516.9500122070312,342458
2023-10-11,EMAMILTD,518.0,526.8499755859375,518.0,519.8499755859375,357192
2023-10-12,EMAMILTD,523.25,534.75,513.2000122070312,518.1500244140625,462689
2023-10-13,EMAMILTD,516.0,519.3499755859375,509.0,509.9500122070313,268645
2023-10-16,EMAMILTD,512.0,514.3499755859375,496.1499938964844,499.6499938964844,376751
2023-10-17,EMAMILTD,507.0,514.9500122070312,499.0499877929688,500.3500061035156,506494
2023-10-18,EMAMILTD,502.0,509.6499938964844,496.7999877929688,503.25,338324
2023-10-19,EMAMILTD,502.7000122070313,508.2999877929688,499.1499938964844,504.8999938964844,187472
2023-10-20,EMAMILTD,508.3500061035156,521.25,504.25,509.75,563202
2023-10-23,EMAMILTD,511.0,516.7000122070312,489.3500061035156,497.0499877929688,365569
2023-10-25,EMAMILTD,497.0,514.9500122070312,497.0,510.4500122070313,497796
2023-10-26,EMAMILTD,509.0,509.0,495.1499938964844,498.5,265351
2023-10-27,EMAMILTD,498.9500122070313,512.5,498.9500122070313,504.8500061035156,124817
2023-10-30,EMAMILTD,504.8500061035156,514.4500122070312,502.0,507.7999877929688,161213
2023-10-31,EMAMILTD,509.8999938964844,516.4500122070312,507.8999938964844,509.8999938964844,272123
2023-10-03,EMAMIREAL,84.5,84.69999694824219,81.30000305175781,81.8499984741211,30502
2023-10-04,EMAMIREAL,81.9000015258789,82.0,79.1500015258789,79.8499984741211,47348
2023-10-05,EMAMIREAL,80.0,82.69999694824219,78.5999984741211,79.44999694824219,101960
2023-10-06,EMAMIREAL,81.55000305175781,81.55000305175781,76.05000305175781,77.5,67847
2023-10-09,EMAMIREAL,77.4000015258789,77.5,73.19999694824219,74.8499984741211,46259
2023-10-10,EMAMIREAL,75.30000305175781,79.8499984741211,75.1500015258789,78.55000305175781,88987
2023-10-11,EMAMIREAL,78.6500015258789,81.0,77.0,78.55000305175781,49922
2023-10-12,EMAMIREAL,79.5,79.5,78.1500015258789,78.9000015258789,24455
2023-10-13,EMAMIREAL,78.0,79.5,77.0,78.30000305175781,36988
2023-10-16,EMAMIREAL,78.30000305175781,82.5,77.55000305175781,79.3499984741211,69073
2023-10-17,EMAMIREAL,79.0,82.9000015258789,79.0,79.80000305175781,42101
2023-10-18,EMAMIREAL,79.5,80.55000305175781,77.0,77.4000015258789,65906
2023-10-19,EMAMIREAL,78.5999984741211,78.5999984741211,74.94999694824219,76.5999984741211,68894
2023-10-20,EMAMIREAL,76.4000015258789,91.9000015258789,76.4000015258789,91.9000015258789,1643977
2023-10-23,EMAMIREAL,93.0,93.6999969482422,83.0999984741211,84.25,751165
2023-10-25,EMAMIREAL,87.05000305175781,90.4499969482422,79.5,82.5,220601
2023-10-26,EMAMIREAL,80.19999694824219,89.94999694824219,79.0,86.05000305175781,380829
2023-10-27,EMAMIREAL,86.44999694824219,91.6500015258789,84.0,84.69999694824219,245097
2023-10-30,EMAMIREAL,85.0,93.8499984741211,81.55000305175781,88.0999984741211,609508
2023-10-31,EMAMIREAL,88.19999694824219,91.0500030517578,87.0,88.5999984741211,193780
2023-10-03,EMBDL,82.94999694824219,83.55000305175781,81.5999984741211,82.1500015258789,7588542
2023-10-04,EMBDL,82.19999694824219,84.1500015258789,78.0,79.8499984741211,15521589
2023-10-05,EMBDL,80.5,82.0,79.80000305175781,80.3499984741211,7232929
2023-10-06,EMBDL,80.55000305175781,83.1500015258789,79.5999984741211,82.44999694824219,12182508
2023-10-09,EMBDL,80.0,81.0,77.5,77.94999694824219,10411046
2023-10-10,EMBDL,78.9000015258789,82.5,78.69999694824219,81.9000015258789,15060982
2023-10-11,EMBDL,82.4000015258789,83.69999694824219,81.1500015258789,81.5999984741211,7622448
2023-10-12,EMBDL,81.80000305175781,82.0,80.3499984741211,80.69999694824219,6017162
2023-10-13,EMBDL,80.0,82.0,79.80000305175781,80.30000305175781,5692988
2023-10-16,EMBDL,80.3499984741211,82.6500015258789,80.30000305175781,81.19999694824219,6849036
2023-10-17,EMBDL,82.0,82.19999694824219,80.69999694824219,81.05000305175781,4653174
2023-10-18,EMBDL,81.25,81.44999694824219,78.0,78.4000015258789,7667978
2023-10-19,EMBDL,77.80000305175781,80.75,77.55000305175781,80.3499984741211,7611945
2023-10-20,EMBDL,80.30000305175781,82.0,78.6500015258789,79.0999984741211,6969116
2023-10-23,EMBDL,79.0999984741211,79.44999694824219,72.0,72.80000305175781,10270641
2023-10-25,EMBDL,73.5999984741211,76.9000015258789,70.5,71.94999694824219,7606262
2023-10-26,EMBDL,71.94999694824219,72.5,69.0,71.30000305175781,8719329
2023-10-27,EMBDL,72.0,74.5,72.0,73.8499984741211,6230956
2023-10-30,EMBDL,73.9000015258789,75.4000015258789,72.4000015258789,74.4000015258789,5693258
2023-10-31,EMBDL,74.69999694824219,76.5,72.44999694824219,73.19999694824219,8979196
2023-10-03,EMIL,138.5,144.0,135.0,141.10000610351562,575054
2023-10-04,EMIL,140.39999389648438,140.9499969482422,134.0500030517578,136.5,792818
2023-10-05,EMIL,138.89999389648438,143.3000030517578,136.5500030517578,143.3000030517578,1514806
2023-10-06,EMIL,145.6999969482422,150.4499969482422,144.8000030517578,150.4499969482422,2406530
2023-10-09,EMIL,150.0,157.9499969482422,144.60000610351562,148.85000610351562,2518946
2023-10-10,EMIL,150.35000610351562,154.89999389648438,148.3000030517578,148.75,454308
2023-10-11,EMIL,151.0,153.5,146.9499969482422,148.4499969482422,601376
2023-10-12,EMIL,150.1999969482422,153.35000610351562,147.60000610351562,149.0500030517578,670363
2023-10-13,EMIL,149.9499969482422,156.5,147.5,152.6999969482422,1201226
2023-10-16,EMIL,156.0,160.3000030517578,155.9499969482422,160.3000030517578,1400227
2023-10-17,EMIL,168.3000030517578,168.3000030517578,162.5500030517578,168.3000030517578,1487077
2023-10-18,EMIL,170.0,174.39999389648438,159.89999389648438,165.60000610351562,1524561
2023-10-19,EMIL,163.0,168.75,161.75,163.6999969482422,473708
2023-10-20,EMIL,164.89999389648438,165.75,155.5500030517578,155.5500030517578,397095
2023-10-23,EMIL,152.0,163.25,147.85000610351562,159.9499969482422,1504454
2023-10-25,EMIL,159.0,164.64999389648438,151.9499969482422,155.35000610351562,715160
2023-10-26,EMIL,151.5,163.10000610351562,147.60000610351562,158.1999969482422,1994561
2023-10-27,EMIL,163.0,165.6999969482422,159.1999969482422,162.85000610351562,506031
2023-10-30,EMIL,163.4499969482422,179.10000610351562,161.39999389648438,177.0,1239139
2023-10-31,EMIL,182.0,194.6499938964844,173.35000610351562,190.25,2804677
2023-10-03,EMKAY,86.05000305175781,87.0999984741211,85.05000305175781,85.30000305175781,17811
2023-10-04,EMKAY,86.9000015258789,86.9000015258789,83.0,83.3499984741211,26263
2023-10-05,EMKAY,86.0,86.0,83.5999984741211,84.0999984741211,18416
2023-10-06,EMKAY,85.5999984741211,89.1500015258789,84.1500015258789,87.94999694824219,83541
2023-10-09,EMKAY,86.0999984741211,87.75,83.0,83.4000015258789,26109
2023-10-10,EMKAY,84.05000305175781,86.5,84.05000305175781,86.25,19464
2023-10-11,EMKAY,85.1500015258789,89.9000015258789,85.1500015258789,88.25,35531
2023-10-12,EMKAY,89.5,99.9499969482422,88.0,97.8000030517578,416439
2023-10-13,EMKAY,100.9000015258789,105.0,94.4000015258789,101.3000030517578,753987
2023-10-16,EMKAY,100.3499984741211,102.1500015258789,98.0,98.75,119355
2023-10-17,EMKAY,100.6500015258789,105.3000030517578,99.4000015258789,102.5999984741211,215233
2023-10-18,EMKAY,104.0,104.9000015258789,99.0,101.0500030517578,82426
2023-10-19,EMKAY,102.4000015258789,103.9499969482422,98.6500015258789,99.5,74493
2023-10-20,EMKAY,99.0,100.8000030517578,95.1999969482422,96.0999984741211,66920
2023-10-23,EMKAY,98.5,98.5,88.80000305175781,89.75,87661
2023-10-25,EMKAY,90.0999984741211,92.1999969482422,89.05000305175781,90.8000030517578,60418
2023-10-26,EMKAY,91.6999969482422,91.6999969482422,86.5999984741211,89.19999694824219,49382
2023-10-27,EMKAY,90.0,94.6999969482422,90.0,91.9000015258789,61830
2023-10-30,EMKAY,91.9000015258789,92.8499984741211,88.4000015258789,89.9000015258789,28282
2023-10-31,EMKAY,94.9499969482422,107.8499984741211,92.0500030517578,102.4000015258789,2249603
2023-10-03,EMMBI,116.0500030517578,116.0500030517578,110.0500030517578,111.25,89577
2023-10-04,EMMBI,111.25,116.3000030517578,109.0,113.3000030517578,116622
2023-10-05,EMMBI,113.3000030517578,115.9000015258789,112.0500030517578,113.6999969482422,105375
2023-10-06,EMMBI,114.0,114.4000015258789,110.5999984741211,111.5500030517578,69159
2023-10-09,EMMBI,109.9499969482422,115.0,108.25,109.9499969482422,124638
2023-10-10,EMMBI,112.0,112.0,108.0500030517578,110.25,71278
2023-10-11,EMMBI,111.3499984741211,114.0,109.6500015258789,110.5500030517578,68976
2023-10-12,EMMBI,111.9499969482422,116.0,111.6500015258789,113.0999984741211,89753
2023-10-13,EMMBI,113.0,114.5,111.0999984741211,112.0999984741211,54770
2023-10-16,EMMBI,112.9000015258789,114.5500030517578,109.9000015258789,111.8499984741211,108230
2023-10-17,EMMBI,111.5500030517578,114.25,107.0,110.1500015258789,150364
2023-10-18,EMMBI,110.0999984741211,117.1500015258789,110.0999984741211,114.8499984741211,245756
2023-10-19,EMMBI,114.8499984741211,118.3499984741211,111.25,116.75,173335
2023-10-20,EMMBI,118.5,121.0,112.1500015258789,113.3499984741211,160001
2023-10-23,EMMBI,113.0,114.5999984741211,105.0,105.6500015258789,185287
2023-10-25,EMMBI,107.25,108.75,101.0,103.4499969482422,78497
2023-10-26,EMMBI,104.0,108.75,100.0500030517578,107.0,120982
2023-10-27,EMMBI,108.5,112.8499984741211,107.8000030517578,110.5999984741211,66127
2023-10-30,EMMBI,110.5999984741211,111.1500015258789,106.0500030517578,107.0999984741211,34387
2023-10-31,EMMBI,107.8000030517578,109.75,106.1500015258789,107.0500030517578,27630
2023-10-03,EMSLIMITED,268.25,292.20001220703125,267.5,287.5,3050026
2023-10-04,EMSLIMITED,287.5,291.6000061035156,275.0,276.75,1614833
2023-10-05,EMSLIMITED,279.5,304.3999938964844,278.1499938964844,304.3999938964844,2805736
2023-10-06,EMSLIMITED,313.04998779296875,333.3999938964844,310.0,323.1499938964844,4343638
2023-10-09,EMSLIMITED,320.0,332.8500061035156,308.0,312.04998779296875,2569485
2023-10-10,EMSLIMITED,318.0,328.8500061035156,315.25,317.04998779296875,1092241
2023-10-11,EMSLIMITED,320.0,326.75,315.0,322.8999938964844,808979
2023-10-12,EMSLIMITED,331.79998779296875,334.70001220703125,322.04998779296875,325.3500061035156,1178824
2023-10-13,EMSLIMITED,323.0,332.6000061035156,321.45001220703125,327.29998779296875,815527
2023-10-16,EMSLIMITED,327.0,329.3500061035156,315.54998779296875,318.5,777368
2023-10-17,EMSLIMITED,321.79998779296875,323.3999938964844,311.0,312.45001220703125,394259
2023-10-18,EMSLIMITED,314.0,315.3999938964844,300.29998779296875,303.1000061035156,604581
2023-10-19,EMSLIMITED,303.0,316.0,299.95001220703125,309.5,525995
2023-10-20,EMSLIMITED,310.79998779296875,317.5,296.0,301.95001220703125,583740
2023-10-23,EMSLIMITED,306.04998779296875,309.54998779296875,289.79998779296875,292.8500061035156,663204
2023-10-25,EMSLIMITED,296.1000061035156,300.95001220703125,277.20001220703125,289.70001220703125,711579
2023-10-26,EMSLIMITED,286.95001220703125,289.29998779296875,277.04998779296875,286.1000061035156,519697
2023-10-27,EMSLIMITED,290.25,302.0,289.0,299.25,652535
2023-10-30,EMSLIMITED,302.0,305.0,296.0,296.95001220703125,313010
2023-10-31,EMSLIMITED,298.70001220703125,303.95001220703125,292.1499938964844,293.1499938964844,259887
2023-10-03,EMUDHRA,467.4500122070313,474.6499938964844,464.2000122070313,470.6499938964844,110321
2023-10-04,EMUDHRA,470.7999877929688,494.4500122070313,469.1000061035156,481.25,203084
2023-10-05,EMUDHRA,485.6000061035156,492.0,475.2000122070313,478.7000122070313,105914
2023-10-06,EMUDHRA,481.8999938964844,484.8999938964844,475.0,476.6000061035156,66226
2023-10-09,EMUDHRA,468.1000061035156,473.0,461.6000061035156,464.75,76797
2023-10-10,EMUDHRA,466.25,482.9500122070313,465.5499877929688,468.5499877929688,87989
2023-10-11,EMUDHRA,471.75,474.8999938964844,462.0,466.9500122070313,55133
2023-10-12,EMUDHRA,470.0,471.9500122070313,465.4500122070313,469.2999877929688,54795
2023-10-13,EMUDHRA,473.7000122070313,484.0,466.0,468.8500061035156,99034
2023-10-16,EMUDHRA,474.8999938964844,477.0,456.0,459.3500061035156,117248
2023-10-17,EMUDHRA,465.7999877929688,469.25,459.3500061035156,463.1499938964844,85037
2023-10-18,EMUDHRA,462.0,468.7000122070313,458.1499938964844,460.7999877929688,59276
2023-10-19,EMUDHRA,462.0,466.75,451.6000061035156,457.2999877929688,70029
2023-10-20,EMUDHRA,464.1499938964844,464.8999938964844,450.0499877929688,451.3999938964844,50963
2023-10-23,EMUDHRA,450.0499877929688,453.9500122070313,419.0,423.5,152742
2023-10-25,EMUDHRA,423.5,450.9500122070313,422.7999877929688,431.25,112242
2023-10-26,EMUDHRA,437.7000122070313,437.7000122070313,416.0,430.9500122070313,110256
2023-10-27,EMUDHRA,433.7999877929688,447.2999877929688,431.7999877929688,443.2000122070313,52360
2023-10-30,EMUDHRA,440.0499877929688,456.8999938964844,435.0,451.9500122070313,67701
2023-10-31,EMUDHRA,453.0,459.9500122070313,450.0,456.2999877929688,57229
2023-10-03,ENDURANCE,1582.1500244140625,1638.0,1568.5,1576.3499755859375,34487
2023-10-04,ENDURANCE,1570.0,1610.0,1562.0,1574.9000244140625,495586
2023-10-05,ENDURANCE,1582.800048828125,1607.0,1577.0,1599.550048828125,75268
2023-10-06,ENDURANCE,1599.550048828125,1604.550048828125,1576.0,1585.0999755859375,68147
2023-10-09,ENDURANCE,1585.0999755859375,1587.949951171875,1540.050048828125,1552.300048828125,47666
2023-10-10,ENDURANCE,1551.949951171875,1580.0,1548.1500244140625,1568.199951171875,54257
2023-10-11,ENDURANCE,1571.199951171875,1616.949951171875,1563.0999755859375,1590.050048828125,388110
2023-10-12,ENDURANCE,1599.0,1604.949951171875,1576.0,1586.8499755859375,144308
2023-10-13,ENDURANCE,1580.0,1616.949951171875,1577.75,1601.9000244140625,299697
2023-10-16,ENDURANCE,1601.9000244140625,1620.0,1575.300048828125,1583.5,45021
2023-10-17,ENDURANCE,1586.949951171875,1606.75,1565.1500244140625,1573.8499755859375,26013
2023-10-18,ENDURANCE,1573.699951171875,1635.949951171875,1573.699951171875,1610.199951171875,126833
2023-10-19,ENDURANCE,1610.800048828125,1620.5999755859375,1578.5,1611.699951171875,93879
2023-10-20,ENDURANCE,1607.9000244140625,1647.949951171875,1590.0,1635.75,201449
2023-10-23,ENDURANCE,1642.0,1643.9000244140625,1600.0,1622.199951171875,119375
2023-10-25,ENDURANCE,1630.0,1630.0,1580.0,1601.300048828125,62903
2023-10-26,ENDURANCE,1599.0,1609.1500244140625,1559.3499755859375,1581.050048828125,212041
2023-10-27,ENDURANCE,1581.050048828125,1634.5,1580.0,1595.0999755859375,198675
2023-10-30,ENDURANCE,1603.050048828125,1617.5,1587.0,1604.050048828125,122737
2023-10-31,ENDURANCE,1607.949951171875,1611.550048828125,1573.8499755859375,1596.3499755859375,288857
2023-10-03,ENERGYDEV,20.0,20.600000381469727,19.64999961853028,19.850000381469727,138737
2023-10-04,ENERGYDEV,19.75,20.0,18.799999237060547,19.14999961853028,102902
2023-10-05,ENERGYDEV,19.350000381469727,19.700000762939453,19.0,19.200000762939453,89137
2023-10-06,ENERGYDEV,19.350000381469727,19.700000762939453,19.0,19.39999961853028,87774
2023-10-09,ENERGYDEV,19.049999237060547,19.5,18.64999961853028,18.850000381469727,74764
2023-10-10,ENERGYDEV,19.0,19.89999961853028,19.0,19.64999961853028,79781
2023-10-11,ENERGYDEV,19.950000762939453,22.299999237060547,19.350000381469727,20.39999961853028,458850
2023-10-12,ENERGYDEV,20.64999961853028,20.850000381469727,20.100000381469727,20.450000762939453,120912
2023-10-13,ENERGYDEV,20.450000762939453,20.450000762939453,19.5,19.700000762939453,172298
2023-10-16,ENERGYDEV,20.0,20.049999237060547,19.049999237060547,19.600000381469727,157367
2023-10-17,ENERGYDEV,19.600000381469727,20.0,19.5,19.700000762939453,69683
2023-10-18,ENERGYDEV,19.64999961853028,19.850000381469727,19.049999237060547,19.25,100670
2023-10-19,ENERGYDEV,19.299999237060547,20.39999961853028,19.100000381469727,19.850000381469727,295718
2023-10-20,ENERGYDEV,19.950000762939453,20.049999237060547,19.0,19.14999961853028,178332
2023-10-23,ENERGYDEV,19.25,19.39999961853028,18.549999237060547,18.64999961853028,85969
2023-10-25,ENERGYDEV,18.850000381469727,18.850000381469727,17.100000381469727,17.799999237060547,154058
2023-10-26,ENERGYDEV,17.899999618530273,17.899999618530273,16.600000381469727,17.25,187623
2023-10-27,ENERGYDEV,17.549999237060547,17.950000762939453,17.5,17.850000381469727,60598
2023-10-30,ENERGYDEV,18.0,18.0,17.350000381469727,17.649999618530273,61304
2023-10-31,ENERGYDEV,17.75,18.200000762939453,17.549999237060547,17.700000762939453,61845
2023-10-03,ENGINERSIN,145.10000610351562,147.5500030517578,143.5,145.4499969482422,1905414
2023-10-04,ENGINERSIN,145.0,145.39999389648438,141.14999389648438,142.64999389648438,1734951
2023-10-05,ENGINERSIN,143.5,144.5500030517578,142.25,143.14999389648438,1430645
2023-10-06,ENGINERSIN,143.1999969482422,144.39999389648438,142.14999389648438,142.85000610351562,1099703
2023-10-09,ENGINERSIN,140.10000610351562,140.9499969482422,137.0500030517578,138.14999389648438,2199665
2023-10-10,ENGINERSIN,138.25,142.35000610351562,138.25,139.64999389648438,2133112
2023-10-11,ENGINERSIN,141.0,142.1999969482422,140.0,140.3000030517578,1323233
2023-10-12,ENGINERSIN,140.60000610351562,144.1999969482422,139.60000610351562,141.35000610351562,3684050
2023-10-13,ENGINERSIN,141.89999389648438,144.14999389648438,139.75,140.10000610351562,3378357
2023-10-16,ENGINERSIN,140.10000610351562,140.89999389648438,137.3000030517578,139.0,2741319
2023-10-17,ENGINERSIN,140.6999969482422,142.25,136.5,138.1999969482422,2815541
2023-10-18,ENGINERSIN,138.5,140.3000030517578,134.0,134.9499969482422,3242202
2023-10-19,ENGINERSIN,135.1999969482422,141.25,135.1999969482422,139.5500030517578,6655403
2023-10-20,ENGINERSIN,140.39999389648438,142.60000610351562,135.64999389648438,136.10000610351562,3495562
2023-10-23,ENGINERSIN,136.75,137.85000610351562,126.0,127.0999984741211,4453114
2023-10-25,ENGINERSIN,128.0,130.1999969482422,121.4499969482422,123.8000030517578,3512348
2023-10-26,ENGINERSIN,122.4000015258789,123.6999969482422,116.4499969482422,118.9499969482422,6455880
2023-10-27,ENGINERSIN,120.9000015258789,128.39999389648438,120.1999969482422,126.5999984741211,7662325
2023-10-30,ENGINERSIN,128.5,129.5500030517578,125.1999969482422,126.8000030517578,4143731
2023-10-31,ENGINERSIN,129.5,129.5500030517578,121.8000030517578,123.6999969482422,3875492
2023-10-03,ENIL,161.35000610351562,164.8000030517578,158.0,161.1999969482422,278526
2023-10-04,ENIL,160.10000610351562,164.25,159.8000030517578,162.0500030517578,69422
2023-10-05,ENIL,164.89999389648438,186.0,162.0,181.5500030517578,1275308
2023-10-06,ENIL,181.1000061035156,181.5500030517578,176.10000610351562,176.75,187344
2023-10-09,ENIL,173.39999389648438,174.39999389648438,168.0,171.14999389648438,105299
2023-10-10,ENIL,175.0,188.3999938964844,174.35000610351562,178.64999389648438,477654
2023-10-11,ENIL,181.3000030517578,183.6999969482422,178.60000610351562,180.8500061035156,122145
2023-10-12,ENIL,180.8500061035156,185.1999969482422,178.8000030517578,179.4499969482422,135224
2023-10-13,ENIL,180.8500061035156,188.0,178.0,186.8500061035156,187540
2023-10-16,ENIL,185.0,197.3999938964844,185.0,191.5500030517578,375607
2023-10-17,ENIL,193.6000061035156,197.8999938964844,189.0,192.75,122127
2023-10-18,ENIL,191.0,194.4499969482422,182.8500061035156,186.9499969482422,128538
2023-10-19,ENIL,184.1499938964844,191.0,184.1499938964844,189.8999938964844,91730
2023-10-20,ENIL,190.8999938964844,190.8999938964844,186.1499938964844,186.6499938964844,48200
2023-10-23,ENIL,186.0,187.0500030517578,171.75,174.5500030517578,95705
2023-10-25,ENIL,174.5500030517578,182.4499969482422,170.60000610351562,174.1999969482422,112446
2023-10-26,ENIL,174.3000030517578,177.0,166.89999389648438,172.1999969482422,104904
2023-10-27,ENIL,172.85000610351562,180.3999938964844,172.8000030517578,174.6999969482422,52233
2023-10-30,ENIL,174.6999969482422,176.9499969482422,172.0500030517578,175.3000030517578,22692
2023-10-31,ENIL,176.1999969482422,178.9499969482422,170.5,172.14999389648438,54113
2023-10-03,EPIGRAL,997.0,1006.0,995.2999877929688,999.2999877929688,31528
2023-10-04,EPIGRAL,997.0,1014.0499877929688,962.5499877929688,976.2999877929688,38917
2023-10-05,EPIGRAL,985.9000244140624,1009.0,980.0,994.2999877929688,48355
2023-10-06,EPIGRAL,1003.0,1003.0,980.0,986.7000122070312,15607
2023-10-09,EPIGRAL,986.0,986.0,963.0,975.5499877929688,30827
2023-10-10,EPIGRAL,980.5,993.9500122070312,963.0,973.5499877929688,42095
2023-10-11,EPIGRAL,987.0,994.75,971.0,978.4000244140624,40122
2023-10-12,EPIGRAL,988.0,993.0,974.5999755859376,977.1500244140624,20102
2023-10-13,EPIGRAL,975.0,987.0,972.0,981.1500244140624,24379
2023-10-16,EPIGRAL,974.0,985.0,971.5999755859376,973.6500244140624,22031
2023-10-17,EPIGRAL,978.4500122070312,984.4000244140624,969.9000244140624,979.0999755859376,29336
2023-10-18,EPIGRAL,981.9500122070312,982.9500122070312,963.0,966.3499755859376,20432
2023-10-19,EPIGRAL,963.0,972.4500122070312,955.0,959.4000244140624,17650
2023-10-20,EPIGRAL,960.5999755859376,964.4500122070312,934.5,940.75,39818
2023-10-23,EPIGRAL,934.5,952.2999877929688,902.0,913.4500122070312,38989
2023-10-25,EPIGRAL,915.0,927.9000244140624,890.0,901.25,42763
2023-10-26,EPIGRAL,901.0,904.5499877929688,872.0999755859375,901.4500122070312,52461
2023-10-27,EPIGRAL,909.4000244140624,925.9000244140624,909.3499755859376,914.25,23372
2023-10-30,EPIGRAL,912.0,930.0,900.0,901.0499877929688,22195
2023-10-31,EPIGRAL,914.4500122070312,914.4500122070312,891.25,895.3499755859375,29943
2023-10-03,EPL,189.4499969482422,197.0,188.0500030517578,190.3999938964844,1470400
2023-10-04,EPL,190.8999938964844,194.6000061035156,189.0,189.4499969482422,766118
2023-10-05,EPL,191.0,195.1499938964844,190.5500030517578,193.1000061035156,1017003
2023-10-06,EPL,193.1999969482422,193.8999938964844,191.3999938964844,192.1499938964844,422793
2023-10-09,EPL,190.4499969482422,192.8500061035156,187.1000061035156,192.0500030517578,343058
2023-10-10,EPL,194.4499969482422,194.4499969482422,191.1000061035156,192.25,413911
2023-10-11,EPL,192.5500030517578,195.3500061035156,191.1999969482422,193.6000061035156,397342
2023-10-12,EPL,194.0,197.1999969482422,192.3000030517578,192.9499969482422,527088
2023-10-13,EPL,192.8500061035156,197.25,192.3500061035156,195.8500061035156,436581
2023-10-16,EPL,195.0,198.1999969482422,194.25,196.3500061035156,404594
2023-10-17,EPL,197.1999969482422,198.0,195.1499938964844,196.6999969482422,350169
2023-10-18,EPL,197.6499938964844,198.9499969482422,194.6999969482422,198.3000030517578,447625
2023-10-19,EPL,197.8999938964844,198.5,195.0500030517578,196.0500030517578,161691
2023-10-20,EPL,196.0,198.75,192.3999938964844,195.0,407313
2023-10-23,EPL,195.6499938964844,195.6499938964844,182.3500061035156,185.0500030517578,474638
2023-10-25,EPL,185.0500030517578,186.0,179.5,181.6499938964844,846225
2023-10-26,EPL,181.3999938964844,183.8000030517578,178.35000610351562,182.8500061035156,545653
2023-10-27,EPL,184.6999969482422,185.6999969482422,182.0,183.5,394488
2023-10-30,EPL,181.3000030517578,183.8500061035156,180.75,181.4499969482422,279766
2023-10-31,EPL,182.4499969482422,182.6999969482422,180.0,180.5500030517578,273253
2023-10-03,EQUIPPP,26.0,27.950000762939453,26.0,27.950000762939453,6218
2023-10-04,EQUIPPP,29.299999237060547,29.299999237060547,29.299999237060547,29.299999237060547,7670
2023-10-05,EQUIPPP,30.75,30.75,29.5,30.299999237060547,48929
2023-10-06,EQUIPPP,31.64999961853028,31.75,28.799999237060547,30.850000381469727,22635
2023-10-09,EQUIPPP,29.5,30.950000762939453,29.299999237060547,29.850000381469727,10305
2023-10-10,EQUIPPP,29.5,30.600000381469727,28.350000381469727,28.799999237060547,10366
2023-10-11,EQUIPPP,28.799999237060547,29.850000381469727,27.549999237060547,28.39999961853028,25945
2023-10-12,EQUIPPP,28.450000762939453,29.25,27.25,27.450000762939453,2769
2023-10-13,EQUIPPP,27.450000762939453,28.39999961853028,26.5,27.89999961853028,2179
2023-10-16,EQUIPPP,27.600000381469727,28.850000381469727,27.049999237060547,28.450000762939453,10210
2023-10-17,EQUIPPP,28.450000762939453,29.850000381469727,27.850000381469727,28.5,14854
2023-10-18,EQUIPPP,29.25,29.25,27.850000381469727,28.299999237060547,4924
2023-10-19,EQUIPPP,28.0,29.700000762939453,27.100000381469727,29.700000762939453,7604
2023-10-20,EQUIPPP,30.0,31.14999961853028,30.0,31.14999961853028,6719
2023-10-23,EQUIPPP,29.600000381469727,29.600000381469727,29.600000381469727,29.600000381469727,3454
2023-10-25,EQUIPPP,28.25,28.25,28.14999961853028,28.14999961853028,1042
2023-10-26,EQUIPPP,27.0,27.0,26.75,26.75,23484
2023-10-27,EQUIPPP,25.450000762939453,28.0,25.450000762939453,25.450000762939453,76332
2023-10-30,EQUIPPP,25.5,26.200000762939453,24.200000762939453,24.299999237060547,15411
2023-10-31,EQUIPPP,24.39999961853028,25.5,24.39999961853028,25.200000762939453,31085
2023-10-03,EQUITASBNK,90.25,94.75,89.94999694824219,93.4499969482422,10970574
2023-10-04,EQUITASBNK,93.75,94.4000015258789,89.5999984741211,91.4000015258789,8126505
2023-10-05,EQUITASBNK,91.8000030517578,92.6999969482422,90.5500030517578,91.8000030517578,3656884
2023-10-06,EQUITASBNK,93.0,94.0999984741211,91.3000030517578,93.9499969482422,8832053
2023-10-09,EQUITASBNK,91.0500030517578,92.9499969482422,89.80000305175781,92.6500015258789,5090211
2023-10-10,EQUITASBNK,92.5,97.0,92.25,96.5500030517578,7575512
2023-10-11,EQUITASBNK,97.3499984741211,98.1999969482422,96.4000015258789,97.3499984741211,4049175
2023-10-12,EQUITASBNK,97.9000015258789,98.0999984741211,96.3499984741211,97.4000015258789,3288014
2023-10-13,EQUITASBNK,97.4000015258789,97.4499969482422,95.25,96.0,3051228
2023-10-16,EQUITASBNK,96.0999984741211,98.5,96.0,96.6500015258789,8124018
2023-10-17,EQUITASBNK,97.3499984741211,100.0500030517578,97.1500015258789,98.75,7961070
2023-10-18,EQUITASBNK,99.0,100.5500030517578,97.8000030517578,99.8499984741211,6133520
2023-10-19,EQUITASBNK,99.9499969482422,100.8000030517578,98.0999984741211,98.5999984741211,4092130
2023-10-20,EQUITASBNK,100.3499984741211,101.8499984741211,98.6500015258789,100.3000030517578,11062113
2023-10-23,EQUITASBNK,101.9000015258789,101.9000015258789,90.9499969482422,94.3000030517578,9638757
2023-10-25,EQUITASBNK,96.25,97.8499984741211,91.9000015258789,92.6500015258789,5377611
2023-10-26,EQUITASBNK,92.9499969482422,94.3000030517578,88.69999694824219,93.6999969482422,6507185
2023-10-27,EQUITASBNK,94.5,95.5,92.5,92.9499969482422,2921565
2023-10-30,EQUITASBNK,93.3000030517578,93.3000030517578,90.5500030517578,91.3499984741211,5882732
2023-10-31,EQUITASBNK,91.6500015258789,94.0500030517578,91.6500015258789,92.75,3636809
2023-10-03,ERIS,880.0,915.4500122070312,870.6500244140625,908.25,483326
2023-10-04,ERIS,905.0,909.0,886.5499877929688,900.8499755859376,220456
2023-10-05,ERIS,902.5999755859376,905.0,880.0,882.7000122070312,98911
2023-10-06,ERIS,882.7000122070312,908.2000122070312,882.7000122070312,899.75,118717
2023-10-09,ERIS,890.0,895.7999877929688,875.7000122070312,880.4500122070312,57805
2023-10-10,ERIS,886.9500122070312,906.0,882.5499877929688,894.0,94577
2023-10-11,ERIS,898.9500122070312,904.0999755859376,891.0,895.6500244140625,50089
2023-10-12,ERIS,901.9500122070312,924.7999877929688,884.9500122070312,889.5,311926
2023-10-13,ERIS,891.9500122070312,904.3499755859376,885.1500244140625,890.2999877929688,66580
2023-10-16,ERIS,890.2000122070312,895.9500122070312,865.0,868.4500122070312,116256
2023-10-17,ERIS,874.75,880.3499755859375,863.4500122070312,867.4500122070312,60870
2023-10-18,ERIS,861.5999755859375,887.1500244140625,861.5999755859375,866.6500244140625,180593
2023-10-19,ERIS,859.0,879.0,859.0,868.0,71100
2023-10-20,ERIS,868.0,880.0,862.0999755859375,871.4500122070312,58571
2023-10-23,ERIS,865.0,870.6500244140625,807.2999877929688,826.25,115346
2023-10-25,ERIS,808.4000244140625,846.1500244140625,808.4000244140625,833.25,140095
2023-10-26,ERIS,821.4000244140625,829.9500122070312,804.0,815.75,169210
2023-10-27,ERIS,815.75,847.0,815.75,840.1500244140625,69075
2023-10-30,ERIS,840.2000122070312,872.0,840.2000122070312,859.5499877929688,103912
2023-10-31,ERIS,861.8499755859375,869.0,850.0999755859375,859.5,41525
2023-10-03,ESABINDIA,5061.9501953125,5147.7001953125,4900.0498046875,4949.10009765625,7965
2023-10-04,ESABINDIA,4902.0,4976.9501953125,4811.5498046875,4844.0,8384
2023-10-05,ESABINDIA,4845.0,4929.89990234375,4827.7001953125,4897.7001953125,3146
2023-10-06,ESABINDIA,4922.2001953125,4988.9501953125,4908.10009765625,4965.25,2780
2023-10-09,ESABINDIA,4965.25,4995.4501953125,4842.0498046875,4868.5498046875,4247
2023-10-10,ESABINDIA,4934.89990234375,4994.0,4880.0,4936.25,3781
2023-10-11,ESABINDIA,4979.0,4996.0,4931.0,4941.35009765625,1289
2023-10-12,ESABINDIA,4966.10009765625,5025.0,4899.9501953125,4990.14990234375,3872
2023-10-13,ESABINDIA,4985.0,5090.0,4960.0,4995.75,4578
2023-10-16,ESABINDIA,5000.0,5313.0,4968.60009765625,5211.5498046875,12724
2023-10-17,ESABINDIA,5285.4501953125,5299.0,5131.0,5166.89990234375,4756
2023-10-18,ESABINDIA,5192.75,5402.89990234375,5172.0498046875,5370.5498046875,11863
2023-10-19,ESABINDIA,5400.0,5540.0,5351.25,5502.9501953125,11627
2023-10-20,ESABINDIA,5503.0,5607.7998046875,5460.0498046875,5591.9501953125,9119
2023-10-23,ESABINDIA,5591.9501953125,5652.39990234375,5360.0,5502.25,12095
2023-10-25,ESABINDIA,5510.0,5672.89990234375,5410.0,5538.64990234375,10727
2023-10-26,ESABINDIA,5579.9501953125,5599.9501953125,5311.5498046875,5538.5498046875,9951
2023-10-27,ESABINDIA,5550.0,5740.0,5550.0,5708.14990234375,5377
2023-10-30,ESABINDIA,5759.9501953125,5759.9501953125,5616.10009765625,5705.35009765625,5314
2023-10-31,ESABINDIA,5733.85009765625,5844.39990234375,5625.0,5792.9501953125,7654
2023-10-03,ESCORTS,3181.0,3185.10009765625,3063.050048828125,3124.64990234375,612436
2023-10-04,ESCORTS,3124.699951171875,3232.60009765625,3084.5,3195.5,988274
2023-10-05,ESCORTS,3195.5,3289.0,3171.300048828125,3242.949951171875,560109
2023-10-06,ESCORTS,3260.0,3273.85009765625,3184.10009765625,3194.199951171875,470533
2023-10-09,ESCORTS,3148.0,3223.0,3145.0,3201.050048828125,163067
2023-10-10,ESCORTS,3245.949951171875,3414.89990234375,3232.25,3393.449951171875,1746758
2023-10-11,ESCORTS,3430.0,3440.14990234375,3375.60009765625,3399.949951171875,555614
2023-10-12,ESCORTS,3402.0,3431.60009765625,3371.64990234375,3413.75,236561
2023-10-13,ESCORTS,3394.35009765625,3423.949951171875,3366.050048828125,3378.800048828125,295441
2023-10-16,ESCORTS,3378.800048828125,3399.64990234375,3331.10009765625,3365.64990234375,241783
2023-10-17,ESCORTS,3373.0,3380.39990234375,3302.199951171875,3340.0,272559
2023-10-18,ESCORTS,3343.0,3403.199951171875,3285.25,3297.75,323309
2023-10-19,ESCORTS,3299.949951171875,3333.0,3252.449951171875,3315.60009765625,216107
2023-10-20,ESCORTS,3310.0,3312.60009765625,3227.550048828125,3236.800048828125,180282
2023-10-23,ESCORTS,3236.75,3240.0,3118.699951171875,3134.199951171875,288297
2023-10-25,ESCORTS,3139.949951171875,3190.0,3084.050048828125,3106.949951171875,190950
2023-10-26,ESCORTS,3090.0,3143.050048828125,3031.10009765625,3133.550048828125,364803
2023-10-27,ESCORTS,3135.0,3183.0,3135.0,3146.300048828125,197206
2023-10-30,ESCORTS,3155.0,3184.10009765625,3106.449951171875,3164.25,215723
2023-10-31,ESCORTS,3180.0,3195.14990234375,3126.0,3132.5,135729
2023-10-03,ESSARSHPNG,14.949999809265137,14.949999809265137,13.75,14.600000381469728,222532
2023-10-04,ESSARSHPNG,14.5,15.300000190734863,14.100000381469728,15.300000190734863,485748
2023-10-05,ESSARSHPNG,16.049999237060547,16.049999237060547,16.049999237060547,16.049999237060547,95047
2023-10-06,ESSARSHPNG,16.850000381469727,16.850000381469727,16.850000381469727,16.850000381469727,92285
2023-10-09,ESSARSHPNG,17.649999618530273,17.649999618530273,17.5,17.649999618530273,523218
2023-10-10,ESSARSHPNG,18.39999961853028,18.5,17.799999237060547,18.5,648982
2023-10-11,ESSARSHPNG,19.39999961853028,19.39999961853028,19.39999961853028,19.39999961853028,247464
2023-10-12,ESSARSHPNG,19.049999237060547,19.049999237060547,19.049999237060547,19.049999237060547,159586
2023-10-13,ESSARSHPNG,18.700000762939453,18.700000762939453,18.700000762939453,18.700000762939453,61286
2023-10-16,ESSARSHPNG,18.350000381469727,18.350000381469727,18.350000381469727,18.350000381469727,66613
2023-10-17,ESSARSHPNG,18.0,18.0,18.0,18.0,43560
2023-10-18,ESSARSHPNG,17.649999618530273,17.649999618530273,17.649999618530273,17.649999618530273,61758
2023-10-19,ESSARSHPNG,17.299999237060547,17.299999237060547,17.299999237060547,17.299999237060547,20591
2023-10-20,ESSARSHPNG,16.950000762939453,16.950000762939453,16.950000762939453,16.950000762939453,17818
2023-10-23,ESSARSHPNG,16.649999618530273,16.649999618530273,16.649999618530273,16.649999618530273,17569
2023-10-25,ESSARSHPNG,16.350000381469727,16.350000381469727,16.350000381469727,16.350000381469727,14325
2023-10-26,ESSARSHPNG,16.049999237060547,16.049999237060547,16.049999237060547,16.049999237060547,13745
2023-10-27,ESSARSHPNG,15.75,15.75,15.75,15.75,21651
2023-10-30,ESSARSHPNG,15.449999809265137,15.449999809265137,15.449999809265137,15.449999809265137,51258
2023-10-31,ESSARSHPNG,15.149999618530272,15.149999618530272,15.149999618530272,15.149999618530272,13760
2023-10-03,ESSENTIA,3.19312596321106,3.19312596321106,3.0948760509490967,3.19312596321106,1245741
2023-10-04,ESSENTIA,3.144001007080078,3.19312596321106,3.144001007080078,3.144001007080078,501312
2023-10-05,ESSENTIA,3.0948760509490967,3.0948760509490967,3.0948760509490967,3.0948760509490967,310646
2023-10-06,ESSENTIA,3.0457510948181152,3.0457510948181152,3.0457510948181152,3.0457510948181152,219997
2023-10-09,ESSENTIA,2.9966259002685547,2.9966259002685547,2.9966259002685547,2.9966259002685547,275938
2023-10-10,ESSENTIA,2.947500944137573,2.947500944137573,2.947500944137573,2.947500944137573,332547
2023-10-11,ESSENTIA,2.922938108444214,2.947500944137573,2.898375988006592,2.922938108444214,316343
2023-10-12,ESSENTIA,2.8738129138946533,2.922938108444214,2.8738129138946533,2.8738129138946533,280598
2023-10-13,ESSENTIA,2.922938108444214,2.922938108444214,2.898375988006592,2.922938108444214,168337
2023-10-16,ESSENTIA,2.972063064575196,2.972063064575196,2.972063064575196,2.972063064575196,203639
2023-10-17,ESSENTIA,3.0211880207061768,3.0211880207061768,3.0211880207061768,3.0211880207061768,171372
2023-10-18,ESSENTIA,2.972063064575196,3.0211880207061768,2.972063064575196,2.972063064575196,105034
2023-10-19,ESSENTIA,2.972063064575196,2.972063064575196,2.922938108444214,2.972063064575196,80248
2023-10-20,ESSENTIA,2.947500944137573,2.947500944137573,2.947500944137573,2.947500944137573,212443
2023-10-23,ESSENTIA,2.972063064575196,2.972063064575196,2.947500944137573,2.972063064575196,232559
2023-10-25,ESSENTIA,2.922938108444214,2.947500944137573,2.922938108444214,2.922938108444214,245583
2023-10-26,ESSENTIA,2.8738129138946533,2.8738129138946533,2.8738129138946533,2.8738129138946533,118843
2023-10-27,ESSENTIA,2.8492510318756104,2.8492510318756104,2.824687957763672,2.8492510318756104,441384
2023-10-30,ESSENTIA,2.7755630016326904,2.972063064575196,2.7755630016326904,2.947500944137573,705426
2023-10-31,ESSENTIA,3.0457510948181152,3.0948760509490967,2.8492510318756104,3.0703139305114746,911008
2023-10-03,ESTER,93.8000030517578,94.4499969482422,93.0,93.25,52514
2023-10-04,ESTER,93.4000015258789,93.75,92.5999984741211,93.0999984741211,58407
2023-10-05,ESTER,93.6999969482422,96.3000030517578,92.9000015258789,95.3000030517578,283600
2023-10-06,ESTER,95.5,99.8000030517578,95.1999969482422,97.3000030517578,462727
2023-10-09,ESTER,96.3000030517578,96.3000030517578,92.5500030517578,92.9499969482422,154104
2023-10-10,ESTER,94.5,95.9000015258789,93.0999984741211,93.6500015258789,159077
2023-10-11,ESTER,95.1999969482422,95.1999969482422,93.5,94.1500015258789,91785
2023-10-12,ESTER,94.0999984741211,95.25,93.75,94.5500030517578,63065
2023-10-13,ESTER,94.5500030517578,94.9000015258789,93.0,93.4000015258789,76129
2023-10-16,ESTER,93.4000015258789,94.0999984741211,92.8499984741211,93.3499984741211,65202
2023-10-17,ESTER,95.1999969482422,95.5500030517578,93.5500030517578,93.8499984741211,76465
2023-10-18,ESTER,95.0,95.0,93.1999969482422,93.8000030517578,78558
2023-10-19,ESTER,93.5999984741211,94.4000015258789,93.0999984741211,93.5500030517578,56950
2023-10-20,ESTER,93.5500030517578,95.0999984741211,93.5,94.1999969482422,87672
2023-10-23,ESTER,95.0,96.0,89.69999694824219,90.1999969482422,87560
2023-10-25,ESTER,90.4000015258789,92.0,88.5,89.6500015258789,100532
2023-10-26,ESTER,90.0,90.9000015258789,87.5,89.69999694824219,82172
2023-10-27,ESTER,90.0,92.9499969482422,90.0,90.6500015258789,57412
2023-10-30,ESTER,90.0,92.9499969482422,89.4000015258789,91.4000015258789,56203
2023-10-31,ESTER,92.6500015258789,92.6500015258789,90.0,91.5,72872
2023-10-03,ETERNAL,101.0,105.9000015258789,100.0,105.3000030517578,82983688
2023-10-04,ETERNAL,104.4000015258789,104.4000015258789,100.3499984741211,100.75,68727969
2023-10-05,ETERNAL,102.5999984741211,107.6999969482422,102.3499984741211,105.4000015258789,140096809
2023-10-06,ETERNAL,106.4000015258789,107.1999969482422,104.0,104.4499969482422,65041435
2023-10-09,ETERNAL,103.8000030517578,105.25,101.0,103.9000015258789,53811658
2023-10-10,ETERNAL,104.9000015258789,107.9499969482422,104.6500015258789,106.0500030517578,67712329
2023-10-11,ETERNAL,106.8000030517578,109.8000030517578,106.5500030517578,109.0,93838782
2023-10-12,ETERNAL,110.1999969482422,113.25,109.5,109.8499984741211,117710894
2023-10-13,ETERNAL,109.8499984741211,111.8000030517578,109.0999984741211,111.0,55786063
2023-10-16,ETERNAL,111.9000015258789,112.75,110.8499984741211,111.5,47455521
2023-10-17,ETERNAL,112.5,114.1999969482422,111.5,113.8499984741211,55351894
2023-10-18,ETERNAL,114.5,115.0999984741211,109.5,113.1999969482422,100553806
2023-10-19,ETERNAL,112.0,113.1500015258789,110.6500015258789,111.6500015258789,43517012
2023-10-20,ETERNAL,114.0,114.5,112.1500015258789,113.3499984741211,64427436
2023-10-23,ETERNAL,113.8000030517578,113.9000015258789,106.8000030517578,108.9000015258789,70944550
2023-10-25,ETERNAL,105.6500015258789,109.5,105.5500030517578,108.25,59685089
2023-10-26,ETERNAL,107.5,108.0,101.25,106.4499969482422,108605538
2023-10-27,ETERNAL,107.3499984741211,109.25,105.0500030517578,105.6500015258789,43738547
2023-10-30,ETERNAL,106.1999969482422,108.5999984741211,105.6999969482422,107.6999969482422,48282252
2023-10-31,ETERNAL,107.8499984741211,108.1500015258789,104.25,105.0999984741211,49382539
2023-10-03,ETHOSLTD,1765.0,1765.0,1731.0,1739.1500244140625,22135
2023-10-04,ETHOSLTD,1754.949951171875,1754.949951171875,1705.0,1715.199951171875,25214
2023-10-05,ETHOSLTD,1720.0,1758.0,1702.0,1713.75,16516
2023-10-06,ETHOSLTD,1726.949951171875,1748.25,1712.050048828125,1718.0,21351
2023-10-09,ETHOSLTD,1706.0,1729.699951171875,1685.550048828125,1717.449951171875,19145
2023-10-10,ETHOSLTD,1717.449951171875,1746.8499755859375,1705.9000244140625,1725.5,22317
2023-10-11,ETHOSLTD,1740.9000244140625,1759.8499755859375,1727.3499755859375,1734.9000244140625,20700
2023-10-12,ETHOSLTD,1755.0,1755.0,1700.0999755859375,1709.699951171875,15861
2023-10-13,ETHOSLTD,1733.4000244140625,1734.75,1710.0,1719.5,16052
2023-10-16,ETHOSLTD,1734.949951171875,1734.949951171875,1695.949951171875,1700.4000244140625,21925
2023-10-17,ETHOSLTD,1719.949951171875,1719.949951171875,1648.050048828125,1666.300048828125,52699
2023-10-18,ETHOSLTD,1675.0,1699.699951171875,1628.300048828125,1644.699951171875,30541
2023-10-19,ETHOSLTD,1655.0,1682.25,1620.0999755859375,1629.5999755859375,27220
2023-10-20,ETHOSLTD,1625.0,1710.050048828125,1620.050048828125,1651.449951171875,44311
2023-10-23,ETHOSLTD,1675.0,1677.800048828125,1551.050048828125,1571.4000244140625,57252
2023-10-25,ETHOSLTD,1600.0,1631.0,1571.6500244140625,1608.699951171875,45157
2023-10-26,ETHOSLTD,1608.699951171875,1643.4000244140625,1560.0,1633.199951171875,49590
2023-10-27,ETHOSLTD,1634.949951171875,1674.949951171875,1615.050048828125,1651.0999755859375,26158
2023-10-30,ETHOSLTD,1678.5,1678.949951171875,1650.0,1663.550048828125,18044
2023-10-31,ETHOSLTD,1669.800048828125,1675.0,1650.0,1652.25,19280
2023-10-03,EUROBOND,138.4499969482422,138.4499969482422,132.0,133.25,19000
2023-10-04,EUROBOND,131.64999389648438,133.39999389648438,131.64999389648438,132.25,11000
2023-10-05,EUROBOND,134.10000610351562,134.10000610351562,132.5500030517578,133.0,7000
2023-10-06,EUROBOND,134.6999969482422,136.85000610351562,133.60000610351562,136.85000610351562,6000
2023-10-09,EUROBOND,136.6999969482422,142.0,136.6999969482422,140.1999969482422,12000
2023-10-10,EUROBOND,140.1999969482422,148.0,140.1999969482422,147.8000030517578,9000
2023-10-11,EUROBOND,145.5,145.5,145.5,145.5,2000
2023-10-12,EUROBOND,146.0,146.0,144.5,144.64999389648438,4000
2023-10-13,EUROBOND,149.0,153.9499969482422,147.0,150.60000610351562,109000
2023-10-16,EUROBOND,151.0,154.0,148.0500030517578,153.60000610351562,39000
2023-10-17,EUROBOND,153.0,154.0,149.25,152.8000030517578,37000
2023-10-18,EUROBOND,154.5,162.0,153.0,160.3000030517578,306000
2023-10-19,EUROBOND,162.6999969482422,167.0,160.0,164.8000030517578,44000
2023-10-20,EUROBOND,167.89999389648438,167.89999389648438,160.0,161.0,17000
2023-10-23,EUROBOND,152.0500030517578,160.0,152.0,152.89999389648438,33000
2023-10-25,EUROBOND,152.0500030517578,154.0,150.3000030517578,150.89999389648438,20000
2023-10-26,EUROBOND,148.0,153.6999969482422,145.1999969482422,153.5500030517578,17000
2023-10-27,EUROBOND,153.0,162.0,153.0,160.89999389648438,53000
2023-10-30,EUROBOND,160.0,177.5,160.0,170.64999389648438,118000
2023-10-31,EUROBOND,168.0,170.0,166.60000610351562,167.3000030517578,24000
2023-10-03,EUROTEXIND,11.949999809265137,11.949999809265137,11.949999809265137,11.949999809265137,0
2023-10-04,EUROTEXIND,11.949999809265137,11.949999809265137,11.949999809265137,11.949999809265137,89
2023-10-05,EUROTEXIND,11.949999809265137,11.949999809265137,11.949999809265137,11.949999809265137,300
2023-10-06,EUROTEXIND,11.949999809265137,11.949999809265137,11.949999809265137,11.949999809265137,425
2023-10-09,EUROTEXIND,11.949999809265137,11.949999809265137,11.949999809265137,11.949999809265137,100
2023-10-10,EUROTEXIND,11.949999809265137,11.949999809265137,11.949999809265137,11.949999809265137,50
2023-10-11,EUROTEXIND,11.949999809265137,11.949999809265137,11.949999809265137,11.949999809265137,0
2023-10-12,EUROTEXIND,11.949999809265137,11.949999809265137,11.949999809265137,11.949999809265137,214
2023-10-13,EUROTEXIND,11.75,12.149999618530272,11.75,11.75,1235
2023-10-16,EUROTEXIND,11.75,12.25,11.699999809265137,11.699999809265137,954
2023-10-17,EUROTEXIND,11.699999809265137,11.699999809265137,11.5,11.699999809265137,1069
2023-10-18,EUROTEXIND,11.600000381469728,11.600000381469728,11.600000381469728,11.600000381469728,80
2023-10-19,EUROTEXIND,11.149999618530272,11.149999618530272,11.050000190734863,11.050000190734863,2806
2023-10-20,EUROTEXIND,10.600000381469728,11.600000381469728,10.600000381469728,11.0,715
2023-10-23,EUROTEXIND,11.550000190734863,11.550000190734863,10.5,10.600000381469728,1425
2023-10-25,EUROTEXIND,10.350000381469728,11.100000381469728,10.300000190734863,10.300000190734863,447
2023-10-26,EUROTEXIND,10.300000190734863,10.300000190734863,10.300000190734863,10.300000190734863,0
2023-10-27,EUROTEXIND,10.300000190734863,10.300000190734863,10.300000190734863,10.300000190734863,0
2023-10-30,EUROTEXIND,10.300000190734863,10.300000190734863,10.300000190734863,10.300000190734863,0
2023-10-31,EUROTEXIND,10.5,10.5,10.149999618530272,10.5,202
2023-10-03,EVEREADY,391.0,397.0,381.1499938964844,382.6499938964844,159623
2023-10-04,EVEREADY,381.6499938964844,395.5,380.1000061035156,389.0,227526
2023-10-05,EVEREADY,389.0,392.0499877929688,383.25,387.3500061035156,136479
2023-10-06,EVEREADY,389.0,390.7999877929688,382.6000061035156,386.7000122070313,82346
2023-10-09,EVEREADY,382.5,387.4500122070313,375.1000061035156,377.5,87778
2023-10-10,EVEREADY,379.3999938964844,392.2999877929688,377.0,379.8500061035156,176418
2023-10-11,EVEREADY,382.7000122070313,390.0,381.8500061035156,386.3500061035156,187181
2023-10-12,EVEREADY,388.2000122070313,388.2000122070313,376.6499938964844,378.25,203350
2023-10-13,EVEREADY,376.7999877929688,383.0,371.3500061035156,374.75,173366
2023-10-16,EVEREADY,374.0,384.0,372.0,380.0499877929688,213023
2023-10-17,EVEREADY,382.0,382.7999877929688,371.5499877929688,374.0499877929688,148152
2023-10-18,EVEREADY,375.3500061035156,378.0,372.0,373.4500122070313,178877
2023-10-19,EVEREADY,371.9500122070313,374.8999938964844,371.8999938964844,373.6499938964844,43114
2023-10-20,EVEREADY,373.6499938964844,375.0,371.9500122070313,373.5,54545
2023-10-23,EVEREADY,374.3999938964844,375.5499877929688,351.6000061035156,354.79998779296875,194105
2023-10-25,EVEREADY,354.79998779296875,360.0,350.29998779296875,353.1000061035156,116088
2023-10-26,EVEREADY,351.6499938964844,354.0,341.1000061035156,347.29998779296875,91183
2023-10-27,EVEREADY,350.0,363.9500122070313,350.0,361.3500061035156,116390
2023-10-30,EVEREADY,363.2000122070313,363.2000122070313,355.25,356.95001220703125,35467
2023-10-31,EVEREADY,358.5,363.0,354.45001220703125,356.6000061035156,31488
2023-10-03,EVERESTIND,1104.9000244140625,1163.9000244140625,1088.050048828125,1149.199951171875,31392
2023-10-04,EVERESTIND,1144.949951171875,1144.949951171875,1091.550048828125,1116.6500244140625,26905
2023-10-05,EVERESTIND,1127.800048828125,1148.0,1103.449951171875,1136.050048828125,14581
2023-10-06,EVERESTIND,1138.0,1149.949951171875,1130.0,1138.550048828125,11119
2023-10-09,EVERESTIND,1092.949951171875,1144.0,1090.0,1134.75,11027
2023-10-10,EVERESTIND,1134.0,1134.0,1086.050048828125,1113.75,32517
2023-10-11,EVERESTIND,1113.9000244140625,1139.25,1113.0,1131.800048828125,18265
2023-10-12,EVERESTIND,1131.800048828125,1242.0,1126.050048828125,1199.9000244140625,98850
2023-10-13,EVERESTIND,1199.9000244140625,1249.949951171875,1181.9000244140625,1231.699951171875,57417
2023-10-16,EVERESTIND,1234.949951171875,1249.0,1194.050048828125,1228.0999755859375,29115
2023-10-17,EVERESTIND,1240.0,1340.0,1220.1500244140625,1305.3499755859375,91685
2023-10-18,EVERESTIND,1317.9000244140625,1374.949951171875,1305.550048828125,1360.5999755859375,81503
2023-10-19,EVERESTIND,1365.0,1372.4000244140625,1330.1500244140625,1345.449951171875,36852
2023-10-20,EVERESTIND,1340.0,1365.0,1320.0999755859375,1328.550048828125,8433
2023-10-23,EVERESTIND,1344.9000244140625,1347.949951171875,1230.0,1241.949951171875,20750
2023-10-25,EVERESTIND,1241.949951171875,1275.699951171875,1190.0,1196.199951171875,23200
2023-10-26,EVERESTIND,1195.0,1211.300048828125,1153.5,1204.550048828125,11891
2023-10-27,EVERESTIND,1206.0,1237.449951171875,1178.050048828125,1190.4000244140625,22477
2023-10-30,EVERESTIND,1210.949951171875,1210.949951171875,1161.0,1167.1500244140625,16839
2023-10-31,EVERESTIND,1175.0999755859375,1193.5999755859375,1155.0,1176.449951171875,9967
2023-10-03,EXCELINDUS,884.0,889.9500122070312,872.0499877929688,878.2999877929688,8366
2023-10-04,EXCELINDUS,875.0499877929688,880.0999755859375,866.5499877929688,873.25,7158
2023-10-05,EXCELINDUS,875.0,886.5999755859375,851.0,864.4000244140625,15890
2023-10-06,EXCELINDUS,866.7999877929688,878.9500122070312,864.9500122070312,871.0999755859375,4219
2023-10-09,EXCELINDUS,864.3499755859375,869.0999755859375,851.0,854.7000122070312,10397
2023-10-10,EXCELINDUS,859.0,869.5,852.0,859.2999877929688,5033
2023-10-11,EXCELINDUS,862.5,876.0,853.9500122070312,870.1500244140625,7950
2023-10-12,EXCELINDUS,872.0499877929688,875.0999755859375,861.25,866.3499755859375,4164
2023-10-13,EXCELINDUS,870.7000122070312,886.0,866.3499755859375,879.2000122070312,5746
2023-10-16,EXCELINDUS,879.2000122070312,906.3499755859376,871.0,892.2000122070312,14241
2023-10-17,EXCELINDUS,896.2999877929688,922.75,895.1500244140625,902.0,20625
2023-10-18,EXCELINDUS,906.5499877929688,907.9000244140624,891.0,895.75,6897
2023-10-19,EXCELINDUS,896.0,900.25,874.5999755859375,881.5499877929688,8661
2023-10-20,EXCELINDUS,884.0499877929688,895.0,869.7000122070312,873.5999755859375,7494
2023-10-23,EXCELINDUS,877.9500122070312,881.8499755859375,860.4000244140625,867.3499755859375,8844
2023-10-25,EXCELINDUS,871.7000122070312,874.9500122070312,843.8499755859375,848.0499877929688,8252
2023-10-26,EXCELINDUS,852.2999877929688,852.2999877929688,830.0,843.4000244140625,9476
2023-10-27,EXCELINDUS,844.9500122070312,861.9500122070312,844.9500122070312,857.5499877929688,4840
2023-10-30,EXCELINDUS,857.5999755859375,866.7000122070312,852.8499755859375,855.5499877929688,3013
2023-10-31,EXCELINDUS,854.0,865.9000244140625,851.0,853.0499877929688,3599
2023-10-03,EXIDEIND,261.70001220703125,261.8999938964844,257.8500061035156,260.0,1516586
2023-10-04,EXIDEIND,257.20001220703125,260.25,255.1000061035156,256.6499938964844,1369047
2023-10-05,EXIDEIND,259.8999938964844,263.0,255.5,256.6499938964844,1099031
2023-10-06,EXIDEIND,257.8500061035156,260.0,257.29998779296875,259.0,1742138
2023-10-09,EXIDEIND,256.0,257.8500061035156,253.1999969482422,255.0,1339264
2023-10-10,EXIDEIND,255.0,260.75,254.5,258.3999938964844,1379644
2023-10-11,EXIDEIND,258.95001220703125,265.3500061035156,258.95001220703125,263.0,2603326
2023-10-12,EXIDEIND,264.29998779296875,268.0,262.79998779296875,264.79998779296875,2223186
2023-10-13,EXIDEIND,264.8500061035156,266.1000061035156,261.95001220703125,262.5,1739355
2023-10-16,EXIDEIND,262.70001220703125,266.0,261.04998779296875,264.45001220703125,1746547
2023-10-17,EXIDEIND,265.1000061035156,274.0,264.70001220703125,268.79998779296875,5876028
2023-10-18,EXIDEIND,270.0,270.75,263.79998779296875,267.04998779296875,2208364
2023-10-19,EXIDEIND,265.0,266.0,262.54998779296875,265.45001220703125,1735128
2023-10-20,EXIDEIND,265.45001220703125,265.45001220703125,257.0,258.04998779296875,3369452
2023-10-23,EXIDEIND,258.04998779296875,258.79998779296875,250.0500030517578,251.5500030517578,2039503
2023-10-25,EXIDEIND,251.8000030517578,254.25,247.3000030517578,250.1499938964844,1426209
2023-10-26,EXIDEIND,246.6499938964844,248.3500061035156,241.6999969482422,246.1999969482422,2212835
2023-10-27,EXIDEIND,247.6000061035156,252.1999969482422,246.5500030517578,251.3999938964844,897365
2023-10-30,EXIDEIND,251.3999938964844,255.8999938964844,249.0,254.3000030517578,2396032
2023-10-31,EXIDEIND,255.0,258.95001220703125,254.0,255.3999938964844,1320716
2023-10-03,EXPLEOSOL,1387.949951171875,1401.4000244140625,1359.4000244140625,1363.300048828125,27222
2023-10-04,EXPLEOSOL,1363.0,1372.0,1352.0,1360.5999755859375,24782
2023-10-05,EXPLEOSOL,1374.199951171875,1398.5999755859375,1368.050048828125,1380.449951171875,17072
2023-10-06,EXPLEOSOL,1388.199951171875,1390.0999755859375,1370.050048828125,1379.3499755859375,30842
2023-10-09,EXPLEOSOL,1370.0,1378.0,1356.5999755859375,1370.3499755859375,19618
2023-10-10,EXPLEOSOL,1371.050048828125,1385.0,1351.0,1354.9000244140625,25058
2023-10-11,EXPLEOSOL,1360.0,1384.949951171875,1355.0,1361.75,29025
2023-10-12,EXPLEOSOL,1369.0,1372.25,1347.0,1352.5,17815
2023-10-13,EXPLEOSOL,1361.3499755859375,1361.3499755859375,1341.050048828125,1346.449951171875,13002
2023-10-16,EXPLEOSOL,1343.0,1358.199951171875,1336.050048828125,1352.1500244140625,8644
2023-10-17,EXPLEOSOL,1372.449951171875,1375.0,1357.25,1367.800048828125,10736
2023-10-18,EXPLEOSOL,1367.800048828125,1373.75,1345.0999755859375,1360.050048828125,25540
2023-10-19,EXPLEOSOL,1357.800048828125,1369.75,1344.0,1360.5999755859375,14554
2023-10-20,EXPLEOSOL,1360.050048828125,1378.1500244140625,1355.1500244140625,1360.1500244140625,20861
2023-10-23,EXPLEOSOL,1365.050048828125,1365.050048828125,1313.3499755859375,1331.199951171875,19253
2023-10-25,EXPLEOSOL,1355.0,1355.0,1299.949951171875,1307.199951171875,39951
2023-10-26,EXPLEOSOL,1307.0,1348.4000244140625,1288.0,1338.0,23251
2023-10-27,EXPLEOSOL,1338.0,1366.0,1330.0999755859375,1341.1500244140625,22325
2023-10-30,EXPLEOSOL,1341.1500244140625,1348.8499755859375,1319.949951171875,1326.949951171875,18004
2023-10-31,EXPLEOSOL,1320.0,1352.0,1291.300048828125,1323.050048828125,21728
2023-10-03,EXXARO,13.28499984741211,13.529999732971191,13.0,13.30500030517578,1239830
2023-10-04,EXXARO,13.25,13.34000015258789,12.904999732971191,13.074999809265137,619650
2023-10-05,EXXARO,13.199999809265137,13.369999885559082,13.05500030517578,13.100000381469728,487930
2023-10-06,EXXARO,13.1850004196167,13.28499984741211,13.079999923706056,13.170000076293944,375690
2023-10-09,EXXARO,13.0,13.164999961853027,12.619999885559082,12.904999732971191,703140
2023-10-10,EXXARO,12.904999732971191,13.164999961853027,12.899999618530272,12.914999961853027,532500
2023-10-11,EXXARO,13.020000457763672,13.119999885559082,12.890000343322754,12.90999984741211,441530
2023-10-12,EXXARO,13.015000343322754,13.399999618530272,12.90999984741211,13.085000038146973,610660
2023-10-13,EXXARO,13.149999618530272,14.335000038146973,13.029999732971191,13.8149995803833,8139890
2023-10-16,EXXARO,14.0,14.375,13.779999732971191,13.90999984741211,3025730
2023-10-17,EXXARO,14.074999809265137,14.170000076293944,13.699999809265137,13.765000343322754,1676700
2023-10-18,EXXARO,13.880000114440918,13.979999542236328,13.529999732971191,13.6899995803833,856840
2023-10-19,EXXARO,13.630000114440918,13.6899995803833,13.4350004196167,13.574999809265137,586680
2023-10-20,EXXARO,13.574999809265137,14.779999732971191,13.364999771118164,14.119999885559082,4127590
2023-10-23,EXXARO,14.154999732971191,14.154999732971191,12.895000457763672,13.104999542236328,1631190
2023-10-25,EXXARO,13.175000190734863,13.30500030517578,12.4350004196167,12.630000114440918,1652270
2023-10-26,EXXARO,12.5,12.670000076293944,12.015000343322754,12.55500030517578,1788670
2023-10-27,EXXARO,12.6899995803833,12.979999542236328,12.55500030517578,12.869999885559082,983920
2023-10-30,EXXARO,12.869999885559082,13.095000267028809,12.529999732971191,12.824999809265137,977040
2023-10-31,EXXARO,12.829999923706056,12.96500015258789,12.640000343322754,12.725000381469728,544660
2023-10-03,FACT,540.0,541.25,523.0999755859375,532.2000122070312,620846
2023-10-04,FACT,530.0499877929688,539.0,520.75,527.2999877929688,653336
2023-10-05,FACT,530.0,543.4500122070312,527.0,534.6500244140625,765582
2023-10-06,FACT,537.0999755859375,538.5499877929688,530.6500244140625,533.2000122070312,285541
2023-10-09,FACT,528.0,528.0,506.0,512.5499877929688,549430
2023-10-10,FACT,515.9500122070312,541.5999755859375,515.0,531.6500244140625,1583254
2023-10-11,FACT,535.3499755859375,544.5499877929688,533.2000122070312,537.25,618364
2023-10-12,FACT,539.75,548.0,534.0,536.6500244140625,751767
2023-10-13,FACT,533.3499755859375,574.4500122070312,532.25,548.2000122070312,3284159
2023-10-16,FACT,547.0,657.7999877929688,544.5499877929688,657.7999877929688,12044550
2023-10-17,FACT,667.5,772.5999755859375,646.25,748.75,17142689
2023-10-18,FACT,735.9500122070312,774.9500122070312,692.3499755859375,725.7999877929688,6236798
2023-10-19,FACT,718.8499755859375,748.0,711.0499877929688,727.6500244140625,2479669
2023-10-20,FACT,727.75,733.4000244140625,701.75,712.0999755859375,1079187
2023-10-23,FACT,713.8499755859375,756.9000244140625,650.0,656.6500244140625,2154295
2023-10-25,FACT,665.0,706.9000244140625,643.2000122070312,670.5999755859375,2522948
2023-10-26,FACT,663.7999877929688,671.9500122070312,636.3499755859375,655.9000244140625,1297473
2023-10-27,FACT,661.1500244140625,686.9500122070312,660.0499877929688,674.9500122070312,1258185
2023-10-30,FACT,677.75,696.4500122070312,663.7999877929688,687.3499755859375,1235740
2023-10-31,FACT,690.3499755859375,756.0499877929688,686.25,756.0499877929688,4108341
2023-10-03,FAIRCHEMOR,1174.050048828125,1197.9000244140625,1151.0,1187.050048828125,32130
2023-10-04,FAIRCHEMOR,1177.1500244140625,1183.9000244140625,1159.949951171875,1173.25,17366
2023-10-05,FAIRCHEMOR,1173.25,1194.6500244140625,1146.0999755859375,1154.25,14697
2023-10-06,FAIRCHEMOR,1154.0,1161.5999755859375,1130.0,1137.4000244140625,15051
2023-10-09,FAIRCHEMOR,1137.199951171875,1143.3499755859375,1107.6500244140625,1131.75,21198
2023-10-10,FAIRCHEMOR,1122.0,1154.9000244140625,1114.0,1134.4000244140625,13396
2023-10-11,FAIRCHEMOR,1145.75,1154.949951171875,1099.800048828125,1113.0,28646
2023-10-12,FAIRCHEMOR,1116.0,1131.25,1110.050048828125,1120.3499755859375,18439
2023-10-13,FAIRCHEMOR,1128.949951171875,1135.0,1103.25,1112.8499755859375,13330
2023-10-16,FAIRCHEMOR,1106.300048828125,1125.699951171875,1102.0,1109.949951171875,9764
2023-10-17,FAIRCHEMOR,1114.949951171875,1127.949951171875,1107.300048828125,1126.300048828125,15468
2023-10-18,FAIRCHEMOR,1112.199951171875,1136.300048828125,1111.0,1120.0,13309
2023-10-19,FAIRCHEMOR,1119.0,1124.0999755859375,1112.0,1116.8499755859375,7974
2023-10-20,FAIRCHEMOR,1120.0,1120.9000244140625,1100.0,1105.1500244140625,6743
2023-10-23,FAIRCHEMOR,1116.0,1116.0,1059.949951171875,1081.75,18518
2023-10-25,FAIRCHEMOR,1081.75,1105.0,1068.949951171875,1093.8499755859375,13138
2023-10-26,FAIRCHEMOR,1087.0,1091.5999755859375,1019.8499755859376,1053.800048828125,22552
2023-10-27,FAIRCHEMOR,1053.050048828125,1130.0,1052.949951171875,1111.4000244140625,21895
2023-10-30,FAIRCHEMOR,1111.4000244140625,1129.9000244140625,1090.449951171875,1115.699951171875,10617
2023-10-31,FAIRCHEMOR,1110.0,1130.0,1078.4000244140625,1089.0,14592
2023-10-03,FAZE3Q,366.7999877929688,374.8999938964844,366.7999877929688,369.6000061035156,10014
2023-10-04,FAZE3Q,369.6000061035156,372.7000122070313,363.0,367.1000061035156,11288
2023-10-05,FAZE3Q,368.0,371.9500122070313,365.1499938964844,368.5,10566
2023-10-06,FAZE3Q,369.7999877929688,377.9500122070313,369.6499938964844,376.0499877929688,8718
2023-10-09,FAZE3Q,376.0499877929688,376.0499877929688,365.0,367.1499938964844,25884
2023-10-10,FAZE3Q,363.1000061035156,372.8500061035156,363.1000061035156,366.0499877929688,10597
2023-10-11,FAZE3Q,371.0,398.0,365.9500122070313,381.5499877929688,112792
2023-10-12,FAZE3Q,387.3500061035156,405.0,380.25,400.8500061035156,118196
2023-10-13,FAZE3Q,400.8500061035156,418.0,396.5499877929688,415.3500061035156,120241
2023-10-16,FAZE3Q,424.4500122070313,488.4500122070313,420.0,477.3999938964844,723114
2023-10-17,FAZE3Q,500.0,540.0,470.7999877929688,478.8999938964844,760391
2023-10-18,FAZE3Q,478.8999938964844,504.0,459.75,466.2000122070313,162160
2023-10-19,FAZE3Q,468.6000061035156,482.0499877929688,462.3500061035156,470.8500061035156,65205
2023-10-20,FAZE3Q,471.9500122070313,484.0,460.1000061035156,477.4500122070313,68496
2023-10-23,FAZE3Q,485.0,485.0,435.0499877929688,439.2000122070313,88714
2023-10-25,FAZE3Q,448.8999938964844,455.9500122070313,424.0,427.2000122070313,71721
2023-10-26,FAZE3Q,422.4500122070313,482.5,403.3500061035156,473.3999938964844,203507
2023-10-27,FAZE3Q,478.8999938964844,481.5,460.3500061035156,465.2000122070313,88532
2023-10-30,FAZE3Q,468.0,482.0,461.0499877929688,467.3999938964844,64054
2023-10-31,FAZE3Q,471.7999877929688,473.4500122070313,457.0499877929688,460.5499877929688,50277
2023-10-03,FCL,32.13999938964844,32.18000030517578,31.5049991607666,31.68000030517578,1116730
2023-10-04,FCL,31.65999984741211,31.780000686645508,31.11000061035156,31.325000762939453,1342540
2023-10-05,FCL,31.59499931335449,32.0,31.40999984741211,31.584999084472656,1941430
2023-10-06,FCL,31.7450008392334,32.29999923706055,31.01000022888184,32.10499954223633,2133470
2023-10-09,FCL,31.209999084472656,31.700000762939453,30.670000076293945,30.799999237060547,2982530
2023-10-10,FCL,30.94499969482422,31.450000762939453,30.915000915527344,31.14999961853028,1249100
2023-10-11,FCL,31.19499969482422,31.9950008392334,31.19499969482422,31.3700008392334,1611640
2023-10-12,FCL,31.5,31.98500061035156,31.100000381469727,31.295000076293945,1709980
2023-10-13,FCL,31.15999984741211,31.600000381469727,30.96999931335449,31.09000015258789,1163630
2023-10-16,FCL,30.809999465942383,31.21999931335449,30.809999465942383,30.95499992370605,1484240
2023-10-17,FCL,31.26499938964844,31.3700008392334,30.920000076293945,31.020000457763672,945950
2023-10-18,FCL,31.045000076293945,31.23500061035156,30.7549991607666,30.950000762939453,1302860
2023-10-19,FCL,31.700000762939453,33.26499938964844,31.51499938964844,32.84000015258789,19749980
2023-10-20,FCL,32.97999954223633,33.689998626708984,32.5,32.755001068115234,5837150
2023-10-23,FCL,32.70500183105469,32.77000045776367,30.049999237060547,30.23500061035156,6430170
2023-10-25,FCL,30.450000762939453,30.88500022888184,28.71999931335449,29.18000030517578,4572090
2023-10-26,FCL,29.174999237060547,29.8700008392334,28.155000686645508,29.48500061035156,3142570
2023-10-27,FCL,29.690000534057617,30.4950008392334,29.51499938964844,29.82999992370605,1976240
2023-10-30,FCL,29.88999938964844,29.89999961853028,28.88999938964844,29.32999992370605,2016610
2023-10-31,FCL,29.4950008392334,30.280000686645508,29.4950008392334,29.77499961853028,1544790
2023-10-03,FCSSOFT,2.5999999046325684,2.5999999046325684,2.5,2.5,4089352
2023-10-04,FCSSOFT,2.549999952316284,2.700000047683716,2.5,2.650000095367432,6146750
2023-10-05,FCSSOFT,2.700000047683716,2.799999952316284,2.650000095367432,2.650000095367432,6978523
2023-10-06,FCSSOFT,2.700000047683716,3.150000095367432,2.650000095367432,3.049999952316284,53480268
2023-10-09,FCSSOFT,3.0,3.0,2.700000047683716,2.75,35324124
2023-10-10,FCSSOFT,2.799999952316284,2.950000047683716,2.75,2.900000095367432,21849561
2023-10-11,FCSSOFT,2.950000047683716,3.049999952316284,2.900000095367432,2.900000095367432,12515623
2023-10-12,FCSSOFT,2.950000047683716,2.950000047683716,2.799999952316284,2.799999952316284,8956121
2023-10-13,FCSSOFT,2.799999952316284,2.8499999046325684,2.75,2.75,8870481
2023-10-16,FCSSOFT,2.799999952316284,2.799999952316284,2.700000047683716,2.75,6436465
2023-10-17,FCSSOFT,2.75,2.8499999046325684,2.75,2.799999952316284,5390237
2023-10-18,FCSSOFT,2.799999952316284,2.8499999046325684,2.75,2.799999952316284,4816055
2023-10-19,FCSSOFT,2.799999952316284,2.799999952316284,2.700000047683716,2.75,8217661
2023-10-20,FCSSOFT,2.75,2.900000095367432,2.75,2.75,8599391
2023-10-23,FCSSOFT,2.799999952316284,2.799999952316284,2.5999999046325684,2.650000095367432,7353319
2023-10-25,FCSSOFT,2.650000095367432,2.75,2.549999952316284,2.5999999046325684,6892433
2023-10-26,FCSSOFT,2.650000095367432,2.650000095367432,2.400000095367432,2.549999952316284,10772003
2023-10-27,FCSSOFT,2.549999952316284,2.75,2.549999952316284,2.650000095367432,8479192
2023-10-30,FCSSOFT,2.650000095367432,2.700000047683716,2.5999999046325684,2.5999999046325684,5046297
2023-10-31,FCSSOFT,2.650000095367432,2.75,2.5999999046325684,2.650000095367432,10506341
2023-10-03,FDC,382.1000061035156,387.4500122070313,376.0,386.3999938964844,120172
2023-10-04,FDC,387.0,388.0,375.5,381.25,143936
2023-10-05,FDC,382.0,391.25,381.5,383.3999938964844,129793
2023-10-06,FDC,383.5499877929688,387.5,378.2000122070313,381.2999877929688,82708
2023-10-09,FDC,378.0499877929688,380.5,370.0,372.2000122070313,172501
2023-10-10,FDC,372.0499877929688,379.7999877929688,372.0499877929688,377.2999877929688,76477
2023-10-11,FDC,378.0,383.75,374.2000122070313,375.0499877929688,102813
2023-10-12,FDC,375.0499877929688,379.0,371.1499938964844,373.1000061035156,76563
2023-10-13,FDC,373.0,396.75,370.1000061035156,385.3500061035156,514693
2023-10-16,FDC,385.3500061035156,392.0,381.4500122070313,389.5499877929688,214814
2023-10-17,FDC,391.6000061035156,392.0499877929688,383.0499877929688,384.6000061035156,176171
2023-10-18,FDC,386.1499938964844,387.2000122070313,379.0,383.75,106807
2023-10-19,FDC,384.75,387.6499938964844,373.1000061035156,375.9500122070313,197557
2023-10-20,FDC,376.8999938964844,380.9500122070313,367.7000122070313,371.7000122070313,82542
2023-10-23,FDC,372.4500122070313,372.4500122070313,350.20001220703125,354.54998779296875,123374
2023-10-25,FDC,355.04998779296875,358.04998779296875,343.29998779296875,355.54998779296875,163259
2023-10-26,FDC,352.29998779296875,361.0,345.45001220703125,352.70001220703125,108005
2023-10-27,FDC,356.1000061035156,368.5,355.3999938964844,364.0499877929688,122958
2023-10-30,FDC,366.0,367.7000122070313,359.29998779296875,365.0,47680
2023-10-31,FDC,365.0499877929688,366.8500061035156,360.20001220703125,362.2999877929688,35450
2023-10-03,FEDERALBNK,147.5,152.3000030517578,147.3000030517578,150.6999969482422,18267135
2023-10-04,FEDERALBNK,150.3000030517578,150.4499969482422,146.1999969482422,147.25,22633122
2023-10-05,FEDERALBNK,148.25,148.75,144.64999389648438,145.5,11157021
2023-10-06,FEDERALBNK,146.3000030517578,147.0,144.0500030517578,146.5,9149275
2023-10-09,FEDERALBNK,145.10000610351562,145.64999389648438,143.14999389648438,144.9499969482422,11349775
2023-10-10,FEDERALBNK,145.5,148.5,145.1999969482422,147.9499969482422,8324817
2023-10-11,FEDERALBNK,148.85000610351562,149.4499969482422,146.5500030517578,147.0,11961227
2023-10-12,FEDERALBNK,147.6999969482422,150.85000610351562,146.8000030517578,149.3000030517578,11378622
2023-10-13,FEDERALBNK,148.6999969482422,152.10000610351562,148.5,149.39999389648438,15602219
2023-10-16,FEDERALBNK,151.5500030517578,152.60000610351562,146.6999969482422,148.5500030517578,32531561
2023-10-17,FEDERALBNK,150.75,150.75,147.9499969482422,148.39999389648438,13265518
2023-10-18,FEDERALBNK,149.0,149.5500030517578,145.8000030517578,146.5500030517578,20284169
2023-10-19,FEDERALBNK,146.3000030517578,147.6999969482422,145.1999969482422,146.85000610351562,8868032
2023-10-20,FEDERALBNK,146.6999969482422,148.25,145.25,145.85000610351562,10731136
2023-10-23,FEDERALBNK,144.9499969482422,146.25,142.5,143.39999389648438,16900861
2023-10-25,FEDERALBNK,143.3000030517578,144.25,141.5,141.85000610351562,13307403
2023-10-26,FEDERALBNK,141.0,141.35000610351562,137.3000030517578,138.14999389648438,19469168
2023-10-27,FEDERALBNK,139.10000610351562,141.89999389648438,138.75,139.5500030517578,11627544
2023-10-30,FEDERALBNK,140.4499969482422,141.25,137.25,140.89999389648438,10041391
2023-10-31,FEDERALBNK,141.3000030517578,141.75,139.6999969482422,140.64999389648438,6692752
2023-10-03,FEL,0.949999988079071,1.0,0.949999988079071,0.949999988079071,61399
2023-10-04,FEL,0.949999988079071,0.949999988079071,0.949999988079071,0.949999988079071,0
2023-10-05,FEL,0.949999988079071,0.949999988079071,0.949999988079071,0.949999988079071,0
2023-10-06,FEL,0.949999988079071,0.949999988079071,0.949999988079071,0.949999988079071,0
2023-10-09,FEL,0.8999999761581421,0.8999999761581421,0.8999999761581421,0.8999999761581421,13803
2023-10-10,FEL,0.8999999761581421,0.8999999761581421,0.8999999761581421,0.8999999761581421,0
2023-10-11,FEL,0.8999999761581421,0.8999999761581421,0.8999999761581421,0.8999999761581421,0
2023-10-12,FEL,0.8999999761581421,0.8999999761581421,0.8999999761581421,0.8999999761581421,0
2023-10-13,FEL,0.8999999761581421,0.8999999761581421,0.8999999761581421,0.8999999761581421,0
2023-10-16,FEL,0.8500000238418579,0.8500000238418579,0.8500000238418579,0.8500000238418579,43910
2023-10-17,FEL,0.8500000238418579,0.8500000238418579,0.8500000238418579,0.8500000238418579,0
2023-10-18,FEL,0.8500000238418579,0.8500000238418579,0.8500000238418579,0.8500000238418579,0
2023-10-19,FEL,0.8500000238418579,0.8500000238418579,0.8500000238418579,0.8500000238418579,0
2023-10-20,FEL,0.8500000238418579,0.8500000238418579,0.8500000238418579,0.8500000238418579,0
2023-10-23,FEL,0.800000011920929,0.800000011920929,0.800000011920929,0.800000011920929,57055
2023-10-25,FEL,0.800000011920929,0.800000011920929,0.800000011920929,0.800000011920929,0
2023-10-26,FEL,0.800000011920929,0.800000011920929,0.800000011920929,0.800000011920929,0
2023-10-27,FEL,0.800000011920929,0.800000011920929,0.800000011920929,0.800000011920929,0
2023-10-30,FEL,0.75,0.800000011920929,0.75,0.75,864159
2023-10-31,FEL,0.75,0.75,0.75,0.75,0
2023-10-03,FELDVR,5.650000095367432,5.650000095367432,5.550000190734863,5.599999904632568,14059
2023-10-04,FELDVR,5.849999904632568,5.849999904632568,5.349999904632568,5.599999904632568,35382
2023-10-05,FELDVR,5.599999904632568,5.800000190734863,5.349999904632568,5.650000095367432,13454
2023-10-06,FELDVR,5.650000095367432,5.75,5.400000095367432,5.599999904632568,6889
2023-10-09,FELDVR,5.349999904632568,5.800000190734863,5.349999904632568,5.349999904632568,10134
2023-10-10,FELDVR,5.25,5.599999904632568,5.099999904632568,5.449999809265137,4433
2023-10-11,FELDVR,5.449999809265137,5.699999809265137,5.199999809265137,5.5,20276
2023-10-12,FELDVR,5.650000095367432,5.650000095367432,5.25,5.599999904632568,6854
2023-10-13,FELDVR,5.800000190734863,5.800000190734863,5.349999904632568,5.599999904632568,13903
2023-10-16,FELDVR,5.599999904632568,5.699999809265137,5.349999904632568,5.400000095367432,6675
2023-10-17,FELDVR,5.650000095367432,5.650000095367432,5.400000095367432,5.400000095367432,3782
2023-10-18,FELDVR,5.25,5.400000095367432,5.150000095367432,5.199999809265137,4173
2023-10-19,FELDVR,5.199999809265137,5.449999809265137,5.150000095367432,5.449999809265137,13919
2023-10-20,FELDVR,5.449999809265137,5.449999809265137,5.199999809265137,5.199999809265137,6399
2023-10-23,FELDVR,5.0,5.400000095367432,4.949999809265137,4.949999809265137,9941
2023-10-25,FELDVR,5.050000190734863,5.150000095367432,4.699999809265137,4.900000095367432,18420
2023-10-26,FELDVR,4.900000095367432,4.900000095367432,4.650000095367432,4.650000095367432,11924
2023-10-27,FELDVR,4.849999904632568,4.849999904632568,4.5,4.849999904632568,22526
2023-10-30,FELDVR,5.050000190734863,5.050000190734863,5.050000190734863,5.050000190734863,7693
2023-10-31,FELDVR,5.300000190734863,5.300000190734863,5.25,5.300000190734863,10753
2023-10-03,FIBERWEB,32.75,33.0,32.349998474121094,32.54999923706055,39870
2023-10-04,FIBERWEB,32.79999923706055,32.79999923706055,30.89999961853028,31.39999961853028,108961
2023-10-05,FIBERWEB,31.350000381469727,32.349998474121094,31.350000381469727,31.89999961853028,52165
2023-10-06,FIBERWEB,32.25,34.5,31.89999961853028,32.70000076293945,282282
2023-10-09,FIBERWEB,31.549999237060547,32.54999923706055,31.549999237060547,32.04999923706055,66123
2023-10-10,FIBERWEB,32.599998474121094,33.5,32.099998474121094,32.349998474121094,36037
2023-10-11,FIBERWEB,32.150001525878906,34.400001525878906,32.150001525878906,32.45000076293945,117626
2023-10-12,FIBERWEB,32.79999923706055,33.0,31.450000762939453,31.799999237060547,121001
2023-10-13,FIBERWEB,31.5,33.900001525878906,31.5,32.45000076293945,233496
2023-10-16,FIBERWEB,32.5,32.849998474121094,32.0,32.25,55406
2023-10-17,FIBERWEB,33.150001525878906,34.79999923706055,32.45000076293945,33.04999923706055,185609
2023-10-18,FIBERWEB,33.29999923706055,33.349998474121094,32.400001525878906,32.70000076293945,78670
2023-10-19,FIBERWEB,32.70000076293945,33.20000076293945,32.150001525878906,32.900001525878906,90611
2023-10-20,FIBERWEB,33.25,33.45000076293945,31.64999961853028,32.04999923706055,161159
2023-10-23,FIBERWEB,32.04999923706055,32.29999923706055,29.350000381469727,29.850000381469727,159265
2023-10-25,FIBERWEB,30.799999237060547,30.799999237060547,29.850000381469727,30.049999237060547,74698
2023-10-26,FIBERWEB,30.39999961853028,30.39999961853028,29.14999961853028,30.14999961853028,46349
2023-10-27,FIBERWEB,30.39999961853028,31.299999237060547,30.299999237060547,30.950000762939453,25509
2023-10-30,FIBERWEB,31.0,32.0,30.549999237060547,31.39999961853028,33091
2023-10-31,FIBERWEB,31.5,32.95000076293945,30.799999237060547,31.89999961853028,116165
2023-10-03,FIEMIND,906.8250122070312,915.0,878.5750122070312,899.375,129692
2023-10-04,FIEMIND,903.8499755859376,905.375,887.5999755859375,898.5499877929688,63122
2023-10-05,FIEMIND,892.0,912.375,892.0,903.9249877929688,34156
2023-10-06,FIEMIND,905.0,915.3250122070312,904.0,908.0250244140624,25820
2023-10-09,FIEMIND,890.5,900.9749755859376,885.0,891.5499877929688,35988
2023-10-10,FIEMIND,893.875,941.0,886.5499877929688,929.875,77294
2023-10-11,FIEMIND,929.875,938.625,918.25,927.4000244140624,33942
2023-10-12,FIEMIND,929.0,934.0,916.0,920.2000122070312,28458
2023-10-13,FIEMIND,914.0250244140624,925.0499877929688,909.25,914.4500122070312,49492
2023-10-16,FIEMIND,912.5250244140624,924.1500244140624,907.4000244140624,918.7750244140624,31694
2023-10-17,FIEMIND,922.0,928.0,909.1500244140624,912.6749877929688,42768
2023-10-18,FIEMIND,912.6749877929688,919.0750122070312,902.7750244140624,906.25,27814
2023-10-19,FIEMIND,904.5,916.3499755859376,897.75,904.3250122070312,34756
2023-10-20,FIEMIND,912.5,924.5,889.1500244140625,898.75,71246
2023-10-23,FIEMIND,903.0,907.3499755859376,877.0,880.2999877929688,53946
2023-10-25,FIEMIND,880.4749755859375,897.5,842.1749877929688,850.3499755859375,61256
2023-10-26,FIEMIND,850.5,859.9749755859375,822.0,849.7249755859375,73558
2023-10-27,FIEMIND,860.0,875.0,852.9000244140625,867.6749877929688,39436
2023-10-30,FIEMIND,872.0250244140625,890.5,858.625,882.2750244140625,34942
2023-10-31,FIEMIND,883.0,889.7000122070312,872.5,881.0499877929688,20984
2023-10-03,FILATEX,47.900001525878906,53.400001525878906,47.59999847412109,51.95000076293945,5462730
2023-10-04,FILATEX,52.150001525878906,54.650001525878906,52.0,53.04999923706055,6124400
2023-10-05,FILATEX,53.650001525878906,55.0,52.79999923706055,53.79999923706055,3475141
2023-10-06,FILATEX,53.75,54.20000076293945,51.20000076293945,51.650001525878906,2309491
2023-10-09,FILATEX,51.59999847412109,51.59999847412109,49.79999923706055,50.25,1183916
2023-10-10,FILATEX,50.75,52.75,50.04999923706055,50.20000076293945,1007948
2023-10-11,FILATEX,50.45000076293945,51.29999923706055,49.75,50.0,617782
2023-10-12,FILATEX,50.0,52.29999923706055,49.84999847412109,51.20000076293945,972102
2023-10-13,FILATEX,51.09999847412109,51.900001525878906,50.59999847412109,50.95000076293945,401068
2023-10-16,FILATEX,51.34999847412109,51.75,49.20000076293945,49.75,504738
2023-10-17,FILATEX,50.150001525878906,50.79999923706055,49.54999923706055,49.84999847412109,429800
2023-10-18,FILATEX,50.25,50.400001525878906,49.25,49.54999923706055,337919
2023-10-19,FILATEX,49.25,51.25,48.75,50.34999847412109,1001469
2023-10-20,FILATEX,50.95000076293945,53.45000076293945,50.29999923706055,51.650001525878906,3546078
2023-10-23,FILATEX,51.650001525878906,52.59999847412109,47.09999847412109,47.900001525878906,2749049
2023-10-25,FILATEX,47.900001525878906,49.0,46.0,47.29999923706055,1954489
2023-10-26,FILATEX,47.25,47.400001525878906,45.20000076293945,47.04999923706055,1615603
2023-10-27,FILATEX,47.04999923706055,49.20000076293945,47.04999923706055,48.04999923706055,1192634
2023-10-30,FILATEX,48.25,49.0,47.84999847412109,48.29999923706055,665622
2023-10-31,FILATEX,48.29999923706055,50.5,47.400001525878906,47.900001525878906,1142019
2023-10-03,FINCABLES,1129.949951171875,1136.300048828125,1091.75,1100.3499755859375,429915
2023-10-04,FINCABLES,1095.0,1105.0,1066.449951171875,1077.75,341196
2023-10-05,FINCABLES,1085.8499755859375,1102.050048828125,1075.0999755859375,1080.550048828125,303312
2023-10-06,FINCABLES,1084.3499755859375,1088.25,1067.0,1072.550048828125,187128
2023-10-09,FINCABLES,1065.0,1072.050048828125,1031.0,1040.4000244140625,301166
2023-10-10,FINCABLES,1041.9000244140625,1069.449951171875,1029.4000244140625,1062.199951171875,412819
2023-10-11,FINCABLES,1061.0,1079.0,1040.0,1044.5,386278
2023-10-12,FINCABLES,1053.449951171875,1063.8499755859375,1005.0499877929688,1012.0,483097
2023-10-13,FINCABLES,1026.949951171875,1033.800048828125,987.0,998.5,565711
2023-10-16,FINCABLES,1005.0,1011.9500122070312,961.5499877929688,964.7999877929688,766411
2023-10-17,FINCABLES,959.9000244140624,987.9000244140624,934.5499877929688,949.3499755859376,1453864
2023-10-18,FINCABLES,956.7999877929688,956.7999877929688,907.2000122070312,921.8499755859376,774885
2023-10-19,FINCABLES,924.9500122070312,955.2999877929688,916.5999755859376,919.4500122070312,877644
2023-10-20,FINCABLES,921.5499877929688,945.0,908.75,933.9500122070312,766128
2023-10-23,FINCABLES,931.0,933.9500122070312,882.5,897.2000122070312,877683
2023-10-25,FINCABLES,899.8499755859375,906.3499755859376,864.4000244140625,873.7999877929688,698735
2023-10-26,FINCABLES,875.0,875.0,841.2000122070312,851.2999877929688,512225
2023-10-27,FINCABLES,866.2999877929688,899.5999755859375,853.25,870.9500122070312,680892
2023-10-30,FINCABLES,879.0,935.0,875.2000122070312,921.2999877929688,1499782
2023-10-31,FINCABLES,934.4500122070312,940.2000122070312,892.0,896.5499877929688,726376
2023-10-03,FINEORG,4800.0,4893.89990234375,4800.0,4865.10009765625,29131
2023-10-04,FINEORG,4845.0,4970.7998046875,4804.9501953125,4925.14990234375,18296
2023-10-05,FINEORG,4970.0,4970.0,4884.89990234375,4942.5498046875,14451
2023-10-06,FINEORG,4957.9501953125,4968.60009765625,4888.10009765625,4921.14990234375,13381
2023-10-09,FINEORG,4800.0,4921.0,4786.10009765625,4904.89990234375,22211
2023-10-10,FINEORG,4904.89990234375,4928.35009765625,4821.0,4844.2998046875,20204
2023-10-11,FINEORG,4851.9501953125,4914.9501953125,4851.9501953125,4901.7001953125,18638
2023-10-12,FINEORG,4900.0,4942.5,4852.9501953125,4895.7998046875,15469
2023-10-13,FINEORG,4895.7998046875,4913.7998046875,4878.0,4895.9501953125,10141
2023-10-16,FINEORG,4895.0,4896.35009765625,4840.0,4872.5498046875,24944
2023-10-17,FINEORG,4895.0,4945.0,4850.0,4860.89990234375,25258
2023-10-18,FINEORG,4879.9501953125,4879.9501953125,4805.0,4821.10009765625,16798
2023-10-19,FINEORG,4791.0,4815.0498046875,4769.0,4806.2001953125,10704
2023-10-20,FINEORG,4790.0,4809.89990234375,4730.0,4750.85009765625,13589
2023-10-23,FINEORG,4758.9501953125,4777.4501953125,4650.0,4658.0,21889
2023-10-25,FINEORG,4654.9501953125,4704.5498046875,4535.4501953125,4571.0498046875,26946
2023-10-26,FINEORG,4571.0498046875,4571.0498046875,4452.0498046875,4489.5498046875,21854
2023-10-27,FINEORG,4500.2998046875,4591.0,4490.0498046875,4571.75,15129
2023-10-30,FINEORG,4595.7998046875,4617.5498046875,4541.0,4588.2998046875,9190
2023-10-31,FINEORG,4499.9501953125,4508.0,4405.0,4419.7001953125,69287
2023-10-03,FINOPB,317.79998779296875,320.5,309.45001220703125,315.79998779296875,50460
2023-10-04,FINOPB,315.79998779296875,315.79998779296875,306.1000061035156,310.1499938964844,46830
2023-10-05,FINOPB,310.8999938964844,316.20001220703125,310.8999938964844,314.70001220703125,33092
2023-10-06,FINOPB,314.70001220703125,318.20001220703125,305.1000061035156,308.20001220703125,94972
2023-10-09,FINOPB,308.6000061035156,312.3999938964844,301.29998779296875,304.70001220703125,55410
2023-10-10,FINOPB,302.0,309.0,302.0,306.8500061035156,31813
2023-10-11,FINOPB,312.3999938964844,313.0,304.5,307.29998779296875,76721
2023-10-12,FINOPB,309.1000061035156,321.79998779296875,305.25,310.20001220703125,159003
2023-10-13,FINOPB,309.79998779296875,313.54998779296875,305.29998779296875,311.0,93056
2023-10-16,FINOPB,311.5,311.5,307.04998779296875,309.5,36551
2023-10-17,FINOPB,313.79998779296875,317.3999938964844,309.29998779296875,315.1499938964844,95919
2023-10-18,FINOPB,315.1499938964844,317.8500061035156,307.8500061035156,308.6000061035156,88127
2023-10-19,FINOPB,308.5,314.3500061035156,305.8500061035156,307.75,72264
2023-10-20,FINOPB,307.79998779296875,311.8999938964844,305.75,307.54998779296875,29734
2023-10-23,FINOPB,306.8999938964844,309.45001220703125,290.0,292.20001220703125,67280
2023-10-25,FINOPB,292.54998779296875,298.0,284.3500061035156,288.79998779296875,78214
2023-10-26,FINOPB,288.79998779296875,292.3999938964844,276.8999938964844,289.8500061035156,54959
2023-10-27,FINOPB,288.0,299.04998779296875,288.0,297.6000061035156,25167
2023-10-30,FINOPB,299.79998779296875,299.79998779296875,292.75,295.25,28506
2023-10-31,FINOPB,295.45001220703125,304.8999938964844,295.25,298.54998779296875,33152
2023-10-03,FINPIPE,224.25,229.3000030517578,223.8000030517578,228.75,534978
2023-10-04,FINPIPE,227.5500030517578,230.9499969482422,222.3000030517578,224.3500061035156,512861
2023-10-05,FINPIPE,225.5,226.5500030517578,222.6000061035156,223.6499938964844,509159
2023-10-06,FINPIPE,223.5,232.9499969482422,222.8999938964844,226.8000030517578,1331998
2023-10-09,FINPIPE,222.0,224.4499969482422,218.75,221.5500030517578,370950
2023-10-10,FINPIPE,225.0,225.6999969482422,222.0,223.3500061035156,309387
2023-10-11,FINPIPE,224.3999938964844,225.0500030517578,222.3999938964844,223.0,284927
2023-10-12,FINPIPE,223.0,227.0,221.1999969482422,225.3000030517578,407216
2023-10-13,FINPIPE,224.0,225.6999969482422,220.25,221.75,312253
2023-10-16,FINPIPE,222.5500030517578,229.9499969482422,221.3999938964844,224.6499938964844,597520
2023-10-17,FINPIPE,225.8999938964844,229.1999969482422,224.6000061035156,226.4499969482422,529898
2023-10-18,FINPIPE,227.3500061035156,229.3999938964844,219.5,222.3000030517578,839605
2023-10-19,FINPIPE,221.0,224.4499969482422,220.9499969482422,222.8999938964844,269692
2023-10-20,FINPIPE,221.6999969482422,231.5,219.8000030517578,224.8500061035156,1323739
2023-10-23,FINPIPE,220.3999938964844,222.0,200.0,202.6499938964844,1800554
2023-10-25,FINPIPE,204.8000030517578,206.8000030517578,191.1999969482422,193.1000061035156,1136841
2023-10-26,FINPIPE,189.0,193.6999969482422,185.8000030517578,192.3999938964844,829693
2023-10-27,FINPIPE,194.0500030517578,197.1000061035156,193.0500030517578,194.3500061035156,622665
2023-10-30,FINPIPE,195.0,195.5,189.6499938964844,192.0,477428
2023-10-31,FINPIPE,192.9499969482422,196.8000030517578,190.5,192.0500030517578,391748
2023-10-03,FIVESTAR,702.2999877929688,716.0,696.2999877929688,713.2999877929688,221710
2023-10-04,FIVESTAR,715.5999755859375,724.9000244140625,705.2999877929688,719.4500122070312,331525
2023-10-05,FIVESTAR,725.0,728.8499755859375,716.5,724.5499877929688,220796
2023-10-06,FIVESTAR,724.0,730.0,716.0,724.4000244140625,205406
2023-10-09,FIVESTAR,714.4000244140625,719.7000122070312,703.5499877929688,716.0999755859375,122963
2023-10-10,FIVESTAR,719.9000244140625,734.9500122070312,718.6500244140625,729.0999755859375,198614
2023-10-11,FIVESTAR,732.3499755859375,755.0,731.5999755859375,747.4000244140625,695025
2023-10-12,FIVESTAR,751.9000244140625,752.8499755859375,741.2000122070312,747.8499755859375,362536
2023-10-13,FIVESTAR,747.0,755.9000244140625,735.25,742.5499877929688,191762
2023-10-16,FIVESTAR,742.5499877929688,760.0,740.0499877929688,758.5999755859375,335031
2023-10-17,FIVESTAR,767.5,790.5,762.5499877929688,786.2999877929688,691107
2023-10-18,FIVESTAR,793.9500122070312,793.9500122070312,763.75,775.4500122070312,280064
2023-10-19,FIVESTAR,777.0,778.0,755.5999755859375,762.5999755859375,171166
2023-10-20,FIVESTAR,770.0,774.0,743.5999755859375,754.5499877929688,173724
2023-10-23,FIVESTAR,757.7999877929688,768.9000244140625,726.0,733.0499877929688,337111
2023-10-25,FIVESTAR,743.0,750.9000244140625,718.4000244140625,722.8499755859375,243689
2023-10-26,FIVESTAR,720.0,720.0,689.9500122070312,708.1500244140625,336480
2023-10-27,FIVESTAR,716.7999877929688,743.4500122070312,716.7999877929688,734.7000122070312,275438
2023-10-30,FIVESTAR,742.3499755859375,742.3499755859375,712.3499755859375,730.1500244140625,204200
2023-10-31,FIVESTAR,742.0,750.0,730.9500122070312,738.9000244140625,358337
2023-10-03,FLEXITUFF,41.70000076293945,42.400001525878906,40.0,42.400001525878906,45811
2023-10-04,FLEXITUFF,43.0,44.5,42.400001525878906,44.5,87488
2023-10-05,FLEXITUFF,46.70000076293945,46.70000076293945,45.79999923706055,46.70000076293945,15775
2023-10-06,FLEXITUFF,49.0,49.0,49.0,49.0,14917
2023-10-09,FLEXITUFF,51.45000076293945,51.45000076293945,48.0,51.400001525878906,84275
2023-10-10,FLEXITUFF,50.400001525878906,50.400001525878906,50.400001525878906,50.400001525878906,3652
2023-10-11,FLEXITUFF,49.400001525878906,49.400001525878906,49.400001525878906,49.400001525878906,11317
2023-10-12,FLEXITUFF,48.45000076293945,48.45000076293945,48.45000076293945,48.45000076293945,370
2023-10-13,FLEXITUFF,47.5,47.5,47.5,47.5,1976
2023-10-16,FLEXITUFF,46.54999923706055,46.54999923706055,46.54999923706055,46.54999923706055,117
2023-10-17,FLEXITUFF,45.650001525878906,45.650001525878906,45.650001525878906,45.650001525878906,853
2023-10-18,FLEXITUFF,46.54999923706055,46.54999923706055,44.75,46.54999923706055,18921
2023-10-19,FLEXITUFF,45.650001525878906,46.95000076293945,45.650001525878906,45.650001525878906,69103
2023-10-20,FLEXITUFF,45.0,45.5,45.0,45.0,7466
2023-10-23,FLEXITUFF,44.09999847412109,45.150001525878906,44.09999847412109,44.09999847412109,6964
2023-10-25,FLEXITUFF,43.25,44.09999847412109,43.25,43.25,3500
2023-10-26,FLEXITUFF,42.400001525878906,43.25,42.400001525878906,42.400001525878906,565
2023-10-27,FLEXITUFF,41.54999923706055,41.59999847412109,41.54999923706055,41.54999923706055,522
2023-10-30,FLEXITUFF,41.5,41.54999923706055,40.75,41.5,13632
2023-10-31,FLEXITUFF,41.45000076293945,41.5,41.45000076293945,41.45000076293945,6187
2023-10-03,FLFL,2.700000047683716,2.900000095367432,2.700000047683716,2.700000047683716,965672
2023-10-04,FLFL,2.5999999046325684,2.799999952316284,2.5999999046325684,2.799999952316284,1005108
2023-10-05,FLFL,2.900000095367432,2.900000095367432,2.900000095367432,2.900000095367432,14948
2023-10-06,FLFL,3.0,3.0,3.0,3.0,5278
2023-10-09,FLFL,3.150000095367432,3.150000095367432,3.049999952316284,3.0999999046325684,212628
2023-10-10,FLFL,3.150000095367432,3.150000095367432,2.950000047683716,2.950000047683716,179372
2023-10-11,FLFL,2.8499999046325684,3.049999952316284,2.8499999046325684,3.049999952316284,111621
2023-10-12,FLFL,3.200000047683716,3.200000047683716,3.049999952316284,3.200000047683716,156204
2023-10-13,FLFL,3.3499999046325684,3.3499999046325684,3.0999999046325684,3.150000095367432,64536
2023-10-16,FLFL,3.150000095367432,3.25,3.0,3.150000095367432,188460
2023-10-17,FLFL,3.150000095367432,3.200000047683716,3.0999999046325684,3.150000095367432,41886
2023-10-18,FLFL,3.200000047683716,3.200000047683716,3.0999999046325684,3.0999999046325684,31602
2023-10-19,FLFL,3.0,3.200000047683716,3.0,3.0999999046325684,25558
2023-10-20,FLFL,3.0999999046325684,3.150000095367432,3.049999952316284,3.049999952316284,47726
2023-10-23,FLFL,3.0999999046325684,3.0999999046325684,2.900000095367432,2.950000047683716,26581
2023-10-25,FLFL,3.049999952316284,3.049999952316284,2.8499999046325684,2.950000047683716,34165
2023-10-26,FLFL,2.950000047683716,3.049999952316284,2.799999952316284,2.900000095367432,38235
2023-10-27,FLFL,2.950000047683716,3.0,2.799999952316284,2.950000047683716,43176
2023-10-30,FLFL,2.950000047683716,3.049999952316284,2.900000095367432,2.950000047683716,34459
2023-10-31,FLFL,2.950000047683716,3.049999952316284,2.900000095367432,3.0,9050
2023-10-03,FLUOROCHEM,3066.0,3070.0,2931.050048828125,2939.300048828125,375175
2023-10-04,FLUOROCHEM,2930.0,2953.35009765625,2813.0,2845.0,367167
2023-10-05,FLUOROCHEM,2849.949951171875,2902.949951171875,2837.199951171875,2892.10009765625,146042
2023-10-06,FLUOROCHEM,2875.0,2880.5,2831.0,2845.5,120091
2023-10-09,FLUOROCHEM,2811.0,2835.0,2781.800048828125,2828.89990234375,106555
2023-10-10,FLUOROCHEM,2828.85009765625,2855.0,2789.949951171875,2798.300048828125,67752
2023-10-11,FLUOROCHEM,2800.10009765625,2889.0,2795.0,2879.699951171875,154638
2023-10-12,FLUOROCHEM,2879.050048828125,2895.10009765625,2815.0,2820.75,78170
2023-10-13,FLUOROCHEM,2820.0,2887.0,2812.550048828125,2861.14990234375,103263
2023-10-16,FLUOROCHEM,2876.14990234375,2879.949951171875,2749.449951171875,2772.35009765625,111840
2023-10-17,FLUOROCHEM,2797.0,2844.0,2791.89990234375,2805.699951171875,60171
2023-10-18,FLUOROCHEM,2805.699951171875,2820.39990234375,2770.699951171875,2786.60009765625,62288
2023-10-19,FLUOROCHEM,2749.0,2793.699951171875,2741.0,2754.14990234375,75965
2023-10-20,FLUOROCHEM,2741.0,2770.10009765625,2738.199951171875,2760.35009765625,59468
2023-10-23,FLUOROCHEM,2761.0,2775.0,2650.0,2690.300048828125,61446
2023-10-25,FLUOROCHEM,2733.89990234375,2755.0,2649.25,2703.25,73674
2023-10-26,FLUOROCHEM,2651.0,2845.0,2570.0,2765.75,152360
2023-10-27,FLUOROCHEM,2765.0,2840.0,2753.89990234375,2799.89990234375,47238
2023-10-30,FLUOROCHEM,2780.0,2789.39990234375,2693.85009765625,2739.39990234375,96600
2023-10-31,FLUOROCHEM,2742.5,2799.0,2718.0,2773.60009765625,65786
2023-10-03,FMGOETZE,360.5,363.2999877929688,356.1000061035156,358.3500061035156,40960
2023-10-04,FMGOETZE,359.79998779296875,360.04998779296875,344.3999938964844,353.3999938964844,114239
2023-10-05,FMGOETZE,358.70001220703125,359.0,354.04998779296875,355.95001220703125,26446
2023-10-06,FMGOETZE,357.0,360.2999877929688,355.1000061035156,356.95001220703125,51357
2023-10-09,FMGOETZE,352.79998779296875,358.1000061035156,348.6000061035156,353.75,56264
2023-10-10,FMGOETZE,353.75,358.0,343.6000061035156,347.95001220703125,69611
2023-10-11,FMGOETZE,350.95001220703125,355.1000061035156,348.8500061035156,351.1499938964844,68460
2023-10-12,FMGOETZE,352.0,358.0,352.0,353.1499938964844,46737
2023-10-13,FMGOETZE,350.6499938964844,353.29998779296875,345.54998779296875,346.70001220703125,70474
2023-10-16,FMGOETZE,346.70001220703125,349.45001220703125,343.70001220703125,348.1499938964844,83084
2023-10-17,FMGOETZE,349.8999938964844,351.95001220703125,345.0,346.70001220703125,54727
2023-10-18,FMGOETZE,350.1499938964844,371.0,347.54998779296875,363.6499938964844,828949
2023-10-19,FMGOETZE,365.0,368.9500122070313,357.0,359.1499938964844,93512
2023-10-20,FMGOETZE,362.0,363.5499877929688,354.0,357.6499938964844,70674
2023-10-23,FMGOETZE,355.25,357.0,335.0,338.5,155214
2023-10-25,FMGOETZE,343.54998779296875,345.70001220703125,337.1000061035156,340.54998779296875,87703
2023-10-26,FMGOETZE,337.04998779296875,340.54998779296875,330.79998779296875,337.5,91724
2023-10-27,FMGOETZE,338.3999938964844,346.54998779296875,338.3999938964844,343.04998779296875,48101
2023-10-30,FMGOETZE,343.04998779296875,343.1000061035156,338.6000061035156,340.79998779296875,29254
2023-10-31,FMGOETZE,340.54998779296875,349.70001220703125,338.3999938964844,339.54998779296875,52652
2023-10-03,FMNL,5.900000095367432,6.25,5.900000095367432,6.0,35076
2023-10-04,FMNL,6.199999809265137,6.199999809265137,5.949999809265137,6.0,19905
2023-10-05,FMNL,5.949999809265137,6.150000095367432,5.800000190734863,5.900000095367432,30023
2023-10-06,FMNL,5.699999809265137,6.0,5.699999809265137,5.900000095367432,10910
2023-10-09,FMNL,6.0,6.0,5.650000095367432,5.75,31013
2023-10-10,FMNL,5.75,5.800000190734863,5.550000190734863,5.699999809265137,63341
2023-10-11,FMNL,5.699999809265137,5.900000095367432,5.5,5.849999904632568,29820
2023-10-12,FMNL,5.849999904632568,6.050000190734863,5.75,5.900000095367432,24258
2023-10-13,FMNL,6.0,6.099999904632568,5.75,5.949999809265137,13195
2023-10-16,FMNL,5.949999809265137,6.199999809265137,5.75,6.0,38220
2023-10-17,FMNL,6.150000095367432,6.150000095367432,5.849999904632568,6.0,33751
2023-10-18,FMNL,6.199999809265137,6.199999809265137,5.900000095367432,5.900000095367432,17812
2023-10-19,FMNL,5.849999904632568,5.949999809265137,5.699999809265137,5.949999809265137,24103
2023-10-20,FMNL,5.949999809265137,5.949999809265137,5.800000190734863,5.849999904632568,16868
2023-10-23,FMNL,5.75,6.0,5.75,5.800000190734863,24124
2023-10-25,FMNL,5.800000190734863,5.900000095367432,5.550000190734863,5.75,30490
2023-10-26,FMNL,5.550000190734863,5.949999809265137,5.5,5.599999904632568,28168
2023-10-27,FMNL,5.800000190734863,5.800000190734863,5.449999809265137,5.75,18053
2023-10-30,FMNL,5.900000095367432,5.900000095367432,5.599999904632568,5.800000190734863,14036
2023-10-31,FMNL,5.75,5.900000095367432,5.75,5.849999904632568,17744
2023-10-03,FOCUS,173.97999572753906,175.8300018310547,170.6300048828125,175.8300018310547,802460
2023-10-04,FOCUS,179.38999938964844,179.67999267578125,167.0399932861328,167.1999969482422,561815
2023-10-05,FOCUS,169.60000610351562,170.8000030517578,161.00999450683594,169.16000366210938,374125
2023-10-06,FOCUS,176.39999389648438,177.60000610351562,169.14999389648438,177.60000610351562,308941
2023-10-09,FOCUS,174.0,174.8000030517578,163.5,167.4499969482422,501228
2023-10-10,FOCUS,172.0,175.0,168.0,170.60000610351562,239047
2023-10-11,FOCUS,172.5,172.5,160.9499969482422,162.8000030517578,332818
2023-10-12,FOCUS,162.0,162.0,152.10000610351562,154.1999969482422,409168
2023-10-13,FOCUS,154.25,169.60000610351562,154.25,168.85000610351562,761177
2023-10-16,FOCUS,172.0,172.75,165.0500030517578,165.85000610351562,244986
2023-10-17,FOCUS,166.89999389648438,182.3999938964844,162.8000030517578,169.0,676911
2023-10-18,FOCUS,170.89999389648438,172.0,166.89999389648438,169.0,203199
2023-10-19,FOCUS,170.0500030517578,172.35000610351562,167.25,171.39999389648438,164391
2023-10-20,FOCUS,170.0,174.89999389648438,165.25,168.8000030517578,125180
2023-10-23,FOCUS,168.8000030517578,170.0,158.0,160.14999389648438,147833
2023-10-25,FOCUS,160.14999389648438,167.39999389648438,155.5500030517578,157.0,143152
2023-10-26,FOCUS,165.0,165.0,146.0500030517578,158.14999389648438,315412
2023-10-27,FOCUS,160.1999969482422,173.9499969482422,159.9499969482422,173.9499969482422,503161
2023-10-30,FOCUS,172.0,187.0,171.0,176.39999389648438,924097
2023-10-31,FOCUS,181.3999938964844,184.0,174.0500030517578,175.85000610351562,378058
2023-10-03,FOODSIN,197.9499969482422,208.5,196.1000061035156,198.6000061035156,1666307
2023-10-04,FOODSIN,200.6000061035156,207.0,196.5,203.25,1520651
2023-10-05,FOODSIN,203.3000030517578,211.5,202.4499969482422,204.1499938964844,1741963
2023-10-06,FOODSIN,205.4499969482422,214.1999969482422,201.0,213.1499938964844,1491077
2023-10-09,FOODSIN,210.5,216.0,205.0,207.4499969482422,2246538
2023-10-10,FOODSIN,209.9499969482422,222.1999969482422,209.9499969482422,217.25,1764169
2023-10-11,FOODSIN,219.8000030517578,221.8999938964844,207.25,208.5500030517578,1166901
2023-10-12,FOODSIN,210.4499969482422,212.8999938964844,203.8500061035156,206.6499938964844,367520
2023-10-13,FOODSIN,206.25,215.1999969482422,204.8000030517578,210.6000061035156,437990
2023-10-16,FOODSIN,212.0,213.6000061035156,204.4499969482422,205.1499938964844,380628
2023-10-17,FOODSIN,206.8000030517578,208.8999938964844,202.6999969482422,205.3999938964844,253055
2023-10-18,FOODSIN,206.8999938964844,207.1999969482422,196.25,197.8500061035156,258831
2023-10-19,FOODSIN,196.8500061035156,199.5,191.1000061035156,192.4499969482422,244386
2023-10-20,FOODSIN,193.5,194.8000030517578,186.5500030517578,187.8000030517578,273996
2023-10-23,FOODSIN,188.6999969482422,190.6999969482422,171.25,172.89999389648438,684664
2023-10-25,FOODSIN,175.6999969482422,178.3000030517578,161.1999969482422,166.0500030517578,903682
2023-10-26,FOODSIN,165.60000610351562,179.8000030517578,160.14999389648438,178.5,1015025
2023-10-27,FOODSIN,179.5,181.6999969482422,174.35000610351562,175.10000610351562,371984
2023-10-30,FOODSIN,174.5,176.6999969482422,171.10000610351562,172.39999389648438,229744
2023-10-31,FOODSIN,173.4499969482422,175.5,171.25,173.0500030517578,164824
2023-10-03,IRCTC,680.6500244140625,707.4000244140625,676.7999877929688,703.5499877929688,3635424
2023-10-04,IRCTC,699.9500122070312,709.4500122070312,697.1500244140625,704.0499877929688,2562621
2023-10-05,IRCTC,706.0,726.5,705.6500244140625,719.4500122070312,5547419
2023-10-06,IRCTC,721.9500122070312,722.6500244140625,714.0,719.7999877929688,1644795
2023-10-09,IRCTC,709.0,710.0,698.25,702.8499755859375,1760290
2023-10-10,IRCTC,704.0,711.5999755859375,703.0,705.7000122070312,1371262
2023-10-11,IRCTC,710.0,711.7999877929688,703.4500122070312,704.5999755859375,946589
2023-10-12,IRCTC,705.0,707.7000122070312,698.5499877929688,700.25,1230285
2023-10-13,IRCTC,698.25,706.5,693.2000122070312,704.1500244140625,1018087
2023-10-16,IRCTC,705.0,709.0499877929688,701.25,703.3499755859375,799567
2023-10-17,IRCTC,703.7999877929688,719.4000244140625,703.0499877929688,714.5999755859375,2163042
2023-10-18,IRCTC,718.3499755859375,718.5,699.0999755859375,703.8499755859375,1690083
2023-10-19,IRCTC,701.4000244140625,704.75,690.2999877929688,699.6500244140625,1100204
2023-10-20,IRCTC,700.0,703.5,690.0,692.0999755859375,1232956
2023-10-23,IRCTC,692.6500244140625,692.6500244140625,663.0,666.2000122070312,1717013
2023-10-25,IRCTC,667.25,673.0,651.0999755859375,658.0499877929688,1305923
2023-10-26,IRCTC,656.4000244140625,656.4000244140625,635.5499877929688,645.0499877929688,1821947
2023-10-27,IRCTC,649.9000244140625,661.5999755859375,648.4000244140625,659.3499755859375,1056784
2023-10-30,IRCTC,661.7000122070312,665.7999877929688,652.5,663.2999877929688,988891
2023-10-31,IRCTC,664.75,668.9000244140625,662.9500122070312,665.3499755859375,603228
2023-10-03,IRFC,76.8499984741211,77.80000305175781,76.30000305175781,76.5999984741211,32681918
2023-10-04,IRFC,76.44999694824219,76.5999984741211,73.80000305175781,75.05000305175781,34505676
2023-10-05,IRFC,75.75,75.8499984741211,74.0,74.3499984741211,20716740
2023-10-06,IRFC,74.80000305175781,76.0,73.80000305175781,74.8499984741211,27407523
2023-10-09,IRFC,72.6500015258789,72.94999694824219,70.3499984741211,71.1500015258789,49805228
2023-10-10,IRFC,71.4000015258789,76.25,71.3499984741211,75.6500015258789,75097719
2023-10-11,IRFC,76.5999984741211,77.6500015258789,75.3499984741211,75.5999984741211,45128089
2023-10-12,IRFC,76.05000305175781,76.0999984741211,74.80000305175781,75.0999984741211,21587597
2023-10-13,IRFC,75.0,78.3499984741211,74.5,76.5999984741211,78755411
2023-10-16,IRFC,77.19999694824219,77.25,76.19999694824219,76.30000305175781,23187941
2023-10-17,IRFC,76.94999694824219,80.80000305175781,76.5999984741211,79.1500015258789,153256370
2023-10-18,IRFC,79.9000015258789,80.69999694824219,77.1500015258789,77.5,60210098
2023-10-19,IRFC,76.0999984741211,78.4000015258789,75.80000305175781,77.5999984741211,36281928
2023-10-20,IRFC,77.5999984741211,79.25,76.6500015258789,77.05000305175781,34571282
2023-10-23,IRFC,77.5,77.94999694824219,72.0,72.19999694824219,59336442
2023-10-25,IRFC,73.4000015258789,74.9000015258789,68.0,70.30000305175781,67364514
2023-10-26,IRFC,68.9000015258789,71.4000015258789,65.75,70.19999694824219,109965024
2023-10-27,IRFC,71.4000015258789,73.1500015258789,70.44999694824219,71.94999694824219,71117911
2023-10-30,IRFC,72.44999694824219,73.0999984741211,69.9000015258789,72.75,44719772
2023-10-31,IRFC,73.69999694824219,74.4000015258789,72.0999984741211,72.5999984741211,44614720
2023-10-03,NTPC,244.3500061035156,246.6999969482422,240.5500030517578,241.1999969482422,14885044
2023-10-04,NTPC,241.0,241.0,231.5,235.1499938964844,25424437
2023-10-05,NTPC,237.25,237.3999938964844,232.0500030517578,233.8500061035156,22472389
2023-10-06,NTPC,234.25,237.5,233.6499938964844,235.5500030517578,8825123
2023-10-09,NTPC,233.8500061035156,236.3000030517578,230.5,234.6999969482422,10659145
2023-10-10,NTPC,234.8999938964844,236.8500061035156,233.75,235.8999938964844,11665907
2023-10-11,NTPC,236.25,239.6999969482422,236.0,238.6999969482422,14313043
2023-10-12,NTPC,238.9499969482422,242.75,238.6000061035156,241.6000061035156,13170027
2023-10-13,NTPC,240.5500030517578,243.8000030517578,239.6000061035156,242.0500030517578,11880728
2023-10-16,NTPC,242.8500061035156,245.0,241.0,243.4499969482422,6936948
2023-10-17,NTPC,244.8500061035156,247.1999969482422,243.3000030517578,245.9499969482422,10084205
2023-10-18,NTPC,245.8999938964844,246.8000030517578,241.6000061035156,242.0,6987265
2023-10-19,NTPC,240.1999969482422,241.8000030517578,238.5,239.5,11485237
2023-10-20,NTPC,238.9499969482422,242.1499938964844,237.5500030517578,241.0,9040953
2023-10-23,NTPC,240.8000030517578,240.8999938964844,235.0,236.5500030517578,7058625
2023-10-25,NTPC,236.0,236.3000030517578,228.3500061035156,232.0500030517578,23949207
2023-10-26,NTPC,230.8500061035156,233.3000030517578,227.75,231.6499938964844,17410264
2023-10-27,NTPC,232.0,238.4499969482422,232.0,236.6000061035156,10519462
2023-10-30,NTPC,237.4499969482422,238.3999938964844,230.6499938964844,234.6000061035156,8812268
2023-10-31,NTPC,234.5,237.1999969482422,233.5500030517578,235.8000030517578,6583581
2023-10-03,PALASHSECU,113.3000030517578,117.0999984741211,111.1500015258789,112.6500015258789,8770
2023-10-04,PALASHSECU,111.4000015258789,115.6999969482422,107.0999984741211,108.1500015258789,17842
2023-10-05,PALASHSECU,106.9499969482422,110.4000015258789,106.75,107.25,13665
2023-10-06,PALASHSECU,107.3499984741211,110.9499969482422,105.6500015258789,108.5500030517578,8961
2023-10-09,PALASHSECU,106.5,110.0,105.9499969482422,108.3000030517578,8403
2023-10-10,PALASHSECU,107.25,109.6999969482422,105.8000030517578,106.6999969482422,5935
2023-10-11,PALASHSECU,109.9000015258789,112.9499969482422,107.0,109.3000030517578,10849
2023-10-12,PALASHSECU,113.1999969482422,120.5999984741211,108.8000030517578,116.8000030517578,40523
2023-10-13,PALASHSECU,115.6500015258789,120.3499984741211,115.6500015258789,116.75,11990
2023-10-16,PALASHSECU,118.5,118.5,110.0999984741211,113.75,5990
2023-10-17,PALASHSECU,113.0,117.4000015258789,113.0,113.4000015258789,6236
2023-10-18,PALASHSECU,110.5500030517578,118.4499969482422,110.5500030517578,116.1999969482422,8294
2023-10-19,PALASHSECU,117.9499969482422,117.9499969482422,112.5,113.25,3149
2023-10-20,PALASHSECU,113.3000030517578,115.6500015258789,112.0,114.1999969482422,3329
2023-10-23,PALASHSECU,117.5,117.5,105.0500030517578,107.4000015258789,5524
2023-10-25,PALASHSECU,106.9000015258789,109.8000030517578,103.25,104.25,4085
2023-10-26,PALASHSECU,103.5,105.0,100.9499969482422,103.25,2252
2023-10-27,PALASHSECU,110.75,111.6999969482422,105.0,105.1999969482422,9224
2023-10-30,PALASHSECU,106.1500015258789,126.1999969482422,104.25,119.0,119752
2023-10-31,PALASHSECU,119.6999969482422,119.6999969482422,112.5,114.5999984741211,8156
2023-10-03,RELIANCE,1164.9749755859375,1167.800048828125,1158.0,1159.074951171875,8859056
2023-10-04,RELIANCE,1154.5,1159.5,1147.550048828125,1157.074951171875,10286386
2023-10-05,RELIANCE,1159.625,1164.699951171875,1154.5,1157.050048828125,10953682
2023-10-06,RELIANCE,1158.5250244140625,1162.4000244140625,1156.0250244140625,1159.0,5431026
2023-10-09,RELIANCE,1154.050048828125,1155.9749755859375,1147.5,1149.125,7576878
2023-10-10,RELIANCE,1153.2750244140625,1158.949951171875,1151.875,1154.199951171875,10236032
2023-10-11,RELIANCE,1157.2249755859375,1174.8499755859375,1156.5,1172.5250244140625,9814118
2023-10-12,RELIANCE,1171.925048828125,1179.675048828125,1169.074951171875,1174.699951171875,12554450
2023-10-13,RELIANCE,1170.0,1178.75,1164.574951171875,1174.6500244140625,10150316
2023-10-16,RELIANCE,1172.5,1177.2750244140625,1168.0,1172.0250244140625,5929036
2023-10-17,RELIANCE,1178.0,1179.8499755859375,1170.6500244140625,1177.625,7928180
2023-10-18,RELIANCE,1177.625,1183.5,1160.5,1162.0,8918320
2023-10-19,RELIANCE,1156.0,1160.9000244140625,1150.5,1153.074951171875,12032556
2023-10-20,RELIANCE,1150.0,1157.3499755859375,1148.1500244140625,1149.550048828125,8913312
2023-10-23,RELIANCE,1145.0,1153.125,1127.625,1131.5999755859375,7853962
2023-10-25,RELIANCE,1125.0250244140625,1140.5999755859375,1121.5,1128.9749755859375,11620688
2023-10-26,RELIANCE,1125.5,1129.0,1110.1500244140625,1113.25,15222534
2023-10-27,RELIANCE,1120.0,1136.75,1117.9749755859375,1132.9000244140625,11771084
2023-10-30,RELIANCE,1137.0,1162.5,1134.9749755859375,1156.25,16813304
2023-10-31,RELIANCE,1164.0,1164.0,1141.449951171875,1143.949951171875,12808438
2023-10-03,RPOWER,19.299999237060547,19.549999237060547,19.14999961853028,19.25,52662477
2023-10-04,RPOWER,19.25,19.25,18.39999961853028,18.799999237060547,68891569
2023-10-05,RPOWER,18.950000762939453,19.100000381469727,18.549999237060547,18.89999961853028,43782204
2023-10-06,RPOWER,18.950000762939453,19.100000381469727,18.75,18.850000381469727,26043912
2023-10-09,RPOWER,18.5,18.5,17.700000762939453,17.850000381469727,50799957
2023-10-10,RPOWER,17.899999618530273,18.100000381469727,17.700000762939453,17.799999237060547,42788219
2023-10-11,RPOWER,17.899999618530273,18.350000381469727,17.850000381469727,18.200000762939453,43594800
2023-10-12,RPOWER,18.299999237060547,18.350000381469727,17.850000381469727,18.0,39860092
2023-10-13,RPOWER,17.850000381469727,18.049999237060547,17.700000762939453,17.75,27054229
2023-10-16,RPOWER,17.899999618530273,18.5,17.700000762939453,18.39999961853028,92471985
2023-10-17,RPOWER,18.450000762939453,18.799999237060547,18.25,18.549999237060547,63936691
2023-10-18,RPOWER,18.64999961853028,18.799999237060547,18.100000381469727,18.14999961853028,44885996
2023-10-19,RPOWER,18.0,18.850000381469727,18.0,18.64999961853028,85820805
2023-10-20,RPOWER,18.64999961853028,19.0,18.299999237060547,18.5,63826654
2023-10-23,RPOWER,18.549999237060547,18.64999961853028,16.299999237060547,16.700000762939453,80110583
2023-10-25,RPOWER,17.049999237060547,17.25,15.949999809265137,16.299999237060547,79888875
2023-10-26,RPOWER,16.100000381469727,16.700000762939453,15.550000190734863,16.5,76547213
2023-10-27,RPOWER,16.600000381469727,16.950000762939453,16.549999237060547,16.799999237060547,33325399
2023-10-30,RPOWER,16.899999618530273,17.149999618530273,16.450000762939453,16.950000762939453,61855118
2023-10-31,RPOWER,17.049999237060547,17.299999237060547,16.799999237060547,17.100000381469727,42272362
2023-10-03,SEPC,13.167935371398926,13.316446304321287,13.01942539215088,13.167935371398926,2368154
2023-10-04,SEPC,13.167935371398926,13.41545295715332,12.8214111328125,13.01942539215088,4945557
2023-10-05,SEPC,13.266942024230955,13.662970542907717,13.167935371398926,13.662970542907717,6058209
2023-10-06,SEPC,14.257013320922852,14.30651569366455,13.95999240875244,14.30651569366455,3827341
2023-10-09,SEPC,14.257013320922852,15.692614555358888,13.761978149414062,14.99956512451172,35200373
2023-10-10,SEPC,15.643111228942873,16.484670639038086,15.445096969604492,16.484670639038086,20524605
2023-10-11,SEPC,17.42523765563965,18.01927947998047,16.484670639038086,16.68268585205078,36238883
2023-10-12,SEPC,16.732189178466797,17.177719116210938,16.039138793945312,16.187650680541992,18238348
2023-10-13,SEPC,16.237152099609375,16.93020248413086,15.989636421203612,16.237152099609375,11574948
2023-10-16,SEPC,16.534175872802734,17.821266174316406,16.43516731262207,17.821266174316406,18637161
2023-10-17,SEPC,19.157861709594727,19.405378341674805,18.415307998657227,18.71232986450196,22169209
2023-10-18,SEPC,19.058853149414062,19.306371688842773,17.672754287719727,18.1182861328125,13349500
2023-10-19,SEPC,18.16779136657715,19.9004135131836,17.821266174316406,19.9004135131836,47516682
2023-10-20,SEPC,19.70240020751953,20.49445533752441,18.71232986450196,18.95984649658203,20667000
2023-10-23,SEPC,19.058853149414062,19.35587501525879,17.078712463378906,17.078712463378906,11518700
2023-10-25,SEPC,16.93020248413086,17.821266174316406,15.494601249694824,16.633182525634766,16160410
2023-10-26,SEPC,16.68268585205078,18.217294692993164,15.692614555358888,17.375734329223633,17513711
2023-10-27,SEPC,18.76183319091797,18.76183319091797,17.623252868652344,17.77176284790039,11535499
2023-10-30,SEPC,17.672754287719727,18.26679801940918,17.375734329223633,17.672754287719727,7423274
2023-10-31,SEPC,17.77176284790039,18.316301345825195,17.623252868652344,18.01927947998047,5795206
2023-10-03,SJVN,72.94999694824219,73.5999984741211,71.75,72.30000305175781,22896169
2023-10-04,SJVN,72.0,72.1500015258789,69.1500015258789,70.0999984741211,25690477
2023-10-05,SJVN,70.69999694824219,73.30000305175781,69.55000305175781,72.69999694824219,34896534
2023-10-06,SJVN,72.94999694824219,73.55000305175781,72.0,72.6500015258789,17976537
2023-10-09,SJVN,71.0,71.44999694824219,69.25,69.69999694824219,20508019
2023-10-10,SJVN,70.25,71.69999694824219,69.8499984741211,71.05000305175781,19579616
2023-10-11,SJVN,71.4000015258789,71.55000305175781,69.55000305175781,69.94999694824219,16269121
2023-10-12,SJVN,70.30000305175781,71.8499984741211,69.55000305175781,70.80000305175781,23997128
2023-10-13,SJVN,71.75,74.75,71.55000305175781,73.05000305175781,69842825
2023-10-16,SJVN,73.55000305175781,76.30000305175781,72.69999694824219,75.8499984741211,56799382
2023-10-17,SJVN,76.6500015258789,77.69999694824219,74.0999984741211,74.9000015258789,46034251
2023-10-18,SJVN,75.25,76.30000305175781,73.0999984741211,74.25,28707177
2023-10-19,SJVN,74.19999694824219,75.8499984741211,73.0999984741211,74.9000015258789,27050034
2023-10-20,SJVN,74.80000305175781,76.3499984741211,74.19999694824219,75.3499984741211,55365013
2023-10-23,SJVN,75.44999694824219,75.69999694824219,64.8499984741211,66.3499984741211,44075690
2023-10-25,SJVN,66.75,68.5999984741211,63.70000076293945,66.69999694824219,44740197
2023-10-26,SJVN,66.19999694824219,68.0,63.400001525878906,67.5999984741211,26932375
2023-10-27,SJVN,68.0,70.3499984741211,67.4000015258789,69.4000015258789,25340751
2023-10-30,SJVN,69.4000015258789,70.0999984741211,67.6500015258789,69.6500015258789,17563823
2023-10-31,SJVN,69.5,71.55000305175781,69.4000015258789,71.05000305175781,21385658
2023-10-03,STARCEMENT,153.0,161.6999969482422,153.0,161.0,1604837
2023-10-04,STARCEMENT,161.6999969482422,162.35000610351562,156.10000610351562,158.5500030517578,476684
2023-10-05,STARCEMENT,159.89999389648438,160.14999389648438,156.1999969482422,157.25,184894
2023-10-06,STARCEMENT,160.1999969482422,161.8000030517578,155.3000030517578,158.5,620732
2023-10-09,STARCEMENT,156.8000030517578,157.75,154.1999969482422,155.89999389648438,301517
2023-10-10,STARCEMENT,156.14999389648438,160.3000030517578,155.75,158.35000610351562,350858
2023-10-11,STARCEMENT,158.89999389648438,167.64999389648438,158.35000610351562,165.8000030517578,3395116
2023-10-12,STARCEMENT,167.0,168.8000030517578,164.25,165.4499969482422,848656
2023-10-13,STARCEMENT,165.4499969482422,166.0,162.3000030517578,163.0,384049
2023-10-16,STARCEMENT,164.85000610351562,176.4499969482422,163.39999389648438,174.25,5866235
2023-10-17,STARCEMENT,178.0,180.5,170.5,172.85000610351562,3036580
2023-10-18,STARCEMENT,173.35000610351562,182.3500061035156,172.1999969482422,173.75,3031253
2023-10-19,STARCEMENT,173.9499969482422,175.5,170.5,171.60000610351562,965639
2023-10-20,STARCEMENT,171.6999969482422,174.1999969482422,165.60000610351562,168.60000610351562,649444
2023-10-23,STARCEMENT,169.89999389648438,172.9499969482422,149.5,151.3000030517578,1915373
2023-10-25,STARCEMENT,154.39999389648438,157.6999969482422,147.0,150.8000030517578,907321
2023-10-26,STARCEMENT,151.3000030517578,154.9499969482422,147.4499969482422,153.75,597670
2023-10-27,STARCEMENT,152.0,160.5500030517578,151.9499969482422,155.89999389648438,462372
2023-10-30,STARCEMENT,156.9499969482422,160.0,154.3000030517578,157.6999969482422,367438
2023-10-31,STARCEMENT,159.39999389648438,159.89999389648438,155.6999969482422,156.89999389648438,193274
2023-10-03,TATAPOWER,262.54998779296875,266.5,260.79998779296875,263.95001220703125,7137959
2023-10-04,TATAPOWER,262.95001220703125,262.95001220703125,253.5,256.6499938964844,12531396
2023-10-05,TATAPOWER,258.6000061035156,260.20001220703125,256.0,257.79998779296875,6675848
2023-10-06,TATAPOWER,259.5,259.95001220703125,258.04998779296875,258.75,3828731
2023-10-09,TATAPOWER,255.1000061035156,255.9499969482422,249.1000061035156,250.0,11210941
2023-10-10,TATAPOWER,250.5,255.0,250.5,253.8999938964844,5951928
2023-10-11,TATAPOWER,255.1999969482422,256.3999938964844,253.1000061035156,253.9499969482422,6245802
2023-10-12,TATAPOWER,255.3999938964844,257.3999938964844,254.6999969482422,255.1499938964844,5375168
2023-10-13,TATAPOWER,254.4499969482422,255.8999938964844,253.1999969482422,254.1000061035156,4300916
2023-10-16,TATAPOWER,254.1000061035156,256.8500061035156,253.5500030517578,254.8000030517578,6720120
2023-10-17,TATAPOWER,256.8500061035156,259.29998779296875,256.0,256.8999938964844,6338761
2023-10-18,TATAPOWER,257.0,257.70001220703125,251.5,253.0500030517578,6003534
2023-10-19,TATAPOWER,252.5500030517578,252.8999938964844,249.5,252.0,4782988
2023-10-20,TATAPOWER,251.5,252.3999938964844,246.6000061035156,247.3999938964844,7678941
2023-10-23,TATAPOWER,248.3500061035156,248.75,236.3000030517578,238.25,9550108
2023-10-25,TATAPOWER,239.8500061035156,241.6499938964844,233.1499938964844,236.6999969482422,9555885
2023-10-26,TATAPOWER,235.0,235.3500061035156,230.8000030517578,234.3999938964844,9272278
2023-10-27,TATAPOWER,236.1499938964844,239.0,235.5,238.1499938964844,7031353
2023-10-30,TATAPOWER,238.5,239.8999938964844,235.0,239.1000061035156,5661460
2023-10-31,TATAPOWER,240.5,241.8500061035156,238.25,239.3500061035156,6266858
2023-10-03,VEDL,230.0,233.75,225.1000061035156,230.75,46754460
2023-10-04,VEDL,230.25,232.25,220.9499969482422,223.3999938964844,15548752
2023-10-05,VEDL,225.1000061035156,225.6000061035156,220.0500030517578,222.0,10155103
2023-10-06,VEDL,222.6499938964844,224.1000061035156,220.8500061035156,222.6999969482422,5523734
2023-10-09,VEDL,219.9499969482422,221.1999969482422,217.3500061035156,218.9499969482422,5142409
2023-10-10,VEDL,219.1999969482422,224.0,218.6499938964844,222.1499938964844,5621177
2023-10-11,VEDL,222.3999938964844,229.9499969482422,222.1499938964844,227.6499938964844,12216514
2023-10-12,VEDL,226.0,227.6499938964844,225.25,226.1999969482422,7239091
2023-10-13,VEDL,225.0,229.3999938964844,224.8000030517578,226.1999969482422,7221397
2023-10-16,VEDL,226.8000030517578,232.6999969482422,224.3000030517578,229.8500061035156,10185425
2023-10-17,VEDL,230.25,231.5500030517578,229.0,229.9499969482422,5064750
2023-10-18,VEDL,230.1000061035156,232.5,228.3000030517578,230.5,5784720
2023-10-19,VEDL,229.0,230.9499969482422,226.5,227.1499938964844,4657398
2023-10-20,VEDL,226.6999969482422,229.75,222.3000030517578,222.75,5244069
2023-10-23,VEDL,222.75,225.1999969482422,214.5,215.0500030517578,7384814
2023-10-25,VEDL,215.0,219.8999938964844,214.3000030517578,216.8000030517578,6955789
2023-10-26,VEDL,215.5500030517578,215.75,211.1999969482422,212.25,7706350
2023-10-27,VEDL,213.8500061035156,217.3000030517578,213.25,215.8000030517578,4623399
2023-10-30,VEDL,215.75,217.0,214.4499969482422,216.4499969482422,2745365
2023-10-31,VEDL,217.8999938964844,218.1999969482422,214.4499969482422,216.6000061035156,3233237
2023-10-03,WIPRO,203.2250061035156,204.0500030517578,201.8000030517578,202.7250061035156,5728104
2023-10-04,WIPRO,201.3500061035156,202.7250061035156,200.3249969482422,202.4499969482422,6905870
2023-10-05,WIPRO,203.9750061035156,205.1999969482422,202.5,203.3999938964844,8125304
2023-10-06,WIPRO,204.0,204.8999938964844,203.4750061035156,203.9250030517578,6365004
2023-10-09,WIPRO,202.1000061035156,205.5,201.6999969482422,202.8000030517578,6030450
2023-10-10,WIPRO,203.1999969482422,204.375,203.1000061035156,203.875,5128014
2023-10-11,WIPRO,204.5,211.9750061035156,204.5,210.5749969482422,19092228
2023-10-12,WIPRO,210.875,210.9499969482422,207.3500061035156,208.5500030517578,10234398
2023-10-13,WIPRO,205.9499969482422,207.1999969482422,204.5249938964844,205.5249938964844,10914054
2023-10-16,WIPRO,205.5,205.9499969482422,204.0749969482422,205.1000061035156,5277652
2023-10-17,WIPRO,205.8500061035156,206.9250030517578,205.5249938964844,205.6999969482422,5979388
2023-10-18,WIPRO,204.5,206.8249969482422,203.5,203.7250061035156,4881066
2023-10-19,WIPRO,195.9750061035156,198.375,195.0500030517578,197.6499938964844,25629102
2023-10-20,WIPRO,197.5249938964844,198.0249938964844,195.5,195.9250030517578,8429336
2023-10-23,WIPRO,195.4250030517578,196.5,191.1000061035156,191.5749969482422,8837826
2023-10-25,WIPRO,192.1999969482422,193.8500061035156,190.5500030517578,190.9250030517578,6678294
2023-10-26,WIPRO,189.3999938964844,190.2749938964844,187.5249938964844,189.125,10995582
2023-10-27,WIPRO,189.5249938964844,192.1750030517578,189.5249938964844,191.1750030517578,6202812
2023-10-30,WIPRO,192.0,192.1750030517578,190.1999969482422,191.0,4688744
2023-10-31,WIPRO,191.6000061035156,192.0500030517578,189.5749969482422,190.8999938964844,6153536
2023-10-03,YESBANK,17.25,17.399999618530273,17.100000381469727,17.200000762939453,79015930
2023-10-04,YESBANK,17.200000762939453,17.5,17.049999237060547,17.200000762939453,154229605
2023-10-05,YESBANK,17.25,17.399999618530273,17.049999237060547,17.149999618530273,94470407
2023-10-06,YESBANK,17.200000762939453,17.5,17.149999618530273,17.299999237060547,130610068
2023-10-09,YESBANK,17.200000762939453,17.200000762939453,16.850000381469727,16.899999618530273,103002467
2023-10-10,YESBANK,17.0,17.149999618530273,16.950000762939453,17.049999237060547,65790049
2023-10-11,YESBANK,17.100000381469727,17.350000381469727,17.0,17.049999237060547,82337766
2023-10-12,YESBANK,17.100000381469727,17.25,17.049999237060547,17.100000381469727,49467423
2023-10-13,YESBANK,17.049999237060547,17.200000762939453,17.049999237060547,17.100000381469727,53963713
2023-10-16,YESBANK,17.149999618530273,17.200000762939453,17.049999237060547,17.049999237060547,67053870
2023-10-17,YESBANK,17.149999618530273,17.299999237060547,17.049999237060547,17.100000381469727,76798183
2023-10-18,YESBANK,17.149999618530273,17.25,16.950000762939453,17.049999237060547,76543547
2023-10-19,YESBANK,17.100000381469727,17.25,17.0,17.049999237060547,69004632
2023-10-20,YESBANK,17.100000381469727,17.850000381469727,17.049999237060547,17.299999237060547,242605105
2023-10-23,YESBANK,17.399999618530273,17.450000762939453,16.200000762939453,16.350000381469727,239210207
2023-10-25,YESBANK,16.399999618530273,16.700000762939453,15.850000381469728,16.0,156556497
2023-10-26,YESBANK,16.0,16.049999237060547,15.699999809265137,15.899999618530272,153370332
2023-10-27,YESBANK,15.949999809265137,16.149999618530273,15.899999618530272,15.949999809265137,74336446
2023-10-30,YESBANK,16.049999237060547,16.100000381469727,15.850000381469728,15.949999809265137,120388059
2023-10-31,YESBANK,16.100000381469727,16.149999618530273,15.899999618530272,15.949999809265137,52455781
