Date,Symbol,Open,High,Low,Close,Volume
2024-03-01,20MICRONS,149.89999389648438,150.5500030517578,146.0500030517578,149.14999389648438,51899
2024-03-04,20MICRONS,147.5500030517578,149.89999389648438,143.39999389648438,144.39999389648438,68411
2024-03-05,20MICRONS,146.5500030517578,146.60000610351562,143.35000610351562,145.25,51432
2024-03-06,20MICRONS,145.25,174.3000030517578,144.10000610351562,157.4499969482422,3078390
2024-03-07,20MICRONS,155.5500030517578,155.75,147.0,148.6999969482422,329960
2024-03-11,20MICRONS,149.0500030517578,150.0,143.10000610351562,144.6999969482422,137485
2024-03-12,20MICRONS,146.8000030517578,146.8000030517578,141.64999389648438,144.60000610351562,141801
2024-03-13,20MICRONS,143.0,144.9499969482422,132.0,137.10000610351562,216352
2024-03-14,20MICRONS,137.10000610351562,151.14999389648438,135.35000610351562,148.39999389648438,185966
2024-03-15,20MICRONS,147.0,154.89999389648438,144.8000030517578,151.10000610351562,168550
2024-03-18,20MICRONS,152.0,159.0,150.25,150.6999969482422,166659
2024-03-19,20MICRONS,148.4499969482422,149.5500030517578,143.60000610351562,144.60000610351562,68165
2024-03-20,20MICRONS,146.6999969482422,149.8000030517578,144.0,145.8000030517578,52701
2024-03-21,20MICRONS,145.8000030517578,149.89999389648438,144.10000610351562,144.6999969482422,50222
2024-03-22,20MICRONS,144.6999969482422,150.0,144.1999969482422,145.0500030517578,132503
2024-03-26,20MICRONS,145.0,150.0,142.0500030517578,143.0,119407
2024-03-27,20MICRONS,145.4499969482422,146.5,139.85000610351562,143.0,83203
2024-03-28,20MICRONS,144.5,148.25,138.6999969482422,143.6999969482422,69677
2024-03-01,21STCENMGM,49.400001525878906,49.400001525878906,49.400001525878906,49.400001525878906,1098
2024-03-04,21STCENMGM,49.400001525878906,49.400001525878906,47.5,49.400001525878906,29180
2024-03-05,21STCENMGM,50.34999847412109,50.34999847412109,50.34999847412109,50.34999847412109,13676
2024-03-06,21STCENMGM,49.34999847412109,51.34999847412109,49.34999847412109,49.34999847412109,24169
2024-03-07,21STCENMGM,49.0,49.0,48.400001525878906,49.0,16769
2024-03-11,21STCENMGM,48.04999923706055,49.0,48.04999923706055,48.04999923706055,2884
2024-03-12,21STCENMGM,47.09999847412109,47.09999847412109,47.09999847412109,47.09999847412109,1103
2024-03-13,21STCENMGM,46.150001525878906,46.150001525878906,46.150001525878906,46.150001525878906,4
2024-03-14,21STCENMGM,45.25,45.25,45.25,45.25,237
2024-03-15,21STCENMGM,44.34999847412109,44.34999847412109,44.34999847412109,44.34999847412109,377
2024-03-18,21STCENMGM,43.5,45.20000076293945,43.5,44.45000076293945,13289
2024-03-19,21STCENMGM,43.59999847412109,45.25,43.59999847412109,43.70000076293945,10480
2024-03-20,21STCENMGM,43.70000076293945,43.70000076293945,42.84999847412109,42.84999847412109,941
2024-03-21,21STCENMGM,42.0,42.84999847412109,42.0,42.0,6628
2024-03-22,21STCENMGM,41.20000076293945,42.75,41.20000076293945,41.20000076293945,14066
2024-03-26,21STCENMGM,41.20000076293945,41.95000076293945,40.400001525878906,41.900001525878906,21255
2024-03-27,21STCENMGM,41.54999923706055,42.70000076293945,41.09999847412109,41.59999847412109,17103
2024-03-28,21STCENMGM,42.29999923706055,42.34999847412109,40.79999923706055,41.59999847412109,17766
2024-03-01,360ONE,723.0,743.8499755859375,721.5499877929688,731.7000122070312,347110
2024-03-04,360ONE,730.75,739.7000122070312,721.0499877929688,727.2999877929688,114655
2024-03-05,360ONE,708.3499755859375,734.7999877929688,701.5499877929688,720.9500122070312,235044
2024-03-06,360ONE,710.1500244140625,717.5999755859375,692.2000122070312,696.25,247042
2024-03-07,360ONE,702.5499877929688,705.0999755859375,675.8499755859375,679.7999877929688,298672
2024-03-11,360ONE,681.0499877929688,722.6500244140625,672.0,710.7000122070312,743621
2024-03-12,360ONE,713.5499877929688,731.4500122070312,690.0,708.4500122070312,594950
2024-03-13,360ONE,704.9000244140625,707.1500244140625,674.75,697.5999755859375,472495
2024-03-14,360ONE,682.0,700.0,679.6500244140625,696.7000122070312,141794
2024-03-15,360ONE,695.7999877929688,700.5499877929688,685.0999755859375,694.3499755859375,284769
2024-03-18,360ONE,705.0,710.0,682.3499755859375,689.6500244140625,132046
2024-03-19,360ONE,692.0,700.0,688.5499877929688,692.5999755859375,256540
2024-03-20,360ONE,694.3499755859375,696.3499755859375,666.0499877929688,673.75,177154
2024-03-21,360ONE,676.5499877929688,689.5499877929688,670.0,673.4000244140625,285163
2024-03-22,360ONE,675.7000122070312,682.4500122070312,659.0499877929688,665.8499755859375,802243
2024-03-26,360ONE,665.7999877929688,666.0,647.0,650.2999877929688,264980
2024-03-27,360ONE,652.5499877929688,674.0,650.8499755859375,667.9500122070312,530619
2024-03-28,360ONE,667.0499877929688,681.0,658.3499755859375,675.5999755859375,481500
2024-03-01,3IINFOLTD,49.0,50.20000076293945,48.84999847412109,49.150001525878906,982379
2024-03-04,3IINFOLTD,49.5,49.900001525878906,47.59999847412109,47.95000076293945,636535
2024-03-05,3IINFOLTD,48.150001525878906,48.70000076293945,46.84999847412109,47.04999923706055,822608
2024-03-06,3IINFOLTD,47.0,47.59999847412109,44.84999847412109,46.0,1142111
2024-03-07,3IINFOLTD,46.0,47.0,45.29999923706055,45.75,878568
2024-03-11,3IINFOLTD,45.95000076293945,46.5,42.04999923706055,42.900001525878906,1749754
2024-03-12,3IINFOLTD,43.25,43.79999923706055,40.54999923706055,43.20000076293945,2452854
2024-03-13,3IINFOLTD,43.70000076293945,44.0,38.54999923706055,39.04999923706055,2642118
2024-03-14,3IINFOLTD,39.54999923706055,43.75,39.09999847412109,42.79999923706055,3261439
2024-03-15,3IINFOLTD,42.79999923706055,43.5,40.29999923706055,40.900001525878906,2633042
2024-03-18,3IINFOLTD,41.79999923706055,41.900001525878906,40.25,40.95000076293945,1523455
2024-03-19,3IINFOLTD,40.84999847412109,41.29999923706055,40.09999847412109,40.29999923706055,1141877
2024-03-20,3IINFOLTD,40.5,41.150001525878906,39.400001525878906,40.0,876414
2024-03-21,3IINFOLTD,40.5,42.34999847412109,40.5,41.59999847412109,1423618
2024-03-22,3IINFOLTD,41.09999847412109,42.45000076293945,41.09999847412109,41.84999847412109,930408
2024-03-26,3IINFOLTD,41.79999923706055,42.150001525878906,39.0,39.20000076293945,2125357
2024-03-27,3IINFOLTD,39.25,40.20000076293945,39.0,39.400001525878906,2639285
2024-03-28,3IINFOLTD,39.70000076293945,41.5,39.29999923706055,39.5,1399387
2024-03-01,3MINDIA,32275.0,32275.0,31500.0,31714.349609375,7287
2024-03-04,3MINDIA,31836.0,31836.05078125,30550.0,30656.0,4602
2024-03-05,3MINDIA,30815.900390625,30885.80078125,30005.05078125,30115.650390625,15807
2024-03-06,3MINDIA,30200.0,30544.400390625,30116.099609375,30323.69921875,2769
2024-03-07,3MINDIA,30325.900390625,30778.0,30266.0,30480.55078125,2582
2024-03-11,3MINDIA,30315.25,30647.650390625,30001.05078125,30101.849609375,1471
2024-03-12,3MINDIA,30448.0,31132.44921875,30005.55078125,30843.19921875,3630
2024-03-13,3MINDIA,30843.19921875,30900.0,29905.099609375,30246.55078125,6237
2024-03-14,3MINDIA,30246.55078125,30446.150390625,29400.0,30133.150390625,4529
2024-03-15,3MINDIA,30249.0,30369.30078125,29400.0,29594.44921875,21361
2024-03-18,3MINDIA,29595.0,29620.849609375,29241.150390625,29516.099609375,1842
2024-03-19,3MINDIA,29748.0,30104.30078125,29203.400390625,29678.900390625,6670
2024-03-20,3MINDIA,29678.900390625,30200.0,29260.0,30038.94921875,7617
2024-03-21,3MINDIA,30337.0,30337.0,29877.599609375,30049.25,8054
2024-03-22,3MINDIA,30200.0,30900.0,30144.5,30728.400390625,2103
2024-03-26,3MINDIA,31000.0,31000.0,30319.75,30487.150390625,2225
2024-03-27,3MINDIA,30788.0,31657.44921875,30179.849609375,31475.099609375,9289
2024-03-28,3MINDIA,31475.099609375,31475.099609375,31032.05078125,31193.349609375,6634
2024-03-01,3PLAND,31.5,33.75,31.5,33.04999923706055,12208
2024-03-04,3PLAND,33.5,33.75,31.799999237060547,32.29999923706055,15455
2024-03-05,3PLAND,33.0,33.400001525878906,31.600000381469727,32.45000076293945,7512
2024-03-06,3PLAND,33.099998474121094,33.099998474121094,31.0,31.850000381469727,7475
2024-03-07,3PLAND,31.850000381469727,32.20000076293945,30.25,30.64999961853028,5479
2024-03-11,3PLAND,30.100000381469727,32.0,29.14999961853028,30.299999237060547,5029
2024-03-12,3PLAND,29.850000381469727,31.14999961853028,28.799999237060547,28.850000381469727,10906
2024-03-13,3PLAND,27.39999961853028,29.5,27.39999961853028,27.39999961853028,9351
2024-03-14,3PLAND,27.0,28.75,26.049999237060547,28.0,17301
2024-03-15,3PLAND,28.100000381469727,29.39999961853028,26.600000381469727,27.850000381469727,9966
2024-03-18,3PLAND,28.0,29.200000762939453,28.0,29.200000762939453,5842
2024-03-19,3PLAND,29.25,30.600000381469727,29.200000762939453,30.350000381469727,3673
2024-03-20,3PLAND,31.450000762939453,31.450000762939453,29.0,29.75,4758
2024-03-21,3PLAND,31.14999961853028,31.14999961853028,29.0,30.799999237060547,2443
2024-03-22,3PLAND,30.799999237060547,30.799999237060547,29.5,30.39999961853028,7742
2024-03-26,3PLAND,30.549999237060547,30.549999237060547,28.89999961853028,28.89999961853028,4897
2024-03-27,3PLAND,28.799999237060547,28.799999237060547,27.450000762939453,28.39999961853028,15769
2024-03-28,3PLAND,28.39999961853028,28.39999961853028,27.0,27.0,13975
2024-03-01,5PAISA,567.0,570.1500244140625,553.0999755859375,557.5499877929688,36862
2024-03-04,5PAISA,560.0,566.2999877929688,553.2000122070312,556.1500244140625,36622
2024-03-05,5PAISA,554.0,558.3499755859375,543.5,544.9500122070312,57378
2024-03-06,5PAISA,547.5,547.9500122070312,523.0,525.7000122070312,85639
2024-03-07,5PAISA,528.0,537.0,518.0,526.7999877929688,55541
2024-03-11,5PAISA,536.0,536.0,512.9000244140625,514.5999755859375,47900
2024-03-12,5PAISA,517.9500122070312,524.8499755859375,500.6000061035156,509.5,83544
2024-03-13,5PAISA,511.0,515.4500122070312,470.0,472.4500122070313,176778
2024-03-14,5PAISA,474.9500122070313,494.4500122070313,462.6000061035156,480.6000061035156,132253
2024-03-15,5PAISA,486.0,526.8499755859375,484.0,510.0499877929688,305212
2024-03-18,5PAISA,495.0,525.0,493.3500061035156,513.7999877929688,127387
2024-03-19,5PAISA,518.9500122070312,519.5999755859375,493.0,496.1000061035156,76557
2024-03-20,5PAISA,492.0,512.0,492.0,494.3999938964844,56703
2024-03-21,5PAISA,499.3500061035156,507.1499938964844,485.0499877929688,487.4500122070313,113803
2024-03-22,5PAISA,495.0,499.0,486.1000061035156,487.8500061035156,79794
2024-03-26,5PAISA,482.3500061035156,489.5,472.0,476.0499877929688,126595
2024-03-27,5PAISA,474.0,495.0,474.0,490.2999877929688,158889
2024-03-28,5PAISA,494.2999877929688,519.9000244140625,494.2999877929688,505.0499877929688,216417
2024-03-01,63MOONS,475.25,495.0,470.0,475.25,59730
2024-03-04,63MOONS,478.8999938964844,484.7999877929688,456.0,457.0499877929688,112866
2024-03-05,63MOONS,456.8999938964844,464.8999938964844,445.0499877929688,447.1000061035156,56019
2024-03-06,63MOONS,440.7000122070313,449.7999877929688,427.0,441.5499877929688,71032
2024-03-07,63MOONS,444.0,449.7000122070313,438.0,440.7000122070313,34249
2024-03-11,63MOONS,440.0,440.7000122070313,418.7000122070313,418.7000122070313,87656
2024-03-12,63MOONS,418.7000122070313,418.7000122070313,399.2000122070313,403.7000122070313,90917
2024-03-13,63MOONS,403.7000122070313,409.7999877929688,383.5499877929688,383.5499877929688,89094
2024-03-14,63MOONS,381.0,396.0,365.0,386.75,104871
2024-03-15,63MOONS,387.9500122070313,399.7000122070313,381.0,393.6000061035156,66544
2024-03-18,63MOONS,396.0,413.25,396.0,404.1499938964844,86259
2024-03-19,63MOONS,409.0,409.0,385.6499938964844,389.2000122070313,74472
2024-03-20,63MOONS,391.1499938964844,402.7000122070313,386.5499877929688,394.6499938964844,86278
2024-03-21,63MOONS,399.8500061035156,412.0,397.0,407.1499938964844,103466
2024-03-22,63MOONS,414.9500122070313,414.9500122070313,398.2999877929688,402.9500122070313,89120
2024-03-26,63MOONS,403.0,408.5,390.0,393.75,153743
2024-03-27,63MOONS,387.5,397.2000122070313,378.7999877929688,381.6000061035156,185543
2024-03-28,63MOONS,384.3999938964844,393.5499877929688,380.0,381.6000061035156,130919
2024-03-01,A2ZINFRA,15.800000190734863,15.800000190734863,15.800000190734863,15.800000190734863,166110
2024-03-04,A2ZINFRA,15.199999809265137,15.199999809265137,15.199999809265137,15.199999809265137,59299
2024-03-05,A2ZINFRA,14.899999618530272,14.899999618530272,14.899999618530272,14.899999618530272,31246
2024-03-06,A2ZINFRA,14.600000381469728,14.600000381469728,14.600000381469728,14.600000381469728,9920
2024-03-07,A2ZINFRA,14.300000190734863,14.300000190734863,14.300000190734863,14.300000190734863,19603
2024-03-11,A2ZINFRA,14.050000190734863,14.050000190734863,14.050000190734863,14.050000190734863,13117
2024-03-12,A2ZINFRA,13.800000190734863,13.800000190734863,13.800000190734863,13.800000190734863,6754
2024-03-13,A2ZINFRA,13.550000190734863,13.550000190734863,13.550000190734863,13.550000190734863,9659
2024-03-14,A2ZINFRA,13.300000190734863,13.300000190734863,13.300000190734863,13.300000190734863,20021
2024-03-15,A2ZINFRA,13.050000190734863,13.050000190734863,13.050000190734863,13.050000190734863,15724
2024-03-18,A2ZINFRA,12.800000190734863,12.800000190734863,12.800000190734863,12.800000190734863,28340
2024-03-19,A2ZINFRA,12.550000190734863,12.550000190734863,12.550000190734863,12.550000190734863,6200
2024-03-20,A2ZINFRA,12.300000190734863,12.300000190734863,12.300000190734863,12.300000190734863,7850
2024-03-21,A2ZINFRA,12.5,12.5,12.5,12.5,148212
2024-03-22,A2ZINFRA,12.75,12.75,12.75,12.75,119210
2024-03-26,A2ZINFRA,13.0,13.0,13.0,13.0,289769
2024-03-27,A2ZINFRA,13.25,13.25,13.25,13.25,487155
2024-03-28,A2ZINFRA,13.5,13.5,13.5,13.5,172952
2024-03-01,AAATECH,106.0999984741211,107.6999969482422,102.0,105.75,35925
2024-03-04,AAATECH,106.0,107.9000015258789,102.1999969482422,102.9000015258789,19518
2024-03-05,AAATECH,105.0,106.0,100.0,103.5500030517578,26611
2024-03-06,AAATECH,100.0,104.0,98.4000015258789,99.6999969482422,32433
2024-03-07,AAATECH,99.6999969482422,102.5,97.25,99.5999984741211,9413
2024-03-11,AAATECH,96.5999984741211,100.9499969482422,94.6500015258789,94.9000015258789,42959
2024-03-12,AAATECH,93.5999984741211,94.0,90.1500015258789,90.6999969482422,36780
2024-03-13,AAATECH,90.3000030517578,92.9000015258789,86.19999694824219,86.19999694824219,28264
2024-03-14,AAATECH,81.9000015258789,90.4499969482422,81.9000015258789,88.55000305175781,18326
2024-03-15,AAATECH,90.1999969482422,92.9499969482422,85.4000015258789,87.30000305175781,12037
2024-03-18,AAATECH,90.8000030517578,90.8000030517578,87.30000305175781,89.0999984741211,6939
2024-03-19,AAATECH,92.4000015258789,92.4000015258789,86.0,86.9000015258789,5635
2024-03-20,AAATECH,85.05000305175781,86.9000015258789,84.5,86.80000305175781,5332
2024-03-21,AAATECH,90.0,90.0,85.30000305175781,88.25,5304
2024-03-22,AAATECH,89.8499984741211,91.75,88.0,88.19999694824219,12154
2024-03-26,AAATECH,88.19999694824219,89.8499984741211,84.25,85.05000305175781,12537
2024-03-27,AAATECH,85.05000305175781,85.5999984741211,82.8499984741211,83.5,17278
2024-03-28,AAATECH,84.25,84.25,81.25,81.9000015258789,25183
2024-03-01,AAKASH,10.0,10.0,9.850000381469728,10.0,122648
2024-03-04,AAKASH,10.399999618530272,10.399999618530272,10.399999618530272,10.399999618530272,77139
2024-03-05,AAKASH,10.600000381469728,10.600000381469728,10.600000381469728,10.600000381469728,52923
2024-03-06,AAKASH,10.399999618530272,10.600000381469728,10.399999618530272,10.399999618530272,120709
2024-03-07,AAKASH,10.199999809265137,10.199999809265137,10.199999809265137,10.199999809265137,105465
2024-03-11,AAKASH,10.0,10.100000381469728,10.0,10.0,40357
2024-03-12,AAKASH,9.800000190734863,9.800000190734863,9.800000190734863,9.800000190734863,27389
2024-03-13,AAKASH,9.600000381469728,9.600000381469728,9.600000381469728,9.600000381469728,20795
2024-03-14,AAKASH,9.399999618530272,9.399999618530272,9.399999618530272,9.399999618530272,31268
2024-03-15,AAKASH,9.25,9.25,9.25,9.25,40765
2024-03-18,AAKASH,9.0,9.25,8.800000190734863,8.800000190734863,518484
2024-03-19,AAKASH,8.699999809265137,8.800000190734863,8.399999618530273,8.649999618530273,600546
2024-03-20,AAKASH,8.5,9.050000190734863,8.25,9.0,285759
2024-03-21,AAKASH,9.25,9.449999809265137,9.149999618530272,9.449999809265137,110030
2024-03-22,AAKASH,9.899999618530272,9.899999618530272,9.649999618530272,9.899999618530272,157739
2024-03-26,AAKASH,10.350000381469728,10.350000381469728,9.899999618530272,9.949999809265137,381730
2024-03-27,AAKASH,9.949999809265137,10.350000381469728,9.449999809265137,9.600000381469728,475111
2024-03-28,AAKASH,9.800000190734863,9.899999618530272,9.149999618530272,9.149999618530272,362324
2024-03-01,AAREYDRUGS,46.900001525878906,47.04999923706055,44.95000076293945,45.25,19871
2024-03-04,AAREYDRUGS,46.95000076293945,47.5,46.0,46.5,12354
2024-03-05,AAREYDRUGS,46.5,47.45000076293945,45.0,46.09999847412109,15092
2024-03-06,AAREYDRUGS,46.34999847412109,46.75,43.79999923706055,44.400001525878906,48024
2024-03-07,AAREYDRUGS,44.75,45.5,43.59999847412109,44.20000076293945,21980
2024-03-11,AAREYDRUGS,44.20000076293945,45.95000076293945,42.54999923706055,43.5,18533
2024-03-12,AAREYDRUGS,43.5,43.5,41.34999847412109,41.34999847412109,29855
2024-03-13,AAREYDRUGS,42.70000076293945,42.70000076293945,39.29999923706055,39.29999923706055,26238
2024-03-14,AAREYDRUGS,39.0,40.45000076293945,37.34999847412109,38.25,86287
2024-03-15,AAREYDRUGS,39.95000076293945,39.95000076293945,37.59999847412109,37.75,39508
2024-03-18,AAREYDRUGS,38.75,39.59999847412109,37.70000076293945,39.5,28478
2024-03-19,AAREYDRUGS,40.0,41.45000076293945,40.0,41.45000076293945,52598
2024-03-20,AAREYDRUGS,43.400001525878906,43.5,41.59999847412109,43.5,61550
2024-03-21,AAREYDRUGS,45.400001525878906,45.650001525878906,45.400001525878906,45.650001525878906,47552
2024-03-22,AAREYDRUGS,46.650001525878906,47.20000076293945,45.0,46.75,31184
2024-03-26,AAREYDRUGS,46.75,46.75,45.0,45.09999847412109,18299
2024-03-27,AAREYDRUGS,45.20000076293945,46.0,43.54999923706055,44.0,44307
2024-03-28,AAREYDRUGS,44.20000076293945,45.84999847412109,43.20000076293945,43.650001525878906,22240
2024-03-01,AARON,127.3000030517578,150.9499969482422,125.1750030517578,140.22500610351562,597188
2024-03-04,AARON,146.5,150.25,140.60000610351562,145.8249969482422,121338
2024-03-05,AARON,143.64999389648438,144.4250030517578,133.4499969482422,136.25,61808
2024-03-06,AARON,135.0,156.0749969482422,124.7750015258789,136.25,248260
2024-03-07,AARON,134.0,142.5500030517578,133.5,140.5749969482422,44644
2024-03-11,AARON,142.47500610351562,142.47500610351562,127.5,129.8249969482422,52692
2024-03-12,AARON,131.0,144.0,129.0500030517578,130.3249969482422,157302
2024-03-13,AARON,131.4499969482422,136.64999389648438,126.5250015258789,127.1750030517578,36892
2024-03-14,AARON,125.2750015258789,135.5,125.2750015258789,134.625,20612
2024-03-15,AARON,136.64999389648438,137.22500610351562,130.77499389648438,132.14999389648438,23372
2024-03-18,AARON,132.14999389648438,136.5,132.14999389648438,133.64999389648438,12928
2024-03-19,AARON,132.0,135.0,128.0500030517578,128.77499389648438,20280
2024-03-20,AARON,126.3000030517578,132.85000610351562,126.3000030517578,128.3249969482422,18426
2024-03-21,AARON,130.0,132.5,128.0,129.4250030517578,7578
2024-03-22,AARON,129.4250030517578,131.9250030517578,127.5999984741211,130.9499969482422,8918
2024-03-26,AARON,128.5,131.9499969482422,124.5250015258789,127.0749969482422,19752
2024-03-27,AARON,130.0,130.0,126.5,127.3000030517578,10346
2024-03-28,AARON,130.5,133.6750030517578,128.10000610351562,130.375,30102
2024-03-01,AARTECH,52.650001525878906,54.633331298828125,51.900001525878906,52.28333282470703,70845
2024-03-04,AARTECH,52.29999923706055,53.900001525878906,49.83333206176758,52.51666641235352,170196
2024-03-05,AARTECH,52.383331298828125,55.133331298828125,51.09999847412109,55.08333206176758,561681
2024-03-06,AARTECH,56.33333206176758,56.56666564941406,52.66666412353516,54.34999847412109,192798
2024-03-07,AARTECH,53.33333206176758,57.06666564941406,53.33333206176758,56.93333435058594,229701
2024-03-11,AARTECH,58.31666564941406,58.650001525878906,54.09999847412109,54.41666412353516,240792
2024-03-12,AARTECH,52.650001525878906,53.03333282470703,51.70000076293945,51.83333206176758,376503
2024-03-13,AARTECH,52.98333358764648,52.98333358764648,49.25,49.83333206176758,57120
2024-03-14,AARTECH,49.86666488647461,51.650001525878906,48.33333206176758,49.98333358764648,46965
2024-03-15,AARTECH,50.33333206176758,52.0,48.51666641235352,51.150001525878906,38811
2024-03-18,AARTECH,51.34999847412109,53.29999923706055,50.34999847412109,51.34999847412109,31434
2024-03-19,AARTECH,51.34999847412109,52.633331298828125,48.78333282470703,50.31666564941406,281718
2024-03-20,AARTECH,51.93333435058594,51.93333435058594,49.883331298828125,50.41666412353516,40638
2024-03-21,AARTECH,49.75,52.33333206176758,49.66666412353516,51.34999847412109,182604
2024-03-22,AARTECH,51.0,51.56666564941406,49.91666412353516,50.383331298828125,22377
2024-03-26,AARTECH,50.96666717529297,52.900001525878906,50.33333206176758,52.68333435058594,87258
2024-03-27,AARTECH,53.33333206176758,54.33333206176758,50.20000076293945,50.98333358764648,119589
2024-03-28,AARTECH,50.93333435058594,52.33333206176758,49.86666488647461,51.383331298828125,29106
2024-03-01,AARTIDRUGS,498.2000122070313,511.8999938964844,498.2000122070313,502.7999877929688,168291
2024-03-04,AARTIDRUGS,508.0,509.3999938964844,495.2000122070313,497.2000122070313,80889
2024-03-05,AARTIDRUGS,495.0,498.0,489.5,490.7000122070313,129710
2024-03-06,AARTIDRUGS,490.8999938964844,492.2000122070313,476.25,481.5,110818
2024-03-07,AARTIDRUGS,480.0,485.0,475.0,476.1000061035156,121936
2024-03-11,AARTIDRUGS,477.9500122070313,480.75,463.0499877929688,464.3500061035156,125964
2024-03-12,AARTIDRUGS,464.4500122070313,469.75,458.0,459.25,122216
2024-03-13,AARTIDRUGS,460.0,463.7999877929688,440.3999938964844,451.75,259980
2024-03-14,AARTIDRUGS,452.5499877929688,463.0,443.7000122070313,458.7000122070313,165603
2024-03-15,AARTIDRUGS,458.7000122070313,461.8999938964844,451.3500061035156,452.75,141403
2024-03-18,AARTIDRUGS,452.75,458.0,450.1000061035156,452.9500122070313,70974
2024-03-19,AARTIDRUGS,452.5499877929688,458.8500061035156,444.4500122070313,445.8999938964844,146699
2024-03-20,AARTIDRUGS,448.2000122070313,452.5,436.0499877929688,437.7000122070313,201115
2024-03-21,AARTIDRUGS,445.9500122070313,454.7000122070313,444.4500122070313,447.5,161439
2024-03-22,AARTIDRUGS,454.9500122070313,459.8999938964844,445.7999877929688,455.6000061035156,171797
2024-03-26,AARTIDRUGS,455.6000061035156,456.8500061035156,440.6000061035156,443.2000122070313,231130
2024-03-27,AARTIDRUGS,444.0499877929688,452.7000122070313,437.1499938964844,440.7999877929688,779540
2024-03-28,AARTIDRUGS,440.7999877929688,450.5,431.0499877929688,434.2999877929688,461430
2024-03-01,AARTIIND,665.0,678.3499755859375,663.0499877929688,673.25,1012427
2024-03-04,AARTIIND,675.2999877929688,678.0,660.5499877929688,662.0999755859375,502329
2024-03-05,AARTIIND,668.0,672.8499755859375,661.0,662.0499877929688,656542
2024-03-06,AARTIIND,657.5,662.0,638.25,653.5499877929688,1118093
2024-03-07,AARTIIND,649.0,670.75,648.1500244140625,665.4000244140625,1128494
2024-03-11,AARTIIND,665.3499755859375,667.0,648.4500122070312,654.8499755859375,1074397
2024-03-12,AARTIIND,655.0,659.75,644.5499877929688,646.8499755859375,674779
2024-03-13,AARTIIND,646.8499755859375,653.5,610.7999877929688,619.9000244140625,1701165
2024-03-14,AARTIIND,616.0,648.1500244140625,606.5499877929688,645.9000244140625,1433487
2024-03-15,AARTIIND,646.9000244140625,646.9000244140625,628.5,634.9000244140625,1032743
2024-03-18,AARTIIND,633.0499877929688,648.9500122070312,633.0499877929688,645.3499755859375,649209
2024-03-19,AARTIIND,644.9500122070312,646.3499755859375,632.2999877929688,635.75,561993
2024-03-20,AARTIIND,636.0,645.75,632.7000122070312,635.0999755859375,769372
2024-03-21,AARTIIND,640.0,650.9000244140625,640.0,648.5,681214
2024-03-22,AARTIIND,649.2000122070312,658.5499877929688,645.2000122070312,655.2999877929688,795732
2024-03-26,AARTIIND,645.0,661.9500122070312,645.0,656.5,627104
2024-03-27,AARTIIND,655.0999755859375,661.0,653.5,658.25,1501801
2024-03-28,AARTIIND,655.2000122070312,670.5,653.0,665.5499877929688,1404932
2024-03-01,AARTIPHARM,491.7999877929688,500.6499938964844,485.2000122070313,493.4500122070313,183472
2024-03-04,AARTIPHARM,497.5499877929688,497.5499877929688,480.0,481.5,96397
2024-03-05,AARTIPHARM,480.0,481.8500061035156,459.1000061035156,461.9500122070313,271385
2024-03-06,AARTIPHARM,463.0,469.7000122070313,445.0499877929688,456.0,342485
2024-03-07,AARTIPHARM,456.0,469.6499938964844,453.0499877929688,455.8999938964844,384078
2024-03-11,AARTIPHARM,456.1000061035156,463.2000122070313,448.5,461.25,247959
2024-03-12,AARTIPHARM,464.3999938964844,464.3999938964844,441.0499877929688,448.6000061035156,437456
2024-03-13,AARTIPHARM,450.0,455.0,410.0499877929688,416.75,300533
2024-03-14,AARTIPHARM,407.9500122070313,441.4500122070313,399.5499877929688,438.0499877929688,329743
2024-03-15,AARTIPHARM,440.0,447.3500061035156,426.1000061035156,444.1499938964844,249654
2024-03-18,AARTIPHARM,441.2000122070313,452.0,432.8500061035156,443.5499877929688,398960
2024-03-19,AARTIPHARM,439.3999938964844,453.3999938964844,437.9500122070313,450.1000061035156,129012
2024-03-20,AARTIPHARM,452.1000061035156,464.1000061035156,445.5499877929688,458.6499938964844,145676
2024-03-21,AARTIPHARM,459.5,471.0,458.25,466.5499877929688,114808
2024-03-22,AARTIPHARM,471.0,472.3500061035156,459.2000122070313,460.5499877929688,88844
2024-03-26,AARTIPHARM,452.7999877929688,462.8999938964844,443.0,445.1000061035156,163553
2024-03-27,AARTIPHARM,444.2000122070313,452.75,432.0499877929688,435.4500122070313,502514
2024-03-28,AARTIPHARM,437.1499938964844,448.4500122070313,432.0499877929688,434.9500122070313,357712
2024-03-01,AARTISURF,670.0999755859375,680.7999877929688,665.25,670.7000122070312,17402
2024-03-04,AARTISURF,685.0,685.4000244140625,669.0,681.75,17590
2024-03-05,AARTISURF,675.0,675.0,660.5999755859375,662.2999877929688,29297
2024-03-06,AARTISURF,668.0,668.0,634.2999877929688,641.25,39167
2024-03-07,AARTISURF,640.0499877929688,650.0,635.0,640.25,27779
2024-03-11,AARTISURF,635.0,637.0,620.0,624.0499877929688,33376
2024-03-12,AARTISURF,623.2999877929688,625.0,602.0,603.7000122070312,28662
2024-03-13,AARTISURF,603.4000244140625,614.4500122070312,570.0,575.2000122070312,88447
2024-03-14,AARTISURF,570.0,596.0499877929688,549.3499755859375,586.1500244140625,93855
2024-03-15,AARTISURF,580.0,604.0,567.3499755859375,592.2999877929688,51135
2024-03-18,AARTISURF,590.0,614.2999877929688,581.0,583.8499755859375,66071
2024-03-19,AARTISURF,580.0,584.4500122070312,560.0,566.75,25615
2024-03-20,AARTISURF,561.75,588.0,557.0499877929688,570.7999877929688,37094
2024-03-21,AARTISURF,571.0999755859375,591.8499755859375,571.0999755859375,581.7999877929688,21736
2024-03-22,AARTISURF,581.7999877929688,596.4000244140625,581.5499877929688,584.9500122070312,28736
2024-03-26,AARTISURF,584.9500122070312,585.0,556.1500244140625,562.2000122070312,50523
2024-03-27,AARTISURF,563.9000244140625,586.0,548.1500244140625,556.5999755859375,66179
2024-03-28,AARTISURF,559.0499877929688,575.0,550.0,552.6500244140625,44752
2024-03-01,AARVI,135.8000030517578,138.5500030517578,134.85000610351562,136.8000030517578,10976
2024-03-04,AARVI,140.60000610351562,140.60000610351562,137.0,137.14999389648438,15862
2024-03-05,AARVI,138.14999389648438,139.8000030517578,135.1999969482422,135.64999389648438,11302
2024-03-06,AARVI,135.6999969482422,137.5500030517578,132.14999389648438,133.25,13354
2024-03-07,AARVI,134.64999389648438,135.4499969482422,125.0,129.25,28100
2024-03-11,AARVI,129.5,130.89999389648438,126.0,126.1500015258789,20458
2024-03-12,AARVI,125.1500015258789,127.8000030517578,120.3499984741211,123.4000015258789,16418
2024-03-13,AARVI,124.0,127.4499969482422,118.0,120.9499969482422,24808
2024-03-14,AARVI,116.1500015258789,124.1999969482422,116.1500015258789,122.8499984741211,15024
2024-03-15,AARVI,124.6500015258789,126.75,123.1500015258789,125.8499984741211,11240
2024-03-18,AARVI,126.0,128.85000610351562,124.5,126.0999984741211,13720
2024-03-19,AARVI,124.5,126.1999969482422,123.6500015258789,124.9000015258789,7125
2024-03-20,AARVI,123.5,124.9000015258789,122.3000030517578,123.8000030517578,6635
2024-03-21,AARVI,123.8000030517578,128.0500030517578,123.8000030517578,125.0,12899
2024-03-22,AARVI,125.0,127.4499969482422,124.25,125.5500030517578,19102
2024-03-26,AARVI,125.0,125.0,121.4000015258789,122.6500015258789,27264
2024-03-27,AARVI,123.0,123.0,116.5999984741211,118.4499969482422,35166
2024-03-28,AARVI,118.6500015258789,122.4000015258789,118.4499969482422,119.1999969482422,15314
2024-03-01,AAVAS,1454.9000244140625,1454.9000244140625,1425.199951171875,1436.9000244140625,121758
2024-03-04,AAVAS,1450.0999755859375,1454.300048828125,1425.050048828125,1431.699951171875,70715
2024-03-05,AAVAS,1404.5999755859375,1404.5999755859375,1321.0,1358.0999755859375,11978601
2024-03-06,AAVAS,1375.949951171875,1425.0,1356.1500244140625,1387.300048828125,1116500
2024-03-07,AAVAS,1420.0,1440.0,1404.6500244140625,1414.800048828125,420272
2024-03-11,AAVAS,1414.800048828125,1418.0,1380.0,1390.0999755859375,159924
2024-03-12,AAVAS,1379.5,1391.300048828125,1357.0,1379.050048828125,202091
2024-03-13,AAVAS,1380.8499755859375,1393.449951171875,1331.0,1339.6500244140625,209892
2024-03-14,AAVAS,1339.6500244140625,1395.300048828125,1321.550048828125,1378.9000244140625,178906
2024-03-15,AAVAS,1360.0999755859375,1406.9000244140625,1350.0,1364.449951171875,258800
2024-03-18,AAVAS,1377.300048828125,1381.5,1368.0,1378.300048828125,156874
2024-03-19,AAVAS,1378.050048828125,1381.0,1360.0,1371.0,105561
2024-03-20,AAVAS,1375.0,1375.0,1336.0,1351.25,161127
2024-03-21,AAVAS,1375.0,1375.0,1345.050048828125,1349.199951171875,99603
2024-03-22,AAVAS,1341.949951171875,1363.699951171875,1339.1500244140625,1356.0999755859375,258322
2024-03-26,AAVAS,1341.0999755859375,1350.449951171875,1319.0,1325.1500244140625,341297
2024-03-27,AAVAS,1325.1500244140625,1331.800048828125,1310.0999755859375,1323.4000244140625,399758
2024-03-28,AAVAS,1324.9000244140625,1335.0,1307.0,1315.6500244140625,722342
2024-03-01,ABAN,69.6500015258789,71.0,69.0,69.19999694824219,68882
2024-03-04,ABAN,72.05000305175781,75.9000015258789,70.0,72.30000305175781,108510
2024-03-05,ABAN,71.75,71.75,68.69999694824219,68.80000305175781,210838
2024-03-06,ABAN,68.80000305175781,70.0,65.4000015258789,66.75,194482
2024-03-07,ABAN,67.0,69.4000015258789,65.4000015258789,68.0999984741211,101745
2024-03-11,ABAN,68.19999694824219,68.30000305175781,65.4000015258789,65.5999984741211,81347
2024-03-12,ABAN,65.4000015258789,66.44999694824219,62.34999847412109,62.34999847412109,145982
2024-03-13,ABAN,62.34999847412109,62.84999847412109,59.25,59.25,82613
2024-03-14,ABAN,56.34999847412109,58.0,56.29999923706055,56.29999923706055,229828
2024-03-15,ABAN,57.0,57.20000076293945,53.5,53.5,358356
2024-03-18,ABAN,53.5,56.150001525878906,52.400001525878906,55.150001525878906,106354
2024-03-19,ABAN,55.09999847412109,55.900001525878906,53.20000076293945,53.650001525878906,160768
2024-03-20,ABAN,53.70000076293945,55.45000076293945,52.5,52.650001525878906,79726
2024-03-21,ABAN,52.900001525878906,54.29999923706055,52.34999847412109,52.79999923706055,191943
2024-03-22,ABAN,52.84999847412109,54.0,52.0,52.650001525878906,226022
2024-03-26,ABAN,52.900001525878906,53.5,51.04999923706055,51.29999923706055,198134
2024-03-27,ABAN,51.75,51.75,48.75,48.84999847412109,412029
2024-03-28,ABAN,49.20000076293945,51.25,49.0,49.75,373783
2024-03-01,ABB,5498.0,5524.60009765625,5455.0,5489.85009765625,345570
2024-03-04,ABB,5490.0,5665.0,5488.85009765625,5631.5498046875,484602
2024-03-05,ABB,5620.0,5695.0,5571.4501953125,5680.85009765625,340244
2024-03-06,ABB,5660.0,5720.0,5588.4501953125,5700.7001953125,401305
2024-03-07,ABB,5697.0498046875,5792.0,5675.0,5770.75,289128
2024-03-11,ABB,5801.0498046875,5933.89990234375,5770.75,5841.35009765625,693540
2024-03-12,ABB,5850.0,5855.0,5690.0,5718.0,310813
2024-03-13,ABB,5749.89990234375,5809.35009765625,5572.7001953125,5597.25,454668
2024-03-14,ABB,5614.89990234375,5658.2998046875,5520.0,5625.39990234375,354416
2024-03-15,ABB,5650.0,5789.7998046875,5585.5,5616.5498046875,810054
2024-03-18,ABB,5645.0,5785.0,5616.5498046875,5766.75,306134
2024-03-19,ABB,5787.5,5787.5,5611.5,5628.60009765625,245880
2024-03-20,ABB,5680.0,5769.85009765625,5560.0,5733.7001953125,272707
2024-03-21,ABB,5760.0,5877.0,5750.0,5864.89990234375,381358
2024-03-22,ABB,5875.0,6034.0498046875,5835.0498046875,5967.39990234375,514271
2024-03-26,ABB,5881.0,5986.60009765625,5875.2998046875,5929.7998046875,383434
2024-03-27,ABB,6110.0,6341.89990234375,6086.0,6279.35009765625,1232034
2024-03-28,ABB,6280.0,6471.9501953125,6222.7998046875,6360.85009765625,722060
2024-03-01,ABBOTINDIA,28569.0,28648.849609375,28166.0,28216.650390625,9277
2024-03-04,ABBOTINDIA,28172.05078125,28317.650390625,27507.0,27606.0,14704
2024-03-05,ABBOTINDIA,27749.94921875,27749.94921875,27270.05078125,27370.44921875,6108
2024-03-06,ABBOTINDIA,27255.0,27519.94921875,27010.0,27321.5,9022
2024-03-07,ABBOTINDIA,27321.5,27768.19921875,27313.650390625,27434.94921875,4563
2024-03-11,ABBOTINDIA,27699.94921875,27699.94921875,26861.44921875,27229.55078125,18245
2024-03-12,ABBOTINDIA,27000.0,27400.0,26929.30078125,26993.69921875,7102
2024-03-13,ABBOTINDIA,27000.0,27527.400390625,26829.0,27401.94921875,12992
2024-03-14,ABBOTINDIA,27666.0,28599.69921875,27250.0,28308.099609375,31673
2024-03-15,ABBOTINDIA,28308.099609375,28583.5,28071.849609375,28404.349609375,14070
2024-03-18,ABBOTINDIA,28750.0,28750.0,27832.05078125,28604.150390625,19878
2024-03-19,ABBOTINDIA,28800.0,28800.0,28203.400390625,28291.5,9557
2024-03-20,ABBOTINDIA,28200.05078125,28278.75,27603.0,27688.80078125,11001
2024-03-21,ABBOTINDIA,27900.0,27997.44921875,27501.0,27673.25,9629
2024-03-22,ABBOTINDIA,27810.25,27983.650390625,26820.05078125,27067.099609375,21967
2024-03-26,ABBOTINDIA,27199.0,27199.0,26550.650390625,26701.05078125,14019
2024-03-27,ABBOTINDIA,26900.0,26916.400390625,26426.30078125,26711.05078125,17617
2024-03-28,ABBOTINDIA,26858.400390625,27229.900390625,26715.0,27120.80078125,33995
2024-03-01,ABCAPITAL,183.0,187.8500061035156,183.0,187.1000061035156,2923938
2024-03-04,ABCAPITAL,186.8500061035156,194.3999938964844,186.6000061035156,190.9499969482422,9503022
2024-03-05,ABCAPITAL,190.5500030517578,194.3999938964844,188.0500030517578,192.0,5770157
2024-03-06,ABCAPITAL,192.1999969482422,192.3000030517578,172.8000030517578,180.9499969482422,21907218
2024-03-07,ABCAPITAL,182.0,186.4499969482422,181.1000061035156,182.1000061035156,5164212
2024-03-11,ABCAPITAL,184.0,184.8500061035156,179.14999389648438,179.85000610351562,3129588
2024-03-12,ABCAPITAL,184.8999938964844,190.3000030517578,182.8999938964844,183.6999969482422,27970662
2024-03-13,ABCAPITAL,184.1000061035156,184.1000061035156,169.3000030517578,171.39999389648438,11524938
2024-03-14,ABCAPITAL,170.9499969482422,173.89999389648438,167.4499969482422,173.0500030517578,5821445
2024-03-15,ABCAPITAL,173.75,174.3000030517578,169.25,173.8000030517578,4611415
2024-03-18,ABCAPITAL,173.0500030517578,174.39999389648438,171.10000610351562,172.89999389648438,2943614
2024-03-19,ABCAPITAL,174.0,174.35000610351562,169.10000610351562,170.0,2986980
2024-03-20,ABCAPITAL,171.39999389648438,171.5500030517578,165.89999389648438,169.0500030517578,3029418
2024-03-21,ABCAPITAL,171.5,174.0,170.8000030517578,173.4499969482422,2242844
2024-03-22,ABCAPITAL,173.39999389648438,176.3000030517578,173.1999969482422,175.0500030517578,3251510
2024-03-26,ABCAPITAL,175.60000610351562,178.89999389648438,174.5500030517578,177.10000610351562,5356729
2024-03-27,ABCAPITAL,177.25,178.39999389648438,175.14999389648438,175.5500030517578,1979597
2024-03-28,ABCAPITAL,176.89999389648438,176.9499969482422,174.5500030517578,175.39999389648438,1979832
2024-03-01,ABCOTS,310.6000061035156,321.5,310.6000061035156,311.1000061035156,12000
2024-03-04,ABCOTS,305.0,323.0,295.54998779296875,323.0,20000
2024-03-05,ABCOTS,306.8500061035156,311.0,306.8500061035156,306.8500061035156,8000
2024-03-06,ABCOTS,291.5,300.0,291.5,300.0,6000
2024-03-07,ABCOTS,300.0,300.0,300.0,300.0,0
2024-03-11,ABCOTS,305.0,305.0,285.0,285.0,22000
2024-03-12,ABCOTS,270.75,270.75,270.75,270.75,4000
2024-03-13,ABCOTS,270.75,270.75,270.75,270.75,0
2024-03-14,ABCOTS,270.75,270.75,270.75,270.75,0
2024-03-18,ABCOTS,257.25,257.25,257.25,257.25,2000
2024-03-19,ABCOTS,257.25,257.25,257.25,257.25,0
2024-03-20,ABCOTS,257.25,257.25,257.25,257.25,0
2024-03-21,ABCOTS,257.25,257.25,257.25,257.25,0
2024-03-22,ABCOTS,244.3999938964844,244.3999938964844,244.3999938964844,244.3999938964844,6000
2024-03-26,ABCOTS,244.3999938964844,244.3999938964844,244.3999938964844,244.3999938964844,0
2024-03-27,ABCOTS,244.3999938964844,244.3999938964844,244.3999938964844,244.3999938964844,0
2024-03-28,ABCOTS,244.3999938964844,244.3999938964844,244.3999938964844,244.3999938964844,0
2024-03-01,ABFRL,226.8999938964844,231.5,224.4499969482422,229.75,5741809
2024-03-04,ABFRL,232.8000030517578,235.8000030517578,229.25,230.0,4394690
2024-03-05,ABFRL,231.5,232.6499938964844,228.3500061035156,229.0,2106828
2024-03-06,ABFRL,234.1999969482422,235.3500061035156,222.0500030517578,223.6999969482422,7929342
2024-03-07,ABFRL,224.75,229.8000030517578,224.25,225.3999938964844,3860278
2024-03-11,ABFRL,226.0,227.3500061035156,219.3500061035156,220.3500061035156,3110786
2024-03-12,ABFRL,220.3999938964844,220.8000030517578,212.5,213.3500061035156,3719891
2024-03-13,ABFRL,213.8000030517578,215.8500061035156,198.8500061035156,200.3500061035156,5658098
2024-03-14,ABFRL,200.1000061035156,204.0,198.75,201.0,4196921
2024-03-15,ABFRL,201.0,212.6499938964844,201.0,207.3500061035156,11425573
2024-03-18,ABFRL,207.5,210.3999938964844,205.1999969482422,208.1499938964844,3137225
2024-03-19,ABFRL,207.8500061035156,208.3999938964844,205.25,206.6999969482422,2817616
2024-03-20,ABFRL,206.8999938964844,209.8999938964844,200.3999938964844,202.1499938964844,5247070
2024-03-21,ABFRL,204.6499938964844,207.1499938964844,203.1000061035156,206.3500061035156,1925596
2024-03-22,ABFRL,206.25,207.75,205.0,205.3500061035156,1655818
2024-03-26,ABFRL,206.5,209.3500061035156,204.3500061035156,207.0,2983020
2024-03-27,ABFRL,207.0,208.6000061035156,204.1999969482422,204.9499969482422,2467316
2024-03-28,ABFRL,206.1999969482422,207.0,202.9499969482422,205.5500030517578,4179453
2024-03-01,ABINFRA,4.980542182922363,4.980542182922363,4.980542182922363,4.980542182922363,0
2024-03-04,ABINFRA,4.984695911407471,4.984695911407471,4.984695911407471,4.984695911407471,48147
2024-03-05,ABINFRA,4.984695911407471,4.984695911407471,4.984695911407471,4.984695911407471,0
2024-03-06,ABINFRA,5.150852203369141,5.233931064605713,4.984695911407471,5.233931064605713,1925894
2024-03-07,ABINFRA,5.233931064605713,5.317008972167969,5.233931064605713,5.317008972167969,3466610
2024-03-11,ABINFRA,5.0511579513549805,5.562089920043945,5.0511579513549805,5.0511579513549805,9099852
2024-03-12,ABINFRA,5.150852203369141,5.150852203369141,4.818539142608643,4.905770778656006,3755494
2024-03-13,ABINFRA,4.660689830780029,5.080235958099365,4.660689830780029,5.067773818969727,240736
2024-03-14,ABINFRA,5.067773818969727,5.067773818969727,5.067773818969727,5.067773818969727,0
2024-03-15,ABINFRA,4.814384937286377,4.814384937286377,4.814384937286377,4.814384937286377,48147
2024-03-18,ABINFRA,4.590074062347412,4.980542182922363,4.590074062347412,4.980542182922363,192589
2024-03-19,ABINFRA,5.105158805847168,5.105158805847168,5.088543891906738,5.088543891906738,144442
2024-03-20,ABINFRA,5.088543891906738,5.088543891906738,5.088543891906738,5.088543891906738,0
2024-03-21,ABINFRA,5.088543891906738,5.088543891906738,5.088543891906738,5.088543891906738,0
2024-03-22,ABINFRA,4.835155010223389,5.317008972167969,4.835155010223389,4.8683857917785645,1348126
2024-03-26,ABINFRA,5.105158805847168,5.105158805847168,5.105158805847168,5.105158805847168,48147
2024-03-27,ABINFRA,4.860077857971191,5.233931064605713,4.860077857971191,5.233931064605713,2551810
2024-03-28,ABINFRA,5.400086879730225,5.4831647872924805,5.400086879730225,5.4831647872924805,240736
2024-03-01,ABMINTLLTD,55.95000076293945,58.0,55.0,56.95000076293945,1213
2024-03-04,ABMINTLLTD,57.79999923706055,59.0,55.0,55.54999923706055,2042
2024-03-05,ABMINTLLTD,58.25,58.25,55.0,55.95000076293945,1734
2024-03-06,ABMINTLLTD,55.95000076293945,55.95000076293945,55.95000076293945,55.95000076293945,0
2024-03-07,ABMINTLLTD,56.150001525878906,56.84999847412109,53.59999847412109,55.59999847412109,1278
2024-03-11,ABMINTLLTD,55.59999847412109,57.75,50.400001525878906,51.54999923706055,1090
2024-03-12,ABMINTLLTD,47.04999923706055,50.0,47.04999923706055,48.70000076293945,2074
2024-03-13,ABMINTLLTD,48.70000076293945,48.70000076293945,44.20000076293945,45.04999923706055,3042
2024-03-14,ABMINTLLTD,45.04999923706055,48.54999923706055,45.0,47.54999923706055,2270
2024-03-15,ABMINTLLTD,52.29999923706055,52.29999923706055,48.20000076293945,50.29999923706055,2924
2024-03-18,ABMINTLLTD,52.29999923706055,52.29999923706055,50.0,51.75,1169
2024-03-19,ABMINTLLTD,51.75,51.75,47.150001525878906,48.0,1723
2024-03-20,ABMINTLLTD,52.75,52.79999923706055,50.25,52.79999923706055,5808
2024-03-21,ABMINTLLTD,58.0,58.04999923706055,58.0,58.04999923706055,4714
2024-03-22,ABMINTLLTD,63.84999847412109,63.84999847412109,62.45000076293945,63.84999847412109,8408
2024-03-26,ABMINTLLTD,67.0,67.0,64.0999984741211,65.75,9997
2024-03-27,ABMINTLLTD,64.5999984741211,65.69999694824219,62.5,62.54999923706055,9262
2024-03-28,ABMINTLLTD,62.54999923706055,63.0,59.75,60.84999847412109,5294
2024-03-01,ABREL,1420.050048828125,1474.949951171875,1419.800048828125,1464.75,135126
2024-03-04,ABREL,1465.3499755859375,1467.199951171875,1434.949951171875,1458.6500244140625,95275
2024-03-05,ABREL,1460.0,1496.0,1450.050048828125,1472.949951171875,202805
2024-03-06,ABREL,1473.5,1482.800048828125,1392.199951171875,1437.1500244140625,181457
2024-03-07,ABREL,1450.1500244140625,1547.75,1441.0,1530.25,770305
2024-03-11,ABREL,1500.0,1537.0,1461.0,1468.0999755859375,358820
2024-03-12,ABREL,1474.949951171875,1480.5999755859375,1415.4000244140625,1433.300048828125,220430
2024-03-13,ABREL,1439.699951171875,1451.0,1283.699951171875,1344.550048828125,441785
2024-03-14,ABREL,1344.800048828125,1448.699951171875,1340.75,1437.0999755859375,255607
2024-03-15,ABREL,1419.0,1425.0,1384.1500244140625,1418.300048828125,197853
2024-03-18,ABREL,1422.949951171875,1428.25,1395.0,1415.050048828125,80627
2024-03-19,ABREL,1422.199951171875,1434.0,1387.050048828125,1400.1500244140625,84906
2024-03-20,ABREL,1404.1500244140625,1430.949951171875,1384.949951171875,1424.3499755859375,85154
2024-03-21,ABREL,1406.1500244140625,1465.0,1406.1500244140625,1457.050048828125,109970
2024-03-22,ABREL,1465.0,1487.0,1449.9000244140625,1459.300048828125,156722
2024-03-26,ABREL,1455.0,1474.699951171875,1436.4000244140625,1444.5,112680
2024-03-27,ABREL,1441.5999755859375,1510.0,1388.050048828125,1505.949951171875,381940
2024-03-28,ABREL,1519.9000244140625,1684.9000244140625,1494.5,1629.9000244140625,3549159
2024-03-01,ABSLAMC,527.0,530.8499755859375,520.0,523.9500122070312,93310
2024-03-04,ABSLAMC,520.0499877929688,524.7000122070312,516.7000122070312,520.5499877929688,126857
2024-03-05,ABSLAMC,520.5499877929688,524.6500244140625,516.0,519.8499755859375,70282
2024-03-06,ABSLAMC,519.9000244140625,521.9500122070312,506.5499877929688,518.2000122070312,108372
2024-03-07,ABSLAMC,518.2000122070312,518.2000122070312,512.5,516.2999877929688,51585
2024-03-11,ABSLAMC,514.0,530.7000122070312,514.0,525.6500244140625,224194
2024-03-12,ABSLAMC,525.6500244140625,527.75,501.2999877929688,504.9500122070313,126745
2024-03-13,ABSLAMC,504.0,506.9500122070313,466.6000061035156,471.75,140451
2024-03-14,ABSLAMC,471.75,488.0,467.1000061035156,486.7999877929688,61534
2024-03-15,ABSLAMC,491.1499938964844,491.1499938964844,472.3500061035156,478.8500061035156,92755
2024-03-18,ABSLAMC,483.7000122070313,483.7000122070313,472.0,474.5499877929688,60942
2024-03-19,ABSLAMC,466.1000061035156,470.0,460.0,461.2999877929688,612495
2024-03-20,ABSLAMC,455.2999877929688,458.3999938964844,452.0499877929688,455.7000122070313,526684
2024-03-21,ABSLAMC,457.25,457.7000122070313,453.1000061035156,454.9500122070313,294211
2024-03-22,ABSLAMC,456.8999938964844,457.2000122070313,453.25,455.7999877929688,133187
2024-03-26,ABSLAMC,456.0,456.75,452.3500061035156,455.4500122070313,141231
2024-03-27,ABSLAMC,455.2999877929688,457.0,450.25,451.5,226471
2024-03-28,ABSLAMC,452.0,458.2000122070313,452.0,455.0,198726
2024-03-01,ACC,2650.0,2704.85009765625,2636.35009765625,2695.449951171875,295468
2024-03-04,ACC,2710.0,2723.14990234375,2688.60009765625,2695.64990234375,246474
2024-03-05,ACC,2705.0,2705.0,2660.0,2668.75,148918
2024-03-06,ACC,2665.0,2673.39990234375,2596.949951171875,2642.0,217355
2024-03-07,ACC,2642.0,2656.85009765625,2615.300048828125,2638.800048828125,149670
2024-03-11,ACC,2645.0,2677.10009765625,2635.0,2641.89990234375,216685
2024-03-12,ACC,2642.0,2659.35009765625,2550.050048828125,2561.60009765625,288886
2024-03-13,ACC,2565.0,2575.64990234375,2354.449951171875,2389.10009765625,512003
2024-03-14,ACC,2387.0,2489.300048828125,2347.199951171875,2482.10009765625,350605
2024-03-15,ACC,2482.10009765625,2523.949951171875,2426.550048828125,2502.949951171875,333506
2024-03-18,ACC,2480.10009765625,2480.10009765625,2393.050048828125,2441.550048828125,612586
2024-03-19,ACC,2442.800048828125,2449.85009765625,2375.75,2403.39990234375,340416
2024-03-20,ACC,2409.050048828125,2431.449951171875,2371.050048828125,2397.699951171875,218650
2024-03-21,ACC,2429.0,2450.89990234375,2400.050048828125,2438.85009765625,142027
2024-03-22,ACC,2439.050048828125,2458.0,2415.550048828125,2443.25,328757
2024-03-26,ACC,2430.0,2477.199951171875,2429.60009765625,2450.0,186745
2024-03-27,ACC,2463.949951171875,2500.0,2448.550048828125,2454.10009765625,357536
2024-03-28,ACC,2478.0,2505.0,2453.199951171875,2491.699951171875,326365
2024-03-01,ACCELYA,1849.9000244140625,1862.6500244140625,1819.949951171875,1834.25,19326
2024-03-04,ACCELYA,1889.8499755859373,1889.8499755859373,1831.5999755859373,1848.8499755859373,21721
2024-03-05,ACCELYA,1838.050048828125,1858.0,1816.0,1828.800048828125,14937
2024-03-06,ACCELYA,1817.949951171875,1826.4000244140625,1765.0,1808.3499755859373,31822
2024-03-07,ACCELYA,1815.0,1822.9000244140625,1794.699951171875,1807.3499755859373,9371
2024-03-11,ACCELYA,1807.3499755859373,1807.5,1730.0,1744.300048828125,19663
2024-03-12,ACCELYA,1746.9000244140625,1773.1500244140625,1700.050048828125,1705.0999755859375,20976
2024-03-13,ACCELYA,1706.25,1739.300048828125,1584.449951171875,1620.0,55822
2024-03-14,ACCELYA,1600.0,1717.0,1600.0,1704.550048828125,33857
2024-03-15,ACCELYA,1718.0,1718.0,1645.0,1668.3499755859375,23975
2024-03-18,ACCELYA,1671.0,1699.949951171875,1642.3499755859375,1680.0,9472
2024-03-19,ACCELYA,1670.050048828125,1686.8499755859375,1604.949951171875,1636.0,19838
2024-03-20,ACCELYA,1636.050048828125,1709.0,1613.8499755859375,1689.800048828125,22050
2024-03-21,ACCELYA,1711.0999755859375,1766.5,1686.949951171875,1742.4000244140625,21475
2024-03-22,ACCELYA,1742.449951171875,1742.449951171875,1700.0,1732.3499755859375,12105
2024-03-26,ACCELYA,1702.0,1798.0,1667.0,1675.8499755859375,24147
2024-03-27,ACCELYA,1707.949951171875,1730.0999755859375,1682.5999755859375,1722.8499755859375,22264
2024-03-28,ACCELYA,1731.5,1774.5999755859375,1655.0,1680.25,19914
2024-03-01,ACCURACY,12.0,12.0,12.0,12.0,96979
2024-03-04,ACCURACY,11.600000381469728,11.600000381469728,11.600000381469728,11.600000381469728,108258
2024-03-05,ACCURACY,11.399999618530272,11.399999618530272,11.399999618530272,11.399999618530272,27022
2024-03-06,ACCURACY,11.199999809265137,11.199999809265137,11.199999809265137,11.199999809265137,22292
2024-03-07,ACCURACY,11.0,11.0,11.0,11.0,59983
2024-03-11,ACCURACY,10.449999809265137,10.800000190734863,10.449999809265137,10.449999809265137,1549856
2024-03-12,ACCURACY,9.949999809265137,9.949999809265137,9.949999809265137,9.949999809265137,122693
2024-03-13,ACCURACY,9.449999809265137,9.449999809265137,9.449999809265137,9.449999809265137,110902
2024-03-14,ACCURACY,9.0,9.0,9.0,9.0,292283
2024-03-15,ACCURACY,8.550000190734863,8.949999809265137,8.550000190734863,8.550000190734863,1187949
2024-03-18,ACCURACY,8.399999618530273,8.949999809265137,8.149999618530273,8.949999809265137,1395702
2024-03-19,ACCURACY,9.350000381469728,9.350000381469728,9.350000381469728,9.350000381469728,345285
2024-03-20,ACCURACY,9.800000190734863,9.800000190734863,9.800000190734863,9.800000190734863,148058
2024-03-21,ACCURACY,10.25,10.25,10.25,10.25,139314
2024-03-22,ACCURACY,10.75,10.75,10.75,10.75,118772
2024-03-26,ACCURACY,11.25,11.25,10.25,10.300000190734863,1384294
2024-03-27,ACCURACY,10.100000381469728,10.100000381469728,10.100000381469728,10.100000381469728,80075
2024-03-28,ACCURACY,9.899999618530272,9.899999618530272,9.899999618530272,9.899999618530272,49016
2024-03-01,ACE,1299.0,1478.0,1276.25,1418.5,1796623
2024-03-04,ACE,1489.4000244140625,1489.4000244140625,1376.3499755859375,1391.949951171875,1038710
2024-03-05,ACE,1402.0,1430.0,1390.050048828125,1402.699951171875,369531
2024-03-06,ACE,1414.5,1461.0999755859375,1260.449951171875,1383.9000244140625,419566
2024-03-07,ACE,1391.0,1424.4000244140625,1350.5,1383.3499755859375,258094
2024-03-11,ACE,1382.0,1382.0,1285.0999755859375,1291.699951171875,307743
2024-03-12,ACE,1307.699951171875,1309.5,1211.0999755859375,1265.0,546515
2024-03-13,ACE,1265.050048828125,1305.0,1044.300048828125,1078.5,802633
2024-03-14,ACE,1074.949951171875,1294.0,1050.0,1273.449951171875,1454430
2024-03-15,ACE,1278.0,1331.949951171875,1205.050048828125,1241.0999755859375,756999
2024-03-18,ACE,1238.4000244140625,1310.0,1230.050048828125,1274.8499755859375,549590
2024-03-19,ACE,1276.8499755859375,1294.0,1232.5999755859375,1281.0999755859375,346062
2024-03-20,ACE,1286.0999755859375,1295.0,1243.050048828125,1276.3499755859375,245596
2024-03-21,ACE,1296.800048828125,1424.949951171875,1294.0,1408.3499755859375,1724060
2024-03-22,ACE,1409.0,1428.199951171875,1370.4000244140625,1393.199951171875,677845
2024-03-26,ACE,1380.0,1415.8499755859375,1345.0,1392.4000244140625,522256
2024-03-27,ACE,1397.0,1444.699951171875,1380.0,1408.9000244140625,603349
2024-03-28,ACE,1419.449951171875,1472.9000244140625,1416.0999755859375,1426.6500244140625,555877
2024-03-01,ACEINTEG,36.04999923706055,37.54999923706055,36.04999923706055,36.75,3430
2024-03-04,ACEINTEG,38.95000076293945,38.95000076293945,35.650001525878906,36.400001525878906,10385
2024-03-05,ACEINTEG,37.25,37.25,35.849998474121094,36.25,3770
2024-03-06,ACEINTEG,37.75,37.75,34.45000076293945,34.45000076293945,13271
2024-03-07,ACEINTEG,35.150001525878906,35.400001525878906,32.849998474121094,35.349998474121094,14759
2024-03-11,ACEINTEG,35.45000076293945,36.09999847412109,33.650001525878906,33.95000076293945,9154
2024-03-12,ACEINTEG,33.95000076293945,34.849998474121094,32.25,32.25,7345
2024-03-13,ACEINTEG,32.25,33.400001525878906,30.799999237060547,30.850000381469727,5175
2024-03-14,ACEINTEG,31.5,31.600000381469727,29.600000381469727,29.75,13430
2024-03-15,ACEINTEG,31.200000762939453,31.200000762939453,30.0,30.350000381469727,2739
2024-03-18,ACEINTEG,31.600000381469727,31.850000381469727,30.100000381469727,31.600000381469727,4059
2024-03-19,ACEINTEG,33.150001525878906,33.150001525878906,30.549999237060547,33.150001525878906,2474
2024-03-20,ACEINTEG,34.75,34.79999923706055,33.349998474121094,34.54999923706055,8727
2024-03-21,ACEINTEG,35.5,36.20000076293945,33.0,34.04999923706055,5721
2024-03-22,ACEINTEG,34.54999923706055,34.75,33.29999923706055,34.70000076293945,2782
2024-03-26,ACEINTEG,35.400001525878906,35.400001525878906,33.0,33.0,6167
2024-03-27,ACEINTEG,32.349998474121094,33.20000076293945,31.39999961853028,32.04999923706055,5832
2024-03-28,ACEINTEG,31.100000381469727,32.75,30.75,30.799999237060547,3717
2024-03-01,ACI,755.0,758.0,725.0,731.2999877929688,674870
2024-03-04,ACI,745.9500122070312,745.9500122070312,715.0,719.0,480016
2024-03-05,ACI,724.8499755859375,724.8499755859375,701.0,705.25,509669
2024-03-06,ACI,705.0,715.6500244140625,683.0999755859375,700.6500244140625,741486
2024-03-07,ACI,703.0,703.0,679.0499877929688,687.9500122070312,458109
2024-03-11,ACI,694.7999877929688,696.9000244140625,645.8499755859375,649.7000122070312,613001
2024-03-12,ACI,652.0,653.1500244140625,615.0,639.1500244140625,999532
2024-03-13,ACI,637.0,637.0,583.2999877929688,607.2999877929688,1516224
2024-03-14,ACI,602.0,603.4500122070312,584.7999877929688,588.4000244140625,873115
2024-03-15,ACI,589.0,621.0,571.2999877929688,596.5999755859375,3365498
2024-03-18,ACI,615.5499877929688,631.0,600.25,614.4000244140625,1378025
2024-03-19,ACI,620.0,622.5499877929688,601.25,606.2000122070312,347735
2024-03-20,ACI,608.5,616.4000244140625,596.0499877929688,605.8499755859375,507240
2024-03-21,ACI,614.0,632.0,609.0499877929688,621.9500122070312,389742
2024-03-22,ACI,622.7999877929688,643.0,620.0999755859375,638.75,642505
2024-03-26,ACI,635.75,645.0,628.6500244140625,636.3499755859375,305970
2024-03-27,ACI,636.3499755859375,658.75,636.3499755859375,653.4500122070312,502943
2024-03-28,ACI,655.8499755859375,676.9500122070312,655.8499755859375,669.0,315691
2024-03-01,ACL,97.75,98.75,96.0999984741211,97.0,114903
2024-03-04,ACL,99.9000015258789,99.9000015258789,95.6999969482422,96.1999969482422,127461
2024-03-05,ACL,96.0,96.1999969482422,91.6999969482422,92.3000030517578,260914
2024-03-06,ACL,92.0,92.25,85.0999984741211,86.25,454795
2024-03-07,ACL,87.5,90.5500030517578,87.0,88.69999694824219,300019
2024-03-11,ACL,89.0,89.75,84.80000305175781,86.19999694824219,170828
2024-03-12,ACL,87.9000015258789,87.9000015258789,81.9000015258789,83.0999984741211,361896
2024-03-13,ACL,83.9000015258789,87.25,82.0,83.4000015258789,412913
2024-03-14,ACL,83.44999694824219,87.19999694824219,81.6500015258789,83.3499984741211,137654
2024-03-15,ACL,83.94999694824219,86.4000015258789,83.0999984741211,85.9000015258789,260395
2024-03-18,ACL,87.0,87.94999694824219,84.5999984741211,86.69999694824219,95658
2024-03-19,ACL,88.44999694824219,88.44999694824219,83.69999694824219,84.05000305175781,62402
2024-03-20,ACL,84.1500015258789,85.5,82.5,83.8499984741211,39293
2024-03-21,ACL,85.19999694824219,85.19999694824219,82.9000015258789,83.5,259366
2024-03-22,ACL,84.5,84.94999694824219,83.5999984741211,84.44999694824219,113204
2024-03-26,ACL,85.5999984741211,85.80000305175781,80.69999694824219,82.5,147530
2024-03-27,ACL,82.4000015258789,83.30000305175781,79.69999694824219,80.25,229638
2024-03-28,ACL,80.0,81.55000305175781,77.0,77.75,206739
2024-03-01,ACUTAAS,558.9749755859375,560.9749755859375,554.9500122070312,559.1749877929688,125748
2024-03-04,ACUTAAS,567.5,597.0,562.5,588.0499877929688,1413704
2024-03-05,ACUTAAS,595.5499877929688,595.5499877929688,578.5,581.75,340520
2024-03-06,ACUTAAS,581.75,582.5,553.5,559.3499755859375,386072
2024-03-07,ACUTAAS,560.0,566.7249755859375,557.5,560.0999755859375,140942
2024-03-11,ACUTAAS,561.0,563.9249877929688,538.0,542.6749877929688,273504
2024-03-12,ACUTAAS,548.0999755859375,549.9749755859375,528.4000244140625,535.25,357634
2024-03-13,ACUTAAS,540.0,541.4749755859375,502.5,509.9750061035156,421052
2024-03-14,ACUTAAS,507.5,533.4000244140625,502.2250061035156,525.9000244140625,416454
2024-03-15,ACUTAAS,532.5,537.0250244140625,523.7000122070312,532.9249877929688,176876
2024-03-18,ACUTAAS,540.3499755859375,555.0999755859375,536.0999755859375,553.25,236192
2024-03-19,ACUTAAS,555.0,574.0250244140625,548.5999755859375,560.7999877929688,334322
2024-03-20,ACUTAAS,566.625,568.0750122070312,552.5,558.9749755859375,151840
2024-03-21,ACUTAAS,563.5999755859375,568.7999877929688,550.5,556.3250122070312,154686
2024-03-22,ACUTAAS,558.2249755859375,566.5,553.9749755859375,564.2999877929688,196260
2024-03-26,ACUTAAS,567.5,571.0,553.9749755859375,561.875,222860
2024-03-27,ACUTAAS,561.875,565.0,540.4749755859375,551.6749877929688,207254
2024-03-28,ACUTAAS,553.9749755859375,561.0,540.5,546.8499755859375,168776
2024-03-01,ADANIENSOL,1075.0,1095.0,1064.8499755859375,1072.4000244140625,1335964
2024-03-04,ADANIENSOL,1084.0,1085.6500244140625,1062.0999755859375,1064.3499755859375,661629
2024-03-05,ADANIENSOL,1067.0,1075.5999755859375,1060.0,1070.300048828125,688430
2024-03-06,ADANIENSOL,1071.8499755859375,1080.0,1045.5,1069.5,2717505
2024-03-07,ADANIENSOL,1074.9000244140625,1078.5999755859375,1059.0,1069.5999755859375,2691523
2024-03-11,ADANIENSOL,1077.0,1087.300048828125,1060.0,1063.75,2901619
2024-03-12,ADANIENSOL,1065.0,1069.0,1027.050048828125,1037.25,2895201
2024-03-13,ADANIENSOL,1039.75,1047.0,915.2999877929688,947.9500122070312,2854959
2024-03-14,ADANIENSOL,950.0,1065.9000244140625,918.75,1054.550048828125,6083924
2024-03-15,ADANIENSOL,1048.050048828125,1077.0,1023.8499755859376,1045.8499755859375,3987648
2024-03-18,ADANIENSOL,1008.0,1030.949951171875,971.5,1008.8499755859376,3008345
2024-03-19,ADANIENSOL,1022.8499755859376,1039.199951171875,1000.0,1006.2999877929688,3736272
2024-03-20,ADANIENSOL,1024.9000244140625,1029.0,997.5999755859376,1011.4500122070312,3577635
2024-03-21,ADANIENSOL,1030.9000244140625,1030.9000244140625,1005.2000122070312,1008.9000244140624,642213
2024-03-22,ADANIENSOL,1012.0499877929688,1022.0499877929688,1005.2000122070312,1015.5999755859376,2738168
2024-03-26,ADANIENSOL,1003.0,1064.5,1002.5999755859376,1045.9000244140625,4087621
2024-03-27,ADANIENSOL,1049.5,1057.5,1005.9000244140624,1014.8499755859376,3815101
2024-03-28,ADANIENSOL,1030.0,1041.800048828125,1015.2000122070312,1026.699951171875,3159446
2024-03-01,ADANIENT,3309.85009765625,3346.0,3281.800048828125,3318.75,1161067
2024-03-04,ADANIENT,3335.0,3350.0,3310.050048828125,3317.14990234375,1061244
2024-03-05,ADANIENT,3325.300048828125,3334.0,3295.050048828125,3310.199951171875,1190416
2024-03-06,ADANIENT,3323.0,3323.0,3183.14990234375,3233.949951171875,1935203
2024-03-07,ADANIENT,3240.0,3262.0,3220.0,3226.550048828125,856328
2024-03-11,ADANIENT,3241.199951171875,3259.0,3200.0,3207.35009765625,738851
2024-03-12,ADANIENT,3207.35009765625,3222.699951171875,3111.0,3122.5,1199487
2024-03-13,ADANIENT,3125.0,3138.050048828125,2850.14990234375,2906.199951171875,3407040
2024-03-14,ADANIENT,2927.449951171875,3101.199951171875,2880.0,3087.449951171875,3759100
2024-03-15,ADANIENT,3111.0,3143.39990234375,3061.25,3132.199951171875,2199094
2024-03-18,ADANIENT,3050.10009765625,3124.0,2976.050048828125,3111.75,3042515
2024-03-19,ADANIENT,3126.0,3164.800048828125,3041.85009765625,3052.699951171875,1460452
2024-03-20,ADANIENT,3075.0,3083.199951171875,3021.10009765625,3051.449951171875,966481
2024-03-21,ADANIENT,3089.550048828125,3107.10009765625,3059.60009765625,3066.5,1175751
2024-03-22,ADANIENT,3066.550048828125,3128.949951171875,3048.050048828125,3107.699951171875,951557
2024-03-26,ADANIENT,3100.5,3171.949951171875,3089.10009765625,3109.949951171875,937103
2024-03-27,ADANIENT,3115.0,3138.449951171875,3106.25,3122.10009765625,900231
2024-03-28,ADANIENT,3134.0,3237.0,3096.75,3197.10009765625,2327053
2024-03-01,ADANIGREEN,1930.0,1998.0,1930.0,1969.550048828125,947398
2024-03-04,ADANIGREEN,1977.550048828125,1998.550048828125,1930.0,1940.699951171875,609441
2024-03-05,ADANIGREEN,1943.199951171875,1970.0,1938.0,1947.4000244140625,415461
2024-03-06,ADANIGREEN,1950.0,1953.5,1894.300048828125,1910.5,643437
2024-03-07,ADANIGREEN,1919.9000244140625,1949.949951171875,1910.800048828125,1929.0999755859373,517466
2024-03-11,ADANIGREEN,1930.0,1983.550048828125,1904.0999755859373,1930.300048828125,755932
2024-03-12,ADANIGREEN,1930.0,1939.0,1873.0999755859373,1897.0999755859373,639409
2024-03-13,ADANIGREEN,1897.0999755859373,1916.5999755859373,1650.0,1725.0,2348187
2024-03-14,ADANIGREEN,1716.0,1913.0,1663.199951171875,1895.300048828125,1875930
2024-03-15,ADANIGREEN,1902.0,1944.949951171875,1870.449951171875,1902.5999755859373,1749994
2024-03-18,ADANIGREEN,1810.050048828125,1899.9000244140625,1750.8499755859375,1869.9000244140625,1479146
2024-03-19,ADANIGREEN,1870.0,1892.4000244140625,1801.1500244140625,1821.550048828125,587661
2024-03-20,ADANIGREEN,1834.9000244140625,1861.949951171875,1812.8499755859373,1847.75,463752
2024-03-21,ADANIGREEN,1861.0,1869.0,1831.25,1855.3499755859373,328500
2024-03-22,ADANIGREEN,1857.050048828125,1865.0,1837.050048828125,1851.75,390803
2024-03-26,ADANIGREEN,1840.0,1938.699951171875,1840.0,1859.0,955701
2024-03-27,ADANIGREEN,1869.699951171875,1895.0,1804.0,1822.5,1172737
2024-03-28,ADANIGREEN,1832.550048828125,1863.0,1820.0,1835.1500244140625,605145
2024-03-01,ADANIPORTS,1335.0,1349.0,1312.4000244140625,1322.0999755859375,3301090
2024-03-04,ADANIPORTS,1345.25,1356.550048828125,1336.4000244140625,1342.5999755859375,2170214
2024-03-05,ADANIPORTS,1344.050048828125,1354.949951171875,1334.0,1338.300048828125,1815438
2024-03-06,ADANIPORTS,1342.699951171875,1344.5999755859375,1304.0,1324.800048828125,2758443
2024-03-07,ADANIPORTS,1329.800048828125,1335.3499755859375,1315.0,1325.449951171875,1640786
2024-03-11,ADANIPORTS,1331.0,1342.3499755859375,1322.050048828125,1326.949951171875,2217673
2024-03-12,ADANIPORTS,1335.0,1346.949951171875,1293.449951171875,1301.300048828125,3139768
2024-03-13,ADANIPORTS,1307.0,1308.0,1188.0999755859375,1209.550048828125,8670336
2024-03-14,ADANIPORTS,1210.0,1276.0,1195.699951171875,1267.8499755859375,7195603
2024-03-15,ADANIPORTS,1273.800048828125,1288.8499755859375,1256.6500244140625,1283.0,4024586
2024-03-18,ADANIPORTS,1250.0,1270.050048828125,1227.25,1266.5999755859375,4858444
2024-03-19,ADANIPORTS,1271.050048828125,1272.8499755859375,1237.25,1241.199951171875,2311324
2024-03-20,ADANIPORTS,1248.0,1252.949951171875,1230.199951171875,1245.4000244140625,2772098
2024-03-21,ADANIPORTS,1260.0,1268.699951171875,1251.300048828125,1262.449951171875,3155563
2024-03-22,ADANIPORTS,1262.449951171875,1289.0999755859375,1255.050048828125,1281.5999755859375,3076926
2024-03-26,ADANIPORTS,1281.5999755859375,1314.0,1281.0,1304.199951171875,3610644
2024-03-27,ADANIPORTS,1315.0,1343.0,1312.0999755859375,1322.800048828125,4938400
2024-03-28,ADANIPORTS,1334.0,1358.699951171875,1314.0,1341.8499755859375,4188741
2024-03-01,ADANIPOWER,110.4800033569336,111.8000030517578,110.04000091552734,110.83000183105467,4943820
2024-03-04,ADANIPOWER,111.16000366210938,112.63999938964844,110.5999984741211,111.9800033569336,6485355
2024-03-05,ADANIPOWER,111.76000213623048,116.0,111.05999755859376,114.7699966430664,10617185
2024-03-06,ADANIPOWER,115.0,116.0,112.0,115.33999633789062,8543545
2024-03-07,ADANIPOWER,115.31999969482422,115.52999877929688,113.0,113.37000274658205,6619255
2024-03-11,ADANIPOWER,114.0,114.5,112.0,113.38999938964844,5793265
2024-03-12,ADANIPOWER,112.8000030517578,113.1999969482422,108.4000015258789,111.22000122070312,6074690
2024-03-13,ADANIPOWER,111.52999877929688,111.81999969482422,105.66000366210938,105.66000366210938,8955305
2024-03-14,ADANIPOWER,100.37999725341795,108.98999786376952,100.37999725341795,107.56999969482422,12480915
2024-03-15,ADANIPOWER,107.22000122070312,108.0,104.0,106.08000183105467,11476165
2024-03-18,ADANIPOWER,102.1999969482422,106.4000015258789,102.0,105.87999725341795,17430270
2024-03-19,ADANIPOWER,105.79000091552734,106.77999877929688,103.08000183105467,103.63999938964844,5161705
2024-03-20,ADANIPOWER,104.76000213623048,104.76000213623048,100.30999755859376,102.97000122070312,10112830
2024-03-21,ADANIPOWER,103.55999755859376,105.63999938964844,103.4000015258789,104.8499984741211,4146940
2024-03-22,ADANIPOWER,105.76000213623048,107.76000213623048,104.8499984741211,106.20999908447266,6656345
2024-03-26,ADANIPOWER,104.05999755859376,107.13999938964844,103.8000030517578,104.4000015258789,7975065
2024-03-27,ADANIPOWER,105.8000030517578,109.62000274658205,101.26000213623048,103.30999755859376,46734380
2024-03-28,ADANIPOWER,104.0,107.7699966430664,103.70999908447266,106.76000213623048,16751295
2024-03-01,ADFFOODS,192.8500061035156,225.3999938964844,192.0,222.6499938964844,4400441
2024-03-04,ADFFOODS,217.0,217.4499969482422,206.9499969482422,211.6000061035156,493003
2024-03-05,ADFFOODS,211.6999969482422,211.8000030517578,204.0,204.6000061035156,158332
2024-03-06,ADFFOODS,205.5,214.8000030517578,200.5500030517578,201.4499969482422,740160
2024-03-07,ADFFOODS,202.6000061035156,209.0,201.0,205.5500030517578,475457
2024-03-11,ADFFOODS,207.6000061035156,210.75,200.5500030517578,201.5500030517578,231556
2024-03-12,ADFFOODS,201.0,201.8999938964844,193.5500030517578,193.75,142711
2024-03-13,ADFFOODS,194.6999969482422,197.1999969482422,180.0,183.1000061035156,255802
2024-03-14,ADFFOODS,180.3500061035156,190.8999938964844,179.0,188.9499969482422,169775
2024-03-15,ADFFOODS,188.8500061035156,194.3000030517578,188.5500030517578,190.4499969482422,99666
2024-03-18,ADFFOODS,191.3999938964844,193.0500030517578,187.0,189.1999969482422,98630
2024-03-19,ADFFOODS,189.1999969482422,190.5500030517578,185.3500061035156,186.5500030517578,104547
2024-03-20,ADFFOODS,186.6499938964844,189.8500061035156,185.1499938964844,188.0500030517578,82052
2024-03-21,ADFFOODS,188.6000061035156,193.0,188.6000061035156,191.3999938964844,99586
2024-03-22,ADFFOODS,191.9499969482422,195.5,189.8999938964844,192.1499938964844,293614
2024-03-26,ADFFOODS,192.0,193.1499938964844,187.0,187.5500030517578,132768
2024-03-27,ADFFOODS,187.5500030517578,190.0500030517578,184.5,185.8000030517578,294198
2024-03-28,ADFFOODS,188.9499969482422,188.9499969482422,184.5,184.9499969482422,131083
2024-03-01,ADL,91.6999969482422,91.6999969482422,87.3499984741211,89.94999694824219,791
2024-03-04,ADL,87.1500015258789,92.5500030517578,87.1500015258789,88.80000305175781,1431
2024-03-05,ADL,87.19999694824219,91.0,87.19999694824219,90.8499984741211,6618
2024-03-06,ADL,89.9000015258789,89.9000015258789,88.1500015258789,88.30000305175781,1248
2024-03-07,ADL,88.25,89.0,87.80000305175781,87.9000015258789,292
2024-03-11,ADL,91.5500030517578,91.5500030517578,84.44999694824219,84.75,868
2024-03-12,ADL,84.80000305175781,87.25,82.0999984741211,84.75,588
2024-03-13,ADL,82.1500015258789,84.0999984741211,80.55000305175781,80.55000305175781,6439
2024-03-14,ADL,80.19999694824219,80.19999694824219,77.0999984741211,80.0,2299
2024-03-15,ADL,80.0,80.19999694824219,78.0,78.05000305175781,1141
2024-03-18,ADL,81.80000305175781,81.80000305175781,79.5999984741211,81.75,273
2024-03-19,ADL,85.0,85.0,79.05000305175781,84.4000015258789,283
2024-03-20,ADL,87.19999694824219,87.19999694824219,84.4000015258789,84.94999694824219,63
2024-03-21,ADL,83.55000305175781,83.55000305175781,80.69999694824219,80.69999694824219,470
2024-03-22,ADL,82.5,83.0,79.0,82.25,337
2024-03-26,ADL,86.19999694824219,86.19999694824219,78.3499984741211,82.19999694824219,801
2024-03-27,ADL,79.0,81.94999694824219,79.0,79.94999694824219,1342
2024-03-28,ADL,83.6500015258789,83.6500015258789,79.19999694824219,81.05000305175781,1118
2024-03-01,ADOR,1435.0,1481.0,1433.0,1455.800048828125,14601
2024-03-04,ADOR,1485.0,1530.0,1455.75,1473.6500244140625,49729
2024-03-05,ADOR,1485.449951171875,1589.0,1466.0,1536.199951171875,171228
2024-03-06,ADOR,1547.949951171875,1557.449951171875,1498.050048828125,1513.5,27445
2024-03-07,ADOR,1513.75,1521.550048828125,1484.949951171875,1489.5999755859375,13469
2024-03-11,ADOR,1516.949951171875,1525.0,1450.0,1458.199951171875,16951
2024-03-12,ADOR,1450.0,1463.199951171875,1429.0999755859375,1433.550048828125,17867
2024-03-13,ADOR,1450.8499755859375,1450.8499755859375,1377.0,1385.300048828125,33127
2024-03-14,ADOR,1385.300048828125,1385.300048828125,1312.0,1339.199951171875,62145
2024-03-15,ADOR,1319.0999755859375,1371.9000244140625,1299.6500244140625,1310.3499755859375,36303
2024-03-18,ADOR,1326.1500244140625,1380.050048828125,1315.25,1357.050048828125,40224
2024-03-19,ADOR,1356.800048828125,1399.0,1337.0999755859375,1364.5999755859375,20867
2024-03-20,ADOR,1348.5,1377.4000244140625,1330.050048828125,1346.0,12273
2024-03-21,ADOR,1350.0,1370.0,1342.3499755859375,1360.4000244140625,23278
2024-03-22,ADOR,1360.3499755859375,1386.0,1359.9000244140625,1380.050048828125,10585
2024-03-26,ADOR,1370.0,1380.0,1352.1500244140625,1366.800048828125,13315
2024-03-27,ADOR,1372.199951171875,1418.199951171875,1345.199951171875,1374.550048828125,27626
2024-03-28,ADOR,1389.6500244140625,1410.0,1350.0,1371.0,16280
2024-03-01,ADROITINFO,17.049999237060547,17.700000762939453,16.350000381469727,17.5,54899
2024-03-04,ADROITINFO,18.049999237060547,18.049999237060547,17.049999237060547,17.549999237060547,58398
2024-03-05,ADROITINFO,17.950000762939453,17.950000762939453,17.399999618530273,17.549999237060547,85886
2024-03-06,ADROITINFO,17.799999237060547,18.100000381469727,17.299999237060547,17.799999237060547,66133
2024-03-07,ADROITINFO,17.950000762939453,18.64999961853028,17.700000762939453,18.600000381469727,100068
2024-03-11,ADROITINFO,18.950000762939453,19.0,17.700000762939453,17.700000762939453,35684
2024-03-12,ADROITINFO,16.850000381469727,16.850000381469727,16.850000381469727,16.850000381469727,13807
2024-03-13,ADROITINFO,16.0,16.0,16.0,16.0,57873
2024-03-14,ADROITINFO,15.199999809265137,16.5,15.199999809265137,15.600000381469728,99065
2024-03-15,ADROITINFO,15.850000381469728,16.0,14.899999618530272,15.199999809265137,27958
2024-03-18,ADROITINFO,15.199999809265137,15.949999809265137,14.449999809265137,15.850000381469728,54171
2024-03-19,ADROITINFO,15.050000190734863,15.050000190734863,15.050000190734863,15.050000190734863,40820
2024-03-20,ADROITINFO,14.850000381469728,15.800000190734863,14.399999618530272,15.600000381469728,36966
2024-03-21,ADROITINFO,15.699999809265137,16.350000381469727,15.699999809265137,16.350000381469727,102597
2024-03-22,ADROITINFO,15.850000381469728,16.700000762939453,15.850000381469728,16.299999237060547,88201
2024-03-26,ADROITINFO,16.850000381469727,16.850000381469727,15.5,15.550000190734863,44100
2024-03-27,ADROITINFO,15.850000381469728,15.899999618530272,14.800000190734863,14.949999809265137,41958
2024-03-28,ADROITINFO,14.949999809265137,15.600000381469728,14.800000190734863,14.899999618530272,21169
2024-03-01,ADSL,154.39999389648438,158.64999389648438,151.85000610351562,152.4499969482422,329165
2024-03-04,ADSL,156.8000030517578,158.0,152.39999389648438,154.39999389648438,220633
2024-03-05,ADSL,154.39999389648438,169.8000030517578,151.89999389648438,161.4499969482422,1771362
2024-03-06,ADSL,162.0,163.35000610351562,153.0,154.35000610351562,708360
2024-03-07,ADSL,156.6999969482422,157.9499969482422,152.75,154.1999969482422,294561
2024-03-11,ADSL,154.0500030517578,162.0,152.25,155.5,1277458
2024-03-12,ADSL,154.4499969482422,156.85000610351562,146.0,146.6999969482422,477614
2024-03-13,ADSL,148.0,151.5,125.0,128.4499969482422,998453
2024-03-14,ADSL,128.4499969482422,141.1999969482422,127.0,137.60000610351562,845045
2024-03-15,ADSL,137.60000610351562,141.5500030517578,134.0500030517578,137.35000610351562,370561
2024-03-18,ADSL,137.14999389648438,139.5,135.14999389648438,136.0500030517578,226024
2024-03-19,ADSL,135.3000030517578,137.14999389648438,133.0,133.85000610351562,182921
2024-03-20,ADSL,135.0,136.1999969482422,130.25,131.0,342787
2024-03-21,ADSL,132.3000030517578,134.9499969482422,131.8000030517578,133.3000030517578,339433
2024-03-22,ADSL,133.8000030517578,142.1999969482422,132.5500030517578,139.89999389648438,611246
2024-03-26,ADSL,140.0,140.9499969482422,134.89999389648438,135.5500030517578,338780
2024-03-27,ADSL,135.9499969482422,143.0,134.6999969482422,140.6999969482422,825015
2024-03-28,ADSL,141.64999389648438,146.39999389648438,137.5,139.14999389648438,710605
2024-03-01,ADVANIHOTR,84.9749984741211,86.5,82.5,83.125,166036
2024-03-04,ADVANIHOTR,84.80000305175781,86.125,78.82499694824219,80.57499694824219,484456
2024-03-05,ADVANIHOTR,80.57499694824219,81.5,79.125,79.57499694824219,122112
2024-03-06,ADVANIHOTR,79.57499694824219,80.0,76.5,77.9749984741211,320070
2024-03-07,ADVANIHOTR,78.5999984741211,79.57499694824219,77.7750015258789,79.0,121990
2024-03-11,ADVANIHOTR,87.0,87.0,83.4000015258789,84.19999694824219,1178260
2024-03-12,ADVANIHOTR,84.5999984741211,85.42500305175781,79.5,80.32499694824219,416204
2024-03-13,ADVANIHOTR,81.125,81.57499694824219,73.0250015258789,75.125,424452
2024-03-14,ADVANIHOTR,74.9749984741211,79.67500305175781,68.3499984741211,78.7249984741211,366336
2024-03-15,ADVANIHOTR,79.5,80.5,76.2750015258789,79.9000015258789,260058
2024-03-18,ADVANIHOTR,82.44999694824219,82.5,80.0250015258789,81.3499984741211,512154
2024-03-19,ADVANIHOTR,82.0999984741211,82.0999984741211,79.0,81.0250015258789,652198
2024-03-20,ADVANIHOTR,87.0,87.0,74.5999984741211,75.9000015258789,834431
2024-03-21,ADVANIHOTR,76.9000015258789,78.0999984741211,73.80000305175781,75.44999694824219,509145
2024-03-22,ADVANIHOTR,75.6500015258789,79.3499984741211,75.5999984741211,76.69999694824219,272225
2024-03-26,ADVANIHOTR,76.69999694824219,77.3499984741211,74.5,75.55000305175781,201819
2024-03-27,ADVANIHOTR,75.5,76.5,73.5,74.19999694824219,228811
2024-03-28,ADVANIHOTR,73.0999984741211,74.05000305175781,71.5,71.9000015258789,274970
2024-03-01,ADVENZYMES,386.0,391.1000061035156,380.2000122070313,383.8999938964844,177304
2024-03-04,ADVENZYMES,391.0499877929688,395.0,383.0,385.7999877929688,106744
2024-03-05,ADVENZYMES,385.7999877929688,386.3999938964844,379.2000122070313,380.5,170220
2024-03-06,ADVENZYMES,379.5,381.0,367.0,372.8500061035156,257482
2024-03-07,ADVENZYMES,369.1499938964844,379.0,369.0499877929688,371.2000122070313,103727
2024-03-11,ADVENZYMES,374.6000061035156,374.6000061035156,356.8999938964844,359.75,171108
2024-03-12,ADVENZYMES,359.75,396.1499938964844,347.0,351.79998779296875,1805572
2024-03-13,ADVENZYMES,353.3999938964844,360.7999877929688,340.29998779296875,350.70001220703125,402435
2024-03-14,ADVENZYMES,348.5,366.6000061035156,344.29998779296875,365.0,197009
2024-03-15,ADVENZYMES,363.7999877929688,366.5499877929688,355.0,361.7999877929688,91327
2024-03-18,ADVENZYMES,355.54998779296875,363.8999938964844,354.3999938964844,356.79998779296875,104271
2024-03-19,ADVENZYMES,357.0,359.29998779296875,345.3500061035156,349.79998779296875,186544
2024-03-20,ADVENZYMES,349.0,356.70001220703125,340.04998779296875,341.8500061035156,308195
2024-03-21,ADVENZYMES,347.0,351.5,343.04998779296875,349.45001220703125,113770
2024-03-22,ADVENZYMES,354.0,359.70001220703125,346.0,358.0,138213
2024-03-26,ADVENZYMES,357.95001220703125,358.79998779296875,349.29998779296875,354.29998779296875,148814
2024-03-27,ADVENZYMES,350.04998779296875,363.0,350.04998779296875,354.54998779296875,231636
2024-03-28,ADVENZYMES,353.04998779296875,357.70001220703125,345.0,348.45001220703125,138649
2024-03-01,AEGISLOG,442.9500122070313,451.25,429.5,436.3500061035156,408415
2024-03-04,AEGISLOG,440.3999938964844,442.9500122070313,427.9500122070313,432.3999938964844,318603
2024-03-05,AEGISLOG,432.3999938964844,440.1000061035156,428.9500122070313,434.1499938964844,246591
2024-03-06,AEGISLOG,435.8500061035156,448.8999938964844,416.0,440.6000061035156,769677
2024-03-07,AEGISLOG,438.9500122070313,454.7999877929688,430.1499938964844,433.7000122070313,999164
2024-03-11,AEGISLOG,434.7999877929688,435.8999938964844,400.3999938964844,403.75,1028783
2024-03-12,AEGISLOG,406.0499877929688,409.7000122070313,395.0499877929688,399.8999938964844,645686
2024-03-13,AEGISLOG,400.0,403.7999877929688,357.04998779296875,362.7000122070313,1471463
2024-03-14,AEGISLOG,362.9500122070313,379.3999938964844,362.9500122070313,370.8999938964844,965653
2024-03-15,AEGISLOG,374.0,383.6499938964844,366.6000061035156,381.25,881519
2024-03-18,AEGISLOG,383.9500122070313,399.0,383.0,396.8999938964844,1355177
2024-03-19,AEGISLOG,399.1499938964844,400.9500122070313,383.6000061035156,387.5,465096
2024-03-20,AEGISLOG,391.5,398.7000122070313,385.0,397.4500122070313,408029
2024-03-21,AEGISLOG,398.8500061035156,406.9500122070313,388.1499938964844,390.75,310473
2024-03-22,AEGISLOG,391.8999938964844,398.6000061035156,385.1499938964844,389.6000061035156,336702
2024-03-26,AEGISLOG,389.75,397.0,385.0,391.5499877929688,213635
2024-03-27,AEGISLOG,391.8500061035156,410.9500122070313,390.3999938964844,394.6499938964844,1092813
2024-03-28,AEGISLOG,396.8999938964844,455.0,394.7000122070313,446.6499938964844,9616751
2024-03-01,AEROENTER,103.9000015258789,108.5999984741211,103.25,107.6500015258789,549411
2024-03-04,AEROENTER,108.5,108.5,103.0,103.5999984741211,394419
2024-03-05,AEROENTER,103.9499969482422,104.0999984741211,98.5,99.3000030517578,1118973
2024-03-06,AEROENTER,99.3000030517578,101.0,95.8499984741211,98.4499969482422,662576
2024-03-07,AEROENTER,98.3000030517578,100.1999969482422,98.0,98.3499984741211,392927
2024-03-11,AEROENTER,99.1999969482422,99.1999969482422,91.25,93.0500030517578,706728
2024-03-12,AEROENTER,92.25,94.9499969482422,89.25,90.4000015258789,637546
2024-03-13,AEROENTER,90.8000030517578,92.25,83.4000015258789,85.6500015258789,929459
2024-03-14,AEROENTER,86.30000305175781,92.5500030517578,85.75,89.94999694824219,921699
2024-03-15,AEROENTER,90.4499969482422,90.4499969482422,86.0,89.0999984741211,611064
2024-03-18,AEROENTER,89.0999984741211,90.3000030517578,87.0999984741211,88.55000305175781,646959
2024-03-19,AEROENTER,88.5,90.8000030517578,87.69999694824219,89.25,1677912
2024-03-20,AEROENTER,89.25,92.4499969482422,87.75,90.0999984741211,1533623
2024-03-21,AEROENTER,92.0,93.0999984741211,90.0,92.0500030517578,1308419
2024-03-22,AEROENTER,91.6999969482422,93.5999984741211,91.3000030517578,92.5,1449182
2024-03-26,AEROENTER,92.9499969482422,94.8000030517578,87.8499984741211,88.5,830759
2024-03-27,AEROENTER,89.30000305175781,91.4499969482422,84.05000305175781,84.75,1503815
2024-03-28,AEROENTER,85.19999694824219,89.3499984741211,85.19999694824219,87.0999984741211,776122
2024-03-01,AEROFLEX,145.39999389648438,146.85000610351562,143.4499969482422,144.39999389648438,400372
2024-03-04,AEROFLEX,146.4499969482422,146.64999389648438,143.0500030517578,143.6999969482422,223675
2024-03-05,AEROFLEX,144.64999389648438,144.64999389648438,141.8000030517578,142.1999969482422,285655
2024-03-06,AEROFLEX,142.8000030517578,142.8000030517578,136.0,137.39999389648438,697098
2024-03-07,AEROFLEX,138.75,140.60000610351562,136.5500030517578,137.4499969482422,307749
2024-03-11,AEROFLEX,138.0,139.0,133.0,133.35000610351562,531916
2024-03-12,AEROFLEX,135.4499969482422,135.4499969482422,125.0,125.75,814933
2024-03-13,AEROFLEX,126.4000015258789,127.75,115.0,116.5500030517578,1298424
2024-03-14,AEROFLEX,116.5500030517578,124.0,115.5999984741211,122.4499969482422,785808
2024-03-15,AEROFLEX,121.0,127.0,120.5,125.3000030517578,702983
2024-03-18,AEROFLEX,123.5,129.39999389648438,123.5,128.25,664394
2024-03-19,AEROFLEX,128.0,130.60000610351562,125.5500030517578,126.5999984741211,406016
2024-03-20,AEROFLEX,126.9499969482422,128.5,124.25,125.3499984741211,307935
2024-03-21,AEROFLEX,127.5500030517578,130.0,126.5,127.0999984741211,419892
2024-03-22,AEROFLEX,127.1999969482422,130.60000610351562,126.4000015258789,127.75,363578
2024-03-26,AEROFLEX,127.8000030517578,128.5,121.5,123.1999969482422,602426
2024-03-27,AEROFLEX,123.1999969482422,125.3000030517578,118.0500030517578,119.1999969482422,934095
2024-03-28,AEROFLEX,119.8499984741211,126.9499969482422,119.8499984741211,121.4000015258789,866961
2024-03-01,AERONEU,125.0,125.0,117.0,122.6500015258789,78400
2024-03-04,AERONEU,119.9000015258789,123.0,116.0500030517578,121.75,83661
2024-03-05,AERONEU,121.75,123.0,116.8000030517578,117.0999984741211,54604
2024-03-06,AERONEU,118.8499984741211,118.8499984741211,109.0,110.1500015258789,61799
2024-03-07,AERONEU,110.1500015258789,115.0,109.9499969482422,111.4000015258789,36738
2024-03-11,AERONEU,111.4000015258789,113.0,105.4499969482422,106.4499969482422,62480
2024-03-12,AERONEU,105.0,111.8499984741211,92.5,94.8000030517578,102910
2024-03-13,AERONEU,94.9499969482422,103.25,82.5,87.6500015258789,188902
2024-03-14,AERONEU,87.6500015258789,93.9499969482422,82.44999694824219,91.5,260515
2024-03-15,AERONEU,93.25,109.8000030517578,87.0,88.9000015258789,709039
2024-03-18,AERONEU,89.9000015258789,93.0,83.0999984741211,90.9000015258789,752565
2024-03-19,AERONEU,91.75,103.5,83.19999694824219,93.25,1188053
2024-03-20,AERONEU,93.3499984741211,95.0999984741211,88.94999694824219,89.80000305175781,244627
2024-03-21,AERONEU,93.8000030517578,95.0500030517578,90.0,90.9000015258789,174646
2024-03-22,AERONEU,90.9000015258789,92.9499969482422,90.0999984741211,90.9000015258789,73265
2024-03-26,AERONEU,90.0,92.1999969482422,90.0,90.3499984741211,198149
2024-03-27,AERONEU,91.75,91.9499969482422,89.1500015258789,91.25,77876
2024-03-28,AERONEU,90.9499969482422,91.1999969482422,88.5,89.5999984741211,185853
2024-03-01,AETHER,882.0,882.0499877929688,866.0,869.5999755859375,38723
2024-03-04,AETHER,867.0499877929688,871.7000122070312,853.0999755859375,855.7000122070312,64018
2024-03-05,AETHER,857.8499755859375,864.9000244140625,853.0,854.6500244140625,64981
2024-03-06,AETHER,852.0999755859375,856.7999877929688,838.0,841.0,57749
2024-03-07,AETHER,843.0499877929688,844.3499755859375,830.0499877929688,836.2000122070312,72703
2024-03-11,AETHER,840.7000122070312,843.6500244140625,797.0,816.6500244140625,82782
2024-03-12,AETHER,818.9500122070312,818.9500122070312,800.0,803.4000244140625,92429
2024-03-13,AETHER,805.3499755859375,808.7000122070312,783.0499877929688,786.9500122070312,94010
2024-03-14,AETHER,786.9500122070312,799.8499755859375,781.0,791.9500122070312,84588
2024-03-15,AETHER,798.0,812.9500122070312,794.0999755859375,806.1500244140625,61177
2024-03-18,AETHER,810.1500244140625,816.2999877929688,806.1500244140625,814.0999755859375,27784
2024-03-19,AETHER,817.2999877929688,817.2999877929688,798.0999755859375,801.1500244140625,45756
2024-03-20,AETHER,806.0,809.9500122070312,792.0499877929688,806.4000244140625,42059
2024-03-21,AETHER,806.4500122070312,811.4500122070312,800.0,804.2999877929688,44857
2024-03-22,AETHER,804.2999877929688,811.0,796.0,802.4000244140625,72288
2024-03-26,AETHER,798.0,801.0,786.0,787.7999877929688,85765
2024-03-27,AETHER,787.7999877929688,795.6500244140625,761.5499877929688,780.0999755859375,168728
2024-03-28,AETHER,785.3499755859375,791.4500122070312,774.9000244140625,781.0,83756
2024-03-01,AFFLE,1130.0,1133.5999755859375,1102.0,1115.300048828125,183112
2024-03-04,AFFLE,1125.0999755859375,1128.0999755859375,1109.0,1117.550048828125,171957
2024-03-05,AFFLE,1120.0,1124.0,1080.050048828125,1089.949951171875,251790
2024-03-06,AFFLE,1079.050048828125,1088.0,1051.1500244140625,1077.5999755859375,219740
2024-03-07,AFFLE,1084.0,1105.949951171875,1074.0,1095.0999755859375,166485
2024-03-11,AFFLE,1100.5999755859375,1108.25,1052.5,1057.949951171875,171733
2024-03-12,AFFLE,1066.5999755859375,1071.699951171875,1035.050048828125,1048.0999755859375,245469
2024-03-13,AFFLE,1049.0,1058.0,1013.0,1022.0,279518
2024-03-14,AFFLE,1020.0,1045.0,1004.0,1033.6500244140625,193058
2024-03-15,AFFLE,1043.6500244140625,1046.199951171875,1012.5499877929688,1022.7000122070312,281334
2024-03-18,AFFLE,1022.0,1040.0,1021.5499877929688,1027.199951171875,87203
2024-03-19,AFFLE,1027.0,1031.5999755859375,1009.0,1013.5999755859376,201522
2024-03-20,AFFLE,1013.9000244140624,1029.5999755859375,998.2000122070312,1025.6500244140625,176161
2024-03-21,AFFLE,1035.0999755859375,1068.0,1034.949951171875,1060.5999755859375,134858
2024-03-22,AFFLE,1074.949951171875,1094.9000244140625,1066.300048828125,1090.550048828125,188125
2024-03-26,AFFLE,1090.5999755859375,1092.5,1053.550048828125,1059.9000244140625,189688
2024-03-27,AFFLE,1066.0,1076.0999755859375,1046.0,1051.300048828125,456473
2024-03-28,AFFLE,1058.25,1068.0,1022.75,1041.699951171875,239669
2024-03-01,AFSL,323.95001220703125,326.20001220703125,319.0,321.04998779296875,107267
2024-03-04,AFSL,326.25,328.0,315.5,324.6499938964844,70263
2024-03-05,AFSL,324.6499938964844,329.8500061035156,318.3500061035156,321.0,86916
2024-03-06,AFSL,322.6000061035156,324.20001220703125,310.70001220703125,315.25,61949
2024-03-07,AFSL,316.79998779296875,320.75,305.95001220703125,309.5,50795
2024-03-11,AFSL,310.0,314.70001220703125,302.95001220703125,304.0,47601
2024-03-12,AFSL,304.0,310.04998779296875,286.0,287.3999938964844,56191
2024-03-13,AFSL,291.1000061035156,297.8500061035156,270.0,277.1000061035156,86844
2024-03-14,AFSL,277.0,290.0,277.0,280.95001220703125,41182
2024-03-15,AFSL,283.0,287.70001220703125,277.0,277.75,30215
2024-03-18,AFSL,281.5,286.25,278.0,279.8999938964844,139262
2024-03-19,AFSL,281.29998779296875,286.5,272.0,276.0,47631
2024-03-20,AFSL,277.3999938964844,282.8500061035156,267.20001220703125,273.5,61002
2024-03-21,AFSL,274.8999938964844,280.25,270.0,271.70001220703125,158908
2024-03-22,AFSL,271.70001220703125,289.70001220703125,270.79998779296875,276.3999938964844,34630
2024-03-26,AFSL,276.0,284.1499938964844,272.0,277.6499938964844,397122
2024-03-27,AFSL,277.6499938964844,284.6000061035156,268.3999938964844,270.95001220703125,104155
2024-03-28,AFSL,270.95001220703125,279.0,260.0,266.29998779296875,61747
2024-03-01,AGARIND,959.5499877929688,964.7999877929688,946.3499755859376,956.5999755859376,23920
2024-03-04,AGARIND,945.0,960.0,940.7999877929688,942.6500244140624,12781
2024-03-05,AGARIND,952.0999755859376,952.0999755859376,920.5,924.3499755859376,61216
2024-03-06,AGARIND,921.0,930.25,895.25,903.1500244140624,34962
2024-03-07,AGARIND,903.75,948.0,903.75,932.5999755859376,24911
2024-03-11,AGARIND,932.5999755859376,936.1500244140624,895.25,897.4000244140625,25663
2024-03-12,AGARIND,900.0,907.7000122070312,830.0,842.9000244140625,70940
2024-03-13,AGARIND,842.0,851.0,776.2999877929688,791.2000122070312,105123
2024-03-14,AGARIND,798.9500122070312,870.0,782.0499877929688,854.3499755859375,97092
2024-03-15,AGARIND,850.0,864.25,837.5499877929688,857.4500122070312,22930
2024-03-18,AGARIND,852.0,870.0,781.0999755859375,802.3499755859375,152667
2024-03-19,AGARIND,805.5,830.2999877929688,785.0,791.4500122070312,59852
2024-03-20,AGARIND,807.0,814.4000244140625,787.9500122070312,797.6500244140625,38184
2024-03-21,AGARIND,800.25,820.0,800.0,802.7000122070312,31326
2024-03-22,AGARIND,803.0499877929688,828.0,800.0,812.3499755859375,46825
2024-03-26,AGARIND,804.0,824.6500244140625,801.5499877929688,808.5,36053
2024-03-27,AGARIND,809.0,817.4000244140625,789.9500122070312,803.9000244140625,53664
2024-03-28,AGARIND,812.0,817.4000244140625,785.0,800.4000244140625,49711
2024-03-01,AGI,819.7000122070312,887.5,819.7000122070312,883.5,856399
2024-03-04,AGI,890.0,902.7000122070312,882.0,893.2000122070312,263227
2024-03-05,AGI,890.0,894.5999755859375,865.2999877929688,870.9000244140625,197067
2024-03-06,AGI,864.0499877929688,870.4500122070312,814.2000122070312,828.5,280328
2024-03-07,AGI,837.0,848.0499877929688,829.7000122070312,834.2000122070312,120119
2024-03-11,AGI,834.2000122070312,839.7000122070312,807.0,811.0999755859375,168312
2024-03-12,AGI,817.0,817.5,764.5499877929688,777.9500122070312,209766
2024-03-13,AGI,785.5,800.0,702.0,709.7000122070312,274144
2024-03-14,AGI,714.0,784.9500122070312,696.3499755859375,777.9000244140625,297917
2024-03-15,AGI,775.0,795.0,748.0,765.1500244140625,238948
2024-03-18,AGI,775.0999755859375,778.3499755859375,740.0999755859375,743.75,137800
2024-03-19,AGI,744.0,763.75,727.0,729.7000122070312,113640
2024-03-20,AGI,722.5,735.0,713.0999755859375,715.6500244140625,119798
2024-03-21,AGI,720.9500122070312,741.6500244140625,720.0,723.6500244140625,196346
2024-03-22,AGI,725.0,757.4500122070312,724.9500122070312,747.5499877929688,176317
2024-03-26,AGI,745.5,751.7999877929688,723.0,724.9000244140625,210512
2024-03-27,AGI,725.4500122070312,750.9000244140625,725.4500122070312,743.75,362316
2024-03-28,AGI,743.75,754.5499877929688,725.0,726.5,181530
2024-03-01,AGRITECH,192.0,195.8500061035156,185.0500030517578,190.1499938964844,8611
2024-03-04,AGRITECH,198.25,199.8999938964844,190.8000030517578,196.25,11660
2024-03-05,AGRITECH,197.9499969482422,201.0,194.1499938964844,197.25,16621
2024-03-06,AGRITECH,197.8999938964844,199.6499938964844,185.1000061035156,189.1499938964844,6031
2024-03-07,AGRITECH,193.6499938964844,195.0,185.8999938964844,187.9499969482422,9024
2024-03-11,AGRITECH,188.0500030517578,189.0500030517578,175.35000610351562,179.4499969482422,6153
2024-03-12,AGRITECH,188.0,188.0,168.0,175.3000030517578,6611
2024-03-13,AGRITECH,173.0,181.8999938964844,152.6999969482422,155.75,20465
2024-03-14,AGRITECH,168.0,168.0,156.0,160.39999389648438,10726
2024-03-15,AGRITECH,161.5500030517578,168.64999389648438,158.5500030517578,161.10000610351562,7651
2024-03-18,AGRITECH,161.10000610351562,168.3000030517578,161.0500030517578,165.89999389648438,3080
2024-03-19,AGRITECH,172.0,172.0,162.25,168.5,5899
2024-03-20,AGRITECH,170.5500030517578,177.0,168.0,171.14999389648438,5149
2024-03-21,AGRITECH,175.1999969482422,178.8000030517578,169.1999969482422,172.60000610351562,5338
2024-03-22,AGRITECH,172.5500030517578,178.8000030517578,172.0,173.14999389648438,4501
2024-03-26,AGRITECH,177.9499969482422,181.0,169.0,180.0500030517578,17325
2024-03-27,AGRITECH,177.10000610351562,216.0500030517578,177.0,216.0500030517578,126154
2024-03-28,AGRITECH,243.0,252.6499938964844,222.5500030517578,226.3999938964844,637908
2024-03-01,AGROPHOS,45.900001525878906,47.20000076293945,45.0,45.84999847412109,58234
2024-03-04,AGROPHOS,46.70000076293945,47.20000076293945,45.0,45.34999847412109,60123
2024-03-05,AGROPHOS,45.59999847412109,45.650001525878906,44.59999847412109,44.84999847412109,29816
2024-03-06,AGROPHOS,45.0,45.34999847412109,42.25,42.95000076293945,97939
2024-03-07,AGROPHOS,43.04999923706055,44.09999847412109,42.650001525878906,43.45000076293945,72335
2024-03-11,AGROPHOS,43.45000076293945,43.45000076293945,40.25,40.95000076293945,92913
2024-03-12,AGROPHOS,40.95000076293945,41.20000076293945,38.45000076293945,40.400001525878906,135864
2024-03-13,AGROPHOS,39.5,41.34999847412109,35.95000076293945,36.650001525878906,150885
2024-03-14,AGROPHOS,39.0,42.84999847412109,37.400001525878906,41.150001525878906,166798
2024-03-15,AGROPHOS,41.0,42.150001525878906,39.34999847412109,40.45000076293945,81405
2024-03-18,AGROPHOS,41.45000076293945,41.45000076293945,39.59999847412109,39.84999847412109,43743
2024-03-19,AGROPHOS,40.04999923706055,40.5,38.59999847412109,38.95000076293945,54352
2024-03-20,AGROPHOS,39.70000076293945,40.0,38.650001525878906,39.59999847412109,32679
2024-03-21,AGROPHOS,39.59999847412109,40.79999923706055,39.150001525878906,40.0,58457
2024-03-22,AGROPHOS,40.79999923706055,40.79999923706055,39.400001525878906,39.70000076293945,44237
2024-03-26,AGROPHOS,40.0,40.84999847412109,38.150001525878906,38.5,59647
2024-03-27,AGROPHOS,38.900001525878906,39.09999847412109,37.09999847412109,37.75,69886
2024-03-28,AGROPHOS,37.75,38.84999847412109,35.099998474121094,36.20000076293945,151754
2024-03-01,AGSTRA,90.0,90.5,86.0,87.0,173497
2024-03-04,AGSTRA,93.0,93.0,85.9000015258789,86.69999694824219,94695
2024-03-05,AGSTRA,85.0,88.19999694824219,82.4000015258789,82.6500015258789,433751
2024-03-06,AGSTRA,83.0,83.9000015258789,78.55000305175781,78.55000305175781,267430
2024-03-07,AGSTRA,79.9000015258789,80.80000305175781,74.6500015258789,78.30000305175781,632343
2024-03-11,AGSTRA,79.30000305175781,79.80000305175781,74.4000015258789,74.44999694824219,455448
2024-03-12,AGSTRA,76.0,76.5,70.75,70.75,769190
2024-03-13,AGSTRA,68.55000305175781,72.0,67.25,67.25,441703
2024-03-14,AGSTRA,66.5,70.5999984741211,63.900001525878906,70.5999984741211,692485
2024-03-15,AGSTRA,70.5999984741211,72.80000305175781,68.0,69.80000305175781,374103
2024-03-18,AGSTRA,70.19999694824219,71.80000305175781,67.0,68.5,220661
2024-03-19,AGSTRA,69.9000015258789,71.05000305175781,66.19999694824219,68.05000305175781,199303
2024-03-20,AGSTRA,70.6500015258789,70.80000305175781,67.9000015258789,69.44999694824219,169409
2024-03-21,AGSTRA,70.9000015258789,72.9000015258789,69.94999694824219,70.80000305175781,508329
2024-03-22,AGSTRA,71.0,71.30000305175781,68.05000305175781,68.8499984741211,420157
2024-03-26,AGSTRA,69.0,69.8499984741211,65.75,66.19999694824219,403760
2024-03-27,AGSTRA,66.94999694824219,67.44999694824219,63.45000076293945,64.19999694824219,659091
2024-03-28,AGSTRA,65.0,67.4000015258789,64.5999984741211,67.4000015258789,202098
2024-03-01,AHLADA,117.5,123.0,117.5,120.1999969482422,58173
2024-03-04,AHLADA,120.6500015258789,122.4499969482422,118.1500015258789,119.25,48465
2024-03-05,AHLADA,119.9000015258789,119.9000015258789,117.3000030517578,118.75,25961
2024-03-06,AHLADA,119.1999969482422,119.1999969482422,113.4499969482422,115.9000015258789,38023
2024-03-07,AHLADA,116.5,117.4499969482422,115.3499984741211,115.9499969482422,26773
2024-03-11,AHLADA,115.9499969482422,119.0,108.0,110.0500030517578,68575
2024-03-12,AHLADA,110.6999969482422,110.6999969482422,101.0,101.9499969482422,188362
2024-03-13,AHLADA,102.5999984741211,105.9000015258789,96.0,96.8499984741211,107869
2024-03-14,AHLADA,96.0500030517578,100.5500030517578,90.6500015258789,99.25,112769
2024-03-15,AHLADA,101.5,103.75,97.0500030517578,99.0999984741211,56204
2024-03-18,AHLADA,102.5,102.5,98.6999969482422,100.1500015258789,38283
2024-03-19,AHLADA,101.6500015258789,102.9499969482422,100.0,101.5500030517578,44909
2024-03-20,AHLADA,102.4499969482422,103.0500030517578,100.0,100.5500030517578,31771
2024-03-21,AHLADA,101.8499984741211,103.75,101.5,101.8000030517578,32689
2024-03-22,AHLADA,103.3000030517578,118.0,102.8000030517578,112.8000030517578,425015
2024-03-26,AHLADA,114.5,114.9000015258789,104.9000015258789,105.4499969482422,107065
2024-03-27,AHLADA,106.9000015258789,123.25,105.5999984741211,111.9000015258789,826528
2024-03-28,AHLADA,111.9000015258789,116.0,106.1500015258789,109.4499969482422,181940
2024-03-01,AHLEAST,159.9499969482422,163.25,159.9499969482422,161.35000610351562,7125
2024-03-04,AHLEAST,167.60000610351562,172.3000030517578,167.0500030517578,170.75,93710
2024-03-05,AHLEAST,173.0,174.89999389648438,163.5,166.9499969482422,63665
2024-03-06,AHLEAST,166.9499969482422,167.1999969482422,157.0500030517578,159.1999969482422,30062
2024-03-07,AHLEAST,158.5,170.0,157.10000610351562,166.60000610351562,40787
2024-03-11,AHLEAST,162.14999389648438,167.6999969482422,160.35000610351562,163.60000610351562,25691
2024-03-12,AHLEAST,163.60000610351562,165.39999389648438,152.10000610351562,154.25,24088
2024-03-13,AHLEAST,152.10000610351562,157.3000030517578,140.14999389648438,143.89999389648438,49627
2024-03-14,AHLEAST,145.9499969482422,148.39999389648438,143.0500030517578,144.60000610351562,231637
2024-03-15,AHLEAST,146.9499969482422,148.9499969482422,143.3000030517578,147.89999389648438,41912
2024-03-18,AHLEAST,147.89999389648438,148.0,143.3000030517578,144.10000610351562,29467
2024-03-19,AHLEAST,144.10000610351562,144.10000610351562,139.4499969482422,140.5,25943
2024-03-20,AHLEAST,140.6999969482422,142.0,136.75,141.5500030517578,36704
2024-03-21,AHLEAST,141.9499969482422,146.39999389648438,141.9499969482422,143.85000610351562,13455
2024-03-22,AHLEAST,145.60000610351562,145.60000610351562,140.5500030517578,142.39999389648438,17259
2024-03-26,AHLEAST,142.39999389648438,143.39999389648438,134.1999969482422,137.3000030517578,34576
2024-03-27,AHLEAST,133.25,140.8000030517578,133.25,138.9499969482422,18376
2024-03-28,AHLEAST,140.0500030517578,140.0500030517578,133.0,136.10000610351562,23989
2024-03-01,AHLUCONT,1193.25,1195.4000244140625,1156.949951171875,1167.25,57717
2024-03-04,AHLUCONT,1276.050048828125,1276.050048828125,1191.550048828125,1230.5999755859375,105225
2024-03-05,AHLUCONT,1231.0999755859375,1232.949951171875,1181.0,1209.949951171875,80192
2024-03-06,AHLUCONT,1204.4000244140625,1204.949951171875,1122.0999755859375,1134.9000244140625,118177
2024-03-07,AHLUCONT,1135.949951171875,1163.949951171875,1116.6500244140625,1136.0,169703
2024-03-11,AHLUCONT,1139.949951171875,1156.75,1085.0,1094.050048828125,179838
2024-03-12,AHLUCONT,1091.0999755859375,1101.449951171875,1071.550048828125,1081.4000244140625,81556
2024-03-13,AHLUCONT,1083.300048828125,1103.6500244140625,1001.5499877929688,1021.1500244140624,164431
2024-03-14,AHLUCONT,999.0499877929688,1046.75,999.0499877929688,1031.949951171875,109018
2024-03-15,AHLUCONT,1030.0,1097.0,1019.75,1041.300048828125,150390
2024-03-18,AHLUCONT,1047.0,1055.3499755859375,1020.7000122070312,1038.800048828125,59971
2024-03-19,AHLUCONT,1049.199951171875,1054.6500244140625,1021.0,1026.5,47206
2024-03-20,AHLUCONT,1031.0999755859375,1036.6500244140625,997.0499877929688,1017.8499755859376,43438
2024-03-21,AHLUCONT,1025.0,1049.949951171875,1020.0999755859376,1033.800048828125,171381
2024-03-22,AHLUCONT,1034.300048828125,1039.0,1020.0499877929688,1024.800048828125,33296
2024-03-26,AHLUCONT,1024.800048828125,1030.699951171875,987.0499877929688,1022.1500244140624,36603
2024-03-27,AHLUCONT,1034.5,1037.0,1010.0,1016.4000244140624,42503
2024-03-28,AHLUCONT,1029.0,1030.949951171875,1013.0999755859376,1021.4000244140624,49308
2024-03-01,AHLWEST,144.14999389648438,144.14999389648438,144.14999389648438,144.14999389648438,0
2024-03-04,AHLWEST,144.14999389648438,144.14999389648438,144.14999389648438,144.14999389648438,0
2024-03-05,AHLWEST,144.14999389648438,144.14999389648438,144.14999389648438,144.14999389648438,0
2024-03-06,AHLWEST,144.14999389648438,144.14999389648438,144.14999389648438,144.14999389648438,0
2024-03-07,AHLWEST,144.14999389648438,144.14999389648438,144.14999389648438,144.14999389648438,0
2024-03-11,AHLWEST,144.14999389648438,144.14999389648438,144.14999389648438,144.14999389648438,0
2024-03-12,AHLWEST,144.14999389648438,144.14999389648438,144.14999389648438,144.14999389648438,0
2024-03-13,AHLWEST,144.14999389648438,144.14999389648438,144.14999389648438,144.14999389648438,0
2024-03-14,AHLWEST,144.14999389648438,144.14999389648438,144.14999389648438,144.14999389648438,0
2024-03-18,AHLWEST,144.14999389648438,144.14999389648438,144.14999389648438,144.14999389648438,0
2024-03-19,AHLWEST,144.14999389648438,144.14999389648438,144.14999389648438,144.14999389648438,0
2024-03-20,AHLWEST,144.14999389648438,144.14999389648438,144.14999389648438,144.14999389648438,0
2024-03-21,AHLWEST,144.14999389648438,144.14999389648438,144.14999389648438,144.14999389648438,0
2024-03-22,AHLWEST,144.14999389648438,144.14999389648438,144.14999389648438,144.14999389648438,0
2024-03-26,AHLWEST,144.14999389648438,144.14999389648438,144.14999389648438,144.14999389648438,0
2024-03-27,AHLWEST,144.14999389648438,144.14999389648438,144.14999389648438,144.14999389648438,0
2024-03-28,AHLWEST,144.14999389648438,144.14999389648438,144.14999389648438,144.14999389648438,0
2024-03-01,AIAENG,3643.0,3745.050048828125,3635.25,3686.449951171875,77347
2024-03-04,AIAENG,3765.0,3765.0,3662.39990234375,3714.050048828125,64930
2024-03-05,AIAENG,3685.0,3740.0,3673.449951171875,3715.199951171875,54458
2024-03-06,AIAENG,3718.949951171875,3735.0,3612.300048828125,3653.39990234375,58780
2024-03-07,AIAENG,3670.0,3720.0,3632.0,3699.14990234375,61123
2024-03-11,AIAENG,3708.5,3716.5,3645.0,3672.35009765625,22115
2024-03-12,AIAENG,3652.35009765625,3709.949951171875,3622.35009765625,3694.89990234375,30137
2024-03-13,AIAENG,3685.64990234375,3692.949951171875,3554.10009765625,3629.85009765625,47161
2024-03-14,AIAENG,3621.0,3632.0,3578.300048828125,3616.0,41986
2024-03-15,AIAENG,3616.0,3659.64990234375,3565.5,3616.10009765625,45713
2024-03-18,AIAENG,3614.949951171875,3647.89990234375,3573.050048828125,3636.85009765625,56718
2024-03-19,AIAENG,3648.85009765625,3655.0,3582.0,3645.89990234375,30407
2024-03-20,AIAENG,3627.60009765625,3662.699951171875,3600.10009765625,3642.89990234375,87238
2024-03-21,AIAENG,3640.0,3763.39990234375,3640.0,3716.550048828125,115726
2024-03-22,AIAENG,3734.75,3819.5,3692.10009765625,3796.449951171875,27474
2024-03-26,AIAENG,3803.89990234375,3812.199951171875,3722.0,3801.050048828125,42096
2024-03-27,AIAENG,3812.0,3934.89990234375,3800.0,3886.300048828125,91531
2024-03-28,AIAENG,3885.0,3975.0,3735.10009765625,3915.25,109850
2024-03-01,AIRAN,27.0,27.5,26.850000381469727,27.100000381469727,94269
2024-03-04,AIRAN,27.5,27.75,26.39999961853028,26.850000381469727,124100
2024-03-05,AIRAN,26.75,27.0,26.049999237060547,26.299999237060547,128122
2024-03-06,AIRAN,26.299999237060547,26.5,25.0,25.25,169823
2024-03-07,AIRAN,25.25,26.5,24.5,26.450000762939453,145308
2024-03-11,AIRAN,26.5,27.39999961853028,25.200000762939453,25.600000381469727,225713
2024-03-12,AIRAN,24.450000762939453,25.5,24.350000381469727,24.350000381469727,173042
2024-03-13,AIRAN,23.200000762939453,24.0,23.14999961853028,23.14999961853028,90905
2024-03-14,AIRAN,22.200000762939453,24.0,22.0,23.75,157864
2024-03-15,AIRAN,24.25,24.25,22.64999961853028,23.950000762939453,82537
2024-03-18,AIRAN,24.450000762939453,24.450000762939453,23.0,23.450000762939453,72595
2024-03-19,AIRAN,23.450000762939453,23.5,22.5,22.64999961853028,78400
2024-03-20,AIRAN,22.700000762939453,23.450000762939453,21.850000381469727,21.950000762939453,110845
2024-03-21,AIRAN,22.39999961853028,23.0,22.25,23.0,83788
2024-03-22,AIRAN,23.0,24.14999961853028,22.75,23.89999961853028,103611
2024-03-26,AIRAN,24.14999961853028,25.0,24.0,24.600000381469727,134778
2024-03-27,AIRAN,24.799999237060547,25.450000762939453,23.39999961853028,23.39999961853028,110214
2024-03-28,AIRAN,23.75,24.5,22.799999237060547,23.200000762939453,125401
2024-03-01,AIROLAM,177.0500030517578,182.75,173.0,177.14999389648438,20170
2024-03-04,AIROLAM,184.0,184.0,172.25,174.89999389648438,29091
2024-03-05,AIROLAM,175.64999389648438,180.6499938964844,167.5,168.85000610351562,24833
2024-03-06,AIROLAM,173.85000610351562,173.85000610351562,157.3000030517578,158.4499969482422,79136
2024-03-07,AIROLAM,162.0,162.0500030517578,151.85000610351562,153.64999389648438,45934
2024-03-11,AIROLAM,153.6999969482422,172.39999389648438,152.0,162.3000030517578,78603
2024-03-12,AIROLAM,167.60000610351562,171.4499969482422,151.1999969482422,158.10000610351562,39410
2024-03-13,AIROLAM,158.10000610351562,162.60000610351562,147.25,150.64999389648438,26742
2024-03-14,AIROLAM,151.39999389648438,160.0,149.14999389648438,151.3000030517578,16133
2024-03-15,AIROLAM,151.3000030517578,158.0,148.3000030517578,155.75,13655
2024-03-18,AIROLAM,160.6999969482422,160.6999969482422,150.14999389648438,152.1999969482422,10040
2024-03-19,AIROLAM,151.14999389648438,170.39999389648438,150.85000610351562,160.64999389648438,67710
2024-03-20,AIROLAM,159.89999389648438,159.89999389648438,156.0500030517578,158.5,8841
2024-03-21,AIROLAM,158.5,160.4499969482422,156.10000610351562,156.4499969482422,7171
2024-03-22,AIROLAM,156.5,161.3000030517578,152.1999969482422,156.14999389648438,6658
2024-03-26,AIROLAM,156.14999389648438,159.75,151.14999389648438,152.4499969482422,49109
2024-03-27,AIROLAM,150.3000030517578,156.9499969482422,150.25,152.5500030517578,20825
2024-03-28,AIROLAM,152.1999969482422,158.4499969482422,152.1999969482422,153.5,10308
2024-03-01,AJANTPHARM,2219.60009765625,2220.300048828125,2110.10009765625,2126.85009765625,156013
2024-03-04,AJANTPHARM,2122.0,2149.85009765625,2060.10009765625,2073.199951171875,342286
2024-03-05,AJANTPHARM,2084.0,2126.89990234375,2074.0,2104.39990234375,65159
2024-03-06,AJANTPHARM,2101.050048828125,2135.89990234375,2061.0,2083.25,213764
2024-03-07,AJANTPHARM,2081.050048828125,2105.0,2071.10009765625,2091.10009765625,128858
2024-03-11,AJANTPHARM,2094.800048828125,2120.0,2069.300048828125,2102.050048828125,120502
2024-03-12,AJANTPHARM,2109.14990234375,2189.0,2080.0,2108.14990234375,46994
2024-03-13,AJANTPHARM,2096.89990234375,2175.0,1998.3499755859373,2110.699951171875,122917
2024-03-14,AJANTPHARM,2110.699951171875,2128.0,2075.0,2124.300048828125,84254
2024-03-15,AJANTPHARM,2124.60009765625,2125.0,2092.0,2122.199951171875,45417
2024-03-18,AJANTPHARM,2132.800048828125,2132.800048828125,2104.25,2124.449951171875,62074
2024-03-19,AJANTPHARM,2135.10009765625,2135.10009765625,2081.0,2109.35009765625,24898
2024-03-20,AJANTPHARM,2091.5,2105.800048828125,2071.300048828125,2082.10009765625,23023
2024-03-21,AJANTPHARM,2092.5,2147.949951171875,2080.0,2125.89990234375,322663
2024-03-22,AJANTPHARM,2118.0,2164.0,2106.60009765625,2152.300048828125,153571
2024-03-26,AJANTPHARM,2142.5,2230.0,2105.0,2223.050048828125,107950
2024-03-27,AJANTPHARM,2223.050048828125,2317.64990234375,2170.10009765625,2193.5,259332
2024-03-28,AJANTPHARM,2179.35009765625,2247.949951171875,2173.60009765625,2230.85009765625,149374
2024-03-01,AJMERA,146.7100067138672,152.97000122070312,145.27000427246094,146.4199981689453,812250
2024-03-04,AJMERA,149.1999969482422,150.49000549316406,145.0500030517578,145.8000030517578,308220
2024-03-05,AJMERA,146.58999633789062,147.52000427246094,141.02000427246094,144.52999877929688,487495
2024-03-06,AJMERA,144.58999633789062,148.0,139.02000427246094,146.3300018310547,964900
2024-03-07,AJMERA,147.77999877929688,149.25999450683594,144.75999450683594,146.72000122070312,436145
2024-03-11,AJMERA,146.7899932861328,147.75999450683594,133.6999969482422,135.9199981689453,782785
2024-03-12,AJMERA,136.1199951171875,138.8000030517578,130.5800018310547,131.6699981689453,944425
2024-03-13,AJMERA,131.6699981689453,133.1999969482422,117.01000213623048,118.8499984741211,1216625
2024-03-14,AJMERA,117.0500030517578,140.0,117.0500030517578,137.85000610351562,1935775
2024-03-15,AJMERA,135.77999877929688,141.36000061035156,130.02999877929688,136.99000549316406,1047050
2024-03-18,AJMERA,137.1999969482422,141.0,134.39999389648438,140.0399932861328,444920
2024-03-19,AJMERA,140.92999267578125,140.92999267578125,135.49000549316406,136.3800048828125,365695
2024-03-20,AJMERA,135.52000427246094,139.77000427246094,133.00999450683594,138.14999389648438,385450
2024-03-21,AJMERA,140.1999969482422,143.60000610351562,139.02000427246094,141.72999572753906,615110
2024-03-22,AJMERA,141.39999389648438,144.0,138.22000122070312,143.49000549316406,463955
2024-03-26,AJMERA,145.5800018310547,149.60000610351562,144.00999450683594,144.83999633789062,609335
2024-03-27,AJMERA,145.0,148.0399932861328,143.0,145.38999938964844,443090
2024-03-28,AJMERA,147.57000732421875,147.7899932861328,144.0,144.55999755859375,268705
2024-03-01,AJOONI,5.334159851074219,5.510496139526367,5.201908111572266,5.422327995300293,406499
2024-03-04,AJOONI,5.422327995300293,5.554580211639404,5.290075778961182,5.422327995300293,230410
2024-03-05,AJOONI,5.334159851074219,5.46641206741333,5.334159851074219,5.334159851074219,169414
2024-03-06,AJOONI,5.378243923187256,5.422327995300293,5.069655895233154,5.201908111572266,448904
2024-03-07,AJOONI,5.201908111572266,5.290075778961182,4.937404155731201,5.201908111572266,272039
2024-03-11,AJOONI,5.201908111572266,5.201908111572266,4.937404155731201,5.025571823120117,371707
2024-03-12,AJOONI,5.025571823120117,5.1578240394592285,4.80515193939209,4.849236011505127,406289
2024-03-13,AJOONI,4.849236011505127,4.937404155731201,4.6288161277771,4.6288161277771,268707
2024-03-14,AJOONI,4.408395767211914,4.80515193939209,4.408395767211914,4.716983795166016,452547
2024-03-15,AJOONI,4.672900199890137,4.849236011505127,4.584732055664063,4.761067867279053,221272
2024-03-18,AJOONI,4.761067867279053,4.761067867279053,4.540647983551025,4.6288161277771,225302
2024-03-19,AJOONI,4.6288161277771,4.716983795166016,4.408395767211914,4.540647983551025,279030
2024-03-20,AJOONI,4.540647983551025,4.540647983551025,4.3202290534973145,4.408395767211914,331947
2024-03-21,AJOONI,4.452479839324951,4.6288161277771,4.408395767211914,4.6288161277771,250508
2024-03-22,AJOONI,4.849236011505127,4.849236011505127,4.408395767211914,4.849236011505127,351988
2024-03-26,AJOONI,5.201908111572266,5.334159851074219,5.069655895233154,5.334159851074219,571121
2024-03-27,AJOONI,5.510496139526367,5.7309160232543945,5.378243923187256,5.510496139526367,1853767
2024-03-28,AJOONI,5.510496139526367,5.554580211639404,5.069655895233154,5.201908111572266,835742
2024-03-01,AKASH,34.900001525878906,36.59999847412109,34.900001525878906,36.59999847412109,17959
2024-03-04,AKASH,38.0,38.0,37.150001525878906,37.25,15152
2024-03-05,AKASH,38.900001525878906,38.900001525878906,37.0,37.5,14891
2024-03-06,AKASH,38.25,38.25,35.650001525878906,36.0,16184
2024-03-07,AKASH,36.0,37.75,35.349998474121094,37.400001525878906,17957
2024-03-11,AKASH,39.09999847412109,39.09999847412109,35.70000076293945,36.04999923706055,16989
2024-03-12,AKASH,36.95000076293945,36.95000076293945,34.25,34.349998474121094,11382
2024-03-13,AKASH,34.349998474121094,34.95000076293945,32.650001525878906,32.70000076293945,21415
2024-03-14,AKASH,33.099998474121094,34.29999923706055,32.099998474121094,34.20000076293945,21476
2024-03-15,AKASH,35.900001525878906,35.900001525878906,34.5,35.25,6948
2024-03-18,AKASH,35.95000076293945,35.95000076293945,34.0,34.54999923706055,5393
2024-03-19,AKASH,33.54999923706055,35.400001525878906,33.54999923706055,35.099998474121094,10749
2024-03-20,AKASH,34.0,35.20000076293945,34.0,34.650001525878906,16341
2024-03-21,AKASH,34.95000076293945,36.29999923706055,34.29999923706055,34.599998474121094,16578
2024-03-22,AKASH,34.599998474121094,35.5,34.0,34.599998474121094,2805
2024-03-26,AKASH,34.599998474121094,34.599998474121094,32.900001525878906,33.45000076293945,35283
2024-03-27,AKASH,32.45000076293945,33.849998474121094,32.0,32.70000076293945,29303
2024-03-28,AKASH,32.5,33.45000076293945,31.100000381469727,31.299999237060547,16755
2024-03-01,AKG,23.89999961853028,23.89999961853028,23.350000381469727,23.5,128436
2024-03-04,AKG,23.89999961853028,23.89999961853028,22.89999961853028,23.0,74310
2024-03-05,AKG,23.350000381469727,23.350000381469727,22.549999237060547,22.64999961853028,89839
2024-03-06,AKG,23.100000381469727,23.100000381469727,21.799999237060547,22.049999237060547,102424
2024-03-07,AKG,22.39999961853028,22.5,22.049999237060547,22.14999961853028,44951
2024-03-11,AKG,22.299999237060547,22.299999237060547,20.25,20.89999961853028,129983
2024-03-12,AKG,21.100000381469727,21.100000381469727,19.799999237060547,20.14999961853028,116068
2024-03-13,AKG,20.450000762939453,20.799999237060547,18.5,18.700000762939453,126332
2024-03-14,AKG,18.0,20.350000381469727,18.0,19.89999961853028,120617
2024-03-15,AKG,20.100000381469727,20.39999961853028,19.549999237060547,20.299999237060547,76392
2024-03-18,AKG,20.700000762939453,20.700000762939453,19.850000381469727,19.950000762939453,41545
2024-03-19,AKG,19.850000381469727,20.200000762939453,19.5,19.600000381469727,43871
2024-03-20,AKG,19.950000762939453,20.450000762939453,19.64999961853028,19.799999237060547,28342
2024-03-21,AKG,20.25,20.25,18.850000381469727,19.200000762939453,118371
2024-03-22,AKG,19.0,19.75,19.0,19.39999961853028,51917
2024-03-26,AKG,19.600000381469727,19.600000381469727,18.350000381469727,18.5,197277
2024-03-27,AKG,18.600000381469727,18.799999237060547,17.600000381469727,17.799999237060547,186547
2024-03-28,AKG,18.14999961853028,18.64999961853028,17.75,17.899999618530273,275340
2024-03-01,AKI,24.75,25.200000762939453,23.89999961853028,24.850000381469727,52108
2024-03-04,AKI,24.5,25.450000762939453,24.350000381469727,24.600000381469727,48410
2024-03-05,AKI,24.5,24.5,23.39999961853028,23.950000762939453,26105
2024-03-06,AKI,23.950000762939453,23.950000762939453,22.75,22.75,21531
2024-03-07,AKI,23.0,23.799999237060547,21.64999961853028,23.350000381469727,31585
2024-03-11,AKI,23.850000381469727,23.850000381469727,22.200000762939453,22.200000762939453,135353
2024-03-12,AKI,22.75,22.75,21.100000381469727,21.100000381469727,53719
2024-03-13,AKI,20.049999237060547,21.200000762939453,20.049999237060547,20.049999237060547,21195
2024-03-14,AKI,19.049999237060547,20.89999961853028,19.049999237060547,19.200000762939453,68309
2024-03-15,AKI,19.89999961853028,20.14999961853028,18.25,20.14999961853028,48041
2024-03-18,AKI,20.799999237060547,20.799999237060547,19.14999961853028,19.700000762939453,80794
2024-03-19,AKI,19.950000762939453,20.64999961853028,19.700000762939453,19.89999961853028,51059
2024-03-20,AKI,20.850000381469727,20.850000381469727,19.049999237060547,20.14999961853028,25388
2024-03-21,AKI,20.75,21.14999961853028,19.549999237060547,20.950000762939453,35749
2024-03-22,AKI,21.799999237060547,21.950000762939453,20.299999237060547,21.950000762939453,25034
2024-03-26,AKI,21.950000762939453,23.0,20.850000381469727,21.14999961853028,37175
2024-03-27,AKI,21.700000762939453,21.700000762939453,20.299999237060547,20.64999961853028,17713
2024-03-28,AKI,21.25,21.25,19.75,20.100000381469727,16646
2024-03-01,AKSHAR,3.3499999046325684,3.5,3.3499999046325684,3.450000047683716,1605317
2024-03-04,AKSHAR,3.5,3.549999952316284,3.400000095367432,3.400000095367432,814786
2024-03-05,AKSHAR,3.450000047683716,3.549999952316284,3.299999952316284,3.3499999046325684,3362314
2024-03-06,AKSHAR,3.450000047683716,3.450000047683716,3.200000047683716,3.25,2408586
2024-03-07,AKSHAR,3.299999952316284,3.400000095367432,3.200000047683716,3.400000095367432,1398976
2024-03-11,AKSHAR,3.450000047683716,3.450000047683716,3.25,3.299999952316284,3237350
2024-03-12,AKSHAR,3.299999952316284,3.299999952316284,3.150000095367432,3.150000095367432,1656809
2024-03-13,AKSHAR,3.0999999046325684,3.0999999046325684,3.0,3.0,1097707
2024-03-14,AKSHAR,2.8499999046325684,3.150000095367432,2.8499999046325684,3.0,3524547
2024-03-15,AKSHAR,3.0,3.0,2.8499999046325684,2.950000047683716,2505443
2024-03-18,AKSHAR,2.950000047683716,3.049999952316284,2.799999952316284,2.8499999046325684,3893705
2024-03-19,AKSHAR,2.8499999046325684,2.950000047683716,2.700000047683716,2.700000047683716,4369382
2024-03-20,AKSHAR,2.700000047683716,2.75,2.650000095367432,2.700000047683716,7147478
2024-03-21,AKSHAR,2.75,2.75,2.5999999046325684,2.5999999046325684,4263641
2024-03-22,AKSHAR,2.5999999046325684,2.5999999046325684,2.5,2.549999952316284,3704527
2024-03-26,AKSHAR,2.549999952316284,2.549999952316284,2.450000047683716,2.450000047683716,3097593
2024-03-27,AKSHAR,2.3499999046325684,2.450000047683716,2.3499999046325684,2.3499999046325684,2422658
2024-03-28,AKSHAR,2.299999952316284,2.3499999046325684,2.25,2.25,1994421
2024-03-01,AKSHARCHEM,317.0,360.0,317.0,342.1000061035156,248329
2024-03-04,AKSHARCHEM,353.79998779296875,353.79998779296875,325.3500061035156,329.8999938964844,66974
2024-03-05,AKSHARCHEM,329.8999938964844,344.45001220703125,325.04998779296875,328.29998779296875,44150
2024-03-06,AKSHARCHEM,328.0,333.0,312.20001220703125,314.75,24397
2024-03-07,AKSHARCHEM,302.6499938964844,329.29998779296875,302.6499938964844,312.5,11416
2024-03-11,AKSHARCHEM,306.5,318.0,296.8999938964844,305.25,7060
2024-03-12,AKSHARCHEM,306.0,311.79998779296875,290.0,290.0,10703
2024-03-13,AKSHARCHEM,290.0,290.0,275.5,275.5,10164
2024-03-14,AKSHARCHEM,261.75,289.25,261.75,280.3999938964844,9793
2024-03-15,AKSHARCHEM,285.0,289.1000061035156,267.0,278.1499938964844,10270
2024-03-18,AKSHARCHEM,278.1499938964844,280.0,265.5,270.04998779296875,11221
2024-03-19,AKSHARCHEM,270.0,276.0,267.0,274.45001220703125,7278
2024-03-20,AKSHARCHEM,288.0,288.0,270.0,275.70001220703125,6494
2024-03-21,AKSHARCHEM,289.0,289.0,271.5,280.20001220703125,6156
2024-03-22,AKSHARCHEM,286.8999938964844,293.0,266.5,268.70001220703125,23472
2024-03-26,AKSHARCHEM,255.3000030517578,273.8999938964844,255.3000030517578,260.20001220703125,14222
2024-03-27,AKSHARCHEM,264.70001220703125,264.70001220703125,252.0,254.3999938964844,11247
2024-03-28,AKSHARCHEM,254.0,261.0,251.0,253.3000030517578,11948
2024-03-01,AKSHOPTFBR,10.600000381469728,11.050000190734863,10.600000381469728,11.0,247865
2024-03-04,AKSHOPTFBR,11.0,11.0,10.649999618530272,10.75,150559
2024-03-05,AKSHOPTFBR,10.75,10.949999809265137,10.350000381469728,10.5,314907
2024-03-06,AKSHOPTFBR,10.600000381469728,10.850000381469728,10.0,10.050000190734863,705182
2024-03-07,AKSHOPTFBR,9.899999618530272,10.25,9.850000381469728,10.0,287326
2024-03-11,AKSHOPTFBR,10.300000190734863,10.300000190734863,9.5,9.600000381469728,498524
2024-03-12,AKSHOPTFBR,9.649999618530272,9.800000190734863,9.149999618530272,9.149999618530272,422050
2024-03-13,AKSHOPTFBR,9.0,9.25,8.699999809265137,8.699999809265137,747770
2024-03-14,AKSHOPTFBR,8.649999618530273,9.100000381469728,8.399999618530273,9.100000381469728,524575
2024-03-15,AKSHOPTFBR,9.300000190734863,9.300000190734863,8.699999809265137,9.050000190734863,335022
2024-03-18,AKSHOPTFBR,9.050000190734863,9.25,8.850000381469727,8.949999809265137,212163
2024-03-19,AKSHOPTFBR,8.75,9.0,8.75,8.949999809265137,253814
2024-03-20,AKSHOPTFBR,8.949999809265137,9.050000190734863,8.649999618530273,8.699999809265137,334676
2024-03-21,AKSHOPTFBR,8.949999809265137,8.949999809265137,8.600000381469727,8.800000190734863,366452
2024-03-22,AKSHOPTFBR,8.899999618530273,8.899999618530273,8.550000190734863,8.649999618530273,1157414
2024-03-26,AKSHOPTFBR,8.649999618530273,8.649999618530273,8.25,8.300000190734863,1346792
2024-03-27,AKSHOPTFBR,8.199999809265137,8.5,8.050000190734863,8.149999618530273,935219
2024-03-28,AKSHOPTFBR,8.100000381469727,8.5,7.900000095367432,8.050000190734863,1183721
2024-03-01,ALANKIT,18.850000381469727,19.39999961853028,18.5,18.75,253392
2024-03-04,ALANKIT,19.39999961853028,20.350000381469727,18.700000762939453,19.049999237060547,1029641
2024-03-05,ALANKIT,19.25,19.950000762939453,18.799999237060547,18.950000762939453,227143
2024-03-06,ALANKIT,18.950000762939453,19.450000762939453,18.0,18.5,518280
2024-03-07,ALANKIT,18.39999961853028,19.39999961853028,18.0,19.350000381469727,512146
2024-03-11,ALANKIT,19.39999961853028,19.39999961853028,18.39999961853028,18.450000762939453,497740
2024-03-12,ALANKIT,18.0,18.39999961853028,17.549999237060547,17.549999237060547,356697
2024-03-13,ALANKIT,17.100000381469727,17.5,16.700000762939453,16.700000762939453,181434
2024-03-14,ALANKIT,15.899999618530272,17.299999237060547,15.899999618530272,17.100000381469727,501713
2024-03-15,ALANKIT,16.899999618530273,17.149999618530273,16.25,16.700000762939453,342056
2024-03-18,ALANKIT,16.649999618530273,16.649999618530273,16.049999237060547,16.350000381469727,179348
2024-03-19,ALANKIT,16.399999618530273,16.5,15.550000190734863,15.800000190734863,251777
2024-03-20,ALANKIT,15.850000381469728,16.299999237060547,15.199999809265137,15.350000381469728,269184
2024-03-21,ALANKIT,15.699999809265137,16.100000381469727,15.5,16.100000381469727,196650
2024-03-22,ALANKIT,16.850000381469727,16.850000381469727,16.0,16.450000762939453,401556
2024-03-26,ALANKIT,16.700000762939453,16.75,16.100000381469727,16.149999618530273,272000
2024-03-27,ALANKIT,16.149999618530273,16.950000762939453,16.100000381469727,16.950000762939453,469795
2024-03-28,ALANKIT,17.75,17.75,17.299999237060547,17.75,319490
2024-03-01,ALBERTDAVD,1329.5999755859375,1329.5999755859375,1275.4000244140625,1279.8499755859375,5818
2024-03-04,ALBERTDAVD,1298.1500244140625,1299.0,1261.0,1269.3499755859375,6653
2024-03-05,ALBERTDAVD,1280.949951171875,1287.449951171875,1233.25,1237.800048828125,5941
2024-03-06,ALBERTDAVD,1233.25,1239.25,1190.5999755859375,1199.3499755859375,9146
2024-03-07,ALBERTDAVD,1186.9000244140625,1224.949951171875,1182.1500244140625,1188.25,12101
2024-03-11,ALBERTDAVD,1177.800048828125,1190.050048828125,1102.3499755859375,1111.449951171875,13345
2024-03-12,ALBERTDAVD,1100.0,1175.0,1099.5,1116.9000244140625,22945
2024-03-13,ALBERTDAVD,1122.050048828125,1146.949951171875,1031.0,1048.0999755859375,24619
2024-03-14,ALBERTDAVD,1067.800048828125,1108.75,1011.0,1099.699951171875,23851
2024-03-15,ALBERTDAVD,1130.0,1130.0,1024.0,1092.449951171875,21554
2024-03-18,ALBERTDAVD,1092.449951171875,1137.8499755859375,1086.050048828125,1104.3499755859375,7932
2024-03-19,ALBERTDAVD,1105.050048828125,1120.0,1036.0,1057.0999755859375,12718
2024-03-20,ALBERTDAVD,1046.25,1077.0,1010.0,1017.3499755859376,15617
2024-03-21,ALBERTDAVD,1039.9000244140625,1075.0,1034.0999755859375,1066.300048828125,8937
2024-03-22,ALBERTDAVD,1080.6500244140625,1115.0,1065.0,1098.050048828125,7025
2024-03-26,ALBERTDAVD,1115.0,1115.0,1065.0,1067.3499755859375,12848
2024-03-27,ALBERTDAVD,1085.199951171875,1098.0999755859375,1059.050048828125,1066.3499755859375,36513
2024-03-28,ALBERTDAVD,1088.0,1096.1500244140625,1046.1500244140625,1077.449951171875,8142
2024-03-01,ALEMBICLTD,100.0,101.0500030517578,98.5,99.0999984741211,579262
2024-03-04,ALEMBICLTD,101.8000030517578,101.9499969482422,99.1500015258789,99.6500015258789,435456
2024-03-05,ALEMBICLTD,99.75,99.75,97.4499969482422,97.75,705167
2024-03-06,ALEMBICLTD,97.5999984741211,97.5999984741211,93.1500015258789,94.4499969482422,768733
2024-03-07,ALEMBICLTD,94.5,95.6999969482422,94.4499969482422,94.9499969482422,392474
2024-03-11,ALEMBICLTD,95.3499984741211,95.4000015258789,90.75,91.3499984741211,621916
2024-03-12,ALEMBICLTD,91.6999969482422,92.3000030517578,87.0,87.5999984741211,980819
2024-03-13,ALEMBICLTD,88.19999694824219,88.80000305175781,78.19999694824219,79.5999984741211,1519198
2024-03-14,ALEMBICLTD,78.9000015258789,84.3499984741211,78.0999984741211,83.69999694824219,1102504
2024-03-15,ALEMBICLTD,83.8499984741211,85.5,80.69999694824219,82.3499984741211,930179
2024-03-18,ALEMBICLTD,82.3499984741211,83.1500015258789,79.8499984741211,81.25,822927
2024-03-19,ALEMBICLTD,81.0,81.80000305175781,79.9000015258789,80.3499984741211,501331
2024-03-20,ALEMBICLTD,80.5999984741211,81.69999694824219,78.8499984741211,80.8499984741211,475763
2024-03-21,ALEMBICLTD,81.5,82.80000305175781,80.8499984741211,81.44999694824219,789772
2024-03-22,ALEMBICLTD,81.6500015258789,83.5,81.5999984741211,82.55000305175781,763987
2024-03-26,ALEMBICLTD,82.4000015258789,82.5,80.5,80.8499984741211,621154
2024-03-27,ALEMBICLTD,81.0,82.25,80.0,80.3499984741211,970911
2024-03-28,ALEMBICLTD,80.94999694824219,84.4000015258789,80.9000015258789,83.44999694824219,1158434
2024-03-01,ALICON,921.0,929.0,915.0,919.0999755859376,5715
2024-03-04,ALICON,915.9500122070312,941.0,915.0499877929688,934.5,33645
2024-03-05,ALICON,926.0,939.9500122070312,918.2000122070312,921.4500122070312,6983
2024-03-06,ALICON,920.0499877929688,921.6500244140624,888.25,903.7999877929688,12836
2024-03-07,ALICON,900.0999755859375,930.0999755859376,898.0999755859375,917.0,6665
2024-03-11,ALICON,928.0,928.0,890.5,896.8499755859375,5683
2024-03-12,ALICON,883.4000244140625,897.0499877929688,845.0,851.3499755859375,14670
2024-03-13,ALICON,857.0,865.75,780.0999755859375,800.3499755859375,26963
2024-03-14,ALICON,791.0,829.9500122070312,775.5499877929688,813.0999755859375,33135
2024-03-15,ALICON,810.5999755859375,824.9000244140625,795.0,816.2000122070312,16557
2024-03-18,ALICON,812.0,822.3499755859375,801.0,811.8499755859375,7463
2024-03-19,ALICON,811.7999877929688,820.9500122070312,801.0,803.7000122070312,6265
2024-03-20,ALICON,806.8499755859375,823.9500122070312,804.0999755859375,806.3499755859375,3755
2024-03-21,ALICON,808.9000244140625,837.1500244140625,808.9000244140625,832.2999877929688,6176
2024-03-22,ALICON,832.0,842.0,818.0499877929688,822.5499877929688,10106
2024-03-26,ALICON,830.0,830.0,806.0499877929688,810.75,16993
2024-03-27,ALICON,813.0,819.7000122070312,807.0,809.1500244140625,16284
2024-03-28,ALICON,829.1500244140625,836.0,813.75,823.8499755859375,16451
2024-03-01,ALIVUS,862.0,870.3499755859375,852.0499877929688,859.5999755859375,205182
2024-03-04,ALIVUS,846.0,849.5,795.3499755859375,807.3499755859375,198153
2024-03-05,ALIVUS,800.0,807.3499755859375,747.4500122070312,770.0999755859375,477153
2024-03-06,ALIVUS,763.0999755859375,774.0,725.0,736.3499755859375,441422
2024-03-07,ALIVUS,734.0,770.2000122070312,733.6500244140625,765.4500122070312,236965
2024-03-11,ALIVUS,765.0499877929688,765.4500122070312,724.9500122070312,732.4500122070312,161581
2024-03-12,ALIVUS,732.0499877929688,737.4000244140625,712.7000122070312,723.0,110703
2024-03-13,ALIVUS,748.0,752.0,676.5,688.2999877929688,233898
2024-03-14,ALIVUS,688.25,746.4000244140625,680.0499877929688,722.25,150297
2024-03-15,ALIVUS,732.0,752.0,715.5999755859375,739.3499755859375,228587
2024-03-18,ALIVUS,730.0499877929688,768.5499877929688,724.4500122070312,759.7000122070312,153175
2024-03-19,ALIVUS,767.3499755859375,771.0,719.75,728.5499877929688,66578
2024-03-20,ALIVUS,735.0,754.75,728.5499877929688,741.1500244140625,90432
2024-03-21,ALIVUS,740.7999877929688,755.6500244140625,733.7000122070312,750.25,81356
2024-03-22,ALIVUS,750.0,756.25,742.0,753.7000122070312,51520
2024-03-26,ALIVUS,754.0,766.8499755859375,741.8499755859375,759.75,109821
2024-03-27,ALIVUS,762.0,783.4000244140625,753.5499877929688,770.5499877929688,106973
2024-03-28,ALIVUS,774.4000244140625,785.0999755859375,761.2999877929688,776.6500244140625,90249
2024-03-01,ALKALI,116.6500015258789,118.5,116.1500015258789,117.3499984741211,7141
2024-03-04,ALKALI,121.5999984741211,121.8499984741211,116.0,116.4499969482422,15096
2024-03-05,ALKALI,118.0,118.3499984741211,115.0999984741211,116.5500030517578,11640
2024-03-06,ALKALI,119.8000030517578,119.8000030517578,112.5999984741211,114.0500030517578,19578
2024-03-07,ALKALI,114.8499984741211,115.4499969482422,113.0,114.3499984741211,15795
2024-03-11,ALKALI,117.9000015258789,117.9000015258789,110.0500030517578,110.5500030517578,10518
2024-03-12,ALKALI,112.0,114.0,105.0500030517578,105.0500030517578,27050
2024-03-13,ALKALI,105.1999969482422,106.5500030517578,99.8000030517578,99.8000030517578,24598
2024-03-14,ALKALI,98.1500015258789,104.75,95.5500030517578,102.0999984741211,42577
2024-03-15,ALKALI,105.9499969482422,105.9499969482422,97.3499984741211,99.5500030517578,20452
2024-03-18,ALKALI,99.5500030517578,104.5,99.5500030517578,104.5,16761
2024-03-19,ALKALI,107.4000015258789,107.6500015258789,104.1500015258789,106.0999984741211,12881
2024-03-20,ALKALI,107.1999969482422,107.5500030517578,102.5999984741211,105.0,12154
2024-03-21,ALKALI,105.0500030517578,110.0,104.1500015258789,108.6999969482422,17537
2024-03-22,ALKALI,108.8000030517578,113.1500015258789,106.0999984741211,108.0,37561
2024-03-26,ALKALI,108.0500030517578,108.1999969482422,103.0,105.25,21757
2024-03-27,ALKALI,109.0,109.9000015258789,101.8000030517578,107.9499969482422,41812
2024-03-28,ALKALI,107.5,108.9499969482422,102.8499984741211,103.3499984741211,26954
2024-03-01,ALKEM,5150.0,5168.9501953125,5103.0498046875,5112.89990234375,196260
2024-03-04,ALKEM,5156.5498046875,5169.5,5110.0,5124.89990234375,191376
2024-03-05,ALKEM,5139.60009765625,5139.64990234375,5043.60009765625,5100.35009765625,85058
2024-03-06,ALKEM,5100.10009765625,5221.7001953125,5087.2998046875,5212.4501953125,187217
2024-03-07,ALKEM,5222.0,5225.0,5136.9501953125,5144.2998046875,129528
2024-03-11,ALKEM,5188.0,5225.0,5138.35009765625,5157.25,151048
2024-03-12,ALKEM,5173.14990234375,5188.9501953125,5041.2998046875,5056.7998046875,70615
2024-03-13,ALKEM,5064.9501953125,5080.89990234375,4895.0498046875,4945.64990234375,240960
2024-03-14,ALKEM,4915.0,5017.0,4881.10009765625,4985.35009765625,70479
2024-03-15,ALKEM,4990.0,5095.64990234375,4857.0498046875,5045.2001953125,342923
2024-03-18,ALKEM,5050.0,5068.7998046875,4910.0,4975.64990234375,81473
2024-03-19,ALKEM,5000.0,5000.2998046875,4862.85009765625,4871.7998046875,145345
2024-03-20,ALKEM,4897.39990234375,4903.10009765625,4767.60009765625,4784.14990234375,183011
2024-03-21,ALKEM,4800.0,4835.0,4744.85009765625,4795.9501953125,275225
2024-03-22,ALKEM,4829.10009765625,4829.10009765625,4770.0498046875,4789.75,138264
2024-03-26,ALKEM,4650.0,5022.5,4650.0,5002.14990234375,199779
2024-03-27,ALKEM,5049.35009765625,5059.10009765625,4962.0498046875,5004.2001953125,89989
2024-03-28,ALKEM,4935.0,5009.9501953125,4820.0498046875,4942.0,427458
2024-03-01,ALKYLAMINE,2145.0,2171.0,2120.949951171875,2124.050048828125,42779
2024-03-04,ALKYLAMINE,2151.89990234375,2160.0,2121.85009765625,2124.300048828125,33154
2024-03-05,ALKYLAMINE,2122.0,2264.0,2120.85009765625,2227.5,296114
2024-03-06,ALKYLAMINE,2240.0,2257.949951171875,2150.75,2168.5,78536
2024-03-07,ALKYLAMINE,2151.050048828125,2187.85009765625,2135.0,2138.25,55133
2024-03-11,ALKYLAMINE,2138.199951171875,2152.75,2100.0,2103.60009765625,47744
2024-03-12,ALKYLAMINE,2110.10009765625,2131.949951171875,2038.0,2040.050048828125,70902
2024-03-13,ALKYLAMINE,2021.050048828125,2064.89990234375,1966.199951171875,1975.0999755859373,77925
2024-03-14,ALKYLAMINE,1975.0999755859373,2020.050048828125,1957.050048828125,1966.699951171875,65686
2024-03-15,ALKYLAMINE,1965.0,2013.449951171875,1965.0,1981.800048828125,38612
2024-03-18,ALKYLAMINE,1981.8499755859373,2011.0,1975.0,1981.199951171875,29882
2024-03-19,ALKYLAMINE,1980.0,1993.8499755859373,1960.0,1961.0,32543
2024-03-20,ALKYLAMINE,1974.9000244140625,1979.949951171875,1910.0,1913.5999755859373,47084
2024-03-21,ALKYLAMINE,1933.0,1950.0,1913.0,1918.8499755859373,48158
2024-03-22,ALKYLAMINE,1919.0,1983.550048828125,1919.0,1945.550048828125,89165
2024-03-26,ALKYLAMINE,1927.0,1945.0999755859373,1875.050048828125,1885.5999755859373,120002
2024-03-27,ALKYLAMINE,1889.3499755859373,1915.0,1825.0,1842.3499755859373,127579
2024-03-28,ALKYLAMINE,1842.3499755859373,1871.300048828125,1808.0,1813.949951171875,132096
2024-03-01,ALLCARGO,85.25,86.8499984741211,84.0,85.3499984741211,4224491
2024-03-04,ALLCARGO,88.0,91.8000030517578,85.9000015258789,87.8499984741211,10003561
2024-03-05,ALLCARGO,88.0,88.4000015258789,82.19999694824219,82.55000305175781,3738388
2024-03-06,ALLCARGO,83.9000015258789,84.5,80.55000305175781,81.69999694824219,4169214
2024-03-07,ALLCARGO,82.44999694824219,83.5999984741211,81.30000305175781,82.19999694824219,1695948
2024-03-11,ALLCARGO,82.30000305175781,82.80000305175781,76.94999694824219,77.4000015258789,2796482
2024-03-12,ALLCARGO,77.6500015258789,78.80000305175781,74.5999984741211,75.8499984741211,2821258
2024-03-13,ALLCARGO,76.0,76.0,68.5,69.0999984741211,4374060
2024-03-14,ALLCARGO,69.0999984741211,70.6500015258789,67.0,69.3499984741211,5048017
2024-03-15,ALLCARGO,69.8499984741211,71.69999694824219,66.8499984741211,67.5,3779347
2024-03-18,ALLCARGO,68.4000015258789,68.9000015258789,66.0999984741211,67.19999694824219,4681396
2024-03-19,ALLCARGO,67.19999694824219,67.55000305175781,64.80000305175781,65.19999694824219,2996577
2024-03-20,ALLCARGO,65.9000015258789,66.4000015258789,63.04999923706055,63.34999847412109,3085734
2024-03-21,ALLCARGO,64.5,65.5,63.650001525878906,64.1500015258789,3115554
2024-03-22,ALLCARGO,64.5999984741211,73.5,64.5999984741211,72.55000305175781,44644445
2024-03-26,ALLCARGO,71.8499984741211,71.8499984741211,69.5,69.69999694824219,6289593
2024-03-27,ALLCARGO,69.69999694824219,73.4000015258789,69.6500015258789,72.8499984741211,6956748
2024-03-28,ALLCARGO,73.0,75.9000015258789,70.80000305175781,71.5999984741211,6694888
2024-03-01,ALLDIGI,822.9500122070312,835.0,809.25,812.3499755859375,13679
2024-03-04,ALLDIGI,827.0,829.6500244140625,803.0,805.8499755859375,15773
2024-03-05,ALLDIGI,797.7999877929688,821.8499755859375,776.8499755859375,786.3499755859375,20117
2024-03-06,ALLDIGI,794.2000122070312,794.2000122070312,745.0,781.1500244140625,31019
2024-03-07,ALLDIGI,771.5999755859375,782.0999755859375,740.25,752.0,28008
2024-03-11,ALLDIGI,752.0,772.0,736.0999755859375,751.2000122070312,19897
2024-03-12,ALLDIGI,751.5499877929688,780.9000244140625,723.7999877929688,728.2999877929688,77385
2024-03-13,ALLDIGI,728.0499877929688,735.7999877929688,695.0499877929688,715.0999755859375,59814
2024-03-14,ALLDIGI,714.4500122070312,738.0,710.0,729.3499755859375,17867
2024-03-15,ALLDIGI,733.0,733.4500122070312,697.0,718.2999877929688,22445
2024-03-18,ALLDIGI,715.0,741.4500122070312,708.25,733.2999877929688,20086
2024-03-19,ALLDIGI,732.0,732.2999877929688,711.0,715.0999755859375,13611
2024-03-20,ALLDIGI,707.9500122070312,748.0,696.5,716.2000122070312,80606
2024-03-21,ALLDIGI,718.0999755859375,751.8499755859375,718.0499877929688,743.7999877929688,36386
2024-03-22,ALLDIGI,752.0,759.5,729.7999877929688,742.9000244140625,12028
2024-03-26,ALLDIGI,750.0,753.0,717.0999755859375,726.25,17534
2024-03-27,ALLDIGI,733.9000244140625,737.0,714.9500122070312,728.6500244140625,20848
2024-03-28,ALLDIGI,734.3499755859375,745.2999877929688,721.0,730.5999755859375,13933
2024-03-01,ALMONDZ,19.0,19.075000762939453,18.308332443237305,18.941665649414062,311634
2024-03-04,ALMONDZ,18.25,18.83333206176757,18.25,18.49166679382324,66294
2024-03-05,ALMONDZ,17.833332061767578,18.66666603088379,17.833332061767578,18.36666679382324,56790
2024-03-06,ALMONDZ,18.74166679382324,18.74166679382324,17.5,17.700000762939453,131592
2024-03-07,ALMONDZ,17.716665267944336,17.833332061767578,16.816665649414062,17.183332443237305,595530
2024-03-11,ALMONDZ,17.649999618530273,18.04166603088379,17.583332061767578,18.04166603088379,2462298
2024-03-12,ALMONDZ,18.941665649414062,18.941665649414062,17.333332061767578,17.66666603088379,1240866
2024-03-13,ALMONDZ,17.66666603088379,18.0,16.78333282470703,16.78333282470703,432228
2024-03-14,ALMONDZ,16.333332061767578,17.28333282470703,15.949999809265137,17.200000762939453,304632
2024-03-15,ALMONDZ,16.850000381469727,17.5,16.424999237060547,17.341665267944336,168522
2024-03-18,ALMONDZ,17.0,17.950000762939453,16.833332061767578,17.483333587646484,341598
2024-03-19,ALMONDZ,17.700000762939453,17.700000762939453,16.991666793823242,17.03333282470703,240444
2024-03-20,ALMONDZ,16.29166603088379,17.883333206176758,16.29166603088379,17.808332443237305,106032
2024-03-21,ALMONDZ,18.475000381469727,18.63333320617676,17.333332061767578,18.200000762939453,512520
2024-03-22,ALMONDZ,18.33333206176757,19.108333587646484,18.33333206176757,18.808332443237305,1168572
2024-03-26,ALMONDZ,18.808332443237305,18.808332443237305,17.866666793823242,17.866666793823242,172680
2024-03-27,ALMONDZ,17.649999618530273,18.75833320617676,16.975000381469727,17.616666793823242,1322910
2024-03-28,ALMONDZ,17.616666793823242,17.950000762939453,17.024999618530273,17.358333587646484,515298
2024-03-01,ALOKINDS,29.39999961853028,29.549999237060547,28.600000381469727,28.64999961853028,2518374
2024-03-04,ALOKINDS,29.0,29.0,28.049999237060547,28.100000381469727,2269527
2024-03-05,ALOKINDS,28.299999237060547,28.350000381469727,27.600000381469727,27.700000762939453,2237705
2024-03-06,ALOKINDS,29.049999237060547,29.049999237060547,29.049999237060547,29.049999237060547,3495385
2024-03-07,ALOKINDS,30.5,30.5,29.89999961853028,30.5,8862660
2024-03-11,ALOKINDS,32.0,32.0,29.64999961853028,29.89999961853028,7925918
2024-03-12,ALOKINDS,30.0,30.5,28.39999961853028,28.549999237060547,3750144
2024-03-13,ALOKINDS,28.5,28.549999237060547,27.14999961853028,27.14999961853028,3264820
2024-03-14,ALOKINDS,26.049999237060547,28.350000381469727,25.799999237060547,28.14999961853028,5960900
2024-03-15,ALOKINDS,28.049999237060547,28.100000381469727,26.89999961853028,27.39999961853028,3232195
2024-03-18,ALOKINDS,27.39999961853028,28.75,27.39999961853028,27.700000762939453,2390209
2024-03-19,ALOKINDS,27.700000762939453,28.0,27.0,27.14999961853028,2890492
2024-03-20,ALOKINDS,27.39999961853028,27.600000381469727,25.799999237060547,26.600000381469727,3168975
2024-03-21,ALOKINDS,27.0,27.299999237060547,26.850000381469727,27.049999237060547,2289731
2024-03-22,ALOKINDS,27.0,27.950000762939453,27.0,27.350000381469727,2420236
2024-03-26,ALOKINDS,27.5,27.700000762939453,26.600000381469727,26.64999961853028,4569939
2024-03-27,ALOKINDS,26.700000762939453,27.200000762939453,26.0,26.100000381469727,4946768
2024-03-28,ALOKINDS,26.299999237060547,26.39999961853028,25.799999237060547,25.850000381469727,5506293
2024-03-01,ALPA,98.4000015258789,102.75,98.1500015258789,101.4499969482422,80174
2024-03-04,ALPA,103.9499969482422,104.4000015258789,101.0,101.5999984741211,134342
2024-03-05,ALPA,101.0500030517578,102.5,99.5,100.0500030517578,48342
2024-03-06,ALPA,99.0999984741211,101.4000015258789,95.1500015258789,97.1500015258789,81181
2024-03-07,ALPA,98.0,99.6500015258789,97.5999984741211,99.25,28746
2024-03-11,ALPA,101.0,101.0,90.4499969482422,91.4000015258789,132642
2024-03-12,ALPA,91.5,94.6999969482422,87.1500015258789,88.69999694824219,150555
2024-03-13,ALPA,90.9499969482422,92.0,82.0,82.94999694824219,108966
2024-03-14,ALPA,81.0,87.3499984741211,81.0,86.5999984741211,94256
2024-03-15,ALPA,87.4000015258789,87.94999694824219,84.25,86.3499984741211,38638
2024-03-18,ALPA,87.0,89.0,85.8499984741211,87.44999694824219,47506
2024-03-19,ALPA,87.44999694824219,88.44999694824219,86.30000305175781,87.1500015258789,41385
2024-03-20,ALPA,86.05000305175781,87.75,85.0,85.5,36318
2024-03-21,ALPA,86.30000305175781,88.0,86.30000305175781,86.80000305175781,27856
2024-03-22,ALPA,87.3499984741211,89.6500015258789,86.0,87.8499984741211,49986
2024-03-26,ALPA,87.0999984741211,88.6500015258789,85.05000305175781,85.5,76478
2024-03-27,ALPA,85.1500015258789,88.8499984741211,83.4000015258789,84.1500015258789,63450
2024-03-28,ALPA,85.05000305175781,86.44999694824219,82.94999694824219,83.25,59505
2024-03-01,ALPHAGEO,385.0499877929688,394.0,373.5499877929688,378.0,24025
2024-03-04,ALPHAGEO,388.0,389.0499877929688,378.6000061035156,382.0499877929688,9946
2024-03-05,ALPHAGEO,375.0499877929688,389.0,373.0,379.6499938964844,13104
2024-03-06,ALPHAGEO,374.0,379.0,345.04998779296875,351.29998779296875,53338
2024-03-07,ALPHAGEO,354.95001220703125,368.0,352.6000061035156,364.9500122070313,16244
2024-03-11,ALPHAGEO,365.9500122070313,366.5499877929688,344.3999938964844,346.29998779296875,16669
2024-03-12,ALPHAGEO,346.5,348.95001220703125,322.0,326.70001220703125,31475
2024-03-13,ALPHAGEO,331.95001220703125,339.04998779296875,293.5,297.8500061035156,46515
2024-03-14,ALPHAGEO,300.0,333.3500061035156,294.79998779296875,327.1499938964844,48530
2024-03-15,ALPHAGEO,321.0,336.5,318.5,331.8500061035156,12850
2024-03-18,ALPHAGEO,331.45001220703125,343.8999938964844,325.20001220703125,333.0,29467
2024-03-19,ALPHAGEO,343.0,350.1499938964844,320.25,326.3999938964844,13230
2024-03-20,ALPHAGEO,326.0,332.8500061035156,322.70001220703125,326.29998779296875,15970
2024-03-21,ALPHAGEO,328.0,342.0,328.0,339.95001220703125,11124
2024-03-22,ALPHAGEO,341.45001220703125,344.95001220703125,333.29998779296875,337.1499938964844,13809
2024-03-26,ALPHAGEO,337.1499938964844,340.70001220703125,327.0,327.8999938964844,15070
2024-03-27,ALPHAGEO,328.25,342.0,328.25,335.0,24659
2024-03-28,ALPHAGEO,336.95001220703125,338.8500061035156,322.3500061035156,328.29998779296875,17191
2024-03-01,AMBER,3700.0,3705.0,3560.0,3586.89990234375,204206
2024-03-04,AMBER,3664.949951171875,3778.0,3563.10009765625,3719.5,149786
2024-03-05,AMBER,3740.0,3785.0,3688.050048828125,3701.050048828125,96452
2024-03-06,AMBER,3720.0,3730.85009765625,3616.0,3655.800048828125,84768
2024-03-07,AMBER,3655.949951171875,3700.0,3623.5,3649.550048828125,42973
2024-03-11,AMBER,3649.550048828125,3735.89990234375,3586.0,3625.550048828125,229813
2024-03-12,AMBER,3625.0,3694.949951171875,3556.25,3628.14990234375,106036
2024-03-13,AMBER,3654.949951171875,3654.949951171875,3382.949951171875,3554.75,168859
2024-03-14,AMBER,3549.0,3606.14990234375,3462.449951171875,3494.5,94444
2024-03-15,AMBER,3479.949951171875,3546.800048828125,3301.0,3332.64990234375,148868
2024-03-18,AMBER,3420.0,3499.949951171875,3322.0,3347.85009765625,394496
2024-03-19,AMBER,3346.85009765625,3346.85009765625,3129.949951171875,3154.89990234375,328937
2024-03-20,AMBER,3178.0,3259.0,2992.5,3222.699951171875,826704
2024-03-21,AMBER,3270.0,3430.0,3235.64990234375,3406.35009765625,404763
2024-03-22,AMBER,3445.050048828125,3608.89990234375,3437.949951171875,3552.89990234375,894897
2024-03-26,AMBER,3560.0,3650.0,3460.300048828125,3622.800048828125,309319
2024-03-27,AMBER,3650.0,3686.949951171875,3581.0,3638.449951171875,236738
2024-03-28,AMBER,3621.0,3690.0,3601.050048828125,3657.699951171875,122986
2024-03-01,AMBICAAGAR,34.5,34.5,30.39999961853028,30.799999237060547,77634
2024-03-04,AMBICAAGAR,30.0,31.600000381469727,29.200000762939453,30.350000381469727,58188
2024-03-05,AMBICAAGAR,30.450000762939453,30.5,29.89999961853028,30.0,23009
2024-03-06,AMBICAAGAR,30.75,31.25,29.39999961853028,30.049999237060547,33322
2024-03-07,AMBICAAGAR,30.200000762939453,34.79999923706055,29.600000381469727,33.349998474121094,416496
2024-03-11,AMBICAAGAR,33.0,34.70000076293945,30.100000381469727,30.799999237060547,72358
2024-03-12,AMBICAAGAR,31.75,31.75,29.299999237060547,29.5,87998
2024-03-13,AMBICAAGAR,29.600000381469727,30.0,26.600000381469727,27.049999237060547,77472
2024-03-14,AMBICAAGAR,26.600000381469727,29.25,25.200000762939453,27.850000381469727,106533
2024-03-15,AMBICAAGAR,28.5,29.950000762939453,27.299999237060547,28.299999237060547,52512
2024-03-18,AMBICAAGAR,28.299999237060547,29.049999237060547,27.75,28.200000762939453,47827
2024-03-19,AMBICAAGAR,28.0,28.5,27.5,27.700000762939453,52963
2024-03-20,AMBICAAGAR,27.700000762939453,29.0,27.549999237060547,27.799999237060547,19092
2024-03-21,AMBICAAGAR,29.0,29.450000762939453,28.0,28.75,39076
2024-03-22,AMBICAAGAR,29.5,29.64999961853028,28.049999237060547,28.39999961853028,49848
2024-03-26,AMBICAAGAR,28.25,29.700000762939453,27.950000762939453,28.299999237060547,35528
2024-03-27,AMBICAAGAR,28.5,28.950000762939453,27.450000762939453,27.799999237060547,41720
2024-03-28,AMBICAAGAR,27.950000762939453,28.64999961853028,25.850000381469727,26.299999237060547,102917
2024-03-01,AMBIKCO,1662.6500244140625,1676.0,1645.0,1655.6500244140625,14259
2024-03-04,AMBIKCO,1660.3499755859375,1682.449951171875,1650.050048828125,1655.550048828125,7002
2024-03-05,AMBIKCO,1672.0999755859375,1678.4000244140625,1637.050048828125,1643.0,5227
2024-03-06,AMBIKCO,1654.949951171875,1654.949951171875,1548.050048828125,1572.199951171875,36322
2024-03-07,AMBIKCO,1587.9000244140625,1609.8499755859375,1554.050048828125,1561.550048828125,12509
2024-03-11,AMBIKCO,1560.050048828125,1576.050048828125,1535.0,1539.4000244140625,11760
2024-03-12,AMBIKCO,1545.0,1553.75,1487.699951171875,1507.199951171875,18709
2024-03-13,AMBIKCO,1505.0,1543.8499755859375,1432.199951171875,1449.449951171875,24771
2024-03-14,AMBIKCO,1449.949951171875,1496.0,1439.0999755859375,1475.449951171875,18644
2024-03-15,AMBIKCO,1495.449951171875,1540.0,1477.199951171875,1518.699951171875,16235
2024-03-18,AMBIKCO,1506.0,1541.75,1500.0,1525.6500244140625,12153
2024-03-19,AMBIKCO,1530.0,1530.0,1480.0999755859375,1506.449951171875,11634
2024-03-20,AMBIKCO,1521.5,1525.0,1481.0999755859375,1488.8499755859375,6062
2024-03-21,AMBIKCO,1499.75,1526.949951171875,1491.0999755859375,1503.550048828125,6651
2024-03-22,AMBIKCO,1502.5999755859375,1514.699951171875,1482.5999755859375,1492.449951171875,8191
2024-03-26,AMBIKCO,1498.8499755859375,1502.5999755859375,1460.25,1466.949951171875,16176
2024-03-27,AMBIKCO,1460.0,1480.0,1412.0,1419.449951171875,37784
2024-03-28,AMBIKCO,1436.0,1447.4000244140625,1385.6500244140625,1414.300048828125,28926
2024-03-01,AMBUJACEM,608.0999755859375,620.0,607.0,617.5999755859375,4011709
2024-03-04,AMBUJACEM,621.25,621.75,612.5499877929688,617.1500244140625,1878206
2024-03-05,AMBUJACEM,625.0,625.0,610.7999877929688,613.0999755859375,2430074
2024-03-06,AMBUJACEM,612.9500122070312,613.6500244140625,595.5,598.2999877929688,4127035
2024-03-07,AMBUJACEM,598.2999877929688,606.5999755859375,596.5,603.1500244140625,2393414
2024-03-11,AMBUJACEM,604.9000244140625,612.4000244140625,600.2000122070312,602.0499877929688,2547145
2024-03-12,AMBUJACEM,605.0,605.9000244140625,584.0499877929688,587.5499877929688,2900178
2024-03-13,AMBUJACEM,589.3499755859375,590.3499755859375,550.7999877929688,559.25,5946259
2024-03-14,AMBUJACEM,555.5,584.7000122070312,551.7000122070312,582.4500122070312,3200499
2024-03-15,AMBUJACEM,583.7999877929688,603.8499755859375,575.8499755859375,600.75,3693325
2024-03-18,AMBUJACEM,595.0,595.0,582.2000122070312,584.6500244140625,6348109
2024-03-19,AMBUJACEM,582.0,588.5999755859375,572.5499877929688,580.2999877929688,2021483
2024-03-20,AMBUJACEM,581.3499755859375,587.5,566.5999755859375,576.3499755859375,1678012
2024-03-21,AMBUJACEM,580.0,590.9000244140625,580.0,587.2000122070312,1977799
2024-03-22,AMBUJACEM,588.0,594.7000122070312,581.5499877929688,589.3499755859375,1818091
2024-03-26,AMBUJACEM,589.3499755859375,600.4000244140625,586.5,595.0499877929688,2175165
2024-03-27,AMBUJACEM,598.0,610.0,596.9500122070312,601.5,5070366
2024-03-28,AMBUJACEM,607.5,617.0,602.25,612.3499755859375,3861492
2024-03-01,AMDIND,61.75,61.900001525878906,57.54999923706055,60.5,21414
2024-03-04,AMDIND,61.0,62.900001525878906,60.0,60.70000076293945,15320
2024-03-05,AMDIND,60.95000076293945,62.400001525878906,59.0,59.5,23142
2024-03-06,AMDIND,60.0,60.79999923706055,57.04999923706055,58.70000076293945,7931
2024-03-07,AMDIND,58.95000076293945,61.34999847412109,58.150001525878906,59.75,5429
2024-03-11,AMDIND,61.34999847412109,61.34999847412109,57.09999847412109,57.59999847412109,14059
2024-03-12,AMDIND,58.59999847412109,60.0,55.0,55.5,11920
2024-03-13,AMDIND,55.5,57.75,52.75,52.75,15569
2024-03-14,AMDIND,54.0,54.84999847412109,51.20000076293945,53.150001525878906,25913
2024-03-15,AMDIND,54.25,54.84999847412109,53.20000076293945,53.95000076293945,13958
2024-03-18,AMDIND,56.59999847412109,56.59999847412109,54.04999923706055,56.59999847412109,11793
2024-03-19,AMDIND,59.400001525878906,59.400001525878906,58.0,59.400001525878906,18567
2024-03-20,AMDIND,62.34999847412109,62.34999847412109,57.900001525878906,58.0,46000
2024-03-21,AMDIND,58.0,59.70000076293945,56.59999847412109,58.75,10249
2024-03-22,AMDIND,60.25,61.5,59.0,61.400001525878906,32411
2024-03-26,AMDIND,61.45000076293945,64.5,58.400001525878906,60.29999923706055,56808
2024-03-27,AMDIND,60.29999923706055,62.0,59.04999923706055,60.400001525878906,118153
2024-03-28,AMDIND,60.84999847412109,61.20000076293945,57.20000076293945,58.70000076293945,19234
2024-03-01,AMJLAND,37.84999847412109,39.25,37.59999847412109,37.79999923706055,33282
2024-03-04,AMJLAND,38.0,42.900001525878906,38.0,41.20000076293945,616820
2024-03-05,AMJLAND,41.150001525878906,42.0,39.5,40.95000076293945,222538
2024-03-06,AMJLAND,40.70000076293945,41.400001525878906,37.34999847412109,38.25,275216
2024-03-07,AMJLAND,38.95000076293945,39.900001525878906,37.900001525878906,38.54999923706055,101881
2024-03-11,AMJLAND,38.70000076293945,39.5,37.09999847412109,37.650001525878906,147645
2024-03-12,AMJLAND,38.20000076293945,38.20000076293945,36.0,36.20000076293945,114606
2024-03-13,AMJLAND,36.75,36.900001525878906,32.20000076293945,32.599998474121094,206273
2024-03-14,AMJLAND,32.5,35.25,31.100000381469727,33.900001525878906,163687
2024-03-15,AMJLAND,34.0,34.0,32.0,32.45000076293945,91441
2024-03-18,AMJLAND,32.95000076293945,33.70000076293945,32.0,33.25,154353
2024-03-19,AMJLAND,33.0,35.45000076293945,32.79999923706055,33.650001525878906,113350
2024-03-20,AMJLAND,33.650001525878906,33.650001525878906,31.450000762939453,32.20000076293945,111116
2024-03-21,AMJLAND,33.150001525878906,34.20000076293945,32.95000076293945,33.75,55013
2024-03-22,AMJLAND,33.75,34.75,33.29999923706055,34.25,30421
2024-03-26,AMJLAND,33.95000076293945,35.20000076293945,33.0,33.45000076293945,58753
2024-03-27,AMJLAND,33.54999923706055,35.25,33.25,34.099998474121094,89911
2024-03-28,AMJLAND,33.349998474121094,36.0,33.349998474121094,33.849998474121094,148935
2024-03-01,AMNPLST,183.0500030517578,185.3000030517578,175.3000030517578,177.1999969482422,10134
2024-03-04,AMNPLST,174.39999389648438,183.6999969482422,174.1999969482422,180.5,6387
2024-03-05,AMNPLST,184.5,184.5,178.10000610351562,180.0500030517578,6455
2024-03-06,AMNPLST,180.0,180.0,169.0,170.64999389648438,16931
2024-03-07,AMNPLST,177.0,177.0,171.35000610351562,172.5500030517578,5178
2024-03-11,AMNPLST,182.0,182.0,169.14999389648438,170.85000610351562,7938
2024-03-12,AMNPLST,175.0,175.0,155.75,160.5500030517578,22307
2024-03-13,AMNPLST,163.64999389648438,163.64999389648438,150.5500030517578,152.0500030517578,15928
2024-03-14,AMNPLST,150.60000610351562,163.35000610351562,150.60000610351562,154.6999969482422,17838
2024-03-15,AMNPLST,155.9499969482422,163.35000610351562,155.0,160.85000610351562,8709
2024-03-18,AMNPLST,161.0,167.35000610351562,157.0500030517578,162.1999969482422,7898
2024-03-19,AMNPLST,163.8000030517578,163.89999389648438,153.0,154.89999389648438,10030
2024-03-20,AMNPLST,158.4499969482422,159.5,155.25,157.14999389648438,11062
2024-03-21,AMNPLST,159.89999389648438,164.10000610351562,158.75,162.60000610351562,15928
2024-03-22,AMNPLST,165.85000610351562,166.39999389648438,161.60000610351562,163.64999389648438,16336
2024-03-26,AMNPLST,166.64999389648438,166.64999389648438,157.85000610351562,161.3000030517578,9310
2024-03-27,AMNPLST,165.5500030517578,165.9499969482422,153.0,157.1999969482422,4122
2024-03-28,AMNPLST,157.0,167.85000610351562,155.14999389648438,165.39999389648438,20155
2024-03-01,AMRUTANJAN,640.0,668.9500122070312,640.0,666.0,73225
2024-03-04,AMRUTANJAN,669.25,675.0,659.0499877929688,667.2000122070312,64671
2024-03-05,AMRUTANJAN,661.2000122070312,689.0,661.2000122070312,678.7999877929688,81664
2024-03-06,AMRUTANJAN,682.1500244140625,683.0,655.0499877929688,661.25,55224
2024-03-07,AMRUTANJAN,667.2000122070312,671.8499755859375,660.0,665.5,50073
2024-03-11,AMRUTANJAN,663.25,667.6500244140625,611.9500122070312,635.9500122070312,121416
2024-03-12,AMRUTANJAN,630.25,641.6500244140625,616.4500122070312,624.5999755859375,57525
2024-03-13,AMRUTANJAN,620.0,635.0,596.0,603.6500244140625,72437
2024-03-14,AMRUTANJAN,604.9500122070312,615.2999877929688,599.5999755859375,601.75,57349
2024-03-15,AMRUTANJAN,602.0,608.9000244140625,597.75,600.4500122070312,22302
2024-03-18,AMRUTANJAN,608.0,608.0,600.0499877929688,602.0499877929688,17491
2024-03-19,AMRUTANJAN,602.0499877929688,624.0,597.2000122070312,617.7000122070312,46242
2024-03-20,AMRUTANJAN,615.8499755859375,616.9000244140625,608.2000122070312,612.2999877929688,29008
2024-03-21,AMRUTANJAN,614.1500244140625,617.0999755859375,603.0499877929688,606.9000244140625,17597
2024-03-22,AMRUTANJAN,602.2999877929688,609.0,601.0,604.5499877929688,22868
2024-03-26,AMRUTANJAN,600.0,616.0499877929688,600.0,611.0999755859375,52247
2024-03-27,AMRUTANJAN,614.2000122070312,626.0,608.0,616.5,57160
2024-03-28,AMRUTANJAN,614.5999755859375,628.0,608.5999755859375,620.4500122070312,57440
2024-03-01,ANANDRATHI,924.75,932.75,920.5,927.4749755859376,173576
2024-03-04,ANANDRATHI,986.2249755859376,1012.5,965.0,987.6624755859376,246248
2024-03-05,ANANDRATHI,981.3875122070312,991.2374877929688,953.9000244140624,988.2000122070312,475544
2024-03-06,ANANDRATHI,992.6749877929688,995.75,956.25,967.0125122070312,216468
2024-03-07,ANANDRATHI,973.9749755859376,1001.2374877929688,966.4000244140624,987.125,320712
2024-03-11,ANANDRATHI,996.0499877929688,996.0499877929688,957.1500244140624,980.7374877929688,360932
2024-03-12,ANANDRATHI,980.7374877929688,1000.7625122070312,970.0250244140624,980.5374755859376,339492
2024-03-13,ANANDRATHI,971.125,977.5,912.5,955.7125244140624,682876
2024-03-14,ANANDRATHI,934.2125244140624,968.9749755859376,925.0,943.0250244140624,330616
2024-03-15,ANANDRATHI,927.25,939.75,872.5750122070312,894.0625,2854424
2024-03-18,ANANDRATHI,894.2750244140625,936.1749877929688,894.2750244140625,903.4749755859376,189624
2024-03-19,ANANDRATHI,903.4874877929688,921.2374877929688,899.25,910.8250122070312,539652
2024-03-20,ANANDRATHI,910.8250122070312,918.125,893.75,900.7125244140625,102144
2024-03-21,ANANDRATHI,904.25,927.9625244140624,889.6875,907.7625122070312,156104
2024-03-22,ANANDRATHI,915.0,917.3125,875.625,908.9000244140624,181952
2024-03-26,ANANDRATHI,916.2249755859376,916.4249877929688,890.5,895.7625122070312,77900
2024-03-27,ANANDRATHI,899.9874877929688,915.5,860.0,898.5,349856
2024-03-28,ANANDRATHI,907.75,930.0,902.5125122070312,923.5875244140624,141940
2024-03-01,ANANTRAJ,358.0,364.7999877929688,351.1499938964844,354.6499938964844,2996845
2024-03-04,ANANTRAJ,350.8999938964844,359.95001220703125,349.20001220703125,358.1499938964844,2086864
2024-03-05,ANANTRAJ,358.0,362.3500061035156,350.79998779296875,354.04998779296875,1020764
2024-03-06,ANANTRAJ,351.0,354.8999938964844,340.54998779296875,348.6000061035156,1034787
2024-03-07,ANANTRAJ,351.75,353.70001220703125,345.04998779296875,347.45001220703125,654618
2024-03-11,ANANTRAJ,348.25,348.70001220703125,335.0,336.45001220703125,1101781
2024-03-12,ANANTRAJ,335.0,335.6499938964844,317.1000061035156,318.95001220703125,2229559
2024-03-13,ANANTRAJ,318.95001220703125,321.3500061035156,282.0,286.54998779296875,3947236
2024-03-14,ANANTRAJ,281.0,306.45001220703125,281.0,297.5,2667054
2024-03-15,ANANTRAJ,300.0,305.45001220703125,288.79998779296875,298.79998779296875,1643094
2024-03-18,ANANTRAJ,298.3500061035156,302.5,291.0,296.1000061035156,1062243
2024-03-19,ANANTRAJ,297.0,300.95001220703125,287.25,289.04998779296875,723123
2024-03-20,ANANTRAJ,292.0,294.3999938964844,282.29998779296875,289.6000061035156,1297258
2024-03-21,ANANTRAJ,294.0,309.1000061035156,294.0,307.5,1165394
2024-03-22,ANANTRAJ,306.70001220703125,309.0,297.3500061035156,302.70001220703125,1354702
2024-03-26,ANANTRAJ,303.6000061035156,303.6000061035156,294.70001220703125,301.25,1218001
2024-03-27,ANANTRAJ,305.3999938964844,315.0,304.20001220703125,311.1499938964844,1450302
2024-03-28,ANANTRAJ,314.3999938964844,316.0,309.5,311.3500061035156,616973
2024-03-01,ANDHRAPAP,102.72000122070312,105.0,102.72000122070312,104.62000274658205,309605
2024-03-04,ANDHRAPAP,106.41999816894533,107.0500030517578,104.91000366210938,105.27999877929688,226990
2024-03-05,ANDHRAPAP,104.5999984741211,106.8000030517578,104.33999633789062,106.41999816894533,360330
2024-03-06,ANDHRAPAP,107.16999816894533,107.16999816894533,103.7300033569336,104.69000244140624,584385
2024-03-07,ANDHRAPAP,105.38999938964844,105.63999938964844,104.0,104.43000030517578,236860
2024-03-11,ANDHRAPAP,104.37999725341795,104.4000015258789,101.5999984741211,102.86000061035156,530190
2024-03-12,ANDHRAPAP,102.0,103.36000061035156,100.83000183105467,101.43000030517578,337565
2024-03-13,ANDHRAPAP,101.43000030517578,102.31999969482422,98.1999969482422,98.81999969482422,669755
2024-03-14,ANDHRAPAP,99.0,99.87999725341795,95.1999969482422,98.44000244140624,4268965
2024-03-15,ANDHRAPAP,98.44000244140624,101.0,97.44000244140624,100.18000030517578,501795
2024-03-18,ANDHRAPAP,100.62999725341795,101.7300033569336,98.70999908447266,100.95999908447266,373460
2024-03-19,ANDHRAPAP,100.95999908447266,100.95999908447266,99.0,99.5999984741211,282655
2024-03-20,ANDHRAPAP,99.8000030517578,100.54000091552734,98.37999725341795,99.25,268815
2024-03-21,ANDHRAPAP,100.0,101.12000274658205,100.0,100.58000183105467,263615
2024-03-22,ANDHRAPAP,100.8000030517578,100.83999633789062,98.4000015258789,99.33000183105467,275480
2024-03-26,ANDHRAPAP,99.1999969482422,99.33999633789062,97.0199966430664,97.4499969482422,665265
2024-03-27,ANDHRAPAP,97.9499969482422,98.4000015258789,96.6999969482422,97.05999755859376,1225230
2024-03-28,ANDHRAPAP,97.1999969482422,100.79000091552734,96.0,97.1500015258789,724795
2024-03-01,ANDHRSUGAR,109.5,111.5,109.5,110.1999969482422,135857
2024-03-04,ANDHRSUGAR,111.0500030517578,113.5,109.6500015258789,111.75,347040
2024-03-05,ANDHRSUGAR,111.8000030517578,112.8000030517578,108.1999969482422,109.0,271189
2024-03-06,ANDHRSUGAR,109.3499984741211,109.3499984741211,105.5500030517578,106.9000015258789,270312
2024-03-07,ANDHRSUGAR,107.0500030517578,109.9499969482422,106.5500030517578,106.9000015258789,138947
2024-03-11,ANDHRSUGAR,107.8499984741211,107.8499984741211,104.4000015258789,104.9000015258789,190415
2024-03-12,ANDHRSUGAR,104.25,105.0500030517578,101.5999984741211,102.3499984741211,208328
2024-03-13,ANDHRSUGAR,102.5,103.25,93.6500015258789,95.25,545133
2024-03-14,ANDHRSUGAR,96.0,99.9000015258789,94.1999969482422,98.8499984741211,207415
2024-03-15,ANDHRSUGAR,99.25,101.25,95.0,98.4499969482422,223520
2024-03-18,ANDHRSUGAR,100.0,100.4499969482422,97.75,98.0500030517578,167161
2024-03-19,ANDHRSUGAR,98.9000015258789,99.4000015258789,94.0,94.5,412054
2024-03-20,ANDHRSUGAR,94.5,95.3499984741211,93.1500015258789,93.5,187233
2024-03-21,ANDHRSUGAR,95.0500030517578,96.3000030517578,94.5999984741211,95.25,247011
2024-03-22,ANDHRSUGAR,95.1999969482422,96.9000015258789,95.0500030517578,96.0500030517578,209610
2024-03-26,ANDHRSUGAR,97.0999984741211,98.8499984741211,95.1999969482422,95.9499969482422,413440
2024-03-27,ANDHRSUGAR,96.6500015258789,97.5,93.5,94.1500015258789,443052
2024-03-28,ANDHRSUGAR,95.5500030517578,95.9000015258789,92.1500015258789,92.75,380056
2024-03-01,ANGELONE,281.69500732421875,289.20001220703125,279.4049987792969,281.3900146484375,4698860
2024-03-04,ANGELONE,292.5,295.5400085449219,280.0,287.8699951171875,10099840
2024-03-05,ANGELONE,290.0,291.5450134277344,285.2099914550781,288.25,1934970
2024-03-06,ANGELONE,287.5,287.7799987792969,275.0,276.0050048828125,3260180
2024-03-07,ANGELONE,278.42498779296875,282.3099975585937,272.510009765625,273.614990234375,2612600
2024-03-11,ANGELONE,273.9349975585937,275.0899963378906,262.5,267.44500732421875,4068090
2024-03-12,ANGELONE,268.44000244140625,268.54998779296875,250.1999969482422,252.6100006103516,5541360
2024-03-13,ANGELONE,253.8800048828125,256.07000732421875,233.5399932861328,243.5200042724609,8119400
2024-03-14,ANGELONE,244.58999633789065,268.5,242.2749938964844,265.0,8141040
2024-03-15,ANGELONE,269.29998779296875,270.3999938964844,251.1000061035156,262.4949951171875,4775310
2024-03-18,ANGELONE,262.4949951171875,267.5,252.5,253.6100006103516,2796450
2024-03-19,ANGELONE,253.0,255.7400054931641,245.6499938964844,247.4199981689453,1793910
2024-03-20,ANGELONE,248.7899932861328,267.79998779296875,248.60499572753903,259.1650085449219,6030670
2024-03-21,ANGELONE,264.9949951171875,266.8999938964844,260.1849975585937,261.5849914550781,2722250
2024-03-22,ANGELONE,262.0050048828125,271.9949951171875,261.5950012207031,266.06500244140625,4405710
2024-03-26,ANGELONE,273.5,276.0899963378906,267.4649963378906,272.2049865722656,5169910
2024-03-27,ANGELONE,273.0050048828125,299.8999938964844,265.3900146484375,297.30499267578125,12370510
2024-03-28,ANGELONE,304.0,311.5,297.510009765625,304.5,8726010
2024-03-01,ANIKINDS,48.0,48.0,47.5,48.0,6404
2024-03-04,ANIKINDS,48.95000076293945,48.95000076293945,48.45000076293945,48.95000076293945,5689
2024-03-05,ANIKINDS,48.0,49.84999847412109,48.0,48.0,331
2024-03-06,ANIKINDS,47.04999923706055,48.0,47.04999923706055,47.04999923706055,4975
2024-03-07,ANIKINDS,46.59999847412109,47.29999923706055,46.09999847412109,46.59999847412109,2111
2024-03-11,ANIKINDS,45.70000076293945,46.59999847412109,45.70000076293945,45.70000076293945,13081
2024-03-12,ANIKINDS,44.79999923706055,45.20000076293945,44.79999923706055,44.79999923706055,4522
2024-03-13,ANIKINDS,43.900001525878906,44.79999923706055,43.900001525878906,43.900001525878906,514
2024-03-14,ANIKINDS,43.04999923706055,43.25,43.04999923706055,43.04999923706055,2640
2024-03-15,ANIKINDS,43.84999847412109,43.900001525878906,42.20000076293945,43.84999847412109,7307
2024-03-18,ANIKINDS,45.900001525878906,45.900001525878906,43.0,44.0,18087
2024-03-19,ANIKINDS,42.04999923706055,45.900001525878906,42.04999923706055,43.650001525878906,39167
2024-03-20,ANIKINDS,43.0,45.650001525878906,43.0,44.59999847412109,45416
2024-03-21,ANIKINDS,44.650001525878906,46.650001525878906,42.5,45.79999923706055,48685
2024-03-22,ANIKINDS,45.0,46.25,43.54999923706055,43.79999923706055,20630
2024-03-26,ANIKINDS,43.70000076293945,45.75,42.5,43.900001525878906,18013
2024-03-27,ANIKINDS,43.900001525878906,43.900001525878906,41.79999923706055,42.04999923706055,45099
2024-03-28,ANIKINDS,42.04999923706055,43.900001525878906,42.0,42.45000076293945,18112
2024-03-01,ANKITMETAL,4.099999904632568,4.300000190734863,4.099999904632568,4.300000190734863,111060
2024-03-04,ANKITMETAL,4.25,4.400000095367432,4.099999904632568,4.099999904632568,125853
2024-03-05,ANKITMETAL,4.099999904632568,4.099999904632568,3.900000095367432,4.050000190734863,201821
2024-03-06,ANKITMETAL,3.900000095367432,4.099999904632568,3.849999904632568,4.0,162429
2024-03-07,ANKITMETAL,4.0,4.050000190734863,3.849999904632568,3.900000095367432,125536
2024-03-11,ANKITMETAL,4.0,4.050000190734863,3.700000047683716,3.900000095367432,116202
2024-03-12,ANKITMETAL,4.0,4.0,3.75,3.849999904632568,110735
2024-03-13,ANKITMETAL,3.849999904632568,3.950000047683716,3.650000095367432,3.650000095367432,83074
2024-03-14,ANKITMETAL,3.5,3.700000047683716,3.5,3.549999952316284,62480
2024-03-15,ANKITMETAL,3.5999999046325684,3.700000047683716,3.549999952316284,3.700000047683716,33099
2024-03-18,ANKITMETAL,3.849999904632568,3.849999904632568,3.849999904632568,3.849999904632568,40060
2024-03-19,ANKITMETAL,4.0,4.0,4.0,4.0,18333
2024-03-20,ANKITMETAL,4.050000190734863,4.199999809265137,3.799999952316284,3.950000047683716,202137
2024-03-21,ANKITMETAL,4.0,4.099999904632568,3.900000095367432,4.050000190734863,130442
2024-03-22,ANKITMETAL,4.099999904632568,4.099999904632568,3.950000047683716,3.950000047683716,126364
2024-03-26,ANKITMETAL,4.050000190734863,4.050000190734863,3.75,3.75,177595
2024-03-27,ANKITMETAL,3.900000095367432,3.900000095367432,3.5999999046325684,3.5999999046325684,231133
2024-03-28,ANKITMETAL,3.700000047683716,3.75,3.450000047683716,3.549999952316284,189390
2024-03-01,ANMOL,55.70000076293945,56.150001525878906,55.0,55.09999847412109,116426
2024-03-04,ANMOL,57.0,57.0,54.84999847412109,55.0,192033
2024-03-05,ANMOL,54.79999923706055,55.650001525878906,54.400001525878906,55.04999923706055,176590
2024-03-06,ANMOL,54.84999847412109,54.84999847412109,52.400001525878906,53.70000076293945,530606
2024-03-07,ANMOL,53.70000076293945,54.45000076293945,53.09999847412109,53.29999923706055,248458
2024-03-11,ANMOL,54.09999847412109,54.20000076293945,48.900001525878906,49.84999847412109,411015
2024-03-12,ANMOL,49.0,51.70000076293945,49.0,50.900001525878906,603126
2024-03-13,ANMOL,51.650001525878906,51.650001525878906,44.70000076293945,45.75,748601
2024-03-14,ANMOL,44.79999923706055,51.95000076293945,44.79999923706055,50.400001525878906,780510
2024-03-15,ANMOL,49.650001525878906,49.84999847412109,46.59999847412109,48.34999847412109,334900
2024-03-18,ANMOL,48.34999847412109,49.0,47.54999923706055,48.0,178975
2024-03-19,ANMOL,48.25,48.59999847412109,43.95000076293945,45.95000076293945,303446
2024-03-20,ANMOL,46.5,47.400001525878906,44.150001525878906,44.59999847412109,285297
2024-03-21,ANMOL,45.20000076293945,47.59999847412109,45.09999847412109,45.34999847412109,319074
2024-03-22,ANMOL,45.95000076293945,47.29999923706055,45.0,45.400001525878906,304275
2024-03-26,ANMOL,45.29999923706055,45.900001525878906,43.29999923706055,43.54999923706055,546369
2024-03-27,ANMOL,43.79999923706055,44.45000076293945,42.09999847412109,42.400001525878906,716646
2024-03-28,ANMOL,42.650001525878906,44.59999847412109,41.20000076293945,41.79999923706055,1003323
2024-03-01,ANNAPURNA,395.5499877929688,401.7000122070313,391.0499877929688,394.1499938964844,40500
2024-03-04,ANNAPURNA,399.0,399.0,387.1000061035156,391.0499877929688,24000
2024-03-05,ANNAPURNA,390.5,390.5,368.5,372.5,44500
2024-03-06,ANNAPURNA,362.25,367.0,340.0,356.54998779296875,74500
2024-03-07,ANNAPURNA,358.0,374.0,350.0,369.9500122070313,27500
2024-03-11,ANNAPURNA,368.8999938964844,369.0,335.0,337.70001220703125,72000
2024-03-12,ANNAPURNA,331.0,344.0,320.0,324.1000061035156,74500
2024-03-13,ANNAPURNA,333.95001220703125,333.95001220703125,300.20001220703125,305.1499938964844,76500
2024-03-14,ANNAPURNA,311.0,331.0,311.0,330.1000061035156,42500
2024-03-18,ANNAPURNA,331.0,331.0,319.0,322.95001220703125,17500
2024-03-19,ANNAPURNA,320.0,344.8500061035156,320.0,339.70001220703125,38500
2024-03-20,ANNAPURNA,337.0,351.0,334.8999938964844,343.8500061035156,36500
2024-03-21,ANNAPURNA,343.8500061035156,373.0,343.8500061035156,350.1000061035156,77000
2024-03-22,ANNAPURNA,361.5,410.0,351.5,398.5,225000
2024-03-26,ANNAPURNA,395.0,395.0,385.1000061035156,389.9500122070313,99000
2024-03-27,ANNAPURNA,389.0,400.0,376.0,386.2000122070313,84000
2024-03-28,ANNAPURNA,394.5,397.0,375.1000061035156,382.0,17500
2024-03-01,ANSALAPI,11.100000381469728,11.100000381469728,11.100000381469728,11.100000381469728,0
2024-03-04,ANSALAPI,10.550000190734863,10.550000190734863,10.550000190734863,10.550000190734863,2281
2024-03-05,ANSALAPI,10.550000190734863,10.550000190734863,10.550000190734863,10.550000190734863,0
2024-03-06,ANSALAPI,10.550000190734863,10.550000190734863,10.550000190734863,10.550000190734863,0
2024-03-07,ANSALAPI,10.550000190734863,10.550000190734863,10.550000190734863,10.550000190734863,0
2024-03-11,ANSALAPI,10.050000190734863,10.050000190734863,10.050000190734863,10.050000190734863,4319
2024-03-12,ANSALAPI,10.050000190734863,10.050000190734863,10.050000190734863,10.050000190734863,0
2024-03-13,ANSALAPI,10.050000190734863,10.050000190734863,10.050000190734863,10.050000190734863,0
2024-03-14,ANSALAPI,10.050000190734863,10.050000190734863,10.050000190734863,10.050000190734863,0
2024-03-15,ANSALAPI,10.050000190734863,10.050000190734863,10.050000190734863,10.050000190734863,0
2024-03-18,ANSALAPI,9.550000190734863,9.550000190734863,9.550000190734863,9.550000190734863,6667
2024-03-19,ANSALAPI,9.550000190734863,9.550000190734863,9.550000190734863,9.550000190734863,0
2024-03-20,ANSALAPI,9.550000190734863,9.550000190734863,9.550000190734863,9.550000190734863,0
2024-03-21,ANSALAPI,9.550000190734863,9.550000190734863,9.550000190734863,9.550000190734863,0
2024-03-22,ANSALAPI,9.550000190734863,9.550000190734863,9.550000190734863,9.550000190734863,0
2024-03-26,ANSALAPI,9.100000381469728,9.100000381469728,9.100000381469728,9.100000381469728,10508
2024-03-27,ANSALAPI,9.100000381469728,9.100000381469728,9.100000381469728,9.100000381469728,0
2024-03-28,ANSALAPI,9.100000381469728,9.100000381469728,9.100000381469728,9.100000381469728,0
2024-03-01,ANTELOPUS,493.0,504.0,488.6000061035156,492.75,26295
2024-03-04,ANTELOPUS,495.0,506.7999877929688,492.7999877929688,495.5,44454
2024-03-05,ANTELOPUS,491.1000061035156,505.8999938964844,491.1000061035156,500.2999877929688,22654
2024-03-06,ANTELOPUS,495.2000122070313,505.4500122070313,482.25,486.2000122070313,48952
2024-03-07,ANTELOPUS,486.0,518.0,486.0,504.0499877929688,80415
2024-03-11,ANTELOPUS,503.8999938964844,507.7000122070313,482.0,483.2000122070313,88802
2024-03-12,ANTELOPUS,488.0,495.0,468.0,474.25,68719
2024-03-13,ANTELOPUS,471.7000122070313,476.3999938964844,408.9500122070313,420.8999938964844,111544
2024-03-14,ANTELOPUS,407.5,415.7000122070313,403.5499877929688,409.7999877929688,203745
2024-03-15,ANTELOPUS,404.0499877929688,420.9500122070313,404.0499877929688,415.4500122070313,56558
2024-03-18,ANTELOPUS,415.4500122070313,427.25,415.4500122070313,416.8999938964844,25985
2024-03-19,ANTELOPUS,420.5,436.5,418.9500122070313,424.1499938964844,44811
2024-03-20,ANTELOPUS,424.1499938964844,444.3999938964844,420.0,439.1000061035156,51158
2024-03-21,ANTELOPUS,447.0,456.2000122070313,438.2999877929688,453.0,49601
2024-03-22,ANTELOPUS,445.7999877929688,453.0,440.9500122070313,445.0499877929688,30507
2024-03-26,ANTELOPUS,443.7999877929688,464.7000122070313,443.7000122070313,451.3999938964844,55481
2024-03-27,ANTELOPUS,452.9500122070313,462.5,449.6499938964844,455.8500061035156,27984
2024-03-28,ANTELOPUS,455.0,464.7000122070313,445.5,450.25,35803
2024-03-01,ANTGRAPHIC,1.649999976158142,1.7000000476837158,1.649999976158142,1.7000000476837158,1868247
2024-03-04,ANTGRAPHIC,1.7999999523162842,1.7999999523162842,1.75,1.7999999523162842,1941644
2024-03-05,ANTGRAPHIC,1.850000023841858,1.850000023841858,1.850000023841858,1.850000023841858,2084630
2024-03-06,ANTGRAPHIC,1.899999976158142,1.899999976158142,1.899999976158142,1.899999976158142,1152867
2024-03-07,ANTGRAPHIC,1.950000047683716,1.950000047683716,1.950000047683716,1.950000047683716,636572
2024-03-11,ANTGRAPHIC,1.899999976158142,1.950000047683716,1.899999976158142,1.899999976158142,779174
2024-03-12,ANTGRAPHIC,1.850000023841858,1.850000023841858,1.850000023841858,1.850000023841858,83032
2024-03-13,ANTGRAPHIC,1.7999999523162842,1.7999999523162842,1.7999999523162842,1.7999999523162842,23905
2024-03-14,ANTGRAPHIC,1.75,1.75,1.75,1.75,282077
2024-03-15,ANTGRAPHIC,1.7000000476837158,1.7000000476837158,1.7000000476837158,1.7000000476837158,35641
2024-03-18,ANTGRAPHIC,1.649999976158142,1.649999976158142,1.649999976158142,1.649999976158142,84255
2024-03-19,ANTGRAPHIC,1.600000023841858,1.600000023841858,1.600000023841858,1.600000023841858,128349
2024-03-20,ANTGRAPHIC,1.5499999523162842,1.5499999523162842,1.5499999523162842,1.5499999523162842,26923
2024-03-21,ANTGRAPHIC,1.5,1.5,1.5,1.5,252173
2024-03-22,ANTGRAPHIC,1.4500000476837158,1.4500000476837158,1.4500000476837158,1.4500000476837158,487774
2024-03-26,ANTGRAPHIC,1.5,1.5,1.5,1.5,1128393
2024-03-27,ANTGRAPHIC,1.5499999523162842,1.5499999523162842,1.4500000476837158,1.5499999523162842,679601
2024-03-28,ANTGRAPHIC,1.600000023841858,1.600000023841858,1.600000023841858,1.600000023841858,264459
2024-03-01,ANUP,1392.5250244140625,1433.449951171875,1360.0,1389.550048828125,25428
2024-03-04,ANUP,1389.625,1394.425048828125,1359.7750244140625,1380.574951171875,25820
2024-03-05,ANUP,1375.6500244140625,1437.2249755859375,1360.0,1404.050048828125,34002
2024-03-06,ANUP,1420.0,1420.0,1354.5,1368.5999755859375,14860
2024-03-07,ANUP,1362.5,1412.5,1358.5,1406.949951171875,19502
2024-03-11,ANUP,1415.0,1424.925048828125,1367.5,1374.324951171875,15604
2024-03-12,ANUP,1390.0,1390.0,1340.0,1360.425048828125,17166
2024-03-13,ANUP,1360.425048828125,1366.9000244140625,1250.5,1286.4749755859375,52964
2024-03-14,ANUP,1314.425048828125,1322.5,1273.5,1288.7750244140625,13340
2024-03-15,ANUP,1288.7750244140625,1374.75,1286.5999755859375,1357.125,36462
2024-03-18,ANUP,1431.5999755859375,1595.0,1431.5999755859375,1557.4749755859375,409452
2024-03-19,ANUP,1589.7249755859375,1662.5,1571.125,1636.0999755859375,192118
2024-03-20,ANUP,1650.0250244140625,1662.5250244140625,1503.0,1521.175048828125,214398
2024-03-21,ANUP,1540.0,1588.5,1507.5,1571.0,76324
2024-03-22,ANUP,1580.949951171875,1599.9000244140625,1553.0,1591.425048828125,38904
2024-03-26,ANUP,1592.0,1652.4000244140625,1592.0,1597.5,80060
2024-03-27,ANUP,1624.5,1640.0,1574.0,1587.1500244140625,38428
2024-03-28,ANUP,1587.0,1607.5,1569.949951171875,1579.2750244140625,17166
2024-03-01,ANURAS,963.0,963.0,954.0,958.25,52904
2024-03-04,ANURAS,945.0,966.0,945.0,956.7000122070312,95672
2024-03-05,ANURAS,960.0,960.0,945.0499877929688,957.5499877929688,94269
2024-03-06,ANURAS,955.25,961.0,940.5,953.8499755859376,141854
2024-03-07,ANURAS,953.8499755859376,957.3499755859376,917.1500244140624,936.6500244140624,181166
2024-03-11,ANURAS,936.6500244140624,954.4000244140624,920.0999755859376,948.5,109518
2024-03-12,ANURAS,949.9000244140624,949.9000244140624,921.0,932.9000244140624,64098
2024-03-13,ANURAS,932.8499755859376,934.5999755859376,900.0,914.0,111736
2024-03-14,ANURAS,895.9500122070312,929.5,892.0,923.75,106695
2024-03-15,ANURAS,923.9000244140624,925.5,901.0499877929688,910.0499877929688,101447
2024-03-18,ANURAS,906.7999877929688,920.0,902.0,911.3499755859376,38613
2024-03-19,ANURAS,908.9000244140624,914.9500122070312,895.0499877929688,899.5999755859375,83595
2024-03-20,ANURAS,898.9000244140625,900.4500122070312,889.0,890.5499877929688,31125
2024-03-21,ANURAS,892.6500244140625,905.5499877929688,887.0,892.6500244140625,79780
2024-03-22,ANURAS,892.6500244140625,895.0999755859375,885.0,887.7999877929688,75899
2024-03-26,ANURAS,886.25,889.9500122070312,870.0,880.4000244140625,53528
2024-03-27,ANURAS,879.5999755859375,882.0,850.0,863.0999755859375,90042
2024-03-28,ANURAS,865.0,878.7999877929688,860.5499877929688,870.4500122070312,61827
2024-03-01,APARINDS,6260.0498046875,6520.0,6250.0498046875,6302.4501953125,128952
2024-03-04,APARINDS,6262.9501953125,6275.7001953125,6136.39990234375,6250.4501953125,86276
2024-03-05,APARINDS,6294.9501953125,6294.9501953125,6075.0,6118.39990234375,65878
2024-03-06,APARINDS,6156.7001953125,6193.2998046875,5835.0,6070.14990234375,244496
2024-03-07,APARINDS,6059.0,6215.9501953125,5997.0498046875,6090.0498046875,50937
2024-03-11,APARINDS,6100.0,6144.0,6039.0,6083.39990234375,41822
2024-03-12,APARINDS,6083.0,6149.25,5897.14990234375,6074.35009765625,202728
2024-03-13,APARINDS,6068.0,6089.14990234375,5605.10009765625,5781.2001953125,126883
2024-03-14,APARINDS,5648.9501953125,5777.9501953125,5503.85009765625,5727.0498046875,108306
2024-03-15,APARINDS,5754.9501953125,6189.9501953125,5585.0,6090.85009765625,259603
2024-03-18,APARINDS,6076.0,6150.0,5876.0,6107.25,134020
2024-03-19,APARINDS,6107.0498046875,6135.0,6012.5,6046.4501953125,41225
2024-03-20,APARINDS,6035.89990234375,6231.0,6020.0,6149.64990234375,120526
2024-03-21,APARINDS,6200.0,6375.0,6181.0,6207.2998046875,182746
2024-03-22,APARINDS,6249.89990234375,6448.0,6200.5498046875,6344.0498046875,89873
2024-03-26,APARINDS,6400.0,7400.0,6350.10009765625,7050.35009765625,1059437
2024-03-27,APARINDS,6849.9501953125,7233.9501953125,6846.89990234375,7030.2001953125,514202
2024-03-28,APARINDS,7084.14990234375,7170.0,6910.0,6978.89990234375,178049
2024-03-01,APCL,210.3999938964844,216.0,208.0,211.75,31885
2024-03-04,APCL,211.4499969482422,211.4499969482422,207.1000061035156,208.25,9214
2024-03-05,APCL,210.6000061035156,210.6999969482422,201.3999938964844,203.25,17582
2024-03-06,APCL,203.0500030517578,206.3000030517578,191.6499938964844,194.8500061035156,39470
2024-03-07,APCL,194.8500061035156,199.8500061035156,189.3500061035156,197.4499969482422,43257
2024-03-11,APCL,197.0,199.5500030517578,195.0,198.6499938964844,15961
2024-03-12,APCL,198.0500030517578,202.0,195.0,197.6499938964844,16715
2024-03-13,APCL,197.4499969482422,197.4499969482422,168.60000610351562,173.25,47156
2024-03-14,APCL,166.60000610351562,189.1999969482422,165.85000610351562,182.1999969482422,33129
2024-03-15,APCL,182.25,184.6499938964844,173.0,176.0500030517578,35358
2024-03-18,APCL,176.0500030517578,186.3999938964844,176.0500030517578,180.8000030517578,24810
2024-03-19,APCL,181.4499969482422,183.6000061035156,177.0,177.10000610351562,23063
2024-03-20,APCL,175.39999389648438,179.64999389648438,172.1999969482422,173.0,12239
2024-03-21,APCL,175.75,179.75,175.64999389648438,176.85000610351562,19717
2024-03-22,APCL,177.5500030517578,180.0,176.1999969482422,179.4499969482422,47594
2024-03-26,APCL,176.0,179.6999969482422,173.75,174.14999389648438,43892
2024-03-27,APCL,175.89999389648438,176.0500030517578,168.35000610351562,170.39999389648438,62118
2024-03-28,APCL,170.39999389648438,174.8000030517578,165.14999389648438,166.9499969482422,78508
2024-03-01,APCOTEXIND,463.5,475.0,460.3500061035156,472.25,33751
2024-03-04,APCOTEXIND,469.0499877929688,469.8999938964844,459.0,461.7999877929688,32789
2024-03-05,APCOTEXIND,463.2000122070313,464.1499938964844,455.7000122070313,461.0,15472
2024-03-06,APCOTEXIND,457.5499877929688,459.8500061035156,452.0,456.2999877929688,22075
2024-03-07,APCOTEXIND,454.0,462.5,443.8500061035156,449.0499877929688,35114
2024-03-11,APCOTEXIND,445.1499938964844,449.6499938964844,434.0499877929688,437.3999938964844,78904
2024-03-12,APCOTEXIND,439.4500122070313,443.0499877929688,425.0,426.6499938964844,45193
2024-03-13,APCOTEXIND,422.1000061035156,428.6499938964844,401.5499877929688,406.1499938964844,83317
2024-03-14,APCOTEXIND,418.8500061035156,438.8999938964844,412.1000061035156,435.25,82917
2024-03-15,APCOTEXIND,434.3500061035156,437.9500122070313,420.0499877929688,428.6499938964844,24656
2024-03-18,APCOTEXIND,422.2000122070313,427.3999938964844,416.2000122070313,421.3500061035156,33071
2024-03-19,APCOTEXIND,423.4500122070313,426.0,412.6000061035156,416.7999877929688,33508
2024-03-20,APCOTEXIND,416.7999877929688,422.0,413.9500122070313,418.3500061035156,30634
2024-03-21,APCOTEXIND,418.3500061035156,428.7000122070313,417.9500122070313,419.3999938964844,49966
2024-03-22,APCOTEXIND,419.5499877929688,427.4500122070313,419.5499877929688,426.3500061035156,33294
2024-03-26,APCOTEXIND,424.0,424.0,412.3999938964844,413.9500122070313,43960
2024-03-27,APCOTEXIND,415.0,419.2999877929688,400.0,401.75,111363
2024-03-28,APCOTEXIND,403.0,447.0,403.0,438.1499938964844,178625
2024-03-01,APEX,220.4499969482422,228.9499969482422,220.4499969482422,223.3999938964844,146071
2024-03-04,APEX,223.6000061035156,224.5500030517578,219.3999938964844,220.1999969482422,53956
2024-03-05,APEX,219.8999938964844,222.0,217.1999969482422,217.8000030517578,65334
2024-03-06,APEX,218.3999938964844,219.3999938964844,209.6999969482422,212.3500061035156,153390
2024-03-07,APEX,212.3999938964844,219.6499938964844,212.3999938964844,215.1000061035156,120851
2024-03-11,APEX,216.8999938964844,217.8999938964844,206.0,206.75,171907
2024-03-12,APEX,206.75,209.3500061035156,201.0,202.3999938964844,116786
2024-03-13,APEX,202.3999938964844,208.8999938964844,188.3000030517578,191.6999969482422,223174
2024-03-14,APEX,195.0,209.6499938964844,190.3500061035156,206.4499969482422,186471
2024-03-15,APEX,205.8999938964844,207.9499969482422,198.0500030517578,201.1499938964844,93602
2024-03-18,APEX,202.0,206.5,199.5500030517578,200.5,124098
2024-03-19,APEX,200.8999938964844,203.8999938964844,196.1000061035156,197.9499969482422,92904
2024-03-20,APEX,199.1999969482422,203.0,196.8999938964844,198.3000030517578,88033
2024-03-21,APEX,200.9499969482422,203.8999938964844,196.8999938964844,199.8000030517578,113487
2024-03-22,APEX,199.0,204.6999969482422,198.8500061035156,203.1000061035156,112785
2024-03-26,APEX,201.0,205.0,196.0,197.3500061035156,157255
2024-03-27,APEX,197.3999938964844,200.1999969482422,194.0,195.8999938964844,178503
2024-03-28,APEX,195.8999938964844,203.5,195.0500030517578,197.5,224883
2024-03-01,APLAPOLLO,1547.800048828125,1571.4000244140625,1521.050048828125,1550.050048828125,488759
2024-03-04,APLAPOLLO,1539.9000244140625,1553.949951171875,1528.0,1541.5,282419
2024-03-05,APLAPOLLO,1542.9000244140625,1560.0,1528.5999755859375,1551.199951171875,332976
2024-03-06,APLAPOLLO,1545.050048828125,1562.75,1523.5999755859375,1555.25,484139
2024-03-07,APLAPOLLO,1545.050048828125,1589.9000244140625,1545.050048828125,1582.6500244140625,494841
2024-03-11,APLAPOLLO,1587.9000244140625,1606.0,1561.25,1599.0999755859375,730455
2024-03-12,APLAPOLLO,1599.0999755859375,1599.9000244140625,1572.4000244140625,1592.5999755859375,458809
2024-03-13,APLAPOLLO,1589.5,1660.0,1440.0,1492.449951171875,6507913
2024-03-14,APLAPOLLO,1492.0,1525.0,1471.6500244140625,1495.5999755859375,694302
2024-03-15,APLAPOLLO,1501.050048828125,1519.0,1464.0,1474.699951171875,540429
2024-03-18,APLAPOLLO,1472.949951171875,1558.949951171875,1463.699951171875,1547.3499755859375,439875
2024-03-19,APLAPOLLO,1557.5999755859375,1570.8499755859375,1527.699951171875,1546.75,669470
2024-03-20,APLAPOLLO,1546.75,1548.949951171875,1494.5999755859375,1502.0999755859375,363201
2024-03-21,APLAPOLLO,1514.949951171875,1539.1500244140625,1487.5999755859375,1527.25,581408
2024-03-22,APLAPOLLO,1532.0,1545.5,1503.050048828125,1518.8499755859375,392260
2024-03-26,APLAPOLLO,1497.800048828125,1512.3499755859375,1484.449951171875,1490.050048828125,686357
2024-03-27,APLAPOLLO,1490.0,1494.75,1458.199951171875,1475.050048828125,443684
2024-03-28,APLAPOLLO,1475.0,1505.0,1455.550048828125,1495.949951171875,583354
2024-03-01,APLLTD,1025.0,1080.0,1018.0999755859376,1055.0,101473
2024-03-04,APLLTD,1043.0,1052.3499755859375,1001.2000122070312,1004.75,78755
2024-03-05,APLLTD,1007.9000244140624,1033.0,1001.0,1029.699951171875,170824
2024-03-06,APLLTD,1023.5999755859376,1032.449951171875,992.75,998.8499755859376,107665
2024-03-07,APLLTD,997.7999877929688,1018.4000244140624,994.5999755859376,999.25,185555
2024-03-11,APLLTD,997.2999877929688,999.0,974.4000244140624,978.25,106713
2024-03-12,APLLTD,972.4000244140624,990.9500122070312,950.25,980.3499755859376,148399
2024-03-13,APLLTD,992.0,997.9500122070312,901.7999877929688,919.4000244140624,166114
2024-03-14,APLLTD,927.0,939.7000122070312,915.25,927.0,112990
2024-03-15,APLLTD,920.0,959.6500244140624,920.0,946.75,66709
2024-03-18,APLLTD,951.7000122070312,978.9000244140624,937.5499877929688,963.25,130439
2024-03-19,APLLTD,968.0499877929688,968.0499877929688,924.25,934.0,119068
2024-03-20,APLLTD,928.2999877929688,968.5,928.2999877929688,945.4500122070312,120261
2024-03-21,APLLTD,957.0499877929688,970.0,942.6500244140624,965.0499877929688,209400
2024-03-22,APLLTD,958.7999877929688,967.5999755859376,950.0,957.4000244140624,51337
2024-03-26,APLLTD,951.7000122070312,972.7000122070312,947.2999877929688,967.5,58691
2024-03-27,APLLTD,958.7000122070312,989.0,958.7000122070312,984.75,134979
2024-03-28,APLLTD,994.0,997.3499755859376,969.5999755859376,984.7999877929688,141639
2024-03-01,APOLLO,125.5999984741211,133.64999389648438,124.0999984741211,133.64999389648438,688678
2024-03-04,APOLLO,120.6500015258789,127.0,120.6500015258789,121.75,2020577
2024-03-05,APOLLO,120.5,125.0,118.4499969482422,122.5500030517578,801181
2024-03-06,APOLLO,122.5500030517578,123.4499969482422,117.0,119.3499984741211,733809
2024-03-07,APOLLO,120.0,122.5,119.5500030517578,120.4499969482422,325442
2024-03-11,APOLLO,114.4499969482422,114.4499969482422,114.4499969482422,114.4499969482422,611909
2024-03-12,APOLLO,108.75,108.75,108.75,108.75,417106
2024-03-13,APOLLO,103.3499984741211,103.3499984741211,103.3499984741211,103.3499984741211,343428
2024-03-14,APOLLO,98.1999969482422,108.5,98.1999969482422,107.4499969482422,2139625
2024-03-15,APOLLO,103.1500015258789,105.0,102.0999984741211,102.0999984741211,599818
2024-03-18,APOLLO,98.0500030517578,102.9499969482422,97.0,97.1500015258789,1903429
2024-03-19,APOLLO,94.0,101.0,94.0,97.6500015258789,722226
2024-03-20,APOLLO,98.0,99.9000015258789,94.0,96.5,538628
2024-03-21,APOLLO,99.5,99.5,97.0,98.0,552349
2024-03-22,APOLLO,98.1500015258789,102.9000015258789,97.5,102.8499984741211,886637
2024-03-26,APOLLO,104.0,105.5,98.5,98.6999969482422,1282697
2024-03-27,APOLLO,99.0500030517578,100.5,95.8499984741211,96.4000015258789,1187405
2024-03-28,APOLLO,97.6999969482422,99.5,95.0,95.3000030517578,986225
2024-03-01,APOLLOHOSP,6102.0,6107.0,5941.85009765625,6085.39990234375,1749136
2024-03-04,APOLLOHOSP,6145.0,6171.75,6022.85009765625,6033.2998046875,551616
2024-03-05,APOLLOHOSP,6035.0498046875,6103.5,5976.2001953125,6061.10009765625,724456
2024-03-06,APOLLOHOSP,6025.0,6078.89990234375,5945.0,6054.2998046875,588776
2024-03-07,APOLLOHOSP,6065.5,6142.85009765625,6032.0,6048.7998046875,738112
2024-03-11,APOLLOHOSP,6048.7998046875,6225.0,6036.10009765625,6204.7001953125,521556
2024-03-12,APOLLOHOSP,6240.0,6274.25,6107.5,6144.7998046875,482112
2024-03-13,APOLLOHOSP,6180.0,6180.0,5956.0498046875,6008.39990234375,356191
2024-03-14,APOLLOHOSP,6008.39990234375,6095.0,5980.0,6023.14990234375,439181
2024-03-15,APOLLOHOSP,6015.0,6030.85009765625,5941.60009765625,5983.2001953125,764270
2024-03-18,APOLLOHOSP,5997.75,6144.9501953125,5978.64990234375,6136.5498046875,419258
2024-03-19,APOLLOHOSP,6077.0,6125.7001953125,6034.0498046875,6113.2001953125,542392
2024-03-20,APOLLOHOSP,6148.0,6200.7001953125,6073.4501953125,6174.0498046875,413963
2024-03-21,APOLLOHOSP,6189.89990234375,6214.39990234375,6105.60009765625,6182.5,350032
2024-03-22,APOLLOHOSP,6169.14990234375,6390.89990234375,6168.7001953125,6375.89990234375,727548
2024-03-26,APOLLOHOSP,6398.0,6463.4501953125,6309.5,6322.4501953125,629120
2024-03-27,APOLLOHOSP,6355.0,6399.39990234375,6220.0,6231.4501953125,603420
2024-03-28,APOLLOHOSP,6231.4501953125,6425.60009765625,6112.5,6356.7998046875,818070
2024-03-01,APOLLOPIPE,702.0,710.3499755859375,692.3499755859375,695.6500244140625,43860
2024-03-04,APOLLOPIPE,715.8499755859375,715.8499755859375,700.0,703.8499755859375,30108
2024-03-05,APOLLOPIPE,703.9000244140625,710.3499755859375,688.0,691.5,35045
2024-03-06,APOLLOPIPE,691.0,694.25,677.3499755859375,688.7000122070312,33194
2024-03-07,APOLLOPIPE,688.0,696.9500122070312,688.0,690.9500122070312,25088
2024-03-11,APOLLOPIPE,695.0,697.0499877929688,678.1500244140625,684.5999755859375,35763
2024-03-12,APOLLOPIPE,684.0999755859375,684.1500244140625,650.0499877929688,668.7000122070312,30496
2024-03-13,APOLLOPIPE,664.9500122070312,668.0,610.2000122070312,628.7000122070312,82000
2024-03-14,APOLLOPIPE,620.0,652.0999755859375,612.4000244140625,645.2000122070312,79929
2024-03-15,APOLLOPIPE,641.9500122070312,665.4500122070312,635.75,658.25,20685
2024-03-18,APOLLOPIPE,654.2999877929688,663.9500122070312,645.0999755859375,651.75,36085
2024-03-19,APOLLOPIPE,652.5,661.9000244140625,625.6500244140625,639.6500244140625,28564
2024-03-20,APOLLOPIPE,637.5499877929688,645.0,623.25,625.6500244140625,82758
2024-03-21,APOLLOPIPE,628.8499755859375,648.5,628.8499755859375,643.5499877929688,37709
2024-03-22,APOLLOPIPE,643.5499877929688,661.9500122070312,640.3499755859375,650.9000244140625,84178
2024-03-26,APOLLOPIPE,650.9500122070312,652.5999755859375,640.0,644.1500244140625,26437
2024-03-27,APOLLOPIPE,660.0,668.8499755859375,626.5499877929688,633.7999877929688,145992
2024-03-28,APOLLOPIPE,638.0499877929688,653.0499877929688,633.0,635.9000244140625,61162
2024-03-01,APOLLOTYRE,519.4500122070312,532.5999755859375,519.4500122070312,529.7999877929688,1375573
2024-03-04,APOLLOTYRE,530.5499877929688,537.8499755859375,521.7000122070312,535.0999755859375,1620165
2024-03-05,APOLLOTYRE,536.4500122070312,546.0,534.0499877929688,542.0,2474793
2024-03-06,APOLLOTYRE,542.0,542.9500122070312,524.8499755859375,535.2999877929688,1088131
2024-03-07,APOLLOTYRE,536.5,536.5,515.5499877929688,516.7000122070312,2393023
2024-03-11,APOLLOTYRE,519.7999877929688,519.7999877929688,499.3500061035156,510.6499938964844,3071219
2024-03-12,APOLLOTYRE,508.0,512.4000244140625,500.7000122070313,507.1000061035156,2396316
2024-03-13,APOLLOTYRE,510.4500122070313,514.5499877929688,489.0,492.1000061035156,2850815
2024-03-14,APOLLOTYRE,493.3500061035156,505.5499877929688,481.75,502.5499877929688,2421237
2024-03-15,APOLLOTYRE,501.1000061035156,503.3500061035156,470.7000122070313,472.9500122070313,2923532
2024-03-18,APOLLOTYRE,475.0,475.8999938964844,457.2000122070313,458.1000061035156,5046215
2024-03-19,APOLLOTYRE,458.0,458.0,441.6499938964844,454.9500122070313,2469179
2024-03-20,APOLLOTYRE,459.7000122070313,459.7000122070313,444.0,452.0499877929688,1714931
2024-03-21,APOLLOTYRE,456.6000061035156,462.75,453.6000061035156,461.0,1351780
2024-03-22,APOLLOTYRE,463.0,471.3500061035156,457.2000122070313,468.3500061035156,1670126
2024-03-26,APOLLOTYRE,469.5,474.25,465.1000061035156,471.4500122070313,1494231
2024-03-27,APOLLOTYRE,472.0,476.4500122070313,466.2999877929688,467.7000122070313,1248009
2024-03-28,APOLLOTYRE,468.0,470.6499938964844,462.7000122070313,466.4500122070313,1161982
2024-03-01,APOLSINHOT,2000.0,2074.0,1980.0999755859373,1999.1500244140625,2595
2024-03-04,APOLSINHOT,2004.0,2045.5,1980.0,1981.6500244140625,1939
2024-03-05,APOLSINHOT,1971.6500244140625,2004.0,1950.0,1981.9000244140625,2780
2024-03-06,APOLSINHOT,1987.0,2048.89990234375,1884.0999755859373,1921.949951171875,5389
2024-03-07,APOLSINHOT,1930.0,2007.0,1875.050048828125,1896.5999755859373,3309
2024-03-11,APOLSINHOT,1928.0,1946.5999755859373,1820.0,1852.0999755859373,2916
2024-03-12,APOLSINHOT,1861.0,1869.949951171875,1747.949951171875,1772.9000244140625,6213
2024-03-13,APOLSINHOT,1785.0,1843.0,1600.0,1648.699951171875,6818
2024-03-14,APOLSINHOT,1597.0,1772.8499755859375,1550.0,1738.550048828125,5003
2024-03-15,APOLSINHOT,1700.0,1805.0,1700.0,1772.0,1785
2024-03-18,APOLSINHOT,1760.0,1820.0,1741.550048828125,1765.300048828125,2166
2024-03-19,APOLSINHOT,1760.4000244140625,1770.0,1704.050048828125,1730.300048828125,1464
2024-03-20,APOLSINHOT,1731.0999755859375,1759.949951171875,1664.050048828125,1719.050048828125,2063
2024-03-21,APOLSINHOT,1745.0,1795.699951171875,1728.050048828125,1779.050048828125,2328
2024-03-22,APOLSINHOT,1779.050048828125,1820.0,1726.199951171875,1749.4000244140625,5445
2024-03-26,APOLSINHOT,1749.4000244140625,1792.800048828125,1680.0,1695.9000244140625,4046
2024-03-27,APOLSINHOT,1695.9000244140625,1739.9000244140625,1669.949951171875,1693.5999755859375,6457
2024-03-28,APOLSINHOT,1687.0,1744.550048828125,1611.0,1666.800048828125,4364
2024-03-01,APTECHT,243.3000030517578,247.3000030517578,241.25,245.4499969482422,182167
2024-03-04,APTECHT,245.1999969482422,248.6999969482422,242.6000061035156,245.25,227029
2024-03-05,APTECHT,242.8000030517578,247.6499938964844,242.8000030517578,244.6499938964844,239169
2024-03-06,APTECHT,244.9499969482422,246.6499938964844,231.8500061035156,233.4499969482422,303535
2024-03-07,APTECHT,234.1000061035156,237.6000061035156,229.6999969482422,231.5500030517578,251240
2024-03-11,APTECHT,230.0,236.3999938964844,220.5,222.1000061035156,369340
2024-03-12,APTECHT,224.0,229.1999969482422,216.5,227.0500030517578,498129
2024-03-13,APTECHT,226.0500030517578,228.3500061035156,201.1000061035156,204.1999969482422,542439
2024-03-14,APTECHT,207.25,218.3500061035156,205.5,215.1999969482422,381431
2024-03-15,APTECHT,215.1999969482422,221.8000030517578,211.0500030517578,212.25,285619
2024-03-18,APTECHT,213.8999938964844,218.4499969482422,212.8999938964844,215.1999969482422,164231
2024-03-19,APTECHT,215.1999969482422,218.3999938964844,208.1499938964844,209.8999938964844,186403
2024-03-20,APTECHT,210.3500061035156,217.0,208.6499938964844,212.75,307616
2024-03-21,APTECHT,214.9499969482422,231.8999938964844,214.6999969482422,230.3000030517578,655967
2024-03-22,APTECHT,229.1499938964844,244.0,228.1000061035156,240.6499938964844,989592
2024-03-26,APTECHT,238.3500061035156,247.5,238.0,242.8000030517578,737784
2024-03-27,APTECHT,242.75,246.8000030517578,233.6000061035156,238.75,901766
2024-03-28,APTECHT,239.0,243.75,230.0,231.6000061035156,403721
2024-03-01,APTUS,350.0,351.79998779296875,332.5,334.1499938964844,530088
2024-03-04,APTUS,341.3500061035156,346.0,334.20001220703125,341.5,202457
2024-03-05,APTUS,341.70001220703125,350.0,340.6499938964844,347.1499938964844,394767
2024-03-06,APTUS,345.5,346.95001220703125,330.04998779296875,333.25,414165
2024-03-07,APTUS,334.04998779296875,345.95001220703125,334.04998779296875,344.54998779296875,1747244
2024-03-11,APTUS,343.8999938964844,352.0,337.6000061035156,340.45001220703125,914267
2024-03-12,APTUS,338.70001220703125,342.5,332.1499938964844,333.20001220703125,366076
2024-03-13,APTUS,333.20001220703125,336.54998779296875,306.04998779296875,310.54998779296875,375549
2024-03-14,APTUS,307.04998779296875,324.04998779296875,304.0,318.0,212097
2024-03-15,APTUS,315.70001220703125,319.6499938964844,308.0,313.8999938964844,196585
2024-03-18,APTUS,313.8999938964844,319.29998779296875,311.29998779296875,317.8500061035156,87062
2024-03-19,APTUS,315.0,315.3500061035156,308.5,311.0,103532
2024-03-20,APTUS,311.0,311.3500061035156,304.0,308.8999938964844,211940
2024-03-21,APTUS,310.8999938964844,317.0,310.0,313.6000061035156,722922
2024-03-22,APTUS,313.0,318.6499938964844,312.0,316.8500061035156,221353
2024-03-26,APTUS,315.0,325.1000061035156,307.20001220703125,311.04998779296875,391861
2024-03-27,APTUS,310.1000061035156,313.45001220703125,307.5,309.0,193227
2024-03-28,APTUS,308.8999938964844,311.5,307.1000061035156,309.1499938964844,165275
2024-03-01,AQYLON,375.0,375.0,375.0,375.0,0
2024-03-04,AQYLON,375.0,375.0,375.0,375.0,0
2024-03-05,AQYLON,375.0,375.0,375.0,375.0,0
2024-03-06,AQYLON,375.0,375.0,375.0,375.0,0
2024-03-07,AQYLON,375.0,375.0,375.0,375.0,0
2024-03-11,AQYLON,375.0,375.0,375.0,375.0,0
2024-03-12,AQYLON,375.0,375.0,375.0,375.0,0
2024-03-13,AQYLON,375.0,375.0,375.0,375.0,0
2024-03-14,AQYLON,375.0,375.0,375.0,375.0,0
2024-03-15,AQYLON,375.0,375.0,375.0,375.0,0
2024-03-18,AQYLON,375.0,375.0,375.0,375.0,0
2024-03-19,AQYLON,375.0,375.0,375.0,375.0,0
2024-03-20,AQYLON,375.0,375.0,375.0,375.0,0
2024-03-21,AQYLON,375.0,375.0,375.0,375.0,0
2024-03-22,AQYLON,375.0,375.0,375.0,375.0,0
2024-03-26,AQYLON,375.0,375.0,375.0,375.0,0
2024-03-27,AQYLON,375.0,375.0,375.0,375.0,0
2024-03-28,AQYLON,375.0,375.0,375.0,375.0,0
2024-03-01,ARCHIDPLY,92.8000030517578,92.8000030517578,90.0,92.0999984741211,25582
2024-03-04,ARCHIDPLY,91.1500015258789,97.9499969482422,89.25,93.1500015258789,110075
2024-03-05,ARCHIDPLY,93.8000030517578,93.8000030517578,90.3000030517578,91.0999984741211,23317
2024-03-06,ARCHIDPLY,91.9499969482422,91.9499969482422,87.55000305175781,88.55000305175781,45767
2024-03-07,ARCHIDPLY,90.0,90.75,88.5999984741211,89.8499984741211,20286
2024-03-11,ARCHIDPLY,88.5999984741211,89.9000015258789,84.0999984741211,85.55000305175781,28745
2024-03-12,ARCHIDPLY,87.5,87.5,82.44999694824219,84.5999984741211,26839
2024-03-13,ARCHIDPLY,84.5999984741211,84.94999694824219,76.1500015258789,76.1500015258789,55501
2024-03-14,ARCHIDPLY,79.1500015258789,81.3499984741211,76.25,79.4000015258789,22142
2024-03-15,ARCHIDPLY,79.0,87.30000305175781,77.19999694824219,87.30000305175781,48289
2024-03-18,ARCHIDPLY,89.80000305175781,89.80000305175781,82.80000305175781,83.75,40617
2024-03-19,ARCHIDPLY,84.0999984741211,84.4000015258789,80.0,81.30000305175781,19119
2024-03-20,ARCHIDPLY,82.8499984741211,85.5,82.0,84.6500015258789,18550
2024-03-21,ARCHIDPLY,84.8499984741211,87.3499984741211,84.8499984741211,86.05000305175781,67350
2024-03-22,ARCHIDPLY,87.0999984741211,87.8499984741211,86.4000015258789,86.6500015258789,7711
2024-03-26,ARCHIDPLY,88.0999984741211,88.0999984741211,80.30000305175781,81.4000015258789,47721
2024-03-27,ARCHIDPLY,81.44999694824219,84.80000305175781,81.0,82.1500015258789,43029
2024-03-28,ARCHIDPLY,83.4000015258789,88.0,81.05000305175781,82.8499984741211,35093
2024-03-01,ARCHIES,36.84999847412109,39.84999847412109,36.75,39.59999847412109,914772
2024-03-04,ARCHIES,41.45000076293945,41.5,39.09999847412109,40.150001525878906,366916
2024-03-05,ARCHIES,40.25,42.5,37.650001525878906,38.400001525878906,570754
2024-03-06,ARCHIES,39.650001525878906,39.650001525878906,36.5,36.75,112225
2024-03-07,ARCHIES,36.25,38.25,35.0,35.849998474121094,59089
2024-03-11,ARCHIES,35.849998474121094,35.900001525878906,34.04999923706055,34.70000076293945,69736
2024-03-12,ARCHIES,33.099998474121094,34.400001525878906,33.0,33.0,17931
2024-03-13,ARCHIES,31.350000381469727,33.0,31.350000381469727,31.350000381469727,59848
2024-03-14,ARCHIES,29.850000381469727,32.5,29.799999237060547,31.89999961853028,72597
2024-03-15,ARCHIES,31.89999961853028,33.099998474121094,30.299999237060547,31.5,51408
2024-03-18,ARCHIES,30.0,32.0,29.950000762939453,31.100000381469727,72587
2024-03-19,ARCHIES,31.299999237060547,32.5,30.0,31.0,35167
2024-03-20,ARCHIES,31.200000762939453,31.5,29.450000762939453,29.600000381469727,63368
2024-03-21,ARCHIES,30.39999961853028,31.049999237060547,30.0,31.0,33946
2024-03-22,ARCHIES,31.950000762939453,32.0,30.25,31.799999237060547,34088
2024-03-26,ARCHIES,31.799999237060547,32.400001525878906,30.25,31.25,41077
2024-03-27,ARCHIES,31.0,31.89999961853028,29.75,29.950000762939453,50412
2024-03-28,ARCHIES,29.5,31.39999961853028,29.0,29.64999961853028,39875
2024-03-01,ARE&M,842.9500122070312,848.9500122070312,840.5,846.2999877929688,205415
2024-03-04,ARE&M,851.6500244140625,857.7999877929688,842.3499755859375,847.9500122070312,355798
2024-03-05,ARE&M,847.9500122070312,859.8499755859375,845.0,850.3499755859375,447937
2024-03-06,ARE&M,854.7999877929688,857.3499755859375,840.0499877929688,847.7000122070312,381842
2024-03-07,ARE&M,845.0499877929688,885.0,845.0499877929688,869.3499755859375,771532
2024-03-11,ARE&M,872.0,895.1500244140625,864.0,881.7000122070312,1034457
2024-03-12,ARE&M,881.9500122070312,889.7999877929688,838.0,841.0999755859375,704960
2024-03-13,ARE&M,841.0999755859375,850.5499877929688,764.0,783.1500244140625,1498948
2024-03-14,ARE&M,783.1500244140625,814.0999755859375,772.25,798.9000244140625,787643
2024-03-15,ARE&M,800.0,810.3499755859375,780.8499755859375,792.2999877929688,796537
2024-03-18,ARE&M,795.0,806.9000244140625,785.0,788.6500244140625,519444
2024-03-19,ARE&M,793.9000244140625,793.9000244140625,764.4500122070312,770.5499877929688,558777
2024-03-20,ARE&M,770.5499877929688,779.9000244140625,737.7000122070312,748.3499755859375,616995
2024-03-21,ARE&M,758.0,769.7999877929688,751.25,756.1500244140625,1033222
2024-03-22,ARE&M,756.7999877929688,783.3499755859375,756.1500244140625,778.0,463791
2024-03-26,ARE&M,779.0,784.5,764.0,774.2000122070312,986637
2024-03-27,ARE&M,775.75,786.75,767.2000122070312,770.2999877929688,328784
2024-03-28,ARE&M,774.0,785.0,756.0,760.4000244140625,687394
2024-03-01,ARENTERP,47.75,48.84999847412109,46.900001525878906,48.650001525878906,4400
2024-03-04,ARENTERP,50.0,50.900001525878906,47.95000076293945,48.45000076293945,17098
2024-03-05,ARENTERP,49.5,49.75,47.54999923706055,48.650001525878906,631
2024-03-06,ARENTERP,48.650001525878906,49.0,46.29999923706055,47.20000076293945,14885
2024-03-07,ARENTERP,46.0,46.54999923706055,45.04999923706055,45.34999847412109,4648
2024-03-11,ARENTERP,44.45000076293945,44.45000076293945,43.09999847412109,43.09999847412109,5090
2024-03-12,ARENTERP,43.09999847412109,43.09999847412109,40.95000076293945,40.95000076293945,1077
2024-03-13,ARENTERP,38.900001525878906,40.59999847412109,38.900001525878906,38.900001525878906,2640
2024-03-14,ARENTERP,38.25,40.75,36.95000076293945,38.34999847412109,6173
2024-03-15,ARENTERP,38.5,40.20000076293945,37.150001525878906,38.75,3358
2024-03-18,ARENTERP,39.900001525878906,40.650001525878906,38.54999923706055,39.0,2433
2024-03-19,ARENTERP,38.0,39.95000076293945,37.5,38.75,2381
2024-03-20,ARENTERP,38.75,39.0,37.25,37.84999847412109,1627
2024-03-21,ARENTERP,38.79999923706055,38.79999923706055,37.34999847412109,38.5,1620
2024-03-22,ARENTERP,38.5,40.20000076293945,37.0,38.75,3043
2024-03-26,ARENTERP,38.75,38.75,37.5,38.5,182
2024-03-27,ARENTERP,38.70000076293945,40.400001525878906,36.59999847412109,37.09999847412109,7876
2024-03-28,ARENTERP,37.0,38.20000076293945,37.0,38.0,1509
2024-03-01,ARIES,296.54998779296875,305.20001220703125,285.0,286.6000061035156,227263
2024-03-04,ARIES,302.95001220703125,342.70001220703125,302.95001220703125,315.1499938964844,3120543
2024-03-05,ARIES,315.8999938964844,323.95001220703125,302.95001220703125,305.5,573848
2024-03-06,ARIES,305.5,305.5,281.29998779296875,293.95001220703125,474275
2024-03-07,ARIES,295.95001220703125,297.20001220703125,285.1499938964844,287.54998779296875,143204
2024-03-11,ARIES,290.0,291.5,270.1000061035156,272.20001220703125,247950
2024-03-12,ARIES,272.20001220703125,273.5,252.1499938964844,256.20001220703125,231645
2024-03-13,ARIES,257.0,264.8500061035156,238.3500061035156,241.6499938964844,215169
2024-03-14,ARIES,242.0,264.0,231.5500030517578,258.3500061035156,249865
2024-03-15,ARIES,257.79998779296875,261.45001220703125,244.5,251.3999938964844,184533
2024-03-18,ARIES,254.3500061035156,264.8999938964844,248.1000061035156,251.1000061035156,222105
2024-03-19,ARIES,249.5500030517578,257.0,245.0,245.75,69024
2024-03-20,ARIES,247.3999938964844,251.1999969482422,237.6000061035156,243.0,92233
2024-03-21,ARIES,244.9499969482422,259.5,244.9499969482422,254.0,94380
2024-03-22,ARIES,255.1499938964844,258.3999938964844,252.6499938964844,254.1000061035156,54992
2024-03-26,ARIES,251.1499938964844,255.9499969482422,242.1999969482422,246.6999969482422,88168
2024-03-27,ARIES,247.3500061035156,260.0,245.0,246.6999969482422,116506
2024-03-28,ARIES,248.1999969482422,252.5500030517578,240.3999938964844,242.1999969482422,84432
2024-03-01,ARIHANTCAP,66.8499984741211,67.9000015258789,66.0,66.75,278828
2024-03-04,ARIHANTCAP,67.25,67.25,65.69999694824219,66.05000305175781,151672
2024-03-05,ARIHANTCAP,66.0,66.5,63.09999847412109,63.59999847412109,309830
2024-03-06,ARIHANTCAP,63.5,63.59999847412109,59.75,60.70000076293945,824438
2024-03-07,ARIHANTCAP,61.0,62.45000076293945,60.70000076293945,61.45000076293945,184361
2024-03-11,ARIHANTCAP,61.70000076293945,61.79999923706055,57.04999923706055,57.84999847412109,300569
2024-03-12,ARIHANTCAP,58.0,58.5,55.0,55.45000076293945,544859
2024-03-13,ARIHANTCAP,55.54999923706055,57.20000076293945,49.20000076293945,51.20000076293945,516764
2024-03-14,ARIHANTCAP,51.34999847412109,54.70000076293945,50.29999923706055,53.70000076293945,745625
2024-03-15,ARIHANTCAP,53.95000076293945,54.95000076293945,52.04999923706055,53.650001525878906,325837
2024-03-18,ARIHANTCAP,53.25,54.79999923706055,52.54999923706055,53.150001525878906,281814
2024-03-19,ARIHANTCAP,53.34999847412109,56.5,51.75,55.0,750219
2024-03-20,ARIHANTCAP,55.29999923706055,56.45000076293945,53.0,56.04999923706055,594151
2024-03-21,ARIHANTCAP,56.29999923706055,57.95000076293945,55.79999923706055,56.29999923706055,334126
2024-03-22,ARIHANTCAP,56.29999923706055,59.75,55.75,58.400001525878906,410427
2024-03-26,ARIHANTCAP,58.45000076293945,59.59999847412109,54.150001525878906,54.75,500845
2024-03-27,ARIHANTCAP,54.900001525878906,57.04999923706055,52.5,53.34999847412109,851214
2024-03-28,ARIHANTCAP,54.5,57.79999923706055,54.34999847412109,54.900001525878906,662685
2024-03-01,ARIHANTSUP,348.95001220703125,359.45001220703125,345.0,347.6499938964844,24588
2024-03-04,ARIHANTSUP,352.0,352.25,336.1000061035156,340.20001220703125,15676
2024-03-05,ARIHANTSUP,340.20001220703125,350.04998779296875,339.79998779296875,343.6000061035156,40482
2024-03-06,ARIHANTSUP,342.1499938964844,342.1499938964844,320.1499938964844,330.6000061035156,55764
2024-03-07,ARIHANTSUP,335.25,335.3999938964844,325.0,325.25,15364
2024-03-11,ARIHANTSUP,325.20001220703125,328.5,310.1499938964844,311.6000061035156,29791
2024-03-12,ARIHANTSUP,310.1499938964844,311.3500061035156,285.70001220703125,290.3500061035156,113429
2024-03-13,ARIHANTSUP,290.0,290.0,269.04998779296875,272.8500061035156,234006
2024-03-14,ARIHANTSUP,275.0,327.3999938964844,273.54998779296875,322.54998779296875,232382
2024-03-15,ARIHANTSUP,312.04998779296875,338.8999938964844,310.54998779296875,333.6499938964844,50850
2024-03-18,ARIHANTSUP,333.0,333.0,312.6000061035156,321.6499938964844,45031
2024-03-19,ARIHANTSUP,311.29998779296875,325.0,311.29998779296875,318.54998779296875,16513
2024-03-20,ARIHANTSUP,310.20001220703125,323.45001220703125,310.1499938964844,318.3999938964844,14804
2024-03-21,ARIHANTSUP,321.8500061035156,324.75,315.79998779296875,321.1499938964844,29905
2024-03-22,ARIHANTSUP,315.1000061035156,323.45001220703125,311.1499938964844,316.54998779296875,7294
2024-03-26,ARIHANTSUP,316.0,345.0,316.0,340.3500061035156,110607
2024-03-27,ARIHANTSUP,343.70001220703125,347.95001220703125,316.1000061035156,326.1499938964844,25910
2024-03-28,ARIHANTSUP,323.54998779296875,338.0,323.54998779296875,329.20001220703125,13780
2024-03-01,ARMANFIN,2097.050048828125,2153.949951171875,2040.949951171875,2054.5,64186
2024-03-04,ARMANFIN,2095.0,2095.0,2033.0999755859373,2039.25,40892
2024-03-05,ARMANFIN,2059.0,2059.449951171875,1951.0,1978.949951171875,45478
2024-03-06,ARMANFIN,1960.0,1995.0,1863.050048828125,1903.800048828125,85030
2024-03-07,ARMANFIN,1924.6500244140625,1970.0,1875.0,1888.949951171875,50463
2024-03-11,ARMANFIN,1889.949951171875,1910.8499755859373,1825.0,1862.5999755859373,28821
2024-03-12,ARMANFIN,1862.5999755859373,1958.949951171875,1816.550048828125,1844.300048828125,78972
2024-03-13,ARMANFIN,1844.050048828125,1886.0,1696.5999755859375,1788.199951171875,119030
2024-03-14,ARMANFIN,1755.0,1900.0,1735.949951171875,1884.5999755859373,60185
2024-03-15,ARMANFIN,1902.0,1918.1500244140625,1834.5999755859373,1857.9000244140625,55101
2024-03-18,ARMANFIN,1883.3499755859373,1900.0,1851.050048828125,1864.0,26032
2024-03-19,ARMANFIN,1873.550048828125,1920.0,1846.5999755859373,1913.3499755859373,26530
2024-03-20,ARMANFIN,1939.8499755859373,1946.050048828125,1853.3499755859373,1872.550048828125,30715
2024-03-21,ARMANFIN,1882.0999755859373,1964.3499755859373,1881.5,1929.3499755859373,30467
2024-03-22,ARMANFIN,1939.0,1955.699951171875,1885.949951171875,1905.0,26023
2024-03-26,ARMANFIN,1914.75,1924.050048828125,1820.0,1838.949951171875,48066
2024-03-27,ARMANFIN,1838.699951171875,1884.050048828125,1835.050048828125,1858.699951171875,25550
2024-03-28,ARMANFIN,1849.199951171875,1890.0,1819.1500244140625,1834.699951171875,54533
2024-03-01,AROGRANITE,53.54999923706055,56.5,53.54999923706055,55.34999847412109,34518
2024-03-04,AROGRANITE,55.650001525878906,56.75,55.04999923706055,55.400001525878906,20011
2024-03-05,AROGRANITE,55.25,55.900001525878906,53.150001525878906,54.04999923706055,35187
2024-03-06,AROGRANITE,53.70000076293945,54.29999923706055,48.95000076293945,51.5,52609
2024-03-07,AROGRANITE,51.70000076293945,53.09999847412109,50.25,50.900001525878906,20753
2024-03-11,AROGRANITE,52.75,52.75,49.650001525878906,50.150001525878906,19502
2024-03-12,AROGRANITE,50.150001525878906,51.79999923706055,46.45000076293945,48.70000076293945,42493
2024-03-13,AROGRANITE,48.150001525878906,48.400001525878906,41.900001525878906,42.25,65129
2024-03-14,AROGRANITE,42.75,47.29999923706055,41.09999847412109,46.25,48301
2024-03-15,AROGRANITE,46.0,53.0,45.70000076293945,49.04999923706055,213231
2024-03-18,AROGRANITE,51.150001525878906,51.150001525878906,47.45000076293945,47.84999847412109,23238
2024-03-19,AROGRANITE,48.59999847412109,48.59999847412109,47.0,47.25,26479
2024-03-20,AROGRANITE,47.25,49.29999923706055,47.0,48.09999847412109,39126
2024-03-21,AROGRANITE,48.150001525878906,50.04999923706055,46.0,46.900001525878906,52660
2024-03-22,AROGRANITE,47.84999847412109,48.75,46.5,47.09999847412109,37601
2024-03-26,AROGRANITE,47.900001525878906,47.900001525878906,45.29999923706055,45.650001525878906,112950
2024-03-27,AROGRANITE,46.79999923706055,49.84999847412109,45.29999923706055,45.79999923706055,176722
2024-03-28,AROGRANITE,46.5,47.5,44.45000076293945,44.900001525878906,82047
2024-03-01,ARROWGREEN,410.8500061035156,415.8999938964844,400.0,401.8500061035156,18454
2024-03-04,ARROWGREEN,401.0,403.0,392.0,394.7999877929688,18451
2024-03-05,ARROWGREEN,394.7999877929688,406.6000061035156,391.1000061035156,403.6499938964844,33555
2024-03-06,ARROWGREEN,400.0,403.0499877929688,389.6499938964844,399.0499877929688,31635
2024-03-07,ARROWGREEN,399.8999938964844,404.0,396.0,398.5,17470
2024-03-11,ARROWGREEN,399.0499877929688,402.0,389.1000061035156,397.2999877929688,38697
2024-03-12,ARROWGREEN,395.0,397.5,373.5499877929688,376.3999938964844,60019
2024-03-13,ARROWGREEN,370.0,378.5499877929688,335.04998779296875,348.54998779296875,57381
2024-03-14,ARROWGREEN,340.29998779296875,392.0,337.3500061035156,388.8500061035156,59140
2024-03-15,ARROWGREEN,383.0,402.2999877929688,381.1499938964844,398.75,33115
2024-03-18,ARROWGREEN,395.3999938964844,409.0,395.3999938964844,401.5499877929688,25754
2024-03-19,ARROWGREEN,400.1000061035156,416.0,400.1000061035156,402.4500122070313,36212
2024-03-20,ARROWGREEN,402.4500122070313,410.0,390.1000061035156,402.2000122070313,16814
2024-03-21,ARROWGREEN,402.2000122070313,404.8999938964844,396.2000122070313,401.7999877929688,20142
2024-03-22,ARROWGREEN,397.5499877929688,404.7999877929688,395.0,400.1000061035156,38323
2024-03-26,ARROWGREEN,402.1499938964844,402.75,390.1000061035156,391.1499938964844,34370
2024-03-27,ARROWGREEN,394.8999938964844,397.3500061035156,380.3999938964844,385.5499877929688,30343
2024-03-28,ARROWGREEN,385.5499877929688,401.0,375.2999877929688,386.5,36291
2024-03-01,ARSHIYA,9.25,9.25,9.25,9.25,305353
2024-03-04,ARSHIYA,8.949999809265137,8.949999809265137,8.949999809265137,8.949999809265137,177621
2024-03-05,ARSHIYA,8.800000190734863,8.800000190734863,8.800000190734863,8.800000190734863,218719
2024-03-06,ARSHIYA,8.649999618530273,8.649999618530273,8.649999618530273,8.649999618530273,32708
2024-03-07,ARSHIYA,8.5,8.5,8.5,8.5,318260
2024-03-11,ARSHIYA,8.350000381469727,8.350000381469727,8.350000381469727,8.350000381469727,73055
2024-03-12,ARSHIYA,8.199999809265137,8.199999809265137,8.199999809265137,8.199999809265137,10258
2024-03-13,ARSHIYA,8.050000190734863,8.050000190734863,8.050000190734863,8.050000190734863,2550
2024-03-14,ARSHIYA,7.900000095367432,7.900000095367432,7.900000095367432,7.900000095367432,13008
2024-03-15,ARSHIYA,7.75,7.75,7.75,7.75,9307
2024-03-18,ARSHIYA,7.400000095367432,7.400000095367432,7.400000095367432,7.400000095367432,48225
2024-03-19,ARSHIYA,7.050000190734863,7.050000190734863,7.050000190734863,7.050000190734863,35559
2024-03-20,ARSHIYA,6.75,7.349999904632568,6.699999809265137,6.699999809265137,2566937
2024-03-21,ARSHIYA,6.550000190734863,7.0,6.400000095367432,6.849999904632568,2021264
2024-03-22,ARSHIYA,6.849999904632568,7.150000095367432,6.5,6.900000095367432,1613552
2024-03-26,ARSHIYA,7.199999809265137,7.199999809265137,6.650000095367432,6.849999904632568,1193636
2024-03-27,ARSHIYA,6.849999904632568,7.0,6.5,6.5,2067293
2024-03-28,ARSHIYA,6.400000095367432,6.449999809265137,6.199999809265137,6.199999809265137,1088631
2024-03-01,ARTEMISMED,171.5500030517578,178.0,166.8000030517578,172.9499969482422,244262
2024-03-04,ARTEMISMED,172.85000610351562,173.14999389648438,163.0,165.25,240663
2024-03-05,ARTEMISMED,165.0,167.10000610351562,159.9499969482422,164.0,225442
2024-03-06,ARTEMISMED,164.0,164.0,158.1999969482422,160.85000610351562,160714
2024-03-07,ARTEMISMED,159.0,163.5,157.75,158.3000030517578,178896
2024-03-11,ARTEMISMED,158.5500030517578,160.64999389648438,152.14999389648438,153.60000610351562,182821
2024-03-12,ARTEMISMED,154.1999969482422,155.35000610351562,145.9499969482422,152.60000610351562,326823
2024-03-13,ARTEMISMED,152.60000610351562,156.0,142.3000030517578,143.4499969482422,299883
2024-03-14,ARTEMISMED,141.3000030517578,154.89999389648438,141.3000030517578,151.89999389648438,213377
2024-03-15,ARTEMISMED,168.0,168.0,152.14999389648438,154.75,365339
2024-03-18,ARTEMISMED,153.0,164.10000610351562,153.0,162.5500030517578,134067
2024-03-19,ARTEMISMED,162.5,165.0,157.0,162.9499969482422,117339
2024-03-20,ARTEMISMED,162.60000610351562,163.9499969482422,159.89999389648438,162.89999389648438,65005
2024-03-21,ARTEMISMED,163.10000610351562,171.0,162.35000610351562,169.5,207804
2024-03-22,ARTEMISMED,171.5,176.6999969482422,170.14999389648438,173.89999389648438,140020
2024-03-26,ARTEMISMED,173.0,175.1999969482422,169.25,172.75,88832
2024-03-27,ARTEMISMED,172.0500030517578,176.14999389648438,170.0500030517578,171.25,119918
2024-03-28,ARTEMISMED,172.14999389648438,173.1999969482422,169.0,169.85000610351562,83470
2024-03-01,ARTNIRMAN,73.0,73.0,69.5,69.5999984741211,3157
2024-03-04,ARTNIRMAN,71.44999694824219,72.94999694824219,71.44999694824219,72.94999694824219,779
2024-03-05,ARTNIRMAN,72.0,73.0,69.30000305175781,69.30000305175781,4628
2024-03-06,ARTNIRMAN,69.30000305175781,69.30000305175781,65.9000015258789,66.0,1589
2024-03-07,ARTNIRMAN,64.69999694824219,65.5,63.0,63.59999847412109,1437
2024-03-11,ARTNIRMAN,65.0,66.75,65.0,66.75,1695
2024-03-12,ARTNIRMAN,70.0,70.05000305175781,67.0,67.30000305175781,7889
2024-03-13,ARTNIRMAN,69.0,69.0,63.95000076293945,63.95000076293945,2140
2024-03-14,ARTNIRMAN,66.0,66.0,60.75,62.95000076293945,7581
2024-03-15,ARTNIRMAN,60.0,66.05000305175781,60.0,63.70000076293945,432
2024-03-18,ARTNIRMAN,66.0,66.0,62.25,65.4000015258789,1325
2024-03-19,ARTNIRMAN,68.5,68.5,62.150001525878906,62.5,1677
2024-03-20,ARTNIRMAN,62.5,62.5,59.400001525878906,59.400001525878906,4035
2024-03-21,ARTNIRMAN,59.5,62.29999923706055,56.45000076293945,57.09999847412109,4712
2024-03-22,ARTNIRMAN,57.09999847412109,58.0,54.5,57.150001525878906,2917
2024-03-26,ARTNIRMAN,59.400001525878906,59.400001525878906,54.400001525878906,55.150001525878906,2441
2024-03-27,ARTNIRMAN,55.150001525878906,57.0,52.400001525878906,52.400001525878906,8834
2024-03-28,ARTNIRMAN,52.400001525878906,55.0,49.79999923706055,49.79999923706055,7642
2024-03-01,ARVEE,139.0,145.3000030517578,137.0,138.8000030517578,236
2024-03-04,ARVEE,132.10000610351562,138.64999389648438,132.10000610351562,138.5500030517578,1895
2024-03-05,ARVEE,144.8000030517578,144.8000030517578,139.5,144.8000030517578,1156
2024-03-06,ARVEE,151.8000030517578,151.8000030517578,139.0500030517578,146.9499969482422,577
2024-03-07,ARVEE,140.0500030517578,146.0,139.60000610351562,143.0,1974
2024-03-11,ARVEE,142.5,142.5,136.6999969482422,136.6999969482422,588
2024-03-12,ARVEE,139.4499969482422,139.4499969482422,129.89999389648438,130.5500030517578,854
2024-03-13,ARVEE,136.0,136.0,134.35000610351562,134.39999389648438,468
2024-03-14,ARVEE,127.6999969482422,140.89999389648438,127.6999969482422,137.0,247
2024-03-15,ARVEE,132.0,132.0500030517578,130.14999389648438,130.64999389648438,1874
2024-03-18,ARVEE,130.35000610351562,139.9499969482422,122.0,136.1999969482422,1064
2024-03-19,ARVEE,136.1999969482422,136.1999969482422,125.0,131.0500030517578,644
2024-03-20,ARVEE,135.0,135.0,126.5999984741211,129.0500030517578,480
2024-03-21,ARVEE,129.10000610351562,132.0,117.0500030517578,124.8499984741211,1889
2024-03-22,ARVEE,133.0,137.3000030517578,130.0,135.85000610351562,12558
2024-03-26,ARVEE,135.85000610351562,145.0,132.0,141.9499969482422,6062
2024-03-27,ARVEE,142.14999389648438,145.4499969482422,140.0,141.6999969482422,2160
2024-03-28,ARVEE,141.1999969482422,146.0,140.0,143.39999389648438,1477
2024-03-01,ARVIND,281.45001220703125,285.0,278.1000061035156,279.75,273600
2024-03-04,ARVIND,280.8500061035156,284.0,278.5,279.8500061035156,253951
2024-03-05,ARVIND,280.54998779296875,281.0,274.0,276.29998779296875,350077
2024-03-06,ARVIND,270.0,280.0,263.3500061035156,270.6499938964844,623015
2024-03-07,ARVIND,269.95001220703125,278.8999938964844,269.95001220703125,274.95001220703125,678959
2024-03-11,ARVIND,270.6000061035156,276.54998779296875,252.0,262.45001220703125,1205800
2024-03-12,ARVIND,262.45001220703125,263.75,248.1499938964844,256.29998779296875,1102198
2024-03-13,ARVIND,251.0,263.0,239.5,253.8000030517578,1841494
2024-03-14,ARVIND,248.1000061035156,266.0,243.0,261.8999938964844,610496
2024-03-15,ARVIND,261.8999938964844,269.95001220703125,252.8999938964844,261.0,4941550
2024-03-18,ARVIND,261.0,272.95001220703125,259.75,270.8999938964844,298660
2024-03-19,ARVIND,274.0,274.95001220703125,259.04998779296875,259.95001220703125,278540
2024-03-20,ARVIND,259.95001220703125,265.25,254.5500030517578,260.04998779296875,290862
2024-03-21,ARVIND,265.5,281.5,265.5,278.75,356031
2024-03-22,ARVIND,278.0,288.25,274.29998779296875,278.8999938964844,739054
2024-03-26,ARVIND,280.29998779296875,281.79998779296875,274.04998779296875,275.75,160061
2024-03-27,ARVIND,275.75,282.0,273.0,275.45001220703125,336664
2024-03-28,ARVIND,279.0,280.29998779296875,269.0,270.45001220703125,364084
2024-03-01,ARVINDFASN,456.0,464.8999938964844,454.0499877929688,460.5499877929688,139998
2024-03-04,ARVINDFASN,463.7999877929688,471.3999938964844,458.0499877929688,465.25,159033
2024-03-05,ARVINDFASN,473.75,473.75,452.8500061035156,455.75,162146
2024-03-06,ARVINDFASN,460.0,460.0,443.7999877929688,451.9500122070313,257213
2024-03-07,ARVINDFASN,452.3999938964844,465.0,451.2999877929688,460.6499938964844,120506
2024-03-11,ARVINDFASN,460.6499938964844,464.4500122070313,450.0,451.75,106722
2024-03-12,ARVINDFASN,451.75,451.75,440.0,443.25,181700
2024-03-13,ARVINDFASN,444.9500122070313,446.0,415.8500061035156,426.1499938964844,539481
2024-03-14,ARVINDFASN,426.4500122070313,449.0,417.2000122070313,446.8999938964844,180721
2024-03-15,ARVINDFASN,447.0,459.25,440.2999877929688,452.2999877929688,111785
2024-03-18,ARVINDFASN,455.0,456.8500061035156,444.5,455.0,90729
2024-03-19,ARVINDFASN,453.0499877929688,456.4500122070313,447.6000061035156,453.4500122070313,60238
2024-03-20,ARVINDFASN,451.0,453.9500122070313,436.5499877929688,444.1000061035156,218269
2024-03-21,ARVINDFASN,453.5,453.8500061035156,439.0,442.1499938964844,235084
2024-03-22,ARVINDFASN,444.3500061035156,449.7999877929688,441.0499877929688,442.1000061035156,266940
2024-03-26,ARVINDFASN,443.0,446.1000061035156,432.5499877929688,440.0,174033
2024-03-27,ARVINDFASN,442.2000122070313,448.3999938964844,435.3500061035156,446.5,244561
2024-03-28,ARVINDFASN,452.7000122070313,455.3999938964844,439.0,453.1499938964844,215924
2024-03-01,ARVSMART,616.9500122070312,639.0,616.9500122070312,629.0999755859375,104629
2024-03-04,ARVSMART,621.4000244140625,637.0,598.0499877929688,607.3499755859375,71693
2024-03-05,ARVSMART,606.8499755859375,609.75,590.7999877929688,595.4500122070312,38295
2024-03-06,ARVSMART,590.0,591.4500122070312,559.0999755859375,580.25,180054
2024-03-07,ARVSMART,575.4500122070312,583.5,570.0,578.5,47812
2024-03-11,ARVSMART,572.25,582.3499755859375,543.0999755859375,547.8499755859375,68971
2024-03-12,ARVSMART,545.0,564.4000244140625,518.0499877929688,548.1500244140625,120886
2024-03-13,ARVSMART,555.0,569.0,525.0499877929688,554.7999877929688,173422
2024-03-14,ARVSMART,561.5999755859375,587.0,547.25,582.4500122070312,66304
2024-03-15,ARVSMART,582.4500122070312,601.75,560.0,597.4000244140625,62779
2024-03-18,ARVSMART,594.2000122070312,595.9000244140625,571.0999755859375,572.8499755859375,44855
2024-03-19,ARVSMART,573.25,584.2999877929688,563.5999755859375,578.9000244140625,26731
2024-03-20,ARVSMART,584.7000122070312,632.0,578.0,605.0499877929688,255925
2024-03-21,ARVSMART,605.0,612.7000122070312,592.9500122070312,597.0,88618
2024-03-22,ARVSMART,596.7000122070312,644.7000122070312,593.7999877929688,627.9500122070312,198652
2024-03-26,ARVSMART,632.2999877929688,634.0,609.0999755859375,628.7000122070312,86462
2024-03-27,ARVSMART,637.1500244140625,718.9000244140625,635.0,696.5499877929688,1157016
2024-03-28,ARVSMART,689.9500122070312,727.9500122070312,686.3499755859375,697.7999877929688,480958
2024-03-01,ASAHIINDIA,541.0499877929688,542.0,528.5,532.5,133523
2024-03-04,ASAHIINDIA,535.0499877929688,537.5,528.0,534.4500122070312,52177
2024-03-05,ASAHIINDIA,534.4500122070312,537.5,528.2000122070312,534.8499755859375,49586
2024-03-06,ASAHIINDIA,534.0499877929688,535.4500122070312,518.0999755859375,520.2999877929688,205467
2024-03-07,ASAHIINDIA,524.2999877929688,529.0,518.0,520.9500122070312,66592
2024-03-11,ASAHIINDIA,520.9500122070312,527.2999877929688,510.5499877929688,523.0,121579
2024-03-12,ASAHIINDIA,522.0,524.6500244140625,516.4000244140625,517.6500244140625,75876
2024-03-13,ASAHIINDIA,517.6500244140625,521.9500122070312,507.0,512.5499877929688,159906
2024-03-14,ASAHIINDIA,510.0,532.4500122070312,506.0,519.8499755859375,112078
2024-03-15,ASAHIINDIA,520.4500122070312,523.1500244140625,505.2999877929688,509.5,58955
2024-03-18,ASAHIINDIA,509.0,515.75,505.0,506.5,35536
2024-03-19,ASAHIINDIA,506.5,523.4500122070312,501.5499877929688,516.25,445101
2024-03-20,ASAHIINDIA,516.25,520.2999877929688,508.6000061035156,511.2000122070313,288941
2024-03-21,ASAHIINDIA,513.5499877929688,526.0,513.5499877929688,520.4500122070312,77985
2024-03-22,ASAHIINDIA,520.4500122070312,533.9000244140625,515.5,530.7999877929688,61863
2024-03-26,ASAHIINDIA,533.0,540.0,524.75,528.7999877929688,100724
2024-03-27,ASAHIINDIA,529.4500122070312,540.0,529.4500122070312,533.8499755859375,155368
2024-03-28,ASAHIINDIA,533.0,543.4000244140625,531.75,536.3499755859375,96737
2024-03-01,ASAHISONG,324.04998779296875,330.6499938964844,319.70001220703125,329.75,29975
2024-03-04,ASAHISONG,329.1000061035156,340.8999938964844,323.70001220703125,336.5,37614
2024-03-05,ASAHISONG,335.04998779296875,343.1499938964844,332.20001220703125,336.04998779296875,33204
2024-03-06,ASAHISONG,336.20001220703125,336.75,318.6499938964844,330.20001220703125,27562
2024-03-07,ASAHISONG,330.20001220703125,338.0,327.70001220703125,336.04998779296875,13366
2024-03-11,ASAHISONG,340.0,349.29998779296875,321.04998779296875,323.8500061035156,11359
2024-03-12,ASAHISONG,323.04998779296875,327.75,317.0,318.3999938964844,15081
2024-03-13,ASAHISONG,321.0,322.3999938964844,299.04998779296875,304.5,33510
2024-03-14,ASAHISONG,304.5,318.0,300.0,313.6000061035156,15493
2024-03-15,ASAHISONG,318.25,323.8999938964844,316.3500061035156,320.5,9465
2024-03-18,ASAHISONG,320.54998779296875,326.0,317.0,317.54998779296875,4727
2024-03-19,ASAHISONG,320.79998779296875,321.6499938964844,312.6499938964844,317.1000061035156,8695
2024-03-20,ASAHISONG,317.70001220703125,317.8500061035156,302.0,312.3500061035156,14997
2024-03-21,ASAHISONG,316.3500061035156,320.0,311.1000061035156,318.70001220703125,5896
2024-03-22,ASAHISONG,319.20001220703125,333.45001220703125,317.8999938964844,326.20001220703125,9005
2024-03-26,ASAHISONG,306.0,324.8999938964844,302.04998779296875,313.45001220703125,43366
2024-03-27,ASAHISONG,313.45001220703125,320.0,310.1000061035156,315.25,8968
2024-03-28,ASAHISONG,319.3500061035156,339.0,312.45001220703125,324.54998779296875,27135
2024-03-01,ASAL,579.2999877929688,632.8499755859375,579.2999877929688,632.8499755859375,167196
2024-03-04,ASAL,694.0,699.5999755859375,658.0499877929688,671.7000122070312,186428
2024-03-05,ASAL,679.7999877929688,687.0,614.9000244140625,630.25,111958
2024-03-06,ASAL,640.0,650.0,597.0,635.5999755859375,91169
2024-03-07,ASAL,647.7999877929688,679.25,626.75,669.25,116707
2024-03-11,ASAL,678.0,693.0,630.0499877929688,639.5999755859375,117652
2024-03-12,ASAL,650.0,656.9000244140625,597.9500122070312,601.75,72303
2024-03-13,ASAL,602.9500122070312,617.4500122070312,541.5999755859375,543.2000122070312,88205
2024-03-14,ASAL,545.0,597.5,533.0,597.5,88459
2024-03-15,ASAL,600.0,609.8499755859375,575.7999877929688,595.7000122070312,68416
2024-03-18,ASAL,608.75,608.75,586.7999877929688,592.75,27946
2024-03-19,ASAL,582.5,604.3499755859375,572.5,588.5,39242
2024-03-20,ASAL,602.0,602.0,566.0,580.2999877929688,34105
2024-03-21,ASAL,580.5499877929688,594.0,578.4000244140625,584.4500122070312,21606
2024-03-22,ASAL,589.2999877929688,597.0,577.7000122070312,587.9000244140625,21888
2024-03-26,ASAL,608.9500122070312,608.9500122070312,566.2999877929688,570.5,59184
2024-03-27,ASAL,587.5999755859375,587.5999755859375,565.0,568.5999755859375,38808
2024-03-28,ASAL,571.0,589.75,570.2000122070312,573.9500122070312,31721
2024-03-01,ASALCBR,539.0,553.4500122070312,531.0499877929688,543.0499877929688,133351
2024-03-04,ASALCBR,547.9500122070312,567.0,536.0,538.2999877929688,94155
2024-03-05,ASALCBR,538.4000244140625,544.9500122070312,528.5499877929688,533.6500244140625,40297
2024-03-06,ASALCBR,533.5999755859375,533.5999755859375,506.6000061035156,512.2999877929688,63708
2024-03-07,ASALCBR,505.1000061035156,525.0,505.1000061035156,518.0,38927
2024-03-11,ASALCBR,518.0,518.0499877929688,496.2000122070313,498.75,53021
2024-03-12,ASALCBR,500.0,506.7999877929688,484.0,500.3999938964844,99264
2024-03-13,ASALCBR,489.5,500.3999938964844,458.0,464.8500061035156,154925
2024-03-14,ASALCBR,465.3500061035156,487.0,465.3500061035156,472.4500122070313,58252
2024-03-15,ASALCBR,474.7999877929688,482.0,468.3500061035156,478.75,62344
2024-03-18,ASALCBR,478.7999877929688,483.2999877929688,476.0,479.3500061035156,43213
2024-03-19,ASALCBR,479.3999938964844,485.2000122070313,472.8999938964844,477.9500122070313,56902
2024-03-20,ASALCBR,478.0,493.2999877929688,472.9500122070313,487.3999938964844,56120
2024-03-21,ASALCBR,485.1000061035156,494.6000061035156,481.5,484.1000061035156,29591
2024-03-22,ASALCBR,484.1000061035156,505.8999938964844,482.2000122070313,496.75,64962
2024-03-26,ASALCBR,499.2000122070313,505.8500061035156,478.3500061035156,483.75,62119
2024-03-27,ASALCBR,484.0499877929688,492.5499877929688,475.0,477.0499877929688,43090
2024-03-28,ASALCBR,477.0499877929688,486.25,469.2999877929688,472.1000061035156,40777
2024-03-01,ASHAPURMIN,399.8999938964844,405.4500122070313,395.0,399.0499877929688,95546
2024-03-04,ASHAPURMIN,403.0,403.0,374.8500061035156,378.0499877929688,231397
2024-03-05,ASHAPURMIN,385.0,390.5499877929688,366.0,378.6000061035156,106559
2024-03-06,ASHAPURMIN,378.0,382.0,369.2000122070313,370.6000061035156,239218
2024-03-07,ASHAPURMIN,378.0,378.5,361.6000061035156,362.3999938964844,80315
2024-03-11,ASHAPURMIN,362.3999938964844,374.3999938964844,352.6000061035156,356.1499938964844,123172
2024-03-12,ASHAPURMIN,353.1000061035156,358.0,338.3500061035156,338.3500061035156,220774
2024-03-13,ASHAPURMIN,335.0,343.8999938964844,321.45001220703125,321.45001220703125,103314
2024-03-14,ASHAPURMIN,306.0,337.5,305.3999938964844,337.1499938964844,211439
2024-03-15,ASHAPURMIN,354.0,354.0,324.5,334.0,137496
2024-03-18,ASHAPURMIN,334.95001220703125,343.0,326.1000061035156,335.54998779296875,106369
2024-03-19,ASHAPURMIN,337.75,339.8500061035156,318.79998779296875,318.79998779296875,302942
2024-03-20,ASHAPURMIN,314.0,323.0,302.8999938964844,316.5,321928
2024-03-21,ASHAPURMIN,321.0,332.29998779296875,320.95001220703125,332.29998779296875,93085
2024-03-22,ASHAPURMIN,337.79998779296875,348.8999938964844,337.79998779296875,348.8999938964844,81686
2024-03-26,ASHAPURMIN,366.0,366.2999877929688,364.6499938964844,366.2999877929688,70219
2024-03-27,ASHAPURMIN,381.0,384.6000061035156,361.6499938964844,368.0499877929688,461664
2024-03-28,ASHAPURMIN,370.9500122070313,384.8999938964844,365.0,375.9500122070313,203984
2024-03-01,ASHIANA,304.0,312.1000061035156,304.0,307.04998779296875,39857
2024-03-04,ASHIANA,311.70001220703125,316.5,306.5,308.8500061035156,60421
2024-03-05,ASHIANA,312.04998779296875,312.04998779296875,306.45001220703125,307.8500061035156,50044
2024-03-06,ASHIANA,307.0,309.8500061035156,298.1499938964844,308.04998779296875,146784
2024-03-07,ASHIANA,311.1499938964844,318.29998779296875,306.5,311.5,86746
2024-03-11,ASHIANA,312.0,320.0,309.3999938964844,313.1000061035156,98427
2024-03-12,ASHIANA,313.1000061035156,313.1000061035156,290.0,292.79998779296875,144204
2024-03-13,ASHIANA,293.54998779296875,297.3500061035156,269.0,271.04998779296875,278571
2024-03-14,ASHIANA,272.45001220703125,282.0,269.75,272.04998779296875,211301
2024-03-15,ASHIANA,275.0,281.54998779296875,273.70001220703125,277.0,69438
2024-03-18,ASHIANA,282.5,289.8999938964844,272.25,275.3999938964844,75055
2024-03-19,ASHIANA,274.1000061035156,276.79998779296875,270.0,270.29998779296875,60724
2024-03-20,ASHIANA,271.70001220703125,276.8500061035156,269.70001220703125,271.75,54477
2024-03-21,ASHIANA,276.0,283.20001220703125,272.1499938964844,278.29998779296875,52630
2024-03-22,ASHIANA,280.8999938964844,287.0,272.6499938964844,282.25,66747
2024-03-26,ASHIANA,281.0,284.8500061035156,275.0,275.8500061035156,40335
2024-03-27,ASHIANA,275.8500061035156,281.8999938964844,272.79998779296875,274.1499938964844,59726
2024-03-28,ASHIANA,274.1499938964844,280.8999938964844,271.1499938964844,273.95001220703125,60704
2024-03-01,ASHIMASYN,21.25,21.950000762939453,20.89999961853028,21.049999237060547,245835
2024-03-04,ASHIMASYN,21.25,21.299999237060547,20.0,20.450000762939453,239312
2024-03-05,ASHIMASYN,20.450000762939453,20.850000381469727,19.850000381469727,20.0,431811
2024-03-06,ASHIMASYN,19.950000762939453,20.049999237060547,18.64999961853028,19.049999237060547,704098
2024-03-07,ASHIMASYN,19.100000381469727,19.75,19.100000381469727,19.39999961853028,244188
2024-03-11,ASHIMASYN,19.700000762939453,22.700000762939453,19.200000762939453,22.14999961853028,4045724
2024-03-12,ASHIMASYN,22.39999961853028,22.950000762939453,19.75,20.25,1636306
2024-03-13,ASHIMASYN,20.450000762939453,20.89999961853028,18.299999237060547,18.39999961853028,893820
2024-03-14,ASHIMASYN,19.350000381469727,19.700000762939453,18.600000381469727,19.350000381469727,664972
2024-03-15,ASHIMASYN,19.299999237060547,19.75,18.0,18.700000762939453,703571
2024-03-18,ASHIMASYN,18.89999961853028,19.700000762939453,18.75,19.299999237060547,449551
2024-03-19,ASHIMASYN,19.5,19.5,18.549999237060547,18.600000381469727,311450
2024-03-20,ASHIMASYN,18.600000381469727,19.0,18.200000762939453,18.350000381469727,398757
2024-03-21,ASHIMASYN,19.0,19.14999961853028,18.549999237060547,18.64999961853028,261202
2024-03-22,ASHIMASYN,18.850000381469727,19.350000381469727,18.600000381469727,19.049999237060547,260848
2024-03-26,ASHIMASYN,19.100000381469727,19.200000762939453,18.799999237060547,18.950000762939453,259169
2024-03-27,ASHIMASYN,19.100000381469727,19.350000381469727,17.799999237060547,18.200000762939453,508875
2024-03-28,ASHIMASYN,18.600000381469727,18.700000762939453,17.950000762939453,18.0,352181
2024-03-01,ASHOKA,187.5,192.5,184.5500030517578,186.8500061035156,3299460
2024-03-04,ASHOKA,189.9499969482422,190.0,185.1999969482422,186.3500061035156,1312479
2024-03-05,ASHOKA,186.3500061035156,188.3999938964844,178.85000610351562,179.85000610351562,1784982
2024-03-06,ASHOKA,180.0,180.0,166.0,168.3000030517578,3555996
2024-03-07,ASHOKA,168.6999969482422,170.6999969482422,162.35000610351562,163.5500030517578,3101745
2024-03-11,ASHOKA,164.6999969482422,168.14999389648438,163.75,164.4499969482422,2525902
2024-03-12,ASHOKA,164.1999969482422,164.75,155.0,155.60000610351562,2206889
2024-03-13,ASHOKA,157.14999389648438,162.5,144.3000030517578,146.0,3526711
2024-03-14,ASHOKA,144.60000610351562,165.0,140.89999389648438,160.0500030517578,3332635
2024-03-15,ASHOKA,159.9499969482422,164.25,155.5500030517578,163.1999969482422,2271016
2024-03-18,ASHOKA,164.0,165.75,156.5,157.0500030517578,1655531
2024-03-19,ASHOKA,157.5,158.3000030517578,153.0,154.10000610351562,1097927
2024-03-20,ASHOKA,155.0,157.6999969482422,150.89999389648438,156.85000610351562,1260670
2024-03-21,ASHOKA,160.0500030517578,162.10000610351562,159.0,160.4499969482422,863637
2024-03-22,ASHOKA,160.9499969482422,166.0,160.4499969482422,163.89999389648438,943539
2024-03-26,ASHOKA,164.6999969482422,164.6999969482422,158.64999389648438,160.5500030517578,1061962
2024-03-27,ASHOKA,162.35000610351562,164.4499969482422,158.5,159.6999969482422,1122263
2024-03-28,ASHOKA,161.25,162.14999389648438,156.0,156.60000610351562,1126377
2024-03-01,ASHOKAMET,25.100000381469727,25.100000381469727,24.100000381469727,24.700000762939453,578064
2024-03-04,ASHOKAMET,26.5,27.14999961853028,26.0,26.39999961853028,589720
2024-03-05,ASHOKAMET,26.39999961853028,27.700000762939453,25.799999237060547,26.549999237060547,692530
2024-03-06,ASHOKAMET,27.0,27.799999237060547,25.25,26.39999961853028,416693
2024-03-07,ASHOKAMET,25.100000381469727,26.850000381469727,25.100000381469727,25.75,372276
2024-03-11,ASHOKAMET,25.89999961853028,25.89999961853028,24.5,24.5,42906
2024-03-12,ASHOKAMET,23.299999237060547,23.299999237060547,23.299999237060547,23.299999237060547,32187
2024-03-13,ASHOKAMET,22.14999961853028,24.450000762939453,22.14999961853028,22.14999961853028,196715
2024-03-14,ASHOKAMET,21.89999961853028,23.25,21.049999237060547,23.25,141947
2024-03-15,ASHOKAMET,23.450000762939453,23.450000762939453,22.100000381469727,22.75,35985
2024-03-18,ASHOKAMET,22.75,22.799999237060547,21.64999961853028,21.64999961853028,53830
2024-03-19,ASHOKAMET,21.64999961853028,21.850000381469727,20.600000381469727,20.600000381469727,69743
2024-03-20,ASHOKAMET,20.549999237060547,20.600000381469727,19.600000381469727,19.89999961853028,39447
2024-03-21,ASHOKAMET,20.39999961853028,20.39999961853028,18.89999961853028,19.799999237060547,116273
2024-03-22,ASHOKAMET,19.75,19.75,18.850000381469727,18.850000381469727,143405
2024-03-26,ASHOKAMET,18.549999237060547,18.64999961853028,17.899999618530273,17.899999618530273,73846
2024-03-27,ASHOKAMET,17.950000762939453,17.950000762939453,17.0,17.350000381469727,100700
2024-03-28,ASHOKAMET,17.100000381469727,18.200000762939453,17.100000381469727,18.049999237060547,92356
2024-03-01,ASHOKLEY,85.5,86.67500305175781,85.30000305175781,85.9749984741211,24134334
2024-03-04,ASHOKLEY,86.0,86.9749984741211,85.3499984741211,86.0250015258789,35480038
2024-03-05,ASHOKLEY,85.94999694824219,86.75,85.7750015258789,85.94999694824219,16599648
2024-03-06,ASHOKLEY,85.94999694824219,86.0999984741211,84.5,85.3499984741211,18817756
2024-03-07,ASHOKLEY,85.3499984741211,86.125,85.30000305175781,85.5250015258789,11265328
2024-03-11,ASHOKLEY,85.9749984741211,86.375,84.57499694824219,84.80000305175781,30037892
2024-03-12,ASHOKLEY,85.0,85.07499694824219,83.5,83.6500015258789,20222622
2024-03-13,ASHOKLEY,83.75,83.9000015258789,79.5250015258789,79.9000015258789,28935186
2024-03-14,ASHOKLEY,79.05000305175781,82.2249984741211,78.7750015258789,82.05000305175781,30579464
2024-03-15,ASHOKLEY,82.1500015258789,82.42500305175781,80.125,80.92500305175781,38148982
2024-03-18,ASHOKLEY,81.0999984741211,81.7249984741211,79.875,81.32499694824219,27279552
2024-03-19,ASHOKLEY,81.4749984741211,81.5,79.9749984741211,80.9000015258789,32026390
2024-03-20,ASHOKLEY,81.0250015258789,81.42500305175781,80.0250015258789,80.7750015258789,15974334
2024-03-21,ASHOKLEY,81.69999694824219,83.5999984741211,81.30000305175781,83.42500305175781,25383800
2024-03-22,ASHOKLEY,83.4000015258789,84.2249984741211,83.0250015258789,83.32499694824219,22561254
2024-03-26,ASHOKLEY,83.625,85.125,83.5,84.30000305175781,40421540
2024-03-27,ASHOKLEY,85.125,85.67500305175781,84.30000305175781,84.5,26132888
2024-03-28,ASHOKLEY,85.3499984741211,86.30000305175781,84.7750015258789,85.625,32561196
2024-03-01,ASIANENE,296.0,303.04998779296875,291.04998779296875,298.70001220703125,42205
2024-03-04,ASIANENE,292.04998779296875,302.0,292.04998779296875,300.6499938964844,35491
2024-03-05,ASIANENE,300.6499938964844,302.45001220703125,294.79998779296875,297.1499938964844,59031
2024-03-06,ASIANENE,297.0,297.1499938964844,282.29998779296875,284.45001220703125,32494
2024-03-07,ASIANENE,282.1000061035156,287.75,271.8500061035156,279.3500061035156,33483
2024-03-11,ASIANENE,270.5,291.0,270.5,277.45001220703125,56113
2024-03-12,ASIANENE,271.29998779296875,278.95001220703125,263.6000061035156,263.6000061035156,57320
2024-03-13,ASIANENE,255.8000030517578,269.5,250.4499969482422,250.4499969482422,71194
2024-03-14,ASIANENE,239.5500030517578,249.4499969482422,237.9499969482422,240.6999969482422,206377
2024-03-15,ASIANENE,240.6999969482422,241.6999969482422,230.3500061035156,234.1499938964844,65644
2024-03-18,ASIANENE,230.25,245.8500061035156,230.25,245.8500061035156,46436
2024-03-19,ASIANENE,246.8000030517578,258.1000061035156,243.3500061035156,258.1000061035156,30006
2024-03-20,ASIANENE,264.3999938964844,271.0,248.25,271.0,55748
2024-03-21,ASIANENE,274.95001220703125,284.54998779296875,273.0,284.54998779296875,47778
2024-03-22,ASIANENE,285.79998779296875,296.45001220703125,285.0,285.29998779296875,59195
2024-03-26,ASIANENE,290.8999938964844,298.8500061035156,275.1499938964844,276.75,54597
2024-03-27,ASIANENE,283.95001220703125,283.95001220703125,262.95001220703125,263.6000061035156,60095
2024-03-28,ASIANENE,269.8999938964844,276.75,258.3500061035156,271.20001220703125,89095
2024-03-01,ASIANHOTNR,130.4499969482422,134.5,130.0,130.60000610351562,1985
2024-03-04,ASIANHOTNR,135.1999969482422,135.1999969482422,128.10000610351562,129.64999389648438,5036
2024-03-05,ASIANHOTNR,129.0,129.0,125.75,125.9000015258789,2362
2024-03-06,ASIANHOTNR,125.75,126.4499969482422,120.0,124.6500015258789,1560
2024-03-07,ASIANHOTNR,124.5,125.75,124.5,125.75,2231
2024-03-11,ASIANHOTNR,125.75,128.6999969482422,122.0,122.4000015258789,4351
2024-03-12,ASIANHOTNR,123.0,125.0,116.3000030517578,116.3499984741211,22800
2024-03-13,ASIANHOTNR,116.5500030517578,116.5500030517578,110.5500030517578,110.8000030517578,37481
2024-03-14,ASIANHOTNR,111.0,116.0,111.0,114.5500030517578,3611
2024-03-15,ASIANHOTNR,117.0,118.0,108.8499984741211,118.0,10051
2024-03-18,ASIANHOTNR,118.0,118.0,114.0,114.8000030517578,3318
2024-03-19,ASIANHOTNR,117.0,117.8000030517578,115.0,115.0,50543
2024-03-20,ASIANHOTNR,115.0500030517578,117.6500015258789,110.5,110.6999969482422,47574
2024-03-21,ASIANHOTNR,110.9499969482422,116.0,110.5,112.0,96875
2024-03-22,ASIANHOTNR,114.9499969482422,117.5999984741211,112.0500030517578,115.1500015258789,86499
2024-03-26,ASIANHOTNR,115.1500015258789,120.9000015258789,111.0500030517578,120.9000015258789,91015
2024-03-27,ASIANHOTNR,120.9000015258789,126.9000015258789,120.9000015258789,126.9000015258789,8426
2024-03-28,ASIANHOTNR,127.1999969482422,133.1999969482422,127.1999969482422,132.0,31108
2024-03-01,ASIANPAINT,2832.89990234375,2845.949951171875,2815.050048828125,2831.75,978174
2024-03-04,ASIANPAINT,2860.0,2860.949951171875,2828.0,2831.75,971299
2024-03-05,ASIANPAINT,2834.0,2834.85009765625,2805.0,2820.39990234375,736381
2024-03-06,ASIANPAINT,2827.949951171875,2839.0,2777.75,2827.300048828125,1723066
2024-03-07,ASIANPAINT,2825.0,2894.0,2825.0,2870.550048828125,1564364
2024-03-11,ASIANPAINT,2895.550048828125,2896.550048828125,2853.10009765625,2876.85009765625,866546
2024-03-12,ASIANPAINT,2880.0,2899.89990234375,2865.449951171875,2876.14990234375,663186
2024-03-13,ASIANPAINT,2878.60009765625,2887.25,2835.0,2860.14990234375,955841
2024-03-14,ASIANPAINT,2860.0,2898.050048828125,2841.0,2892.25,1381741
2024-03-15,ASIANPAINT,2895.0,2896.949951171875,2850.0,2867.550048828125,1356226
2024-03-18,ASIANPAINT,2866.0,2866.0,2817.25,2846.5,940424
2024-03-19,ASIANPAINT,2840.0,2840.0,2801.0,2815.10009765625,1199135
2024-03-20,ASIANPAINT,2815.10009765625,2837.050048828125,2797.550048828125,2824.89990234375,818910
2024-03-21,ASIANPAINT,2845.0,2845.39990234375,2806.0,2821.14990234375,1167680
2024-03-22,ASIANPAINT,2821.14990234375,2855.14990234375,2808.0,2841.5,1652689
2024-03-26,ASIANPAINT,2820.0,2844.14990234375,2810.0,2814.64990234375,1372390
2024-03-27,ASIANPAINT,2817.949951171875,2842.85009765625,2817.699951171875,2830.5,1156231
2024-03-28,ASIANPAINT,2835.050048828125,2868.0,2819.0,2846.75,1864623
2024-03-01,ASIANTILES,65.0,66.1500015258789,63.900001525878906,64.4000015258789,869825
2024-03-04,ASIANTILES,65.0999984741211,65.25,63.79999923706055,64.0999984741211,491618
2024-03-05,ASIANTILES,64.1500015258789,64.4000015258789,63.150001525878906,63.34999847412109,421153
2024-03-06,ASIANTILES,63.20000076293945,63.25,60.04999923706055,60.900001525878906,984159
2024-03-07,ASIANTILES,61.0,62.5,60.34999847412109,60.84999847412109,661743
2024-03-11,ASIANTILES,61.09999847412109,61.400001525878906,58.84999847412109,59.09999847412109,1250743
2024-03-12,ASIANTILES,59.09999847412109,59.150001525878906,56.29999923706055,56.75,1102803
2024-03-13,ASIANTILES,56.84999847412109,57.75,51.0,51.59999847412109,2084891
2024-03-14,ASIANTILES,51.0,54.5,51.0,52.75,1832356
2024-03-15,ASIANTILES,52.400001525878906,57.400001525878906,51.0,56.59999847412109,2887266
2024-03-18,ASIANTILES,58.04999923706055,58.75,55.5,58.650001525878906,1819960
2024-03-19,ASIANTILES,58.400001525878906,60.95000076293945,57.650001525878906,58.400001525878906,1629526
2024-03-20,ASIANTILES,58.84999847412109,59.20000076293945,56.75,58.650001525878906,875876
2024-03-21,ASIANTILES,58.79999923706055,60.70000076293945,58.5,59.75,729311
2024-03-22,ASIANTILES,58.75,62.20000076293945,58.75,61.25,969137
2024-03-26,ASIANTILES,61.5,62.79999923706055,59.20000076293945,59.5,1064084
2024-03-27,ASIANTILES,60.29999923706055,60.75,57.04999923706055,57.45000076293945,1119191
2024-03-28,ASIANTILES,58.09999847412109,59.79999923706055,56.95000076293945,57.150001525878906,1034326
2024-03-01,ASKAUTOLTD,294.6499938964844,297.29998779296875,293.0,294.95001220703125,238277
2024-03-04,ASKAUTOLTD,295.6499938964844,299.70001220703125,287.25,288.25,243096
2024-03-05,ASKAUTOLTD,288.0,293.5,285.5,286.45001220703125,213041
2024-03-06,ASKAUTOLTD,288.0,288.0,275.0,278.0,340359
2024-03-07,ASKAUTOLTD,280.0,283.3500061035156,277.0,280.20001220703125,125858
2024-03-11,ASKAUTOLTD,280.70001220703125,281.0,270.25,272.1000061035156,236474
2024-03-12,ASKAUTOLTD,270.95001220703125,274.75,259.3999938964844,262.6499938964844,361034
2024-03-13,ASKAUTOLTD,262.8999938964844,267.0,240.1000061035156,243.5500030517578,396299
2024-03-14,ASKAUTOLTD,243.5500030517578,251.8999938964844,241.5,246.25,402500
2024-03-15,ASKAUTOLTD,248.5,258.0,244.1000061035156,254.3500061035156,926542
2024-03-18,ASKAUTOLTD,254.3500061035156,254.8000030517578,249.0,251.9499969482422,284557
2024-03-19,ASKAUTOLTD,252.8999938964844,258.79998779296875,250.1499938964844,253.8500061035156,266693
2024-03-20,ASKAUTOLTD,254.8500061035156,255.5,251.0,253.8999938964844,255157
2024-03-21,ASKAUTOLTD,257.5,262.5,256.04998779296875,259.8999938964844,192278
2024-03-22,ASKAUTOLTD,259.45001220703125,277.5,259.45001220703125,274.25,494954
2024-03-26,ASKAUTOLTD,274.8500061035156,275.20001220703125,266.8999938964844,270.1000061035156,230699
2024-03-27,ASKAUTOLTD,271.95001220703125,279.54998779296875,270.0,274.75,306723
2024-03-28,ASKAUTOLTD,278.5,287.6000061035156,274.75,284.6000061035156,318204
2024-03-01,ASMS,22.700000762939453,22.700000762939453,22.700000762939453,22.700000762939453,14079
2024-03-04,ASMS,21.799999237060547,21.799999237060547,21.799999237060547,21.799999237060547,16898
2024-03-05,ASMS,21.39999961853028,21.39999961853028,21.39999961853028,21.39999961853028,14615
2024-03-06,ASMS,21.0,21.0,21.0,21.0,16507
2024-03-07,ASMS,20.600000381469727,20.600000381469727,20.600000381469727,20.600000381469727,10979
2024-03-11,ASMS,20.200000762939453,20.200000762939453,20.200000762939453,20.200000762939453,12750
2024-03-12,ASMS,19.799999237060547,19.799999237060547,19.799999237060547,19.799999237060547,8815
2024-03-13,ASMS,19.39999961853028,19.39999961853028,19.39999961853028,19.39999961853028,7837
2024-03-14,ASMS,19.049999237060547,19.049999237060547,19.049999237060547,19.049999237060547,14540
2024-03-15,ASMS,18.700000762939453,19.39999961853028,18.700000762939453,18.700000762939453,329842
2024-03-18,ASMS,18.350000381469727,18.350000381469727,18.350000381469727,18.350000381469727,38576
2024-03-19,ASMS,18.0,18.0,18.0,18.0,16493
2024-03-20,ASMS,17.649999618530273,18.0,17.649999618530273,17.649999618530273,173056
2024-03-21,ASMS,17.350000381469727,17.899999618530273,17.299999237060547,17.299999237060547,138953
2024-03-22,ASMS,17.049999237060547,17.100000381469727,16.950000762939453,16.950000762939453,73826
2024-03-26,ASMS,16.649999618530273,17.25,16.649999618530273,17.25,133420
2024-03-27,ASMS,17.5,17.549999237060547,17.5,17.549999237060547,57171
2024-03-28,ASMS,17.899999618530273,17.899999618530273,17.899999618530273,17.899999618530273,88458
2024-03-01,ASPINWALL,259.0,259.0,251.3999938964844,253.9499969482422,8329
2024-03-04,ASPINWALL,252.1000061035156,301.0,250.5500030517578,297.79998779296875,199845
2024-03-05,ASPINWALL,291.6499938964844,291.6499938964844,275.1000061035156,276.1000061035156,73918
2024-03-06,ASPINWALL,279.45001220703125,279.70001220703125,269.0,270.29998779296875,21140
2024-03-07,ASPINWALL,271.8999938964844,277.79998779296875,266.29998779296875,272.79998779296875,10683
2024-03-11,ASPINWALL,272.79998779296875,273.95001220703125,252.8999938964844,255.8500061035156,13637
2024-03-12,ASPINWALL,255.0,255.1000061035156,244.6999969482422,248.1000061035156,16697
2024-03-13,ASPINWALL,248.1000061035156,252.1000061035156,230.3000030517578,233.75,17862
2024-03-14,ASPINWALL,236.1000061035156,248.1999969482422,230.0,233.9499969482422,13302
2024-03-15,ASPINWALL,233.9499969482422,243.9499969482422,233.9499969482422,236.4499969482422,4734
2024-03-18,ASPINWALL,236.1000061035156,245.8999938964844,234.0,242.6499938964844,9218
2024-03-19,ASPINWALL,242.6000061035156,243.0,238.0,238.25,5277
2024-03-20,ASPINWALL,242.75,243.0500030517578,234.1499938964844,234.6999969482422,3666
2024-03-21,ASPINWALL,238.9499969482422,251.8999938964844,237.5,244.8999938964844,9506
2024-03-22,ASPINWALL,244.8999938964844,293.8500061035156,244.8999938964844,275.45001220703125,387211
2024-03-26,ASPINWALL,275.0,283.95001220703125,260.29998779296875,261.3999938964844,35403
2024-03-27,ASPINWALL,265.3999938964844,268.0,246.0,249.9499969482422,23577
2024-03-28,ASPINWALL,250.0,255.0,246.0500030517578,251.6000061035156,18074
2024-03-01,ASTEC,898.75,911.7999877929688,889.5499877929688,898.8499755859375,10292
2024-03-04,ASTEC,901.2000122070312,912.7000122070312,900.0,906.1500244140624,15982
2024-03-05,ASTEC,905.9000244140624,1004.0,895.0,981.5999755859376,267928
2024-03-06,ASTEC,981.0,995.0,951.0,966.2000122070312,44611
2024-03-07,ASTEC,980.0,1026.0,967.0,976.8499755859376,102185
2024-03-11,ASTEC,1011.0,1072.0,993.2000122070312,1058.9000244140625,384197
2024-03-12,ASTEC,1057.949951171875,1057.949951171875,1001.0,1019.3499755859376,100035
2024-03-13,ASTEC,1028.0,1067.550048828125,1005.0499877929688,1052.300048828125,151889
2024-03-14,ASTEC,1054.3499755859375,1092.0999755859375,1025.0,1086.75,116001
2024-03-15,ASTEC,1086.75,1147.0,1075.0,1101.5,171468
2024-03-18,ASTEC,1099.9000244140625,1134.25,1077.0,1122.1500244140625,71448
2024-03-19,ASTEC,1119.0,1135.0,1112.050048828125,1130.300048828125,45101
2024-03-20,ASTEC,1130.300048828125,1134.050048828125,1100.0,1111.25,31552
2024-03-21,ASTEC,1114.550048828125,1120.699951171875,1101.5,1110.25,19345
2024-03-22,ASTEC,1115.8499755859375,1132.0,1100.0,1120.1500244140625,31546
2024-03-26,ASTEC,1127.0999755859375,1134.0,1095.0999755859375,1104.0,23502
2024-03-27,ASTEC,1104.0,1120.0,1041.9000244140625,1054.9000244140625,59572
2024-03-28,ASTEC,1054.8499755859375,1097.0,1049.300048828125,1067.449951171875,38539
2024-03-01,ASTERDM,474.5,474.75,446.3999938964844,462.0499877929688,917075
2024-03-04,ASTERDM,470.0,470.0,455.9500122070313,461.5499877929688,605086
2024-03-05,ASTERDM,461.9500122070313,461.9500122070313,452.0499877929688,453.2999877929688,227811
2024-03-06,ASTERDM,453.5,454.9500122070313,441.0,445.1000061035156,261919
2024-03-07,ASTERDM,445.9500122070313,452.8500061035156,443.5499877929688,444.3999938964844,138431
2024-03-11,ASTERDM,444.3999938964844,446.6000061035156,428.5,431.0,326610
2024-03-12,ASTERDM,434.8999938964844,434.8999938964844,416.7999877929688,420.8999938964844,896700
2024-03-13,ASTERDM,422.8999938964844,431.5499877929688,410.5,413.1499938964844,555365
2024-03-14,ASTERDM,411.0,427.5499877929688,411.0,425.1000061035156,497923
2024-03-15,ASTERDM,425.1499938964844,437.0,425.1499938964844,433.8500061035156,281688
2024-03-18,ASTERDM,433.8500061035156,435.9500122070313,429.6499938964844,431.2999877929688,146862
2024-03-19,ASTERDM,432.3999938964844,432.3999938964844,423.7999877929688,428.3500061035156,210944
2024-03-20,ASTERDM,426.0,467.9500122070313,425.2999877929688,437.8999938964844,652931
2024-03-21,ASTERDM,444.0,449.4500122070313,437.0499877929688,438.3999938964844,260688
2024-03-22,ASTERDM,441.8500061035156,444.0,433.0,438.6499938964844,99791
2024-03-26,ASTERDM,441.0,448.0,432.25,437.2000122070313,175450
2024-03-27,ASTERDM,411.7999877929688,419.7999877929688,402.2000122070313,404.8999938964844,10031325
2024-03-28,ASTERDM,410.5,415.8999938964844,406.1499938964844,409.2999877929688,1380014
2024-03-01,ASTRAL,2086.5,2106.199951171875,2066.050048828125,2073.60009765625,388318
2024-03-04,ASTRAL,2115.0,2119.39990234375,2071.550048828125,2097.10009765625,763233
2024-03-05,ASTRAL,2106.0,2143.800048828125,2088.0,2106.75,803395
2024-03-06,ASTRAL,2111.0,2111.0,2047.6500244140625,2093.0,477261
2024-03-07,ASTRAL,2080.050048828125,2134.0,2080.050048828125,2100.25,415811
2024-03-11,ASTRAL,2100.25,2124.949951171875,2077.300048828125,2101.0,801434
2024-03-12,ASTRAL,2102.0,2109.699951171875,2035.550048828125,2044.3499755859373,479940
2024-03-13,ASTRAL,2049.050048828125,2083.25,1975.5999755859373,2001.1500244140625,1066781
2024-03-14,ASTRAL,1982.25,2045.75,1975.550048828125,2015.6500244140625,563858
2024-03-15,ASTRAL,2015.0,2057.39990234375,1956.800048828125,2030.199951171875,514531
2024-03-18,ASTRAL,2035.25,2050.0,1944.449951171875,1970.5999755859373,1769550
2024-03-19,ASTRAL,1979.9000244140625,2022.0,1878.5999755859373,1951.75,2131586
2024-03-20,ASTRAL,1951.75,1965.0,1895.8499755859373,1904.8499755859373,1106750
2024-03-21,ASTRAL,1914.5999755859373,1950.0,1902.0,1942.5,390508
2024-03-22,ASTRAL,1940.0,1956.75,1912.050048828125,1938.9000244140625,519482
2024-03-26,ASTRAL,1925.800048828125,1999.0,1925.800048828125,1992.9000244140625,456184
2024-03-27,ASTRAL,2009.800048828125,2018.800048828125,1987.699951171875,1998.0999755859373,327476
2024-03-28,ASTRAL,2010.0,2012.050048828125,1982.0,1991.25,379847
2024-03-01,ASTRAMICRO,618.0,634.0,609.2999877929688,614.1500244140625,244234
2024-03-04,ASTRAMICRO,622.7999877929688,625.0499877929688,613.1500244140625,616.25,172444
2024-03-05,ASTRAMICRO,624.0499877929688,636.75,617.4000244140625,621.6500244140625,462857
2024-03-06,ASTRAMICRO,625.5499877929688,643.0,610.0,615.5999755859375,300590
2024-03-07,ASTRAMICRO,618.0,624.9000244140625,613.5,619.8499755859375,117828
2024-03-11,ASTRAMICRO,619.8499755859375,626.0,604.0,606.7000122070312,187832
2024-03-12,ASTRAMICRO,607.0,610.0499877929688,575.0999755859375,577.6500244140625,352349
2024-03-13,ASTRAMICRO,577.5999755859375,585.4500122070312,510.1000061035156,521.6500244140625,510840
2024-03-14,ASTRAMICRO,521.0,566.75,514.0499877929688,562.2999877929688,306442
2024-03-15,ASTRAMICRO,577.7000122070312,577.7000122070312,548.2000122070312,567.6500244140625,234219
2024-03-18,ASTRAMICRO,570.2999877929688,574.8499755859375,555.0,559.1500244140625,148478
2024-03-19,ASTRAMICRO,559.1500244140625,568.1500244140625,548.0499877929688,550.7999877929688,138068
2024-03-20,ASTRAMICRO,555.6500244140625,555.6500244140625,532.0499877929688,535.4500122070312,210877
2024-03-21,ASTRAMICRO,540.75,548.2999877929688,536.0,538.3499755859375,268819
2024-03-22,ASTRAMICRO,545.0,560.4000244140625,540.7999877929688,557.2999877929688,198252
2024-03-26,ASTRAMICRO,559.4000244140625,559.4000244140625,545.0999755859375,546.0999755859375,168032
2024-03-27,ASTRAMICRO,552.0,556.5999755859375,530.0,544.2000122070312,337445
2024-03-28,ASTRAMICRO,547.0,622.8499755859375,547.0,596.4500122070312,1916979
2024-03-01,ASTRAZEN,5521.25,5542.9501953125,5425.0,5449.2001953125,5777
2024-03-04,ASTRAZEN,5450.2001953125,5478.9501953125,5397.39990234375,5449.89990234375,24663
2024-03-05,ASTRAZEN,5440.0,5483.89990234375,5373.10009765625,5452.4501953125,16777
2024-03-06,ASTRAZEN,5470.0,5470.0,5355.0,5395.35009765625,15289
2024-03-07,ASTRAZEN,5399.7998046875,5489.0,5328.75,5423.14990234375,8954
2024-03-11,ASTRAZEN,5449.0,5449.0,5310.0,5374.89990234375,7046
2024-03-12,ASTRAZEN,5374.89990234375,5396.7998046875,5135.0498046875,5170.25,30248
2024-03-13,ASTRAZEN,5170.25,5174.7001953125,4993.9501953125,5093.4501953125,39822
2024-03-14,ASTRAZEN,5099.7998046875,5149.9501953125,4785.0,4928.0498046875,13676
2024-03-15,ASTRAZEN,5001.9501953125,5194.7001953125,4928.0498046875,5059.85009765625,27399
2024-03-18,ASTRAZEN,5059.89990234375,5120.0,5020.0,5097.25,3597
2024-03-19,ASTRAZEN,5097.25,5133.0,5022.2001953125,5071.60009765625,4297
2024-03-20,ASTRAZEN,5087.89990234375,5129.9501953125,5008.25,5033.75,10067
2024-03-21,ASTRAZEN,5049.75,5145.0,5025.0,5031.14990234375,4092
2024-03-22,ASTRAZEN,5039.7998046875,5161.5498046875,5018.0498046875,5130.39990234375,6751
2024-03-26,ASTRAZEN,5175.25,5194.7001953125,5025.0,5082.7001953125,5287
2024-03-27,ASTRAZEN,5159.0,5380.0,5082.64990234375,5314.75,43002
2024-03-28,ASTRAZEN,5329.7998046875,5380.0,5255.0,5328.4501953125,7994
2024-03-01,ASTRON,28.14999961853028,29.0,27.0,27.200000762939453,90343
2024-03-04,ASTRON,28.600000381469727,29.350000381469727,27.64999961853028,28.049999237060547,32984
2024-03-05,ASTRON,28.100000381469727,28.350000381469727,27.100000381469727,27.799999237060547,23604
2024-03-06,ASTRON,28.14999961853028,28.14999961853028,26.64999961853028,26.799999237060547,84421
2024-03-07,ASTRON,26.799999237060547,27.700000762939453,26.0,26.299999237060547,46688
2024-03-11,ASTRON,26.299999237060547,26.799999237060547,25.350000381469727,25.600000381469727,64617
2024-03-12,ASTRON,24.799999237060547,26.25,24.350000381469727,24.799999237060547,108683
2024-03-13,ASTRON,24.799999237060547,25.600000381469727,23.600000381469727,23.600000381469727,67496
2024-03-14,ASTRON,23.600000381469727,24.75,23.0,24.64999961853028,56963
2024-03-15,ASTRON,24.64999961853028,25.850000381469727,23.450000762939453,23.64999961853028,100085
2024-03-18,ASTRON,23.100000381469727,24.200000762939453,22.600000381469727,22.799999237060547,152630
2024-03-19,ASTRON,23.100000381469727,23.200000762939453,21.700000762939453,22.5,95298
2024-03-20,ASTRON,23.0,23.0,21.39999961853028,21.850000381469727,116106
2024-03-21,ASTRON,21.5,22.64999961853028,20.75,20.850000381469727,658881
2024-03-22,ASTRON,21.0,21.850000381469727,20.14999961853028,21.200000762939453,188699
2024-03-26,ASTRON,21.299999237060547,21.350000381469727,20.14999961853028,20.14999961853028,553011
2024-03-27,ASTRON,20.14999961853028,20.299999237060547,19.14999961853028,19.75,672175
2024-03-28,ASTRON,19.350000381469727,20.25,19.0,19.25,305183
2024-03-01,ATALREAL,15.899999618530272,17.450000762939453,15.899999618530272,17.049999237060547,1731370
2024-03-04,ATALREAL,17.549999237060547,17.549999237060547,16.700000762939453,16.950000762939453,976088
2024-03-05,ATALREAL,17.200000762939453,17.299999237060547,16.299999237060547,16.600000381469727,445714
2024-03-06,ATALREAL,16.75,16.75,15.949999809265137,16.049999237060547,1028777
2024-03-07,ATALREAL,16.0,17.100000381469727,15.899999618530272,16.799999237060547,446049
2024-03-11,ATALREAL,17.049999237060547,17.049999237060547,16.399999618530273,16.899999618530273,256215
2024-03-12,ATALREAL,17.0,17.0,16.200000762939453,16.299999237060547,390835
2024-03-13,ATALREAL,15.850000381469728,16.399999618530273,15.600000381469728,16.0,604929
2024-03-14,ATALREAL,15.699999809265137,16.200000762939453,15.25,15.649999618530272,668910
2024-03-15,ATALREAL,15.800000190734863,16.049999237060547,14.699999809265137,15.949999809265137,249994
2024-03-18,ATALREAL,16.5,16.5,15.699999809265137,15.800000190734863,140907
2024-03-19,ATALREAL,16.049999237060547,16.049999237060547,15.300000190734863,15.449999809265137,194634
2024-03-20,ATALREAL,15.5,16.0,15.25,15.899999618530272,224780
2024-03-21,ATALREAL,16.399999618530273,16.399999618530273,15.100000381469728,15.949999809265137,1248039
2024-03-22,ATALREAL,16.0,16.25,15.5,15.899999618530272,1407020
2024-03-26,ATALREAL,16.0,16.100000381469727,15.399999618530272,15.600000381469728,193671
2024-03-27,ATALREAL,15.699999809265137,15.75,14.800000190734863,14.949999809265137,383418
2024-03-28,ATALREAL,14.800000190734863,14.949999809265137,13.899999618530272,14.100000381469728,588037
2024-03-01,ATAM,168.5500030517578,176.0,167.14999389648438,174.6999969482422,24468
2024-03-04,ATAM,174.0,174.0,166.4499969482422,168.9499969482422,25050
2024-03-05,ATAM,166.64999389648438,172.9499969482422,163.5500030517578,170.39999389648438,37505
2024-03-06,ATAM,170.0,171.9499969482422,162.8000030517578,167.0500030517578,19557
2024-03-07,ATAM,164.0500030517578,167.9499969482422,164.0500030517578,166.8000030517578,8407
2024-03-11,ATAM,175.9499969482422,175.9499969482422,162.9499969482422,165.3000030517578,23006
2024-03-12,ATAM,165.3000030517578,170.0,151.10000610351562,152.35000610351562,45431
2024-03-13,ATAM,152.0,158.14999389648438,145.3000030517578,149.39999389648438,35055
2024-03-14,ATAM,147.0,159.5500030517578,144.3000030517578,155.1999969482422,36896
2024-03-15,ATAM,159.75,170.6999969482422,155.10000610351562,170.6999969482422,43529
2024-03-18,ATAM,182.9499969482422,186.8999938964844,177.1999969482422,184.1499938964844,88395
2024-03-19,ATAM,184.8000030517578,186.8000030517578,181.4499969482422,182.9499969482422,33815
2024-03-20,ATAM,186.8500061035156,186.8500061035156,173.3000030517578,177.35000610351562,27860
2024-03-21,ATAM,184.6999969482422,184.6999969482422,178.10000610351562,180.1499938964844,15560
2024-03-22,ATAM,183.8999938964844,183.8999938964844,178.0,178.5500030517578,14693
2024-03-26,ATAM,179.85000610351562,179.85000610351562,172.0,173.1999969482422,29117
2024-03-27,ATAM,178.0,178.9499969482422,170.0,172.35000610351562,27226
2024-03-28,ATAM,171.0500030517578,179.6999969482422,166.0,167.1999969482422,32562
2024-03-01,ATGL,1033.0,1053.8499755859375,1027.0,1039.1500244140625,3839126
2024-03-04,ATGL,1047.699951171875,1047.699951171875,1019.0999755859376,1025.9000244140625,2290040
2024-03-05,ATGL,1026.0,1032.25,1013.25,1020.1500244140624,3237710
2024-03-06,ATGL,1021.0,1023.0999755859376,995.3499755859376,1005.8499755859376,3592120
2024-03-07,ATGL,1014.0,1017.8499755859376,1001.0,1009.2000122070312,3379167
2024-03-11,ATGL,1010.0,1022.9000244140624,997.5499877929688,1000.1500244140624,3607249
2024-03-12,ATGL,1004.0,1007.7999877929688,960.0,965.0999755859376,1668717
2024-03-13,ATGL,966.0499877929688,976.0499877929688,862.0499877929688,873.0,4164593
2024-03-14,ATGL,870.0,981.0,846.5499877929688,973.2999877929688,6561550
2024-03-15,ATGL,971.0,1007.0,945.25,989.0,6093587
2024-03-18,ATGL,947.6500244140624,966.5,912.5999755859376,947.25,3673113
2024-03-19,ATGL,960.0,974.9500122070312,927.3499755859376,944.6500244140624,4195313
2024-03-20,ATGL,954.5,961.4500122070312,928.25,936.0999755859376,1211071
2024-03-21,ATGL,955.0,955.0,930.0,936.0499877929688,910394
2024-03-22,ATGL,941.9500122070312,948.6500244140624,933.0999755859376,938.8499755859376,820686
2024-03-26,ATGL,938.8499755859376,968.9000244140624,937.0999755859376,949.0999755859376,2996728
2024-03-27,ATGL,955.0,959.6500244140624,910.0,919.7999877929688,3942984
2024-03-28,ATGL,932.0,939.0999755859376,912.75,926.5499877929688,3467464
2024-03-01,ATL,65.8499984741211,66.25,62.70000076293945,63.5,846234
2024-03-04,ATL,65.94999694824219,65.94999694824219,64.0,64.75,461939
2024-03-05,ATL,65.4000015258789,65.4000015258789,62.79999923706055,63.04999923706055,394778
2024-03-06,ATL,63.400001525878906,63.54999923706055,58.20000076293945,60.84999847412109,814690
2024-03-07,ATL,61.400001525878906,62.0,60.5,61.20000076293945,234536
2024-03-11,ATL,61.54999923706055,61.900001525878906,58.150001525878906,59.09999847412109,591631
2024-03-12,ATL,59.5,59.79999923706055,56.04999923706055,56.900001525878906,927034
2024-03-13,ATL,57.150001525878906,58.59999847412109,51.25,52.0,1383028
2024-03-14,ATL,52.0,56.5,51.0,55.59999847412109,909688
2024-03-18,ATL,55.59999847412109,56.400001525878906,54.09999847412109,54.650001525878906,459171
2024-03-19,ATL,54.900001525878906,55.0,53.400001525878906,53.75,502045
2024-03-20,ATL,54.0,54.70000076293945,51.900001525878906,52.79999923706055,500933
2024-03-21,ATL,54.5,55.0,53.5,54.0,582159
2024-03-22,ATL,54.0,58.900001525878906,54.0,57.650001525878906,1497594
2024-03-26,ATL,58.0,58.45000076293945,55.29999923706055,55.59999847412109,881967
2024-03-27,ATL,55.75,56.5,52.84999847412109,53.34999847412109,791900
2024-03-28,ATL,53.79999923706055,55.5,53.09999847412109,53.75,4504373
2024-03-01,ATLANTAA,22.5,23.200000762939453,21.75,22.39999961853028,27822
2024-03-04,ATLANTAA,23.200000762939453,23.600000381469727,21.700000762939453,21.89999961853028,13541
2024-03-05,ATLANTAA,22.0,22.5,21.64999961853028,22.299999237060547,21267
2024-03-06,ATLANTAA,21.850000381469727,22.450000762939453,21.200000762939453,21.200000762939453,43093
2024-03-07,ATLANTAA,21.14999961853028,22.25,20.14999961853028,22.25,69645
2024-03-11,ATLANTAA,22.25,23.350000381469727,21.14999961853028,21.299999237060547,60769
2024-03-12,ATLANTAA,21.200000762939453,22.350000381469727,20.25,20.350000381469727,94773
2024-03-13,ATLANTAA,20.299999237060547,20.299999237060547,19.350000381469727,19.350000381469727,32536
2024-03-14,ATLANTAA,18.5,20.299999237060547,18.450000762939453,19.89999961853028,55779
2024-03-15,ATLANTAA,20.049999237060547,20.799999237060547,19.350000381469727,20.350000381469727,27363
2024-03-18,ATLANTAA,20.049999237060547,21.350000381469727,20.049999237060547,20.89999961853028,45991
2024-03-19,ATLANTAA,20.89999961853028,21.89999961853028,20.299999237060547,21.799999237060547,94078
2024-03-20,ATLANTAA,22.39999961853028,22.850000381469727,21.5,22.64999961853028,160790
2024-03-21,ATLANTAA,23.64999961853028,23.75,23.14999961853028,23.75,94315
2024-03-22,ATLANTAA,24.600000381469727,24.89999961853028,24.049999237060547,24.89999961853028,115793
2024-03-26,ATLANTAA,25.89999961853028,26.049999237060547,23.700000762939453,24.100000381469727,114763
2024-03-27,ATLANTAA,23.5,25.0,22.89999961853028,23.049999237060547,84786
2024-03-28,ATLANTAA,23.950000762939453,24.200000762939453,21.89999961853028,22.600000381469727,175206
2024-03-01,ATLASCYCLE,28.850000381469727,28.850000381469727,28.850000381469727,28.850000381469727,0
2024-03-04,ATLASCYCLE,28.850000381469727,28.850000381469727,28.850000381469727,28.850000381469727,0
2024-03-05,ATLASCYCLE,28.850000381469727,28.850000381469727,28.850000381469727,28.850000381469727,0
2024-03-06,ATLASCYCLE,28.850000381469727,28.850000381469727,28.850000381469727,28.850000381469727,0
2024-03-07,ATLASCYCLE,28.850000381469727,28.850000381469727,28.850000381469727,28.850000381469727,0
2024-03-11,ATLASCYCLE,28.850000381469727,28.850000381469727,28.850000381469727,28.850000381469727,0
2024-03-12,ATLASCYCLE,28.850000381469727,28.850000381469727,28.850000381469727,28.850000381469727,0
2024-03-13,ATLASCYCLE,28.850000381469727,28.850000381469727,28.850000381469727,28.850000381469727,0
2024-03-14,ATLASCYCLE,28.850000381469727,28.850000381469727,28.850000381469727,28.850000381469727,0
2024-03-18,ATLASCYCLE,28.850000381469727,28.850000381469727,28.850000381469727,28.850000381469727,0
2024-03-19,ATLASCYCLE,28.850000381469727,28.850000381469727,28.850000381469727,28.850000381469727,0
2024-03-20,ATLASCYCLE,28.850000381469727,28.850000381469727,28.850000381469727,28.850000381469727,0
2024-03-21,ATLASCYCLE,28.850000381469727,28.850000381469727,28.850000381469727,28.850000381469727,0
2024-03-22,ATLASCYCLE,28.850000381469727,28.850000381469727,28.850000381469727,28.850000381469727,0
2024-03-26,ATLASCYCLE,28.850000381469727,28.850000381469727,28.850000381469727,28.850000381469727,0
2024-03-27,ATLASCYCLE,28.850000381469727,28.850000381469727,28.850000381469727,28.850000381469727,0
2024-03-28,ATLASCYCLE,28.850000381469727,28.850000381469727,28.850000381469727,28.850000381469727,0
2024-03-01,ATUL,6218.0,6238.10009765625,6120.39990234375,6143.5,52530
2024-03-04,ATUL,6166.4501953125,6192.9501953125,6070.0498046875,6080.25,26308
2024-03-05,ATUL,6081.0,6136.0,6046.0498046875,6067.7001953125,23303
2024-03-06,ATUL,6148.9501953125,6148.9501953125,5985.0,6029.35009765625,81784
2024-03-07,ATUL,6100.0,6190.89990234375,6040.2001953125,6105.5,29117
2024-03-11,ATUL,6110.0,6132.0498046875,6001.5498046875,6013.85009765625,20152
2024-03-12,ATUL,6030.0,6080.0,5973.64990234375,6057.64990234375,36008
2024-03-13,ATUL,6005.10009765625,6096.89990234375,5950.0,5995.10009765625,90043
2024-03-14,ATUL,5995.9501953125,6075.0,5922.35009765625,5963.5498046875,138151
2024-03-15,ATUL,5963.5498046875,6060.0,5932.14990234375,5993.89990234375,42765
2024-03-18,ATUL,5993.89990234375,6055.0,5933.10009765625,6011.2998046875,21608
2024-03-19,ATUL,6058.60009765625,6061.85009765625,5906.14990234375,5919.0498046875,22854
2024-03-20,ATUL,5950.10009765625,5950.10009765625,5747.0498046875,5878.5,50600
2024-03-21,ATUL,5885.0,5961.4501953125,5882.10009765625,5900.5498046875,50321
2024-03-22,ATUL,5870.0,5935.0,5864.75,5874.0,49947
2024-03-26,ATUL,5871.2001953125,5925.0,5787.0,5800.39990234375,48811
2024-03-27,ATUL,5800.0,5898.2998046875,5774.10009765625,5784.35009765625,64329
2024-03-28,ATUL,5784.35009765625,5820.64990234375,5730.0,5740.5,125445
2024-03-01,ATULAUTO,549.9000244140625,560.0,541.0,548.7999877929688,153355
2024-03-04,ATULAUTO,545.5,547.7999877929688,534.0999755859375,537.9000244140625,75827
2024-03-05,ATULAUTO,537.9000244140625,540.5,531.0999755859375,536.2000122070312,62622
2024-03-06,ATULAUTO,537.0,537.4000244140625,512.3499755859375,522.0999755859375,214199
2024-03-07,ATULAUTO,525.9500122070312,590.7000122070312,523.9500122070312,562.8499755859375,1170142
2024-03-11,ATULAUTO,567.7999877929688,568.5999755859375,544.3499755859375,549.2000122070312,126651
2024-03-12,ATULAUTO,547.3499755859375,549.0499877929688,526.0999755859375,530.0,88257
2024-03-13,ATULAUTO,529.5999755859375,539.7000122070312,470.0,478.6499938964844,377358
2024-03-14,ATULAUTO,481.0,506.2000122070313,480.25,493.2000122070313,223650
2024-03-15,ATULAUTO,493.0499877929688,509.0,486.25,495.8500061035156,139113
2024-03-18,ATULAUTO,504.75,511.1499938964844,496.0,500.7000122070313,175651
2024-03-19,ATULAUTO,498.2000122070313,504.7999877929688,485.0,487.5499877929688,90002
2024-03-20,ATULAUTO,485.0,496.2999877929688,472.3500061035156,481.9500122070313,158894
2024-03-21,ATULAUTO,486.7000122070313,499.8999938964844,486.7000122070313,490.3500061035156,105209
2024-03-22,ATULAUTO,492.7000122070313,501.1499938964844,492.7000122070313,494.3999938964844,113594
2024-03-26,ATULAUTO,496.7999877929688,501.9500122070313,479.0,484.2999877929688,175854
2024-03-27,ATULAUTO,486.6000061035156,493.2999877929688,476.6000061035156,478.6499938964844,226281
2024-03-28,ATULAUTO,482.8999938964844,488.7999877929688,472.1000061035156,475.7000122070313,150400
2024-03-01,AUBANK,574.4000244140625,579.7999877929688,570.4500122070312,575.5499877929688,1665391
2024-03-04,AUBANK,578.0499877929688,583.9000244140625,575.9500122070312,580.0999755859375,3884607
2024-03-05,AUBANK,589.4000244140625,590.0,571.0,571.75,2733333
2024-03-06,AUBANK,575.3499755859375,578.2000122070312,564.4500122070312,566.7999877929688,3655651
2024-03-07,AUBANK,570.0,575.9500122070312,565.5,571.25,2332771
2024-03-11,AUBANK,572.0,585.3499755859375,569.2999877929688,584.2000122070312,4579646
2024-03-12,AUBANK,586.7999877929688,590.8499755859375,574.6500244140625,576.0499877929688,2657472
2024-03-13,AUBANK,578.0,586.4500122070312,570.9000244140625,576.9000244140625,4609989
2024-03-14,AUBANK,573.0,587.8499755859375,569.0,583.9500122070312,2141385
2024-03-15,AUBANK,583.9000244140625,587.2999877929688,575.0999755859375,578.25,2181470
2024-03-18,AUBANK,581.9000244140625,583.75,567.7000122070312,569.8499755859375,3332799
2024-03-19,AUBANK,576.5,582.4000244140625,558.0499877929688,560.1500244140625,3113350
2024-03-20,AUBANK,562.2000122070312,568.5,553.7000122070312,559.9000244140625,5079488
2024-03-21,AUBANK,568.4000244140625,571.9000244140625,563.5499877929688,565.9500122070312,2026437
2024-03-22,AUBANK,564.0,568.9000244140625,561.25,564.25,2314067
2024-03-26,AUBANK,564.25,568.7999877929688,561.7000122070312,563.0,1569118
2024-03-27,AUBANK,564.7999877929688,566.7999877929688,557.2000122070312,561.5,4923826
2024-03-28,AUBANK,563.8499755859375,570.4500122070312,561.0,565.0,2782930
2024-03-01,AURIONPRO,1119.949951171875,1121.0,1083.824951171875,1116.5,17070
2024-03-04,AURIONPRO,1105.0,1112.5,1078.0,1088.324951171875,27218
2024-03-05,AURIONPRO,1089.75,1135.300048828125,1089.75,1116.5,32446
2024-03-06,AURIONPRO,1116.5,1134.8499755859375,1060.675048828125,1080.4749755859375,29286
2024-03-07,AURIONPRO,1093.9749755859375,1100.0,1050.0250244140625,1090.800048828125,18396
2024-03-11,AURIONPRO,1090.800048828125,1090.800048828125,1036.2750244140625,1036.699951171875,21690
2024-03-12,AURIONPRO,984.875,1025.0,984.875,987.1500244140624,53750
2024-03-13,AURIONPRO,938.5,984.9500122070312,937.7999877929688,937.7999877929688,57014
2024-03-14,AURIONPRO,896.0,984.5,890.9249877929688,953.9249877929688,37724
2024-03-15,AURIONPRO,953.9249877929688,981.0,925.0,937.9749755859376,26826
2024-03-18,AURIONPRO,903.0,962.0,903.0,921.25,76230
2024-03-19,AURIONPRO,944.9000244140624,944.9000244140624,890.5,901.4749755859376,21532
2024-03-20,AURIONPRO,920.0,946.5250244140624,900.5,922.2000122070312,29146
2024-03-21,AURIONPRO,944.3499755859376,960.0,915.0250244140624,945.3499755859376,17450
2024-03-22,AURIONPRO,945.0,992.5999755859376,937.0,991.3499755859376,39376
2024-03-26,AURIONPRO,1024.5,1040.9000244140625,1003.5,1037.0250244140625,27162
2024-03-27,AURIONPRO,1049.9749755859375,1086.5,1049.9749755859375,1073.7750244140625,15668
2024-03-28,AURIONPRO,1096.4749755859375,1127.25,1073.7750244140625,1098.25,43810
2024-03-01,AUROPHARMA,1020.5999755859376,1032.449951171875,1011.1500244140624,1026.4000244140625,2737303
2024-03-04,AUROPHARMA,1080.0,1114.0,1072.0,1090.9000244140625,3893794
2024-03-05,AUROPHARMA,1086.0999755859375,1098.699951171875,1069.300048828125,1083.8499755859375,2278824
2024-03-06,AUROPHARMA,1081.25,1081.800048828125,1038.0999755859375,1060.199951171875,1717312
2024-03-07,AUROPHARMA,1060.0,1073.6500244140625,1054.449951171875,1058.8499755859375,1168234
2024-03-11,AUROPHARMA,1072.0,1076.9000244140625,1052.1500244140625,1064.699951171875,2372008
2024-03-12,AUROPHARMA,1073.9000244140625,1085.0,1037.1500244140625,1044.699951171875,1492814
2024-03-13,AUROPHARMA,1051.0,1067.3499755859375,985.0499877929688,1005.5999755859376,2054014
2024-03-14,AUROPHARMA,1005.0,1022.1500244140624,990.4000244140624,1011.2999877929688,1744256
2024-03-15,AUROPHARMA,1010.0,1015.7999877929688,984.2999877929688,1001.3499755859376,2084432
2024-03-18,AUROPHARMA,989.9000244140624,1025.0,989.25,1017.5999755859376,2266012
2024-03-19,AUROPHARMA,1015.0,1017.0,986.2000122070312,990.4000244140624,1633129
2024-03-20,AUROPHARMA,1004.0,1022.0,994.0499877929688,1017.25,2058203
2024-03-21,AUROPHARMA,1028.300048828125,1030.800048828125,1012.25,1028.25,1235122
2024-03-22,AUROPHARMA,1004.0,1036.300048828125,1004.0,1019.8499755859376,1430882
2024-03-26,AUROPHARMA,1002.0,1059.25,995.2999877929688,1053.050048828125,1859790
2024-03-27,AUROPHARMA,1050.0,1074.9000244140625,1041.5999755859375,1070.3499755859375,1497184
2024-03-28,AUROPHARMA,1070.3499755859375,1099.25,1064.050048828125,1088.75,2060466
2024-03-01,AURUM,141.10000610351562,145.10000610351562,139.75,142.10000610351562,48348
2024-03-04,AURUM,145.0,146.0,142.0500030517578,144.35000610351562,42683
2024-03-05,AURUM,146.85000610351562,146.85000610351562,140.0,142.10000610351562,55748
2024-03-06,AURUM,145.89999389648438,145.89999389648438,136.35000610351562,138.10000610351562,69006
2024-03-07,AURUM,136.39999389648438,142.8000030517578,136.39999389648438,141.14999389648438,55325
2024-03-11,AURUM,141.10000610351562,144.89999389648438,137.0,141.0500030517578,66193
2024-03-12,AURUM,141.0500030517578,143.0,136.5,139.5,50851
2024-03-13,AURUM,141.9499969482422,141.9499969482422,132.5500030517578,133.0500030517578,94689
2024-03-14,AURUM,132.60000610351562,138.6999969482422,130.35000610351562,136.75,42087
2024-03-15,AURUM,138.0,140.0,136.0,138.8000030517578,33987
2024-03-18,AURUM,138.5,140.0,134.4499969482422,136.4499969482422,26342
2024-03-19,AURUM,135.0500030517578,137.6999969482422,133.8000030517578,134.4499969482422,25546
2024-03-20,AURUM,134.5,136.8000030517578,131.0,132.85000610351562,44525
2024-03-21,AURUM,135.0,136.9499969482422,130.0,130.5500030517578,34981
2024-03-22,AURUM,130.9499969482422,135.0,130.5500030517578,131.1999969482422,49982
2024-03-26,AURUM,131.39999389648438,135.5,130.0,134.3000030517578,111614
2024-03-27,AURUM,134.9499969482422,135.0,130.0,130.75,76139
2024-03-28,AURUM,137.1999969482422,137.1999969482422,130.0,130.0500030517578,71483
2024-03-01,AURUS,7.550000190734863,7.550000190734863,7.199999809265137,7.300000190734863,70363
2024-03-04,AURUS,7.400000095367432,7.5,7.150000095367432,7.199999809265137,33290
2024-03-05,AURUS,7.300000190734863,7.349999904632568,6.949999809265137,7.0,108830
2024-03-06,AURUS,7.0,7.099999904632568,6.650000095367432,6.75,101427
2024-03-07,AURUS,6.699999809265137,7.050000190734863,6.550000190734863,6.849999904632568,66884
2024-03-11,AURUS,6.849999904632568,7.0,6.5,6.5,98861
2024-03-12,AURUS,6.449999809265137,6.449999809265137,6.199999809265137,6.199999809265137,36599
2024-03-13,AURUS,5.900000095367432,6.199999809265137,5.900000095367432,5.900000095367432,117188
2024-03-14,AURUS,5.599999904632568,5.800000190734863,5.599999904632568,5.599999904632568,93757
2024-03-15,AURUS,5.5,5.699999809265137,5.349999904632568,5.400000095367432,65084
2024-03-18,AURUS,5.550000190734863,5.650000095367432,5.25,5.650000095367432,237536
2024-03-19,AURUS,5.849999904632568,5.900000095367432,5.650000095367432,5.900000095367432,151091
2024-03-20,AURUS,6.099999904632568,6.150000095367432,6.0,6.150000095367432,42629
2024-03-21,AURUS,6.449999809265137,6.449999809265137,6.449999809265137,6.449999809265137,22085
2024-03-22,AURUS,6.699999809265137,6.75,6.150000095367432,6.199999809265137,181170
2024-03-26,AURUS,6.050000190734863,6.150000095367432,5.900000095367432,5.900000095367432,93942
2024-03-27,AURUS,5.650000095367432,5.900000095367432,5.599999904632568,5.599999904632568,87957
2024-03-28,AURUS,5.5,5.75,5.400000095367432,5.449999809265137,151059
2024-03-01,AUSOMENT,88.5,92.4000015258789,87.30000305175781,88.80000305175781,9683
2024-03-04,AUSOMENT,91.0500030517578,91.0999984741211,86.8499984741211,87.5,7857
2024-03-05,AUSOMENT,86.25,90.25,85.19999694824219,86.05000305175781,10946
2024-03-06,AUSOMENT,88.0,88.0,83.5999984741211,84.05000305175781,7062
2024-03-07,AUSOMENT,86.19999694824219,86.19999694824219,83.69999694824219,84.0999984741211,5865
2024-03-11,AUSOMENT,87.0,87.0,79.1500015258789,80.3499984741211,7775
2024-03-12,AUSOMENT,82.19999694824219,82.19999694824219,75.30000305175781,76.1500015258789,10754
2024-03-13,AUSOMENT,78.9000015258789,78.9000015258789,72.80000305175781,73.0999984741211,15507
2024-03-14,AUSOMENT,74.94999694824219,82.80000305175781,72.19999694824219,81.75,25584
2024-03-15,AUSOMENT,86.75,86.75,78.94999694824219,80.30000305175781,10878
2024-03-18,AUSOMENT,84.69999694824219,84.69999694824219,78.5,80.9000015258789,12163
2024-03-19,AUSOMENT,80.80000305175781,81.9000015258789,78.0,79.5999984741211,2516
2024-03-20,AUSOMENT,84.9000015258789,84.9000015258789,77.44999694824219,77.9000015258789,5719
2024-03-21,AUSOMENT,81.0,93.4499969482422,81.0,93.4499969482422,52079
2024-03-22,AUSOMENT,103.9000015258789,108.0,95.5999984741211,97.1500015258789,419787
2024-03-26,AUSOMENT,95.3000030517578,98.8000030517578,90.1999969482422,91.9000015258789,42186
2024-03-27,AUSOMENT,92.3000030517578,101.5,91.4000015258789,93.0,44513
2024-03-28,AUSOMENT,95.8000030517578,97.0,90.5500030517578,92.0999984741211,16230
2024-03-01,AUTOAXLES,1921.050048828125,1954.449951171875,1902.6500244140625,1915.5,37398
2024-03-04,AUTOAXLES,2025.0,2040.0,1975.550048828125,1985.9000244140625,27927
2024-03-05,AUTOAXLES,1995.8499755859373,1995.8499755859373,1946.0,1953.699951171875,14939
2024-03-06,AUTOAXLES,1958.0,1972.25,1883.75,1909.550048828125,22680
2024-03-07,AUTOAXLES,1911.050048828125,1950.0,1907.0999755859373,1924.5999755859373,13529
2024-03-11,AUTOAXLES,1942.5,1957.949951171875,1887.0,1892.9000244140625,15116
2024-03-12,AUTOAXLES,1885.0,1900.9000244140625,1825.0,1842.550048828125,26393
2024-03-13,AUTOAXLES,1851.0,1863.3499755859373,1780.0,1790.550048828125,45054
2024-03-14,AUTOAXLES,1799.5,1880.5,1790.550048828125,1812.0,26117
2024-03-15,AUTOAXLES,1832.199951171875,1873.6500244140625,1813.300048828125,1861.050048828125,14332
2024-03-18,AUTOAXLES,1870.1500244140625,1941.0,1866.0,1896.6500244140625,28334
2024-03-19,AUTOAXLES,1910.0,1910.0,1845.550048828125,1853.1500244140625,20580
2024-03-20,AUTOAXLES,1860.0,1870.9000244140625,1813.9000244140625,1841.699951171875,16369
2024-03-21,AUTOAXLES,1850.9000244140625,1885.949951171875,1841.0,1850.75,16814
2024-03-22,AUTOAXLES,1860.050048828125,1868.75,1845.5,1850.1500244140625,15503
2024-03-26,AUTOAXLES,1830.050048828125,1849.949951171875,1809.300048828125,1814.25,19237
2024-03-27,AUTOAXLES,1823.300048828125,1832.6500244140625,1742.1500244140625,1759.300048828125,47409
2024-03-28,AUTOAXLES,1778.6500244140625,1805.75,1750.0,1757.449951171875,24910
2024-03-01,AUTOIND,137.6999969482422,143.5,136.10000610351562,136.8000030517578,314694
2024-03-04,AUTOIND,143.5500030517578,144.0,135.35000610351562,136.75,224680
2024-03-05,AUTOIND,136.85000610351562,137.8000030517578,132.5,133.10000610351562,127756
2024-03-06,AUTOIND,134.0500030517578,134.0500030517578,126.9000015258789,129.35000610351562,232693
2024-03-07,AUTOIND,129.3000030517578,130.9499969482422,127.0500030517578,128.3000030517578,159151
2024-03-11,AUTOIND,129.0,134.9499969482422,125.4000015258789,133.4499969482422,260526
2024-03-12,AUTOIND,135.39999389648438,136.75,122.5999984741211,125.5500030517578,363611
2024-03-13,AUTOIND,127.3499984741211,127.9499969482422,112.0999984741211,115.5500030517578,452865
2024-03-14,AUTOIND,113.8000030517578,128.0,110.5,124.8000030517578,327897
2024-03-15,AUTOIND,122.9499969482422,126.3000030517578,119.3499984741211,123.0500030517578,145879
2024-03-18,AUTOIND,124.9000015258789,124.9000015258789,121.1999969482422,122.6999969482422,86134
2024-03-19,AUTOIND,122.3000030517578,123.8499984741211,118.0,119.4499969482422,58087
2024-03-20,AUTOIND,119.1500015258789,120.75,116.0,117.0,99958
2024-03-21,AUTOIND,118.9499969482422,127.3499984741211,118.6999969482422,123.0999984741211,173145
2024-03-22,AUTOIND,122.9000015258789,125.5,121.0,123.1999969482422,97121
2024-03-26,AUTOIND,122.0,123.9499969482422,119.6999969482422,120.1999969482422,86941
2024-03-27,AUTOIND,121.75,123.0999984741211,115.9499969482422,117.8000030517578,141407
2024-03-28,AUTOIND,119.5,121.5500030517578,111.5999984741211,114.3000030517578,236574
2024-03-01,AVADHSUGAR,601.4000244140625,607.7999877929688,590.0999755859375,592.6500244140625,35307
2024-03-04,AVADHSUGAR,597.2000122070312,637.9000244140625,595.5499877929688,630.9500122070312,185076
2024-03-05,AVADHSUGAR,624.6500244140625,630.2000122070312,617.7000122070312,622.5999755859375,42885
2024-03-06,AVADHSUGAR,622.0,630.0,609.2999877929688,626.4000244140625,59594
2024-03-07,AVADHSUGAR,626.0,626.0,615.7000122070312,617.25,18557
2024-03-11,AVADHSUGAR,617.0,619.0499877929688,600.7999877929688,603.2000122070312,38695
2024-03-12,AVADHSUGAR,601.2000122070312,604.9500122070312,593.0,595.0,34336
2024-03-13,AVADHSUGAR,596.0,602.0999755859375,558.0,560.8499755859375,53411
2024-03-14,AVADHSUGAR,562.0999755859375,585.2999877929688,562.0999755859375,573.6500244140625,31916
2024-03-15,AVADHSUGAR,573.0,592.25,545.0,550.2000122070312,159995
2024-03-18,AVADHSUGAR,555.0,566.4500122070312,540.0,541.7999877929688,64186
2024-03-19,AVADHSUGAR,541.7999877929688,546.75,530.0,537.2999877929688,53104
2024-03-20,AVADHSUGAR,540.0,545.0,523.0,527.8499755859375,62524
2024-03-21,AVADHSUGAR,535.0,542.9500122070312,529.75,538.7999877929688,42280
2024-03-22,AVADHSUGAR,533.5,545.7000122070312,533.5,541.4000244140625,31996
2024-03-26,AVADHSUGAR,541.4000244140625,541.4000244140625,522.0,525.2999877929688,51792
2024-03-27,AVADHSUGAR,525.2999877929688,537.4500122070312,515.9500122070312,522.2999877929688,97938
2024-03-28,AVADHSUGAR,524.9500122070312,540.8499755859375,516.0,531.0499877929688,96951
2024-03-01,AVALON,534.0,535.0,523.7000122070312,525.25,106150
2024-03-04,AVALON,527.9500122070312,529.0499877929688,518.7000122070312,526.2000122070312,145023
2024-03-05,AVALON,525.5999755859375,526.0,517.75,523.8499755859375,131645
2024-03-06,AVALON,523.8499755859375,524.9000244140625,504.1000061035156,514.9000244140625,604463
2024-03-07,AVALON,516.9500122070312,521.7000122070312,508.6499938964844,520.25,78284
2024-03-11,AVALON,520.2999877929688,522.9500122070312,506.7000122070313,520.1500244140625,173073
2024-03-12,AVALON,515.0,522.0,514.2999877929688,520.0999755859375,160257
2024-03-13,AVALON,522.4000244140625,522.4000244140625,488.0,496.5499877929688,326961
2024-03-14,AVALON,470.0,500.5,469.9500122070313,494.9500122070313,151049
2024-03-15,AVALON,502.3500061035156,504.7000122070313,480.0,485.8500061035156,74525
2024-03-18,AVALON,485.8500061035156,494.3999938964844,480.7999877929688,484.0,73621
2024-03-19,AVALON,485.0,507.8500061035156,480.0,496.6499938964844,238589
2024-03-20,AVALON,498.1000061035156,499.9500122070313,480.8500061035156,490.5499877929688,90113
2024-03-21,AVALON,490.0,501.4500122070313,489.1000061035156,497.1000061035156,100999
2024-03-22,AVALON,496.7999877929688,506.3999938964844,491.9500122070313,494.6000061035156,128183
2024-03-26,AVALON,490.0,500.9500122070313,475.0,481.9500122070313,134006
2024-03-27,AVALON,483.1000061035156,495.5,482.2999877929688,493.2000122070313,163421
2024-03-28,AVALON,495.0,497.7999877929688,491.0,494.0,100632
2024-03-01,AVANTIFEED,512.5,540.0499877929688,508.8999938964844,530.4000244140625,1344492
2024-03-04,AVANTIFEED,530.5999755859375,533.4000244140625,515.4500122070312,519.6500244140625,424421
2024-03-05,AVANTIFEED,519.5,526.7000122070312,514.0499877929688,524.5499877929688,204910
2024-03-06,AVANTIFEED,525.9500122070312,539.0,510.6000061035156,533.8499755859375,713831
2024-03-07,AVANTIFEED,536.5999755859375,559.0,536.5999755859375,556.2000122070312,1973271
2024-03-11,AVANTIFEED,561.4500122070312,575.9500122070312,515.0,518.2000122070312,1741702
2024-03-12,AVANTIFEED,520.0,525.9000244140625,502.7999877929688,506.2999877929688,656081
2024-03-13,AVANTIFEED,507.3500061035156,524.0,475.0,475.8500061035156,608311
2024-03-14,AVANTIFEED,475.0,504.6499938964844,472.0,500.6000061035156,361035
2024-03-15,AVANTIFEED,496.9500122070313,499.3999938964844,478.2000122070313,483.25,337983
2024-03-18,AVANTIFEED,480.3999938964844,517.0,480.3999938964844,508.5,1151649
2024-03-19,AVANTIFEED,506.0499877929688,509.6000061035156,498.1000061035156,501.1000061035156,254144
2024-03-20,AVANTIFEED,503.6000061035156,513.5499877929688,489.2000122070313,492.1000061035156,234084
2024-03-21,AVANTIFEED,496.0,505.0,495.3999938964844,499.3500061035156,145742
2024-03-22,AVANTIFEED,499.3500061035156,505.0,496.8999938964844,500.1499938964844,164651
2024-03-26,AVANTIFEED,500.0,500.9500122070313,488.0,493.8500061035156,199764
2024-03-27,AVANTIFEED,495.8999938964844,506.5,487.0,489.4500122070313,173656
2024-03-28,AVANTIFEED,492.3999938964844,499.5,481.0,484.25,190457
2024-03-01,AVG,644.0,647.0,606.6500244140625,617.0499877929688,150151
2024-03-04,AVG,618.0,637.0,512.3499755859375,626.0999755859375,767787
2024-03-05,AVG,610.0,634.0999755859375,601.0999755859375,619.0,114207
2024-03-06,AVG,619.0,633.9000244140625,558.1500244140625,600.4000244140625,221810
2024-03-07,AVG,613.0,627.2999877929688,565.5999755859375,573.0499877929688,101408
2024-03-11,AVG,576.0,577.0,517.8499755859375,524.75,156535
2024-03-12,AVG,523.7999877929688,550.0,516.4000244140625,530.5,125382
2024-03-13,AVG,532.5,539.4000244140625,481.5499877929688,488.6499938964844,135474
2024-03-14,AVG,497.0,586.3499755859375,488.6499938964844,586.2000122070312,256941
2024-03-15,AVG,583.4500122070312,615.0,533.0499877929688,590.5999755859375,163433
2024-03-18,AVG,610.0,610.2000122070312,571.5499877929688,580.2000122070312,38511
2024-03-19,AVG,583.0,583.0,554.7999877929688,569.7999877929688,30552
2024-03-20,AVG,584.0,584.9500122070312,550.0499877929688,560.5499877929688,34716
2024-03-21,AVG,564.4000244140625,578.4500122070312,556.0,561.5499877929688,31969
2024-03-22,AVG,557.0,573.75,546.0499877929688,554.0999755859375,33042
2024-03-26,AVG,551.5499877929688,565.7000122070312,526.5499877929688,540.75,80717
2024-03-27,AVG,542.0999755859375,593.0,540.0499877929688,571.3499755859375,72842
2024-03-28,AVG,574.2000122070312,600.0,543.5999755859375,580.0,112367
2024-03-01,AVONMORE,10.545000076293944,10.744999885559082,10.354999542236328,10.65999984741211,248070
2024-03-04,AVONMORE,10.654999732971191,10.854999542236328,10.010000228881836,10.125,464460
2024-03-05,AVONMORE,10.295000076293944,10.760000228881836,9.800000190734863,10.55500030517578,678190
2024-03-06,AVONMORE,10.765000343322754,11.350000381469728,10.380000114440918,10.739999771118164,984480
2024-03-07,AVONMORE,10.899999618530272,10.994999885559082,10.475000381469728,10.5,384320
2024-03-11,AVONMORE,10.5,10.899999618530272,10.460000038146973,10.649999618530272,453130
2024-03-12,AVONMORE,10.40999984741211,10.649999618530272,10.114999771118164,10.265000343322754,546190
2024-03-13,AVONMORE,10.265000343322754,10.295000076293944,8.510000228881836,8.65999984741211,1476060
2024-03-14,AVONMORE,8.899999618530273,9.390000343322754,8.675000190734863,9.229999542236328,385470
2024-03-15,AVONMORE,9.09000015258789,9.489999771118164,8.824999809265137,9.100000381469728,172170
2024-03-18,AVONMORE,8.800000190734863,9.350000381469728,8.800000190734863,9.164999961853027,196870
2024-03-19,AVONMORE,9.164999961853027,9.164999961853027,8.8100004196167,8.9399995803833,236890
2024-03-20,AVONMORE,9.074999809265137,9.420000076293944,9.005000114440918,9.274999618530272,391930
2024-03-21,AVONMORE,9.475000381469728,9.55500030517578,9.029999732971191,9.199999809265137,254590
2024-03-22,AVONMORE,9.199999809265137,9.675000190734863,9.199999809265137,9.395000457763672,394470
2024-03-26,AVONMORE,9.395000457763672,9.494999885559082,9.170000076293944,9.21500015258789,561450
2024-03-27,AVONMORE,9.390000343322754,9.5,8.625,8.890000343322754,340420
2024-03-28,AVONMORE,9.100000381469728,9.239999771118164,8.614999771118164,8.734999656677246,319880
2024-03-01,AVROIND,14.109999656677246,14.739999771118164,14.109999656677246,14.369999885559082,279790
2024-03-04,AVROIND,14.239999771118164,15.380000114440918,14.18000030517578,15.109999656677246,961220
2024-03-05,AVROIND,15.114999771118164,15.300000190734863,14.699999809265137,14.9350004196167,646010
2024-03-06,AVROIND,14.789999961853027,14.869999885559082,13.28499984741211,13.920000076293944,457270
2024-03-07,AVROIND,13.925000190734863,14.395000457763672,13.600000381469728,13.68000030517578,164860
2024-03-11,AVROIND,13.68000030517578,13.895000457763672,12.710000038146973,12.875,377330
2024-03-12,AVROIND,13.06999969482422,13.06999969482422,11.81999969482422,11.984999656677246,952080
2024-03-13,AVROIND,11.869999885559082,12.489999771118164,11.199999809265137,11.31999969482422,629380
2024-03-14,AVROIND,11.21500015258789,11.850000381469728,11.029999732971191,11.28499984741211,521550
2024-03-15,AVROIND,11.34000015258789,11.800000190734863,11.010000228881836,11.175000190734863,409900
2024-03-18,AVROIND,11.260000228881836,11.449999809265137,10.609999656677246,11.050000190734863,571270
2024-03-19,AVROIND,11.109999656677246,11.800000190734863,10.899999618530272,11.029999732971191,840330
2024-03-20,AVROIND,11.09000015258789,11.489999771118164,11.045000076293944,11.300000190734863,465670
2024-03-21,AVROIND,11.359999656677246,11.779999732971191,11.199999809265137,11.229999542236328,347530
2024-03-22,AVROIND,11.289999961853027,11.59000015258789,11.170000076293944,11.505000114440918,282920
2024-03-26,AVROIND,11.460000038146973,11.470000267028809,10.979999542236328,11.109999656677246,402000
2024-03-27,AVROIND,11.170000076293944,11.239999771118164,10.800000190734863,10.84000015258789,263320
2024-03-28,AVROIND,11.0,11.140000343322754,10.34000015258789,10.479999542236328,570680
2024-03-01,AVTNPL,101.6999969482422,103.3000030517578,101.4499969482422,102.75,288157
2024-03-04,AVTNPL,105.1500015258789,105.25,100.1999969482422,101.0500030517578,223986
2024-03-05,AVTNPL,101.3499984741211,101.6999969482422,99.5500030517578,100.0,135271
2024-03-06,AVTNPL,100.0500030517578,100.0500030517578,93.5500030517578,95.75,497424
2024-03-07,AVTNPL,95.9000015258789,97.75,94.9499969482422,95.1999969482422,242759
2024-03-11,AVTNPL,95.0,95.5,91.4000015258789,92.0999984741211,300951
2024-03-12,AVTNPL,91.1500015258789,92.1500015258789,87.4000015258789,88.19999694824219,374595
2024-03-13,AVTNPL,88.55000305175781,90.1999969482422,81.30000305175781,82.25,490740
2024-03-14,AVTNPL,82.25,86.5999984741211,81.44999694824219,85.80000305175781,295170
2024-03-15,AVTNPL,85.9000015258789,86.5,82.0,84.05000305175781,240937
2024-03-18,AVTNPL,84.0999984741211,85.80000305175781,83.5,84.0999984741211,141219
2024-03-19,AVTNPL,84.1500015258789,84.5999984741211,79.75,80.80000305175781,371516
2024-03-20,AVTNPL,80.5,82.80000305175781,79.19999694824219,81.05000305175781,260209
2024-03-21,AVTNPL,82.30000305175781,87.0,82.0,84.0,399507
2024-03-22,AVTNPL,83.30000305175781,84.69999694824219,82.5,83.30000305175781,220831
2024-03-26,AVTNPL,84.0,85.25,80.80000305175781,81.44999694824219,302118
2024-03-27,AVTNPL,82.0999984741211,84.3499984741211,81.1500015258789,83.0,471970
2024-03-28,AVTNPL,83.5,85.30000305175781,82.9000015258789,84.0,401690
2024-03-01,AWHCL,505.25,516.4000244140625,505.25,512.2000122070312,136127
2024-03-04,AWHCL,518.0,518.9500122070312,505.6499938964844,508.2999877929688,78246
2024-03-05,AWHCL,505.0499877929688,518.0,501.25,504.25,105281
2024-03-06,AWHCL,508.0,511.8500061035156,484.5,494.1000061035156,273862
2024-03-07,AWHCL,493.1000061035156,508.0,487.0,489.0,130683
2024-03-11,AWHCL,486.2000122070313,493.3999938964844,464.3500061035156,466.8999938964844,202619
2024-03-12,AWHCL,466.8999938964844,470.7000122070313,451.1000061035156,461.5,192435
2024-03-13,AWHCL,462.0,471.3500061035156,438.1499938964844,444.2000122070313,301185
2024-03-14,AWHCL,454.0,467.3999938964844,446.1499938964844,461.8999938964844,221111
2024-03-15,AWHCL,464.8999938964844,477.9500122070313,455.0,467.7000122070313,194105
2024-03-18,AWHCL,470.0499877929688,481.6499938964844,466.0,470.6499938964844,114823
2024-03-19,AWHCL,475.0,475.9500122070313,457.0,459.5499877929688,65250
2024-03-20,AWHCL,462.5,464.9500122070313,453.6499938964844,457.3500061035156,66111
2024-03-21,AWHCL,459.0,477.0499877929688,459.0,472.5499877929688,87849
2024-03-22,AWHCL,476.0,481.0,467.4500122070313,470.7999877929688,89659
2024-03-26,AWHCL,468.75,477.3500061035156,452.5499877929688,463.1499938964844,98731
2024-03-27,AWHCL,464.0,473.8999938964844,446.1000061035156,453.5,146267
2024-03-28,AWHCL,455.7000122070313,466.6499938964844,455.25,461.7000122070313,126027
2024-03-01,AWL,385.0,388.7000122070313,378.0,381.1499938964844,2306169
2024-03-04,AWL,388.5,388.7999877929688,372.0,375.2999877929688,2068156
2024-03-05,AWL,375.8500061035156,378.3999938964844,365.0,366.0,2098762
2024-03-06,AWL,366.6000061035156,372.2999877929688,356.29998779296875,361.3500061035156,2233595
2024-03-07,AWL,363.3500061035156,367.75,361.0499877929688,362.4500122070313,1118321
2024-03-11,AWL,364.0,364.25,352.0,352.8500061035156,1539837
2024-03-12,AWL,354.0,358.8999938964844,343.79998779296875,347.1000061035156,2473806
2024-03-13,AWL,348.8999938964844,353.70001220703125,325.3500061035156,332.54998779296875,3833297
2024-03-14,AWL,333.0,350.0,324.8500061035156,347.45001220703125,2508962
2024-03-15,AWL,348.5,355.79998779296875,341.5,344.1499938964844,2180481
2024-03-18,AWL,338.04998779296875,341.5,334.20001220703125,337.3500061035156,1526899
2024-03-19,AWL,338.79998779296875,344.6499938964844,334.1000061035156,335.29998779296875,1444260
2024-03-20,AWL,337.04998779296875,339.5,330.0,330.95001220703125,1373270
2024-03-21,AWL,334.45001220703125,337.5,332.5,333.70001220703125,1222130
2024-03-22,AWL,335.0,338.04998779296875,334.04998779296875,335.70001220703125,1503391
2024-03-26,AWL,336.0,341.6000061035156,330.5,331.25,2004044
2024-03-27,AWL,333.0,335.3999938964844,321.6499938964844,323.5,3554876
2024-03-28,AWL,327.0,330.95001220703125,320.1000061035156,321.3999938964844,2237150
2024-03-01,AXISBANK,1076.0,1101.699951171875,1076.0,1099.25,4819390
2024-03-04,AXISBANK,1099.25,1108.9000244140625,1093.0999755859375,1106.75,5895441
2024-03-05,AXISBANK,1102.199951171875,1110.9000244140625,1094.5,1100.800048828125,4851446
2024-03-06,AXISBANK,1100.199951171875,1131.949951171875,1095.3499755859375,1125.0,13787638
2024-03-07,AXISBANK,1126.0,1126.9000244140625,1107.550048828125,1111.449951171875,6943879
2024-03-11,AXISBANK,1112.25,1120.0,1101.9000244140625,1105.0999755859375,6751641
2024-03-12,AXISBANK,1105.0,1121.4000244140625,1084.25,1097.0,9817138
2024-03-13,AXISBANK,1096.0,1099.550048828125,1070.75,1080.4000244140625,11503890
2024-03-14,AXISBANK,1075.0,1081.25,1055.5999755859375,1058.25,10253613
2024-03-15,AXISBANK,1056.25,1056.25,1030.25,1046.4000244140625,17798175
2024-03-18,AXISBANK,1044.0,1066.9000244140625,1043.5999755859375,1061.3499755859375,7612407
2024-03-19,AXISBANK,1055.550048828125,1060.949951171875,1046.699951171875,1050.800048828125,6728886
2024-03-20,AXISBANK,1050.0,1057.449951171875,1030.949951171875,1034.75,12619644
2024-03-21,AXISBANK,1039.3499755859375,1050.550048828125,1028.1500244140625,1035.5999755859375,9903738
2024-03-22,AXISBANK,1040.0999755859375,1047.25,1029.949951171875,1033.300048828125,9891194
2024-03-26,AXISBANK,1029.0,1044.199951171875,1027.5,1040.550048828125,9656767
2024-03-27,AXISBANK,1045.800048828125,1057.550048828125,1044.25,1052.8499755859375,17027308
2024-03-28,AXISBANK,1052.8499755859375,1058.4000244140625,1044.0999755859375,1047.199951171875,10235318
2024-03-01,AXISCADES,633.0,664.9500122070312,633.0,658.6500244140625,61600
2024-03-04,AXISCADES,657.4000244140625,665.9500122070312,640.25,645.1500244140625,38897
2024-03-05,AXISCADES,650.0,650.5499877929688,628.0999755859375,640.5499877929688,51710
2024-03-06,AXISCADES,640.0,646.75,615.5499877929688,627.0,49940
2024-03-07,AXISCADES,630.2000122070312,643.1500244140625,613.0,619.5999755859375,51550
2024-03-11,AXISCADES,620.0,621.4000244140625,586.0999755859375,591.0999755859375,74829
2024-03-12,AXISCADES,591.0,591.0,562.5,566.0999755859375,133029
2024-03-13,AXISCADES,570.0,573.4500122070312,499.9500122070313,504.7999877929688,185746
2024-03-14,AXISCADES,503.8500061035156,557.0,501.75,536.5,141803
2024-03-15,AXISCADES,536.0499877929688,567.9500122070312,515.0499877929688,561.7000122070312,140321
2024-03-18,AXISCADES,560.0,583.9500122070312,543.75,577.1500244140625,87817
2024-03-19,AXISCADES,572.0,590.0999755859375,559.9000244140625,563.25,81659
2024-03-20,AXISCADES,568.0499877929688,587.9500122070312,564.0499877929688,567.25,82676
2024-03-21,AXISCADES,568.2999877929688,594.5499877929688,568.25,577.5,76311
2024-03-22,AXISCADES,577.5,584.2000122070312,563.5,566.2999877929688,67780
2024-03-26,AXISCADES,566.0,571.7000122070312,536.5999755859375,544.5499877929688,61228
2024-03-27,AXISCADES,550.0,562.4500122070312,541.0,546.0999755859375,96983
2024-03-28,AXISCADES,547.0,567.0,547.0,553.1500244140625,79999
2024-03-01,AXITA,16.227272033691406,16.43181800842285,16.02272605895996,16.09090805053711,2084935
2024-03-04,AXITA,16.39772605895996,16.39772605895996,16.05681800842285,16.193180084228516,1280894
2024-03-05,AXITA,16.295454025268555,16.295454025268555,15.954545021057127,16.125,3027305
2024-03-06,AXITA,16.02272605895996,16.193180084228516,15.75,15.852272033691406,3996027
2024-03-07,AXITA,15.954545021057127,15.988636016845703,15.75,15.784090042114258,1660766
2024-03-11,AXITA,15.954545021057127,16.193180084228516,15.613636016845703,15.681818008422852,4619023
2024-03-12,AXITA,15.818181037902832,15.920454025268556,14.693181037902832,14.76136302947998,3172778
2024-03-13,AXITA,14.795454025268556,14.829545021057127,14.25,14.318181037902832,5705138
2024-03-14,AXITA,14.488636016845703,15.579545021057127,14.488636016845703,15.034090042114258,4983448
2024-03-15,AXITA,15.204545021057127,15.784090042114258,14.727272033691406,14.931818008422852,3388494
2024-03-18,AXITA,15.13636302947998,15.51136302947998,14.897727012634276,14.931818008422852,2767435
2024-03-19,AXITA,15.102272033691406,15.170454025268556,14.590909004211426,14.659090042114258,2095519
2024-03-20,AXITA,14.829545021057127,14.897727012634276,14.625,14.659090042114258,2269585
2024-03-21,AXITA,14.795454025268556,15.0,14.693181037902832,14.727272033691406,2806642
2024-03-22,AXITA,14.727272033691406,14.863636016845703,14.659090042114258,14.76136302947998,2790606
2024-03-26,AXITA,14.897727012634276,15.102272033691406,14.488636016845703,14.659090042114258,3391179
2024-03-27,AXITA,14.727272033691406,14.727272033691406,14.215909004211426,14.352272033691406,3849643
2024-03-28,AXITA,14.352272033691406,14.931818008422852,14.215909004211426,14.25,4531350
2024-03-01,AYMSYNTEX,86.19999694824219,95.5,85.25,91.6500015258789,616586
2024-03-04,AYMSYNTEX,98.0,101.0,90.4499969482422,92.4000015258789,535405
2024-03-05,AYMSYNTEX,91.75,101.0,91.5,94.4499969482422,363617
2024-03-06,AYMSYNTEX,96.6500015258789,97.5500030517578,88.3499984741211,93.9499969482422,108454
2024-03-07,AYMSYNTEX,96.5,96.5,91.1500015258789,91.6500015258789,37024
2024-03-11,AYMSYNTEX,95.8499984741211,95.8499984741211,87.5,88.1500015258789,57331
2024-03-12,AYMSYNTEX,88.0999984741211,88.1500015258789,79.55000305175781,82.3499984741211,72457
2024-03-13,AYMSYNTEX,79.75,82.1500015258789,74.0,77.6500015258789,153809
2024-03-14,AYMSYNTEX,77.6500015258789,83.25,77.19999694824219,80.4000015258789,40691
2024-03-15,AYMSYNTEX,81.0,82.44999694824219,78.05000305175781,79.9000015258789,34849
2024-03-18,AYMSYNTEX,81.4000015258789,94.5,81.3499984741211,90.4499969482422,174230
2024-03-19,AYMSYNTEX,90.4499969482422,91.9000015258789,87.05000305175781,90.0,54668
2024-03-20,AYMSYNTEX,90.4499969482422,92.0,85.25,86.05000305175781,109567
2024-03-21,AYMSYNTEX,87.75,91.0999984741211,86.9000015258789,90.25,70090
2024-03-22,AYMSYNTEX,91.8000030517578,94.5,88.25,88.94999694824219,77700
2024-03-26,AYMSYNTEX,88.94999694824219,91.25,84.19999694824219,84.55000305175781,45222
2024-03-27,AYMSYNTEX,84.55000305175781,85.44999694824219,82.19999694824219,84.3499984741211,53338
2024-03-28,AYMSYNTEX,84.8499984741211,87.30000305175781,84.0,86.80000305175781,62997
2024-03-01,AZAD,1240.3499755859375,1270.8499755859375,1230.0,1270.8499755859375,468627
2024-03-04,AZAD,1360.0,1401.050048828125,1335.0,1400.25,656805
2024-03-05,AZAD,1424.800048828125,1465.0,1349.0,1356.9000244140625,830654
2024-03-06,AZAD,1358.0,1380.0,1289.050048828125,1297.800048828125,554005
2024-03-07,AZAD,1345.0,1362.6500244140625,1325.25,1356.4000244140625,365818
2024-03-11,AZAD,1360.0,1360.0,1292.1500244140625,1302.800048828125,287062
2024-03-12,AZAD,1334.949951171875,1334.949951171875,1251.050048828125,1283.0999755859375,308305
2024-03-13,AZAD,1270.0,1299.0,1218.949951171875,1218.949951171875,208958
2024-03-14,AZAD,1185.0,1256.800048828125,1158.0,1222.3499755859375,493599
2024-03-15,AZAD,1231.050048828125,1259.4000244140625,1193.050048828125,1214.0999755859375,137935
2024-03-18,AZAD,1229.9000244140625,1260.0,1216.199951171875,1229.8499755859375,140845
2024-03-19,AZAD,1229.550048828125,1240.75,1203.0999755859375,1214.949951171875,59509
2024-03-20,AZAD,1215.949951171875,1237.699951171875,1196.1500244140625,1209.050048828125,101458
2024-03-21,AZAD,1221.0,1269.5,1221.0,1269.5,110792
2024-03-22,AZAD,1274.9000244140625,1332.949951171875,1261.800048828125,1331.75,424156
2024-03-26,AZAD,1338.0,1360.0,1286.050048828125,1331.8499755859375,236810
2024-03-27,AZAD,1345.0,1358.699951171875,1308.199951171875,1324.300048828125,132112
2024-03-28,AZAD,1349.0,1388.0,1280.0,1367.8499755859375,389490
2024-03-01,BAFNAPH,90.9000015258789,91.0999984741211,87.0,87.6500015258789,2103
2024-03-04,BAFNAPH,88.0,89.94999694824219,87.0,87.80000305175781,7372
2024-03-05,BAFNAPH,87.9000015258789,89.94999694824219,86.0,86.55000305175781,6332
2024-03-06,BAFNAPH,85.19999694824219,87.80000305175781,84.0,86.0,7215
2024-03-07,BAFNAPH,86.25,88.0,86.25,86.25,336
2024-03-11,BAFNAPH,88.30000305175781,88.30000305175781,84.55000305175781,86.94999694824219,2813
2024-03-12,BAFNAPH,88.30000305175781,88.30000305175781,82.5999984741211,82.80000305175781,5741
2024-03-13,BAFNAPH,82.69999694824219,82.69999694824219,79.80000305175781,81.75,3041
2024-03-14,BAFNAPH,78.0,85.80000305175781,78.0,82.4000015258789,3810
2024-03-15,BAFNAPH,82.0,85.44999694824219,80.05000305175781,84.5,5519
2024-03-18,BAFNAPH,84.0999984741211,84.0999984741211,81.5999984741211,83.05000305175781,753
2024-03-19,BAFNAPH,80.5999984741211,83.0,80.5,80.75,10137
2024-03-20,BAFNAPH,80.75,84.25,79.9000015258789,79.9000015258789,5012
2024-03-21,BAFNAPH,80.5999984741211,82.5999984741211,79.0,80.69999694824219,8567
2024-03-22,BAFNAPH,80.69999694824219,82.3499984741211,79.05000305175781,79.6500015258789,1837
2024-03-26,BAFNAPH,79.80000305175781,81.5,77.0999984741211,78.1500015258789,7475
2024-03-27,BAFNAPH,77.0999984741211,78.0999984741211,76.0,78.05000305175781,48122
2024-03-28,BAFNAPH,76.19999694824219,78.69999694824219,75.9000015258789,78.3499984741211,23233
2024-03-01,BAGFILMS,9.75,10.100000381469728,9.199999809265137,10.100000381469728,172624
2024-03-04,BAGFILMS,10.850000381469728,11.100000381469728,10.149999618530272,10.449999809265137,232443
2024-03-05,BAGFILMS,10.449999809265137,10.699999809265137,9.949999809265137,10.0,241105
2024-03-06,BAGFILMS,9.949999809265137,10.199999809265137,9.5,9.600000381469728,224773
2024-03-07,BAGFILMS,9.600000381469728,10.050000190734863,9.149999618530272,10.0,451330
2024-03-11,BAGFILMS,9.75,9.899999618530272,9.5,9.600000381469728,395633
2024-03-12,BAGFILMS,9.600000381469728,9.600000381469728,9.149999618530272,9.149999618530272,405042
2024-03-13,BAGFILMS,9.100000381469728,9.100000381469728,8.699999809265137,8.699999809265137,199561
2024-03-14,BAGFILMS,8.300000190734863,9.100000381469728,8.300000190734863,8.899999618530273,424873
2024-03-15,BAGFILMS,8.600000381469727,9.0,8.5,8.600000381469727,250763
2024-03-18,BAGFILMS,8.75,8.899999618530273,8.449999809265137,8.550000190734863,123702
2024-03-19,BAGFILMS,8.649999618530273,8.699999809265137,8.149999618530273,8.199999809265137,179905
2024-03-20,BAGFILMS,8.199999809265137,8.5,8.0,8.100000381469727,216886
2024-03-21,BAGFILMS,8.300000190734863,8.5,8.0,8.5,149499
2024-03-22,BAGFILMS,8.5,8.899999618530273,8.350000381469727,8.600000381469727,485709
2024-03-26,BAGFILMS,8.550000190734863,8.600000381469727,8.199999809265137,8.350000381469727,400276
2024-03-27,BAGFILMS,8.399999618530273,8.449999809265137,7.949999809265137,8.0,495235
2024-03-28,BAGFILMS,8.100000381469727,8.399999618530273,7.599999904632568,8.149999618530273,480835
2024-03-01,BAIDFIN,26.799999237060547,27.14999961853028,26.450000762939453,26.89999961853028,310236
2024-03-04,BAIDFIN,26.64999961853028,27.049999237060547,25.600000381469727,26.14999961853028,326549
2024-03-05,BAIDFIN,26.14999961853028,26.950000762939453,25.39999961853028,26.049999237060547,525097
2024-03-06,BAIDFIN,26.25,26.799999237060547,24.64999961853028,24.850000381469727,150064
2024-03-07,BAIDFIN,24.950000762939453,25.14999961853028,24.100000381469727,24.299999237060547,119519
2024-03-11,BAIDFIN,24.450000762939453,24.64999961853028,22.299999237060547,22.75,369859
2024-03-12,BAIDFIN,22.850000381469727,23.14999961853028,20.850000381469727,21.64999961853028,518868
2024-03-13,BAIDFIN,22.64999961853028,23.0,19.200000762939453,19.799999237060547,425993
2024-03-14,BAIDFIN,19.850000381469727,21.5,19.850000381469727,20.950000762939453,200162
2024-03-15,BAIDFIN,21.0,22.25,20.5,21.39999961853028,214323
2024-03-18,BAIDFIN,21.850000381469727,21.850000381469727,20.799999237060547,21.0,101808
2024-03-19,BAIDFIN,21.0,21.350000381469727,20.350000381469727,20.549999237060547,91967
2024-03-20,BAIDFIN,21.0,21.14999961853028,20.549999237060547,20.600000381469727,92890
2024-03-21,BAIDFIN,20.950000762939453,21.0,20.600000381469727,20.75,89210
2024-03-22,BAIDFIN,20.799999237060547,21.25,20.5,20.799999237060547,87526
2024-03-26,BAIDFIN,20.799999237060547,21.100000381469727,19.950000762939453,20.14999961853028,307243
2024-03-27,BAIDFIN,19.850000381469727,21.14999961853028,18.549999237060547,19.14999961853028,438237
2024-03-28,BAIDFIN,19.14999961853028,20.0,18.5,18.950000762939453,510659
2024-03-01,BAJAJ-AUTO,7955.0,8094.0,7945.2998046875,8040.0498046875,399007
2024-03-04,BAJAJ-AUTO,8068.75,8225.0,8046.64990234375,8207.2998046875,410053
2024-03-05,BAJAJ-AUTO,8160.0498046875,8388.0,8160.0498046875,8351.75,615117
2024-03-06,BAJAJ-AUTO,8369.7001953125,8681.150390625,8364.0,8605.7998046875,959543
2024-03-07,BAJAJ-AUTO,8638.0,8972.849609375,8500.0498046875,8879.0498046875,1243547
2024-03-11,BAJAJ-AUTO,9023.4501953125,9025.0,8630.0,8659.400390625,631957
2024-03-12,BAJAJ-AUTO,8636.9501953125,8699.9501953125,8475.25,8527.7001953125,324864
2024-03-13,BAJAJ-AUTO,8527.7001953125,8617.2001953125,8296.9501953125,8384.900390625,430048
2024-03-14,BAJAJ-AUTO,8330.5,8400.0,8202.0498046875,8383.5498046875,392634
2024-03-15,BAJAJ-AUTO,8384.7998046875,8432.099609375,8110.0,8350.7001953125,676870
2024-03-18,BAJAJ-AUTO,8343.0,8547.150390625,8294.2001953125,8521.7998046875,367524
2024-03-19,BAJAJ-AUTO,8500.0,8687.900390625,8442.5498046875,8640.2001953125,673456
2024-03-20,BAJAJ-AUTO,8640.0,8784.0,8562.0,8635.599609375,790885
2024-03-21,BAJAJ-AUTO,8608.2001953125,8770.0,8585.0,8750.599609375,720691
2024-03-22,BAJAJ-AUTO,8700.0498046875,9050.0,8682.0,8945.25,851210
2024-03-26,BAJAJ-AUTO,8945.25,9020.0,8851.0498046875,8960.5498046875,534067
2024-03-27,BAJAJ-AUTO,8959.0,9287.7998046875,8926.7001953125,9162.5,1034030
2024-03-28,BAJAJ-AUTO,9162.5,9243.599609375,8980.0498046875,9148.150390625,847202
2024-03-01,BAJAJCON,234.9499969482422,240.6000061035156,234.9499969482422,238.6999969482422,350704
2024-03-04,BAJAJCON,240.0,240.0,234.0,235.3000030517578,353400
2024-03-05,BAJAJCON,235.3000030517578,236.1999969482422,231.1999969482422,232.8000030517578,269840
2024-03-06,BAJAJCON,233.9499969482422,233.9499969482422,225.0500030517578,228.1999969482422,528981
2024-03-07,BAJAJCON,229.0,230.8000030517578,227.0,227.6000061035156,174507
2024-03-11,BAJAJCON,228.8999938964844,229.3999938964844,219.75,220.3999938964844,302578
2024-03-12,BAJAJCON,221.5,223.8000030517578,218.0,220.3500061035156,357402
2024-03-13,BAJAJCON,221.5,223.25,208.1000061035156,210.0,452012
2024-03-14,BAJAJCON,205.5,219.9499969482422,205.5,216.8000030517578,404163
2024-03-15,BAJAJCON,216.0,219.1000061035156,212.6499938964844,213.4499969482422,195608
2024-03-18,BAJAJCON,213.75,220.75,212.1999969482422,219.1999969482422,206925
2024-03-19,BAJAJCON,219.8000030517578,222.4499969482422,216.3000030517578,218.3000030517578,264030
2024-03-20,BAJAJCON,218.3000030517578,221.6499938964844,217.0,220.3500061035156,182685
2024-03-21,BAJAJCON,221.5,222.4499969482422,217.5500030517578,218.6499938964844,113394
2024-03-22,BAJAJCON,219.9499969482422,223.6000061035156,217.8500061035156,219.1000061035156,187534
2024-03-26,BAJAJCON,217.5,218.5,212.4499969482422,214.3000030517578,239788
2024-03-27,BAJAJCON,215.0,218.0,215.0,215.5,244312
2024-03-28,BAJAJCON,216.5500030517578,217.4499969482422,211.1000061035156,212.0500030517578,219096
2024-03-01,BAJAJELEC,1007.6500244140624,1023.1500244140624,998.0999755859376,1019.75,34711
2024-03-04,BAJAJELEC,998.4000244140624,1019.0,995.0,1000.7000122070312,36152
2024-03-05,BAJAJELEC,1007.0,1010.0,999.5999755859376,1003.0,29950
2024-03-06,BAJAJELEC,1008.0,1008.0,983.0,989.3499755859376,213196
2024-03-07,BAJAJELEC,991.0,1008.0,990.1500244140624,994.75,15519
2024-03-11,BAJAJELEC,994.9500122070312,1003.1500244140624,976.9500122070312,981.6500244140624,26152
2024-03-12,BAJAJELEC,985.5499877929688,986.9500122070312,940.0,954.4000244140624,153024
2024-03-13,BAJAJELEC,962.5999755859376,968.5499877929688,910.0,921.3499755859376,37680
2024-03-14,BAJAJELEC,931.4500122070312,977.4500122070312,918.9500122070312,956.0499877929688,32422
2024-03-15,BAJAJELEC,956.25,957.2999877929688,925.0,929.4500122070312,107319
2024-03-18,BAJAJELEC,929.4500122070312,969.0,916.9500122070312,951.9500122070312,90362
2024-03-19,BAJAJELEC,952.0,965.7999877929688,933.1500244140624,961.4500122070312,29942
2024-03-20,BAJAJELEC,961.4500122070312,961.4500122070312,934.8499755859376,949.5499877929688,125618
2024-03-21,BAJAJELEC,955.0,955.0,936.0,939.25,26308
2024-03-22,BAJAJELEC,953.0,953.5,923.4000244140624,927.4500122070312,52879
2024-03-26,BAJAJELEC,940.0,942.0,912.0,919.4500122070312,62677
2024-03-27,BAJAJELEC,928.8499755859376,928.8499755859376,900.0,902.5499877929688,66643
2024-03-28,BAJAJELEC,902.5499877929688,921.9500122070312,902.5,907.6500244140624,41089
2024-03-01,BAJAJFINSV,1597.949951171875,1620.300048828125,1595.199951171875,1613.4000244140625,740120
2024-03-04,BAJAJFINSV,1616.0,1625.0,1603.300048828125,1619.300048828125,589948
2024-03-05,BAJAJFINSV,1630.0,1636.5999755859375,1541.1500244140625,1550.5,2343463
2024-03-06,BAJAJFINSV,1558.0,1558.0,1530.800048828125,1554.5999755859375,1239370
2024-03-07,BAJAJFINSV,1557.1500244140625,1589.6500244140625,1557.1500244140625,1582.800048828125,1380840
2024-03-11,BAJAJFINSV,1597.5,1616.1500244140625,1583.0,1598.800048828125,1285565
2024-03-12,BAJAJFINSV,1590.0999755859375,1612.0,1565.1500244140625,1593.550048828125,1587096
2024-03-13,BAJAJFINSV,1592.300048828125,1598.949951171875,1562.0,1573.1500244140625,1279653
2024-03-14,BAJAJFINSV,1565.5999755859375,1580.0,1550.0999755859375,1563.699951171875,1289823
2024-03-15,BAJAJFINSV,1547.5,1589.5999755859375,1547.5,1571.449951171875,1929597
2024-03-18,BAJAJFINSV,1570.949951171875,1579.1500244140625,1561.0,1577.050048828125,645594
2024-03-19,BAJAJFINSV,1574.050048828125,1590.0,1551.0999755859375,1581.5,1385006
2024-03-20,BAJAJFINSV,1582.5,1593.5,1566.0999755859375,1584.699951171875,723724
2024-03-21,BAJAJFINSV,1596.0,1609.449951171875,1592.0,1602.5999755859375,1166497
2024-03-22,BAJAJFINSV,1593.0,1610.0,1583.4000244140625,1587.550048828125,1570412
2024-03-26,BAJAJFINSV,1589.0,1619.0,1589.0,1593.9000244140625,1616192
2024-03-27,BAJAJFINSV,1590.0,1609.9000244140625,1578.199951171875,1582.6500244140625,1205575
2024-03-28,BAJAJFINSV,1588.0,1669.0,1588.0,1643.8499755859375,5210310
2024-03-01,BAJAJHCARE,338.8999938964844,351.3500061035156,335.0,336.54998779296875,526654
2024-03-04,BAJAJHCARE,338.95001220703125,370.3999938964844,328.5,352.5,1143173
2024-03-05,BAJAJHCARE,348.8500061035156,362.3500061035156,344.6499938964844,354.8500061035156,408652
2024-03-06,BAJAJHCARE,352.0,354.70001220703125,336.6000061035156,340.45001220703125,223397
2024-03-07,BAJAJHCARE,343.5,349.79998779296875,335.0,336.5,129497
2024-03-11,BAJAJHCARE,330.20001220703125,344.95001220703125,327.8500061035156,330.04998779296875,137202
2024-03-12,BAJAJHCARE,331.75,334.70001220703125,308.95001220703125,312.95001220703125,158198
2024-03-13,BAJAJHCARE,314.54998779296875,327.6000061035156,297.70001220703125,300.3999938964844,202167
2024-03-14,BAJAJHCARE,301.95001220703125,312.5,292.04998779296875,310.54998779296875,103875
2024-03-15,BAJAJHCARE,311.95001220703125,312.1499938964844,302.20001220703125,305.54998779296875,95133
2024-03-18,BAJAJHCARE,307.1499938964844,312.5,302.0,303.8999938964844,72855
2024-03-19,BAJAJHCARE,304.95001220703125,308.0,299.0,301.75,95749
2024-03-20,BAJAJHCARE,302.5,303.3999938964844,291.6000061035156,295.95001220703125,100057
2024-03-21,BAJAJHCARE,298.95001220703125,304.95001220703125,298.1000061035156,302.45001220703125,96771
2024-03-22,BAJAJHCARE,303.0,307.79998779296875,302.0,303.45001220703125,80148
2024-03-26,BAJAJHCARE,300.3999938964844,302.95001220703125,295.0,297.79998779296875,114619
2024-03-27,BAJAJHCARE,299.3500061035156,302.20001220703125,287.1000061035156,289.95001220703125,238710
2024-03-28,BAJAJHCARE,314.0,314.0,290.3500061035156,292.29998779296875,260215
2024-03-01,BAJAJHIND,34.95000076293945,35.5,34.20000076293945,34.349998474121094,6047408
2024-03-04,BAJAJHIND,34.79999923706055,36.25,34.20000076293945,35.099998474121094,12629293
2024-03-05,BAJAJHIND,35.0,35.25,33.599998474121094,33.95000076293945,6934302
2024-03-06,BAJAJHIND,33.45000076293945,33.70000076293945,31.450000762939453,32.349998474121094,15645394
2024-03-07,BAJAJHIND,32.599998474121094,33.5,32.5,33.20000076293945,6468937
2024-03-11,BAJAJHIND,33.650001525878906,33.95000076293945,31.049999237060547,31.200000762939453,9062899
2024-03-12,BAJAJHIND,31.200000762939453,31.700000762939453,30.0,30.700000762939453,13114894
2024-03-13,BAJAJHIND,30.850000381469727,31.100000381469727,27.450000762939453,27.850000381469727,19641202
2024-03-14,BAJAJHIND,27.600000381469727,30.299999237060547,26.799999237060547,29.850000381469727,16205106
2024-03-15,BAJAJHIND,29.799999237060547,30.5,28.25,29.39999961853028,8745871
2024-03-18,BAJAJHIND,29.850000381469727,30.700000762939453,29.350000381469727,29.75,11011729
2024-03-19,BAJAJHIND,29.75,30.200000762939453,28.75,28.89999961853028,8457068
2024-03-20,BAJAJHIND,29.0,29.200000762939453,28.100000381469727,28.799999237060547,9514770
2024-03-21,BAJAJHIND,29.14999961853028,29.950000762939453,29.100000381469727,29.799999237060547,9029748
2024-03-22,BAJAJHIND,29.799999237060547,30.64999961853028,29.75,30.350000381469727,11266581
2024-03-26,BAJAJHIND,30.450000762939453,30.450000762939453,29.049999237060547,29.14999961853028,10302896
2024-03-27,BAJAJHIND,29.299999237060547,29.850000381469727,28.5,28.64999961853028,14531503
2024-03-28,BAJAJHIND,29.0,29.850000381469727,28.950000762939453,29.049999237060547,9750067
2024-03-01,BAJAJHLDNG,9154.2998046875,9288.0,8911.5,8944.349609375,35724
2024-03-04,BAJAJHLDNG,9175.0,9175.0,8838.900390625,8855.599609375,45298
2024-03-05,BAJAJHLDNG,8830.0,8860.4501953125,8685.0,8726.150390625,41517
2024-03-06,BAJAJHLDNG,8756.9501953125,8756.9501953125,8649.9501953125,8716.099609375,41202
2024-03-07,BAJAJHLDNG,8787.9501953125,8787.9501953125,8610.0,8665.150390625,38774
2024-03-11,BAJAJHLDNG,8666.25,8747.7001953125,8558.7998046875,8616.150390625,67923
2024-03-12,BAJAJHLDNG,8616.9501953125,8662.4501953125,8525.0,8594.150390625,23669
2024-03-13,BAJAJHLDNG,8510.0,8581.25,8277.900390625,8369.0,36711
2024-03-14,BAJAJHLDNG,8225.0,8300.0,8080.60009765625,8231.0,68591
2024-03-15,BAJAJHLDNG,8148.7001953125,8299.900390625,8142.0498046875,8243.75,46749
2024-03-18,BAJAJHLDNG,8243.75,8243.75,8150.10009765625,8210.2998046875,19087
2024-03-19,BAJAJHLDNG,8264.599609375,8318.0,8190.10009765625,8204.599609375,23350
2024-03-20,BAJAJHLDNG,8191.0498046875,8194.75,8088.0,8130.14990234375,14503
2024-03-21,BAJAJHLDNG,8121.0,8219.7001953125,8120.0,8202.650390625,16304
2024-03-22,BAJAJHLDNG,8215.0,8447.650390625,8202.650390625,8395.0498046875,49514
2024-03-26,BAJAJHLDNG,8212.0,8435.0,8212.0,8413.2001953125,29115
2024-03-27,BAJAJHLDNG,8428.150390625,8509.7998046875,7965.25,8096.2998046875,108749
2024-03-28,BAJAJHLDNG,8065.10009765625,8344.0498046875,8065.10009765625,8272.75,74053
2024-03-01,BAJEL,220.0,224.1999969482422,217.3000030517578,218.1499938964844,370646
2024-03-04,BAJEL,232.4499969482422,234.0,220.6999969482422,221.6000061035156,373774
2024-03-05,BAJEL,221.6499938964844,222.9499969482422,210.5500030517578,210.8999938964844,714910
2024-03-06,BAJEL,210.8999938964844,210.8999938964844,200.3500061035156,200.8999938964844,873123
2024-03-07,BAJEL,200.8999938964844,205.1000061035156,194.0,200.6999969482422,850335
2024-03-11,BAJEL,202.1499938964844,209.8000030517578,193.0,201.3000030517578,665138
2024-03-12,BAJEL,201.0,202.6000061035156,191.25,191.25,572759
2024-03-13,BAJEL,187.8999938964844,191.1999969482422,181.6999969482422,181.6999969482422,1155300
2024-03-14,BAJEL,175.5500030517578,190.75,175.0,190.75,625691
2024-03-15,BAJEL,191.1000061035156,195.0,184.8000030517578,192.8000030517578,510039
2024-03-18,BAJEL,194.0,196.0,186.8500061035156,189.5,300542
2024-03-19,BAJEL,189.0,190.6000061035156,183.0,183.8500061035156,215969
2024-03-20,BAJEL,184.8500061035156,188.9499969482422,178.60000610351562,185.9499969482422,329865
2024-03-21,BAJEL,188.0,195.1999969482422,188.0,195.0500030517578,549401
2024-03-22,BAJEL,194.0,204.8000030517578,191.3999938964844,204.8000030517578,501532
2024-03-26,BAJEL,208.0,215.0,208.0,215.0,195210
2024-03-27,BAJEL,220.8500061035156,225.4499969482422,211.0,213.1499938964844,850227
2024-03-28,BAJEL,217.8999938964844,223.1999969482422,214.0,215.1999969482422,345839
2024-03-01,BAJFINANCE,651.1749877929688,660.8699951171875,650.2100219726562,657.14501953125,9190800
2024-03-04,BAJFINANCE,658.7999877929688,663.9949951171875,655.7449951171875,660.2449951171875,3971180
2024-03-05,BAJFINANCE,660.2449951171875,663.625,627.2000122070312,632.4249877929688,17175580
2024-03-06,BAJFINANCE,633.25,634.5900268554688,618.780029296875,631.125,21047920
2024-03-07,BAJFINANCE,635.0,646.8599853515625,632.5399780273438,642.10498046875,14694210
2024-03-11,BAJFINANCE,655.0,655.2000122070312,640.4000244140625,643.375,12039710
2024-03-12,BAJFINANCE,640.5,648.5,634.135009765625,643.60498046875,10946770
2024-03-13,BAJFINANCE,643.9249877929688,651.4949951171875,639.155029296875,645.614990234375,11321830
2024-03-14,BAJFINANCE,645.614990234375,647.0,629.780029296875,639.7449951171875,12198650
2024-03-15,BAJFINANCE,637.5050048828125,657.7999877929688,636.0,651.4349975585938,19705000
2024-03-18,BAJFINANCE,651.4349975585938,655.5,645.6099853515625,650.4650268554688,6764250
2024-03-19,BAJFINANCE,650.969970703125,666.719970703125,650.5,659.625,14080870
2024-03-20,BAJFINANCE,661.0,673.0999755859375,660.5999755859375,664.9500122070312,14908310
2024-03-21,BAJFINANCE,670.75,677.1649780273438,665.7150268554688,671.5750122070312,18060920
2024-03-22,BAJFINANCE,670.5,680.2999877929688,668.6300048828125,676.0900268554688,11252380
2024-03-26,BAJFINANCE,675.4500122070312,694.5,674.5,691.010009765625,18503210
2024-03-27,BAJFINANCE,694.5750122070312,704.9000244140625,690.5,702.2750244140625,15512750
2024-03-28,BAJFINANCE,703.2100219726562,734.9299926757812,703.2100219726562,724.5250244140625,35745180
2024-03-01,BALAJITELE,124.1999969482422,128.39999389648438,115.1999969482422,116.9000015258789,940991
2024-03-04,BALAJITELE,99.9499969482422,105.75,99.9499969482422,99.9499969482422,1522432
2024-03-05,BALAJITELE,96.0500030517578,99.9499969482422,94.9499969482422,94.9499969482422,1282777
2024-03-06,BALAJITELE,90.1999969482422,94.1500015258789,90.1999969482422,90.1999969482422,1298332
2024-03-07,BALAJITELE,91.0500030517578,94.6999969482422,88.25,93.25,1558449
2024-03-11,BALAJITELE,93.5999984741211,94.6500015258789,88.5999984741211,88.5999984741211,549521
2024-03-12,BALAJITELE,88.19999694824219,88.19999694824219,84.19999694824219,84.19999694824219,241410
2024-03-13,BALAJITELE,81.30000305175781,82.75,80.0,80.0,853285
2024-03-14,BALAJITELE,77.0999984741211,78.94999694824219,76.0,76.0999984741211,1353274
2024-03-15,BALAJITELE,75.94999694824219,79.9000015258789,75.25,79.9000015258789,350949
2024-03-18,BALAJITELE,80.0,83.8499984741211,78.55000305175781,80.19999694824219,407503
2024-03-19,BALAJITELE,80.44999694824219,80.44999694824219,76.5,77.44999694824219,295772
2024-03-20,BALAJITELE,76.0999984741211,78.75,74.0,75.0999984741211,389608
2024-03-21,BALAJITELE,75.5,78.8499984741211,75.5,78.8499984741211,101172
2024-03-22,BALAJITELE,81.80000305175781,82.75,79.19999694824219,81.6500015258789,775832
2024-03-26,BALAJITELE,82.0,82.0,77.5999984741211,78.44999694824219,759955
2024-03-27,BALAJITELE,78.4000015258789,82.3499984741211,75.0,75.3499984741211,1134433
2024-03-28,BALAJITELE,75.55000305175781,77.5,73.5,73.8499984741211,636209
2024-03-01,BALAMINES,2194.0,2220.199951171875,2175.89990234375,2195.85009765625,30915
2024-03-04,BALAMINES,2205.14990234375,2239.050048828125,2186.0,2196.35009765625,33463
2024-03-05,BALAMINES,2209.75,2426.949951171875,2189.5,2393.89990234375,1279540
2024-03-06,BALAMINES,2402.050048828125,2431.949951171875,2301.14990234375,2317.199951171875,233353
2024-03-07,BALAMINES,2318.050048828125,2375.5,2318.050048828125,2337.14990234375,88123
2024-03-11,BALAMINES,2337.85009765625,2337.85009765625,2202.0,2223.60009765625,77590
2024-03-12,BALAMINES,2223.699951171875,2230.14990234375,2131.050048828125,2156.35009765625,79167
2024-03-13,BALAMINES,2157.949951171875,2165.60009765625,2030.0,2041.050048828125,136704
2024-03-14,BALAMINES,2041.050048828125,2099.0,2009.199951171875,2057.64990234375,84568
2024-03-15,BALAMINES,2058.75,2129.699951171875,2058.0,2100.949951171875,69139
2024-03-18,BALAMINES,2105.0,2129.699951171875,2072.0,2081.75,39908
2024-03-19,BALAMINES,2081.75,2114.699951171875,2053.75,2058.199951171875,37688
2024-03-20,BALAMINES,2058.199951171875,2076.949951171875,2032.0,2036.699951171875,33895
2024-03-21,BALAMINES,2076.39990234375,2086.60009765625,2055.0,2062.35009765625,39570
2024-03-22,BALAMINES,2066.0,2165.0,2066.0,2106.699951171875,181950
2024-03-26,BALAMINES,2100.050048828125,2106.699951171875,2045.0,2051.949951171875,92896
2024-03-27,BALAMINES,2050.10009765625,2097.5,2050.10009765625,2066.050048828125,108869
2024-03-28,BALAMINES,2078.0,2085.949951171875,2033.300048828125,2045.25,74636
2024-03-01,BALAXI,123.5500030517578,123.98999786376952,117.0,117.93000030517578,48660
2024-03-04,BALAXI,117.0,119.12999725341795,112.04000091552734,115.4000015258789,78660
2024-03-05,BALAXI,116.5999984741211,116.5999984741211,106.80999755859376,108.75,70055
2024-03-06,BALAXI,109.27999877929688,110.68000030517578,100.66000366210938,103.2699966430664,40040
2024-03-07,BALAXI,105.9800033569336,109.58999633789062,102.01000213623048,107.72000122070312,30255
2024-03-11,BALAXI,109.72000122070312,109.72000122070312,104.4000015258789,105.73999786376952,29145
2024-03-12,BALAXI,105.0,105.0,97.58999633789062,101.6999969482422,65055
2024-03-13,BALAXI,98.22000122070312,101.5500030517578,93.08000183105467,97.26000213623048,91190
2024-03-14,BALAXI,97.26000213623048,103.94000244140624,92.4800033569336,101.8000030517578,69190
2024-03-15,BALAXI,103.5999984741211,103.5999984741211,93.5999984741211,95.06999969482422,85975
2024-03-18,BALAXI,95.41000366210938,96.9000015258789,94.0199966430664,94.83000183105467,21340
2024-03-19,BALAXI,96.5999984741211,107.16000366210938,94.16999816894533,102.1999969482422,203275
2024-03-20,BALAXI,100.47000122070312,103.4800033569336,95.2300033569336,96.8499984741211,71755
2024-03-21,BALAXI,101.16000366210938,105.9800033569336,98.38999938964844,101.77999877929688,62875
2024-03-22,BALAXI,102.48999786376952,104.79000091552734,101.06999969482422,101.73999786376952,16500
2024-03-26,BALAXI,102.0,103.79000091552734,97.27999877929688,98.80999755859376,52550
2024-03-27,BALAXI,101.91999816894533,102.9800033569336,96.1999969482422,97.77999877929688,50145
2024-03-28,BALAXI,101.73999786376952,103.73999786376952,96.5500030517578,99.19000244140624,53190
2024-03-01,BALKRISHNA,24.890024185180664,25.92710876464844,24.648038864135746,25.13201141357422,10429
2024-03-04,BALKRISHNA,26.92962455749512,26.92962455749512,25.754262924194336,25.78883171081543,7827
2024-03-05,BALKRISHNA,25.85797119140625,26.68763732910156,24.890024185180664,25.5814151763916,9843
2024-03-06,BALKRISHNA,25.5814151763916,25.99624824523925,24.30234336853028,25.477706909179688,5582
2024-03-07,BALKRISHNA,24.92459487915039,25.92710876464844,24.19863510131836,24.406051635742188,28837
2024-03-11,BALKRISHNA,24.544330596923828,25.373998641967773,23.299829483032227,23.714662551879883,46798
2024-03-12,BALKRISHNA,24.475191116333008,24.890024185180664,24.475191116333008,24.890024185180664,40165
2024-03-13,BALKRISHNA,26.134525299072266,26.134525299072266,26.134525299072266,26.134525299072266,51230
2024-03-14,BALKRISHNA,27.4135971069336,27.4135971069336,24.890024185180664,27.03333282470703,89703
2024-03-15,BALKRISHNA,25.700000762939453,28.39999961853028,25.700000762939453,28.39999961853028,31296
2024-03-18,BALKRISHNA,29.799999237060547,29.799999237060547,27.0,27.14999961853028,53577
2024-03-19,BALKRISHNA,26.600000381469727,27.0,26.600000381469727,26.600000381469727,5379
2024-03-20,BALKRISHNA,26.100000381469727,26.600000381469727,26.100000381469727,26.100000381469727,4273
2024-03-21,BALKRISHNA,25.600000381469727,25.600000381469727,25.600000381469727,25.600000381469727,7251
2024-03-22,BALKRISHNA,25.100000381469727,25.5,25.100000381469727,25.100000381469727,7977
2024-03-26,BALKRISHNA,24.600000381469727,24.799999237060547,24.600000381469727,24.600000381469727,9885
2024-03-27,BALKRISHNA,24.100000381469727,24.100000381469727,24.100000381469727,24.100000381469727,7539
2024-03-28,BALKRISHNA,23.64999961853028,23.700000762939453,23.64999961853028,23.64999961853028,12228
2024-03-01,BALKRISIND,2241.85009765625,2263.39990234375,2210.050048828125,2250.85009765625,1018688
2024-03-04,BALKRISIND,2269.800048828125,2269.800048828125,2233.10009765625,2238.35009765625,351156
2024-03-05,BALKRISIND,2234.0,2324.0,2234.0,2271.85009765625,586091
2024-03-06,BALKRISIND,2281.800048828125,2287.0,2235.300048828125,2281.60009765625,272361
2024-03-07,BALKRISIND,2280.0,2290.0,2259.0,2267.14990234375,137523
2024-03-11,BALKRISIND,2250.0,2263.85009765625,2193.800048828125,2246.64990234375,863296
2024-03-12,BALKRISIND,2237.85009765625,2358.0,2234.0,2344.39990234375,1134190
2024-03-13,BALKRISIND,2363.949951171875,2378.800048828125,2270.5,2285.39990234375,634895
2024-03-14,BALKRISIND,2260.0,2293.050048828125,2212.800048828125,2267.75,402650
2024-03-15,BALKRISIND,2252.5,2286.14990234375,2233.0,2267.0,282792
2024-03-18,BALKRISIND,2262.5,2279.89990234375,2233.0,2260.35009765625,285308
2024-03-19,BALKRISIND,2260.35009765625,2300.0,2246.199951171875,2284.5,365379
2024-03-20,BALKRISIND,2290.949951171875,2323.0,2248.10009765625,2280.39990234375,206430
2024-03-21,BALKRISIND,2284.60009765625,2322.89990234375,2274.35009765625,2309.550048828125,256352
2024-03-22,BALKRISIND,2305.0,2312.949951171875,2259.35009765625,2276.050048828125,312564
2024-03-26,BALKRISIND,2272.0,2288.949951171875,2253.0,2266.39990234375,146934
2024-03-27,BALKRISIND,2274.800048828125,2312.949951171875,2255.39990234375,2290.85009765625,264660
2024-03-28,BALKRISIND,2307.39990234375,2333.0,2275.0,2317.35009765625,271784
2024-03-01,BALMLAWRIE,246.6999969482422,246.6999969482422,242.0,243.3500061035156,428162
2024-03-04,BALMLAWRIE,245.25,251.1999969482422,241.1499938964844,244.1999969482422,436125
2024-03-05,BALMLAWRIE,243.8500061035156,251.5,243.6000061035156,248.6499938964844,431810
2024-03-06,BALMLAWRIE,248.0500030517578,248.0500030517578,236.3000030517578,240.3999938964844,485332
2024-03-07,BALMLAWRIE,239.5,247.8500061035156,239.3500061035156,245.3500061035156,356032
2024-03-11,BALMLAWRIE,244.0,244.0,232.5,234.1000061035156,453816
2024-03-12,BALMLAWRIE,232.1000061035156,234.6000061035156,223.1999969482422,225.4499969482422,658577
2024-03-13,BALMLAWRIE,224.8000030517578,230.0,203.6999969482422,206.3500061035156,1477297
2024-03-14,BALMLAWRIE,205.0,218.6000061035156,202.0,215.1499938964844,688287
2024-03-15,BALMLAWRIE,214.0,231.0,210.1000061035156,219.1999969482422,1463542
2024-03-18,BALMLAWRIE,219.8999938964844,224.1499938964844,215.8000030517578,217.6999969482422,515718
2024-03-19,BALMLAWRIE,217.8000030517578,219.4499969482422,211.0,212.1999969482422,338476
2024-03-20,BALMLAWRIE,212.1999969482422,219.0500030517578,207.1499938964844,210.8000030517578,655033
2024-03-21,BALMLAWRIE,213.5,230.75,213.3500061035156,228.0,1062004
2024-03-22,BALMLAWRIE,227.0500030517578,231.8999938964844,224.1499938964844,229.8500061035156,583650
2024-03-26,BALMLAWRIE,225.75,233.9499969482422,225.3999938964844,226.4499969482422,510481
2024-03-27,BALMLAWRIE,227.5,241.1000061035156,227.5,237.0,911501
2024-03-28,BALMLAWRIE,240.25,244.8000030517578,237.8000030517578,238.3999938964844,636490
2024-03-01,BALPHARMA,109.9499969482422,114.4000015258789,109.9000015258789,112.4499969482422,17642
2024-03-04,BALPHARMA,113.8499984741211,115.5999984741211,111.1999969482422,111.8000030517578,14169
2024-03-05,BALPHARMA,111.0,113.9000015258789,108.0,108.9000015258789,24312
2024-03-06,BALPHARMA,108.1999969482422,110.5,104.5,106.5999984741211,23202
2024-03-07,BALPHARMA,106.5999984741211,109.0999984741211,106.0,106.9000015258789,10398
2024-03-11,BALPHARMA,106.0,107.8000030517578,104.0,104.5,13449
2024-03-12,BALPHARMA,104.0,107.4000015258789,97.5500030517578,100.3000030517578,16353
2024-03-13,BALPHARMA,100.0,100.0,88.94999694824219,90.6999969482422,70194
2024-03-14,BALPHARMA,93.0,97.25,92.0,96.25,30598
2024-03-15,BALPHARMA,98.8499984741211,98.8499984741211,93.5500030517578,94.6999969482422,15877
2024-03-18,BALPHARMA,93.1999969482422,98.9000015258789,93.1999969482422,95.6500015258789,13774
2024-03-19,BALPHARMA,95.0,97.0,93.4499969482422,94.25,11096
2024-03-20,BALPHARMA,94.0999984741211,96.9000015258789,92.8499984741211,94.4499969482422,9616
2024-03-21,BALPHARMA,94.0,98.5,94.0,97.5,50312
2024-03-22,BALPHARMA,98.25,102.0,97.5,98.9000015258789,32067
2024-03-26,BALPHARMA,98.9000015258789,101.1500015258789,98.5,98.8499984741211,11045
2024-03-27,BALPHARMA,98.0,98.8499984741211,95.0,95.1500015258789,23693
2024-03-28,BALPHARMA,95.0,96.5500030517578,90.0999984741211,91.1999969482422,46752
2024-03-01,BALRAMCHIN,373.7999877929688,377.6000061035156,371.5499877929688,372.5499877929688,1317165
2024-03-04,BALRAMCHIN,375.7000122070313,386.1000061035156,374.2999877929688,380.3500061035156,2258905
2024-03-05,BALRAMCHIN,382.0,383.0,377.3999938964844,380.7999877929688,951385
2024-03-06,BALRAMCHIN,378.5,380.7999877929688,370.0,373.0499877929688,1637563
2024-03-07,BALRAMCHIN,374.3999938964844,380.8999938964844,374.0,378.4500122070313,992857
2024-03-11,BALRAMCHIN,378.8999938964844,379.4500122070313,372.25,374.7999877929688,1001363
2024-03-12,BALRAMCHIN,375.0,375.7999877929688,360.3500061035156,363.8500061035156,2188899
2024-03-13,BALRAMCHIN,364.5499877929688,367.4500122070313,345.29998779296875,347.6000061035156,1989299
2024-03-14,BALRAMCHIN,349.3500061035156,357.8999938964844,343.5,356.04998779296875,1267523
2024-03-15,BALRAMCHIN,357.0,361.9500122070313,350.0,359.25,1918527
2024-03-18,BALRAMCHIN,366.0499877929688,368.8999938964844,358.1000061035156,360.8500061035156,2951142
2024-03-19,BALRAMCHIN,357.25,365.3999938964844,356.0,363.25,1503434
2024-03-20,BALRAMCHIN,364.0,365.0,356.04998779296875,357.3500061035156,655220
2024-03-21,BALRAMCHIN,360.20001220703125,367.9500122070313,360.1499938964844,366.3500061035156,1193526
2024-03-22,BALRAMCHIN,366.5,372.6000061035156,363.2999877929688,366.1499938964844,1232410
2024-03-26,BALRAMCHIN,363.7999877929688,372.9500122070313,363.6499938964844,366.1000061035156,1687433
2024-03-27,BALRAMCHIN,368.7000122070313,369.1000061035156,360.0,362.1499938964844,2056254
2024-03-28,BALRAMCHIN,363.0,364.25,359.0,361.9500122070313,1485300
2024-03-01,BANARBEADS,100.3499984741211,103.0,99.1500015258789,100.5500030517578,11459
2024-03-04,BANARBEADS,102.0500030517578,102.0500030517578,100.5,100.5,10518
2024-03-05,BANARBEADS,102.5999984741211,102.6500015258789,100.5,100.75,11010
2024-03-06,BANARBEADS,102.1500015258789,103.5,100.4000015258789,100.5500030517578,18387
2024-03-07,BANARBEADS,102.1999969482422,102.1999969482422,99.3499984741211,100.0,7517
2024-03-11,BANARBEADS,103.4499969482422,103.4499969482422,98.0999984741211,98.9499969482422,7885
2024-03-12,BANARBEADS,103.0,103.0,92.1500015258789,94.0,12253
2024-03-13,BANARBEADS,97.25,98.75,88.4000015258789,90.0999984741211,16960
2024-03-14,BANARBEADS,90.0999984741211,94.3499984741211,89.30000305175781,93.25,5518
2024-03-15,BANARBEADS,94.8000030517578,94.8000030517578,89.19999694824219,90.1500015258789,3519
2024-03-18,BANARBEADS,90.1500015258789,93.4000015258789,90.0,90.4000015258789,11855
2024-03-19,BANARBEADS,92.5999984741211,92.9499969482422,90.0,90.3499984741211,7968
2024-03-20,BANARBEADS,91.9499969482422,92.3000030517578,89.0,89.8499984741211,9845
2024-03-21,BANARBEADS,88.30000305175781,96.9000015258789,88.30000305175781,94.6500015258789,13614
2024-03-22,BANARBEADS,93.0,94.0,91.0,91.25,7570
2024-03-26,BANARBEADS,90.0,91.1500015258789,87.0,90.0999984741211,25643
2024-03-27,BANARBEADS,91.6500015258789,91.6500015258789,85.0,85.9000015258789,24128
2024-03-28,BANARBEADS,86.3499984741211,90.1500015258789,86.3499984741211,88.55000305175781,7682
2024-03-01,BANARISUG,2642.60009765625,2642.60009765625,2572.449951171875,2582.10009765625,1017
2024-03-04,BANARISUG,2578.35009765625,2679.949951171875,2578.0,2620.10009765625,2490
2024-03-05,BANARISUG,2655.449951171875,2697.0,2575.050048828125,2606.39990234375,1165
2024-03-06,BANARISUG,2639.949951171875,2639.949951171875,2550.5,2583.89990234375,957
2024-03-07,BANARISUG,2555.0,2614.949951171875,2555.0,2589.949951171875,793
2024-03-11,BANARISUG,2589.949951171875,2600.0,2483.199951171875,2501.25,1204
2024-03-12,BANARISUG,2504.10009765625,2530.89990234375,2401.300048828125,2431.10009765625,1349
2024-03-13,BANARISUG,2436.949951171875,2447.0,2301.0,2328.39990234375,1678
2024-03-14,BANARISUG,2252.0,2434.800048828125,2252.0,2419.050048828125,1590
2024-03-15,BANARISUG,2419.14990234375,2430.949951171875,2250.0,2306.449951171875,1881
2024-03-18,BANARISUG,2350.0,2395.0,2322.699951171875,2367.85009765625,1019
2024-03-19,BANARISUG,2395.0,2395.0,2304.550048828125,2317.699951171875,1939
2024-03-20,BANARISUG,2310.0,2385.550048828125,2310.0,2338.949951171875,1155
2024-03-21,BANARISUG,2370.5,2407.0,2350.050048828125,2373.89990234375,1260
2024-03-22,BANARISUG,2395.0,2395.0,2319.050048828125,2351.0,1128
2024-03-26,BANARISUG,2353.0,2390.0,2351.10009765625,2360.949951171875,1278
2024-03-27,BANARISUG,2390.0,2390.0,2283.800048828125,2308.25,2685
2024-03-28,BANARISUG,2358.89990234375,2358.89990234375,2295.0,2302.699951171875,1567
2024-03-01,BANCOINDIA,335.1000061035156,340.7250061035156,331.54998779296875,335.20001220703125,180816
2024-03-04,BANCOINDIA,337.5,339.6499938964844,330.25,332.04998779296875,125082
2024-03-05,BANCOINDIA,330.125,336.0,329.07501220703125,330.6499938964844,103960
2024-03-06,BANCOINDIA,330.0,330.0,318.7749938964844,320.29998779296875,190220
2024-03-07,BANCOINDIA,320.9750061035156,324.875,315.20001220703125,316.0249938964844,96268
2024-03-11,BANCOINDIA,318.45001220703125,318.45001220703125,302.75,306.4750061035156,125786
2024-03-12,BANCOINDIA,307.70001220703125,314.8999938964844,288.625,290.7250061035156,268612
2024-03-13,BANCOINDIA,291.5,296.3999938964844,256.0,260.875,579468
2024-03-14,BANCOINDIA,260.0,297.45001220703125,257.6000061035156,295.20001220703125,326240
2024-03-15,BANCOINDIA,295.20001220703125,299.70001220703125,278.5,286.125,262908
2024-03-18,BANCOINDIA,286.4750061035156,304.8999938964844,283.6499938964844,300.125,391666
2024-03-19,BANCOINDIA,304.0,307.1000061035156,292.25,293.79998779296875,276564
2024-03-20,BANCOINDIA,293.79998779296875,299.92498779296875,287.875,289.6000061035156,133326
2024-03-21,BANCOINDIA,292.375,297.6499938964844,290.3999938964844,291.375,120930
2024-03-22,BANCOINDIA,293.17498779296875,299.125,285.75,292.0249938964844,179956
2024-03-26,BANCOINDIA,292.0249938964844,299.95001220703125,288.3500061035156,291.67498779296875,172242
2024-03-27,BANCOINDIA,291.54998779296875,301.8500061035156,285.04998779296875,297.20001220703125,231798
2024-03-28,BANCOINDIA,299.8500061035156,303.79998779296875,295.5249938964844,298.4750061035156,200256
2024-03-01,BANDHANBNK,197.5,200.5,196.5,199.8500061035156,7821881
2024-03-04,BANDHANBNK,201.1000061035156,201.6999969482422,198.4499969482422,199.0,7532396
2024-03-05,BANDHANBNK,199.8999938964844,201.6499938964844,197.4499969482422,197.9499969482422,8212814
2024-03-06,BANDHANBNK,198.0,198.4499969482422,193.8500061035156,194.8999938964844,14535779
2024-03-07,BANDHANBNK,196.6999969482422,197.3500061035156,194.5500030517578,195.0500030517578,5189243
2024-03-11,BANDHANBNK,196.0,196.1499938964844,190.0500030517578,191.8000030517578,16936507
2024-03-12,BANDHANBNK,192.1499938964844,192.8999938964844,188.1499938964844,188.6999969482422,9664742
2024-03-13,BANDHANBNK,189.3000030517578,189.9499969482422,176.85000610351562,178.6999969482422,18229091
2024-03-14,BANDHANBNK,178.6999969482422,183.1499938964844,173.14999389648438,179.64999389648438,16837953
2024-03-15,BANDHANBNK,180.5,186.0,179.10000610351562,183.1499938964844,12223804
2024-03-18,BANDHANBNK,185.0,186.1499938964844,180.8000030517578,181.3500061035156,8657646
2024-03-19,BANDHANBNK,181.8500061035156,182.75,179.3000030517578,180.4499969482422,7297535
2024-03-20,BANDHANBNK,181.5,181.8999938964844,177.0500030517578,177.85000610351562,11378108
2024-03-21,BANDHANBNK,180.0,182.0,179.39999389648438,180.4499969482422,9616624
2024-03-22,BANDHANBNK,181.0,182.8500061035156,180.4499969482422,181.75,14713576
2024-03-26,BANDHANBNK,181.3500061035156,183.75,180.1999969482422,181.75,11903481
2024-03-27,BANDHANBNK,182.1999969482422,183.5,179.5500030517578,180.8500061035156,19522292
2024-03-28,BANDHANBNK,181.3000030517578,182.0,179.4499969482422,180.0,13334606
2024-03-01,BANG,62.0,62.5,59.400001525878906,59.59999847412109,17779
2024-03-04,BANG,61.900001525878906,61.900001525878906,58.0,58.75,5921
2024-03-05,BANG,58.650001525878906,58.650001525878906,56.45000076293945,57.650001525878906,3494
2024-03-06,BANG,56.0,57.75,54.79999923706055,54.84999847412109,5060
2024-03-07,BANG,55.79999923706055,55.79999923706055,52.09999847412109,55.20000076293945,19842
2024-03-11,BANG,55.70000076293945,55.70000076293945,53.0,53.0,14855
2024-03-12,BANG,53.0,54.900001525878906,50.34999847412109,50.34999847412109,9256
2024-03-13,BANG,47.84999847412109,48.75,47.84999847412109,47.84999847412109,12795
2024-03-14,BANG,45.45000076293945,47.79999923706055,45.45000076293945,47.29999923706055,30579
2024-03-15,BANG,47.0,47.70000076293945,45.0,45.650001525878906,21797
2024-03-18,BANG,46.45000076293945,46.45000076293945,43.400001525878906,44.84999847412109,20568
2024-03-19,BANG,44.70000076293945,45.0,43.09999847412109,44.79999923706055,8715
2024-03-20,BANG,44.79999923706055,45.5,43.54999923706055,44.25,7641
2024-03-21,BANG,44.900001525878906,45.0,43.59999847412109,43.900001525878906,22821
2024-03-22,BANG,43.09999847412109,45.95000076293945,43.09999847412109,45.400001525878906,7552
2024-03-26,BANG,45.84999847412109,45.900001525878906,44.75,45.54999923706055,3790
2024-03-27,BANG,45.0,46.0,44.09999847412109,45.70000076293945,9905
2024-03-28,BANG,45.70000076293945,46.5,44.900001525878906,45.900001525878906,6311
2024-03-01,BANKA,116.0500030517578,118.4000015258789,116.0500030517578,116.0500030517578,8467
2024-03-04,BANKA,113.8499984741211,114.0,113.6999969482422,113.8499984741211,8513
2024-03-05,BANKA,111.5999984741211,111.5999984741211,111.5999984741211,111.5999984741211,9396
2024-03-06,BANKA,109.4000015258789,109.4000015258789,109.4000015258789,109.4000015258789,1294
2024-03-07,BANKA,111.5,111.5,107.25,111.5,30347
2024-03-11,BANKA,117.0,117.0500030517578,109.3000030517578,114.0,60512
2024-03-12,BANKA,114.0,114.0,108.3000030517578,108.3000030517578,47011
2024-03-13,BANKA,102.9000015258789,107.9499969482422,102.9000015258789,102.9000015258789,80415
2024-03-14,BANKA,100.0,108.0,97.75,108.0,78990
2024-03-15,BANKA,106.9499969482422,113.4000015258789,103.1500015258789,113.4000015258789,38435
2024-03-18,BANKA,118.9000015258789,119.0500030517578,117.0500030517578,118.5,13541
2024-03-19,BANKA,118.5,119.6999969482422,112.5999984741211,114.3000030517578,9962
2024-03-20,BANKA,116.5,119.0,108.5999984741211,108.6500015258789,38128
2024-03-21,BANKA,111.5,111.5,103.25,103.4000015258789,54033
2024-03-22,BANKA,103.4000015258789,108.5500030517578,100.0,108.1500015258789,45371
2024-03-26,BANKA,107.9000015258789,107.9000015258789,102.75,102.8000030517578,24085
2024-03-27,BANKA,103.9000015258789,103.9000015258789,97.6999969482422,98.1999969482422,33361
2024-03-28,BANKA,93.5999984741211,97.0,93.3000030517578,93.3000030517578,52770
2024-03-01,BANKBARODA,266.5,272.20001220703125,265.3999938964844,271.1499938964844,9702235
2024-03-04,BANKBARODA,273.54998779296875,276.25,272.1000061035156,273.20001220703125,11707996
2024-03-05,BANKBARODA,272.95001220703125,278.6000061035156,272.25,278.1000061035156,14431461
2024-03-06,BANKBARODA,277.8500061035156,284.25,271.29998779296875,282.54998779296875,32754392
2024-03-07,BANKBARODA,282.54998779296875,284.5,279.20001220703125,281.75,10994198
2024-03-11,BANKBARODA,283.8500061035156,285.6000061035156,276.5,277.3999938964844,18217736
2024-03-12,BANKBARODA,277.0,279.5,270.8500061035156,271.6000061035156,12003823
2024-03-13,BANKBARODA,272.0,273.45001220703125,258.3999938964844,260.8999938964844,20711328
2024-03-14,BANKBARODA,259.8999938964844,263.8500061035156,255.6000061035156,259.20001220703125,13623004
2024-03-15,BANKBARODA,258.5,261.5,250.1499938964844,254.0,17126874
2024-03-18,BANKBARODA,253.4499969482422,257.8999938964844,252.1999969482422,254.5,10806790
2024-03-19,BANKBARODA,253.8000030517578,255.8000030517578,248.5,249.1000061035156,11016984
2024-03-20,BANKBARODA,249.8999938964844,253.0,243.8000030517578,249.8500061035156,17342930
2024-03-21,BANKBARODA,253.5,257.29998779296875,253.0,255.6999969482422,10121220
2024-03-22,BANKBARODA,255.5,260.8999938964844,253.6499938964844,259.79998779296875,11402546
2024-03-26,BANKBARODA,259.0,263.75,259.0,261.54998779296875,8259347
2024-03-27,BANKBARODA,261.0,263.79998779296875,257.70001220703125,258.75,19196992
2024-03-28,BANKBARODA,258.75,266.3999938964844,258.75,264.04998779296875,11966752
2024-03-01,BANKINDIA,134.89999389648438,137.1999969482422,133.89999389648438,136.39999389648438,10702960
2024-03-04,BANKINDIA,138.39999389648438,139.9499969482422,135.89999389648438,139.4499969482422,13083002
2024-03-05,BANKINDIA,138.0500030517578,145.1999969482422,138.0500030517578,143.6999969482422,30920424
2024-03-06,BANKINDIA,143.35000610351562,147.0,139.9499969482422,145.3000030517578,35383879
2024-03-07,BANKINDIA,144.8000030517578,148.14999389648438,144.5500030517578,145.9499969482422,17449961
2024-03-11,BANKINDIA,147.3000030517578,149.4499969482422,142.8000030517578,143.89999389648438,16358360
2024-03-12,BANKINDIA,144.0,144.64999389648438,138.10000610351562,140.1999969482422,13318583
2024-03-13,BANKINDIA,140.75,142.10000610351562,126.9000015258789,128.4499969482422,21197858
2024-03-14,BANKINDIA,127.0,133.5,125.0999984741211,130.39999389648438,18478220
2024-03-15,BANKINDIA,130.8000030517578,135.60000610351562,125.5999984741211,134.3000030517578,25112860
2024-03-18,BANKINDIA,134.0,135.25,131.3000030517578,133.10000610351562,10652375
2024-03-19,BANKINDIA,133.10000610351562,134.6999969482422,131.1999969482422,133.89999389648438,11009392
2024-03-20,BANKINDIA,134.0500030517578,135.60000610351562,128.10000610351562,131.4499969482422,8243643
2024-03-21,BANKINDIA,134.14999389648438,136.25,133.9499969482422,134.60000610351562,8302052
2024-03-22,BANKINDIA,135.6999969482422,137.6999969482422,134.89999389648438,135.8000030517578,8881966
2024-03-26,BANKINDIA,135.85000610351562,136.9499969482422,133.0500030517578,133.5,9406196
2024-03-27,BANKINDIA,134.64999389648438,135.0,131.39999389648438,131.89999389648438,8724839
2024-03-28,BANKINDIA,133.1999969482422,137.85000610351562,132.8000030517578,137.0500030517578,13378241
2024-03-01,BANSWRAS,161.5,163.64999389648438,158.6999969482422,159.9499969482422,65417
2024-03-04,BANSWRAS,161.8000030517578,164.4499969482422,159.0500030517578,161.3000030517578,111904
2024-03-05,BANSWRAS,161.8000030517578,163.14999389648438,157.35000610351562,159.4499969482422,50115
2024-03-06,BANSWRAS,160.64999389648438,160.6999969482422,149.14999389648438,150.3000030517578,145472
2024-03-07,BANSWRAS,150.5,154.64999389648438,150.5,152.64999389648438,50458
2024-03-11,BANSWRAS,153.10000610351562,156.0,146.0,148.10000610351562,62909
2024-03-12,BANSWRAS,150.3000030517578,150.3000030517578,140.6999969482422,145.0,89391
2024-03-13,BANSWRAS,143.5500030517578,147.6999969482422,138.0500030517578,139.0,98967
2024-03-14,BANSWRAS,139.10000610351562,143.9499969482422,138.0,141.85000610351562,45890
2024-03-15,BANSWRAS,143.3000030517578,145.75,140.39999389648438,143.10000610351562,55647
2024-03-18,BANSWRAS,145.25,159.89999389648438,141.0500030517578,155.14999389648438,107392
2024-03-19,BANSWRAS,157.5,159.0,148.25,149.60000610351562,84337
2024-03-20,BANSWRAS,149.60000610351562,152.75,145.5,149.35000610351562,51797
2024-03-21,BANSWRAS,149.6999969482422,153.4499969482422,149.1999969482422,152.0,78529
2024-03-22,BANSWRAS,151.3000030517578,152.89999389648438,148.3000030517578,149.60000610351562,39318
2024-03-26,BANSWRAS,149.0,151.0,144.0,145.85000610351562,45508
2024-03-27,BANSWRAS,146.85000610351562,148.9499969482422,138.3000030517578,142.10000610351562,125731
2024-03-28,BANSWRAS,142.10000610351562,149.5,142.10000610351562,144.14999389648438,93794
2024-03-01,BASF,3294.0,3349.5,3285.0,3315.449951171875,16627
2024-03-04,BASF,3305.0,3379.199951171875,3255.0,3263.14990234375,10115
2024-03-05,BASF,3263.14990234375,3279.39990234375,3211.35009765625,3222.199951171875,10225
2024-03-06,BASF,3222.050048828125,3222.050048828125,3111.60009765625,3192.550048828125,24181
2024-03-07,BASF,3172.300048828125,3284.0,3161.14990234375,3222.949951171875,24336
2024-03-11,BASF,3222.949951171875,3242.75,3175.0,3225.75,17429
2024-03-12,BASF,3201.5,3284.89990234375,3182.10009765625,3262.35009765625,14518
2024-03-13,BASF,3278.35009765625,3280.0,3100.050048828125,3163.550048828125,26234
2024-03-14,BASF,3163.0,3235.0,3150.050048828125,3215.75,8442
2024-03-15,BASF,3199.949951171875,3243.85009765625,3165.0,3221.699951171875,18714
2024-03-18,BASF,3221.699951171875,3329.949951171875,3200.0,3305.60009765625,24844
2024-03-19,BASF,3310.0,3350.0,3235.10009765625,3265.050048828125,21989
2024-03-20,BASF,3265.050048828125,3269.75,3150.0,3162.699951171875,13149
2024-03-21,BASF,3166.0,3235.0,3166.0,3203.10009765625,13487
2024-03-22,BASF,3201.0,3249.550048828125,3178.14990234375,3228.75,8314
2024-03-26,BASF,3248.64990234375,3270.050048828125,3158.89990234375,3200.75,14123
2024-03-27,BASF,3190.0,3266.550048828125,3155.0,3248.800048828125,13524
2024-03-28,BASF,3248.050048828125,3349.89990234375,3247.60009765625,3337.050048828125,22240
2024-03-01,BASML,46.75,49.0,46.75,47.79999923706055,140458
2024-03-04,BASML,48.45000076293945,48.45000076293945,46.650001525878906,46.84999847412109,154099
2024-03-05,BASML,47.09999847412109,47.59999847412109,45.0,46.150001525878906,225478
2024-03-06,BASML,46.400001525878906,46.75,44.04999923706055,44.95000076293945,239082
2024-03-07,BASML,45.5,46.75,45.5,45.84999847412109,153148
2024-03-11,BASML,46.29999923706055,46.70000076293945,42.900001525878906,43.29999923706055,412883
2024-03-12,BASML,43.0,43.54999923706055,41.25,41.70000076293945,356660
2024-03-13,BASML,42.5,43.54999923706055,37.75,38.25,599440
2024-03-14,BASML,38.25,41.20000076293945,38.25,39.650001525878906,374334
2024-03-15,BASML,40.54999923706055,40.95000076293945,37.54999923706055,38.900001525878906,483086
2024-03-18,BASML,39.400001525878906,39.79999923706055,38.54999923706055,38.79999923706055,310632
2024-03-19,BASML,39.0,39.29999923706055,38.09999847412109,38.75,278907
2024-03-20,BASML,39.0,39.5,38.0,38.150001525878906,290830
2024-03-21,BASML,38.5,41.150001525878906,38.5,39.900001525878906,397787
2024-03-22,BASML,39.900001525878906,41.84999847412109,39.5,40.400001525878906,190140
2024-03-26,BASML,40.79999923706055,40.79999923706055,38.400001525878906,38.84999847412109,364592
2024-03-27,BASML,39.5,40.20000076293945,37.59999847412109,38.04999923706055,482738
2024-03-28,BASML,38.54999923706055,39.5,37.5,37.79999923706055,368876
2024-03-01,BATAINDIA,1413.0,1439.0,1408.0,1432.5,220164
2024-03-04,BATAINDIA,1440.0,1441.8499755859375,1416.0,1425.25,236729
2024-03-05,BATAINDIA,1424.0,1473.8499755859375,1418.050048828125,1448.75,707312
2024-03-06,BATAINDIA,1454.0,1459.8499755859375,1415.050048828125,1434.300048828125,346898
2024-03-07,BATAINDIA,1444.9000244140625,1454.550048828125,1431.8499755859375,1450.449951171875,240421
2024-03-11,BATAINDIA,1452.0,1466.949951171875,1435.0,1447.0999755859375,272578
2024-03-12,BATAINDIA,1446.0,1461.8499755859375,1418.0,1427.050048828125,320124
2024-03-13,BATAINDIA,1427.0,1432.5999755859375,1378.75,1403.5,819845
2024-03-14,BATAINDIA,1390.0,1413.0,1367.050048828125,1407.1500244140625,476722
2024-03-15,BATAINDIA,1407.4000244140625,1418.8499755859375,1386.449951171875,1390.5,421772
2024-03-18,BATAINDIA,1395.0,1398.449951171875,1372.949951171875,1377.25,535191
2024-03-19,BATAINDIA,1378.5,1387.9000244140625,1357.0999755859375,1371.449951171875,498346
2024-03-20,BATAINDIA,1376.5999755859375,1380.0,1348.0999755859375,1375.0999755859375,366341
2024-03-21,BATAINDIA,1383.699951171875,1394.0,1374.75,1379.6500244140625,340578
2024-03-22,BATAINDIA,1379.6500244140625,1397.75,1376.0999755859375,1382.699951171875,391026
2024-03-26,BATAINDIA,1380.0,1382.0999755859375,1366.300048828125,1372.4000244140625,389068
2024-03-27,BATAINDIA,1372.4000244140625,1377.949951171875,1362.0,1367.300048828125,549012
2024-03-28,BATAINDIA,1367.300048828125,1371.0,1360.25,1364.199951171875,383390
2024-03-01,BAYERCROP,5697.64990234375,5726.0498046875,5628.0,5644.7998046875,5072
2024-03-04,BAYERCROP,5700.0,5700.0,5515.5498046875,5553.85009765625,30352
2024-03-05,BAYERCROP,5525.0,5629.85009765625,5515.5498046875,5522.0,7443
2024-03-06,BAYERCROP,5505.0,5534.60009765625,5450.0,5469.2001953125,7997
2024-03-07,BAYERCROP,5460.0,5565.0,5436.0498046875,5475.7998046875,9965
2024-03-11,BAYERCROP,5504.60009765625,5522.89990234375,5321.0,5346.5498046875,14542
2024-03-12,BAYERCROP,5316.0,5446.5,5266.7998046875,5286.10009765625,13057
2024-03-13,BAYERCROP,5290.0,5318.0,4925.5,5030.14990234375,34804
2024-03-14,BAYERCROP,5030.14990234375,5148.0498046875,5010.10009765625,5080.85009765625,8749
2024-03-15,BAYERCROP,5194.0,5224.9501953125,4901.2001953125,4983.89990234375,49724
2024-03-18,BAYERCROP,4955.89990234375,5149.0,4955.89990234375,5078.2998046875,12223
2024-03-19,BAYERCROP,5078.2998046875,5078.35009765625,4982.10009765625,5002.0,4278
2024-03-20,BAYERCROP,5012.7001953125,5039.0,4930.0,5025.2998046875,6417
2024-03-21,BAYERCROP,5025.2998046875,5087.75,4953.0,5065.2998046875,16939
2024-03-22,BAYERCROP,5088.0,5115.85009765625,5023.0,5079.0,13006
2024-03-26,BAYERCROP,4977.0,5193.60009765625,4977.0,5101.60009765625,11014
2024-03-27,BAYERCROP,5104.7998046875,5314.64990234375,5085.10009765625,5289.5,36753
2024-03-28,BAYERCROP,5305.35009765625,5404.64990234375,5219.89990234375,5254.35009765625,41542
2024-03-01,BBL,2851.0,3019.97509765625,2851.0,2985.074951171875,170078
2024-03-04,BBL,2971.64990234375,2990.0,2901.0,2908.89990234375,36424
2024-03-05,BBL,2914.875,2934.675048828125,2870.050048828125,2879.375,29214
2024-03-06,BBL,2851.050048828125,2880.47509765625,2700.0,2764.050048828125,86666
2024-03-07,BBL,2785.875,2832.0,2765.0,2813.375,31300
2024-03-11,BBL,2835.0,2835.85009765625,2702.5,2715.824951171875,40960
2024-03-12,BBL,2719.97509765625,2744.699951171875,2587.5,2601.199951171875,40964
2024-03-13,BBL,2625.97509765625,2628.625,2406.625,2429.324951171875,80732
2024-03-14,BBL,2382.52490234375,2555.0,2375.0,2533.625,82150
2024-03-15,BBL,2549.0,2627.5,2453.0,2579.125,48162
2024-03-18,BBL,2555.0,2608.60009765625,2515.0,2590.050048828125,32278
2024-03-19,BBL,2565.550048828125,2589.97509765625,2495.89990234375,2515.425048828125,96112
2024-03-20,BBL,2539.0,2614.824951171875,2515.699951171875,2594.449951171875,34858
2024-03-21,BBL,2601.0,2752.5,2601.0,2703.72509765625,71556
2024-03-22,BBL,2724.800048828125,2754.25,2687.324951171875,2741.77490234375,28646
2024-03-26,BBL,2774.77490234375,2972.5,2722.5,2940.72509765625,140190
2024-03-27,BBL,2911.125,3207.97509765625,2911.125,3067.5,318342
2024-03-28,BBL,3094.0,3245.0,3042.02490234375,3208.074951171875,153058
2024-03-01,BBOX,264.3500061035156,269.8999938964844,259.45001220703125,263.25,56357
2024-03-04,BBOX,275.20001220703125,276.0,261.29998779296875,262.6499938964844,31555
2024-03-05,BBOX,265.5,265.5,251.3500061035156,254.8000030517578,62066
2024-03-06,BBOX,254.8000030517578,254.8000030517578,242.1000061035156,242.1000061035156,84216
2024-03-07,BBOX,243.0,244.75,235.8000030517578,242.3999938964844,59955
2024-03-11,BBOX,237.3500061035156,240.0,230.3000030517578,231.6000061035156,49735
2024-03-12,BBOX,227.0,239.0,220.0500030517578,232.4499969482422,105524
2024-03-13,BBOX,238.0500030517578,238.0500030517578,220.8500061035156,220.8500061035156,41765
2024-03-14,BBOX,209.8000030517578,231.8500061035156,209.8000030517578,229.0,152523
2024-03-15,BBOX,234.0,234.0,217.5500030517578,228.4499969482422,124191
2024-03-18,BBOX,233.3999938964844,235.3999938964844,224.8500061035156,230.25,80475
2024-03-19,BBOX,232.0,240.8999938964844,224.0,233.8000030517578,193153
2024-03-20,BBOX,238.8000030517578,244.0,227.5500030517578,230.0,90967
2024-03-21,BBOX,234.9499969482422,239.0,222.3500061035156,231.4499969482422,158713
2024-03-22,BBOX,235.9499969482422,237.0,230.0500030517578,234.1499938964844,76491
2024-03-26,BBOX,231.0,236.0,226.9499969482422,231.3000030517578,54990
2024-03-27,BBOX,234.8000030517578,235.0,227.1999969482422,229.5,67446
2024-03-28,BBOX,232.0,235.5,218.5500030517578,225.1000061035156,57475
2024-03-01,BBTC,1748.0,1748.6500244140625,1700.0,1722.050048828125,50188
2024-03-04,BBTC,1723.300048828125,1763.0,1708.0999755859375,1733.050048828125,62354
2024-03-05,BBTC,1727.9000244140625,1758.4000244140625,1711.0,1728.6500244140625,40779
2024-03-06,BBTC,1723.699951171875,1724.1500244140625,1670.0,1682.5999755859375,51578
2024-03-07,BBTC,1684.949951171875,1814.0,1684.699951171875,1745.25,260140
2024-03-11,BBTC,1759.0,1767.800048828125,1678.0,1688.1500244140625,74219
2024-03-12,BBTC,1695.9000244140625,1695.9000244140625,1620.300048828125,1650.050048828125,79954
2024-03-13,BBTC,1656.949951171875,1677.0,1525.3499755859375,1543.800048828125,82996
2024-03-14,BBTC,1551.0,1639.449951171875,1531.050048828125,1627.0999755859375,54482
2024-03-15,BBTC,1599.9000244140625,1625.0,1568.800048828125,1609.949951171875,47495
2024-03-18,BBTC,1609.949951171875,1621.9000244140625,1556.0999755859375,1564.199951171875,34366
2024-03-19,BBTC,1573.0,1585.8499755859375,1535.0999755859375,1542.300048828125,31475
2024-03-20,BBTC,1546.6500244140625,1560.699951171875,1522.0,1540.75,30603
2024-03-21,BBTC,1548.949951171875,1585.0,1546.9000244140625,1575.6500244140625,18900
2024-03-22,BBTC,1570.949951171875,1594.8499755859375,1570.0,1574.800048828125,24772
2024-03-26,BBTC,1575.0,1598.0,1561.550048828125,1573.0,28429
2024-03-27,BBTC,1573.0,1581.699951171875,1530.0999755859375,1545.5,73341
2024-03-28,BBTC,1558.25,1589.300048828125,1550.050048828125,1567.75,39831
2024-03-01,BBTCL,277.79998779296875,277.79998779296875,267.45001220703125,268.45001220703125,3052
2024-03-04,BBTCL,278.5,314.29998779296875,273.1499938964844,294.75,314299
2024-03-05,BBTCL,291.79998779296875,293.95001220703125,280.6000061035156,287.29998779296875,28958
2024-03-06,BBTCL,288.70001220703125,295.0,273.8999938964844,289.3999938964844,42857
2024-03-07,BBTCL,281.6000061035156,289.1499938964844,276.04998779296875,278.8999938964844,26337
2024-03-11,BBTCL,280.0,283.3999938964844,274.0,277.25,10558
2024-03-12,BBTCL,276.3999938964844,276.3999938964844,265.1499938964844,270.6499938964844,17916
2024-03-13,BBTCL,268.0,275.6499938964844,254.0500030517578,260.0,33856
2024-03-14,BBTCL,259.0,272.5,255.3000030517578,268.8999938964844,8665
2024-03-15,BBTCL,270.20001220703125,273.5,254.6000061035156,260.54998779296875,11094
2024-03-18,BBTCL,261.54998779296875,275.8999938964844,261.54998779296875,272.45001220703125,2414
2024-03-19,BBTCL,270.8500061035156,275.5,260.75,268.5,5331
2024-03-20,BBTCL,268.6499938964844,270.95001220703125,259.70001220703125,260.8999938964844,4748
2024-03-21,BBTCL,262.20001220703125,277.70001220703125,260.54998779296875,271.1000061035156,5443
2024-03-22,BBTCL,272.45001220703125,296.0,255.0,264.3500061035156,124566
2024-03-26,BBTCL,264.0,269.5,259.6499938964844,261.6499938964844,8414
2024-03-27,BBTCL,259.04998779296875,266.04998779296875,259.04998779296875,260.3999938964844,10766
2024-03-28,BBTCL,260.3500061035156,267.3500061035156,259.25,261.29998779296875,8140
2024-03-01,BCG,17.149999618530273,18.100000381469727,16.899999618530273,17.799999237060547,24931483
2024-03-04,BCG,18.14999961853028,18.200000762939453,17.549999237060547,17.700000762939453,11789570
2024-03-05,BCG,17.600000381469727,18.25,17.25,18.14999961853028,20867951
2024-03-06,BCG,19.0,19.89999961853028,18.350000381469727,18.5,53062862
2024-03-07,BCG,18.5,18.549999237060547,17.950000762939453,18.049999237060547,12906274
2024-03-11,BCG,18.049999237060547,18.100000381469727,17.450000762939453,17.75,16633311
2024-03-12,BCG,17.75,17.75,16.75,16.899999618530273,16407659
2024-03-13,BCG,16.850000381469727,17.049999237060547,15.550000190734863,15.800000190734863,29822415
2024-03-14,BCG,15.800000190734863,16.899999618530273,15.5,16.700000762939453,16314454
2024-03-15,BCG,16.899999618530273,17.0,16.299999237060547,16.75,11649963
2024-03-18,BCG,16.799999237060547,16.850000381469727,15.5,15.699999809265137,28603876
2024-03-19,BCG,15.699999809265137,16.0,14.550000190734863,14.800000190734863,41214864
2024-03-20,BCG,14.949999809265137,15.399999618530272,14.550000190734863,14.899999618530272,26429252
2024-03-21,BCG,14.800000190734863,15.300000190734863,14.5,14.850000381469728,29497943
2024-03-22,BCG,14.899999618530272,15.149999618530272,14.699999809265137,14.899999618530272,22046857
2024-03-26,BCG,14.949999809265137,15.0,14.5,14.649999618530272,22865631
2024-03-27,BCG,14.649999618530272,14.75,13.800000190734863,13.949999809265137,40377723
2024-03-28,BCG,13.949999809265137,14.800000190734863,13.550000190734863,13.800000190734863,59490923
2024-03-01,BCLIND,76.55000305175781,77.55000305175781,75.19999694824219,75.5999984741211,897907
2024-03-04,BCLIND,74.25,75.75,72.80000305175781,73.05000305175781,1318960
2024-03-05,BCLIND,73.05000305175781,73.69999694824219,71.5999984741211,71.94999694824219,1013889
2024-03-06,BCLIND,72.0,72.1500015258789,69.0,69.6500015258789,1385973
2024-03-07,BCLIND,70.6500015258789,71.25,70.0,70.25,567269
2024-03-11,BCLIND,64.3499984741211,66.25,56.59999847412109,57.95000076293945,8956963
2024-03-12,BCLIND,58.20000076293945,61.75,56.25,59.70000076293945,5854154
2024-03-13,BCLIND,59.70000076293945,60.70000076293945,51.0,53.29999923706055,5723077
2024-03-14,BCLIND,53.29999923706055,58.900001525878906,52.0,58.0,3602535
2024-03-15,BCLIND,58.25,59.45000076293945,56.400001525878906,56.84999847412109,1039470
2024-03-18,BCLIND,57.25,58.400001525878906,56.79999923706055,57.400001525878906,729819
2024-03-19,BCLIND,57.400001525878906,57.75,55.45000076293945,55.900001525878906,558826
2024-03-20,BCLIND,54.54999923706055,57.5,54.54999923706055,55.29999923706055,768554
2024-03-21,BCLIND,56.25,59.29999923706055,56.25,58.29999923706055,1332601
2024-03-22,BCLIND,58.400001525878906,60.34999847412109,58.34999847412109,59.84999847412109,699062
2024-03-26,BCLIND,60.25,60.900001525878906,57.5,57.84999847412109,1056723
2024-03-27,BCLIND,57.84999847412109,59.0,55.84999847412109,56.25,2046339
2024-03-28,BCLIND,56.45000076293945,57.84999847412109,55.59999847412109,56.20000076293945,1463500
2024-03-01,BCONCEPTS,770.0,777.0,731.0999755859375,739.5999755859375,2738
2024-03-04,BCONCEPTS,740.0,765.0,730.0,732.6500244140625,3516
2024-03-05,BCONCEPTS,732.7000122070312,750.0,732.7000122070312,745.2999877929688,3424
2024-03-06,BCONCEPTS,742.2999877929688,754.4000244140625,726.0,735.4500122070312,25590
2024-03-07,BCONCEPTS,740.0,760.0,728.5999755859375,730.5499877929688,4811
2024-03-11,BCONCEPTS,764.7000122070312,764.7000122070312,730.0499877929688,742.25,7697
2024-03-12,BCONCEPTS,743.0,743.0,715.0,716.5499877929688,14116
2024-03-13,BCONCEPTS,716.5499877929688,740.0,716.5499877929688,723.0,16984
2024-03-14,BCONCEPTS,719.9000244140625,728.0,710.0,723.9500122070312,12316
2024-03-15,BCONCEPTS,723.0,754.4000244140625,723.0,734.0,2390
2024-03-18,BCONCEPTS,734.0,749.9500122070312,721.0,742.0999755859375,1742
2024-03-19,BCONCEPTS,730.0,743.0,723.0,731.0999755859375,5350
2024-03-20,BCONCEPTS,759.9000244140625,759.9000244140625,725.2000122070312,753.1500244140625,2242
2024-03-21,BCONCEPTS,775.0,775.0,740.0,753.0999755859375,8172
2024-03-22,BCONCEPTS,760.0,765.0,741.0999755859375,757.3499755859375,9475
2024-03-26,BCONCEPTS,726.2000122070312,758.7000122070312,719.5,721.0999755859375,9251
2024-03-27,BCONCEPTS,725.0,757.1500244140625,685.0499877929688,727.0,12328
2024-03-28,BCONCEPTS,727.0,727.0,690.6500244140625,690.6500244140625,13881
2024-03-01,BDL,912.5,924.3499755859376,898.0,920.375,1391268
2024-03-04,BDL,924.25,934.8499755859376,905.0,917.2249755859376,1451064
2024-03-05,BDL,917.5,940.0,894.0,896.9749755859375,1510380
2024-03-06,BDL,934.9500122070312,934.9500122070312,887.5499877929688,892.9000244140625,3238228
2024-03-07,BDL,897.0,906.0,892.9000244140625,899.625,989838
2024-03-11,BDL,905.0,915.0,881.0,884.2999877929688,1424354
2024-03-12,BDL,890.0,904.0,854.5,863.7750244140625,1865560
2024-03-13,BDL,866.5,869.1500244140625,782.5,795.0750122070312,3130856
2024-03-14,BDL,791.0,843.4749755859375,776.0499877929688,829.0250244140625,1944394
2024-03-15,BDL,830.0,848.7999877929688,801.0250244140625,840.9500122070312,1965332
2024-03-18,BDL,840.9500122070312,855.5,831.4000244140625,838.4749755859375,882600
2024-03-19,BDL,840.5,841.4749755859375,806.3250122070312,811.8250122070312,1141702
2024-03-20,BDL,815.0,824.9500122070312,793.5,809.7750244140625,1028696
2024-03-21,BDL,828.5,842.7000122070312,827.5250244140625,830.9500122070312,1553698
2024-03-22,BDL,853.0,859.8499755859375,840.0250244140625,843.0250244140625,2560288
2024-03-26,BDL,846.6500244140625,873.9749755859375,836.5,864.7000122070312,1844836
2024-03-27,BDL,869.5,885.0,865.9749755859375,877.5,1609238
2024-03-28,BDL,882.9749755859375,885.9749755859375,871.5,875.9500122070312,747002
2024-03-01,BEARDSELL,42.5,44.400001525878906,41.150001525878906,42.29999923706055,29964
2024-03-04,BEARDSELL,42.0,42.25,40.20000076293945,40.5,49239
2024-03-05,BEARDSELL,40.5,41.0,38.59999847412109,39.5,65090
2024-03-06,BEARDSELL,39.45000076293945,40.900001525878906,38.5,40.150001525878906,25836
2024-03-07,BEARDSELL,41.5,42.0,39.0,41.150001525878906,30678
2024-03-11,BEARDSELL,41.0,41.70000076293945,39.09999847412109,39.09999847412109,45096
2024-03-12,BEARDSELL,39.09999847412109,39.09999847412109,37.150001525878906,37.150001525878906,116407
2024-03-13,BEARDSELL,36.04999923706055,37.0,35.29999923706055,35.599998474121094,93253
2024-03-14,BEARDSELL,35.599998474121094,37.34999847412109,33.849998474121094,37.34999847412109,54349
2024-03-15,BEARDSELL,39.0,39.20000076293945,36.25,39.20000076293945,54327
2024-03-18,BEARDSELL,40.400001525878906,40.900001525878906,39.20000076293945,40.25,73590
2024-03-19,BEARDSELL,40.95000076293945,40.95000076293945,38.25,38.25,64318
2024-03-20,BEARDSELL,38.25,39.95000076293945,36.54999923706055,36.900001525878906,49231
2024-03-21,BEARDSELL,37.400001525878906,38.70000076293945,36.5,38.70000076293945,43798
2024-03-22,BEARDSELL,39.5,39.5,38.0,38.79999923706055,30337
2024-03-26,BEARDSELL,39.0,40.25,36.900001525878906,37.20000076293945,55532
2024-03-27,BEARDSELL,37.0,38.400001525878906,36.34999847412109,37.150001525878906,39168
2024-03-28,BEARDSELL,37.150001525878906,37.5,35.29999923706055,35.54999923706055,95906
2024-03-01,BECTORFOOD,214.82000732421875,221.759994506836,213.4100036621093,219.08999633789065,821965
2024-03-04,BECTORFOOD,220.44000244140625,221.77999877929688,213.0500030517578,213.97000122070312,421425
2024-03-05,BECTORFOOD,215.69000244140625,216.69000244140625,204.0,208.42999267578125,1702515
2024-03-06,BECTORFOOD,207.009994506836,211.6000061035156,205.5200042724609,209.4600067138672,968155
2024-03-07,BECTORFOOD,209.3999938964844,211.4600067138672,205.94000244140625,209.259994506836,839740
2024-03-11,BECTORFOOD,206.0200042724609,209.97999572753903,203.0599975585937,204.6999969482422,738220
2024-03-12,BECTORFOOD,204.6999969482422,206.4600067138672,200.6000061035156,205.13999938964844,893400
2024-03-13,BECTORFOOD,204.0200042724609,205.4199981689453,197.2899932861328,200.22000122070312,1419735
2024-03-14,BECTORFOOD,195.0,207.3300018310547,192.8600006103516,205.0500030517578,1243720
2024-03-15,BECTORFOOD,205.0599975585937,211.5800018310547,203.509994506836,207.9900054931641,554625
2024-03-18,BECTORFOOD,210.5,210.5599975585937,204.0,208.8999938964844,377650
2024-03-19,BECTORFOOD,208.82000732421875,210.92999267578125,207.0,209.88999938964844,290180
2024-03-20,BECTORFOOD,208.2700042724609,212.0,207.1300048828125,211.1100006103516,257650
2024-03-21,BECTORFOOD,211.1100006103516,212.6300048828125,206.08999633789065,208.02999877929688,749760
2024-03-22,BECTORFOOD,210.1100006103516,210.7400054931641,207.0,210.2700042724609,509425
2024-03-26,BECTORFOOD,210.1999969482422,212.3999938964844,208.7400054931641,210.6199951171875,852390
2024-03-27,BECTORFOOD,210.6199951171875,218.0,209.3000030517578,216.97999572753903,735395
2024-03-28,BECTORFOOD,220.22999572753903,224.3600006103516,215.2899932861328,222.94000244140625,766725
2024-03-01,BEDMUTHA,262.1000061035156,262.1000061035156,252.25,258.8500061035156,9905
2024-03-04,BEDMUTHA,269.95001220703125,269.95001220703125,254.0,260.1499938964844,10487
2024-03-05,BEDMUTHA,260.0,260.1499938964844,247.1499938964844,247.8999938964844,22591
2024-03-06,BEDMUTHA,247.5,247.5,235.5,238.75,33287
2024-03-07,BEDMUTHA,245.0,245.0,226.8500061035156,230.6499938964844,14602
2024-03-11,BEDMUTHA,221.0,230.3999938964844,219.1499938964844,221.0,13620
2024-03-12,BEDMUTHA,211.0,211.0,209.9499969482422,209.9499969482422,11490
2024-03-13,BEDMUTHA,199.5500030517578,209.0,199.4499969482422,199.4499969482422,16630
2024-03-14,BEDMUTHA,189.5,209.3999938964844,189.5,205.3500061035156,30419
2024-03-15,BEDMUTHA,199.0,205.5500030517578,196.0,200.0500030517578,15155
2024-03-18,BEDMUTHA,195.0,210.0500030517578,195.0,210.0500030517578,13151
2024-03-19,BEDMUTHA,220.5500030517578,220.5500030517578,210.0,211.8500061035156,8752
2024-03-20,BEDMUTHA,213.0,220.0,210.25,215.6499938964844,9803
2024-03-21,BEDMUTHA,218.0,226.3999938964844,218.0,226.3500061035156,44578
2024-03-22,BEDMUTHA,226.5,227.9499969482422,215.1000061035156,220.4499969482422,10762
2024-03-26,BEDMUTHA,224.8999938964844,230.9499969482422,216.0,221.6999969482422,13597
2024-03-27,BEDMUTHA,221.6999969482422,225.5,216.0,217.5500030517578,15534
2024-03-28,BEDMUTHA,216.5,223.8500061035156,210.0,220.4499969482422,13697
2024-03-01,BEL,205.9499969482422,208.0500030517578,204.8000030517578,205.6000061035156,12949604
2024-03-04,BEL,207.9499969482422,212.9499969482422,206.3500061035156,209.6000061035156,34272251
2024-03-05,BEL,211.0,213.75,209.8500061035156,210.75,24964592
2024-03-06,BEL,211.8000030517578,213.4499969482422,205.6000061035156,210.4499969482422,26236957
2024-03-07,BEL,211.4499969482422,216.8000030517578,211.1499938964844,215.1999969482422,41484038
2024-03-11,BEL,216.4499969482422,216.4499969482422,211.8999938964844,212.5500030517578,22800967
2024-03-12,BEL,211.0,211.3500061035156,201.5,204.25,34719550
2024-03-13,BEL,204.1000061035156,205.6000061035156,188.1999969482422,190.3000030517578,41620003
2024-03-14,BEL,189.0,197.1499938964844,186.25,195.25,34622781
2024-03-15,BEL,196.75,196.75,179.10000610351562,188.8500061035156,88781999
2024-03-18,BEL,190.0,192.0,187.0500030517578,189.8999938964844,22999225
2024-03-19,BEL,190.0,192.4499969482422,184.5500030517578,185.3999938964844,27819341
2024-03-20,BEL,186.8999938964844,187.9499969482422,182.5,187.4499969482422,16235947
2024-03-21,BEL,190.0,197.5,190.0,196.8500061035156,43152810
2024-03-22,BEL,196.5,198.9499969482422,192.75,197.5,31321524
2024-03-26,BEL,197.0,200.5,195.9499969482422,199.3999938964844,25723863
2024-03-27,BEL,200.0,203.9499969482422,198.0,199.4499969482422,37817130
2024-03-28,BEL,200.5,202.4499969482422,199.0,201.5,17425093
2024-03-01,BEML,1581.9749755859375,1615.0,1568.550048828125,1584.550048828125,772346
2024-03-04,BEML,1607.5250244140625,1634.449951171875,1553.625,1607.875,866516
2024-03-05,BEML,1622.425048828125,1666.5,1597.7249755859375,1619.175048828125,1252048
2024-03-06,BEML,1618.5250244140625,1618.5250244140625,1543.0250244140625,1601.050048828125,835844
2024-03-07,BEML,1607.949951171875,1629.5250244140625,1592.5250244140625,1608.449951171875,419076
2024-03-11,BEML,1624.5,1624.9749755859375,1571.800048828125,1598.125,412888
2024-03-12,BEML,1592.5,1592.5,1517.5,1545.324951171875,632084
2024-03-13,BEML,1554.925048828125,1569.050048828125,1335.949951171875,1367.800048828125,1136162
2024-03-14,BEML,1352.5250244140625,1416.4000244140625,1339.0,1385.0999755859375,1303958
2024-03-15,BEML,1404.0,1429.0,1345.0,1401.0999755859375,2162438
2024-03-18,BEML,1414.4000244140625,1470.0250244140625,1406.675048828125,1437.625,783156
2024-03-19,BEML,1442.5,1448.0,1385.0,1390.1500244140625,836082
2024-03-20,BEML,1400.0,1449.5,1398.0250244140625,1434.9749755859375,846608
2024-03-21,BEML,1454.9000244140625,1516.9749755859375,1454.9000244140625,1506.199951171875,1139970
2024-03-22,BEML,1506.0,1555.800048828125,1498.800048828125,1545.5250244140625,567050
2024-03-26,BEML,1526.1500244140625,1569.0,1526.1500244140625,1555.324951171875,483574
2024-03-27,BEML,1560.0,1623.8499755859375,1557.5,1594.925048828125,927024
2024-03-28,BEML,1595.0,1608.8499755859375,1587.0,1591.8499755859375,408264
2024-03-01,BEPL,96.0,97.3000030517578,95.8499984741211,96.4499969482422,218692
2024-03-04,BEPL,96.9000015258789,97.4000015258789,94.5,95.3000030517578,383516
2024-03-05,BEPL,95.5500030517578,96.0999984741211,93.75,94.0500030517578,422411
2024-03-06,BEPL,94.4000015258789,94.9000015258789,92.0500030517578,93.4000015258789,813064
2024-03-07,BEPL,93.8000030517578,95.5999984741211,92.1500015258789,93.3499984741211,607982
2024-03-11,BEPL,93.5,94.25,89.6500015258789,90.05000305175781,760724
2024-03-12,BEPL,90.5,91.5,87.44999694824219,88.05000305175781,955816
2024-03-13,BEPL,88.3499984741211,89.55000305175781,81.75,82.4000015258789,986334
2024-03-14,BEPL,82.4000015258789,87.55000305175781,81.5999984741211,86.3499984741211,828131
2024-03-15,BEPL,87.44999694824219,89.19999694824219,85.5,87.0999984741211,645226
2024-03-18,BEPL,86.19999694824219,88.80000305175781,86.19999694824219,87.25,409278
2024-03-19,BEPL,87.25,87.55000305175781,85.5,85.94999694824219,383710
2024-03-20,BEPL,86.80000305175781,86.9000015258789,84.1500015258789,85.5,667378
2024-03-21,BEPL,86.05000305175781,88.0999984741211,86.05000305175781,87.25,404803
2024-03-22,BEPL,87.80000305175781,89.0,87.25,88.1500015258789,445485
2024-03-26,BEPL,88.5999984741211,94.8499984741211,87.1500015258789,89.5,1526126
2024-03-27,BEPL,89.75,91.9499969482422,88.5999984741211,89.69999694824219,1066253
2024-03-28,BEPL,90.4000015258789,91.5500030517578,88.55000305175781,89.3499984741211,860404
2024-03-01,BERGEPAINT,589.2999877929688,595.1500244140625,579.0,589.1500244140625,5148516
2024-03-04,BERGEPAINT,594.6500244140625,594.6500244140625,574.3499755859375,578.9000244140625,1121932
2024-03-05,BERGEPAINT,575.5,581.75,570.0,576.2999877929688,718291
2024-03-06,BERGEPAINT,575.0999755859375,585.0,567.1500244140625,577.7999877929688,688953
2024-03-07,BERGEPAINT,576.9500122070312,583.5499877929688,570.0499877929688,573.4000244140625,928556
2024-03-11,BERGEPAINT,573.4000244140625,583.9000244140625,569.0,576.3499755859375,792829
2024-03-12,BERGEPAINT,574.1500244140625,576.2999877929688,562.25,563.8499755859375,513030
2024-03-13,BERGEPAINT,566.75,570.1500244140625,553.25,556.75,785395
2024-03-14,BERGEPAINT,554.0999755859375,567.5,549.0499877929688,565.25,461038
2024-03-15,BERGEPAINT,563.9500122070312,567.5,556.0,557.7999877929688,710688
2024-03-18,BERGEPAINT,557.7999877929688,557.7999877929688,552.4000244140625,555.25,485247
2024-03-19,BERGEPAINT,552.0999755859375,552.5,542.25,550.0,849823
2024-03-20,BERGEPAINT,547.0499877929688,554.3499755859375,543.0,548.7000122070312,605119
2024-03-21,BERGEPAINT,549.2000122070312,556.8499755859375,549.0499877929688,555.5499877929688,915142
2024-03-22,BERGEPAINT,552.0,559.9000244140625,552.0,558.3499755859375,394757
2024-03-26,BERGEPAINT,555.3499755859375,561.9500122070312,554.0,558.2000122070312,634752
2024-03-27,BERGEPAINT,558.2000122070312,570.0,557.3499755859375,567.2000122070312,844130
2024-03-28,BERGEPAINT,564.0,586.0,561.0,573.0499877929688,1546078
2024-03-01,BESTAGRO,75.44999694824219,75.44999694824219,75.44999694824219,75.44999694824219,0
2024-03-04,BESTAGRO,75.44999694824219,75.44999694824219,75.44999694824219,75.44999694824219,0
2024-03-05,BESTAGRO,75.44999694824219,75.44999694824219,75.44999694824219,75.44999694824219,0
2024-03-06,BESTAGRO,75.44999694824219,75.44999694824219,75.44999694824219,75.44999694824219,0
2024-03-07,BESTAGRO,75.44999694824219,75.44999694824219,75.44999694824219,75.44999694824219,0
2024-03-11,BESTAGRO,75.44999694824219,75.44999694824219,75.44999694824219,75.44999694824219,0
2024-03-12,BESTAGRO,75.44999694824219,75.44999694824219,75.44999694824219,75.44999694824219,0
2024-03-13,BESTAGRO,75.44999694824219,75.44999694824219,75.44999694824219,75.44999694824219,0
2024-03-14,BESTAGRO,75.44999694824219,75.44999694824219,75.44999694824219,75.44999694824219,0
2024-03-15,BESTAGRO,75.44999694824219,75.44999694824219,75.44999694824219,75.44999694824219,0
2024-03-18,BESTAGRO,75.44999694824219,75.44999694824219,75.44999694824219,75.44999694824219,0
2024-03-19,BESTAGRO,75.44999694824219,75.44999694824219,75.44999694824219,75.44999694824219,0
2024-03-20,BESTAGRO,75.44999694824219,75.44999694824219,75.44999694824219,75.44999694824219,0
2024-03-21,BESTAGRO,75.44999694824219,75.44999694824219,75.44999694824219,75.44999694824219,0
2024-03-22,BESTAGRO,75.44999694824219,75.44999694824219,75.44999694824219,75.44999694824219,0
2024-03-26,BESTAGRO,75.44999694824219,75.44999694824219,75.44999694824219,75.44999694824219,0
2024-03-27,BESTAGRO,75.44999694824219,75.44999694824219,75.44999694824219,75.44999694824219,0
2024-03-28,BESTAGRO,75.44999694824219,75.44999694824219,75.44999694824219,75.44999694824219,0
2024-03-01,BETA,1270.0999755859375,1300.0,1249.800048828125,1249.949951171875,2600
2024-03-04,BETA,1230.0,1261.0,1211.0,1232.0,4900
2024-03-05,BETA,1225.050048828125,1230.0,1185.0,1199.199951171875,8500
2024-03-06,BETA,1199.199951171875,1199.199951171875,1147.550048828125,1175.199951171875,10300
2024-03-07,BETA,1195.0,1238.5,1195.0,1226.8499755859375,2900
2024-03-11,BETA,1200.0,1259.0,1183.0,1190.4000244140625,4000
2024-03-12,BETA,1200.0,1200.0,1100.0,1158.0,8300
2024-03-13,BETA,1160.0,1160.0,1060.050048828125,1083.0,11800
2024-03-14,BETA,1065.050048828125,1230.0,1065.050048828125,1221.75,8000
2024-03-18,BETA,1208.5,1300.0,1208.5,1279.199951171875,6400
2024-03-19,BETA,1283.0,1318.0,1202.0,1218.5,2400
2024-03-20,BETA,1235.0,1235.0,1206.050048828125,1227.5999755859375,1300
2024-03-21,BETA,1298.0,1298.0,1250.0,1255.0,1600
2024-03-22,BETA,1200.0,1253.949951171875,1200.0,1245.0,1100
2024-03-26,BETA,1269.9000244140625,1269.9000244140625,1209.0,1218.0,2100
2024-03-27,BETA,1218.0,1240.0,1215.0,1231.6500244140625,2300
2024-03-28,BETA,1250.0,1263.0,1197.25,1233.75,3200
2024-03-01,BFINVEST,572.7999877929688,650.0,572.7999877929688,628.7000122070312,1271368
2024-03-04,BFINVEST,646.0,646.0,608.0999755859375,612.2999877929688,176215
2024-03-05,BFINVEST,612.2999877929688,620.2000122070312,590.0,592.4000244140625,144149
2024-03-06,BFINVEST,592.0999755859375,598.2999877929688,561.2999877929688,569.7000122070312,159863
2024-03-07,BFINVEST,570.6500244140625,579.9000244140625,561.7999877929688,574.9000244140625,194310
2024-03-11,BFINVEST,578.7000122070312,578.7000122070312,537.2999877929688,541.9000244140625,83150
2024-03-12,BFINVEST,545.0499877929688,564.5999755859375,532.25,536.7000122070312,197150
2024-03-13,BFINVEST,537.2999877929688,546.5499877929688,493.0,498.7000122070313,104522
2024-03-14,BFINVEST,506.0,529.0,498.5,512.8499755859375,134838
2024-03-15,BFINVEST,520.3499755859375,538.0,510.1499938964844,533.1500244140625,63886
2024-03-18,BFINVEST,540.0,544.7999877929688,524.2999877929688,528.5999755859375,55963
2024-03-19,BFINVEST,527.0,527.5499877929688,507.1000061035156,510.7999877929688,28667
2024-03-20,BFINVEST,514.0,519.5,503.5499877929688,508.4500122070313,54294
2024-03-21,BFINVEST,515.5999755859375,534.8499755859375,515.0,529.0999755859375,90929
2024-03-22,BFINVEST,528.25,542.0,523.7000122070312,528.5,82502
2024-03-26,BFINVEST,527.0499877929688,531.9000244140625,515.0,518.75,59464
2024-03-27,BFINVEST,519.0,527.0,512.25,515.5999755859375,58451
2024-03-28,BFINVEST,519.0,533.8499755859375,518.0,520.4000244140625,61964
2024-03-01,BFUTILITIE,890.0499877929688,957.7000122070312,876.25,936.0,1238194
2024-03-04,BFUTILITIE,955.0,955.0,907.7000122070312,917.1500244140624,315088
2024-03-05,BFUTILITIE,913.0,934.0,866.0499877929688,872.25,525842
2024-03-06,BFUTILITIE,873.2000122070312,882.4000244140625,828.0499877929688,844.0499877929688,548981
2024-03-07,BFUTILITIE,844.9500122070312,867.9500122070312,837.9500122070312,856.1500244140625,336222
2024-03-11,BFUTILITIE,856.0,857.7999877929688,783.6500244140625,793.3499755859375,366119
2024-03-12,BFUTILITIE,795.0,827.25,756.4000244140625,763.8499755859375,658191
2024-03-13,BFUTILITIE,775.0,787.0,682.5,699.5499877929688,625624
2024-03-14,BFUTILITIE,703.0,755.5,683.25,733.7000122070312,456385
2024-03-15,BFUTILITIE,734.7999877929688,753.9500122070312,689.5499877929688,719.4500122070312,533353
2024-03-18,BFUTILITIE,706.0999755859375,739.0,706.0999755859375,724.0999755859375,319557
2024-03-19,BFUTILITIE,723.7999877929688,730.5,694.7000122070312,698.5499877929688,280103
2024-03-20,BFUTILITIE,704.7000122070312,714.4000244140625,685.9500122070312,700.2999877929688,350021
2024-03-21,BFUTILITIE,711.0499877929688,740.5499877929688,711.0499877929688,729.5,338430
2024-03-22,BFUTILITIE,729.4000244140625,771.0,721.0,759.7999877929688,577479
2024-03-26,BFUTILITIE,759.75,766.75,741.5499877929688,745.25,290785
2024-03-27,BFUTILITIE,749.7000122070312,769.9500122070312,734.9000244140625,751.0,357445
2024-03-28,BFUTILITIE,755.0,786.75,755.0,772.0,404451
2024-03-01,BGRENERGY,48.59999847412109,54.45000076293945,48.59999847412109,51.54999923706055,9309948
2024-03-04,BGRENERGY,54.900001525878906,54.900001525878906,51.20000076293945,51.20000076293945,485343
2024-03-05,BGRENERGY,48.650001525878906,48.650001525878906,48.650001525878906,48.650001525878906,255680
2024-03-06,BGRENERGY,46.29999923706055,48.0,46.25,46.25,871011
2024-03-07,BGRENERGY,45.0,48.54999923706055,43.95000076293945,48.54999923706055,1062052
2024-03-11,BGRENERGY,49.75,49.95000076293945,46.150001525878906,46.150001525878906,605513
2024-03-12,BGRENERGY,45.5,46.150001525878906,43.84999847412109,43.84999847412109,316661
2024-03-13,BGRENERGY,42.54999923706055,43.5,41.650001525878906,41.650001525878906,561661
2024-03-14,BGRENERGY,39.59999847412109,43.0,39.59999847412109,42.5,686470
2024-03-15,BGRENERGY,40.400001525878906,42.75,40.400001525878906,41.20000076293945,1361183
2024-03-18,BGRENERGY,41.09999847412109,42.0,39.150001525878906,40.29999923706055,908506
2024-03-19,BGRENERGY,40.34999847412109,40.900001525878906,38.95000076293945,39.5,483297
2024-03-20,BGRENERGY,39.900001525878906,41.0,38.400001525878906,39.5,1266121
2024-03-21,BGRENERGY,40.34999847412109,40.900001525878906,39.25,39.75,290205
2024-03-22,BGRENERGY,40.0,40.59999847412109,39.29999923706055,39.59999847412109,680869
2024-03-26,BGRENERGY,39.59999847412109,39.95000076293945,38.0,38.5,424396
2024-03-27,BGRENERGY,38.5,38.79999923706055,36.59999847412109,36.59999847412109,958907
2024-03-28,BGRENERGY,36.59999847412109,36.79999923706055,34.79999923706055,34.79999923706055,1436228
2024-03-01,BHAGCHEM,179.39999389648438,182.0,173.52000427246094,174.8800048828125,84180
2024-03-04,BHAGCHEM,180.5050048828125,180.59500122070312,169.99000549316406,176.11500549316406,232680
2024-03-05,BHAGCHEM,177.5,183.0,173.50999450683594,180.7899932861328,124220
2024-03-06,BHAGCHEM,184.0,184.0,175.10000610351562,179.2100067138672,138840
2024-03-07,BHAGCHEM,180.0,181.60499572753903,176.40499877929688,177.55499267578125,39680
2024-03-11,BHAGCHEM,179.89999389648438,179.89999389648438,165.55499267578125,167.97000122070312,62670
2024-03-12,BHAGCHEM,170.49000549316406,170.49000549316406,162.0050048828125,163.4600067138672,47410
2024-03-13,BHAGCHEM,162.0,163.99000549316406,155.0050048828125,156.38499450683594,56410
2024-03-14,BHAGCHEM,154.0399932861328,160.0,151.2550048828125,158.97999572753906,18910
2024-03-15,BHAGCHEM,161.36500549316406,164.83999633789062,154.02000427246094,156.88999938964844,26850
2024-03-18,BHAGCHEM,156.94500732421875,160.0,155.39999389648438,157.2050018310547,19610
2024-03-19,BHAGCHEM,156.31500244140625,157.98500061035156,153.5,154.47999572753906,6030
2024-03-20,BHAGCHEM,156.7949981689453,159.2449951171875,151.6649932861328,153.59500122070312,41600
2024-03-21,BHAGCHEM,154.60499572753906,158.86500549316406,154.60499572753906,156.19500732421875,5630
2024-03-22,BHAGCHEM,157.59500122070312,164.5,154.36000061035156,162.2050018310547,24320
2024-03-26,BHAGCHEM,170.0,170.0,155.0,158.01499938964844,65920
2024-03-27,BHAGCHEM,158.0050048828125,159.19500732421875,154.98500061035156,156.38999938964844,37960
2024-03-28,BHAGCHEM,156.38999938964844,164.8000030517578,156.38999938964844,160.83999633789062,64300
2024-03-01,BHAGERIA,185.6000061035156,193.0,185.6000061035156,191.0,80606
2024-03-04,BHAGERIA,192.8000030517578,195.9499969482422,185.1000061035156,185.6999969482422,90504
2024-03-05,BHAGERIA,185.5,187.0,180.4499969482422,180.8999938964844,78854
2024-03-06,BHAGERIA,179.10000610351562,183.3500061035156,175.39999389648438,180.3000030517578,113205
2024-03-07,BHAGERIA,181.5500030517578,189.3000030517578,180.3000030517578,183.25,100907
2024-03-11,BHAGERIA,184.25,185.3999938964844,168.60000610351562,169.85000610351562,121494
2024-03-12,BHAGERIA,170.0,172.4499969482422,159.8000030517578,160.5,118078
2024-03-13,BHAGERIA,160.0,162.75,140.9499969482422,143.35000610351562,187501
2024-03-14,BHAGERIA,141.1999969482422,150.89999389648438,140.4499969482422,148.89999389648438,97824
2024-03-15,BHAGERIA,149.8000030517578,152.14999389648438,144.39999389648438,148.89999389648438,57426
2024-03-18,BHAGERIA,150.4499969482422,154.0,146.89999389648438,148.75,55034
2024-03-19,BHAGERIA,147.0,156.0,146.0500030517578,148.5500030517578,84535
2024-03-20,BHAGERIA,147.5,153.5500030517578,147.5,151.85000610351562,48466
2024-03-21,BHAGERIA,152.6999969482422,156.35000610351562,151.60000610351562,154.3000030517578,67459
2024-03-22,BHAGERIA,156.0,156.0,151.25,152.3000030517578,43859
2024-03-26,BHAGERIA,150.10000610351562,163.8000030517578,144.4499969482422,147.14999389648438,473053
2024-03-27,BHAGERIA,148.85000610351562,153.35000610351562,147.5500030517578,149.3000030517578,101888
2024-03-28,BHAGERIA,150.0,152.6999969482422,143.0500030517578,144.9499969482422,93344
2024-03-01,BHAGYANGR,96.3499984741211,99.0,95.0,95.4499969482422,83806
2024-03-04,BHAGYANGR,99.75,99.75,95.3499984741211,96.9499969482422,87382
2024-03-05,BHAGYANGR,97.0,98.0999984741211,94.5500030517578,96.4499969482422,98804
2024-03-06,BHAGYANGR,96.4499969482422,96.4499969482422,92.0500030517578,93.75,107256
2024-03-07,BHAGYANGR,95.0500030517578,95.8499984741211,93.9000015258789,94.9499969482422,44930
2024-03-11,BHAGYANGR,94.9499969482422,95.3000030517578,89.44999694824219,90.8499984741211,101432
2024-03-12,BHAGYANGR,89.5999984741211,90.8499984741211,85.0,86.0,121753
2024-03-13,BHAGYANGR,87.5,88.9000015258789,77.6500015258789,79.19999694824219,133095
2024-03-14,BHAGYANGR,77.4000015258789,85.0,76.0,83.0999984741211,103941
2024-03-15,BHAGYANGR,84.5,88.44999694824219,81.0,85.1500015258789,146721
2024-03-18,BHAGYANGR,82.0,88.19999694824219,82.0,86.19999694824219,50160
2024-03-19,BHAGYANGR,86.5999984741211,86.5999984741211,81.5,82.4000015258789,46676
2024-03-20,BHAGYANGR,83.0,85.0,81.0999984741211,82.3499984741211,40897
2024-03-21,BHAGYANGR,83.30000305175781,86.4000015258789,82.30000305175781,84.80000305175781,43640
2024-03-22,BHAGYANGR,85.19999694824219,87.9000015258789,83.1500015258789,84.0999984741211,99203
2024-03-26,BHAGYANGR,84.25,88.0,82.5,82.80000305175781,52069
2024-03-27,BHAGYANGR,82.80000305175781,85.9000015258789,79.05000305175781,81.30000305175781,139912
2024-03-28,BHAGYANGR,81.25,84.30000305175781,80.0,81.75,100274
2024-03-01,BHANDARI,10.300000190734863,10.449999809265137,9.850000381469728,9.949999809265137,1427256
2024-03-04,BHANDARI,10.0,10.050000190734863,9.699999809265137,9.800000190734863,1041921
2024-03-05,BHANDARI,9.800000190734863,9.949999809265137,9.550000190734863,9.699999809265137,1218406
2024-03-06,BHANDARI,9.600000381469728,9.649999618530272,9.25,9.25,1403675
2024-03-07,BHANDARI,9.25,9.699999809265137,9.0,9.149999618530272,1833317
2024-03-11,BHANDARI,9.100000381469728,9.149999618530272,8.699999809265137,8.699999809265137,1725698
2024-03-12,BHANDARI,8.649999618530273,8.649999618530273,8.300000190734863,8.300000190734863,315946
2024-03-13,BHANDARI,8.0,8.199999809265137,7.900000095367432,7.900000095367432,824591
2024-03-14,BHANDARI,7.5,8.050000190734863,7.5,7.900000095367432,2899933
2024-03-15,BHANDARI,7.800000190734863,7.900000095367432,7.5,7.5,1348967
2024-03-18,BHANDARI,7.5,7.849999904632568,7.150000095367432,7.650000095367432,2883606
2024-03-19,BHANDARI,7.699999809265137,7.75,7.300000190734863,7.349999904632568,1337393
2024-03-20,BHANDARI,7.300000190734863,7.699999809265137,7.199999809265137,7.699999809265137,892395
2024-03-21,BHANDARI,8.050000190734863,8.050000190734863,7.900000095367432,8.050000190734863,260797
2024-03-22,BHANDARI,8.350000381469727,8.449999809265137,7.949999809265137,8.199999809265137,1475381
2024-03-26,BHANDARI,8.25,8.300000190734863,7.800000190734863,7.800000190734863,839194
2024-03-27,BHANDARI,7.949999809265137,8.149999618530273,7.449999809265137,7.5,722318
2024-03-28,BHANDARI,7.400000095367432,7.849999904632568,7.25,7.400000095367432,992606
2024-03-01,BHARATFORG,1150.050048828125,1187.9000244140625,1150.050048828125,1184.25,740159
2024-03-04,BHARATFORG,1182.0,1193.699951171875,1170.0,1189.1500244140625,1806324
2024-03-05,BHARATFORG,1190.0,1211.0,1179.949951171875,1185.800048828125,1251169
2024-03-06,BHARATFORG,1189.0,1190.75,1150.0999755859375,1181.75,674420
2024-03-07,BHARATFORG,1181.6500244140625,1193.5999755859375,1170.3499755859375,1178.8499755859375,557070
2024-03-11,BHARATFORG,1170.050048828125,1190.5999755859375,1143.4000244140625,1159.8499755859375,2315091
2024-03-12,BHARATFORG,1160.050048828125,1170.9000244140625,1139.0,1155.8499755859375,942567
2024-03-13,BHARATFORG,1155.8499755859375,1164.449951171875,1115.0,1127.0,1538078
2024-03-14,BHARATFORG,1111.0,1127.0,1096.699951171875,1113.050048828125,1500630
2024-03-15,BHARATFORG,1117.949951171875,1130.6500244140625,1099.0999755859375,1119.5,1004065
2024-03-18,BHARATFORG,1119.0,1121.0,1090.300048828125,1114.4000244140625,1199978
2024-03-19,BHARATFORG,1111.75,1133.0,1093.5999755859375,1112.699951171875,830859
2024-03-20,BHARATFORG,1110.0,1118.5999755859375,1088.0,1092.699951171875,1044847
2024-03-21,BHARATFORG,1097.800048828125,1122.0,1094.0,1102.0,2400850
2024-03-22,BHARATFORG,1102.0,1133.5999755859375,1101.300048828125,1128.949951171875,1129996
2024-03-26,BHARATFORG,1131.9000244140625,1140.949951171875,1127.0,1130.1500244140625,728614
2024-03-27,BHARATFORG,1132.4000244140625,1143.050048828125,1107.25,1111.199951171875,1811541
2024-03-28,BHARATFORG,1114.949951171875,1135.199951171875,1103.5,1129.5999755859375,1391471
2024-03-01,BHARATGEAR,122.9000015258789,125.4000015258789,122.5,122.8499984741211,39463
2024-03-04,BHARATGEAR,122.25,125.6500015258789,121.3499984741211,122.1500015258789,56961
2024-03-05,BHARATGEAR,123.0,123.0,120.0,120.75,44056
2024-03-06,BHARATGEAR,120.6999969482422,122.1500015258789,115.5999984741211,117.8000030517578,102732
2024-03-07,BHARATGEAR,118.0,119.5500030517578,116.9000015258789,117.5500030517578,38443
2024-03-11,BHARATGEAR,119.4000015258789,119.4000015258789,114.1500015258789,115.0500030517578,44252
2024-03-12,BHARATGEAR,115.0999984741211,116.8000030517578,110.1999969482422,110.5,78304
2024-03-13,BHARATGEAR,110.0500030517578,111.6999969482422,100.0999984741211,101.1500015258789,116932
2024-03-14,BHARATGEAR,101.9499969482422,105.3000030517578,100.0,104.5500030517578,46686
2024-03-15,BHARATGEAR,106.0,106.8499984741211,102.0,103.4000015258789,58799
2024-03-18,BHARATGEAR,104.9000015258789,106.0,103.5,104.1500015258789,54133
2024-03-19,BHARATGEAR,104.1500015258789,105.3000030517578,103.0500030517578,104.0,23276
2024-03-20,BHARATGEAR,103.5999984741211,104.6999969482422,102.0,102.6500015258789,24749
2024-03-21,BHARATGEAR,103.0,104.9499969482422,101.25,102.9000015258789,49577
2024-03-22,BHARATGEAR,102.3000030517578,105.9499969482422,102.3000030517578,104.5,79966
2024-03-26,BHARATGEAR,106.5,106.8499984741211,101.0,101.75,91873
2024-03-27,BHARATGEAR,102.9499969482422,105.0,99.4499969482422,99.8000030517578,104892
2024-03-28,BHARATGEAR,101.6999969482422,103.9000015258789,100.1999969482422,101.3000030517578,68557
2024-03-01,BHARATRAS,2250.0,2345.0,2249.5625,2331.762451171875,10668
2024-03-04,BHARATRAS,2320.0,2332.5,2275.262451171875,2281.72509765625,2932
2024-03-05,BHARATRAS,2283.699951171875,2311.0,2265.300048828125,2290.71240234375,3044
2024-03-06,BHARATRAS,2296.737548828125,2300.0,2250.0,2260.9375,3828
2024-03-07,BHARATRAS,2273.862548828125,2275.0,2184.512451171875,2270.5625,4380
2024-03-11,BHARATRAS,2271.25,2277.762451171875,2219.97509765625,2231.449951171875,5240
2024-03-12,BHARATRAS,2235.625,2246.737548828125,2193.75,2201.85009765625,2772
2024-03-13,BHARATRAS,2206.699951171875,2206.699951171875,2083.1875,2118.237548828125,7000
2024-03-14,BHARATRAS,2100.0,2173.324951171875,2093.75,2110.175048828125,6252
2024-03-15,BHARATRAS,2100.0,2175.02490234375,2087.5,2157.25,6664
2024-03-18,BHARATRAS,2157.262451171875,2212.22509765625,2130.0,2200.675048828125,2888
2024-03-19,BHARATRAS,2206.78759765625,2212.0,2179.72509765625,2203.824951171875,2960
2024-03-20,BHARATRAS,2220.0,2222.625,2193.25,2210.9375,5280
2024-03-21,BHARATRAS,2205.85009765625,2217.5,2186.25,2199.0,1848
2024-03-22,BHARATRAS,2204.362548828125,2208.58740234375,2177.5,2186.96240234375,3404
2024-03-26,BHARATRAS,2177.77490234375,2195.862548828125,2137.5,2142.28759765625,6432
2024-03-27,BHARATRAS,2125.0,2157.862548828125,2125.0,2131.78759765625,8000
2024-03-28,BHARATRAS,2115.25,2134.262451171875,2115.25,2120.08740234375,6192
2024-03-01,BHARATWIRE,314.8999938964844,317.0,302.3999938964844,316.79998779296875,130008
2024-03-04,BHARATWIRE,321.8500061035156,328.5,310.5,315.0,68612
2024-03-05,BHARATWIRE,314.95001220703125,315.0,301.6000061035156,308.20001220703125,64213
2024-03-06,BHARATWIRE,308.20001220703125,308.20001220703125,292.79998779296875,297.5,140160
2024-03-07,BHARATWIRE,296.95001220703125,308.0,295.0,305.3500061035156,92726
2024-03-11,BHARATWIRE,301.20001220703125,306.95001220703125,290.1000061035156,295.20001220703125,150969
2024-03-12,BHARATWIRE,289.0,292.0,280.45001220703125,281.3999938964844,298326
2024-03-13,BHARATWIRE,281.95001220703125,288.8500061035156,267.3500061035156,267.3500061035156,159188
2024-03-14,BHARATWIRE,258.20001220703125,279.79998779296875,255.5500030517578,279.25,166009
2024-03-15,BHARATWIRE,270.0,291.79998779296875,268.3500061035156,288.0,207729
2024-03-18,BHARATWIRE,288.0,292.0,277.5,281.8999938964844,129921
2024-03-19,BHARATWIRE,285.8999938964844,285.8999938964844,271.04998779296875,274.0,116375
2024-03-20,BHARATWIRE,277.04998779296875,283.8500061035156,265.04998779296875,269.6000061035156,144466
2024-03-21,BHARATWIRE,273.95001220703125,276.0,268.0,271.6499938964844,190086
2024-03-22,BHARATWIRE,273.45001220703125,280.0,269.0,278.1499938964844,186712
2024-03-26,BHARATWIRE,279.8500061035156,289.8999938964844,279.0,280.70001220703125,209362
2024-03-27,BHARATWIRE,285.0,288.0,281.0,283.3500061035156,143189
2024-03-28,BHARATWIRE,283.3500061035156,288.95001220703125,273.6499938964844,275.20001220703125,130678
2024-03-01,BHARTIARTL,1128.0,1140.75,1117.4000244140625,1128.699951171875,5927490
2024-03-04,BHARTIARTL,1132.0,1149.25,1132.0,1133.5,5855090
2024-03-05,BHARTIARTL,1133.050048828125,1179.75,1133.050048828125,1168.9000244140625,5375008
2024-03-06,BHARTIARTL,1173.949951171875,1196.5999755859375,1157.3499755859375,1193.699951171875,5464839
2024-03-07,BHARTIARTL,1209.8499755859375,1213.5999755859375,1189.449951171875,1199.699951171875,8903981
2024-03-11,BHARTIARTL,1186.0,1218.300048828125,1186.0,1196.5999755859375,6679208
2024-03-12,BHARTIARTL,1200.0,1208.0,1197.800048828125,1204.25,4249548
2024-03-13,BHARTIARTL,1212.0,1212.0,1151.699951171875,1168.75,7528096
2024-03-14,BHARTIARTL,1173.949951171875,1199.699951171875,1163.550048828125,1194.5999755859375,8569080
2024-03-15,BHARTIARTL,1190.0,1222.800048828125,1187.8499755859375,1220.0,10115416
2024-03-18,BHARTIARTL,1225.0,1230.550048828125,1215.199951171875,1225.300048828125,4141080
2024-03-19,BHARTIARTL,1216.199951171875,1240.4000244140625,1214.5999755859375,1228.3499755859375,7703719
2024-03-20,BHARTIARTL,1228.25,1239.0,1223.6500244140625,1231.800048828125,6596032
2024-03-21,BHARTIARTL,1238.0,1242.9000244140625,1214.0999755859375,1220.800048828125,9952250
2024-03-22,BHARTIARTL,1226.949951171875,1245.0,1222.0,1236.0999755859375,7840007
2024-03-26,BHARTIARTL,1225.0,1234.0,1210.0,1213.0999755859375,10898138
2024-03-27,BHARTIARTL,1210.550048828125,1228.25,1210.550048828125,1224.800048828125,5779169
2024-03-28,BHARTIARTL,1226.949951171875,1238.5,1220.300048828125,1228.5999755859375,10518377
2024-03-01,BHEL,230.0,237.3500061035156,229.6000061035156,235.3000030517578,35475431
2024-03-04,BHEL,237.1000061035156,275.8500061035156,237.1000061035156,264.54998779296875,246246357
2024-03-05,BHEL,265.5,271.70001220703125,254.6999969482422,265.79998779296875,64079248
2024-03-06,BHEL,270.70001220703125,272.0,249.6000061035156,255.1999969482422,81812288
2024-03-07,BHEL,256.75,261.04998779296875,254.8000030517578,257.5,26124937
2024-03-11,BHEL,259.1000061035156,259.54998779296875,253.6499938964844,254.5500030517578,20685651
2024-03-12,BHEL,255.0,255.8500061035156,243.1499938964844,244.1000061035156,27919780
2024-03-13,BHEL,245.0,246.25,222.0500030517578,225.3000030517578,42267395
2024-03-14,BHEL,224.8000030517578,232.3000030517578,221.9499969482422,226.4499969482422,38281171
2024-03-15,BHEL,225.5,227.6999969482422,207.1000061035156,216.75,52563647
2024-03-18,BHEL,216.75,226.8999938964844,213.3999938964844,224.3000030517578,30924687
2024-03-19,BHEL,224.25,226.4499969482422,217.25,218.8000030517578,21463953
2024-03-20,BHEL,220.0,225.9499969482422,215.8000030517578,224.75,21903121
2024-03-21,BHEL,229.8999938964844,237.9499969482422,228.0,237.1999969482422,36784553
2024-03-22,BHEL,235.0,240.3500061035156,234.5500030517578,239.1000061035156,18998595
2024-03-26,BHEL,238.5,240.4499969482422,236.1999969482422,239.8000030517578,12328059
2024-03-27,BHEL,241.3500061035156,249.5,240.5,243.1000061035156,22974438
2024-03-28,BHEL,253.0500030517578,253.6999969482422,245.6000061035156,247.3000030517578,28014588
2024-03-01,BIGBLOC,117.5500030517578,120.0,115.0250015258789,118.0500030517578,240432
2024-03-04,BIGBLOC,121.1750030517578,121.3499984741211,115.125,117.4250030517578,210680
2024-03-05,BIGBLOC,117.9749984741211,119.5,106.25,109.6999969482422,540580
2024-03-06,BIGBLOC,107.5500030517578,112.4499969482422,102.4499969482422,108.1500015258789,503510
2024-03-07,BIGBLOC,106.6999969482422,110.0,106.5,107.0999984741211,146782
2024-03-11,BIGBLOC,107.0250015258789,107.0250015258789,100.0250015258789,101.8249969482422,256898
2024-03-12,BIGBLOC,101.8249969482422,103.5,96.5,98.0250015258789,358152
2024-03-13,BIGBLOC,96.6750030517578,99.7249984741211,85.5,87.30000305175781,658136
2024-03-14,BIGBLOC,83.5,98.4499969482422,83.5,97.6999969482422,499366
2024-03-15,BIGBLOC,97.9000015258789,101.0749969482422,95.0749969482422,97.0500030517578,195918
2024-03-18,BIGBLOC,97.0500030517578,99.4000015258789,91.0500030517578,93.875,385574
2024-03-19,BIGBLOC,93.9250030517578,97.5749969482422,90.7750015258789,93.2750015258789,286700
2024-03-20,BIGBLOC,93.4749984741211,98.9499969482422,90.375,93.0749969482422,340382
2024-03-21,BIGBLOC,94.4749984741211,96.9499969482422,92.4000015258789,95.0,303726
2024-03-22,BIGBLOC,101.0,101.0,96.1750030517578,98.6999969482422,479174
2024-03-26,BIGBLOC,99.375,102.5,96.125,99.8000030517578,300658
2024-03-27,BIGBLOC,100.3000030517578,102.3499984741211,97.5250015258789,98.7750015258789,195030
2024-03-28,BIGBLOC,100.4250030517578,104.4499969482422,100.0,100.5999984741211,236256
2024-03-01,BIKAJI,527.9500122070312,528.0,515.0,517.9000244140625,92045
2024-03-04,BIKAJI,526.9500122070312,526.9500122070312,514.5,516.8499755859375,84756
2024-03-05,BIKAJI,517.0,517.0,499.7999877929688,506.75,460840
2024-03-06,BIKAJI,503.5,519.7000122070312,503.5,516.1500244140625,555783
2024-03-07,BIKAJI,521.0,539.0,509.0,533.8499755859375,235282
2024-03-11,BIKAJI,533.8499755859375,542.0,521.2000122070312,526.1500244140625,207622
2024-03-12,BIKAJI,525.0,525.0,508.0,511.8999938964844,122826
2024-03-13,BIKAJI,508.25,512.4000244140625,489.75,503.2000122070313,225898
2024-03-14,BIKAJI,502.9500122070313,503.0,488.3500061035156,492.3500061035156,183225
2024-03-15,BIKAJI,496.5499877929688,496.5499877929688,476.1000061035156,484.9500122070313,342313
2024-03-18,BIKAJI,485.0,494.3500061035156,483.0,488.25,219507
2024-03-19,BIKAJI,492.0,493.2000122070313,478.1000061035156,485.0,129836
2024-03-20,BIKAJI,490.0,494.0,480.3500061035156,490.3500061035156,119739
2024-03-21,BIKAJI,492.8500061035156,501.0,487.3500061035156,498.5,244152
2024-03-22,BIKAJI,498.0,499.0,489.0,489.8500061035156,219847
2024-03-26,BIKAJI,490.0,491.9500122070313,481.25,482.8500061035156,145974
2024-03-27,BIKAJI,483.9500122070313,497.3999938964844,482.3500061035156,490.8500061035156,669466
2024-03-28,BIKAJI,492.6000061035156,496.8999938964844,482.8999938964844,490.4500122070313,235939
2024-03-01,BIL,331.5,331.5,331.5,331.5,1365
2024-03-04,BIL,347.0,347.0,330.0,330.95001220703125,3405
2024-03-05,BIL,329.5,340.0,329.5,333.04998779296875,52614
2024-03-06,BIL,331.0,331.0,317.0,326.70001220703125,2977
2024-03-07,BIL,316.0,326.6000061035156,316.0,319.79998779296875,3046
2024-03-11,BIL,317.0,319.79998779296875,303.8500061035156,303.8500061035156,2826
2024-03-12,BIL,298.0,298.0,288.6499938964844,288.6499938964844,2384
2024-03-13,BIL,275.29998779296875,275.29998779296875,274.25,274.25,3473
2024-03-14,BIL,261.04998779296875,261.04998779296875,260.54998779296875,260.54998779296875,7227
2024-03-15,BIL,247.5500030517578,272.95001220703125,247.5500030517578,268.45001220703125,15330
2024-03-18,BIL,270.8500061035156,295.0,263.0,267.54998779296875,24935
2024-03-19,BIL,262.20001220703125,274.54998779296875,251.1999969482422,256.20001220703125,5215
2024-03-20,BIL,266.6000061035156,276.5,246.25,253.9499969482422,15618
2024-03-21,BIL,253.9499969482422,260.95001220703125,246.9499969482422,255.6499938964844,15251
2024-03-22,BIL,259.25,276.8999938964844,255.3000030517578,264.70001220703125,24653
2024-03-26,BIL,260.0,268.95001220703125,256.0,257.8999938964844,24638
2024-03-27,BIL,264.29998779296875,266.70001220703125,252.5500030517578,255.0,21346
2024-03-28,BIL,277.70001220703125,277.70001220703125,256.1000061035156,260.1000061035156,13903
2024-03-01,BILVYAPAR,17.600000381469727,17.700000762939453,16.799999237060547,16.850000381469727,26498
2024-03-04,BILVYAPAR,17.350000381469727,17.350000381469727,16.200000762939453,16.25,23104
2024-03-05,BILVYAPAR,16.25,16.600000381469727,15.600000381469728,15.899999618530272,13346
2024-03-06,BILVYAPAR,15.600000381469728,16.450000762939453,15.100000381469728,15.100000381469728,28794
2024-03-07,BILVYAPAR,15.100000381469728,15.100000381469728,14.600000381469728,14.699999809265137,24432
2024-03-11,BILVYAPAR,14.5,14.899999618530272,14.0,14.0,17115
2024-03-12,BILVYAPAR,13.300000190734863,13.949999809265137,13.300000190734863,13.449999809265137,19690
2024-03-13,BILVYAPAR,14.0,14.100000381469728,13.350000381469728,14.100000381469728,40847
2024-03-14,BILVYAPAR,14.600000381469728,14.800000190734863,14.100000381469728,14.800000190734863,13911
2024-03-15,BILVYAPAR,15.5,15.5,14.100000381469728,14.649999618530272,28941
2024-03-18,BILVYAPAR,14.899999618530272,15.25,14.199999809265137,14.350000381469728,27548
2024-03-19,BILVYAPAR,14.449999809265137,14.800000190734863,13.850000381469728,14.350000381469728,24580
2024-03-20,BILVYAPAR,14.800000190734863,14.800000190734863,13.649999618530272,13.75,32668
2024-03-21,BILVYAPAR,13.949999809265137,14.399999618530272,13.75,14.25,54308
2024-03-22,BILVYAPAR,14.550000190734863,14.800000190734863,14.0,14.649999618530272,129071
2024-03-26,BILVYAPAR,15.25,15.350000381469728,13.949999809265137,14.899999618530272,78937
2024-03-27,BILVYAPAR,15.050000190734863,15.600000381469728,14.199999809265137,14.300000190734863,49383
2024-03-28,BILVYAPAR,14.5,14.850000381469728,13.75,13.949999809265137,22184
2024-03-01,BIOCON,276.54998779296875,282.25,272.5,273.8999938964844,4963400
2024-03-04,BIOCON,277.8999938964844,287.20001220703125,275.70001220703125,278.8999938964844,17778466
2024-03-05,BIOCON,278.95001220703125,282.70001220703125,277.0,279.95001220703125,5524477
2024-03-06,BIOCON,280.0,280.8500061035156,269.25,274.5,6070958
2024-03-07,BIOCON,276.0,285.20001220703125,276.0,281.8999938964844,9041425
2024-03-11,BIOCON,284.0,286.20001220703125,278.1000061035156,279.20001220703125,4569107
2024-03-12,BIOCON,279.29998779296875,281.6499938964844,270.0,270.3500061035156,3628757
2024-03-13,BIOCON,271.0,273.45001220703125,250.3999938964844,252.8500061035156,7078060
2024-03-14,BIOCON,252.5,273.45001220703125,249.8999938964844,267.3999938964844,6106792
2024-03-15,BIOCON,262.0,262.6000061035156,250.25,251.6499938964844,10073254
2024-03-18,BIOCON,252.8000030517578,254.5500030517578,247.75,250.6499938964844,4693478
2024-03-19,BIOCON,250.8000030517578,252.3999938964844,245.0500030517578,245.75,4014805
2024-03-20,BIOCON,246.5,249.5500030517578,244.5500030517578,246.8500061035156,3465199
2024-03-21,BIOCON,248.5,252.3000030517578,247.5500030517578,248.6999969482422,3542830
2024-03-22,BIOCON,250.1999969482422,254.6999969482422,248.4499969482422,252.1999969482422,5586546
2024-03-26,BIOCON,254.1999969482422,258.95001220703125,251.0,257.70001220703125,7271365
2024-03-27,BIOCON,256.95001220703125,263.25,255.8500061035156,256.6000061035156,7577249
2024-03-28,BIOCON,260.0,266.75,259.20001220703125,264.1499938964844,7744310
2024-03-01,BIOFILCHEM,64.6500015258789,65.80000305175781,64.0,64.25,15774
2024-03-04,BIOFILCHEM,65.6500015258789,66.3499984741211,63.70000076293945,64.30000305175781,21779
2024-03-05,BIOFILCHEM,64.3499984741211,65.0,60.54999923706055,61.84999847412109,65259
2024-03-06,BIOFILCHEM,61.79999923706055,64.0,61.45000076293945,63.150001525878906,59111
2024-03-07,BIOFILCHEM,63.04999923706055,74.1500015258789,63.04999923706055,72.05000305175781,713982
2024-03-11,BIOFILCHEM,70.0999984741211,71.94999694824219,66.0,66.94999694824219,111104
2024-03-12,BIOFILCHEM,67.25,68.80000305175781,61.900001525878906,62.70000076293945,101898
2024-03-13,BIOFILCHEM,64.0,64.8499984741211,55.54999923706055,56.29999923706055,127905
2024-03-14,BIOFILCHEM,55.04999923706055,61.900001525878906,54.400001525878906,60.59999847412109,94016
2024-03-15,BIOFILCHEM,62.650001525878906,62.650001525878906,59.25,60.54999923706055,47719
2024-03-18,BIOFILCHEM,59.5,62.54999923706055,58.0,59.20000076293945,38660
2024-03-19,BIOFILCHEM,60.54999923706055,62.0,56.84999847412109,58.650001525878906,55255
2024-03-20,BIOFILCHEM,60.650001525878906,60.650001525878906,58.29999923706055,59.04999923706055,22085
2024-03-21,BIOFILCHEM,59.70000076293945,62.0,58.95000076293945,60.95000076293945,25326
2024-03-22,BIOFILCHEM,62.5,62.95000076293945,61.25,61.59999847412109,36551
2024-03-26,BIOFILCHEM,62.5,63.79999923706055,59.150001525878906,59.95000076293945,37602
2024-03-27,BIOFILCHEM,59.95000076293945,67.55000305175781,57.54999923706055,60.29999923706055,186126
2024-03-28,BIOFILCHEM,60.34999847412109,62.900001525878906,60.0,60.59999847412109,23696
2024-03-01,BIRLACABLE,288.45001220703125,296.95001220703125,287.6000061035156,293.45001220703125,151503
2024-03-04,BIRLACABLE,298.0,300.04998779296875,289.8500061035156,290.8999938964844,91748
2024-03-05,BIRLACABLE,290.0,293.45001220703125,282.0,283.3500061035156,117385
2024-03-06,BIRLACABLE,285.0,288.70001220703125,263.29998779296875,265.79998779296875,292673
2024-03-07,BIRLACABLE,268.45001220703125,274.3999938964844,266.1000061035156,268.95001220703125,83927
2024-03-11,BIRLACABLE,262.0,268.5,257.1000061035156,258.29998779296875,103974
2024-03-12,BIRLACABLE,259.3999938964844,261.8500061035156,240.0500030517578,242.6499938964844,172013
2024-03-13,BIRLACABLE,238.0,249.9499969482422,216.6499938964844,219.6499938964844,202011
2024-03-14,BIRLACABLE,220.4499969482422,238.0,215.0500030517578,233.9499969482422,195728
2024-03-15,BIRLACABLE,233.8999938964844,240.0,222.8500061035156,233.3999938964844,168132
2024-03-18,BIRLACABLE,231.1999969482422,238.8999938964844,228.3999938964844,231.0,183557
2024-03-19,BIRLACABLE,231.3500061035156,238.8000030517578,225.0,227.6999969482422,201276
2024-03-20,BIRLACABLE,229.0,234.8000030517578,225.6000061035156,227.25,211244
2024-03-21,BIRLACABLE,230.6499938964844,236.6000061035156,229.0500030517578,230.1999969482422,131394
2024-03-22,BIRLACABLE,232.5,245.0,232.0,238.0500030517578,172933
2024-03-26,BIRLACABLE,239.5500030517578,240.8999938964844,231.0,233.4499969482422,147980
2024-03-27,BIRLACABLE,236.0,237.9499969482422,224.5,226.6999969482422,220356
2024-03-28,BIRLACABLE,227.8500061035156,233.0,224.0,225.3500061035156,139887
2024-03-01,BIRLACORPN,1658.0999755859375,1675.0,1638.0,1648.5,131998
2024-03-04,BIRLACORPN,1678.0,1681.5,1628.0,1645.300048828125,82702
2024-03-05,BIRLACORPN,1649.1500244140625,1654.0,1560.75,1573.050048828125,194414
2024-03-06,BIRLACORPN,1560.0,1571.949951171875,1472.0999755859375,1522.949951171875,279773
2024-03-07,BIRLACORPN,1532.800048828125,1570.199951171875,1525.0,1541.1500244140625,113164
2024-03-11,BIRLACORPN,1548.5999755859375,1560.0,1476.9000244140625,1488.25,122517
2024-03-12,BIRLACORPN,1500.0,1525.0,1437.050048828125,1459.3499755859375,246208
2024-03-13,BIRLACORPN,1477.300048828125,1503.949951171875,1375.0,1434.6500244140625,213002
2024-03-14,BIRLACORPN,1434.6500244140625,1449.0,1401.199951171875,1426.050048828125,157068
2024-03-15,BIRLACORPN,1437.050048828125,1460.949951171875,1394.8499755859375,1413.9000244140625,190364
2024-03-18,BIRLACORPN,1413.9000244140625,1455.550048828125,1401.6500244140625,1418.800048828125,117451
2024-03-19,BIRLACORPN,1420.0,1431.0,1408.5999755859375,1417.1500244140625,54275
2024-03-20,BIRLACORPN,1415.0,1428.949951171875,1393.449951171875,1425.25,136378
2024-03-21,BIRLACORPN,1429.0,1464.949951171875,1425.0,1461.449951171875,95294
2024-03-22,BIRLACORPN,1465.699951171875,1465.949951171875,1438.199951171875,1448.8499755859375,94290
2024-03-26,BIRLACORPN,1459.449951171875,1460.0,1413.300048828125,1417.9000244140625,107772
2024-03-27,BIRLACORPN,1417.0,1449.949951171875,1415.0,1428.75,112665
2024-03-28,BIRLACORPN,1448.0,1455.949951171875,1416.9000244140625,1423.699951171875,100121
2024-03-01,BIRLAMONEY,112.25,114.8499984741211,109.9499969482422,112.1999969482422,51854
2024-03-04,BIRLAMONEY,112.5500030517578,114.4499969482422,112.0,112.3499984741211,54627
2024-03-05,BIRLAMONEY,113.9000015258789,113.9000015258789,109.8000030517578,110.3499984741211,30297
2024-03-06,BIRLAMONEY,111.9499969482422,111.9499969482422,104.8499984741211,106.3499984741211,125107
2024-03-07,BIRLAMONEY,106.3499984741211,107.0,101.9000015258789,104.25,74369
2024-03-11,BIRLAMONEY,104.25,106.6999969482422,100.0,101.0,97881
2024-03-12,BIRLAMONEY,100.1999969482422,100.1999969482422,95.9499969482422,97.4000015258789,114507
2024-03-13,BIRLAMONEY,98.0,99.0,92.5500030517578,92.5500030517578,84770
2024-03-14,BIRLAMONEY,92.5500030517578,97.0,87.94999694824219,95.75,120620
2024-03-15,BIRLAMONEY,98.9000015258789,100.5,93.8000030517578,100.25,96891
2024-03-18,BIRLAMONEY,104.5,104.5,95.25,100.8499984741211,69589
2024-03-19,BIRLAMONEY,102.0,103.5,96.0,96.6999969482422,64829
2024-03-20,BIRLAMONEY,98.9000015258789,98.9000015258789,92.0,93.25,63099
2024-03-21,BIRLAMONEY,94.0500030517578,97.8499984741211,93.0,97.4000015258789,71963
2024-03-22,BIRLAMONEY,97.4000015258789,98.3000030517578,94.1500015258789,95.4499969482422,71178
2024-03-26,BIRLAMONEY,95.0,97.0,92.25,92.9000015258789,126551
2024-03-27,BIRLAMONEY,94.0,97.5,93.25,95.3499984741211,110201
2024-03-28,BIRLAMONEY,95.4000015258789,99.5,95.4000015258789,96.1999969482422,116067
2024-03-01,BIRLANU,2813.449951171875,2833.449951171875,2799.0,2800.75,5078
2024-03-04,BIRLANU,2802.0,2821.699951171875,2800.0,2807.449951171875,5401
2024-03-05,BIRLANU,2807.449951171875,2815.0,2798.25,2802.699951171875,13551
2024-03-06,BIRLANU,2799.0,2811.0,2794.050048828125,2794.949951171875,11317
2024-03-07,BIRLANU,2794.050048828125,2814.89990234375,2778.10009765625,2793.60009765625,6603
2024-03-11,BIRLANU,2785.0,2797.60009765625,2675.0,2691.550048828125,9498
2024-03-12,BIRLANU,2759.89990234375,2836.050048828125,2740.050048828125,2780.550048828125,44795
2024-03-13,BIRLANU,2800.75,2800.75,2671.14990234375,2686.35009765625,14588
2024-03-14,BIRLANU,2686.300048828125,2810.0,2686.300048828125,2784.60009765625,11858
2024-03-15,BIRLANU,2775.0,2822.39990234375,2688.050048828125,2759.449951171875,12202
2024-03-18,BIRLANU,2759.449951171875,2793.050048828125,2655.0,2670.39990234375,14525
2024-03-19,BIRLANU,2675.0,2725.0,2660.0,2689.39990234375,13455
2024-03-20,BIRLANU,2691.800048828125,2705.0,2651.0,2688.800048828125,6529
2024-03-21,BIRLANU,2688.800048828125,2710.0,2675.10009765625,2689.75,6192
2024-03-22,BIRLANU,2685.75,2761.550048828125,2685.75,2736.39990234375,14312
2024-03-26,BIRLANU,2721.60009765625,2755.89990234375,2684.0,2688.85009765625,15949
2024-03-27,BIRLANU,2690.0,2727.0,2580.300048828125,2593.800048828125,36912
2024-03-28,BIRLANU,2632.699951171875,2671.0,2600.0,2604.75,15249
2024-03-01,BLAL,275.0,281.70001220703125,270.29998779296875,272.5,155110
2024-03-04,BLAL,277.5,277.79998779296875,269.5,271.54998779296875,105488
2024-03-05,BLAL,271.6000061035156,275.20001220703125,261.25,263.8999938964844,188340
2024-03-06,BLAL,265.20001220703125,267.25,251.6999969482422,256.3999938964844,258397
2024-03-07,BLAL,254.9499969482422,262.0,253.3000030517578,255.1499938964844,108054
2024-03-11,BLAL,256.0,257.3500061035156,243.0,244.3000030517578,167322
2024-03-12,BLAL,244.4499969482422,249.1999969482422,232.1000061035156,232.1000061035156,309328
2024-03-13,BLAL,228.1499938964844,238.8999938964844,220.5,220.5,256639
2024-03-14,BLAL,209.5,229.6499938964844,209.5,222.8500061035156,309482
2024-03-15,BLAL,223.0,229.6999969482422,214.1999969482422,227.1999969482422,371202
2024-03-18,BLAL,230.5500030517578,237.5,224.6000061035156,225.3500061035156,278319
2024-03-19,BLAL,226.5,230.0,215.25,217.1499938964844,230034
2024-03-20,BLAL,215.0,222.0,212.1000061035156,213.8999938964844,264965
2024-03-21,BLAL,216.8000030517578,224.5500030517578,216.1999969482422,224.5500030517578,128832
2024-03-22,BLAL,228.3999938964844,235.75,227.0500030517578,235.75,224825
2024-03-26,BLAL,244.0,244.0,227.0,234.6499938964844,425089
2024-03-27,BLAL,235.5500030517578,246.3500061035156,234.1000061035156,246.3500061035156,183940
2024-03-28,BLAL,245.9499969482422,247.6999969482422,235.6000061035156,236.6000061035156,310716
2024-03-01,BLBLIMITED,51.0,52.09999847412109,51.0,51.0,548388
2024-03-04,BLBLIMITED,49.0,49.0,49.0,49.0,7695
2024-03-05,BLBLIMITED,48.04999923706055,48.04999923706055,48.04999923706055,48.04999923706055,8560
2024-03-06,BLBLIMITED,47.09999847412109,47.09999847412109,47.09999847412109,47.09999847412109,1906
2024-03-07,BLBLIMITED,46.150001525878906,46.150001525878906,46.150001525878906,46.150001525878906,4075
2024-03-11,BLBLIMITED,45.25,45.25,45.25,45.25,1937
2024-03-12,BLBLIMITED,44.34999847412109,44.34999847412109,44.34999847412109,44.34999847412109,2695
2024-03-13,BLBLIMITED,43.5,43.5,43.5,43.5,136
2024-03-14,BLBLIMITED,42.650001525878906,42.650001525878906,42.650001525878906,42.650001525878906,3889
2024-03-15,BLBLIMITED,41.79999923706055,41.79999923706055,41.79999923706055,41.79999923706055,400
2024-03-18,BLBLIMITED,41.0,41.0,41.0,41.0,88
2024-03-19,BLBLIMITED,40.20000076293945,40.20000076293945,40.20000076293945,40.20000076293945,456
2024-03-20,BLBLIMITED,39.400001525878906,39.400001525878906,39.400001525878906,39.400001525878906,576
2024-03-21,BLBLIMITED,38.650001525878906,38.650001525878906,38.650001525878906,38.650001525878906,666
2024-03-22,BLBLIMITED,37.900001525878906,37.900001525878906,37.900001525878906,37.900001525878906,1079
2024-03-26,BLBLIMITED,36.0,36.0,36.0,36.0,5779
2024-03-27,BLBLIMITED,34.20000076293945,34.20000076293945,34.20000076293945,34.20000076293945,2194
2024-03-28,BLBLIMITED,32.5,32.5,32.5,32.5,8664
2024-03-01,BLISSGVS,127.4000015258789,128.60000610351562,124.3499984741211,125.1500015258789,355640
2024-03-04,BLISSGVS,126.75,126.75,121.5,122.4499969482422,325330
2024-03-05,BLISSGVS,122.1999969482422,122.5,117.5500030517578,118.5999984741211,585791
2024-03-06,BLISSGVS,118.75,119.8000030517578,114.3000030517578,116.3499984741211,502371
2024-03-07,BLISSGVS,117.25,118.5500030517578,116.25,117.0,253474
2024-03-11,BLISSGVS,127.1999969482422,127.1999969482422,113.9000015258789,114.5999984741211,671725
2024-03-12,BLISSGVS,115.0,116.1999969482422,107.25,108.6999969482422,610412
2024-03-13,BLISSGVS,109.1500015258789,114.0999984741211,100.1999969482422,103.4499969482422,968569
2024-03-14,BLISSGVS,105.25,113.9000015258789,103.6500015258789,110.4499969482422,538254
2024-03-15,BLISSGVS,111.3000030517578,112.5,106.4499969482422,110.1500015258789,265276
2024-03-18,BLISSGVS,110.9499969482422,111.0999984741211,107.4000015258789,109.25,554300
2024-03-19,BLISSGVS,109.5500030517578,109.5500030517578,103.25,104.8000030517578,317324
2024-03-20,BLISSGVS,105.1500015258789,106.5,101.5500030517578,103.1500015258789,332278
2024-03-21,BLISSGVS,104.6999969482422,115.8000030517578,104.3499984741211,114.4000015258789,860148
2024-03-22,BLISSGVS,113.5500030517578,118.25,113.0999984741211,115.6999969482422,506169
2024-03-26,BLISSGVS,114.0,116.0,110.0,111.1500015258789,331490
2024-03-27,BLISSGVS,111.0999984741211,117.75,111.0500030517578,114.0500030517578,614773
2024-03-28,BLISSGVS,115.8000030517578,116.6999969482422,111.5500030517578,112.8499984741211,367160
2024-03-01,BLKASHYAP,76.9000015258789,78.30000305175781,76.5,77.1500015258789,786947
2024-03-04,BLKASHYAP,78.05000305175781,78.0999984741211,76.0,76.69999694824219,623357
2024-03-05,BLKASHYAP,76.69999694824219,76.9000015258789,72.25,73.5,946227
2024-03-06,BLKASHYAP,73.0999984741211,73.5,69.55000305175781,71.19999694824219,1494747
2024-03-07,BLKASHYAP,71.25,71.75,70.0,70.75,812031
2024-03-11,BLKASHYAP,72.0,72.9000015258789,67.5,68.80000305175781,701744
2024-03-12,BLKASHYAP,68.80000305175781,69.1500015258789,64.94999694824219,65.80000305175781,954592
2024-03-13,BLKASHYAP,66.3499984741211,67.55000305175781,61.09999847412109,61.34999847412109,2044461
2024-03-14,BLKASHYAP,61.79999923706055,68.4000015258789,60.29999923706055,66.19999694824219,861712
2024-03-15,BLKASHYAP,67.30000305175781,67.9000015258789,63.79999923706055,65.6500015258789,486817
2024-03-18,BLKASHYAP,66.55000305175781,66.80000305175781,63.5,63.79999923706055,326666
2024-03-19,BLKASHYAP,63.650001525878906,64.4000015258789,61.0,61.34999847412109,646986
2024-03-20,BLKASHYAP,61.70000076293945,63.400001525878906,61.54999923706055,62.400001525878906,529397
2024-03-21,BLKASHYAP,63.5,66.9000015258789,63.5,65.8499984741211,1033630
2024-03-22,BLKASHYAP,65.8499984741211,67.4000015258789,65.19999694824219,66.30000305175781,556379
2024-03-26,BLKASHYAP,66.5,67.55000305175781,63.400001525878906,65.5,1120738
2024-03-27,BLKASHYAP,65.55000305175781,69.3499984741211,65.0,67.75,961086
2024-03-28,BLKASHYAP,68.05000305175781,70.9000015258789,67.1500015258789,68.5999984741211,827334
2024-03-01,BLS,368.6000061035156,377.0,368.6000061035156,374.4500122070313,1265406
2024-03-04,BLS,372.2999877929688,373.0,357.5,359.29998779296875,2192323
2024-03-05,BLS,359.0,362.2999877929688,351.75,356.6499938964844,2586583
2024-03-06,BLS,355.3999938964844,355.3999938964844,343.0,348.29998779296875,3949692
2024-03-07,BLS,349.0,354.70001220703125,342.6499938964844,345.6499938964844,754811
2024-03-11,BLS,345.6499938964844,346.3500061035156,329.0,334.1000061035156,1609904
2024-03-12,BLS,331.0,340.0,323.1499938964844,328.6499938964844,3208787
2024-03-13,BLS,328.0,331.45001220703125,262.95001220703125,287.95001220703125,4343236
2024-03-14,BLS,289.6000061035156,345.5,288.3999938964844,343.1499938964844,14723271
2024-03-15,BLS,337.95001220703125,372.25,331.0,353.75,15240607
2024-03-18,BLS,357.70001220703125,359.0,335.45001220703125,336.95001220703125,3974240
2024-03-19,BLS,336.8999938964844,340.5,323.1000061035156,325.5,2416663
2024-03-20,BLS,326.29998779296875,345.29998779296875,316.1000061035156,319.45001220703125,6892337
2024-03-21,BLS,323.45001220703125,332.8500061035156,321.6000061035156,324.29998779296875,5306787
2024-03-22,BLS,323.54998779296875,329.8999938964844,318.5,324.29998779296875,3325709
2024-03-26,BLS,325.0,325.8999938964844,313.0,317.3999938964844,2495307
2024-03-27,BLS,319.75,325.0,315.04998779296875,316.5,1973474
2024-03-28,BLS,321.25,325.0,309.8999938964844,312.8500061035156,2033962
2024-03-01,BLSE,374.7999877929688,388.6000061035156,373.25,379.9500122070313,2105364
2024-03-04,BLSE,383.2999877929688,388.3500061035156,362.25,365.7999877929688,695383
2024-03-05,BLSE,366.9500122070313,367.3999938964844,343.54998779296875,345.04998779296875,1924966
2024-03-06,BLSE,345.1000061035156,348.95001220703125,320.0,328.1000061035156,6024863
2024-03-07,BLSE,334.95001220703125,336.70001220703125,318.1499938964844,321.3500061035156,999250
2024-03-11,BLSE,323.79998779296875,324.5,306.04998779296875,309.25,2222881
2024-03-12,BLSE,309.79998779296875,313.5,290.20001220703125,295.3500061035156,1857550
2024-03-13,BLSE,296.29998779296875,313.3999938964844,266.70001220703125,280.20001220703125,1752178
2024-03-14,BLSE,274.95001220703125,336.20001220703125,272.0,317.20001220703125,3605159
2024-03-15,BLSE,319.70001220703125,333.79998779296875,312.75,325.5,1729852
2024-03-18,BLSE,327.79998779296875,332.95001220703125,313.0,316.6499938964844,1830692
2024-03-19,BLSE,317.29998779296875,321.8999938964844,303.45001220703125,310.1499938964844,2159117
2024-03-20,BLSE,312.1000061035156,318.6499938964844,305.04998779296875,313.45001220703125,2166925
2024-03-21,BLSE,318.6000061035156,324.25,314.3999938964844,317.8999938964844,544139
2024-03-22,BLSE,318.3999938964844,326.70001220703125,310.29998779296875,315.29998779296875,2803891
2024-03-26,BLSE,317.0,324.70001220703125,309.04998779296875,312.75,806155
2024-03-27,BLSE,315.0,321.8999938964844,306.5,308.04998779296875,2718895
2024-03-28,BLSE,311.0,323.54998779296875,306.70001220703125,310.0,2455581
2024-03-01,BLUECOAST,9.5,9.5,9.5,9.5,0
2024-03-04,BLUECOAST,9.5,9.5,9.5,9.5,0
2024-03-05,BLUECOAST,9.5,9.5,9.5,9.5,0
2024-03-06,BLUECOAST,9.5,9.5,9.5,9.5,0
2024-03-07,BLUECOAST,9.5,9.5,9.5,9.5,0
2024-03-11,BLUECOAST,9.5,9.5,9.5,9.5,0
2024-03-12,BLUECOAST,9.5,9.5,9.5,9.5,0
2024-03-13,BLUECOAST,9.5,9.5,9.5,9.5,0
2024-03-14,BLUECOAST,9.5,9.5,9.5,9.5,0
2024-03-15,BLUECOAST,9.5,9.5,9.5,9.5,0
2024-03-18,BLUECOAST,9.050000190734863,9.5,9.050000190734863,9.5,500
2024-03-19,BLUECOAST,9.5,9.5,9.5,9.5,0
2024-03-20,BLUECOAST,9.5,9.5,9.5,9.5,0
2024-03-21,BLUECOAST,9.5,9.5,9.5,9.5,0
2024-03-22,BLUECOAST,9.5,9.5,9.5,9.5,0
2024-03-26,BLUECOAST,9.5,9.5,9.5,9.5,0
2024-03-27,BLUECOAST,9.5,9.5,9.5,9.5,0
2024-03-28,BLUECOAST,9.5,9.5,9.5,9.5,0
2024-03-01,BLUEDART,6040.0,6129.39990234375,5862.0,5891.2998046875,33350
2024-03-04,BLUEDART,5961.0,6101.89990234375,5943.25,5970.10009765625,13979
2024-03-05,BLUEDART,5999.64990234375,6099.0,5930.0498046875,5942.7998046875,8688
2024-03-06,BLUEDART,5942.7998046875,5959.0,5866.0498046875,5889.39990234375,10785
2024-03-07,BLUEDART,5915.0,5929.4501953125,5862.10009765625,5902.7998046875,7191
2024-03-11,BLUEDART,5979.0,5979.0,5765.64990234375,5781.5,16081
2024-03-12,BLUEDART,5781.5,5868.0,5706.64990234375,5780.89990234375,10688
2024-03-13,BLUEDART,5788.0,5825.0,5660.0498046875,5696.25,13534
2024-03-14,BLUEDART,5696.25,5799.0,5656.7001953125,5684.10009765625,11787
2024-03-15,BLUEDART,5686.0,5744.9501953125,5667.60009765625,5699.85009765625,25354
2024-03-18,BLUEDART,5700.0,5715.0,5581.10009765625,5590.89990234375,32523
2024-03-19,BLUEDART,5638.0,5638.0,5486.60009765625,5500.9501953125,191318
2024-03-20,BLUEDART,5583.4501953125,5656.0498046875,5501.0,5617.0,89757
2024-03-21,BLUEDART,5679.0,5748.0,5600.0,5637.2998046875,69250
2024-03-22,BLUEDART,5715.0,5900.0,5681.0,5812.14990234375,47473
2024-03-26,BLUEDART,5829.0,5978.0,5748.0,5952.64990234375,34461
2024-03-27,BLUEDART,5999.5,6056.25,5825.0,6025.60009765625,55318
2024-03-28,BLUEDART,6050.0,6195.0,6048.64990234375,6183.9501953125,36913
2024-03-01,BLUEJET,340.70001220703125,350.04998779296875,340.5,346.79998779296875,142809
2024-03-04,BLUEJET,352.0,354.0,344.20001220703125,351.29998779296875,140136
2024-03-05,BLUEJET,353.0,353.0,344.0,346.79998779296875,57933
2024-03-06,BLUEJET,345.0,345.79998779296875,335.29998779296875,343.1000061035156,174352
2024-03-07,BLUEJET,346.8999938964844,360.0,341.6000061035156,352.3500061035156,182475
2024-03-11,BLUEJET,352.0,352.0,344.3999938964844,349.3500061035156,105407
2024-03-12,BLUEJET,349.25,351.04998779296875,335.29998779296875,343.04998779296875,121881
2024-03-13,BLUEJET,347.54998779296875,347.54998779296875,329.6499938964844,336.3999938964844,217089
2024-03-14,BLUEJET,334.75,346.95001220703125,332.8999938964844,343.8999938964844,158272
2024-03-15,BLUEJET,345.8999938964844,348.79998779296875,340.1000061035156,347.29998779296875,131807
2024-03-18,BLUEJET,347.3500061035156,367.3999938964844,344.29998779296875,361.8500061035156,253032
2024-03-19,BLUEJET,363.9500122070313,367.4500122070313,358.3999938964844,365.0499877929688,266943
2024-03-20,BLUEJET,369.8999938964844,371.9500122070313,355.5,363.9500122070313,147289
2024-03-21,BLUEJET,369.7000122070313,371.4500122070313,355.6000061035156,364.5499877929688,146598
2024-03-22,BLUEJET,367.0499877929688,371.0,362.0,369.7000122070313,143144
2024-03-26,BLUEJET,371.0,379.4500122070313,356.04998779296875,373.3999938964844,314696
2024-03-27,BLUEJET,373.3999938964844,378.0,364.2000122070313,374.5499877929688,282065
2024-03-28,BLUEJET,377.6499938964844,384.6499938964844,371.1000061035156,382.8999938964844,260324
2024-03-01,BLUESTARCO,1276.6500244140625,1312.75,1265.0,1308.050048828125,176332
2024-03-04,BLUESTARCO,1316.199951171875,1324.699951171875,1297.0,1316.25,319651
2024-03-05,BLUESTARCO,1320.050048828125,1336.699951171875,1285.449951171875,1290.550048828125,298730
2024-03-06,BLUESTARCO,1298.6500244140625,1300.449951171875,1250.0999755859375,1258.699951171875,162795
2024-03-07,BLUESTARCO,1257.0,1335.0,1245.949951171875,1323.9000244140625,329291
2024-03-11,BLUESTARCO,1331.050048828125,1359.0,1316.300048828125,1325.8499755859375,221774
2024-03-12,BLUESTARCO,1339.5,1341.800048828125,1295.0,1309.25,185513
2024-03-13,BLUESTARCO,1322.0,1325.75,1222.4000244140625,1266.800048828125,347260
2024-03-14,BLUESTARCO,1265.449951171875,1300.800048828125,1242.9000244140625,1260.75,111433
2024-03-15,BLUESTARCO,1270.0,1290.0,1254.0999755859375,1280.0,292412
2024-03-18,BLUESTARCO,1265.050048828125,1295.0,1265.050048828125,1285.550048828125,76763
2024-03-19,BLUESTARCO,1288.1500244140625,1295.0,1258.1500244140625,1276.6500244140625,50157
2024-03-20,BLUESTARCO,1275.0,1282.0,1222.550048828125,1231.5999755859375,170606
2024-03-21,BLUESTARCO,1240.3499755859375,1262.199951171875,1237.449951171875,1247.25,262805
2024-03-22,BLUESTARCO,1247.0,1254.800048828125,1225.0,1241.300048828125,222397
2024-03-26,BLUESTARCO,1238.699951171875,1272.9000244140625,1228.1500244140625,1265.449951171875,180115
2024-03-27,BLUESTARCO,1272.9000244140625,1310.5999755859375,1262.0999755859375,1301.0,320622
2024-03-28,BLUESTARCO,1319.0,1331.949951171875,1250.0,1273.699951171875,479647
2024-03-01,BODALCHEM,84.69999694824219,91.0500030517578,84.69999694824219,88.75,7543070
2024-03-04,BODALCHEM,92.3000030517578,99.9000015258789,92.0,95.5999984741211,10604646
2024-03-05,BODALCHEM,95.5,99.0,93.5500030517578,97.9499969482422,5705991
2024-03-06,BODALCHEM,97.4499969482422,97.5,90.4000015258789,93.5,4040251
2024-03-07,BODALCHEM,94.25,100.9499969482422,92.4000015258789,96.25,5954573
2024-03-11,BODALCHEM,96.75,97.0999984741211,87.44999694824219,89.19999694824219,1916970
2024-03-12,BODALCHEM,88.9000015258789,89.19999694824219,82.05000305175781,83.44999694824219,2241978
2024-03-13,BODALCHEM,83.5,88.0,76.0,77.75,3749656
2024-03-14,BODALCHEM,76.6500015258789,83.8499984741211,76.30000305175781,82.0,2104588
2024-03-15,BODALCHEM,82.0,84.0,79.05000305175781,80.1500015258789,1366520
2024-03-18,BODALCHEM,80.25,82.9000015258789,79.19999694824219,80.9000015258789,929493
2024-03-19,BODALCHEM,81.25,82.4000015258789,77.9000015258789,78.1500015258789,1103532
2024-03-20,BODALCHEM,78.9000015258789,80.0999984741211,76.05000305175781,76.5999984741211,967668
2024-03-21,BODALCHEM,77.94999694824219,79.44999694824219,77.69999694824219,78.0,832615
2024-03-22,BODALCHEM,78.0,81.1500015258789,78.0,80.1500015258789,1353558
2024-03-26,BODALCHEM,79.69999694824219,80.5999984741211,76.3499984741211,76.9000015258789,999090
2024-03-27,BODALCHEM,77.19999694824219,78.0999984741211,73.0999984741211,74.05000305175781,1847275
2024-03-28,BODALCHEM,75.80000305175781,76.5999984741211,72.5999984741211,73.44999694824219,1438071
2024-03-01,BOHRAIND,22.850000381469727,23.600000381469727,22.0,23.100000381469727,37769
2024-03-04,BOHRAIND,24.100000381469727,24.5,23.0,23.14999961853028,39395
2024-03-05,BOHRAIND,23.0,23.14999961853028,22.0,22.049999237060547,5845
2024-03-06,BOHRAIND,22.850000381469727,22.850000381469727,20.950000762939453,21.0,91598
2024-03-07,BOHRAIND,21.100000381469727,22.049999237060547,21.100000381469727,22.049999237060547,13768
2024-03-11,BOHRAIND,23.100000381469727,23.14999961853028,22.350000381469727,23.14999961853028,68242
2024-03-12,BOHRAIND,23.14999961853028,24.049999237060547,22.0,22.0,62043
2024-03-13,BOHRAIND,22.0,22.950000762939453,20.89999961853028,22.100000381469727,104430
2024-03-14,BOHRAIND,22.0,22.0,21.0,21.200000762939453,13933
2024-03-15,BOHRAIND,21.200000762939453,21.200000762939453,20.14999961853028,20.14999961853028,29708
2024-03-18,BOHRAIND,20.950000762939453,20.950000762939453,20.0,20.100000381469727,48812
2024-03-19,BOHRAIND,20.89999961853028,20.89999961853028,20.0,20.0,6444
2024-03-20,BOHRAIND,20.0,20.0,19.0,19.0,19692
2024-03-21,BOHRAIND,19.0,19.549999237060547,18.049999237060547,18.549999237060547,145878
2024-03-22,BOHRAIND,19.0,19.0,18.049999237060547,18.850000381469727,7766
2024-03-26,BOHRAIND,18.100000381469727,19.299999237060547,17.899999618530273,18.89999961853028,34066
2024-03-27,BOHRAIND,18.89999961853028,19.0,17.950000762939453,18.39999961853028,26202
2024-03-28,BOHRAIND,18.39999961853028,19.299999237060547,17.5,18.850000381469727,95496
2024-03-01,BOMDYEING,174.89999389648438,187.5,174.89999389648438,185.1999969482422,3201859
2024-03-04,BOMDYEING,184.8999938964844,187.9499969482422,180.4499969482422,187.3000030517578,1984805
2024-03-05,BOMDYEING,186.8500061035156,187.75,180.3500061035156,181.1499938964844,1115425
2024-03-06,BOMDYEING,180.8500061035156,181.8999938964844,167.1999969482422,171.0,1635290
2024-03-07,BOMDYEING,172.0,177.35000610351562,171.0,172.0500030517578,768202
2024-03-11,BOMDYEING,172.0,172.5,163.25,164.5,773835
2024-03-12,BOMDYEING,164.39999389648438,167.0500030517578,157.0,159.1999969482422,1281047
2024-03-13,BOMDYEING,159.0,159.4499969482422,136.64999389648438,140.8000030517578,2978056
2024-03-14,BOMDYEING,137.5500030517578,158.3000030517578,137.5500030517578,155.25,1848957
2024-03-15,BOMDYEING,156.0,164.89999389648438,151.5,158.35000610351562,2587920
2024-03-18,BOMDYEING,158.3000030517578,162.0,152.9499969482422,153.5500030517578,1082592
2024-03-19,BOMDYEING,153.5500030517578,154.1999969482422,149.0,149.8000030517578,788468
2024-03-20,BOMDYEING,150.0,154.0,148.0,149.6999969482422,764962
2024-03-21,BOMDYEING,151.0,156.1999969482422,150.9499969482422,155.4499969482422,692905
2024-03-22,BOMDYEING,154.0500030517578,157.5500030517578,154.0500030517578,155.14999389648438,545677
2024-03-26,BOMDYEING,154.89999389648438,156.6999969482422,150.1999969482422,150.60000610351562,1249476
2024-03-27,BOMDYEING,151.10000610351562,158.14999389648438,151.10000610351562,154.75,1069276
2024-03-28,BOMDYEING,155.85000610351562,161.64999389648438,155.0500030517578,158.25,2527672
2024-03-01,BOROLTD,380.9500122070313,399.8999938964844,380.0499877929688,385.5,629517
2024-03-04,BOROLTD,392.0,396.7999877929688,383.1000061035156,385.6499938964844,146176
2024-03-05,BOROLTD,386.1499938964844,391.0,378.0499877929688,384.0499877929688,110129
2024-03-06,BOROLTD,382.2000122070313,383.8999938964844,361.5,365.5499877929688,185830
2024-03-07,BOROLTD,366.3999938964844,381.5,366.0,379.75,126768
2024-03-11,BOROLTD,385.8999938964844,394.0,371.1499938964844,388.7000122070313,205543
2024-03-12,BOROLTD,390.3999938964844,397.3999938964844,375.0,384.7999877929688,174217
2024-03-13,BOROLTD,380.1000061035156,390.25,355.0,375.2999877929688,264759
2024-03-14,BOROLTD,378.9500122070313,395.0,362.1499938964844,390.25,341207
2024-03-15,BOROLTD,390.2000122070313,390.6000061035156,372.5,386.1499938964844,169879
2024-03-18,BOROLTD,383.1000061035156,390.0,370.2000122070313,373.2999877929688,97734
2024-03-19,BOROLTD,372.5,376.1499938964844,365.2000122070313,368.0499877929688,63071
2024-03-20,BOROLTD,369.7000122070313,371.9500122070313,361.6499938964844,365.0,84852
2024-03-21,BOROLTD,371.0,376.7000122070313,368.1499938964844,370.5499877929688,119695
2024-03-22,BOROLTD,366.1499938964844,376.5,366.1499938964844,374.2999877929688,65970
2024-03-26,BOROLTD,374.2000122070313,374.2000122070313,359.54998779296875,362.5,102674
2024-03-27,BOROLTD,360.1000061035156,371.0,360.1000061035156,362.8999938964844,103150
2024-03-28,BOROLTD,363.5499877929688,370.2000122070313,354.0,357.25,126468
2024-03-01,BORORENEW,550.0,579.6500244140625,550.0,569.0999755859375,3292960
2024-03-04,BORORENEW,568.4000244140625,583.5999755859375,558.0,570.3499755859375,1390792
2024-03-05,BORORENEW,575.0,575.0,557.0,559.6500244140625,597761
2024-03-06,BORORENEW,554.0,559.9500122070312,532.5999755859375,539.6500244140625,739578
2024-03-07,BORORENEW,541.0499877929688,559.5,541.0,549.5,479555
2024-03-11,BORORENEW,548.9000244140625,551.8499755859375,525.0,528.5,496412
2024-03-12,BORORENEW,528.0,538.9000244140625,510.0,512.7999877929688,513034
2024-03-13,BORORENEW,516.0,535.0,480.0,484.4500122070313,1095736
2024-03-14,BORORENEW,483.8999938964844,516.3499755859375,477.0,503.9500122070313,977311
2024-03-15,BORORENEW,503.5499877929688,516.0,493.0,498.25,524681
2024-03-18,BORORENEW,495.1000061035156,510.75,490.9500122070313,494.5,531118
2024-03-19,BORORENEW,494.0,506.25,492.0,495.1499938964844,584317
2024-03-20,BORORENEW,496.8999938964844,504.75,478.8500061035156,484.3999938964844,525331
2024-03-21,BORORENEW,494.1499938964844,508.2999877929688,493.3500061035156,503.25,800679
2024-03-22,BORORENEW,503.9500122070313,528.9000244140625,497.5,523.5999755859375,1318229
2024-03-26,BORORENEW,523.5999755859375,531.9000244140625,512.25,516.2000122070312,630605
2024-03-27,BORORENEW,517.9000244140625,525.0,501.6499938964844,505.1499938964844,610457
2024-03-28,BORORENEW,508.9500122070313,514.5,495.0,497.75,617022
2024-03-01,BOSCH-HCIL,1100.5,1111.5999755859375,1100.0,1103.800048828125,14551
2024-03-04,BOSCH-HCIL,1127.8499755859375,1128.1500244140625,1103.0,1110.0,14934
2024-03-05,BOSCH-HCIL,1110.050048828125,1149.0,1096.0,1121.25,15578
2024-03-06,BOSCH-HCIL,1121.25,1124.300048828125,1090.0,1099.5,14941
2024-03-07,BOSCH-HCIL,1112.0,1149.0,1092.0,1116.25,34438
2024-03-11,BOSCH-HCIL,1120.0,1126.25,1090.0999755859375,1094.050048828125,24072
2024-03-12,BOSCH-HCIL,1084.199951171875,1098.4000244140625,1055.699951171875,1061.300048828125,27378
2024-03-13,BOSCH-HCIL,1065.550048828125,1075.5999755859375,973.7000122070312,994.5,55174
2024-03-14,BOSCH-HCIL,998.4500122070312,1047.9000244140625,984.6500244140624,993.75,56527
2024-03-15,BOSCH-HCIL,1005.75,1026.949951171875,993.75,1003.0999755859376,31064
2024-03-18,BOSCH-HCIL,1003.0999755859376,1021.9000244140624,1003.0,1016.7000122070312,16363
2024-03-19,BOSCH-HCIL,1016.75,1027.699951171875,990.0499877929688,998.25,20630
2024-03-20,BOSCH-HCIL,1005.5499877929688,1012.75,976.0,978.75,43297
2024-03-21,BOSCH-HCIL,990.7000122070312,1020.0,990.2999877929688,993.9000244140624,52631
2024-03-22,BOSCH-HCIL,1005.0,1013.8499755859376,980.0,990.5499877929688,52774
2024-03-26,BOSCH-HCIL,990.6500244140624,1006.9500122070312,982.0,988.0999755859376,55862
2024-03-27,BOSCH-HCIL,989.0,995.8499755859376,962.0,969.7000122070312,56791
2024-03-28,BOSCH-HCIL,970.0499877929688,994.0,951.3499755859376,954.0999755859376,59195
2024-03-01,BOSCHLTD,28590.849609375,29350.0,28590.849609375,28939.69921875,47200
2024-03-04,BOSCHLTD,29038.94921875,29500.0,28550.099609375,29313.400390625,38585
2024-03-05,BOSCHLTD,29320.0,30250.0,29280.099609375,30047.900390625,67247
2024-03-06,BOSCHLTD,30200.0,30263.44921875,29553.150390625,30110.55078125,59027
2024-03-07,BOSCHLTD,30135.25,30468.05078125,29450.0,29501.0,50513
2024-03-11,BOSCHLTD,29819.94921875,30020.0,29257.05078125,29431.19921875,46917
2024-03-12,BOSCHLTD,29477.400390625,29800.0,29302.400390625,29473.0,26775
2024-03-13,BOSCHLTD,29550.0,29850.0,28116.0,28300.30078125,58216
2024-03-14,BOSCHLTD,28429.94921875,29629.5,28238.099609375,29401.0,54457
2024-03-15,BOSCHLTD,29400.0,29763.80078125,28955.0,29571.55078125,53434
2024-03-18,BOSCHLTD,29500.05078125,29960.0,29392.44921875,29814.30078125,34319
2024-03-19,BOSCHLTD,29800.05078125,29950.0,29380.400390625,29746.900390625,28685
2024-03-20,BOSCHLTD,29731.0,30197.349609375,29550.05078125,29870.400390625,44864
2024-03-21,BOSCHLTD,29932.80078125,30200.0,29907.94921875,30066.25,35457
2024-03-22,BOSCHLTD,30066.0,30450.0,29899.25,30178.69921875,38966
2024-03-26,BOSCHLTD,30245.0,30852.099609375,30180.099609375,30680.349609375,39017
2024-03-27,BOSCHLTD,30700.0,31150.0,30231.599609375,30341.599609375,51920
2024-03-28,BOSCHLTD,30499.94921875,30595.75,29730.94921875,30031.30078125,36810
2024-03-01,BPCL,305.5,313.625,304.5,311.6499938964844,15763236
2024-03-04,BPCL,312.6000061035156,321.625,310.42498779296875,320.2250061035156,14804172
2024-03-05,BPCL,320.5249938964844,324.75,316.04998779296875,322.54998779296875,12317936
2024-03-06,BPCL,321.5,326.5,312.625,319.17498779296875,18258188
2024-03-07,BPCL,318.5,320.57501220703125,311.0,312.3500061035156,11968574
2024-03-11,BPCL,308.5,319.3500061035156,306.0249938964844,313.20001220703125,15353008
2024-03-12,BPCL,313.5,317.67498779296875,308.32501220703125,312.7250061035156,14074364
2024-03-13,BPCL,314.0,314.0,297.1000061035156,298.875,14910184
2024-03-14,BPCL,298.875,307.0,296.20001220703125,304.375,19372474
2024-03-15,BPCL,294.125,300.0,279.5,293.2250061035156,57039318
2024-03-18,BPCL,293.2250061035156,296.3999938964844,290.1499938964844,291.1499938964844,10980494
2024-03-19,BPCL,290.0,290.42498779296875,278.20001220703125,278.8500061035156,21665634
2024-03-20,BPCL,280.5,286.20001220703125,280.1499938964844,283.32501220703125,17528566
2024-03-21,BPCL,287.0,294.8500061035156,286.2749938964844,293.8999938964844,16625332
2024-03-22,BPCL,294.5,302.2250061035156,292.2749938964844,296.3999938964844,21445540
2024-03-26,BPCL,293.20001220703125,301.8999938964844,292.67498779296875,299.92498779296875,13567050
2024-03-27,BPCL,302.5,305.875,296.6499938964844,297.6000061035156,10893576
2024-03-28,BPCL,300.45001220703125,305.625,298.79998779296875,301.20001220703125,12168632
2024-03-01,BPL,101.5,103.4000015258789,99.0,99.5,175236
2024-03-04,BPL,100.0500030517578,101.3499984741211,97.1999969482422,97.9499969482422,108929
2024-03-05,BPL,98.4499969482422,99.8000030517578,95.9000015258789,96.5,102416
2024-03-06,BPL,97.0999984741211,97.9499969482422,92.0,94.25,229140
2024-03-07,BPL,95.1999969482422,96.3000030517578,94.1999969482422,95.0999984741211,80756
2024-03-11,BPL,95.1999969482422,95.9499969482422,90.6999969482422,91.3000030517578,134082
2024-03-12,BPL,92.1999969482422,92.1999969482422,85.0,86.1500015258789,226905
2024-03-13,BPL,86.1500015258789,87.80000305175781,79.05000305175781,80.0,273878
2024-03-14,BPL,80.9000015258789,85.5,79.80000305175781,84.5,146008
2024-03-15,BPL,85.3499984741211,86.94999694824219,82.1500015258789,84.5,140417
2024-03-18,BPL,83.75,87.0,83.0999984741211,84.4000015258789,69541
2024-03-19,BPL,84.1500015258789,84.9000015258789,81.0999984741211,81.80000305175781,226113
2024-03-20,BPL,82.0,97.1999969482422,82.0,93.8000030517578,4723324
2024-03-21,BPL,90.1500015258789,91.6999969482422,87.1500015258789,89.9000015258789,1186737
2024-03-22,BPL,90.8000030517578,93.5999984741211,89.30000305175781,89.94999694824219,478538
2024-03-26,BPL,90.8499984741211,91.3000030517578,87.55000305175781,89.44999694824219,230244
2024-03-27,BPL,90.5,93.0,88.0999984741211,89.30000305175781,364434
2024-03-28,BPL,89.44999694824219,90.4000015258789,87.0,87.69999694824219,283278
2024-03-01,BRIGADE,750.75,759.0,740.25,746.4375,172650
2024-03-04,BRIGADE,764.25,766.5,744.0,750.0,206766
2024-03-05,BRIGADE,760.5,760.875,725.25,729.6749877929688,266042
2024-03-06,BRIGADE,734.25,738.7874755859375,692.2874755859375,702.6375122070312,391689
2024-03-07,BRIGADE,702.6375122070312,704.0250244140625,673.5374755859375,686.0999755859375,530277
2024-03-11,BRIGADE,680.8499755859375,688.4249877929688,643.4249877929688,656.8875122070312,737041
2024-03-12,BRIGADE,656.8499755859375,658.5750122070312,635.0999755859375,644.25,577143
2024-03-13,BRIGADE,637.5,653.8125,620.25,643.6124877929688,893067
2024-03-14,BRIGADE,633.75,652.0875244140625,622.9500122070312,633.5625,1194207
2024-03-15,BRIGADE,633.2999877929688,665.8875122070312,625.5,651.9749755859375,720334
2024-03-18,BRIGADE,651.9375,654.6375122070312,635.1749877929688,641.1749877929688,313149
2024-03-19,BRIGADE,642.4124755859375,657.0,634.5750122070312,650.4000244140625,663437
2024-03-20,BRIGADE,657.0374755859375,667.0499877929688,636.75,656.4000244140625,243787
2024-03-21,BRIGADE,660.0,690.0,656.4000244140625,678.1875,835753
2024-03-22,BRIGADE,681.6749877929688,731.1749877929688,679.5374755859375,699.0,1651909
2024-03-26,BRIGADE,701.8875122070312,703.2000122070312,666.4500122070312,682.7625122070312,1017593
2024-03-27,BRIGADE,681.75,717.75,681.7125244140625,692.7750244140625,973733
2024-03-28,BRIGADE,693.3375244140625,708.0374755859375,681.1875,701.4749755859375,584698
2024-03-01,BRITANNIA,4965.2001953125,4986.7001953125,4914.14990234375,4927.7001953125,316277
2024-03-04,BRITANNIA,4906.0,4942.4501953125,4833.5,4838.89990234375,307520
2024-03-05,BRITANNIA,4839.0498046875,4867.4501953125,4811.0,4825.64990234375,156956
2024-03-06,BRITANNIA,4839.0,4887.7998046875,4788.75,4880.75,190965
2024-03-07,BRITANNIA,4870.0,4902.0,4835.10009765625,4889.14990234375,216747
2024-03-11,BRITANNIA,4894.0498046875,4957.64990234375,4871.10009765625,4937.39990234375,295000
2024-03-12,BRITANNIA,4935.7001953125,4940.0,4852.7998046875,4869.14990234375,140625
2024-03-13,BRITANNIA,4892.60009765625,4975.0,4822.0,4856.64990234375,410729
2024-03-14,BRITANNIA,4853.25,4952.9501953125,4783.0,4938.89990234375,240217
2024-03-15,BRITANNIA,4917.4501953125,5008.7001953125,4912.0,4974.2001953125,491571
2024-03-18,BRITANNIA,4980.0,5014.0,4960.0,4980.0,143928
2024-03-19,BRITANNIA,4999.0,4999.9501953125,4800.0,4816.9501953125,265081
2024-03-20,BRITANNIA,4822.10009765625,4832.85009765625,4760.0,4802.89990234375,300159
2024-03-21,BRITANNIA,4812.5,4824.0,4767.7998046875,4806.7001953125,449591
2024-03-22,BRITANNIA,4800.0,4892.9501953125,4784.89990234375,4865.0,264787
2024-03-26,BRITANNIA,4748.39990234375,4975.0,4740.7001953125,4961.4501953125,554559
2024-03-27,BRITANNIA,4960.0,4980.0,4880.0,4920.2001953125,327107
2024-03-28,BRITANNIA,4942.2998046875,4971.2001953125,4864.60009765625,4911.25,648795
2024-03-01,BRNL,74.80000305175781,74.80000305175781,73.5999984741211,74.80000305175781,123865
2024-03-04,BRNL,79.80000305175781,79.80000305175781,74.5999984741211,75.19999694824219,146440
2024-03-05,BRNL,75.25,75.44999694824219,71.44999694824219,71.44999694824219,229265
2024-03-06,BRNL,71.0,71.0,67.9000015258789,67.9000015258789,176400
2024-03-07,BRNL,69.0,70.94999694824219,64.5,64.69999694824219,582123
2024-03-11,BRNL,66.9000015258789,67.9000015258789,61.5,62.04999923706055,541825
2024-03-12,BRNL,60.25,62.0,58.95000076293945,58.95000076293945,288189
2024-03-13,BRNL,59.54999923706055,59.54999923706055,56.0,56.0,174632
2024-03-14,BRNL,56.0,58.79999923706055,53.54999923706055,58.79999923706055,177246
2024-03-15,BRNL,57.79999923706055,61.20000076293945,55.900001525878906,60.650001525878906,70193
2024-03-18,BRNL,60.650001525878906,62.900001525878906,59.0,60.75,62862
2024-03-19,BRNL,61.75,61.75,58.5,59.54999923706055,43334
2024-03-20,BRNL,59.54999923706055,61.70000076293945,56.59999847412109,57.54999923706055,62123
2024-03-21,BRNL,58.84999847412109,59.400001525878906,57.04999923706055,58.59999847412109,59782
2024-03-22,BRNL,59.45000076293945,61.0,58.0,59.95000076293945,47767
2024-03-26,BRNL,61.45000076293945,61.45000076293945,57.04999923706055,57.70000076293945,103795
2024-03-27,BRNL,58.75,58.95000076293945,54.84999847412109,55.400001525878906,126838
2024-03-28,BRNL,56.5,57.95000076293945,55.0,55.79999923706055,115651
2024-03-01,BROOKS,118.0,121.4499969482422,117.0999984741211,118.0500030517578,19914
2024-03-04,BROOKS,124.6999969482422,124.6999969482422,121.0,122.4000015258789,20283
2024-03-05,BROOKS,121.0,121.5,119.0500030517578,119.0999984741211,37601
2024-03-06,BROOKS,122.0,122.0,113.0500030517578,117.6999969482422,63136
2024-03-07,BROOKS,121.9000015258789,121.9000015258789,113.3499984741211,115.9000015258789,27075
2024-03-11,BROOKS,115.9000015258789,116.3499984741211,110.0999984741211,110.5999984741211,45271
2024-03-12,BROOKS,109.0500030517578,113.0,99.3000030517578,102.5,96705
2024-03-13,BROOKS,103.0,105.5,91.25,91.8499984741211,113740
2024-03-14,BROOKS,96.3499984741211,99.0,92.1999969482422,94.9000015258789,72170
2024-03-15,BROOKS,96.5,113.8499984741211,96.5,107.4499969482422,591429
2024-03-18,BROOKS,105.0,107.4499969482422,102.0999984741211,103.0,31322
2024-03-19,BROOKS,105.0,105.0,98.3000030517578,100.4499969482422,28238
2024-03-20,BROOKS,96.4000015258789,101.4499969482422,96.4000015258789,98.4000015258789,15521
2024-03-21,BROOKS,99.0,102.4000015258789,99.0,100.4000015258789,29593
2024-03-22,BROOKS,99.0,104.9499969482422,98.0,100.4499969482422,21885
2024-03-26,BROOKS,100.0,102.4499969482422,95.4499969482422,96.6999969482422,46460
2024-03-27,BROOKS,99.8000030517578,99.8000030517578,94.5999984741211,95.5500030517578,67656
2024-03-28,BROOKS,96.0500030517578,98.8000030517578,92.0,93.5999984741211,53639
2024-03-01,BSE,790.0,795.2999877929688,775.0,778.816650390625,1929378
2024-03-04,BSE,788.4666748046875,788.6666870117188,770.0,773.183349609375,762198
2024-03-05,BSE,774.7666625976562,774.7666625976562,758.0,762.3333129882812,956667
2024-03-06,BSE,762.3333129882812,776.6666870117188,750.0,766.3499755859375,2189610
2024-03-07,BSE,761.3333129882812,766.433349609375,746.6666870117188,747.9500122070312,1550508
2024-03-11,BSE,747.9500122070312,747.9500122070312,730.1166381835938,734.7000122070312,1684143
2024-03-12,BSE,734.7000122070312,734.7000122070312,686.6666870117188,716.183349609375,3540390
2024-03-13,BSE,746.6666870117188,756.6666870117188,657.4833374023438,670.566650390625,4970817
2024-03-14,BSE,670.6666870117188,699.316650390625,657.8666381835938,682.816650390625,2402718
2024-03-15,BSE,684.9500122070312,698.1666870117188,675.3499755859375,694.1333618164062,1434987
2024-03-18,BSE,692.3333129882812,692.3333129882812,670.0,678.5,2174247
2024-03-19,BSE,680.0,682.0,647.0166625976562,652.2166748046875,2106249
2024-03-20,BSE,656.6666870117188,680.0,656.6666870117188,677.7166748046875,2790846
2024-03-21,BSE,695.3333129882812,755.7333374023438,691.683349609375,747.7000122070312,6039216
2024-03-22,BSE,749.6666870117188,758.2999877929688,730.0,732.5999755859375,1888842
2024-03-26,BSE,741.3333129882812,775.0,738.3333129882812,770.066650390625,3695259
2024-03-27,BSE,777.3333129882812,825.1333618164062,772.3333129882812,821.2000122070312,6939876
2024-03-28,BSE,829.4000244140625,856.6666870117188,805.25,838.6333618164062,5044320
2024-03-01,BSHSL,233.75,233.75,227.5500030517578,229.3000030517578,13473
2024-03-04,BSHSL,232.5,232.5,225.0,226.8000030517578,20486
2024-03-05,BSHSL,230.0,230.0,226.0,228.3000030517578,11507
2024-03-06,BSHSL,227.0,229.6000061035156,223.1000061035156,224.1499938964844,15500
2024-03-07,BSHSL,223.1499938964844,225.9499969482422,222.0,222.75,14169
2024-03-11,BSHSL,221.0500030517578,224.4499969482422,216.0,217.1499938964844,45013
2024-03-12,BSHSL,215.0500030517578,220.0,204.5500030517578,207.3500061035156,41690
2024-03-13,BSHSL,207.3500061035156,211.9499969482422,186.6999969482422,188.6000061035156,56336
2024-03-14,BSHSL,189.0,198.0,189.0,197.4499969482422,34642
2024-03-15,BSHSL,198.0,198.0,189.6000061035156,191.8500061035156,32834
2024-03-18,BSHSL,192.0,198.0,191.1000061035156,197.25,29934
2024-03-19,BSHSL,200.9499969482422,206.8999938964844,198.1000061035156,204.25,29852
2024-03-20,BSHSL,212.9499969482422,212.9499969482422,206.0,209.8500061035156,29145
2024-03-21,BSHSL,211.0,215.0,209.0,210.1499938964844,24613
2024-03-22,BSHSL,213.8999938964844,215.4499969482422,208.1000061035156,210.8000030517578,32380
2024-03-26,BSHSL,204.0,210.9499969482422,204.0,204.25,20103
2024-03-27,BSHSL,204.25,214.0,196.3999938964844,205.75,124026
2024-03-28,BSHSL,208.0,226.3000030517578,202.8999938964844,222.3999938964844,148761
2024-03-01,BSL,183.0500030517578,186.75,182.6000061035156,183.9499969482422,6264
2024-03-04,BSL,197.6499938964844,197.6499938964844,184.0,185.6499938964844,18346
2024-03-05,BSL,185.6999969482422,189.4499969482422,185.6000061035156,187.1499938964844,6592
2024-03-06,BSL,187.1999969482422,187.1999969482422,172.0,176.39999389648438,12627
2024-03-07,BSL,178.85000610351562,190.0,177.0500030517578,184.6000061035156,19056
2024-03-11,BSL,182.3999938964844,190.0,177.0,178.89999389648438,16591
2024-03-12,BSL,178.60000610351562,178.60000610351562,168.0,170.60000610351562,7104
2024-03-13,BSL,172.60000610351562,186.3500061035156,168.5,169.85000610351562,55014
2024-03-14,BSL,169.85000610351562,175.89999389648438,165.0,171.64999389648438,6659
2024-03-15,BSL,179.0,182.4499969482422,165.25,168.4499969482422,15108
2024-03-18,BSL,177.85000610351562,177.85000610351562,168.1999969482422,172.5500030517578,5134
2024-03-19,BSL,172.1999969482422,175.0,162.3000030517578,165.75,7383
2024-03-20,BSL,167.89999389648438,170.39999389648438,162.0,165.3000030517578,8066
2024-03-21,BSL,167.0,170.1999969482422,164.8000030517578,165.5,8282
2024-03-22,BSL,167.14999389648438,170.9499969482422,165.0,166.3000030517578,13396
2024-03-26,BSL,162.35000610351562,175.85000610351562,162.35000610351562,171.89999389648438,13272
2024-03-27,BSL,171.0500030517578,175.9499969482422,165.0500030517578,165.5,13037
2024-03-28,BSL,170.85000610351562,170.89999389648438,159.0,160.8000030517578,11271
2024-03-01,BSOFT,781.0,790.4000244140625,772.7999877929688,774.75,1186813
2024-03-04,BSOFT,788.7999877929688,794.0,782.25,783.6500244140625,952162
2024-03-05,BSOFT,780.9500122070312,780.9500122070312,753.5499877929688,758.9500122070312,1729577
2024-03-06,BSOFT,757.0,772.0,738.7000122070312,769.0999755859375,1687647
2024-03-07,BSOFT,773.5,778.5499877929688,765.3499755859375,772.5999755859375,1366724
2024-03-11,BSOFT,765.0,782.7000122070312,756.75,774.5999755859375,1317040
2024-03-12,BSOFT,775.0,791.0,756.1500244140625,760.4000244140625,1812995
2024-03-13,BSOFT,765.4000244140625,785.4500122070312,717.5,723.2999877929688,3411153
2024-03-14,BSOFT,719.0999755859375,766.1500244140625,715.0,763.7000122070312,1904372
2024-03-15,BSOFT,759.0,760.5,735.0499877929688,755.7000122070312,1372116
2024-03-18,BSOFT,751.0,754.5999755859375,725.0,727.1500244140625,1237226
2024-03-19,BSOFT,724.8499755859375,732.4000244140625,713.5999755859375,720.9500122070312,991546
2024-03-20,BSOFT,722.0,734.0,712.4500122070312,717.9000244140625,978451
2024-03-21,BSOFT,725.4500122070312,740.4000244140625,723.0,738.9500122070312,985126
2024-03-22,BSOFT,725.0499877929688,738.9500122070312,713.0999755859375,730.9000244140625,2154342
2024-03-26,BSOFT,730.9000244140625,748.7000122070312,730.0,744.9000244140625,1020997
2024-03-27,BSOFT,748.8499755859375,767.8499755859375,746.0,760.4500122070312,1555331
2024-03-28,BSOFT,765.0,769.0,739.7999877929688,742.0,1502553
2024-03-01,BTML,19.100000381469727,19.34499931335449,17.0,17.969999313354492,2751160
2024-03-04,BTML,18.94499969482422,19.39999961853028,18.520000457763672,19.364999771118164,1320980
2024-03-05,BTML,19.45499992370605,19.799999237060547,17.850000381469727,18.21500015258789,2768320
2024-03-06,BTML,18.299999237060547,18.299999237060547,17.354999542236328,17.850000381469727,803510
2024-03-07,BTML,17.709999084472656,18.4950008392334,17.155000686645508,17.454999923706055,811890
2024-03-11,BTML,17.540000915527344,18.18000030517578,15.96500015258789,17.920000076293945,4043780
2024-03-12,BTML,18.010000228881836,18.350000381469727,17.05500030517578,17.645000457763672,3932710
2024-03-13,BTML,17.375,17.454999923706055,14.774999618530272,16.204999923706055,3201280
2024-03-14,BTML,16.25,17.385000228881836,16.09000015258789,16.635000228881836,1715710
2024-03-15,BTML,16.719999313354492,17.489999771118164,16.530000686645508,16.9950008392334,1024360
2024-03-18,BTML,17.110000610351562,18.309999465942383,17.0049991607666,18.02499961853028,457080
2024-03-19,BTML,18.59499931335449,18.59499931335449,17.80500030517578,17.94499969482422,1681690
2024-03-20,BTML,17.989999771118164,18.39999961853028,17.170000076293945,17.415000915527344,1334190
2024-03-21,BTML,17.30500030517578,17.9950008392334,17.30500030517578,17.44499969482422,378920
2024-03-22,BTML,17.56999969482422,17.979999542236328,16.700000762939453,16.90999984741211,831390
2024-03-26,BTML,16.989999771118164,17.09000015258789,15.649999618530272,16.094999313354492,912690
2024-03-27,BTML,16.190000534057617,18.100000381469727,15.114999771118164,15.4399995803833,1932700
2024-03-28,BTML,18.030000686645508,18.03499984741211,16.40999984741211,16.834999084472656,4185240
2024-03-01,BURNPUR,32.5,33.25,31.75,33.25,26273
2024-03-04,BURNPUR,36.25,36.25,33.25,34.0,215663
2024-03-05,BURNPUR,33.75,34.0,32.5,32.75,67914
2024-03-06,BURNPUR,33.25,33.25,31.25,31.25,81078
2024-03-07,BURNPUR,29.75,31.5,29.75,30.5,55428
2024-03-11,BURNPUR,31.25,31.25,29.5,29.75,39671
2024-03-12,BURNPUR,29.75,30.25,28.75,29.5,34457
2024-03-13,BURNPUR,29.75,30.75,28.0,28.0,56481
2024-03-14,BURNPUR,28.25,29.25,27.0,29.25,15830
2024-03-15,BURNPUR,30.5,30.5,30.25,30.5,31384
2024-03-18,BURNPUR,31.0,32.0,31.0,32.0,44196
2024-03-19,BURNPUR,33.25,33.5,30.5,31.25,240694
2024-03-20,BURNPUR,31.25,31.25,29.75,29.75,130856
2024-03-21,BURNPUR,30.25,31.0,29.25,30.75,74273
2024-03-22,BURNPUR,31.25,32.25,30.0,32.25,47979
2024-03-26,BURNPUR,32.5,33.75,30.75,30.75,153769
2024-03-27,BURNPUR,30.5,31.5,29.25,29.25,200312
2024-03-28,BURNPUR,29.25,30.25,27.75,28.0,130000
2024-03-01,BUTTERFLY,898.6500244140625,905.8499755859376,890.0499877929688,890.9000244140625,4055
2024-03-04,BUTTERFLY,898.4500122070312,915.0,891.0499877929688,897.4500122070312,4994
2024-03-05,BUTTERFLY,899.0,905.9500122070312,885.0,888.0,4317
2024-03-06,BUTTERFLY,888.0499877929688,898.9500122070312,866.0,871.5999755859375,4722
2024-03-07,BUTTERFLY,871.6500244140625,882.9500122070312,871.6500244140625,873.9000244140625,1795
2024-03-11,BUTTERFLY,873.9500122070312,879.5,847.0,849.5999755859375,9075
2024-03-12,BUTTERFLY,849.6500244140625,855.5,814.9000244140625,820.7000122070312,7342
2024-03-13,BUTTERFLY,820.7000122070312,838.0,771.2000122070312,793.3499755859375,27639
2024-03-14,BUTTERFLY,756.0,808.9500122070312,756.0,800.5,7220
2024-03-15,BUTTERFLY,801.75,820.0,801.0,806.5999755859375,1861
2024-03-18,BUTTERFLY,806.5999755859375,806.5999755859375,786.0999755859375,794.75,6692
2024-03-19,BUTTERFLY,794.0999755859375,797.75,783.0499877929688,794.2000122070312,5452
2024-03-20,BUTTERFLY,798.0999755859375,798.0999755859375,756.0499877929688,768.0999755859375,16271
2024-03-21,BUTTERFLY,790.0,790.0,771.0,777.7000122070312,8991
2024-03-22,BUTTERFLY,777.75,815.0,776.0,800.7000122070312,19755
2024-03-26,BUTTERFLY,781.75,798.75,770.0999755859375,771.2999877929688,20636
2024-03-27,BUTTERFLY,771.3499755859375,781.0499877929688,764.0,767.8499755859375,16490
2024-03-28,BUTTERFLY,767.8499755859375,777.9000244140625,758.25,762.9500122070312,9318
2024-03-01,BVCL,61.75,61.95000076293945,58.650001525878906,61.04999923706055,7652
2024-03-04,BVCL,62.95000076293945,62.95000076293945,60.150001525878906,60.70000076293945,6013
2024-03-05,BVCL,60.25,62.45000076293945,60.0,60.70000076293945,7980
2024-03-06,BVCL,60.0,61.45000076293945,57.70000076293945,58.900001525878906,11439
2024-03-07,BVCL,58.900001525878906,58.900001525878906,57.0,57.84999847412109,5110
2024-03-11,BVCL,57.84999847412109,59.5,56.5,57.400001525878906,12425
2024-03-12,BVCL,57.0,57.0,54.54999923706055,54.54999923706055,11087
2024-03-13,BVCL,54.54999923706055,54.54999923706055,51.84999847412109,51.84999847412109,8627
2024-03-14,BVCL,49.5,52.84999847412109,49.25,51.59999847412109,33203
2024-03-15,BVCL,53.0,53.29999923706055,49.25,50.54999923706055,8203
2024-03-18,BVCL,52.79999923706055,52.79999923706055,48.650001525878906,49.79999923706055,14343
2024-03-19,BVCL,49.5,51.45000076293945,48.25,50.0,6741
2024-03-20,BVCL,52.29999923706055,52.29999923706055,50.0,51.45000076293945,3792
2024-03-21,BVCL,51.900001525878906,54.0,51.5,54.0,5889
2024-03-22,BVCL,55.09999847412109,56.70000076293945,55.09999847412109,56.70000076293945,8338
2024-03-26,BVCL,56.70000076293945,59.09999847412109,56.70000076293945,58.59999847412109,7789
2024-03-27,BVCL,59.59999847412109,59.59999847412109,55.70000076293945,55.900001525878906,21445
2024-03-28,BVCL,54.79999923706055,55.0,54.79999923706055,54.79999923706055,2894
2024-03-01,BYKE,66.30000305175781,69.5999984741211,66.30000305175781,68.5,55639
2024-03-04,BYKE,73.94999694824219,75.25,72.5999984741211,73.4000015258789,184263
2024-03-05,BYKE,73.5,73.5,70.0,70.0999984741211,131903
2024-03-06,BYKE,70.19999694824219,71.5,66.5999984741211,68.05000305175781,170233
2024-03-07,BYKE,67.4000015258789,69.94999694824219,67.4000015258789,68.44999694824219,47564
2024-03-11,BYKE,68.44999694824219,70.0,65.05000305175781,65.25,91976
2024-03-12,BYKE,62.04999923706055,65.0,62.0,62.0,141109
2024-03-13,BYKE,62.29999923706055,62.29999923706055,58.900001525878906,58.900001525878906,64536
2024-03-14,BYKE,56.29999923706055,58.75,55.95000076293945,57.04999923706055,242463
2024-03-15,BYKE,57.25,58.95000076293945,54.29999923706055,58.0,164951
2024-03-18,BYKE,58.0,59.29999923706055,57.04999923706055,57.95000076293945,46541
2024-03-19,BYKE,59.0,59.150001525878906,55.09999847412109,55.70000076293945,50878
2024-03-20,BYKE,53.5,56.0,53.5,54.84999847412109,108175
2024-03-21,BYKE,55.04999923706055,57.54999923706055,54.70000076293945,57.29999923706055,52559
2024-03-22,BYKE,57.29999923706055,59.400001525878906,57.0,57.29999923706055,93128
2024-03-26,BYKE,59.0,59.0,55.400001525878906,56.20000076293945,95579
2024-03-27,BYKE,56.0,58.29999923706055,55.0,55.5,109856
2024-03-28,BYKE,55.5,57.95000076293945,53.59999847412109,54.29999923706055,170508
2024-03-01,CALSOFT,18.950000762939453,18.950000762939453,18.100000381469727,18.200000762939453,16792
2024-03-04,CALSOFT,18.450000762939453,18.450000762939453,18.049999237060547,18.100000381469727,13006
2024-03-05,CALSOFT,18.450000762939453,18.450000762939453,17.700000762939453,17.899999618530273,7372
2024-03-06,CALSOFT,17.899999618530273,18.64999961853028,17.299999237060547,17.75,16754
2024-03-07,CALSOFT,18.100000381469727,18.299999237060547,17.100000381469727,17.5,27247
2024-03-11,CALSOFT,18.25,18.25,17.0,17.100000381469727,11571
2024-03-12,CALSOFT,17.0,17.450000762939453,16.299999237060547,16.350000381469727,26097
2024-03-13,CALSOFT,16.350000381469727,16.75,15.550000190734863,15.550000190734863,30035
2024-03-14,CALSOFT,15.550000190734863,16.200000762939453,14.800000190734863,14.800000190734863,40645
2024-03-15,CALSOFT,14.149999618530272,14.75,14.100000381469728,14.100000381469728,32145
2024-03-18,CALSOFT,14.100000381469728,14.800000190734863,13.699999809265137,13.75,54290
2024-03-19,CALSOFT,13.800000190734863,14.399999618530272,13.800000190734863,14.100000381469728,33004
2024-03-20,CALSOFT,14.649999618530272,14.800000190734863,14.5,14.5,29792
2024-03-21,CALSOFT,14.0,15.149999618530272,14.0,14.699999809265137,19829
2024-03-22,CALSOFT,14.75,15.399999618530272,14.350000381469728,14.75,71267
2024-03-26,CALSOFT,15.899999618530272,16.100000381469727,15.100000381469728,15.350000381469728,69161
2024-03-27,CALSOFT,14.550000190734863,15.649999618530272,14.149999618530272,14.350000381469728,68485
2024-03-28,CALSOFT,14.699999809265137,14.850000381469728,13.550000190734863,14.050000190734863,71494
2024-03-01,CAMLINFINE,117.0,118.5500030517578,115.1500015258789,116.9499969482422,266238
2024-03-04,CAMLINFINE,120.0,120.8499984741211,116.75,117.5500030517578,428420
2024-03-05,CAMLINFINE,118.1500015258789,119.0500030517578,115.0500030517578,116.0500030517578,225151
2024-03-06,CAMLINFINE,116.9000015258789,116.9000015258789,112.0999984741211,113.4499969482422,576054
2024-03-07,CAMLINFINE,115.6500015258789,116.0,113.25,113.8499984741211,301355
2024-03-11,CAMLINFINE,115.1500015258789,118.5500030517578,109.4000015258789,110.8499984741211,889403
2024-03-12,CAMLINFINE,110.8499984741211,116.5999984741211,110.0999984741211,111.4000015258789,835094
2024-03-13,CAMLINFINE,111.6999969482422,113.0500030517578,100.5500030517578,102.25,850348
2024-03-14,CAMLINFINE,102.4000015258789,105.6500015258789,100.0999984741211,101.25,1613933
2024-03-15,CAMLINFINE,101.3499984741211,104.9000015258789,99.6500015258789,100.1999969482422,1203831
2024-03-18,CAMLINFINE,100.75,103.4499969482422,99.8499984741211,100.4000015258789,1153437
2024-03-19,CAMLINFINE,100.5500030517578,102.4000015258789,97.4000015258789,97.8499984741211,916356
2024-03-20,CAMLINFINE,99.3499984741211,99.75,95.0,98.0,984609
2024-03-21,CAMLINFINE,98.6999969482422,102.0500030517578,97.8499984741211,100.3499984741211,1448621
2024-03-22,CAMLINFINE,100.4000015258789,101.5,97.75,98.4000015258789,2201314
2024-03-26,CAMLINFINE,99.0,99.9000015258789,95.0999984741211,96.1500015258789,1931125
2024-03-27,CAMLINFINE,96.4499969482422,98.0500030517578,93.3000030517578,95.0500030517578,2267799
2024-03-28,CAMLINFINE,95.8000030517578,96.9000015258789,88.3499984741211,89.25,3794478
2024-03-01,CAMPUS,244.0,246.6999969482422,244.0,244.8500061035156,361719
2024-03-04,CAMPUS,248.3000030517578,248.3000030517578,244.1000061035156,244.8999938964844,438836
2024-03-05,CAMPUS,246.1999969482422,259.20001220703125,245.6000061035156,252.4499969482422,2857432
2024-03-06,CAMPUS,252.4499969482422,252.5,244.1000061035156,246.8000030517578,680997
2024-03-07,CAMPUS,247.0,249.3999938964844,246.0,246.8000030517578,397520
2024-03-11,CAMPUS,247.0,248.25,237.1999969482422,240.3000030517578,1367543
2024-03-12,CAMPUS,241.3000030517578,242.6000061035156,235.1000061035156,236.3999938964844,871528
2024-03-13,CAMPUS,236.75,239.0,220.0500030517578,222.3000030517578,1491513
2024-03-14,CAMPUS,223.8999938964844,226.8500061035156,219.1499938964844,220.6999969482422,1566799
2024-03-15,CAMPUS,223.0500030517578,239.8500061035156,223.0500030517578,232.25,12689044
2024-03-18,CAMPUS,231.75,234.3500061035156,227.5500030517578,228.6499938964844,787596
2024-03-19,CAMPUS,229.5,231.8999938964844,222.75,223.6000061035156,930500
2024-03-20,CAMPUS,223.5,226.8000030517578,219.8500061035156,221.4499969482422,1012761
2024-03-21,CAMPUS,225.0,225.6000061035156,222.5,223.0500030517578,620697
2024-03-22,CAMPUS,223.0,226.5500030517578,222.6000061035156,224.8500061035156,996584
2024-03-26,CAMPUS,225.0,226.3500061035156,221.0,221.3999938964844,998595
2024-03-27,CAMPUS,222.1000061035156,224.5,216.1000061035156,217.75,1214637
2024-03-28,CAMPUS,220.0,220.9499969482422,213.0,214.5,1165340
2024-03-01,CAMS,619.7999877929688,629.97998046875,616.5999755859375,621.8400268554688,1197250
2024-03-04,CAMS,625.7999877929688,626.7999877929688,604.4000244140625,608.77001953125,1244000
2024-03-05,CAMS,608.5999755859375,614.97998046875,600.0,612.5499877929688,726765
2024-03-06,CAMS,610.0,610.0,587.2000122070312,591.1900024414062,1586550
2024-03-07,CAMS,595.0,601.5900268554688,576.4400024414062,580.3800048828125,910125
2024-03-11,CAMS,580.7899780273438,603.780029296875,580.4000244140625,601.2899780273438,1539530
2024-03-12,CAMS,600.0,607.7999877929688,579.5800170898438,582.8400268554688,911545
2024-03-13,CAMS,582.7999877929688,594.2899780273438,542.2000122070312,548.97998046875,2290765
2024-03-14,CAMS,547.9199829101562,581.0,541.4199829101562,576.4500122070312,863215
2024-03-15,CAMS,573.010009765625,609.7999877929688,572.0999755859375,598.9600219726562,1343625
2024-03-18,CAMS,599.0,606.469970703125,581.010009765625,585.3300170898438,963040
2024-03-19,CAMS,585.7999877929688,585.7999877929688,562.2000122070312,565.0800170898438,747030
2024-03-20,CAMS,568.219970703125,575.5999755859375,562.6500244140625,566.3699951171875,700800
2024-03-21,CAMS,573.7999877929688,593.0,572.0,588.6500244140625,755395
2024-03-22,CAMS,587.760009765625,627.2899780273438,584.4600219726562,617.8200073242188,3980380
2024-03-26,CAMS,617.5999755859375,617.5999755859375,597.0,604.260009765625,1470350
2024-03-27,CAMS,609.7999877929688,609.7999877929688,579.2000122070312,584.1199951171875,1725205
2024-03-28,CAMS,587.989990234375,596.030029296875,580.030029296875,583.1300048828125,935475
2024-03-01,CANBK,114.0,115.87999725341795,113.5999984741211,115.7300033569336,36848925
2024-03-04,CANBK,117.76000213623048,118.88999938964844,116.8000030517578,118.37999725341795,34505780
2024-03-05,CANBK,118.16000366210938,120.8000030517578,117.62000274658205,120.48999786376952,55574805
2024-03-06,CANBK,120.8000030517578,121.26000213623048,117.0199966430664,120.0,44320730
2024-03-07,CANBK,120.0199966430664,121.0999984741211,118.8000030517578,119.58999633789062,29660555
2024-03-11,CANBK,119.58999633789062,120.4800033569336,116.83999633789062,117.25,31771280
2024-03-12,CANBK,117.25,117.81999969482422,113.0,113.37999725341795,43186065
2024-03-13,CANBK,113.80999755859376,114.33000183105467,105.88999938964844,107.29000091552734,61035900
2024-03-14,CANBK,106.8000030517578,110.93000030517578,105.81999969482422,109.4000015258789,46018095
2024-03-15,CANBK,109.4000015258789,110.8000030517578,105.9499969482422,109.83000183105467,47635625
2024-03-18,CANBK,110.0,111.1999969482422,109.0199966430664,110.61000061035156,25027215
2024-03-19,CANBK,110.54000091552734,111.16000366210938,109.2300033569336,109.68000030517578,21355995
2024-03-20,CANBK,109.9800033569336,110.87000274658205,107.11000061035156,110.20999908447266,30262105
2024-03-21,CANBK,112.0,113.6999969482422,111.5999984741211,112.77999877929688,27814235
2024-03-22,CANBK,112.77999877929688,115.5,112.69000244140624,114.62999725341795,29115490
2024-03-26,CANBK,114.38999938964844,114.93000030517578,113.45999908447266,114.37000274658205,24848115
2024-03-27,CANBK,114.37000274658205,114.94000244140624,112.47000122070312,112.8499984741211,22051135
2024-03-28,CANBK,113.62999725341795,117.55999755859376,113.62000274658205,116.20999908447266,51789135
2024-03-01,CANFINHOME,785.3499755859375,797.75,774.4500122070312,792.5499877929688,346647
2024-03-04,CANFINHOME,790.4500122070312,797.0,787.0499877929688,790.7999877929688,278586
2024-03-05,CANFINHOME,789.9500122070312,801.0,785.3499755859375,791.9500122070312,448025
2024-03-06,CANFINHOME,791.9000244140625,795.5999755859375,761.0,784.7999877929688,636798
2024-03-07,CANFINHOME,784.7999877929688,791.9500122070312,782.7999877929688,786.5999755859375,306652
2024-03-11,CANFINHOME,783.0999755859375,787.7000122070312,766.0,771.0,553779
2024-03-12,CANFINHOME,770.9500122070312,771.5999755859375,754.0,760.2999877929688,311361
2024-03-13,CANFINHOME,757.2000122070312,761.2000122070312,717.9500122070312,721.4500122070312,467762
2024-03-14,CANFINHOME,716.8499755859375,736.0499877929688,711.6500244140625,729.4500122070312,394070
2024-03-15,CANFINHOME,734.3499755859375,734.3499755859375,709.1500244140625,724.4500122070312,734692
2024-03-18,CANFINHOME,724.4500122070312,727.5499877929688,712.0999755859375,719.5499877929688,523546
2024-03-19,CANFINHOME,722.0,722.0,701.9500122070312,709.0,595062
2024-03-20,CANFINHOME,709.4000244140625,720.6500244140625,702.0999755859375,718.0499877929688,306618
2024-03-21,CANFINHOME,724.0,741.9500122070312,723.3499755859375,738.2000122070312,620355
2024-03-22,CANFINHOME,739.9500122070312,751.9500122070312,736.25,747.0999755859375,496110
2024-03-26,CANFINHOME,747.0,758.0999755859375,740.9000244140625,754.4500122070312,293576
2024-03-27,CANFINHOME,758.5999755859375,761.5,750.7000122070312,757.1500244140625,314645
2024-03-28,CANFINHOME,757.9500122070312,761.2999877929688,748.0999755859375,752.9500122070312,400597
2024-03-01,CANTABIL,244.1499938964844,246.1000061035156,229.25,231.1000061035156,211695
2024-03-04,CANTABIL,232.1499938964844,232.6499938964844,226.3999938964844,227.75,87409
2024-03-05,CANTABIL,227.75,228.8500061035156,222.6999969482422,224.0,78256
2024-03-06,CANTABIL,223.0,227.5,214.8500061035156,218.9499969482422,102083
2024-03-07,CANTABIL,220.1000061035156,223.0,219.0500030517578,220.75,56988
2024-03-11,CANTABIL,221.5500030517578,221.5500030517578,209.1999969482422,210.5500030517578,118953
2024-03-12,CANTABIL,205.8000030517578,210.5500030517578,198.9499969482422,201.8000030517578,179367
2024-03-13,CANTABIL,202.8500061035156,205.0500030517578,180.5500030517578,184.6000061035156,252788
2024-03-14,CANTABIL,185.0,196.1499938964844,185.0,194.3500061035156,184810
2024-03-15,CANTABIL,196.0500030517578,199.6999969482422,186.0,197.75,152193
2024-03-18,CANTABIL,194.8000030517578,199.75,190.5,193.1000061035156,124876
2024-03-19,CANTABIL,192.75,207.0,190.25,202.5,235085
2024-03-20,CANTABIL,202.5,229.8000030517578,197.0500030517578,226.3999938964844,923109
2024-03-21,CANTABIL,225.1499938964844,233.6999969482422,212.3500061035156,225.25,748802
2024-03-22,CANTABIL,225.25,231.0,221.0500030517578,224.3999938964844,237852
2024-03-26,CANTABIL,224.0500030517578,224.3000030517578,210.1000061035156,212.3000030517578,174921
2024-03-27,CANTABIL,213.3999938964844,218.5500030517578,211.4499969482422,213.8500061035156,133326
2024-03-28,CANTABIL,213.8500061035156,217.3500061035156,207.5,208.8000030517578,122652
2024-03-01,CAPACITE,263.5,269.54998779296875,261.5,265.75,1484337
2024-03-04,CAPACITE,273.25,278.0,268.5,271.25,1155086
2024-03-05,CAPACITE,272.0,280.0,265.8999938964844,268.0,1672594
2024-03-06,CAPACITE,265.1499938964844,265.8999938964844,254.6499938964844,256.95001220703125,1645498
2024-03-07,CAPACITE,258.0,270.45001220703125,257.29998779296875,260.79998779296875,1780991
2024-03-11,CAPACITE,261.95001220703125,271.5,250.0500030517578,252.0,1749579
2024-03-12,CAPACITE,254.0500030517578,254.9499969482422,238.0,241.3000030517578,2004555
2024-03-13,CAPACITE,243.25,244.6499938964844,210.1000061035156,215.6499938964844,2063415
2024-03-14,CAPACITE,214.8500061035156,235.1000061035156,214.8000030517578,228.6499938964844,1889197
2024-03-15,CAPACITE,234.0,259.0,233.8000030517578,248.1499938964844,3249958
2024-03-18,CAPACITE,249.0500030517578,260.0,246.4499969482422,248.75,2093863
2024-03-19,CAPACITE,249.0,256.0,244.5,246.3000030517578,1535068
2024-03-20,CAPACITE,247.3500061035156,256.6499938964844,245.3500061035156,250.3000030517578,1410308
2024-03-21,CAPACITE,253.3000030517578,264.0,253.0,259.45001220703125,1873744
2024-03-22,CAPACITE,259.5,279.29998779296875,259.5,275.75,4132518
2024-03-26,CAPACITE,275.75,283.95001220703125,267.95001220703125,280.6000061035156,3079970
2024-03-27,CAPACITE,279.0,282.8999938964844,267.04998779296875,269.0,2156158
2024-03-28,CAPACITE,270.3999938964844,273.0,261.0,261.8500061035156,979698
2024-03-01,CAPITALSFB,383.3500061035156,387.0,375.3500061035156,378.75,114166
2024-03-04,CAPITALSFB,373.3500061035156,375.7999877929688,358.20001220703125,360.04998779296875,236157
2024-03-05,CAPITALSFB,359.0,366.7999877929688,350.0,363.7000122070313,242387
2024-03-06,CAPITALSFB,360.1000061035156,364.8500061035156,350.1000061035156,359.70001220703125,151227
2024-03-07,CAPITALSFB,354.29998779296875,375.6000061035156,354.29998779296875,365.8500061035156,180431
2024-03-11,CAPITALSFB,365.8999938964844,369.2999877929688,360.25,362.7999877929688,114405
2024-03-12,CAPITALSFB,361.3500061035156,364.0,353.6000061035156,357.5,197194
2024-03-13,CAPITALSFB,357.8999938964844,360.5499877929688,335.0,338.70001220703125,130012
2024-03-14,CAPITALSFB,339.95001220703125,352.0,325.6499938964844,351.45001220703125,185589
2024-03-15,CAPITALSFB,355.0,356.04998779296875,333.0,339.3999938964844,121446
2024-03-18,CAPITALSFB,344.0,344.0,333.3999938964844,335.6000061035156,52282
2024-03-19,CAPITALSFB,335.0,338.8999938964844,333.29998779296875,334.1000061035156,54439
2024-03-20,CAPITALSFB,334.1000061035156,335.70001220703125,328.3500061035156,329.5,113189
2024-03-21,CAPITALSFB,331.20001220703125,334.8999938964844,326.95001220703125,327.8500061035156,58415
2024-03-22,CAPITALSFB,327.8500061035156,331.70001220703125,326.04998779296875,328.3500061035156,78193
2024-03-26,CAPITALSFB,328.1000061035156,333.79998779296875,323.1499938964844,330.04998779296875,121877
2024-03-27,CAPITALSFB,330.0,331.25,320.0,326.3999938964844,151406
2024-03-28,CAPITALSFB,323.04998779296875,355.0,322.0,348.79998779296875,301117
2024-03-01,CAPLIPOINT,1500.199951171875,1533.5999755859375,1497.8499755859375,1527.050048828125,67274
2024-03-04,CAPLIPOINT,1540.0,1540.0,1485.0,1491.699951171875,44596
2024-03-05,CAPLIPOINT,1499.199951171875,1499.199951171875,1425.0,1430.0999755859375,99546
2024-03-06,CAPLIPOINT,1435.0,1441.9000244140625,1351.0,1372.9000244140625,194348
2024-03-07,CAPLIPOINT,1372.9000244140625,1412.0,1352.0,1369.25,114486
2024-03-11,CAPLIPOINT,1360.0,1409.699951171875,1335.550048828125,1343.050048828125,238455
2024-03-12,CAPLIPOINT,1343.050048828125,1366.75,1295.050048828125,1312.25,228011
2024-03-13,CAPLIPOINT,1300.050048828125,1303.949951171875,1250.050048828125,1271.699951171875,291726
2024-03-14,CAPLIPOINT,1267.0,1300.0,1243.25,1280.050048828125,98025
2024-03-15,CAPLIPOINT,1280.0,1305.0,1270.0,1284.5999755859375,51017
2024-03-18,CAPLIPOINT,1275.0,1298.5999755859375,1272.0,1284.449951171875,56523
2024-03-19,CAPLIPOINT,1284.449951171875,1297.699951171875,1266.300048828125,1276.050048828125,40100
2024-03-20,CAPLIPOINT,1282.449951171875,1296.949951171875,1251.5,1264.6500244140625,69921
2024-03-21,CAPLIPOINT,1285.0,1285.0,1259.25,1267.0,66563
2024-03-22,CAPLIPOINT,1270.0,1289.9000244140625,1263.0,1268.699951171875,125971
2024-03-26,CAPLIPOINT,1284.25,1294.0,1249.0,1256.1500244140625,87883
2024-03-27,CAPLIPOINT,1255.0,1289.3499755859375,1240.0,1263.0999755859375,227619
2024-03-28,CAPLIPOINT,1274.0,1329.949951171875,1257.1500244140625,1315.3499755859375,276479
2024-03-01,CAPTRUST,134.25,136.0,130.14999389648438,131.0500030517578,38091
2024-03-04,CAPTRUST,132.3000030517578,134.3000030517578,127.0999984741211,128.5500030517578,24914
2024-03-05,CAPTRUST,128.60000610351562,132.0,123.1999969482422,131.0500030517578,31279
2024-03-06,CAPTRUST,129.0500030517578,129.75,116.0,122.4000015258789,100216
2024-03-07,CAPTRUST,126.0500030517578,126.0500030517578,118.25,119.75,34841
2024-03-11,CAPTRUST,118.0500030517578,120.6500015258789,108.3499984741211,110.9000015258789,51321
2024-03-12,CAPTRUST,111.0,118.0,100.5999984741211,101.5999984741211,54994
2024-03-13,CAPTRUST,103.8000030517578,103.8000030517578,97.5,98.5500030517578,34278
2024-03-14,CAPTRUST,97.9000015258789,103.9000015258789,96.0500030517578,101.8000030517578,18280
2024-03-15,CAPTRUST,101.8000030517578,107.0,98.9499969482422,100.5500030517578,40503
2024-03-18,CAPTRUST,100.5500030517578,103.0,98.0999984741211,98.9499969482422,11058
2024-03-19,CAPTRUST,99.0500030517578,105.8000030517578,98.9499969482422,102.3000030517578,46127
2024-03-20,CAPTRUST,102.8499984741211,103.9499969482422,99.5999984741211,102.4000015258789,20363
2024-03-21,CAPTRUST,103.8499984741211,104.4499969482422,100.0,101.0500030517578,8194
2024-03-22,CAPTRUST,101.3000030517578,105.1999969482422,98.6500015258789,101.75,27751
2024-03-26,CAPTRUST,101.75,102.9000015258789,97.3499984741211,99.1500015258789,22615
2024-03-27,CAPTRUST,101.4000015258789,102.6500015258789,96.0,97.4499969482422,31182
2024-03-28,CAPTRUST,96.5500030517578,100.1500015258789,93.0,94.4000015258789,26448
2024-03-01,CARBORUNIV,1079.699951171875,1095.0,1067.050048828125,1081.550048828125,48402
2024-03-04,CARBORUNIV,1088.300048828125,1094.449951171875,1055.0,1072.25,473243
2024-03-05,CARBORUNIV,1074.0,1108.0,1068.0999755859375,1097.699951171875,171330
2024-03-06,CARBORUNIV,1092.699951171875,1095.0999755859375,1050.5999755859375,1058.050048828125,84664
2024-03-07,CARBORUNIV,1057.050048828125,1087.5,1047.4000244140625,1065.300048828125,289905
2024-03-11,CARBORUNIV,1074.0,1074.0,1051.5,1069.699951171875,36029
2024-03-12,CARBORUNIV,1061.0,1082.75,1059.050048828125,1078.550048828125,60745
2024-03-13,CARBORUNIV,1076.0999755859375,1076.0999755859375,1045.050048828125,1060.8499755859375,307122
2024-03-14,CARBORUNIV,1054.449951171875,1094.0,1050.6500244140625,1069.5,91708
2024-03-15,CARBORUNIV,1052.0,1107.0,1052.0,1096.1500244140625,94500
2024-03-18,CARBORUNIV,1096.1500244140625,1114.4000244140625,1088.550048828125,1089.9000244140625,427869
2024-03-19,CARBORUNIV,1090.0,1115.0,1084.4000244140625,1111.199951171875,58289
2024-03-20,CARBORUNIV,1111.199951171875,1134.25,1099.0,1120.699951171875,163883
2024-03-21,CARBORUNIV,1131.949951171875,1166.0,1131.949951171875,1155.5,369538
2024-03-22,CARBORUNIV,1168.0999755859375,1259.0,1154.9000244140625,1248.9000244140625,961299
2024-03-26,CARBORUNIV,1244.0,1291.0,1221.0999755859375,1234.9000244140625,374570
2024-03-27,CARBORUNIV,1222.800048828125,1257.5,1220.25,1248.3499755859375,177783
2024-03-28,CARBORUNIV,1229.1500244140625,1277.0,1229.1500244140625,1268.3499755859375,172832
2024-03-01,CARERATING,1166.5999755859375,1193.0,1154.199951171875,1165.699951171875,89016
2024-03-04,CARERATING,1164.0,1185.800048828125,1142.25,1174.4000244140625,56810
2024-03-05,CARERATING,1165.0,1209.800048828125,1155.0,1176.199951171875,182483
2024-03-06,CARERATING,1176.0,1176.0,1105.5999755859375,1139.6500244140625,94851
2024-03-07,CARERATING,1140.0,1160.0,1125.0,1152.699951171875,41555
2024-03-11,CARERATING,1151.9000244140625,1163.0,1132.050048828125,1141.25,40967
2024-03-12,CARERATING,1143.8499755859375,1147.0,1089.949951171875,1108.8499755859375,67531
2024-03-13,CARERATING,1114.4000244140625,1124.800048828125,1049.050048828125,1095.75,84569
2024-03-14,CARERATING,1085.0,1105.0,1066.3499755859375,1073.3499755859375,30127
2024-03-15,CARERATING,1078.75,1105.0,1075.0,1082.199951171875,40906
2024-03-18,CARERATING,1087.6500244140625,1120.0,1071.050048828125,1114.5999755859375,25940
2024-03-19,CARERATING,1115.5,1119.800048828125,1090.0,1098.699951171875,15046
2024-03-20,CARERATING,1102.1500244140625,1108.5,1085.949951171875,1096.8499755859375,30242
2024-03-21,CARERATING,1102.3499755859375,1122.300048828125,1098.4000244140625,1113.75,16055
2024-03-22,CARERATING,1101.8499755859375,1138.8499755859375,1097.4000244140625,1127.4000244140625,32986
2024-03-26,CARERATING,1132.0,1132.0,1104.0,1116.050048828125,13483
2024-03-27,CARERATING,1110.0,1140.0,1105.550048828125,1136.5999755859375,21533
2024-03-28,CARERATING,1120.5999755859375,1160.0,1112.199951171875,1119.4000244140625,26161
2024-03-01,CARTRADE,793.9500122070312,799.5499877929688,773.0499877929688,776.3499755859375,375425
2024-03-04,CARTRADE,780.0,780.0,750.2000122070312,756.5,127002
2024-03-05,CARTRADE,756.0499877929688,778.0,740.0999755859375,745.4000244140625,122927
2024-03-06,CARTRADE,751.9500122070312,766.0499877929688,715.0,725.2999877929688,179387
2024-03-07,CARTRADE,738.9500122070312,777.9500122070312,715.5,719.6500244140625,1022591
2024-03-11,CARTRADE,721.7000122070312,727.0,712.5999755859375,716.75,104273
2024-03-12,CARTRADE,715.7000122070312,721.0,675.3499755859375,702.2999877929688,336712
2024-03-13,CARTRADE,702.7999877929688,706.3499755859375,625.0499877929688,640.9500122070312,197538
2024-03-14,CARTRADE,630.3499755859375,671.0999755859375,623.9000244140625,655.2000122070312,319172
2024-03-15,CARTRADE,653.9500122070312,668.7999877929688,648.4500122070312,654.1500244140625,168818
2024-03-18,CARTRADE,658.9000244140625,662.1500244140625,648.9000244140625,653.5499877929688,348241
2024-03-19,CARTRADE,652.8499755859375,660.0499877929688,639.7000122070312,643.5999755859375,65777
2024-03-20,CARTRADE,647.8499755859375,654.9500122070312,633.5499877929688,646.1500244140625,103505
2024-03-21,CARTRADE,648.7999877929688,662.5499877929688,645.5,647.0999755859375,50966
2024-03-22,CARTRADE,644.9000244140625,651.9500122070312,633.5999755859375,637.4000244140625,94249
2024-03-26,CARTRADE,636.0,651.9500122070312,626.9500122070312,632.9500122070312,186672
2024-03-27,CARTRADE,635.0,656.7999877929688,628.4500122070312,649.5999755859375,407327
2024-03-28,CARTRADE,651.0,655.9500122070312,634.0499877929688,638.0499877929688,906535
2024-03-01,CARYSIL,965.2999877929688,974.9500122070312,930.6500244140624,939.8499755859376,98177
2024-03-04,CARYSIL,957.0499877929688,958.5,935.1500244140624,939.9500122070312,43324
2024-03-05,CARYSIL,944.3499755859376,944.3499755859376,915.0999755859376,920.7999877929688,79050
2024-03-06,CARYSIL,912.0,922.0,896.5,919.25,106651
2024-03-07,CARYSIL,923.7000122070312,998.0,919.9000244140624,980.9000244140624,248693
2024-03-11,CARYSIL,995.0,995.0,929.0499877929688,944.5,86617
2024-03-12,CARYSIL,978.0,989.1500244140624,963.9000244140624,978.6500244140624,249047
2024-03-13,CARYSIL,984.4500122070312,1020.0,890.0,909.5499877929688,277106
2024-03-14,CARYSIL,894.9000244140625,960.0,871.0499877929688,951.7000122070312,116675
2024-03-15,CARYSIL,954.0,962.0999755859376,927.5499877929688,946.5499877929688,58157
2024-03-18,CARYSIL,960.0,975.0,919.9000244140624,945.5,52302
2024-03-19,CARYSIL,948.0,980.0,939.9500122070312,950.2000122070312,117004
2024-03-20,CARYSIL,959.7000122070312,985.0,932.2000122070312,941.75,88726
2024-03-21,CARYSIL,944.75,978.4500122070312,944.0,953.0999755859376,28985
2024-03-22,CARYSIL,955.0,982.25,951.5999755859376,963.2999877929688,55653
2024-03-26,CARYSIL,983.0,998.0,940.0,944.3499755859376,102237
2024-03-27,CARYSIL,945.4500122070312,989.75,945.4500122070312,974.75,116591
2024-03-28,CARYSIL,974.7999877929688,995.0,966.5499877929688,981.9500122070312,67801
2024-03-01,CASTROLIND,210.8000030517578,216.8000030517578,209.9499969482422,213.6499938964844,11655383
2024-03-04,CASTROLIND,215.3000030517578,215.3999938964844,209.1999969482422,211.75,4950508
2024-03-05,CASTROLIND,212.0,219.6000061035156,211.8500061035156,215.1999969482422,6598657
2024-03-06,CASTROLIND,214.8999938964844,215.0,207.0,210.1499938964844,4204409
2024-03-07,CASTROLIND,210.25,211.4499969482422,208.1499938964844,209.5,1879889
2024-03-11,CASTROLIND,209.5,210.1999969482422,201.0,201.9499969482422,3482834
2024-03-12,CASTROLIND,205.8999938964844,213.8999938964844,201.1999969482422,204.0,9987949
2024-03-13,CASTROLIND,205.0,207.6000061035156,189.25,191.5500030517578,6531109
2024-03-14,CASTROLIND,191.5,202.6999969482422,186.0500030517578,199.6999969482422,5909761
2024-03-15,CASTROLIND,198.9499969482422,202.6999969482422,193.0500030517578,197.1499938964844,3891138
2024-03-18,CASTROLIND,199.1000061035156,202.1999969482422,197.8500061035156,200.8999938964844,3219055
2024-03-19,CASTROLIND,200.5,200.8999938964844,195.6000061035156,196.3999938964844,2776015
2024-03-20,CASTROLIND,197.0,198.1499938964844,192.5,195.6999969482422,3000847
2024-03-21,CASTROLIND,196.0,196.0,192.1000061035156,193.6499938964844,2739059
2024-03-22,CASTROLIND,193.0,193.5,191.0,191.5,2228299
2024-03-26,CASTROLIND,191.3999938964844,191.3999938964844,186.1000061035156,186.75,2769845
2024-03-27,CASTROLIND,187.0,192.6000061035156,187.0,189.75,3802696
2024-03-28,CASTROLIND,190.25,191.1000061035156,185.1999969482422,185.9499969482422,2970499
2024-03-01,CCAVENUE,37.0,37.150001525878906,36.04999923706055,36.20000076293945,27617387
2024-03-04,CCAVENUE,35.95000076293945,35.95000076293945,35.0,35.099998474121094,16513341
2024-03-05,CCAVENUE,36.900001525878906,38.5,36.54999923706055,37.04999923706055,120983802
2024-03-06,CCAVENUE,37.20000076293945,38.900001525878906,36.54999923706055,37.95000076293945,90808921
2024-03-07,CCAVENUE,38.0,41.400001525878906,37.20000076293945,40.150001525878906,184892304
2024-03-11,CCAVENUE,41.0,42.5,39.45000076293945,39.95000076293945,140921675
2024-03-12,CCAVENUE,41.0,41.29999923706055,35.79999923706055,36.25,105406387
2024-03-13,CCAVENUE,37.0,37.5,33.150001525878906,33.95000076293945,116247547
2024-03-14,CCAVENUE,33.5,37.75,33.0,37.45000076293945,105560134
2024-03-15,CCAVENUE,37.45000076293945,38.20000076293945,35.5,36.650001525878906,75081165
2024-03-18,CCAVENUE,36.95000076293945,38.45000076293945,36.34999847412109,37.0,62483428
2024-03-19,CCAVENUE,37.09999847412109,37.650001525878906,36.0,36.29999923706055,36776108
2024-03-20,CCAVENUE,36.54999923706055,37.20000076293945,35.349998474121094,35.900001525878906,39548240
2024-03-21,CCAVENUE,36.400001525878906,37.09999847412109,35.29999923706055,35.54999923706055,37765982
2024-03-22,CCAVENUE,35.650001525878906,36.45000076293945,34.900001525878906,35.29999923706055,52563017
2024-03-26,CCAVENUE,35.400001525878906,35.75,34.599998474121094,34.75,47383252
2024-03-27,CCAVENUE,35.349998474121094,35.599998474121094,34.599998474121094,34.79999923706055,59691106
2024-03-28,CCAVENUE,35.25,35.70000076293945,33.599998474121094,34.099998474121094,40543504
2024-03-01,CCCL,1.5,1.5,1.5,1.5,0
2024-03-04,CCCL,1.5,1.5,1.5,1.5,0
2024-03-05,CCCL,1.5,1.5,1.5,1.5,0
2024-03-06,CCCL,1.5,1.5,1.5,1.5,0
2024-03-07,CCCL,1.5,1.5,1.5,1.5,0
2024-03-11,CCCL,1.5,1.5,1.5,1.5,0
2024-03-12,CCCL,1.5,1.5,1.5,1.5,0
2024-03-13,CCCL,1.5,1.5,1.5,1.5,0
2024-03-14,CCCL,1.5,1.5,1.5,1.5,0
2024-03-18,CCCL,1.5,1.5,1.5,1.5,0
2024-03-19,CCCL,1.5,1.5,1.5,1.5,0
2024-03-20,CCCL,1.5,1.5,1.5,1.5,0
2024-03-21,CCCL,1.5,1.5,1.5,1.5,0
2024-03-22,CCCL,1.5,1.5,1.5,1.5,0
2024-03-26,CCCL,1.5,1.5,1.5,1.5,0
2024-03-27,CCCL,1.5,1.5,1.5,1.5,0
2024-03-28,CCCL,1.5,1.5,1.5,1.5,0
2024-03-01,CCHHL,15.449999809265137,15.5,15.449999809265137,15.449999809265137,84715
2024-03-04,CCHHL,14.899999618530272,14.899999618530272,14.899999618530272,14.899999618530272,30686
2024-03-05,CCHHL,14.600000381469728,14.600000381469728,14.600000381469728,14.600000381469728,17482
2024-03-06,CCHHL,14.300000190734863,14.300000190734863,14.300000190734863,14.300000190734863,42545
2024-03-07,CCHHL,14.050000190734863,14.050000190734863,14.050000190734863,14.050000190734863,34450
2024-03-11,CCHHL,13.800000190734863,13.800000190734863,13.800000190734863,13.800000190734863,35012
2024-03-12,CCHHL,13.550000190734863,13.550000190734863,13.550000190734863,13.550000190734863,57354
2024-03-13,CCHHL,13.300000190734863,13.5,13.300000190734863,13.300000190734863,42696
2024-03-14,CCHHL,13.050000190734863,13.050000190734863,13.050000190734863,13.050000190734863,60942
2024-03-15,CCHHL,12.800000190734863,12.949999809265137,12.800000190734863,12.800000190734863,73000
2024-03-18,CCHHL,12.550000190734863,12.75,12.550000190734863,12.550000190734863,52042
2024-03-19,CCHHL,12.300000190734863,12.550000190734863,12.300000190734863,12.300000190734863,21299
2024-03-20,CCHHL,12.100000381469728,12.100000381469728,12.100000381469728,12.100000381469728,38707
2024-03-21,CCHHL,12.300000190734863,12.300000190734863,12.100000381469728,12.300000190734863,33997
2024-03-22,CCHHL,12.5,12.5,12.449999809265137,12.5,24258
2024-03-26,CCHHL,12.75,12.75,12.5,12.75,107604
2024-03-27,CCHHL,13.0,13.0,13.0,13.0,84191
2024-03-28,CCHHL,13.25,13.25,13.25,13.25,67304
2024-03-01,CCL,632.7999877929688,648.0,626.0999755859375,628.1500244140625,94480
2024-03-04,CCL,632.5,632.5,625.0,626.25,54073
2024-03-05,CCL,627.6500244140625,630.0,620.5,625.0499877929688,80768
2024-03-06,CCL,623.0,626.5,605.0,609.7000122070312,128741
2024-03-07,CCL,610.7000122070312,619.7000122070312,606.4500122070312,613.2999877929688,172603
2024-03-11,CCL,614.7999877929688,616.2000122070312,601.0999755859375,607.0999755859375,101705
2024-03-12,CCL,607.0999755859375,612.5,589.0,607.9500122070312,147755
2024-03-13,CCL,609.5,609.5,585.0,590.0499877929688,117841
2024-03-14,CCL,597.9000244140625,597.9000244140625,586.2000122070312,589.3499755859375,94356
2024-03-15,CCL,589.4500122070312,589.9000244140625,571.0,581.3499755859375,142168
2024-03-18,CCL,584.8499755859375,594.4500122070312,572.5999755859375,579.5499877929688,225373
2024-03-19,CCL,583.75,585.0,563.0999755859375,567.5,168163
2024-03-20,CCL,567.7000122070312,576.0,559.5499877929688,573.5999755859375,108400
2024-03-21,CCL,575.0,603.25,571.0,596.2999877929688,141016
2024-03-22,CCL,599.2999877929688,611.0,590.0499877929688,604.5999755859375,110616
2024-03-26,CCL,595.9500122070312,602.75,585.5999755859375,590.3499755859375,102254
2024-03-27,CCL,591.8499755859375,593.0,586.2999877929688,588.4000244140625,79641
2024-03-28,CCL,589.9500122070312,591.2999877929688,582.0,586.2999877929688,115635
2024-03-01,CDSL,962.5,979.0,954.0499877929688,959.2750244140624,1270656
2024-03-04,CDSL,969.4749755859376,972.4000244140624,946.0999755859376,950.375,1094674
2024-03-05,CDSL,952.0,953.8499755859376,936.7999877929688,939.8250122070312,784928
2024-03-06,CDSL,940.0,940.0,905.0499877929688,918.4000244140624,1361698
2024-03-07,CDSL,926.5,929.3250122070312,912.9000244140624,915.2999877929688,963714
2024-03-11,CDSL,915.2999877929688,926.875,903.0,905.2999877929688,894802
2024-03-12,CDSL,906.5,910.9500122070312,888.0499877929688,903.7249755859376,1421052
2024-03-13,CDSL,904.8499755859376,912.5,832.7750244140625,842.3250122070312,2600464
2024-03-14,CDSL,839.8499755859375,867.75,825.0,854.6749877929688,1715448
2024-03-15,CDSL,857.0,878.8499755859375,845.0499877929688,859.8499755859375,1729234
2024-03-18,CDSL,852.4000244140625,867.0,840.5499877929688,843.6500244140625,1247206
2024-03-19,CDSL,843.3499755859375,854.0,835.0,838.875,804396
2024-03-20,CDSL,838.875,842.25,811.0,828.7999877929688,1388102
2024-03-21,CDSL,840.5,889.2999877929688,838.5,883.0499877929688,2995280
2024-03-22,CDSL,880.0,899.0,877.5499877929688,893.6749877929688,1354412
2024-03-26,CDSL,899.0,909.5,888.0250244140625,894.4500122070312,1511600
2024-03-27,CDSL,859.2750244140625,874.875,837.5,843.0250244140625,43990584
2024-03-28,CDSL,852.5,864.8499755859375,852.5,855.9749755859375,5991190
2024-03-01,CEATLTD,2870.0,2905.0,2834.64990234375,2843.35009765625,58087
2024-03-04,CEATLTD,2854.0,2905.0,2828.0,2893.64990234375,100252
2024-03-05,CEATLTD,2893.0,2969.949951171875,2860.0,2869.800048828125,181740
2024-03-06,CEATLTD,2870.0,2899.0,2751.050048828125,2798.60009765625,134295
2024-03-07,CEATLTD,2810.0,2840.0,2765.300048828125,2773.300048828125,96548
2024-03-11,CEATLTD,2785.949951171875,2787.10009765625,2654.300048828125,2672.10009765625,149858
2024-03-12,CEATLTD,2680.0,2680.0,2577.0,2588.89990234375,156536
2024-03-13,CEATLTD,2588.89990234375,2614.800048828125,2466.60009765625,2497.25,280519
2024-03-14,CEATLTD,2494.75,2550.550048828125,2468.75,2497.35009765625,103397
2024-03-15,CEATLTD,2500.0,2555.550048828125,2428.199951171875,2500.10009765625,143876
2024-03-18,CEATLTD,2514.0,2550.0,2460.10009765625,2540.75,232360
2024-03-19,CEATLTD,2511.0,2565.0,2490.0,2551.10009765625,115408
2024-03-20,CEATLTD,2547.050048828125,2558.89990234375,2450.0,2471.550048828125,161720
2024-03-21,CEATLTD,2499.949951171875,2538.949951171875,2470.0,2528.14990234375,101642
2024-03-22,CEATLTD,2528.0,2602.0,2503.14990234375,2593.0,111440
2024-03-26,CEATLTD,2600.0,2645.0,2578.75,2626.800048828125,77839
2024-03-27,CEATLTD,2642.0,2684.949951171875,2632.550048828125,2677.0,111573
2024-03-28,CEATLTD,2687.949951171875,2699.0,2636.85009765625,2682.39990234375,116509
2024-03-01,CELEBRITY,17.0,17.049999237060547,17.0,17.0,38399
2024-03-04,CELEBRITY,17.0,17.0,16.399999618530273,17.0,40817
2024-03-05,CELEBRITY,16.700000762939453,17.0,16.700000762939453,16.700000762939453,15558
2024-03-06,CELEBRITY,16.399999618530273,16.399999618530273,16.399999618530273,16.399999618530273,6472
2024-03-07,CELEBRITY,16.700000762939453,16.700000762939453,16.299999237060547,16.700000762939453,29066
2024-03-11,CELEBRITY,17.5,17.5,16.5,16.75,95618
2024-03-12,CELEBRITY,17.049999237060547,17.350000381469727,15.949999809265137,15.949999809265137,87235
2024-03-13,CELEBRITY,15.5,16.450000762939453,15.149999618530272,15.149999618530272,260646
2024-03-14,CELEBRITY,14.899999618530272,15.0,14.399999618530272,14.850000381469728,218033
2024-03-15,CELEBRITY,15.149999618530272,15.399999618530272,14.600000381469728,14.649999618530272,127615
2024-03-18,CELEBRITY,15.350000381469728,15.350000381469728,14.5,15.050000190734863,31352
2024-03-19,CELEBRITY,15.100000381469728,15.699999809265137,15.050000190734863,15.050000190734863,115181
2024-03-20,CELEBRITY,15.100000381469728,15.5,14.699999809265137,15.25,103791
2024-03-21,CELEBRITY,15.449999809265137,16.0,15.100000381469728,16.0,113944
2024-03-22,CELEBRITY,16.600000381469727,16.799999237060547,16.0,16.799999237060547,113380
2024-03-26,CELEBRITY,17.899999618530273,19.600000381469727,17.100000381469727,17.299999237060547,1208896
2024-03-27,CELEBRITY,17.450000762939453,19.450000762939453,17.450000762939453,17.700000762939453,496059
2024-03-28,CELEBRITY,17.799999237060547,18.600000381469727,17.100000381469727,17.25,195683
2024-03-01,CELLO,865.0,865.0,823.0,827.0499877929688,228681
2024-03-04,CELLO,848.5,850.0,823.7000122070312,825.25,211632
2024-03-05,CELLO,825.0499877929688,827.9500122070312,799.5999755859375,813.6500244140625,274895
2024-03-06,CELLO,824.0,832.0,802.25,805.2000122070312,285890
2024-03-07,CELLO,808.25,812.4500122070312,799.0,804.5,252797
2024-03-11,CELLO,813.0,814.9500122070312,800.0999755859375,806.5,381718
2024-03-12,CELLO,812.0,812.0,770.0,783.0999755859375,254472
2024-03-13,CELLO,786.75,786.75,715.25,723.4000244140625,539245
2024-03-14,CELLO,723.4000244140625,758.4000244140625,711.2000122070312,749.4500122070312,641798
2024-03-15,CELLO,749.0,765.9000244140625,740.0499877929688,748.9500122070312,433602
2024-03-18,CELLO,752.0,795.9000244140625,740.4000244140625,784.3499755859375,1574011
2024-03-19,CELLO,784.2999877929688,799.0,760.0,789.0499877929688,272922
2024-03-20,CELLO,776.4000244140625,797.7999877929688,761.2000122070312,784.75,149983
2024-03-21,CELLO,788.9500122070312,793.5999755859375,777.75,785.0,112868
2024-03-22,CELLO,787.4000244140625,789.6500244140625,775.3499755859375,786.0,83165
2024-03-26,CELLO,785.0,785.8499755859375,758.4500122070312,766.4000244140625,205122
2024-03-27,CELLO,772.0,785.0,760.0499877929688,776.4500122070312,253440
2024-03-28,CELLO,784.0,784.0,756.0999755859375,774.0,239347
2024-03-01,CEMPRO,332.6000061035156,343.0,320.8500061035156,326.75,927216
2024-03-04,CEMPRO,340.0,352.6000061035156,340.0,351.3999938964844,1098355
2024-03-05,CEMPRO,353.0,356.0,340.5,353.8500061035156,952709
2024-03-06,CEMPRO,352.95001220703125,357.6000061035156,333.0,340.3500061035156,938348
2024-03-07,CEMPRO,341.3500061035156,348.0,338.3500061035156,342.1000061035156,566302
2024-03-11,CEMPRO,349.8999938964844,349.8999938964844,319.6499938964844,321.95001220703125,1068157
2024-03-12,CEMPRO,322.04998779296875,322.8500061035156,297.8999938964844,309.20001220703125,866286
2024-03-13,CEMPRO,309.1000061035156,311.70001220703125,256.1000061035156,269.1499938964844,1605451
2024-03-14,CEMPRO,270.95001220703125,308.5,270.0,291.20001220703125,1824978
2024-03-15,CEMPRO,300.0,311.0,292.1499938964844,307.20001220703125,720641
2024-03-18,CEMPRO,313.0,320.6000061035156,302.70001220703125,307.70001220703125,690609
2024-03-19,CEMPRO,308.0,310.6499938964844,295.0,297.20001220703125,316364
2024-03-20,CEMPRO,298.95001220703125,308.0,290.25,302.25,465609
2024-03-21,CEMPRO,305.0,308.70001220703125,300.25,304.5,368334
2024-03-22,CEMPRO,305.70001220703125,321.0,303.29998779296875,319.29998779296875,648171
2024-03-26,CEMPRO,320.0,321.70001220703125,311.1000061035156,313.04998779296875,369619
2024-03-27,CEMPRO,313.95001220703125,332.45001220703125,313.95001220703125,330.29998779296875,677965
2024-03-28,CEMPRO,339.8999938964844,339.8999938964844,327.1000061035156,334.0,522881
2024-03-01,CENTENKA,446.25,452.2999877929688,443.1499938964844,445.6000061035156,25056
2024-03-04,CENTENKA,454.8999938964844,454.8999938964844,446.0,447.1499938964844,13294
2024-03-05,CENTENKA,447.1499938964844,450.0,442.6000061035156,446.0499877929688,23503
2024-03-06,CENTENKA,446.0,449.0,431.1000061035156,432.7999877929688,37632
2024-03-07,CENTENKA,434.8500061035156,440.3500061035156,432.8500061035156,433.9500122070313,17622
2024-03-11,CENTENKA,433.8999938964844,435.5,423.75,424.6499938964844,34868
2024-03-12,CENTENKA,422.3999938964844,425.5,415.0499877929688,417.5499877929688,27421
2024-03-13,CENTENKA,419.8999938964844,428.2000122070313,377.75,380.75,113309
2024-03-14,CENTENKA,386.2000122070313,402.6000061035156,383.8500061035156,398.5,43435
2024-03-15,CENTENKA,398.5,403.8999938964844,395.6000061035156,398.2000122070313,30291
2024-03-18,CENTENKA,398.2999877929688,408.0,398.2999877929688,405.9500122070313,50457
2024-03-19,CENTENKA,407.8999938964844,412.8999938964844,402.7000122070313,408.6000061035156,30173
2024-03-20,CENTENKA,411.0499877929688,414.2000122070313,403.0,404.5,22857
2024-03-21,CENTENKA,405.5,409.9500122070313,402.8500061035156,406.3999938964844,28092
2024-03-22,CENTENKA,406.3999938964844,413.25,405.0,409.2000122070313,30894
2024-03-26,CENTENKA,409.2000122070313,413.6000061035156,401.25,402.3999938964844,25371
2024-03-27,CENTENKA,404.0,408.8500061035156,401.5,401.7000122070313,41203
2024-03-28,CENTENKA,401.7000122070313,411.0,400.0,402.1499938964844,53682
2024-03-01,CENTEXT,22.75,23.549999237060547,22.75,23.100000381469727,123884
2024-03-04,CENTEXT,23.450000762939453,23.450000762939453,22.0,22.299999237060547,120637
2024-03-05,CENTEXT,22.299999237060547,22.5,21.549999237060547,21.75,85148
2024-03-06,CENTEXT,21.75,22.350000381469727,20.700000762939453,21.0,152891
2024-03-07,CENTEXT,21.0,21.89999961853028,20.350000381469727,21.450000762939453,102022
2024-03-11,CENTEXT,21.89999961853028,22.200000762939453,20.950000762939453,21.200000762939453,125007
2024-03-12,CENTEXT,21.64999961853028,21.64999961853028,20.14999961853028,20.200000762939453,121086
2024-03-13,CENTEXT,20.600000381469727,20.600000381469727,19.200000762939453,19.200000762939453,102687
2024-03-14,CENTEXT,18.25,20.14999961853028,18.25,19.700000762939453,234440
2024-03-15,CENTEXT,19.799999237060547,20.0,19.100000381469727,19.64999961853028,63642
2024-03-18,CENTEXT,19.64999961853028,19.64999961853028,18.799999237060547,19.200000762939453,73302
2024-03-19,CENTEXT,19.200000762939453,19.200000762939453,18.25,18.39999961853028,159999
2024-03-20,CENTEXT,18.75,19.200000762939453,18.450000762939453,18.850000381469727,72701
2024-03-21,CENTEXT,19.0,19.75,19.0,19.75,91665
2024-03-22,CENTEXT,19.75,20.700000762939453,19.75,20.450000762939453,109017
2024-03-26,CENTEXT,20.89999961853028,21.0,19.64999961853028,19.89999961853028,117153
2024-03-27,CENTEXT,19.799999237060547,20.350000381469727,18.89999961853028,18.950000762939453,144302
2024-03-28,CENTEXT,19.0,19.64999961853028,18.700000762939453,18.950000762939453,153640
2024-03-01,CENTRALBK,62.95000076293945,63.95000076293945,62.70000076293945,63.29999923706055,10099243
2024-03-04,CENTRALBK,63.900001525878906,64.1500015258789,62.34999847412109,62.95000076293945,8638680
2024-03-05,CENTRALBK,62.84999847412109,67.94999694824219,62.29999923706055,67.4000015258789,56087283
2024-03-06,CENTRALBK,67.55000305175781,68.1500015258789,64.05000305175781,65.05000305175781,32497838
2024-03-07,CENTRALBK,65.5,66.30000305175781,64.05000305175781,64.3499984741211,17945402
2024-03-11,CENTRALBK,64.5999984741211,64.69999694824219,61.70000076293945,62.150001525878906,14035590
2024-03-12,CENTRALBK,62.150001525878906,62.75,59.70000076293945,60.29999923706055,17010763
2024-03-13,CENTRALBK,60.900001525878906,61.400001525878906,53.04999923706055,54.09999847412109,34629026
2024-03-14,CENTRALBK,54.0,61.5,52.04999923706055,60.59999847412109,40906348
2024-03-15,CENTRALBK,59.900001525878906,61.70000076293945,57.34999847412109,59.5,26890962
2024-03-18,CENTRALBK,59.70000076293945,60.75,58.09999847412109,58.5,15905678
2024-03-19,CENTRALBK,58.0,59.34999847412109,57.0,57.20000076293945,14216161
2024-03-20,CENTRALBK,57.5,58.25,55.79999923706055,56.75,16608753
2024-03-21,CENTRALBK,58.29999923706055,59.45000076293945,57.59999847412109,57.900001525878906,15462631
2024-03-22,CENTRALBK,58.20000076293945,59.79999923706055,57.95000076293945,59.25,14903892
2024-03-26,CENTRALBK,59.150001525878906,60.0,58.150001525878906,58.34999847412109,9071528
2024-03-27,CENTRALBK,58.54999923706055,59.400001525878906,57.09999847412109,57.25,11064222
2024-03-28,CENTRALBK,57.84999847412109,61.650001525878906,57.75,59.79999923706055,31670415
2024-03-01,CENTRUM,34.20000076293945,35.29999923706055,33.04999923706055,34.099998474121094,843248
2024-03-04,CENTRUM,34.20000076293945,34.75,33.45000076293945,33.900001525878906,945683
2024-03-05,CENTRUM,34.0,34.400001525878906,33.0,33.150001525878906,762877
2024-03-06,CENTRUM,32.70000076293945,33.25,31.200000762939453,32.04999923706055,1213058
2024-03-07,CENTRUM,32.349998474121094,32.45000076293945,31.25,31.64999961853028,613347
2024-03-11,CENTRUM,31.450000762939453,31.950000762939453,29.299999237060547,30.049999237060547,1785582
2024-03-12,CENTRUM,30.0,30.700000762939453,28.450000762939453,28.850000381469727,1585881
2024-03-13,CENTRUM,28.850000381469727,29.799999237060547,25.700000762939453,26.25,1756470
2024-03-14,CENTRUM,25.700000762939453,31.0,25.450000762939453,30.25,3765377
2024-03-15,CENTRUM,30.25,31.0,28.850000381469727,29.39999961853028,1376924
2024-03-18,CENTRUM,29.39999961853028,32.400001525878906,28.25,31.39999961853028,1515730
2024-03-19,CENTRUM,31.39999961853028,31.950000762939453,30.049999237060547,31.14999961853028,1508612
2024-03-20,CENTRUM,31.049999237060547,31.5,29.799999237060547,30.049999237060547,661593
2024-03-21,CENTRUM,30.299999237060547,31.25,28.89999961853028,29.200000762939453,1142503
2024-03-22,CENTRUM,29.299999237060547,30.14999961853028,28.700000762939453,29.39999961853028,785370
2024-03-26,CENTRUM,29.5,30.5,28.350000381469727,28.549999237060547,958294
2024-03-27,CENTRUM,28.89999961853028,30.0,28.0,28.14999961853028,1556996
2024-03-28,CENTRUM,28.5,29.14999961853028,28.100000381469727,28.549999237060547,1061162
2024-03-01,CENTUM,1853.949951171875,1873.4000244140625,1817.0,1843.5,16977
2024-03-04,CENTUM,1876.0999755859373,1930.0,1830.050048828125,1848.9000244140625,15066
2024-03-05,CENTUM,1848.9000244140625,1950.0,1836.1500244140625,1861.199951171875,28029
2024-03-06,CENTUM,1975.0,1985.0,1801.0,1821.699951171875,133556
2024-03-07,CENTUM,1824.75,1831.0,1770.050048828125,1781.449951171875,66811
2024-03-11,CENTUM,1790.199951171875,1819.8499755859373,1602.699951171875,1628.5999755859375,52166
2024-03-12,CENTUM,1627.0,1682.9000244140625,1490.75,1536.300048828125,52162
2024-03-13,CENTUM,1551.6500244140625,1587.5,1412.050048828125,1433.5,58195
2024-03-14,CENTUM,1439.949951171875,1706.25,1427.0,1643.6500244140625,87723
2024-03-15,CENTUM,1645.0,1693.8499755859375,1536.0,1653.300048828125,54777
2024-03-18,CENTUM,1671.449951171875,1697.5,1629.1500244140625,1682.3499755859375,36528
2024-03-19,CENTUM,1682.3499755859375,1729.6500244140625,1605.0,1623.75,20030
2024-03-20,CENTUM,1622.699951171875,1638.699951171875,1572.300048828125,1600.550048828125,27042
2024-03-21,CENTUM,1608.550048828125,1656.550048828125,1605.0,1618.550048828125,9938
2024-03-22,CENTUM,1581.5999755859375,1646.9000244140625,1570.0,1629.9000244140625,23683
2024-03-26,CENTUM,1605.449951171875,1675.0,1605.449951171875,1638.1500244140625,12888
2024-03-27,CENTUM,1653.0,1724.9000244140625,1642.550048828125,1698.4000244140625,31720
2024-03-28,CENTUM,1716.9000244140625,1722.0999755859375,1670.0,1683.75,10322
2024-03-01,CENTURYPLY,705.7999877929688,717.9500122070312,704.0499877929688,709.3499755859375,43122
2024-03-04,CENTURYPLY,716.5499877929688,719.0,692.1500244140625,696.7999877929688,235430
2024-03-05,CENTURYPLY,698.0,700.5,670.0499877929688,689.6500244140625,228317
2024-03-06,CENTURYPLY,690.0,693.8499755859375,650.25,665.9000244140625,264500
2024-03-07,CENTURYPLY,660.0,671.25,656.7999877929688,667.5,120758
2024-03-11,CENTURYPLY,667.0,667.0,650.2000122070312,654.6500244140625,743295
2024-03-12,CENTURYPLY,654.5,669.0499877929688,647.0,660.7999877929688,157258
2024-03-13,CENTURYPLY,660.8499755859375,669.4000244140625,646.4000244140625,650.3499755859375,278382
2024-03-14,CENTURYPLY,639.9500122070312,699.5,635.0499877929688,690.1500244140625,1358166
2024-03-15,CENTURYPLY,682.9000244140625,684.75,654.2999877929688,667.0499877929688,223627
2024-03-18,CENTURYPLY,667.0499877929688,667.9500122070312,645.0,647.4000244140625,104602
2024-03-19,CENTURYPLY,650.6500244140625,650.6500244140625,636.4500122070312,639.75,44971
2024-03-20,CENTURYPLY,639.75,647.5499877929688,626.5,630.0,252840
2024-03-21,CENTURYPLY,638.0,644.0,630.4000244140625,637.4000244140625,211332
2024-03-22,CENTURYPLY,637.0,650.0,633.0999755859375,638.0999755859375,103437
2024-03-26,CENTURYPLY,638.0999755859375,650.0,627.7999877929688,639.9500122070312,92258
2024-03-27,CENTURYPLY,640.0,642.7999877929688,622.0999755859375,626.0999755859375,116260
2024-03-28,CENTURYPLY,626.0,658.9000244140625,625.9500122070312,640.0499877929688,248207
2024-03-01,CERA,7579.5,7638.85009765625,7542.7001953125,7596.5,10816
2024-03-04,CERA,7527.0498046875,7565.0,7500.0,7543.4501953125,10424
2024-03-05,CERA,7559.4501953125,7581.14990234375,7492.0498046875,7531.85009765625,25111
2024-03-06,CERA,7531.85009765625,7667.60009765625,7425.0,7647.14990234375,15201
2024-03-07,CERA,7654.7001953125,7715.0,7484.89990234375,7590.64990234375,23892
2024-03-11,CERA,7590.64990234375,7590.64990234375,7412.0,7469.2001953125,16703
2024-03-12,CERA,7483.9501953125,7490.0,7280.0,7304.10009765625,15277
2024-03-13,CERA,7300.0,7303.39990234375,6943.5,7026.2998046875,19660
2024-03-14,CERA,7026.2998046875,7350.0,6849.5498046875,6936.5,24799
2024-03-15,CERA,6930.5,7012.5,6897.75,6949.5,24701
2024-03-18,CERA,6905.0,6940.0,6795.60009765625,6813.7998046875,25223
2024-03-19,CERA,6848.39990234375,6870.0,6591.2001953125,6630.14990234375,21298
2024-03-20,CERA,6643.25,7077.7001953125,6643.25,6992.5498046875,47347
2024-03-21,CERA,7050.0,7077.5,6780.0,6811.14990234375,24542
2024-03-22,CERA,6831.60009765625,6950.0,6820.0,6841.14990234375,43633
2024-03-26,CERA,6989.0,6989.0,6781.0,6809.0,33663
2024-03-27,CERA,6870.5,6940.2001953125,6814.5498046875,6870.7998046875,51898
2024-03-28,CERA,6905.2001953125,6939.7998046875,6760.0,6782.5,10520
2024-03-01,CESC,126.8499984741211,129.3000030517578,125.8499984741211,126.6999969482422,4674159
2024-03-04,CESC,128.10000610351562,133.60000610351562,128.10000610351562,129.75,7530065
2024-03-05,CESC,130.0,130.39999389648438,127.0,128.3000030517578,3411156
2024-03-06,CESC,128.3000030517578,130.6999969482422,124.6999969482422,126.1999969482422,4803709
2024-03-07,CESC,126.1999969482422,128.5500030517578,124.8000030517578,125.3499984741211,3100807
2024-03-11,CESC,125.8499984741211,125.9000015258789,120.8000030517578,121.4000015258789,3766428
2024-03-12,CESC,121.4000015258789,121.4000015258789,116.3000030517578,119.9499969482422,5507624
2024-03-13,CESC,120.1999969482422,120.5500030517578,111.4000015258789,112.4499969482422,7472871
2024-03-14,CESC,110.1999969482422,117.5,109.75,116.9499969482422,4369059
2024-03-15,CESC,118.0,118.75,112.4000015258789,117.4499969482422,4531805
2024-03-18,CESC,117.5999984741211,119.0,114.5,115.0999984741211,3278597
2024-03-19,CESC,114.8499984741211,118.0500030517578,113.9000015258789,114.25,2737601
2024-03-20,CESC,114.9000015258789,116.8499984741211,112.8000030517578,113.5500030517578,4228808
2024-03-21,CESC,113.6999969482422,121.5,113.6999969482422,120.5500030517578,6524040
2024-03-22,CESC,120.0,122.9000015258789,118.3000030517578,119.6999969482422,4636040
2024-03-26,CESC,119.6999969482422,120.4499969482422,118.0500030517578,118.6999969482422,4001553
2024-03-27,CESC,119.6500015258789,124.4000015258789,118.9499969482422,122.0999984741211,7780336
2024-03-28,CESC,132.0,132.0,118.3000030517578,121.6500015258789,10305499
2024-03-01,CGCL,243.2250061035156,248.6374969482422,241.8874969482422,247.4125061035156,723524
2024-03-04,CGCL,246.25,248.4875030517578,240.0,241.0375061035156,730536
2024-03-05,CGCL,256.0,289.25,256.0,289.25,2707312
2024-03-06,CGCL,280.0,282.70001220703125,245.0,248.3999938964844,3797289
2024-03-07,CGCL,248.1000061035156,256.3999938964844,237.3999938964844,247.5500030517578,1797056
2024-03-11,CGCL,248.1000061035156,250.8000030517578,228.3500061035156,229.3000030517578,572747
2024-03-12,CGCL,230.1499938964844,230.1999969482422,219.8000030517578,221.3000030517578,551020
2024-03-13,CGCL,221.0,226.0,201.8000030517578,204.9499969482422,318755
2024-03-14,CGCL,204.25,214.6499938964844,195.5500030517578,211.5,411369
2024-03-15,CGCL,211.5500030517578,213.0500030517578,202.9499969482422,208.5,115936
2024-03-18,CGCL,208.4499969482422,219.0,202.3999938964844,214.6999969482422,194687
2024-03-19,CGCL,206.0,214.0,202.5,205.8999938964844,411514
2024-03-20,CGCL,207.0,211.9499969482422,196.0,208.3000030517578,430566
2024-03-21,CGCL,207.1499938964844,209.75,197.6499938964844,205.1999969482422,625267
2024-03-22,CGCL,205.8999938964844,208.8500061035156,201.1999969482422,202.1999969482422,143928
2024-03-26,CGCL,203.6499938964844,204.8000030517578,198.8999938964844,202.75,311295
2024-03-27,CGCL,202.75,208.0,200.0,204.6499938964844,1061285
2024-03-28,CGCL,205.6999969482422,208.0,200.0,204.1000061035156,273787
2024-03-01,CGPOWER,480.5,494.9500122070313,461.0,465.0,18454089
2024-03-04,CGPOWER,476.0499877929688,479.7999877929688,466.6000061035156,469.0499877929688,2122694
2024-03-05,CGPOWER,470.0,473.25,462.2999877929688,463.25,1390039
2024-03-06,CGPOWER,466.3999938964844,470.0,450.3500061035156,469.6499938964844,2431460
2024-03-07,CGPOWER,469.6499938964844,471.0,455.0,457.6499938964844,2561510
2024-03-11,CGPOWER,465.8500061035156,474.2000122070313,449.3999938964844,469.4500122070313,5360138
2024-03-12,CGPOWER,470.7999877929688,470.7999877929688,453.0,455.6499938964844,2573370
2024-03-13,CGPOWER,460.0,465.8999938964844,450.7999877929688,461.4500122070313,5876878
2024-03-14,CGPOWER,462.0,469.3999938964844,450.1000061035156,467.5,3037344
2024-03-15,CGPOWER,467.5499877929688,485.0,464.3500061035156,469.7000122070313,6427017
2024-03-18,CGPOWER,476.0,476.0,462.0499877929688,470.3500061035156,4267151
2024-03-19,CGPOWER,471.3500061035156,480.2999877929688,463.4500122070313,479.0,3207227
2024-03-20,CGPOWER,482.1000061035156,517.0,473.2000122070313,502.25,16844599
2024-03-21,CGPOWER,510.0,549.9500122070312,510.0,541.4000244140625,18510964
2024-03-22,CGPOWER,541.4000244140625,541.4000244140625,520.2000122070312,535.9500122070312,8796374
2024-03-26,CGPOWER,528.0,547.7000122070312,526.5,542.0999755859375,5369829
2024-03-27,CGPOWER,544.5,556.4000244140625,536.5499877929688,548.5,4958340
2024-03-28,CGPOWER,551.0499877929688,555.25,535.0,540.9000244140625,4052946
2024-03-01,CHALET,818.3499755859375,822.4000244140625,790.0,797.6500244140625,288145
2024-03-04,CHALET,826.5999755859375,834.9500122070312,803.25,812.5999755859375,154407
2024-03-05,CHALET,818.3499755859375,820.1500244140625,786.0,795.2999877929688,182679
2024-03-06,CHALET,799.5999755859375,802.25,763.0,765.25,241310
2024-03-07,CHALET,765.0,789.75,750.5999755859375,753.5,225295
2024-03-11,CHALET,756.7999877929688,760.5499877929688,719.5999755859375,743.4000244140625,451243
2024-03-12,CHALET,750.8499755859375,766.5499877929688,720.0,741.9500122070312,447739
2024-03-13,CHALET,734.2999877929688,755.0,705.4500122070312,725.1500244140625,486848
2024-03-14,CHALET,681.0499877929688,725.1500244140625,681.0499877929688,716.3499755859375,388067
2024-03-15,CHALET,719.9500122070312,759.0,702.75,735.25,2257194
2024-03-18,CHALET,737.3499755859375,746.75,725.0499877929688,738.0,125077
2024-03-19,CHALET,742.0,749.9000244140625,730.0,743.5,77176
2024-03-20,CHALET,743.5,798.4000244140625,742.3499755859375,794.4000244140625,1449745
2024-03-21,CHALET,790.0999755859375,832.2000122070312,790.0999755859375,823.4500122070312,1115264
2024-03-22,CHALET,815.0499877929688,831.6500244140625,809.4000244140625,819.0999755859375,612128
2024-03-26,CHALET,818.0,895.4000244140625,811.1500244140625,868.7999877929688,1150022
2024-03-27,CHALET,868.7999877929688,910.4500122070312,806.9000244140625,871.75,993361
2024-03-28,CHALET,875.0499877929688,958.0,875.0499877929688,883.2999877929688,3035993
2024-03-01,CHAMBLFERT,354.0,355.75,349.6499938964844,354.25,1411214
2024-03-04,CHAMBLFERT,353.0,356.8999938964844,352.5,354.6000061035156,827688
2024-03-05,CHAMBLFERT,354.0,361.5,353.0,357.3999938964844,1079793
2024-03-06,CHAMBLFERT,353.5,359.70001220703125,350.0,358.25,1180929
2024-03-07,CHAMBLFERT,359.25,378.3999938964844,359.25,372.75,6539905
2024-03-11,CHAMBLFERT,375.8999938964844,378.0,371.0499877929688,372.7000122070313,2275129
2024-03-12,CHAMBLFERT,374.4500122070313,374.5,357.6499938964844,358.8500061035156,1460140
2024-03-13,CHAMBLFERT,357.3500061035156,365.2999877929688,335.20001220703125,337.75,1946792
2024-03-14,CHAMBLFERT,335.1000061035156,349.95001220703125,332.04998779296875,347.0,1294690
2024-03-15,CHAMBLFERT,346.6499938964844,350.8999938964844,339.5,346.95001220703125,779617
2024-03-18,CHAMBLFERT,347.0,347.75,341.75,343.95001220703125,448220
2024-03-19,CHAMBLFERT,343.95001220703125,345.79998779296875,338.0,340.8999938964844,839367
2024-03-20,CHAMBLFERT,339.04998779296875,343.0,333.8500061035156,337.6499938964844,986823
2024-03-21,CHAMBLFERT,339.0,345.0,339.0,343.8500061035156,697485
2024-03-22,CHAMBLFERT,343.5,346.5,342.79998779296875,343.8500061035156,515830
2024-03-26,CHAMBLFERT,343.5,347.5,340.1000061035156,343.3999938964844,975189
2024-03-27,CHAMBLFERT,343.75,350.25,342.1499938964844,344.0,1202208
2024-03-28,CHAMBLFERT,346.29998779296875,347.8999938964844,340.95001220703125,342.0,1412096
2024-03-01,CHEMBOND,505.2000122070313,513.0,495.1000061035156,500.8500061035156,11020
2024-03-04,CHEMBOND,502.7999877929688,507.8999938964844,495.0,500.4500122070313,10496
2024-03-05,CHEMBOND,497.0,503.9500122070313,477.2000122070313,495.7999877929688,32795
2024-03-06,CHEMBOND,496.0,498.1499938964844,476.0499877929688,483.0499877929688,19471
2024-03-07,CHEMBOND,485.0499877929688,496.0,480.0,481.8500061035156,24835
2024-03-11,CHEMBOND,488.1000061035156,492.5,474.0,481.6000061035156,25461
2024-03-12,CHEMBOND,479.0,486.4500122070313,451.6000061035156,460.7999877929688,23559
2024-03-13,CHEMBOND,463.1000061035156,481.0,445.3999938964844,447.0499877929688,33485
2024-03-14,CHEMBOND,447.0,472.8999938964844,438.7000122070313,470.4500122070313,60578
2024-03-15,CHEMBOND,472.7000122070313,477.6499938964844,461.7999877929688,465.7000122070313,18737
2024-03-18,CHEMBOND,470.1000061035156,470.1000061035156,457.3999938964844,461.5499877929688,17100
2024-03-19,CHEMBOND,463.8999938964844,485.0,456.7999877929688,477.6000061035156,37149
2024-03-20,CHEMBOND,479.7000122070313,481.8500061035156,467.0499877929688,470.0499877929688,10678
2024-03-21,CHEMBOND,472.3999938964844,486.9500122070313,463.5499877929688,470.2000122070313,26624
2024-03-22,CHEMBOND,470.2999877929688,504.9500122070313,464.1499938964844,494.2999877929688,35686
2024-03-26,CHEMBOND,494.2999877929688,503.2000122070313,483.0,484.7999877929688,12206
2024-03-27,CHEMBOND,491.8500061035156,491.8500061035156,465.0,471.2000122070313,19584
2024-03-28,CHEMBOND,473.6000061035156,487.0,470.2000122070313,480.0,20994
2024-03-01,CHEMCON,272.45001220703125,277.3999938964844,271.29998779296875,272.0,74742
2024-03-04,CHEMCON,278.3999938964844,283.8999938964844,276.04998779296875,278.0,167655
2024-03-05,CHEMCON,278.8999938964844,287.0,278.3999938964844,281.8500061035156,170470
2024-03-06,CHEMCON,284.0,284.0,268.04998779296875,271.25,86610
2024-03-07,CHEMCON,272.25,276.3500061035156,270.5,271.29998779296875,38296
2024-03-11,CHEMCON,274.29998779296875,280.29998779296875,269.6000061035156,270.45001220703125,119655
2024-03-12,CHEMCON,273.0,274.0,258.0,260.1000061035156,82831
2024-03-13,CHEMCON,260.1000061035156,263.3500061035156,245.9499969482422,248.1999969482422,97899
2024-03-14,CHEMCON,252.0,257.54998779296875,250.1499938964844,255.25,60377
2024-03-15,CHEMCON,255.75,259.70001220703125,250.5,256.29998779296875,52802
2024-03-18,CHEMCON,260.1499938964844,260.5,254.8500061035156,257.0,35266
2024-03-19,CHEMCON,259.0,259.0,250.0,253.3999938964844,47430
2024-03-20,CHEMCON,253.0,254.4499969482422,247.0,247.5500030517578,54904
2024-03-21,CHEMCON,251.25,251.25,248.0,248.3999938964844,53800
2024-03-22,CHEMCON,249.0,258.8500061035156,249.0,252.9499969482422,104898
2024-03-26,CHEMCON,252.6499938964844,254.0,241.75,243.4499969482422,142251
2024-03-27,CHEMCON,243.0,246.3000030517578,235.0500030517578,237.25,183763
2024-03-28,CHEMCON,237.25,240.3500061035156,230.0500030517578,231.0,143129
2024-03-01,CHEMFAB,581.0,584.0,565.0,568.9500122070312,17509
2024-03-04,CHEMFAB,570.0,575.4000244140625,546.5999755859375,550.6500244140625,23001
2024-03-05,CHEMFAB,550.0499877929688,557.7999877929688,545.0,548.75,27385
2024-03-06,CHEMFAB,558.0,561.9500122070312,521.25,527.2999877929688,27939
2024-03-07,CHEMFAB,534.0,632.75,528.1500244140625,632.75,186410
2024-03-11,CHEMFAB,660.0,734.7000122070312,659.0,694.5499877929688,1045065
2024-03-12,CHEMFAB,685.0,690.0,625.0999755859375,625.0999755859375,234093
2024-03-13,CHEMFAB,610.0,643.7000122070312,562.5999755859375,563.7999877929688,130169
2024-03-14,CHEMFAB,551.2999877929688,620.1500244140625,544.0499877929688,598.2999877929688,104317
2024-03-15,CHEMFAB,618.7999877929688,619.0,585.0,613.25,45135
2024-03-18,CHEMFAB,628.2999877929688,633.0,601.9500122070312,613.75,31925
2024-03-19,CHEMFAB,613.75,622.8499755859375,597.75,604.25,16869
2024-03-20,CHEMFAB,610.2000122070312,623.9500122070312,580.5,598.2000122070312,19678
2024-03-21,CHEMFAB,605.5999755859375,658.0,605.5999755859375,658.0,37507
2024-03-22,CHEMFAB,670.0999755859375,700.0,642.0,660.0,93746
2024-03-26,CHEMFAB,679.0,679.0,647.7999877929688,654.9000244140625,24589
2024-03-27,CHEMFAB,660.0,664.75,631.2999877929688,641.5999755859375,15425
2024-03-28,CHEMFAB,643.0,675.0,643.0,652.2000122070312,19694
2024-03-01,CHEMPLASTS,466.2000122070313,522.2000122070312,464.0,491.9500122070313,360346
2024-03-04,CHEMPLASTS,488.7000122070313,496.2000122070313,459.2000122070313,463.4500122070313,297631
2024-03-05,CHEMPLASTS,460.8999938964844,461.7999877929688,453.5499877929688,455.75,95125
2024-03-06,CHEMPLASTS,456.0,456.9500122070313,444.1000061035156,448.7000122070313,64434
2024-03-07,CHEMPLASTS,453.7000122070313,454.6000061035156,447.0499877929688,452.1000061035156,76144
2024-03-11,CHEMPLASTS,452.1000061035156,454.9500122070313,431.2999877929688,439.7000122070313,89312
2024-03-12,CHEMPLASTS,441.8999938964844,443.2000122070313,426.4500122070313,439.5,85823
2024-03-13,CHEMPLASTS,439.5,439.5,422.8999938964844,432.3999938964844,163676
2024-03-14,CHEMPLASTS,436.3500061035156,444.75,429.3999938964844,441.7000122070313,75956
2024-03-15,CHEMPLASTS,440.0,443.8999938964844,427.3500061035156,433.1499938964844,130146
2024-03-18,CHEMPLASTS,432.0,440.0,422.0499877929688,424.5,57150
2024-03-19,CHEMPLASTS,422.0,434.5,416.75,429.7999877929688,97447
2024-03-20,CHEMPLASTS,433.0,442.7999877929688,422.0,423.2000122070313,256803
2024-03-21,CHEMPLASTS,427.0,441.7999877929688,426.25,436.8500061035156,77705
2024-03-22,CHEMPLASTS,435.0,456.7999877929688,435.0,443.2999877929688,730121
2024-03-26,CHEMPLASTS,443.2999877929688,447.25,434.1000061035156,438.0,96036
2024-03-27,CHEMPLASTS,438.8999938964844,451.0,437.3500061035156,447.75,134667
2024-03-28,CHEMPLASTS,454.1499938964844,454.1499938964844,440.0,450.0,120378
2024-03-01,CHENNPETRO,895.0,923.4000244140624,891.2999877929688,894.7000122070312,668337
2024-03-04,CHENNPETRO,910.0,913.9000244140624,890.6500244140625,893.9000244140625,468089
2024-03-05,CHENNPETRO,893.5,932.9500122070312,879.5499877929688,921.8499755859376,1804827
2024-03-06,CHENNPETRO,922.0,944.0,893.2999877929688,901.5,1051710
2024-03-07,CHENNPETRO,905.0,922.0,892.5999755859375,903.9500122070312,763297
2024-03-11,CHENNPETRO,896.0,905.5,882.9000244140625,887.9000244140625,524847
2024-03-12,CHENNPETRO,887.4500122070312,891.4500122070312,853.2000122070312,860.7000122070312,835943
2024-03-13,CHENNPETRO,860.0,860.0,743.0499877929688,777.3499755859375,1164141
2024-03-14,CHENNPETRO,780.9500122070312,857.9000244140625,768.0499877929688,851.0499877929688,1007230
2024-03-15,CHENNPETRO,840.0,885.9000244140625,812.8499755859375,877.2999877929688,1508523
2024-03-18,CHENNPETRO,882.5,885.0,827.5499877929688,846.5,653632
2024-03-19,CHENNPETRO,850.0,888.7999877929688,825.5,868.2000122070312,1697067
2024-03-20,CHENNPETRO,868.2000122070312,871.1500244140625,842.0,847.7000122070312,669188
2024-03-21,CHENNPETRO,857.7000122070312,884.7000122070312,857.7000122070312,865.4000244140625,697457
2024-03-22,CHENNPETRO,856.5,889.4500122070312,856.5,877.7000122070312,756727
2024-03-26,CHENNPETRO,877.7000122070312,894.7999877929688,860.0,878.0999755859375,880850
2024-03-27,CHENNPETRO,885.0,929.7000122070312,884.5,913.7999877929688,1843186
2024-03-28,CHENNPETRO,924.0,926.8499755859376,900.0,906.7999877929688,647649
2024-03-01,CHEVIOT,1358.25,1379.0,1357.0999755859375,1363.699951171875,1590
2024-03-04,CHEVIOT,1363.0,1373.550048828125,1350.300048828125,1366.8499755859375,4866
2024-03-05,CHEVIOT,1361.050048828125,1363.949951171875,1338.25,1347.050048828125,2301
2024-03-06,CHEVIOT,1347.050048828125,1358.800048828125,1333.050048828125,1340.0999755859375,7034
2024-03-07,CHEVIOT,1335.0,1431.949951171875,1331.0,1408.0999755859375,16973
2024-03-11,CHEVIOT,1430.0,1430.0,1349.4000244140625,1355.75,7963
2024-03-12,CHEVIOT,1367.949951171875,1367.949951171875,1325.550048828125,1335.1500244140625,3268
2024-03-13,CHEVIOT,1329.949951171875,1360.449951171875,1251.25,1262.5999755859375,6119
2024-03-14,CHEVIOT,1243.6500244140625,1318.3499755859375,1243.6500244140625,1293.0,3215
2024-03-15,CHEVIOT,1294.949951171875,1303.800048828125,1250.050048828125,1273.25,2576
2024-03-18,CHEVIOT,1280.3499755859375,1280.3499755859375,1253.3499755859375,1268.1500244140625,5233
2024-03-19,CHEVIOT,1267.300048828125,1271.9000244140625,1260.0,1265.75,1402
2024-03-20,CHEVIOT,1280.550048828125,1280.550048828125,1250.0,1256.550048828125,2842
2024-03-21,CHEVIOT,1260.8499755859375,1276.550048828125,1259.8499755859375,1266.25,3373
2024-03-22,CHEVIOT,1319.949951171875,1320.550048828125,1274.5,1299.0,4100
2024-03-26,CHEVIOT,1280.5,1297.699951171875,1260.050048828125,1268.949951171875,6144
2024-03-27,CHEVIOT,1260.0,1295.0,1240.0,1251.050048828125,4717
2024-03-28,CHEVIOT,1273.449951171875,1287.0,1251.1500244140625,1255.1500244140625,6686
2024-03-01,CHOICEIN,276.20001220703125,277.79998779296875,271.75,273.79998779296875,383393
2024-03-04,CHOICEIN,280.0,280.0,270.1000061035156,274.8500061035156,274316
2024-03-05,CHOICEIN,277.5,277.5,269.1499938964844,274.6000061035156,423542
2024-03-06,CHOICEIN,274.6000061035156,275.0,268.0,274.1000061035156,657991
2024-03-07,CHOICEIN,274.79998779296875,275.70001220703125,268.0,270.29998779296875,293855
2024-03-11,CHOICEIN,270.70001220703125,270.75,260.25,262.0,286333
2024-03-12,CHOICEIN,262.0,262.3500061035156,250.3000030517578,255.5,538033
2024-03-13,CHOICEIN,258.79998779296875,258.79998779296875,243.8500061035156,246.0500030517578,592596
2024-03-14,CHOICEIN,246.8000030517578,258.0,244.0,253.6999969482422,303617
2024-03-15,CHOICEIN,254.0,255.4499969482422,247.0,250.8999938964844,391347
2024-03-18,CHOICEIN,253.8999938964844,254.8000030517578,247.6000061035156,250.1000061035156,260601
2024-03-19,CHOICEIN,250.9499969482422,252.0,246.1000061035156,249.0500030517578,511953
2024-03-20,CHOICEIN,250.1999969482422,252.8000030517578,245.5500030517578,249.8999938964844,666416
2024-03-21,CHOICEIN,253.0,257.3500061035156,250.1999969482422,252.3500061035156,575649
2024-03-22,CHOICEIN,255.9499969482422,262.54998779296875,254.1499938964844,258.5,500296
2024-03-26,CHOICEIN,258.6499938964844,263.5,256.0,261.6499938964844,535326
2024-03-27,CHOICEIN,261.8500061035156,264.5,259.1499938964844,260.3999938964844,784066
2024-03-28,CHOICEIN,264.5,275.79998779296875,262.25,273.3999938964844,702145
2024-03-01,CHOLAFIN,1090.050048828125,1099.0,1080.5,1095.8499755859375,639779
2024-03-04,CHOLAFIN,1085.0,1094.949951171875,1071.0,1075.550048828125,1497000
2024-03-05,CHOLAFIN,1079.9000244140625,1094.5,1042.199951171875,1046.9000244140625,2399949
2024-03-06,CHOLAFIN,1041.0,1056.300048828125,1011.2000122070312,1019.5999755859376,2251068
2024-03-07,CHOLAFIN,1041.0,1089.699951171875,1036.550048828125,1083.25,4704679
2024-03-11,CHOLAFIN,1092.0,1107.9000244140625,1086.800048828125,1095.449951171875,2070659
2024-03-12,CHOLAFIN,1090.0,1096.550048828125,1059.800048828125,1066.449951171875,1860620
2024-03-13,CHOLAFIN,1070.1500244140625,1070.800048828125,1035.8499755859375,1048.300048828125,2403094
2024-03-14,CHOLAFIN,1053.699951171875,1080.0,1034.300048828125,1070.8499755859375,1692979
2024-03-15,CHOLAFIN,1074.949951171875,1086.0,1055.6500244140625,1067.8499755859375,1670380
2024-03-18,CHOLAFIN,1071.0,1071.300048828125,1051.0,1056.4000244140625,824132
2024-03-19,CHOLAFIN,1053.5,1058.5,1040.050048828125,1046.75,3933520
2024-03-20,CHOLAFIN,1044.5,1051.300048828125,1026.6500244140625,1044.800048828125,1241436
2024-03-21,CHOLAFIN,1052.0,1081.5999755859375,1047.550048828125,1074.199951171875,3184470
2024-03-22,CHOLAFIN,1072.050048828125,1093.5,1066.199951171875,1089.4000244140625,1861277
2024-03-26,CHOLAFIN,1080.4000244140625,1131.0,1077.5,1115.199951171875,3092010
2024-03-27,CHOLAFIN,1119.0,1133.0,1113.0999755859375,1130.199951171875,1445844
2024-03-28,CHOLAFIN,1130.199951171875,1168.5999755859375,1130.199951171875,1156.5999755859375,1845633
2024-03-01,CHOLAHLDNG,1064.050048828125,1086.800048828125,1048.0,1076.949951171875,33866
2024-03-04,CHOLAHLDNG,1070.0,1084.1500244140625,1063.0,1069.5999755859375,54929
2024-03-05,CHOLAHLDNG,1071.949951171875,1075.75,1033.5999755859375,1038.949951171875,131633
2024-03-06,CHOLAHLDNG,1046.0,1049.0,1008.0,1041.449951171875,53718
2024-03-07,CHOLAHLDNG,1041.0,1102.0,1031.0999755859375,1080.050048828125,52311
2024-03-11,CHOLAHLDNG,1093.199951171875,1102.0,1080.1500244140625,1095.6500244140625,163326
2024-03-12,CHOLAHLDNG,1103.0,1103.0,1067.0999755859375,1085.199951171875,124931
2024-03-13,CHOLAHLDNG,1085.0,1085.0,1012.0999755859376,1049.3499755859375,302011
2024-03-14,CHOLAHLDNG,1030.1500244140625,1047.550048828125,1002.5499877929688,1031.1500244140625,246119
2024-03-15,CHOLAHLDNG,1029.1500244140625,1068.050048828125,1014.2000122070312,1035.0,239672
2024-03-18,CHOLAHLDNG,1046.949951171875,1046.949951171875,1006.0499877929688,1030.050048828125,213659
2024-03-19,CHOLAHLDNG,1030.0,1030.0,999.3499755859376,1012.0999755859376,178369
2024-03-20,CHOLAHLDNG,1010.0999755859376,1034.0,989.0499877929688,1000.4500122070312,63140
2024-03-21,CHOLAHLDNG,1010.0,1053.0,1003.5,1050.800048828125,69977
2024-03-22,CHOLAHLDNG,1044.6500244140625,1098.0999755859375,1043.050048828125,1087.449951171875,186103
2024-03-26,CHOLAHLDNG,1083.3499755859375,1094.0,1058.699951171875,1084.5999755859375,66136
2024-03-27,CHOLAHLDNG,1084.5999755859375,1108.0,1071.9000244140625,1096.050048828125,72256
2024-03-28,CHOLAHLDNG,1108.0,1123.0,1082.800048828125,1111.5,85097
2024-03-01,CIEINDIA,444.7000122070313,453.8999938964844,438.0,441.1000061035156,2414414
2024-03-04,CIEINDIA,448.5499877929688,461.8500061035156,439.2999877929688,452.8999938964844,2917864
2024-03-05,CIEINDIA,455.3999938964844,455.6499938964844,441.6000061035156,446.2999877929688,681525
2024-03-06,CIEINDIA,445.0,452.6499938964844,441.0,443.5499877929688,2725271
2024-03-07,CIEINDIA,445.7000122070313,448.7999877929688,442.25,445.6000061035156,970570
2024-03-11,CIEINDIA,446.0,446.4500122070313,433.3500061035156,441.0,1234903
2024-03-12,CIEINDIA,437.0,441.2999877929688,434.0,440.0,304589
2024-03-13,CIEINDIA,440.0,440.0499877929688,416.0,419.2000122070313,1076738
2024-03-14,CIEINDIA,406.7999877929688,432.2999877929688,406.7999877929688,430.1000061035156,511224
2024-03-15,CIEINDIA,430.0,438.7000122070313,425.0499877929688,434.6000061035156,356112
2024-03-18,CIEINDIA,437.75,445.0,434.5,439.3500061035156,601975
2024-03-19,CIEINDIA,442.2999877929688,443.3999938964844,434.3500061035156,436.5499877929688,191354
2024-03-20,CIEINDIA,435.0,438.3999938964844,426.6499938964844,433.9500122070313,612458
2024-03-21,CIEINDIA,438.0499877929688,442.7999877929688,435.6499938964844,441.6499938964844,327346
2024-03-22,CIEINDIA,443.8500061035156,449.7000122070313,440.0,445.5499877929688,237917
2024-03-26,CIEINDIA,445.5499877929688,449.0,440.5,445.1000061035156,262268
2024-03-27,CIEINDIA,447.0,457.8500061035156,442.1000061035156,453.0499877929688,883698
2024-03-28,CIEINDIA,455.8999938964844,467.0,452.75,461.7999877929688,515443
2024-03-01,CINELINE,120.5,128.6999969482422,120.5,125.6999969482422,48743
2024-03-04,CINELINE,125.0999984741211,126.8000030517578,121.0,122.3000030517578,44385
2024-03-05,CINELINE,123.8000030517578,123.8000030517578,119.5,120.1999969482422,23008
2024-03-06,CINELINE,119.0,120.0500030517578,113.4499969482422,118.8499984741211,57565
2024-03-07,CINELINE,120.5999984741211,128.0500030517578,118.0,125.5,51424
2024-03-11,CINELINE,126.6999969482422,127.9000015258789,120.5,123.8499984741211,69457
2024-03-12,CINELINE,123.0,124.8000030517578,116.3499984741211,121.1999969482422,67950
2024-03-13,CINELINE,124.6999969482422,126.9000015258789,108.1500015258789,111.25,168455
2024-03-14,CINELINE,105.75,116.9000015258789,105.75,112.9000015258789,66496
2024-03-15,CINELINE,112.9499969482422,116.3000030517578,109.0,114.4000015258789,29070
2024-03-18,CINELINE,118.75,118.8000030517578,114.5,115.9499969482422,18555
2024-03-19,CINELINE,115.0,119.0,112.0,118.4499969482422,62864
2024-03-20,CINELINE,120.1999969482422,120.1999969482422,116.0,116.5,23698
2024-03-21,CINELINE,118.8499984741211,118.8499984741211,115.0,115.9000015258789,36951
2024-03-22,CINELINE,116.5,122.25,115.0,120.8000030517578,24434
2024-03-26,CINELINE,122.4000015258789,140.9499969482422,118.8000030517578,132.8000030517578,389376
2024-03-27,CINELINE,133.0,133.0,124.5,125.8000030517578,55062
2024-03-28,CINELINE,127.0,130.0,120.8000030517578,121.8499984741211,83204
2024-03-01,CINEVISTA,20.850000381469727,22.0,20.799999237060547,21.25,68768
2024-03-04,CINEVISTA,21.950000762939453,21.950000762939453,19.25,20.64999961853028,186237
2024-03-05,CINEVISTA,20.950000762939453,21.299999237060547,19.600000381469727,19.950000762939453,121799
2024-03-06,CINEVISTA,20.0,20.25,19.100000381469727,19.450000762939453,50168
2024-03-07,CINEVISTA,19.39999961853028,19.75,19.14999961853028,19.450000762939453,33657
2024-03-11,CINEVISTA,19.25,19.64999961853028,19.049999237060547,19.100000381469727,19957
2024-03-12,CINEVISTA,18.89999961853028,18.89999961853028,17.600000381469727,18.299999237060547,133565
2024-03-13,CINEVISTA,18.39999961853028,18.549999237060547,16.600000381469727,17.0,105641
2024-03-14,CINEVISTA,17.5,18.450000762939453,16.75,18.14999961853028,69603
2024-03-15,CINEVISTA,18.350000381469727,18.75,17.399999618530273,17.899999618530273,47400
2024-03-18,CINEVISTA,18.299999237060547,19.64999961853028,17.850000381469727,19.549999237060547,68601
2024-03-19,CINEVISTA,19.39999961853028,19.850000381469727,18.049999237060547,18.100000381469727,87715
2024-03-20,CINEVISTA,18.450000762939453,18.700000762939453,17.75,18.049999237060547,44746
2024-03-21,CINEVISTA,18.049999237060547,18.89999961853028,18.049999237060547,18.799999237060547,40220
2024-03-22,CINEVISTA,18.75,20.25,18.350000381469727,19.64999961853028,45938
2024-03-26,CINEVISTA,19.89999961853028,20.75,19.049999237060547,19.25,53766
2024-03-27,CINEVISTA,18.89999961853028,20.25,18.14999961853028,18.450000762939453,50503
2024-03-28,CINEVISTA,18.25,18.75,18.049999237060547,18.25,22134
2024-03-01,CIPLA,1494.0,1494.0,1460.0,1470.9000244140625,1982189
2024-03-04,CIPLA,1483.0,1495.300048828125,1469.75,1471.5,1147249
2024-03-05,CIPLA,1465.1500244140625,1479.699951171875,1452.800048828125,1473.449951171875,1306046
2024-03-06,CIPLA,1476.0,1489.9000244140625,1448.1500244140625,1485.25,1158132
2024-03-07,CIPLA,1485.25,1490.449951171875,1475.5,1483.1500244140625,1569074
2024-03-11,CIPLA,1493.0,1519.0,1488.550048828125,1504.0999755859375,2183994
2024-03-12,CIPLA,1512.0,1514.0,1460.0,1465.75,1855916
2024-03-13,CIPLA,1470.0,1479.0,1449.0,1471.25,1720173
2024-03-14,CIPLA,1467.0999755859375,1501.449951171875,1454.3499755859375,1496.6500244140625,1748907
2024-03-15,CIPLA,1494.800048828125,1496.199951171875,1466.050048828125,1488.050048828125,1537072
2024-03-18,CIPLA,1489.0,1495.8499755859375,1471.0,1488.449951171875,996530
2024-03-19,CIPLA,1482.550048828125,1486.800048828125,1431.0999755859375,1435.699951171875,1647925
2024-03-20,CIPLA,1435.800048828125,1444.9000244140625,1415.5999755859375,1417.4000244140625,1728210
2024-03-21,CIPLA,1427.0,1455.0999755859375,1420.199951171875,1448.699951171875,1699939
2024-03-22,CIPLA,1453.0,1489.5999755859375,1451.050048828125,1481.25,1746930
2024-03-26,CIPLA,1473.0,1481.25,1460.0,1472.25,1635695
2024-03-27,CIPLA,1484.0,1496.0,1458.0,1463.3499755859375,1642266
2024-03-28,CIPLA,1472.0,1514.199951171875,1461.1500244140625,1496.949951171875,2110407
2024-03-01,CLEAN,1414.699951171875,1418.8499755859375,1397.75,1400.5,75346
2024-03-04,CLEAN,1419.699951171875,1422.800048828125,1387.050048828125,1389.8499755859375,74596
2024-03-05,CLEAN,1392.4000244140625,1426.050048828125,1385.1500244140625,1407.25,193573
2024-03-06,CLEAN,1406.6500244140625,1406.6500244140625,1366.0,1379.199951171875,102690
2024-03-07,CLEAN,1386.949951171875,1400.9000244140625,1371.050048828125,1375.25,70821
2024-03-11,CLEAN,1375.050048828125,1378.5999755859375,1340.0,1343.800048828125,103414
2024-03-12,CLEAN,1343.800048828125,1354.199951171875,1314.0,1336.550048828125,110285
2024-03-13,CLEAN,1339.949951171875,1346.699951171875,1285.0,1290.1500244140625,125540
2024-03-14,CLEAN,1290.1500244140625,1322.0,1277.199951171875,1301.449951171875,185968
2024-03-15,CLEAN,1309.0,1333.0,1296.5999755859375,1299.25,139567
2024-03-18,CLEAN,1310.0,1313.8499755859375,1280.050048828125,1287.6500244140625,116183
2024-03-19,CLEAN,1288.0,1315.0,1286.050048828125,1304.3499755859375,84913
2024-03-20,CLEAN,1305.0,1327.0,1280.0,1300.800048828125,86002
2024-03-21,CLEAN,1300.0,1317.9000244140625,1295.0,1296.8499755859375,80543
2024-03-22,CLEAN,1300.0,1322.8499755859375,1298.0,1307.300048828125,87200
2024-03-26,CLEAN,1307.300048828125,1318.800048828125,1290.050048828125,1314.050048828125,177336
2024-03-27,CLEAN,1322.800048828125,1355.5,1307.199951171875,1348.25,242499
2024-03-28,CLEAN,1356.0,1360.0,1316.1500244140625,1329.3499755859375,226251
2024-03-01,CLEDUCATE,86.1500015258789,91.0,85.8499984741211,86.25,122725
2024-03-04,CLEDUCATE,88.19999694824219,89.4000015258789,86.0,88.25,241401
2024-03-05,CLEDUCATE,100.0,105.9000015258789,91.0,92.25,3216763
2024-03-06,CLEDUCATE,92.3000030517578,95.6999969482422,90.6500015258789,94.0,381533
2024-03-07,CLEDUCATE,96.8000030517578,96.8000030517578,91.0,93.5,144174
2024-03-11,CLEDUCATE,93.1500015258789,93.1500015258789,87.3499984741211,88.05000305175781,226744
2024-03-12,CLEDUCATE,88.0,89.0,85.30000305175781,86.5,166991
2024-03-13,CLEDUCATE,85.3499984741211,87.19999694824219,79.0,80.80000305175781,199118
2024-03-14,CLEDUCATE,80.19999694824219,87.4000015258789,78.25,86.19999694824219,97365
2024-03-15,CLEDUCATE,86.19999694824219,86.3499984741211,80.8499984741211,82.19999694824219,71960
2024-03-18,CLEDUCATE,82.25,86.44999694824219,79.30000305175781,84.9000015258789,149977
2024-03-19,CLEDUCATE,85.30000305175781,88.69999694824219,83.0999984741211,86.05000305175781,75847
2024-03-20,CLEDUCATE,86.0999984741211,89.8499984741211,84.5,88.0999984741211,56979
2024-03-21,CLEDUCATE,88.75,88.94999694824219,85.5,86.94999694824219,78315
2024-03-22,CLEDUCATE,87.30000305175781,89.0,85.0,85.55000305175781,59825
2024-03-26,CLEDUCATE,85.9000015258789,89.5,84.05000305175781,86.8499984741211,95693
2024-03-27,CLEDUCATE,85.5,92.0,85.0,85.5,113968
2024-03-28,CLEDUCATE,86.0,87.44999694824219,84.55000305175781,85.6500015258789,64495
2024-03-01,CLSEL,230.0,233.3500061035156,227.0500030517578,231.1499938964844,96679
2024-03-04,CLSEL,240.0,240.3999938964844,231.8000030517578,232.3500061035156,70863
2024-03-05,CLSEL,232.8999938964844,234.4499969482422,228.1999969482422,229.1999969482422,48477
2024-03-06,CLSEL,232.0,232.5500030517578,222.0,223.6999969482422,79396
2024-03-07,CLSEL,225.9499969482422,227.6000061035156,217.3500061035156,222.9499969482422,94550
2024-03-11,CLSEL,222.9499969482422,223.8500061035156,213.8500061035156,215.4499969482422,107299
2024-03-12,CLSEL,213.3500061035156,215.8500061035156,205.1499938964844,208.6499938964844,182014
2024-03-13,CLSEL,209.4499969482422,212.9499969482422,197.0,205.8500061035156,197539
2024-03-14,CLSEL,204.0,214.8999938964844,201.6999969482422,212.6499938964844,125374
2024-03-15,CLSEL,212.1999969482422,214.3500061035156,208.3000030517578,211.5,54893
2024-03-18,CLSEL,211.0,213.9499969482422,200.0,203.4499969482422,133982
2024-03-19,CLSEL,204.8999938964844,209.3999938964844,202.3999938964844,206.3500061035156,66296
2024-03-20,CLSEL,209.3000030517578,210.0500030517578,201.8500061035156,206.3500061035156,85103
2024-03-21,CLSEL,207.4499969482422,211.3500061035156,205.3500061035156,206.6000061035156,75360
2024-03-22,CLSEL,207.9499969482422,216.3500061035156,206.0,210.5500030517578,98704
2024-03-26,CLSEL,213.0,217.0500030517578,210.5,212.6000061035156,84340
2024-03-27,CLSEL,212.6000061035156,214.0,205.0,206.9499969482422,77419
2024-03-28,CLSEL,207.0,210.5,202.5500030517578,203.5500030517578,69965
2024-03-01,CMSINFO,394.0,413.7000122070313,389.0,398.8999938964844,8216004
2024-03-04,CMSINFO,404.5,404.7000122070313,394.3999938964844,398.0499877929688,1565564
2024-03-05,CMSINFO,402.0,403.3999938964844,393.8999938964844,396.8999938964844,1482795
2024-03-06,CMSINFO,396.1000061035156,397.0,382.0499877929688,389.4500122070313,1496555
2024-03-07,CMSINFO,390.0,404.0,385.2999877929688,399.1499938964844,1854717
2024-03-11,CMSINFO,400.8999938964844,407.0,391.9500122070313,399.9500122070313,2283445
2024-03-12,CMSINFO,403.25,408.7000122070313,394.2000122070313,399.8999938964844,2012345
2024-03-13,CMSINFO,400.5,408.4500122070313,376.0499877929688,379.25,2274244
2024-03-14,CMSINFO,376.0,397.5,376.0,394.5,1603045
2024-03-15,CMSINFO,396.9500122070313,399.0,382.8500061035156,385.5499877929688,5341051
2024-03-18,CMSINFO,386.8999938964844,389.0,382.1000061035156,386.8999938964844,808980
2024-03-19,CMSINFO,389.5,392.6499938964844,383.8500061035156,386.5,690174
2024-03-20,CMSINFO,386.5,389.6000061035156,375.0499877929688,376.0,758878
2024-03-21,CMSINFO,385.0,385.3500061035156,378.6499938964844,380.3500061035156,679221
2024-03-22,CMSINFO,380.2000122070313,386.7999877929688,378.5499877929688,384.6499938964844,475335
2024-03-26,CMSINFO,384.6499938964844,394.5,383.2999877929688,386.7000122070313,792698
2024-03-27,CMSINFO,389.8999938964844,393.7999877929688,386.5499877929688,389.2000122070313,1374444
2024-03-28,CMSINFO,394.2000122070313,394.2000122070313,387.7999877929688,390.6499938964844,403470
2024-03-01,CNL,736.0499877929688,754.0999755859375,721.0,726.0499877929688,19854
2024-03-04,CNL,755.0,755.0,725.3499755859375,729.2999877929688,14527
2024-03-05,CNL,725.5499877929688,739.7000122070312,724.4500122070312,734.7999877929688,8204
2024-03-06,CNL,738.5499877929688,739.9500122070312,700.0999755859375,714.0,17521
2024-03-07,CNL,715.0,735.5,715.0,727.4500122070312,3511
2024-03-11,CNL,773.7999877929688,773.7999877929688,725.0,733.9500122070312,22699
2024-03-12,CNL,739.9500122070312,739.9500122070312,697.0,701.5499877929688,31359
2024-03-13,CNL,701.5499877929688,735.0,660.0499877929688,662.75,50550
2024-03-14,CNL,625.0,707.0499877929688,625.0,697.7999877929688,23770
2024-03-15,CNL,700.0,700.0,691.0,691.0999755859375,24776
2024-03-18,CNL,700.5,708.7000122070312,675.1500244140625,689.3499755859375,4550
2024-03-19,CNL,685.0,690.0,673.4000244140625,689.9000244140625,6918
2024-03-20,CNL,700.25,700.25,691.0,699.75,5098
2024-03-21,CNL,704.6500244140625,734.7000122070312,690.0,712.8499755859375,121305
2024-03-22,CNL,716.0499877929688,732.0,701.0499877929688,707.1500244140625,34688
2024-03-26,CNL,711.0,711.0,682.0999755859375,696.75,10971
2024-03-27,CNL,701.3499755859375,733.5999755859375,679.6500244140625,699.5499877929688,46514
2024-03-28,CNL,704.9000244140625,717.75,700.0,712.5499877929688,4597
2024-03-01,COALINDIA,438.0,448.7999877929688,438.0,446.3500061035156,8411615
2024-03-04,COALINDIA,451.8500061035156,458.0,448.0499877929688,455.3999938964844,11977226
2024-03-05,COALINDIA,456.0,461.75,453.5499877929688,460.6499938964844,9605493
2024-03-06,COALINDIA,462.4500122070313,464.9500122070313,444.5499877929688,461.6000061035156,14061966
2024-03-07,COALINDIA,461.6000061035156,465.3999938964844,456.0499877929688,458.6000061035156,9680802
2024-03-11,COALINDIA,461.0,462.8500061035156,452.3999938964844,453.8999938964844,7824738
2024-03-12,COALINDIA,453.8999938964844,455.7999877929688,446.7000122070313,449.2999877929688,8409613
2024-03-13,COALINDIA,449.2999877929688,449.8999938964844,410.0,417.0499877929688,17803423
2024-03-14,COALINDIA,419.0,428.8500061035156,412.2000122070313,427.7000122070313,20478918
2024-03-15,COALINDIA,427.7000122070313,428.0499877929688,401.2000122070313,415.25,25435001
2024-03-18,COALINDIA,416.0,423.5,413.5499877929688,421.8500061035156,9803914
2024-03-19,COALINDIA,417.0,424.6000061035156,414.0,419.0499877929688,8373676
2024-03-20,COALINDIA,419.7999877929688,422.7999877929688,412.7000122070313,419.5,6950340
2024-03-21,COALINDIA,424.0,433.5499877929688,423.1499938964844,432.0499877929688,9911230
2024-03-22,COALINDIA,430.8999938964844,436.2000122070313,428.2999877929688,431.9500122070313,9172888
2024-03-26,COALINDIA,433.7999877929688,440.9500122070313,430.8999938964844,435.9500122070313,9389403
2024-03-27,COALINDIA,439.7999877929688,439.7999877929688,426.0499877929688,429.4500122070313,17985246
2024-03-28,COALINDIA,430.0,438.4500122070313,430.0,434.1000061035156,10332853
2024-03-01,COASTCORP,57.959999084472656,58.97999954223633,57.0,57.220001220703125,153655
2024-03-04,COASTCORP,59.56999969482422,60.540000915527344,57.61000061035156,58.650001525878906,102120
2024-03-05,COASTCORP,58.02000045776367,59.7400016784668,57.20000076293945,57.619998931884766,109815
2024-03-06,COASTCORP,58.58000183105469,58.58000183105469,54.31999969482422,55.66999816894531,176630
2024-03-07,COASTCORP,55.68999862670898,57.68000030517578,55.119998931884766,56.86000061035156,148425
2024-03-11,COASTCORP,55.70000076293945,56.790000915527344,53.0,54.18000030517578,240415
2024-03-12,COASTCORP,54.18000030517578,54.18000030517578,51.40999984741211,51.68000030517578,268070
2024-03-13,COASTCORP,52.0,52.59000015258789,46.59999847412109,48.709999084472656,479720
2024-03-14,COASTCORP,49.38999938964844,51.59000015258789,47.060001373291016,49.310001373291016,275005
2024-03-15,COASTCORP,49.0,49.900001525878906,46.9900016784668,47.93999862670898,258925
2024-03-18,COASTCORP,48.790000915527344,49.77999877929688,46.41999816894531,48.540000915527344,283445
2024-03-19,COASTCORP,48.13999938964844,49.70000076293945,47.900001525878906,49.130001068115234,107640
2024-03-20,COASTCORP,48.09000015258789,49.4900016784668,47.61000061035156,48.65999984741211,79075
2024-03-21,COASTCORP,49.52999877929688,50.72999954223633,48.29999923706055,49.86000061035156,92545
2024-03-22,COASTCORP,49.9900016784668,51.0,49.400001525878906,49.84000015258789,71560
2024-03-26,COASTCORP,49.790000915527344,50.619998931884766,48.54999923706055,49.2400016784668,155360
2024-03-27,COASTCORP,49.0,49.459999084472656,47.720001220703125,48.09999847412109,194540
2024-03-28,COASTCORP,47.400001525878906,49.7400016784668,47.400001525878906,47.59000015258789,256655
2024-03-01,COCHINSHIP,878.9000244140625,883.9000244140625,868.0,873.7999877929688,1472366
2024-03-04,COCHINSHIP,876.9000244140625,913.7999877929688,864.5,881.2999877929688,3402600
2024-03-05,COCHINSHIP,884.5499877929688,890.0999755859375,872.7999877929688,876.25,1082470
2024-03-06,COCHINSHIP,875.9500122070312,876.6500244140625,843.75,854.8499755859375,1472985
2024-03-07,COCHINSHIP,854.8499755859375,875.7000122070312,853.8499755859375,867.2000122070312,1011544
2024-03-11,COCHINSHIP,867.2000122070312,867.2000122070312,845.0,848.2999877929688,787870
2024-03-12,COCHINSHIP,850.0,856.0,814.2000122070312,818.0499877929688,1407869
2024-03-13,COCHINSHIP,820.0,837.2000122070312,716.4500122070312,730.7999877929688,3454793
2024-03-14,COCHINSHIP,739.9500122070312,814.0,713.3499755859375,804.2999877929688,3713524
2024-03-15,COCHINSHIP,805.0,905.0,788.5999755859375,890.4500122070312,11812467
2024-03-18,COCHINSHIP,897.0,912.3499755859376,870.4500122070312,875.5,3171617
2024-03-19,COCHINSHIP,873.8499755859375,911.3499755859376,864.25,881.2000122070312,4560368
2024-03-20,COCHINSHIP,888.7999877929688,903.9500122070312,875.0,878.25,1640751
2024-03-21,COCHINSHIP,887.4500122070312,922.9000244140624,884.7000122070312,895.8499755859375,4687245
2024-03-22,COCHINSHIP,898.0,930.7999877929688,897.0499877929688,902.4500122070312,3150242
2024-03-26,COCHINSHIP,906.8499755859376,909.75,878.0,893.25,1637539
2024-03-27,COCHINSHIP,895.0,901.2000122070312,865.0,872.4500122070312,1647346
2024-03-28,COCHINSHIP,883.4000244140625,891.0999755859375,866.25,871.7999877929688,905880
2024-03-01,COFFEEDAY,57.650001525878906,58.79999923706055,56.5,56.79999923706055,4881386
2024-03-04,COFFEEDAY,57.25,57.5,55.5,56.04999923706055,2001509
2024-03-05,COFFEEDAY,56.09999847412109,56.400001525878906,54.59999847412109,55.75,3358629
2024-03-06,COFFEEDAY,55.900001525878906,57.0,53.400001525878906,55.04999923706055,4188132
2024-03-07,COFFEEDAY,55.09999847412109,56.0,54.84999847412109,55.5,1697730
2024-03-11,COFFEEDAY,56.400001525878906,56.59999847412109,53.0,53.25,2971836
2024-03-12,COFFEEDAY,53.34999847412109,53.84999847412109,50.95000076293945,51.84999847412109,3888601
2024-03-13,COFFEEDAY,53.0,56.34999847412109,50.04999923706055,50.59999847412109,8420554
2024-03-14,COFFEEDAY,50.59999847412109,53.400001525878906,49.09999847412109,52.95000076293945,5497819
2024-03-15,COFFEEDAY,53.0,54.04999923706055,51.59999847412109,53.04999923706055,2970175
2024-03-18,COFFEEDAY,53.09999847412109,53.20000076293945,51.5,52.0,2500461
2024-03-19,COFFEEDAY,51.900001525878906,52.5,50.09999847412109,50.59999847412109,2895953
2024-03-20,COFFEEDAY,50.79999923706055,51.54999923706055,49.70000076293945,50.29999923706055,2785934
2024-03-21,COFFEEDAY,50.54999923706055,52.400001525878906,50.54999923706055,51.150001525878906,3018702
2024-03-22,COFFEEDAY,50.95000076293945,52.59999847412109,50.79999923706055,51.75,3293403
2024-03-26,COFFEEDAY,51.150001525878906,52.34999847412109,50.25,50.54999923706055,3012828
2024-03-27,COFFEEDAY,50.84999847412109,51.400001525878906,49.0,49.400001525878906,5199240
2024-03-28,COFFEEDAY,49.650001525878906,51.04999923706055,49.45000076293945,49.650001525878906,3912455
2024-03-01,COFORGE,1317.3499755859375,1324.969970703125,1291.0,1300.93994140625,2378335
2024-03-04,COFORGE,1305.0,1307.5799560546875,1281.199951171875,1288.5400390625,2231405
2024-03-05,COFORGE,1285.0,1289.199951171875,1257.199951171875,1263.2900390625,1326225
2024-03-06,COFORGE,1261.0,1273.6199951171875,1222.739990234375,1264.6600341796875,2146995
2024-03-07,COFORGE,1271.989990234375,1275.68994140625,1247.3199462890625,1250.739990234375,1167230
2024-03-11,COFORGE,1256.0,1260.5400390625,1234.5999755859375,1249.530029296875,2434635
2024-03-12,COFORGE,1252.3900146484375,1269.3199462890625,1237.6099853515625,1252.72998046875,1385110
2024-03-13,COFORGE,1263.989990234375,1265.0699462890625,1224.0,1234.719970703125,1821000
2024-03-14,COFORGE,1229.0,1230.239990234375,1180.0,1217.52001953125,2196890
2024-03-15,COFORGE,1215.5999755859375,1227.469970703125,1201.6600341796875,1223.280029296875,1051870
2024-03-18,COFORGE,1209.030029296875,1209.030029296875,1133.02001953125,1139.4300537109375,7168195
2024-03-19,COFORGE,1141.0,1149.199951171875,1107.4000244140625,1111.510009765625,2974985
2024-03-20,COFORGE,1115.0,1125.0,1095.0999755859375,1105.949951171875,1674610
2024-03-21,COFORGE,1118.0,1145.8199462890625,1116.199951171875,1141.3499755859375,2961975
2024-03-22,COFORGE,1120.22998046875,1127.8599853515625,1092.4300537109375,1108.02001953125,5279335
2024-03-26,COFORGE,1109.300048828125,1116.0,1105.4000244140625,1109.4599609375,1030135
2024-03-27,COFORGE,1109.3199462890625,1126.3199462890625,1106.1700439453125,1109.8499755859375,1240445
2024-03-28,COFORGE,1113.800048828125,1118.800048828125,1097.0,1100.489990234375,1310940
2024-03-01,COHANCE,648.9000244140625,715.0,645.0,686.0999755859375,14277053
2024-03-04,COHANCE,730.0,730.0,685.0,694.8499755859375,786425
2024-03-05,COHANCE,683.0499877929688,689.4000244140625,651.1500244140625,659.0,401755
2024-03-06,COHANCE,662.0,678.9000244140625,645.2999877929688,675.0999755859375,514264
2024-03-07,COHANCE,673.0,678.5999755859375,657.5499877929688,661.7999877929688,118644
2024-03-11,COHANCE,661.7999877929688,665.2999877929688,645.1500244140625,650.7000122070312,90280
2024-03-12,COHANCE,644.7999877929688,656.6500244140625,637.9500122070312,653.7999877929688,884796
2024-03-13,COHANCE,657.2000122070312,657.2000122070312,624.0,632.4500122070312,238886
2024-03-14,COHANCE,628.0,640.3499755859375,624.0499877929688,637.9500122070312,140676
2024-03-15,COHANCE,637.5499877929688,641.1500244140625,612.0,618.5999755859375,228319
2024-03-18,COHANCE,613.0,629.4000244140625,599.0499877929688,617.8499755859375,149954
2024-03-19,COHANCE,614.75,618.0,608.0,610.4500122070312,71124
2024-03-20,COHANCE,612.7999877929688,624.0,608.0,620.0499877929688,77121
2024-03-21,COHANCE,617.4500122070312,638.8499755859375,613.9000244140625,630.7999877929688,439127
2024-03-22,COHANCE,630.2999877929688,655.0,628.7000122070312,650.0499877929688,368493
2024-03-26,COHANCE,653.0,653.0,633.8499755859375,642.3499755859375,200308
2024-03-27,COHANCE,638.25,645.25,636.6500244140625,639.9500122070312,61318
2024-03-28,COHANCE,641.2000122070312,693.9500122070312,641.2000122070312,677.0999755859375,319943
2024-03-01,COLPAL,2534.0,2554.550048828125,2517.64990234375,2534.64990234375,92374
2024-03-04,COLPAL,2525.0,2585.39990234375,2524.89990234375,2577.14990234375,177073
2024-03-05,COLPAL,2580.0,2583.0,2521.550048828125,2543.64990234375,175510
2024-03-06,COLPAL,2543.64990234375,2563.39990234375,2505.0,2555.60009765625,106519
2024-03-07,COLPAL,2548.85009765625,2599.0,2525.199951171875,2578.699951171875,235648
2024-03-11,COLPAL,2600.0,2624.89990234375,2578.699951171875,2606.85009765625,222989
2024-03-12,COLPAL,2607.0,2623.800048828125,2582.10009765625,2602.75,136343
2024-03-13,COLPAL,2608.949951171875,2660.0,2538.0,2572.39990234375,499489
2024-03-14,COLPAL,2566.949951171875,2698.64990234375,2531.64990234375,2687.39990234375,603002
2024-03-15,COLPAL,2688.0,2747.14990234375,2673.199951171875,2728.550048828125,934404
2024-03-18,COLPAL,2728.550048828125,2743.0,2714.14990234375,2733.949951171875,208326
2024-03-19,COLPAL,2718.550048828125,2729.949951171875,2601.449951171875,2612.39990234375,333069
2024-03-20,COLPAL,2627.800048828125,2685.0,2612.0,2664.60009765625,313081
2024-03-21,COLPAL,2670.0,2706.449951171875,2650.0,2679.14990234375,215114
2024-03-22,COLPAL,2685.050048828125,2715.0,2674.0,2708.050048828125,210480
2024-03-26,COLPAL,2686.0,2759.5,2679.0,2745.5,356729
2024-03-27,COLPAL,2753.0,2754.0,2650.0,2658.800048828125,341735
2024-03-28,COLPAL,2678.0,2738.800048828125,2630.14990234375,2710.35009765625,780788
2024-03-01,COMPINFO,7.900000095367432,7.949999809265137,7.5,7.5,122255
2024-03-04,COMPINFO,7.400000095367432,7.400000095367432,7.0,7.199999809265137,100665
2024-03-05,COMPINFO,7.199999809265137,7.199999809265137,7.0,7.050000190734863,83829
2024-03-06,COMPINFO,7.050000190734863,7.050000190734863,6.699999809265137,6.699999809265137,126086
2024-03-07,COMPINFO,6.400000095367432,6.5,6.400000095367432,6.400000095367432,133517
2024-03-11,COMPINFO,6.349999904632568,6.349999904632568,6.099999904632568,6.099999904632568,117949
2024-03-12,COMPINFO,5.800000190734863,5.800000190734863,5.800000190734863,5.800000190734863,101581
2024-03-13,COMPINFO,5.550000190734863,5.550000190734863,5.550000190734863,5.550000190734863,56361
2024-03-14,COMPINFO,5.300000190734863,5.800000190734863,5.300000190734863,5.800000190734863,494576
2024-03-15,COMPINFO,5.800000190734863,6.050000190734863,5.599999904632568,5.699999809265137,209336
2024-03-18,COMPINFO,5.5,5.800000190734863,5.5,5.599999904632568,283490
2024-03-19,COMPINFO,5.800000190734863,5.849999904632568,5.5,5.599999904632568,324986
2024-03-20,COMPINFO,5.449999809265137,5.699999809265137,5.349999904632568,5.349999904632568,180934
2024-03-21,COMPINFO,5.550000190734863,5.550000190734863,5.099999904632568,5.099999904632568,201466
2024-03-22,COMPINFO,5.0,5.099999904632568,4.849999904632568,4.849999904632568,303470
2024-03-26,COMPINFO,4.650000095367432,4.900000095367432,4.599999904632568,4.599999904632568,160474
2024-03-27,COMPINFO,4.400000095367432,4.449999809265137,4.400000095367432,4.400000095367432,360263
2024-03-28,COMPINFO,4.199999809265137,4.400000095367432,4.199999809265137,4.199999809265137,165593
2024-03-01,COMPUSOFT,30.39999961853028,30.850000381469727,29.5,29.850000381469727,74499
2024-03-04,COMPUSOFT,31.950000762939453,32.04999923706055,28.350000381469727,29.100000381469727,280774
2024-03-05,COMPUSOFT,29.450000762939453,29.850000381469727,28.5,28.700000762939453,102895
2024-03-06,COMPUSOFT,28.450000762939453,28.5,26.299999237060547,27.0,173939
2024-03-07,COMPUSOFT,27.0,27.5,26.100000381469727,27.049999237060547,75959
2024-03-11,COMPUSOFT,27.049999237060547,27.450000762939453,25.14999961853028,25.450000762939453,115758
2024-03-12,COMPUSOFT,25.049999237060547,26.0,24.14999961853028,25.0,134205
2024-03-13,COMPUSOFT,24.299999237060547,25.75,22.5,22.799999237060547,280099
2024-03-14,COMPUSOFT,23.350000381469727,25.049999237060547,22.850000381469727,25.049999237060547,134965
2024-03-15,COMPUSOFT,25.700000762939453,25.700000762939453,24.049999237060547,24.89999961853028,82939
2024-03-18,COMPUSOFT,24.200000762939453,25.600000381469727,24.200000762939453,24.75,36110
2024-03-19,COMPUSOFT,24.89999961853028,25.39999961853028,24.39999961853028,24.700000762939453,44975
2024-03-20,COMPUSOFT,24.600000381469727,25.39999961853028,24.25,24.5,50702
2024-03-21,COMPUSOFT,25.0,25.600000381469727,24.5,25.25,72185
2024-03-22,COMPUSOFT,24.700000762939453,26.89999961853028,24.700000762939453,26.200000762939453,103785
2024-03-26,COMPUSOFT,26.049999237060547,26.5,25.0,25.100000381469727,140002
2024-03-27,COMPUSOFT,25.200000762939453,25.5,23.049999237060547,23.75,128623
2024-03-28,COMPUSOFT,23.75,24.799999237060547,22.600000381469727,23.350000381469727,130541
2024-03-01,COMSYN,80.80000305175781,81.8499984741211,79.55000305175781,80.1500015258789,4694
2024-03-04,COMSYN,80.94999694824219,81.0,79.0,79.05000305175781,3875
2024-03-05,COMSYN,80.0,80.6500015258789,77.0999984741211,77.9000015258789,8528
2024-03-06,COMSYN,78.0,78.0,72.6500015258789,75.8499984741211,11897
2024-03-07,COMSYN,77.55000305175781,78.80000305175781,77.0,77.30000305175781,5178
2024-03-11,COMSYN,77.30000305175781,78.25,75.0,75.4000015258789,4114
2024-03-12,COMSYN,75.44999694824219,79.44999694824219,74.0,76.9000015258789,10412
2024-03-13,COMSYN,75.0999984741211,76.8499984741211,65.0,67.4000015258789,69066
2024-03-14,COMSYN,69.5999984741211,71.44999694824219,67.55000305175781,70.94999694824219,23565
2024-03-15,COMSYN,72.5,72.5,68.69999694824219,70.94999694824219,6161
2024-03-18,COMSYN,72.44999694824219,76.0,67.5,70.0999984741211,26736
2024-03-19,COMSYN,69.80000305175781,71.94999694824219,68.05000305175781,69.0,17075
2024-03-20,COMSYN,71.94999694824219,71.94999694824219,67.80000305175781,68.1500015258789,5952
2024-03-21,COMSYN,70.5,70.5,65.05000305175781,66.5999984741211,31394
2024-03-22,COMSYN,68.4000015258789,68.8499984741211,64.19999694824219,65.25,32157
2024-03-26,COMSYN,66.44999694824219,68.5,63.20000076293945,67.25,44861
2024-03-27,COMSYN,69.80000305175781,69.80000305175781,62.20000076293945,63.150001525878906,92526
2024-03-28,COMSYN,63.25,65.9000015258789,62.0,63.04999923706055,26276
2024-03-01,CONCOR,983.7999877929688,988.9000244140624,972.3499755859376,978.0499877929688,627986
2024-03-04,CONCOR,977.0499877929688,990.75,972.0,986.1500244140624,1935494
2024-03-05,CONCOR,984.0999755859376,985.2000122070312,966.1500244140624,967.9500122070312,1258586
2024-03-06,CONCOR,965.0,975.0,949.2999877929688,971.7000122070312,1005912
2024-03-07,CONCOR,972.0499877929688,975.7000122070312,959.0499877929688,964.7000122070312,763240
2024-03-11,CONCOR,964.7000122070312,971.5999755859376,950.75,955.75,1674256
2024-03-12,CONCOR,955.0,964.0,921.7000122070312,925.0,817033
2024-03-13,CONCOR,918.0999755859376,928.7000122070312,853.0999755859375,862.4500122070312,3796016
2024-03-14,CONCOR,862.4500122070312,921.0,854.9500122070312,867.9500122070312,1997066
2024-03-15,CONCOR,868.0499877929688,872.4000244140625,845.0,865.75,2284557
2024-03-18,CONCOR,868.8499755859375,879.4000244140625,849.4500122070312,854.9000244140625,1604337
2024-03-19,CONCOR,854.0,857.9000244140625,827.5999755859375,831.7000122070312,1306629
2024-03-20,CONCOR,835.5499877929688,843.2999877929688,819.4500122070312,839.5999755859375,1182471
2024-03-21,CONCOR,851.0,877.5499877929688,846.2999877929688,873.2000122070312,2443904
2024-03-22,CONCOR,873.2000122070312,880.9500122070312,864.5999755859375,868.0999755859375,999736
2024-03-26,CONCOR,868.0999755859375,880.4500122070312,862.75,868.0499877929688,950457
2024-03-27,CONCOR,870.0,887.0,862.2000122070312,866.2000122070312,1643044
2024-03-28,CONCOR,869.0,891.7000122070312,864.5999755859375,882.0999755859375,1661176
2024-03-01,CONCORDBIO,1450.0,1485.0,1440.1500244140625,1478.800048828125,43760
2024-03-04,CONCORDBIO,1454.699951171875,1477.949951171875,1445.300048828125,1455.6500244140625,76924
2024-03-05,CONCORDBIO,1448.050048828125,1460.9000244140625,1420.0,1441.800048828125,47201
2024-03-06,CONCORDBIO,1435.199951171875,1435.25,1384.550048828125,1390.050048828125,60090
2024-03-07,CONCORDBIO,1393.25,1597.800048828125,1390.449951171875,1532.300048828125,251974
2024-03-11,CONCORDBIO,1520.0,1523.0,1425.8499755859375,1446.1500244140625,108887
2024-03-12,CONCORDBIO,1475.0,1502.199951171875,1405.0,1418.25,80303
2024-03-13,CONCORDBIO,1390.0,1418.300048828125,1351.0,1373.0999755859375,255602
2024-03-14,CONCORDBIO,1370.0,1440.0,1350.050048828125,1395.949951171875,74076
2024-03-15,CONCORDBIO,1419.699951171875,1422.949951171875,1386.9000244140625,1401.8499755859375,94327
2024-03-18,CONCORDBIO,1408.9000244140625,1479.800048828125,1393.1500244140625,1470.050048828125,203580
2024-03-19,CONCORDBIO,1460.0,1489.9000244140625,1425.25,1461.0999755859375,70426
2024-03-20,CONCORDBIO,1460.0,1474.0,1431.0,1456.4000244140625,40339
2024-03-21,CONCORDBIO,1459.8499755859375,1524.5,1459.8499755859375,1466.5999755859375,44925
2024-03-22,CONCORDBIO,1451.050048828125,1505.0,1451.050048828125,1493.0999755859375,48086
2024-03-26,CONCORDBIO,1513.9000244140625,1513.9000244140625,1460.0,1497.300048828125,47166
2024-03-27,CONCORDBIO,1505.0,1515.0,1465.25,1498.25,60901
2024-03-28,CONCORDBIO,1491.0,1559.75,1491.0,1520.800048828125,104658
2024-03-01,CONFIPET,109.0999984741211,113.1500015258789,107.0,107.6500015258789,4205166
2024-03-04,CONFIPET,110.75,111.3000030517578,107.4000015258789,109.4499969482422,3161151
2024-03-05,CONFIPET,110.0,110.6500015258789,106.4000015258789,107.1999969482422,1919527
2024-03-06,CONFIPET,107.1999969482422,107.1999969482422,99.75,101.1999969482422,3550969
2024-03-07,CONFIPET,101.75,105.1500015258789,100.25,100.8000030517578,2532193
2024-03-11,CONFIPET,102.1500015258789,103.4000015258789,95.6999969482422,96.25,3084741
2024-03-12,CONFIPET,96.25,97.3000030517578,92.1500015258789,93.4499969482422,3149262
2024-03-13,CONFIPET,93.5999984741211,95.5,84.0,85.1500015258789,5075613
2024-03-14,CONFIPET,85.0,92.9499969482422,83.9000015258789,90.6999969482422,4117861
2024-03-15,CONFIPET,90.3000030517578,94.4000015258789,87.6500015258789,89.05000305175781,3910414
2024-03-18,CONFIPET,89.19999694824219,91.5,86.9000015258789,87.8499984741211,1685092
2024-03-19,CONFIPET,87.94999694824219,88.75,85.0999984741211,85.5,1347634
2024-03-20,CONFIPET,86.30000305175781,89.44999694824219,84.3499984741211,87.80000305175781,3395689
2024-03-21,CONFIPET,89.0,91.0,88.0999984741211,88.5999984741211,1828279
2024-03-22,CONFIPET,88.0999984741211,89.94999694824219,87.0,88.5999984741211,1667123
2024-03-26,CONFIPET,87.5,89.25,85.5999984741211,85.8499984741211,2010558
2024-03-27,CONFIPET,86.4000015258789,87.9000015258789,83.0999984741211,84.94999694824219,2760666
2024-03-28,CONFIPET,85.94999694824219,87.69999694824219,83.75,84.05000305175781,2675246
2024-03-01,CONSOFINVT,263.70001220703125,266.75,260.1499938964844,261.8500061035156,15080
2024-03-04,CONSOFINVT,267.0,270.0,260.0,261.3500061035156,16888
2024-03-05,CONSOFINVT,263.0,269.0,260.75,265.70001220703125,17204
2024-03-06,CONSOFINVT,262.1499938964844,266.0,253.0500030517578,255.5,15671
2024-03-07,CONSOFINVT,258.0,265.1499938964844,255.0,256.04998779296875,10380
2024-03-11,CONSOFINVT,256.20001220703125,261.8999938964844,250.0,250.5500030517578,16454
2024-03-12,CONSOFINVT,247.6499938964844,257.95001220703125,232.25,241.0,31929
2024-03-13,CONSOFINVT,241.0,242.4499969482422,213.9499969482422,216.8500061035156,78563
2024-03-14,CONSOFINVT,215.0,232.75,206.0,218.0,64101
2024-03-15,CONSOFINVT,217.0,260.0,215.0,237.8000030517578,57535
2024-03-18,CONSOFINVT,237.0,248.25,231.0,236.1999969482422,18139
2024-03-19,CONSOFINVT,236.0,241.8000030517578,230.0,230.6499938964844,14188
2024-03-20,CONSOFINVT,234.6000061035156,238.4499969482422,229.3500061035156,235.3000030517578,9142
2024-03-21,CONSOFINVT,235.3000030517578,239.0,233.0500030517578,236.0500030517578,8343
2024-03-22,CONSOFINVT,236.0500030517578,238.4499969482422,231.1499938964844,234.3500061035156,17037
2024-03-26,CONSOFINVT,240.3500061035156,240.3999938964844,226.0,228.8999938964844,25289
2024-03-27,CONSOFINVT,233.6499938964844,233.6499938964844,221.3999938964844,222.8500061035156,22815
2024-03-28,CONSOFINVT,226.0,226.0,221.3999938964844,222.25,18537
2024-03-01,CONTROLPR,910.7999877929688,941.9000244140624,910.7999877929688,926.9500122070312,21031
2024-03-04,CONTROLPR,925.0,934.8499755859376,903.1500244140624,924.7999877929688,24242
2024-03-05,CONTROLPR,923.7999877929688,999.0,910.0499877929688,976.9000244140624,190193
2024-03-06,CONTROLPR,977.0,986.6500244140624,944.0499877929688,965.0,48518
2024-03-07,CONTROLPR,970.0,1019.9000244140624,961.7999877929688,999.3499755859376,63703
2024-03-11,CONTROLPR,1002.0,1012.8499755859376,957.0,975.3499755859376,31843
2024-03-12,CONTROLPR,977.1500244140624,977.1500244140624,926.0499877929688,943.9000244140624,51159
2024-03-13,CONTROLPR,943.9000244140624,953.25,882.2999877929688,895.0999755859375,55060
2024-03-14,CONTROLPR,887.0499877929688,921.5,858.0,889.3499755859375,52549
2024-03-15,CONTROLPR,902.2999877929688,934.0,901.25,917.8499755859376,23765
2024-03-18,CONTROLPR,907.0,930.3499755859376,894.0,900.5499877929688,20768
2024-03-19,CONTROLPR,909.2999877929688,913.9000244140624,890.0,903.0499877929688,8588
2024-03-20,CONTROLPR,911.0,911.0,880.0,894.7000122070312,16378
2024-03-21,CONTROLPR,901.7000122070312,929.0,899.6500244140625,925.2000122070312,16784
2024-03-22,CONTROLPR,937.5499877929688,937.5499877929688,909.0499877929688,934.5999755859376,12671
2024-03-26,CONTROLPR,933.0,1009.7000122070312,918.0,976.5499877929688,100884
2024-03-27,CONTROLPR,980.9500122070312,984.8499755859376,950.0,956.8499755859376,16326
2024-03-28,CONTROLPR,966.4500122070312,966.4500122070312,921.0499877929688,929.8499755859376,36171
2024-03-01,CORALFINAC,52.900001525878906,53.75,50.25,52.34999847412109,19373
2024-03-04,CORALFINAC,54.09999847412109,54.09999847412109,50.70000076293945,51.59999847412109,26340
2024-03-05,CORALFINAC,50.400001525878906,51.70000076293945,49.29999923706055,49.84999847412109,47813
2024-03-06,CORALFINAC,48.150001525878906,49.59999847412109,47.34999847412109,47.34999847412109,42587
2024-03-07,CORALFINAC,47.34999847412109,48.5,45.59999847412109,47.900001525878906,34802
2024-03-11,CORALFINAC,47.5,48.900001525878906,45.5,45.79999923706055,49730
2024-03-12,CORALFINAC,47.0,47.0,43.54999923706055,43.650001525878906,42893
2024-03-13,CORALFINAC,43.54999923706055,43.54999923706055,41.5,41.5,38267
2024-03-14,CORALFINAC,42.0,43.54999923706055,39.45000076293945,43.54999923706055,43951
2024-03-15,CORALFINAC,42.95000076293945,42.95000076293945,41.400001525878906,41.400001525878906,53699
2024-03-18,CORALFINAC,41.400001525878906,42.70000076293945,39.54999923706055,41.09999847412109,50721
2024-03-19,CORALFINAC,41.0,41.84999847412109,40.59999847412109,40.70000076293945,30434
2024-03-20,CORALFINAC,41.54999923706055,41.79999923706055,40.59999847412109,40.900001525878906,15445
2024-03-21,CORALFINAC,41.04999923706055,42.0,39.150001525878906,41.04999923706055,31706
2024-03-22,CORALFINAC,40.04999923706055,42.04999923706055,40.04999923706055,41.150001525878906,35738
2024-03-26,CORALFINAC,41.20000076293945,42.70000076293945,40.5,40.650001525878906,50512
2024-03-27,CORALFINAC,41.84999847412109,41.84999847412109,38.650001525878906,38.84999847412109,76044
2024-03-28,CORALFINAC,39.400001525878906,39.400001525878906,36.900001525878906,37.0,128442
2024-03-01,CORDSCABLE,184.6999969482422,184.8999938964844,177.8000030517578,181.6499938964844,51510
2024-03-04,CORDSCABLE,182.0,184.0,173.0,174.25,25750
2024-03-05,CORDSCABLE,177.5,177.5,167.10000610351562,169.25,37956
2024-03-06,CORDSCABLE,168.9499969482422,169.9499969482422,161.10000610351562,167.6999969482422,29182
2024-03-07,CORDSCABLE,169.8000030517578,175.6999969482422,167.0,172.3000030517578,28518
2024-03-11,CORDSCABLE,174.89999389648438,174.89999389648438,163.6999969482422,163.6999969482422,33457
2024-03-12,CORDSCABLE,156.14999389648438,168.0,155.5500030517578,155.5500030517578,44930
2024-03-13,CORDSCABLE,154.0,155.4499969482422,147.8000030517578,147.8000030517578,34267
2024-03-14,CORDSCABLE,140.4499969482422,154.14999389648438,140.4499969482422,152.5500030517578,45292
2024-03-15,CORDSCABLE,151.8000030517578,159.0,148.10000610351562,155.8000030517578,31611
2024-03-18,CORDSCABLE,151.64999389648438,163.5500030517578,151.64999389648438,163.5500030517578,46282
2024-03-19,CORDSCABLE,165.6999969482422,171.6999969482422,163.6999969482422,165.14999389648438,50805
2024-03-20,CORDSCABLE,168.0,172.5,165.0,167.6999969482422,24766
2024-03-21,CORDSCABLE,167.6999969482422,174.89999389648438,167.6999969482422,168.5500030517578,16624
2024-03-22,CORDSCABLE,171.9499969482422,171.9499969482422,161.10000610351562,168.9499969482422,26796
2024-03-26,CORDSCABLE,166.0,167.3000030517578,160.5,161.60000610351562,58091
2024-03-27,CORDSCABLE,166.39999389648438,169.64999389648438,163.89999389648438,169.5,29645
2024-03-28,CORDSCABLE,175.4499969482422,177.9499969482422,170.0,173.10000610351562,55477
2024-03-01,COROMANDEL,1081.9000244140625,1095.0,1066.1500244140625,1087.449951171875,407919
2024-03-04,COROMANDEL,1080.0,1097.699951171875,1076.050048828125,1092.25,225860
2024-03-05,COROMANDEL,1095.0,1103.0,1075.300048828125,1091.0999755859375,634824
2024-03-06,COROMANDEL,1091.949951171875,1101.449951171875,1076.0,1098.699951171875,154816
2024-03-07,COROMANDEL,1104.9000244140625,1123.0,1101.800048828125,1114.550048828125,558623
2024-03-11,COROMANDEL,1122.0,1130.0999755859375,1104.050048828125,1119.25,532858
2024-03-12,COROMANDEL,1119.949951171875,1123.449951171875,1107.199951171875,1117.8499755859375,467672
2024-03-13,COROMANDEL,1115.4000244140625,1123.6500244140625,1067.800048828125,1076.75,358551
2024-03-14,COROMANDEL,1074.0,1095.6500244140625,1054.800048828125,1085.9000244140625,538865
2024-03-15,COROMANDEL,1090.25,1110.0,1059.75,1074.8499755859375,1215774
2024-03-18,COROMANDEL,1079.0,1079.0,1055.5,1068.75,185084
2024-03-19,COROMANDEL,1062.3499755859375,1069.5999755859375,1049.300048828125,1054.800048828125,594754
2024-03-20,COROMANDEL,1050.0,1058.550048828125,1036.75,1054.1500244140625,295678
2024-03-21,COROMANDEL,1064.75,1070.449951171875,1059.0,1066.0,703368
2024-03-22,COROMANDEL,1063.949951171875,1076.0,1055.199951171875,1065.449951171875,896943
2024-03-26,COROMANDEL,1064.5,1068.0,1040.0,1062.699951171875,457979
2024-03-27,COROMANDEL,1062.699951171875,1077.449951171875,1060.050048828125,1072.75,900124
2024-03-28,COROMANDEL,1072.75,1085.0,1061.0,1075.050048828125,373298
2024-03-01,COSMOFIRST,516.0,533.0,516.0,518.9500122070312,71894
2024-03-04,COSMOFIRST,527.7000122070312,528.0,518.0499877929688,523.2000122070312,43384
2024-03-05,COSMOFIRST,525.0,525.9500122070312,517.0,518.7000122070312,50720
2024-03-06,COSMOFIRST,520.0999755859375,521.5,510.0,512.0999755859375,63747
2024-03-07,COSMOFIRST,512.0999755859375,517.0,503.7999877929688,506.5499877929688,65382
2024-03-11,COSMOFIRST,509.8500061035156,510.2999877929688,492.1000061035156,496.8999938964844,56914
2024-03-12,COSMOFIRST,500.0,500.0,484.0,486.6499938964844,112344
2024-03-13,COSMOFIRST,491.4500122070313,496.25,457.0,462.5499877929688,160125
2024-03-14,COSMOFIRST,458.0,482.0,451.5,469.7000122070313,131166
2024-03-15,COSMOFIRST,474.8999938964844,477.8999938964844,466.0,475.25,84225
2024-03-18,COSMOFIRST,477.4500122070313,499.0,476.5499877929688,496.3500061035156,127879
2024-03-19,COSMOFIRST,496.5,525.0,491.8999938964844,514.0499877929688,192546
2024-03-20,COSMOFIRST,512.2000122070312,516.9000244140625,498.9500122070313,501.4500122070313,74165
2024-03-21,COSMOFIRST,502.6499938964844,517.0499877929688,501.5,507.5,83150
2024-03-22,COSMOFIRST,510.0,543.7999877929688,510.0,529.2000122070312,177993
2024-03-26,COSMOFIRST,528.0,528.9000244140625,507.0499877929688,511.25,71396
2024-03-27,COSMOFIRST,511.25,527.9000244140625,496.0,499.2000122070313,184799
2024-03-28,COSMOFIRST,503.0,520.0999755859375,494.0,500.75,145390
2024-03-01,COUNCODOS,5.550000190734863,5.800000190734863,5.550000190734863,5.75,99975
2024-03-04,COUNCODOS,5.949999809265137,6.0,5.699999809265137,5.849999904632568,301455
2024-03-05,COUNCODOS,6.0,6.0,5.599999904632568,5.75,173907
2024-03-06,COUNCODOS,5.900000095367432,5.900000095367432,5.5,5.650000095367432,143077
2024-03-07,COUNCODOS,5.650000095367432,5.699999809265137,5.449999809265137,5.599999904632568,45066
2024-03-11,COUNCODOS,5.800000190734863,5.800000190734863,5.5,5.5,68837
2024-03-12,COUNCODOS,5.5,5.599999904632568,5.25,5.300000190734863,55682
2024-03-13,COUNCODOS,5.099999904632568,5.300000190734863,5.050000190734863,5.050000190734863,52869
2024-03-14,COUNCODOS,4.800000190734863,5.0,4.800000190734863,4.949999809265137,105026
2024-03-15,COUNCODOS,4.949999809265137,5.150000095367432,4.949999809265137,5.099999904632568,80729
2024-03-18,COUNCODOS,5.150000095367432,5.300000190734863,4.949999809265137,5.050000190734863,63160
2024-03-19,COUNCODOS,4.949999809265137,5.199999809265137,4.800000190734863,4.900000095367432,102185
2024-03-20,COUNCODOS,4.949999809265137,5.0,4.75,4.949999809265137,30890
2024-03-21,COUNCODOS,5.0,5.050000190734863,4.800000190734863,4.900000095367432,61878
2024-03-22,COUNCODOS,5.0,5.0,4.75,4.949999809265137,42223
2024-03-26,COUNCODOS,4.949999809265137,5.099999904632568,4.949999809265137,5.0,39883
2024-03-27,COUNCODOS,5.050000190734863,5.050000190734863,4.75,4.800000190734863,91186
2024-03-28,COUNCODOS,4.800000190734863,4.900000095367432,4.599999904632568,4.800000190734863,72558
2024-03-01,CPCAP,250.75,256.3500061035156,250.75,255.6999969482422,14423
2024-03-04,CPCAP,242.6000061035156,257.0,242.6000061035156,250.0500030517578,25304
2024-03-05,CPCAP,250.0500030517578,258.0,250.0500030517578,253.1000061035156,6881
2024-03-06,CPCAP,257.0,257.0,245.0,247.9499969482422,16529
2024-03-07,CPCAP,259.8999938964844,259.8999938964844,248.1000061035156,251.6000061035156,9540
2024-03-11,CPCAP,253.0,253.1000061035156,249.1000061035156,249.8000030517578,10662
2024-03-12,CPCAP,248.0,255.0,242.6000061035156,249.4499969482422,24577
2024-03-13,CPCAP,254.5,254.8999938964844,243.0500030517578,244.3000030517578,26483
2024-03-14,CPCAP,244.25,255.8000030517578,243.0,250.0,18266
2024-03-15,CPCAP,252.8999938964844,252.8999938964844,248.5,251.4499969482422,22169
2024-03-18,CPCAP,251.4499969482422,264.0,246.0,264.0,21938
2024-03-19,CPCAP,269.8999938964844,275.0,266.6000061035156,269.1000061035156,49280
2024-03-20,CPCAP,273.0,273.0,257.6499938964844,264.5,6265
2024-03-21,CPCAP,260.1000061035156,273.0,256.3500061035156,268.29998779296875,17548
2024-03-22,CPCAP,273.0,274.0,255.0,270.8999938964844,14220
2024-03-26,CPCAP,275.0,284.0,274.0,278.54998779296875,46483
2024-03-27,CPCAP,280.0,285.0,265.0,276.04998779296875,25594
2024-03-28,CPCAP,283.3500061035156,283.3500061035156,275.0,277.3999938964844,35974
2024-03-01,CRAFTSMAN,4274.9501953125,4324.0,4230.10009765625,4290.0498046875,25481
2024-03-04,CRAFTSMAN,4305.2998046875,4319.9501953125,4204.0,4239.25,17140
2024-03-05,CRAFTSMAN,4199.2001953125,4239.7998046875,4090.050048828125,4128.5498046875,57340
2024-03-06,CRAFTSMAN,4151.0,4200.0,4056.10009765625,4165.9501953125,44331
2024-03-07,CRAFTSMAN,4110.0,4150.9501953125,4085.0,4131.0498046875,30808
2024-03-11,CRAFTSMAN,4131.10009765625,4168.39990234375,4020.0,4029.449951171875,32207
2024-03-12,CRAFTSMAN,4065.050048828125,4115.9501953125,3986.0,4002.60009765625,31161
2024-03-13,CRAFTSMAN,4029.949951171875,4030.449951171875,3793.64990234375,3851.39990234375,96254
2024-03-14,CRAFTSMAN,3825.0,3980.0,3801.0,3924.550048828125,46578
2024-03-15,CRAFTSMAN,3954.0,4050.0,3897.14990234375,4033.10009765625,30039
2024-03-18,CRAFTSMAN,4033.10009765625,4033.89990234375,3875.0,3912.300048828125,33359
2024-03-19,CRAFTSMAN,3944.0,3949.0,3813.25,3837.10009765625,28229
2024-03-20,CRAFTSMAN,3830.0,3865.300048828125,3782.050048828125,3844.25,73471
2024-03-21,CRAFTSMAN,3863.449951171875,4034.050048828125,3850.0,3972.35009765625,79963
2024-03-22,CRAFTSMAN,3988.949951171875,4160.0,3964.800048828125,4149.5498046875,64305
2024-03-26,CRAFTSMAN,4199.9501953125,4212.9501953125,4088.0,4172.0498046875,44943
2024-03-27,CRAFTSMAN,4176.5498046875,4370.0,4141.0,4332.5,52734
2024-03-28,CRAFTSMAN,4381.0,4447.0,4283.0,4314.89990234375,41032
2024-03-01,CREATIVEYE,4.650000095367432,4.699999809265137,4.650000095367432,4.650000095367432,2016
2024-03-04,CREATIVEYE,4.650000095367432,4.650000095367432,4.5,4.650000095367432,1362
2024-03-05,CREATIVEYE,4.650000095367432,4.849999904632568,4.650000095367432,4.650000095367432,758
2024-03-06,CREATIVEYE,4.650000095367432,4.650000095367432,4.650000095367432,4.650000095367432,20
2024-03-07,CREATIVEYE,4.599999904632568,4.650000095367432,4.599999904632568,4.599999904632568,53
2024-03-11,CREATIVEYE,4.599999904632568,4.599999904632568,4.599999904632568,4.599999904632568,1
2024-03-12,CREATIVEYE,4.599999904632568,4.599999904632568,4.599999904632568,4.599999904632568,513
2024-03-13,CREATIVEYE,4.400000095367432,4.599999904632568,4.400000095367432,4.400000095367432,872
2024-03-14,CREATIVEYE,4.199999809265137,4.349999904632568,4.199999809265137,4.199999809265137,3813
2024-03-15,CREATIVEYE,4.199999809265137,4.199999809265137,4.199999809265137,4.199999809265137,1696
2024-03-18,CREATIVEYE,4.199999809265137,4.199999809265137,4.199999809265137,4.199999809265137,460
2024-03-19,CREATIVEYE,4.099999904632568,4.099999904632568,4.099999904632568,4.099999904632568,2065
2024-03-20,CREATIVEYE,4.099999904632568,4.300000190734863,4.099999904632568,4.099999904632568,418
2024-03-21,CREATIVEYE,4.199999809265137,4.199999809265137,3.950000047683716,4.199999809265137,10236
2024-03-22,CREATIVEYE,4.199999809265137,4.199999809265137,4.0,4.199999809265137,6068
2024-03-26,CREATIVEYE,4.199999809265137,4.199999809265137,4.199999809265137,4.199999809265137,1020
2024-03-27,CREATIVEYE,4.400000095367432,4.400000095367432,4.400000095367432,4.400000095367432,2001
2024-03-28,CREATIVEYE,4.25,4.400000095367432,4.25,4.25,498
2024-03-01,CREDITACC,1469.5999755859375,1496.199951171875,1462.0999755859375,1484.050048828125,74804
2024-03-04,CREDITACC,1481.0,1491.550048828125,1438.199951171875,1444.8499755859375,130041
2024-03-05,CREDITACC,1451.0,1461.3499755859375,1424.050048828125,1434.8499755859375,237559
2024-03-06,CREDITACC,1432.0,1441.949951171875,1375.0,1381.449951171875,219015
2024-03-07,CREDITACC,1385.0,1409.550048828125,1335.3499755859375,1396.550048828125,406209
2024-03-11,CREDITACC,1399.8499755859375,1417.75,1310.050048828125,1322.199951171875,864457
2024-03-12,CREDITACC,1333.199951171875,1343.449951171875,1295.0,1326.75,295375
2024-03-13,CREDITACC,1326.75,1339.0,1282.6500244140625,1311.1500244140625,423937
2024-03-14,CREDITACC,1310.0,1394.699951171875,1277.949951171875,1382.75,343494
2024-03-15,CREDITACC,1382.800048828125,1469.0,1355.0,1421.25,484548
2024-03-18,CREDITACC,1421.25,1421.25,1365.0,1400.199951171875,238222
2024-03-19,CREDITACC,1400.199951171875,1420.050048828125,1365.0,1412.0,206761
2024-03-20,CREDITACC,1415.050048828125,1421.0,1375.699951171875,1383.1500244140625,223354
2024-03-21,CREDITACC,1411.0,1411.0,1384.300048828125,1399.449951171875,174020
2024-03-22,CREDITACC,1406.0,1406.5,1370.0,1381.300048828125,250606
2024-03-26,CREDITACC,1381.300048828125,1409.5,1342.3499755859375,1400.9000244140625,276127
2024-03-27,CREDITACC,1400.050048828125,1430.5,1396.050048828125,1422.550048828125,139222
2024-03-28,CREDITACC,1415.0,1460.0999755859375,1400.449951171875,1441.4000244140625,318854
2024-03-01,CREST,451.3500061035156,463.6499938964844,443.0499877929688,452.8500061035156,6946
2024-03-04,CREST,441.9500122070313,447.4500122070313,435.5,440.2000122070313,10149
2024-03-05,CREST,440.0,444.0,423.8500061035156,434.8999938964844,21730
2024-03-06,CREST,434.5499877929688,449.9500122070313,412.0,429.25,27682
2024-03-07,CREST,425.2999877929688,444.1000061035156,417.0499877929688,436.5499877929688,34073
2024-03-11,CREST,430.0,437.3500061035156,410.1000061035156,414.1000061035156,27048
2024-03-12,CREST,410.2000122070313,411.1000061035156,384.1000061035156,391.8999938964844,40615
2024-03-13,CREST,391.8500061035156,409.5,380.1000061035156,395.25,45055
2024-03-14,CREST,395.25,406.0,385.0499877929688,392.5,19456
2024-03-15,CREST,404.7999877929688,414.0,394.5,410.5499877929688,26223
2024-03-18,CREST,414.0,420.0,406.0,411.9500122070313,13473
2024-03-19,CREST,406.2000122070313,409.8500061035156,383.6000061035156,390.9500122070313,30927
2024-03-20,CREST,400.6499938964844,407.8999938964844,386.0499877929688,394.4500122070313,19499
2024-03-21,CREST,394.1000061035156,403.0,392.5499877929688,396.1000061035156,19934
2024-03-22,CREST,401.0,401.0,393.75,395.7000122070313,15620
2024-03-26,CREST,396.0,399.6000061035156,384.0499877929688,389.6000061035156,20897
2024-03-27,CREST,398.8999938964844,399.0,360.8500061035156,369.3500061035156,179810
2024-03-28,CREST,374.0,398.8999938964844,372.0,374.75,183626
2024-03-01,CRISIL,5059.35009765625,5090.14990234375,4883.0,4901.60009765625,36319
2024-03-04,CRISIL,4939.9501953125,5070.0,4911.0,5014.10009765625,42811
2024-03-05,CRISIL,5001.25,5019.9501953125,4831.5,4859.89990234375,51128
2024-03-06,CRISIL,4859.85009765625,4915.0498046875,4764.0,4896.5498046875,37738
2024-03-07,CRISIL,4896.60009765625,4991.0,4867.25,4927.85009765625,35963
2024-03-11,CRISIL,4945.0,5034.0,4911.75,4924.75,38944
2024-03-12,CRISIL,4950.0,5010.89990234375,4854.64990234375,4984.2998046875,44066
2024-03-13,CRISIL,4980.0498046875,4980.0498046875,4825.0,4883.7998046875,41039
2024-03-14,CRISIL,4883.7998046875,4999.0,4828.0498046875,4985.64990234375,30218
2024-03-15,CRISIL,4980.7001953125,5048.9501953125,4934.25,4976.7998046875,26133
2024-03-18,CRISIL,5020.0,5250.0,4996.9501953125,5223.5498046875,74915
2024-03-19,CRISIL,5223.5498046875,5250.0,4962.25,4982.85009765625,73963
2024-03-20,CRISIL,4950.0,5090.0,4900.0,4994.5,43473
2024-03-21,CRISIL,5009.39990234375,5055.0,4957.0,4976.7001953125,10811
2024-03-22,CRISIL,5001.5498046875,5049.9501953125,4985.10009765625,5006.0,19970
2024-03-26,CRISIL,5040.0,5268.5,4992.64990234375,5119.64990234375,71972
2024-03-27,CRISIL,5150.0,5154.9501953125,4960.10009765625,4979.2001953125,36070
2024-03-28,CRISIL,4980.0,5078.0,4955.14990234375,5068.0,18143
2024-03-01,CROMPTON,292.3500061035156,297.0,291.25,295.75,2603483
2024-03-04,CROMPTON,301.75,302.8500061035156,297.3999938964844,299.3999938964844,2551273
2024-03-05,CROMPTON,300.95001220703125,300.95001220703125,293.6000061035156,294.6499938964844,1150650
2024-03-06,CROMPTON,295.20001220703125,295.70001220703125,288.3500061035156,291.29998779296875,2981128
2024-03-07,CROMPTON,291.5,296.70001220703125,289.95001220703125,290.6499938964844,1938855
2024-03-11,CROMPTON,291.8999938964844,293.1499938964844,288.0,288.79998779296875,593630
2024-03-12,CROMPTON,289.0,290.79998779296875,285.25,286.0,1936402
2024-03-13,CROMPTON,287.25,289.3999938964844,274.54998779296875,277.1499938964844,4668709
2024-03-14,CROMPTON,277.1499938964844,284.29998779296875,275.8500061035156,279.20001220703125,2216147
2024-03-15,CROMPTON,281.75,285.79998779296875,274.3500061035156,275.5,3406199
2024-03-18,CROMPTON,277.45001220703125,278.25,268.20001220703125,271.75,4738220
2024-03-19,CROMPTON,272.0,273.5,266.29998779296875,267.0,2180704
2024-03-20,CROMPTON,268.0,268.0,262.25,264.8999938964844,5153884
2024-03-21,CROMPTON,268.0,270.6499938964844,266.5,269.75,2874783
2024-03-22,CROMPTON,268.75,271.70001220703125,261.25,269.3500061035156,11215203
2024-03-26,CROMPTON,271.3500061035156,272.70001220703125,269.54998779296875,271.0,3867946
2024-03-27,CROMPTON,271.0,271.5,264.5,265.6000061035156,6728331
2024-03-28,CROMPTON,266.1000061035156,268.8999938964844,263.5,267.5,2999646
2024-03-01,CROWN,175.85000610351562,175.85000610351562,169.0,175.85000610351562,20485
2024-03-04,CROWN,175.8000030517578,175.8000030517578,175.8000030517578,175.8000030517578,17339
2024-03-05,CROWN,172.3000030517578,172.3000030517578,172.3000030517578,172.3000030517578,17281
2024-03-06,CROWN,175.0,175.6999969482422,172.0,175.0,42556
2024-03-07,CROWN,178.5,178.5,175.0,178.5,9825
2024-03-11,CROWN,182.0500030517578,182.0500030517578,182.0500030517578,182.0500030517578,7840
2024-03-12,CROWN,178.39999389648438,185.6499938964844,178.39999389648438,178.39999389648438,51259
2024-03-13,CROWN,174.85000610351562,174.85000610351562,174.85000610351562,174.85000610351562,6160
2024-03-14,CROWN,178.3000030517578,178.3000030517578,171.35000610351562,178.3000030517578,9887
2024-03-15,CROWN,181.8500061035156,181.8500061035156,181.8500061035156,181.8500061035156,23580
2024-03-18,CROWN,185.4499969482422,185.4499969482422,185.4499969482422,185.4499969482422,7312
2024-03-19,CROWN,189.1499938964844,189.1499938964844,189.1499938964844,189.1499938964844,3516
2024-03-20,CROWN,192.8999938964844,192.8999938964844,189.1499938964844,192.8999938964844,19395
2024-03-21,CROWN,196.75,196.75,189.0500030517578,196.75,13731
2024-03-22,CROWN,200.6499938964844,200.6499938964844,200.6499938964844,200.6499938964844,8865
2024-03-26,CROWN,204.6499938964844,204.6499938964844,204.6499938964844,204.6499938964844,755
2024-03-27,CROWN,208.6999969482422,208.6999969482422,208.6999969482422,208.6999969482422,281
2024-03-28,CROWN,212.8500061035156,212.8500061035156,212.8500061035156,212.8500061035156,22812
2024-03-01,CSBBANK,350.1499938964844,352.70001220703125,347.1000061035156,351.3999938964844,93806
2024-03-04,CSBBANK,357.6000061035156,359.3999938964844,348.0,348.95001220703125,106956
2024-03-05,CSBBANK,346.0,374.5499877929688,346.0,369.2000122070313,2354307
2024-03-06,CSBBANK,369.0,373.7999877929688,361.2999877929688,365.8999938964844,478829
2024-03-07,CSBBANK,365.0499877929688,371.9500122070313,363.25,368.6499938964844,254739
2024-03-11,CSBBANK,370.0,384.6499938964844,340.20001220703125,359.3999938964844,730502
2024-03-12,CSBBANK,355.0,361.1499938964844,346.8999938964844,354.79998779296875,338961
2024-03-13,CSBBANK,353.45001220703125,353.45001220703125,331.5,335.79998779296875,297557
2024-03-14,CSBBANK,332.3999938964844,359.95001220703125,330.29998779296875,353.20001220703125,275467
2024-03-15,CSBBANK,351.0,354.25,336.29998779296875,343.04998779296875,228186
2024-03-18,CSBBANK,345.3999938964844,353.25,334.95001220703125,338.1499938964844,263062
2024-03-19,CSBBANK,339.79998779296875,348.75,335.0,343.70001220703125,209741
2024-03-20,CSBBANK,343.70001220703125,347.5,336.20001220703125,341.75,144967
2024-03-21,CSBBANK,343.8999938964844,352.95001220703125,340.79998779296875,343.0,181338
2024-03-22,CSBBANK,342.8500061035156,349.20001220703125,342.8500061035156,346.8999938964844,97333
2024-03-26,CSBBANK,352.3999938964844,354.5,344.5,348.70001220703125,194122
2024-03-27,CSBBANK,348.0,362.0,347.3999938964844,353.8999938964844,337225
2024-03-28,CSBBANK,355.79998779296875,361.1000061035156,351.20001220703125,354.5,164497
2024-03-01,CSLFINANCE,468.9500122070313,478.1499938964844,465.5,470.8500061035156,18327
2024-03-04,CSLFINANCE,461.6499938964844,469.0,450.7999877929688,453.6000061035156,26217
2024-03-05,CSLFINANCE,451.6499938964844,458.8999938964844,448.2999877929688,454.4500122070313,12938
2024-03-06,CSLFINANCE,452.1000061035156,452.5,428.75,438.5,68325
2024-03-07,CSLFINANCE,440.7000122070313,448.4500122070313,435.0,436.4500122070313,20461
2024-03-11,CSLFINANCE,468.8999938964844,468.8999938964844,432.1000061035156,434.2000122070313,31740
2024-03-12,CSLFINANCE,438.5499877929688,439.9500122070313,412.2999877929688,422.3999938964844,59996
2024-03-13,CSLFINANCE,420.2999877929688,429.8999938964844,388.5,399.5,105272
2024-03-14,CSLFINANCE,396.3999938964844,419.8500061035156,388.3999938964844,400.3500061035156,57326
2024-03-15,CSLFINANCE,402.3999938964844,421.1499938964844,397.1499938964844,417.1499938964844,23109
2024-03-18,CSLFINANCE,415.0,419.0499877929688,392.6000061035156,404.6000061035156,64524
2024-03-19,CSLFINANCE,408.25,413.0,395.0499877929688,398.25,17053
2024-03-20,CSLFINANCE,398.0,411.0,395.8999938964844,407.6000061035156,26045
2024-03-21,CSLFINANCE,410.2000122070313,429.3500061035156,408.4500122070313,424.8999938964844,32052
2024-03-22,CSLFINANCE,425.0,457.0499877929688,423.0,445.3500061035156,40480
2024-03-26,CSLFINANCE,443.0499877929688,457.0,433.6499938964844,454.3500061035156,38411
2024-03-27,CSLFINANCE,454.8500061035156,472.4500122070313,450.1000061035156,465.3500061035156,21093
2024-03-28,CSLFINANCE,470.0,481.0,465.4500122070313,477.1000061035156,32259
2024-03-01,CTE,102.0,112.0999984741211,102.0,108.9499969482422,719561
2024-03-04,CTE,112.5,114.0,105.6500015258789,107.0999984741211,164410
2024-03-05,CTE,105.5500030517578,120.5,105.5500030517578,116.3499984741211,975020
2024-03-06,CTE,116.3499984741211,125.8000030517578,110.0,123.5999984741211,731944
2024-03-07,CTE,125.0999984741211,129.0,118.4000015258789,120.6500015258789,686385
2024-03-11,CTE,114.6500015258789,117.9000015258789,114.6500015258789,114.6500015258789,20544
2024-03-12,CTE,108.9499969482422,108.9499969482422,108.9499969482422,108.9499969482422,3094
2024-03-13,CTE,103.5,103.5,103.5,103.5,17205
2024-03-14,CTE,98.3499984741211,98.3499984741211,98.3499984741211,98.3499984741211,24941
2024-03-15,CTE,93.75,100.0,93.4499969482422,94.3499984741211,87752
2024-03-18,CTE,90.75,93.9000015258789,89.6500015258789,90.1500015258789,81349
2024-03-19,CTE,86.80000305175781,94.5500030517578,86.4000015258789,89.0,55147
2024-03-20,CTE,89.0,92.3000030517578,84.55000305175781,87.69999694824219,57809
2024-03-21,CTE,90.1999969482422,91.5,85.0,89.80000305175781,59442
2024-03-22,CTE,91.5,92.0,90.0,90.9499969482422,33632
2024-03-26,CTE,91.0,92.5,86.4000015258789,87.19999694824219,35966
2024-03-27,CTE,87.19999694824219,90.8000030517578,84.0,86.3499984741211,27181
2024-03-28,CTE,87.0,88.80000305175781,82.05000305175781,83.44999694824219,95733
2024-03-01,CUB,101.7750015258789,103.3874969482422,101.6999969482422,103.1624984741211,3647705
2024-03-04,CUB,104.1750030517578,104.9625015258789,103.4625015258789,104.8499984741211,5067610
2024-03-05,CUB,104.6999969482422,105.1875,102.9000015258789,103.1624984741211,5632038
2024-03-06,CUB,103.1999969482422,103.3499984741211,101.25,102.4875030517578,4202749
2024-03-07,CUB,102.9375,103.1999969482422,102.2249984741211,102.5625,2238402
2024-03-11,CUB,102.7874984741211,102.8249969482422,99.4499969482422,99.6750030517578,3944445
2024-03-12,CUB,99.7874984741211,100.3125,98.0999984741211,98.3249969482422,3084363
2024-03-13,CUB,98.8499984741211,99.2249984741211,94.6875,95.0999984741211,4010313
2024-03-14,CUB,95.2874984741211,97.8000030517578,94.0500030517578,97.125,4340358
2024-03-15,CUB,96.6374969482422,97.125,95.4749984741211,96.4499969482422,2437281
2024-03-18,CUB,97.3499984741211,97.8000030517578,96.0749969482422,96.3375015258789,2833637
2024-03-19,CUB,96.4499969482422,96.6374969482422,95.1374969482422,95.6624984741211,2533983
2024-03-20,CUB,96.1125030517578,96.9000015258789,94.7624969482422,96.5999984741211,3500227
2024-03-21,CUB,97.4250030517578,100.2750015258789,96.6750030517578,99.9000015258789,5458261
2024-03-22,CUB,99.7874984741211,103.1999969482422,99.7874984741211,101.5875015258789,5703553
2024-03-26,CUB,100.6125030517578,102.6750030517578,100.6125030517578,101.8874969482422,2644399
2024-03-27,CUB,102.0,102.75,101.25,101.6624984741211,4719090
2024-03-28,CUB,101.6999969482422,103.5374984741211,101.0250015258789,101.3625030517578,3812169
2024-03-01,CUBEXTUB,91.3000030517578,91.3000030517578,91.0,91.3000030517578,15649
2024-03-04,CUBEXTUB,89.80000305175781,90.0,89.80000305175781,89.80000305175781,4961
2024-03-05,CUBEXTUB,88.0,89.80000305175781,88.0,88.0,2471
2024-03-06,CUBEXTUB,86.25,86.25,86.25,86.25,4455
2024-03-07,CUBEXTUB,86.0,86.0,85.94999694824219,86.0,14713
2024-03-11,CUBEXTUB,84.30000305175781,86.0,84.30000305175781,84.30000305175781,9486
2024-03-12,CUBEXTUB,83.5999984741211,83.5999984741211,82.6500015258789,83.5999984741211,18510
2024-03-13,CUBEXTUB,85.19999694824219,85.25,82.30000305175781,85.19999694824219,43047
2024-03-14,CUBEXTUB,86.9000015258789,86.9000015258789,86.9000015258789,86.9000015258789,11214
2024-03-15,CUBEXTUB,88.5999984741211,88.5999984741211,88.5,88.5999984741211,8989
2024-03-18,CUBEXTUB,88.5999984741211,93.0,86.0999984741211,93.0,16775
2024-03-19,CUBEXTUB,97.5999984741211,97.6500015258789,97.5,97.6500015258789,21187
2024-03-20,CUBEXTUB,102.4499969482422,102.5,100.0,102.5,47748
2024-03-21,CUBEXTUB,107.5999984741211,107.5999984741211,107.5999984741211,107.5999984741211,39634
2024-03-22,CUBEXTUB,112.9499969482422,112.9499969482422,102.25,102.25,45504
2024-03-26,CUBEXTUB,97.1500015258789,97.1500015258789,97.1500015258789,97.1500015258789,16855
2024-03-27,CUBEXTUB,92.5500030517578,100.0,92.5500030517578,96.0,20499
2024-03-28,CUBEXTUB,91.3000030517578,100.8000030517578,91.3000030517578,99.3000030517578,30848
2024-03-01,CUMMINSIND,2749.0,2763.35009765625,2717.800048828125,2726.14990234375,431838
2024-03-04,CUMMINSIND,2736.64990234375,2809.0,2703.0,2782.89990234375,932506
2024-03-05,CUMMINSIND,2782.75,2798.949951171875,2765.0,2774.75,278427
2024-03-06,CUMMINSIND,2784.0,2796.5,2709.050048828125,2784.300048828125,292058
2024-03-07,CUMMINSIND,2800.0,2827.0,2775.14990234375,2787.0,479478
2024-03-11,CUMMINSIND,2823.85009765625,2891.949951171875,2783.75,2795.85009765625,1183246
2024-03-12,CUMMINSIND,2795.85009765625,2806.199951171875,2746.89990234375,2759.699951171875,287216
2024-03-13,CUMMINSIND,2760.0,2797.699951171875,2652.0,2675.949951171875,612537
2024-03-14,CUMMINSIND,2663.39990234375,2751.949951171875,2657.75,2724.050048828125,762079
2024-03-15,CUMMINSIND,2723.949951171875,2737.10009765625,2678.5,2707.64990234375,472475
2024-03-18,CUMMINSIND,2705.800048828125,2768.64990234375,2664.75,2712.699951171875,754044
2024-03-19,CUMMINSIND,2713.0,2733.199951171875,2668.10009765625,2715.75,431587
2024-03-20,CUMMINSIND,2715.0,2802.64990234375,2710.699951171875,2793.800048828125,886440
2024-03-21,CUMMINSIND,2835.0,2908.449951171875,2817.10009765625,2898.25,857294
2024-03-22,CUMMINSIND,2907.0,2948.0,2872.550048828125,2930.800048828125,568710
2024-03-26,CUMMINSIND,2938.949951171875,2985.0,2918.25,2969.10009765625,513559
2024-03-27,CUMMINSIND,2988.0,3012.0,2947.199951171875,2968.35009765625,384326
2024-03-28,CUMMINSIND,2986.449951171875,3025.0,2939.14990234375,3006.25,827120
2024-03-01,CUPID,27.0,28.0,26.700000762939453,27.332000732421875,8073400
2024-03-04,CUPID,26.90399932861328,26.90399932861328,25.588499069213867,25.61849975585937,6690900
2024-03-05,CUPID,24.350500106811523,26.100000381469727,24.33749961853028,25.145999908447266,11069500
2024-03-06,CUPID,24.600000381469727,25.145000457763672,23.888999938964844,23.90399932861328,7904500
2024-03-07,CUPID,22.708999633789062,25.099000930786133,22.708999633789062,24.64249992370605,12505500
2024-03-11,CUPID,23.410499572753903,25.09000015258789,23.410499572753903,23.417499542236328,10329300
2024-03-12,CUPID,22.246999740600582,24.58799934387207,22.246999740600582,24.58799934387207,15191500
2024-03-13,CUPID,24.879499435424805,24.88999938964844,23.358999252319336,23.358999252319336,2236400
2024-03-14,CUPID,22.19099998474121,22.19099998474121,22.19099998474121,22.19099998474121,1550900
2024-03-15,CUPID,21.081499099731445,22.19099998474121,21.081499099731445,21.28400039672852,9251800
2024-03-18,CUPID,20.21999931335449,21.0,20.21999931335449,20.21999931335449,1759800
2024-03-19,CUPID,19.208999633789062,19.887500762939453,19.208999633789062,19.21500015258789,19345500
2024-03-20,CUPID,18.309999465942383,19.5,18.254499435424805,19.112499237060547,8167800
2024-03-21,CUPID,19.8700008392334,20.06800079345703,19.600000381469727,20.06800079345703,1284800
2024-03-22,CUPID,21.07099914550781,21.07099914550781,21.07099914550781,21.07099914550781,478300
2024-03-26,CUPID,22.124500274658203,22.124500274658203,22.124500274658203,22.124500274658203,1768500
2024-03-27,CUPID,22.989999771118164,23.230499267578125,22.124500274658203,23.230499267578125,5381900
2024-03-28,CUPID,24.34000015258789,24.39200019836425,23.479999542236328,24.23150062561035,8428800
2024-03-01,CURAA,32.0,32.0,32.0,32.0,0
2024-03-04,CURAA,32.0,32.0,32.0,32.0,0
2024-03-05,CURAA,32.0,32.0,32.0,32.0,0
2024-03-06,CURAA,32.0,32.0,32.0,32.0,0
2024-03-07,CURAA,32.0,32.0,32.0,32.0,0
2024-03-11,CURAA,32.0,32.0,32.0,32.0,0
2024-03-12,CURAA,32.0,32.0,32.0,32.0,0
2024-03-13,CURAA,32.0,32.0,32.0,32.0,0
2024-03-14,CURAA,32.0,32.0,32.0,32.0,0
2024-03-18,CURAA,32.0,32.0,32.0,32.0,0
2024-03-19,CURAA,32.0,32.0,32.0,32.0,0
2024-03-20,CURAA,32.0,32.0,32.0,32.0,0
2024-03-21,CURAA,32.0,32.0,32.0,32.0,0
2024-03-22,CURAA,32.0,32.0,32.0,32.0,0
2024-03-26,CURAA,32.0,32.0,32.0,32.0,0
2024-03-27,CURAA,32.0,32.0,32.0,32.0,0
2024-03-28,CURAA,32.0,32.0,32.0,32.0,0
2024-03-01,CYBERMEDIA,27.549999237060547,28.549999237060547,26.299999237060547,26.450000762939453,120152
2024-03-04,CYBERMEDIA,25.89999961853028,25.89999961853028,23.950000762939453,23.950000762939453,80553
2024-03-05,CYBERMEDIA,22.75,23.799999237060547,22.75,22.75,61987
2024-03-06,CYBERMEDIA,23.0,23.0,21.64999961853028,21.64999961853028,32353
2024-03-07,CYBERMEDIA,21.64999961853028,21.64999961853028,20.600000381469727,21.450000762939453,46243
2024-03-11,CYBERMEDIA,21.450000762939453,22.5,20.700000762939453,22.5,34655
2024-03-12,CYBERMEDIA,22.89999961853028,23.600000381469727,21.549999237060547,23.600000381469727,87017
2024-03-13,CYBERMEDIA,23.600000381469727,24.75,23.600000381469727,24.75,56843
2024-03-14,CYBERMEDIA,25.850000381469727,25.950000762939453,25.850000381469727,25.950000762939453,30020
2024-03-15,CYBERMEDIA,27.0,27.200000762939453,26.5,27.200000762939453,36642
2024-03-18,CYBERMEDIA,26.64999961853028,26.64999961853028,26.64999961853028,26.64999961853028,2277
2024-03-19,CYBERMEDIA,26.14999961853028,26.14999961853028,26.14999961853028,26.14999961853028,1373
2024-03-20,CYBERMEDIA,25.64999961853028,25.64999961853028,25.64999961853028,25.64999961853028,124
2024-03-21,CYBERMEDIA,25.14999961853028,25.14999961853028,25.14999961853028,25.14999961853028,3071
2024-03-22,CYBERMEDIA,24.64999961853028,24.64999961853028,24.64999961853028,24.64999961853028,2924
2024-03-26,CYBERMEDIA,24.14999961853028,24.14999961853028,24.14999961853028,24.14999961853028,6866
2024-03-27,CYBERMEDIA,23.700000762939453,24.100000381469727,23.700000762939453,23.700000762939453,8044
2024-03-28,CYBERMEDIA,23.25,23.299999237060547,23.25,23.25,4757
2024-03-01,CYBERTECH,164.14999389648438,166.85000610351562,163.0,164.25,54098
2024-03-04,CYBERTECH,165.5,167.10000610351562,161.10000610351562,161.9499969482422,52034
2024-03-05,CYBERTECH,162.0,184.8000030517578,161.10000610351562,175.14999389648438,1367519
2024-03-06,CYBERTECH,171.14999389648438,182.8500061035156,165.4499969482422,168.25,533192
2024-03-07,CYBERTECH,168.5,174.14999389648438,167.0500030517578,169.3000030517578,157962
2024-03-11,CYBERTECH,170.89999389648438,170.89999389648438,162.0,163.0500030517578,100077
2024-03-12,CYBERTECH,163.9499969482422,165.9499969482422,153.0,154.3000030517578,140427
2024-03-13,CYBERTECH,155.0,157.9499969482422,141.5,143.10000610351562,243554
2024-03-14,CYBERTECH,143.14999389648438,153.75,141.8000030517578,149.5500030517578,202587
2024-03-15,CYBERTECH,149.0,152.85000610351562,147.1999969482422,150.35000610351562,93162
2024-03-18,CYBERTECH,152.60000610351562,152.60000610351562,146.60000610351562,147.35000610351562,72147
2024-03-19,CYBERTECH,147.75,149.60000610351562,140.1999969482422,141.3000030517578,137219
2024-03-20,CYBERTECH,142.89999389648438,145.85000610351562,135.39999389648438,137.0500030517578,294635
2024-03-21,CYBERTECH,139.10000610351562,144.75,138.5500030517578,142.3000030517578,148076
2024-03-22,CYBERTECH,141.0,147.4499969482422,139.9499969482422,142.5,92625
2024-03-26,CYBERTECH,142.39999389648438,145.10000610351562,138.5,139.39999389648438,134856
2024-03-27,CYBERTECH,140.39999389648438,142.6999969482422,137.25,138.5500030517578,182954
2024-03-28,CYBERTECH,139.0500030517578,144.4499969482422,135.5500030517578,138.0500030517578,179398
2024-03-01,CYIENT,2030.0,2044.5999755859373,2018.6500244140625,2035.5,317499
2024-03-04,CYIENT,1995.050048828125,2020.199951171875,1989.949951171875,2016.050048828125,112124
2024-03-05,CYIENT,2016.949951171875,2024.949951171875,1946.0,1956.199951171875,129282
2024-03-06,CYIENT,1956.1500244140625,2000.949951171875,1910.0,1968.449951171875,155122
2024-03-07,CYIENT,1982.0,1995.0,1944.0,1987.75,133707
2024-03-11,CYIENT,1986.8499755859373,1986.9000244140625,1922.5,1942.449951171875,134268
2024-03-12,CYIENT,1959.949951171875,2008.0,1935.800048828125,1963.75,347046
2024-03-13,CYIENT,1973.9000244140625,1979.9000244140625,1810.0999755859373,1897.0,388213
2024-03-14,CYIENT,1909.0,1977.949951171875,1909.0,1945.75,279534
2024-03-15,CYIENT,1943.050048828125,2030.0,1932.050048828125,1986.199951171875,346736
2024-03-18,CYIENT,1985.800048828125,2008.5,1964.4000244140625,1995.3499755859373,116815
2024-03-19,CYIENT,1996.0999755859373,1999.0,1944.5,1975.050048828125,182333
2024-03-20,CYIENT,2010.25,2053.64990234375,1965.0,1999.75,513291
2024-03-21,CYIENT,2019.1500244140625,2019.1500244140625,1969.050048828125,1986.800048828125,906767
2024-03-22,CYIENT,1962.050048828125,2005.8499755859373,1942.050048828125,1963.0,187131
2024-03-26,CYIENT,1940.0,2018.050048828125,1912.300048828125,1941.550048828125,658108
2024-03-27,CYIENT,1957.0,1961.0,1920.0,1942.8499755859373,207002
2024-03-28,CYIENT,1975.0,2025.0,1960.0,1996.3499755859373,346848
2024-03-01,CYIENTDLM,812.9000244140625,820.0,791.0,805.4000244140625,248571
2024-03-04,CYIENTDLM,818.9500122070312,818.9500122070312,791.0,794.0499877929688,116490
2024-03-05,CYIENTDLM,794.0499877929688,798.8499755859375,774.0,789.6500244140625,168835
2024-03-06,CYIENTDLM,791.5999755859375,791.5999755859375,746.5499877929688,772.25,295186
2024-03-07,CYIENTDLM,777.9000244140625,784.0,762.0,778.4000244140625,166449
2024-03-11,CYIENTDLM,778.2999877929688,778.2999877929688,737.5,742.5,124825
2024-03-12,CYIENTDLM,742.5,745.4500122070312,711.5,715.3499755859375,237416
2024-03-13,CYIENTDLM,715.2999877929688,716.9500122070312,656.6500244140625,677.5999755859375,292351
2024-03-14,CYIENTDLM,662.0,707.4000244140625,662.0,694.9000244140625,180862
2024-03-15,CYIENTDLM,693.0,707.0,681.1500244140625,694.0999755859375,126253
2024-03-18,CYIENTDLM,695.0,700.0,680.2000122070312,682.2000122070312,78641
2024-03-19,CYIENTDLM,680.0,683.9000244140625,665.0499877929688,667.6500244140625,355133
2024-03-20,CYIENTDLM,675.0,682.4500122070312,650.0999755859375,657.7999877929688,124798
2024-03-21,CYIENTDLM,660.5,690.0,660.5,685.25,223554
2024-03-22,CYIENTDLM,670.0,692.7999877929688,670.0,689.9500122070312,121444
2024-03-26,CYIENTDLM,690.0,695.1500244140625,679.0,683.2999877929688,96125
2024-03-27,CYIENTDLM,687.0,710.0,682.25,702.5999755859375,137521
2024-03-28,CYIENTDLM,709.6500244140625,726.4500122070312,701.3499755859375,720.4000244140625,136721
2024-03-01,DABUR,538.1500244140625,544.9500122070312,538.1500244140625,541.0999755859375,762406
2024-03-04,DABUR,538.0,539.7000122070312,531.7999877929688,537.2999877929688,2030164
2024-03-05,DABUR,535.1500244140625,536.7999877929688,533.0499877929688,534.75,1464768
2024-03-06,DABUR,534.7999877929688,536.0,528.25,531.5,1082367
2024-03-07,DABUR,531.5,537.75,530.5,535.25,894981
2024-03-11,DABUR,535.25,538.4000244140625,531.5999755859375,533.4000244140625,984138
2024-03-12,DABUR,530.5499877929688,532.2999877929688,525.8499755859375,529.0,1011782
2024-03-13,DABUR,529.5499877929688,531.4000244140625,515.7999877929688,519.9500122070312,2666699
2024-03-14,DABUR,517.0,530.7999877929688,516.1500244140625,529.6500244140625,2047715
2024-03-15,DABUR,528.9500122070312,530.3499755859375,524.25,526.5499877929688,1710825
2024-03-18,DABUR,526.5499877929688,526.5499877929688,521.0999755859375,523.5999755859375,1247334
2024-03-19,DABUR,523.25,530.0,516.5499877929688,518.3499755859375,2071489
2024-03-20,DABUR,518.3499755859375,521.2000122070312,512.0,520.2000122070312,925067
2024-03-21,DABUR,522.25,525.6500244140625,518.5,523.9500122070312,973386
2024-03-22,DABUR,524.0,527.3499755859375,519.0,520.7999877929688,1072318
2024-03-26,DABUR,512.5999755859375,522.25,512.5999755859375,521.0999755859375,1961179
2024-03-27,DABUR,524.0,524.4000244140625,519.0999755859375,521.6500244140625,2638465
2024-03-28,DABUR,522.0,526.0,517.75,523.1500244140625,2312982
2024-03-01,DALBHARAT,2025.0,2061.050048828125,2025.0,2055.449951171875,219759
2024-03-04,DALBHARAT,2085.0,2103.14990234375,2021.75,2027.050048828125,241075
2024-03-05,DALBHARAT,2040.0,2049.949951171875,1985.0,1995.949951171875,198945
2024-03-06,DALBHARAT,1996.0,1998.449951171875,1916.1500244140625,1945.949951171875,399091
2024-03-07,DALBHARAT,1931.0999755859373,1973.949951171875,1931.0999755859373,1961.199951171875,242073
2024-03-11,DALBHARAT,1961.199951171875,1977.949951171875,1935.0,1939.25,318811
2024-03-12,DALBHARAT,1945.0,1950.0,1891.0999755859373,1909.1500244140625,588682
2024-03-13,DALBHARAT,1909.1500244140625,1919.5,1803.1500244140625,1825.5,450072
2024-03-14,DALBHARAT,1827.0,1877.949951171875,1821.5999755859373,1867.050048828125,242860
2024-03-15,DALBHARAT,1870.0,1893.9000244140625,1854.699951171875,1880.4000244140625,399126
2024-03-18,DALBHARAT,1881.050048828125,1898.4000244140625,1851.25,1884.949951171875,320363
2024-03-19,DALBHARAT,1894.8499755859373,1894.8499755859373,1865.800048828125,1884.4000244140625,279862
2024-03-20,DALBHARAT,1888.949951171875,1908.5,1849.6500244140625,1895.050048828125,604621
2024-03-21,DALBHARAT,1900.0999755859373,1924.5,1898.449951171875,1922.1500244140625,154710
2024-03-22,DALBHARAT,1920.0,1970.800048828125,1907.5999755859373,1959.25,219824
2024-03-26,DALBHARAT,1928.699951171875,1970.0,1928.699951171875,1961.199951171875,232888
2024-03-27,DALBHARAT,1961.0,2003.449951171875,1950.0999755859373,1957.8499755859373,988773
2024-03-28,DALBHARAT,1956.0,1977.0,1935.0999755859373,1942.1500244140625,650389
2024-03-01,DALMIASUG,393.7000122070313,396.0,384.2999877929688,385.7000122070313,41970
2024-03-04,DALMIASUG,394.5499877929688,404.2999877929688,388.7000122070313,398.2000122070313,168321
2024-03-05,DALMIASUG,402.2000122070313,404.0,394.9500122070313,402.0,48738
2024-03-06,DALMIASUG,400.0499877929688,401.7000122070313,389.1000061035156,391.7000122070313,48694
2024-03-07,DALMIASUG,390.0,395.5,389.9500122070313,392.4500122070313,22655
2024-03-11,DALMIASUG,396.8500061035156,396.8500061035156,377.0,381.2999877929688,56519
2024-03-12,DALMIASUG,382.9500122070313,383.25,372.9500122070313,374.2000122070313,58098
2024-03-13,DALMIASUG,374.4500122070313,378.1000061035156,349.45001220703125,351.6499938964844,78934
2024-03-14,DALMIASUG,350.0,374.7000122070313,348.1499938964844,363.7000122070313,54576
2024-03-15,DALMIASUG,365.5499877929688,370.0,354.20001220703125,358.0,44910
2024-03-18,DALMIASUG,359.75,366.7999877929688,354.04998779296875,361.1499938964844,53118
2024-03-19,DALMIASUG,360.0,364.8500061035156,355.70001220703125,359.45001220703125,34596
2024-03-20,DALMIASUG,355.45001220703125,362.6499938964844,352.8500061035156,358.04998779296875,35112
2024-03-21,DALMIASUG,359.79998779296875,363.0499877929688,355.70001220703125,357.25,41832
2024-03-22,DALMIASUG,357.04998779296875,364.0,357.04998779296875,361.1499938964844,45785
2024-03-26,DALMIASUG,362.0,365.0499877929688,352.1000061035156,354.6000061035156,43849
2024-03-27,DALMIASUG,352.5,356.29998779296875,342.0,343.5,121866
2024-03-28,DALMIASUG,344.04998779296875,348.5,338.04998779296875,340.1499938964844,159800
2024-03-01,DAMODARIND,53.70000076293945,55.84999847412109,53.70000076293945,54.900001525878906,40055
2024-03-04,DAMODARIND,57.5,57.5,54.150001525878906,54.45000076293945,11151
2024-03-05,DAMODARIND,54.95000076293945,54.95000076293945,52.650001525878906,53.59999847412109,20140
2024-03-06,DAMODARIND,53.650001525878906,53.650001525878906,50.25,50.84999847412109,37154
2024-03-07,DAMODARIND,50.84999847412109,53.400001525878906,50.84999847412109,51.45000076293945,32713
2024-03-11,DAMODARIND,51.45000076293945,52.54999923706055,48.79999923706055,49.04999923706055,32783
2024-03-12,DAMODARIND,49.900001525878906,51.900001525878906,48.09999847412109,49.45000076293945,61372
2024-03-13,DAMODARIND,48.20000076293945,50.650001525878906,44.75,45.150001525878906,38438
2024-03-14,DAMODARIND,46.45000076293945,48.09999847412109,43.0,47.34999847412109,45652
2024-03-15,DAMODARIND,48.79999923706055,49.400001525878906,47.5,47.75,15879
2024-03-18,DAMODARIND,47.0,48.5,45.650001525878906,46.20000076293945,13324
2024-03-19,DAMODARIND,45.29999923706055,46.70000076293945,45.04999923706055,45.5,21997
2024-03-20,DAMODARIND,45.650001525878906,47.5,44.54999923706055,45.09999847412109,17135
2024-03-21,DAMODARIND,45.400001525878906,46.95000076293945,45.150001525878906,45.29999923706055,23932
2024-03-22,DAMODARIND,45.0,46.900001525878906,45.0,46.25,31817
2024-03-26,DAMODARIND,46.95000076293945,46.95000076293945,44.25,44.70000076293945,50904
2024-03-27,DAMODARIND,44.29999923706055,45.70000076293945,41.45000076293945,42.04999923706055,102061
2024-03-28,DAMODARIND,42.29999923706055,43.54999923706055,41.09999847412109,41.70000076293945,61338
2024-03-01,DANGEE,12.0,12.0,11.449999809265137,11.550000190734863,297239
2024-03-04,DANGEE,11.649999618530272,11.850000381469728,11.25,11.350000381469728,220562
2024-03-05,DANGEE,11.449999809265137,11.600000381469728,10.949999809265137,11.300000190734863,420650
2024-03-06,DANGEE,11.199999809265137,12.350000381469728,10.550000190734863,11.050000190734863,627305
2024-03-07,DANGEE,11.0,11.199999809265137,10.649999618530272,10.899999618530272,215184
2024-03-11,DANGEE,11.149999618530272,11.399999618530272,10.300000190734863,10.449999809265137,437412
2024-03-12,DANGEE,10.649999618530272,10.699999809265137,9.699999809265137,9.949999809265137,353828
2024-03-13,DANGEE,10.199999809265137,10.199999809265137,8.949999809265137,9.100000381469728,686293
2024-03-14,DANGEE,9.350000381469728,9.899999618530272,8.649999618530273,9.399999618530272,591203
2024-03-15,DANGEE,9.699999809265137,9.75,9.100000381469728,9.399999618530272,209699
2024-03-18,DANGEE,9.399999618530272,9.800000190734863,8.949999809265137,9.100000381469728,265287
2024-03-19,DANGEE,9.100000381469728,9.350000381469728,9.0,9.050000190734863,133128
2024-03-20,DANGEE,9.199999809265137,9.199999809265137,8.800000190734863,8.850000381469727,346886
2024-03-21,DANGEE,8.850000381469727,9.25,8.850000381469727,9.050000190734863,304974
2024-03-22,DANGEE,9.149999618530272,9.5,8.800000190734863,8.899999618530273,583861
2024-03-26,DANGEE,8.949999809265137,9.100000381469728,8.449999809265137,8.600000381469727,567599
2024-03-27,DANGEE,8.850000381469727,8.949999809265137,8.199999809265137,8.449999809265137,650724
2024-03-28,DANGEE,8.5,8.550000190734863,8.050000190734863,8.100000381469727,1078183
2024-03-01,DATAMATICS,606.0,608.0499877929688,596.0,599.0,63313
2024-03-04,DATAMATICS,606.0,606.9000244140625,593.2000122070312,595.25,77755
2024-03-05,DATAMATICS,595.25,597.5,589.0,590.2999877929688,56701
2024-03-06,DATAMATICS,591.0,593.0999755859375,567.0,586.8499755859375,129794
2024-03-07,DATAMATICS,585.0,591.0,571.5999755859375,575.3499755859375,140093
2024-03-11,DATAMATICS,579.4000244140625,580.0,541.6500244140625,552.2999877929688,133763
2024-03-12,DATAMATICS,552.2999877929688,562.0,532.8499755859375,536.4000244140625,154716
2024-03-13,DATAMATICS,536.1500244140625,546.1500244140625,499.1499938964844,503.75,224137
2024-03-14,DATAMATICS,504.0,532.0,503.3999938964844,520.2000122070312,186066
2024-03-15,DATAMATICS,523.8499755859375,539.3499755859375,515.4500122070312,525.2999877929688,98969
2024-03-18,DATAMATICS,533.1500244140625,534.75,523.0499877929688,526.7999877929688,85562
2024-03-19,DATAMATICS,526.7999877929688,528.0,511.2999877929688,513.5999755859375,61259
2024-03-20,DATAMATICS,513.5999755859375,526.7000122070312,508.0499877929688,518.5999755859375,93406
2024-03-21,DATAMATICS,521.0,548.0,520.8499755859375,531.9500122070312,200072
2024-03-22,DATAMATICS,530.0,555.6500244140625,526.0499877929688,550.5999755859375,259990
2024-03-26,DATAMATICS,549.7000122070312,552.5,530.2999877929688,536.5,173802
2024-03-27,DATAMATICS,540.7999877929688,542.8499755859375,530.5999755859375,532.6500244140625,137077
2024-03-28,DATAMATICS,532.9500122070312,547.9500122070312,528.0,532.7999877929688,117844
2024-03-01,DATAPATTNS,2495.050048828125,2699.89990234375,2471.300048828125,2662.949951171875,898910
2024-03-04,DATAPATTNS,2800.0,3080.0,2799.0,2894.10009765625,1880574
2024-03-05,DATAPATTNS,2930.0,2939.85009765625,2635.10009765625,2669.89990234375,694807
2024-03-06,DATAPATTNS,2709.89990234375,2799.0,2568.64990234375,2634.39990234375,410898
2024-03-07,DATAPATTNS,2797.699951171875,2797.699951171875,2665.0,2698.10009765625,312456
2024-03-11,DATAPATTNS,2720.0,2722.85009765625,2538.0,2555.449951171875,265622
2024-03-12,DATAPATTNS,2542.10009765625,2555.0,2400.0,2423.85009765625,277203
2024-03-13,DATAPATTNS,2420.0,2463.60009765625,2181.5,2183.25,619844
2024-03-14,DATAPATTNS,2120.25,2401.550048828125,2101.0,2379.199951171875,537063
2024-03-15,DATAPATTNS,2410.14990234375,2436.0,2270.0,2363.85009765625,354905
2024-03-18,DATAPATTNS,2363.10009765625,2446.949951171875,2322.0,2338.39990234375,215180
2024-03-19,DATAPATTNS,2350.0,2351.0,2226.949951171875,2245.199951171875,214928
2024-03-20,DATAPATTNS,2250.0,2283.949951171875,2210.0,2254.60009765625,151009
2024-03-21,DATAPATTNS,2295.0,2386.60009765625,2265.0,2352.10009765625,245041
2024-03-22,DATAPATTNS,2371.949951171875,2371.949951171875,2300.0,2328.35009765625,139560
2024-03-26,DATAPATTNS,2301.050048828125,2389.39990234375,2301.0,2347.449951171875,154303
2024-03-27,DATAPATTNS,2376.89990234375,2487.449951171875,2357.60009765625,2456.050048828125,432498
2024-03-28,DATAPATTNS,2490.0,2495.10009765625,2408.0,2422.0,153271
2024-03-01,DAVANGERE,10.425000190734863,10.795000076293944,10.425000190734863,10.6850004196167,6969550
2024-03-04,DAVANGERE,10.739999771118164,11.199999809265137,10.414999961853027,10.960000038146973,5848970
2024-03-05,DAVANGERE,11.100000381469728,11.114999771118164,10.125,10.420000076293944,6374660
2024-03-06,DAVANGERE,10.350000381469728,10.595000267028809,10.3100004196167,10.395000457763672,2730690
2024-03-07,DAVANGERE,10.5,10.59000015258789,10.19499969482422,10.44499969482422,3929480
2024-03-11,DAVANGERE,10.399999618530272,10.645000457763672,10.100000381469728,10.234999656677246,2621640
2024-03-12,DAVANGERE,10.30500030517578,10.5,9.899999618530272,10.095000267028809,1398650
2024-03-13,DAVANGERE,10.130000114440918,10.300000190734863,9.199999809265137,9.529999732971191,2899680
2024-03-14,DAVANGERE,9.69499969482422,9.914999961853027,7.625,7.664999961853027,9279300
2024-03-15,DAVANGERE,7.300000190734863,8.199999809265137,6.71999979019165,6.965000152587891,13785040
2024-03-18,DAVANGERE,7.079999923706055,7.659999847412109,7.079999923706055,7.644999980926514,11077840
2024-03-19,DAVANGERE,7.505000114440918,7.849999904632568,7.255000114440918,7.434999942779541,4149420
2024-03-20,DAVANGERE,7.59499979019165,7.695000171661377,7.21999979019165,7.525000095367432,6687740
2024-03-21,DAVANGERE,7.550000190734863,8.194999694824219,7.269999980926514,7.704999923706055,3710420
2024-03-22,DAVANGERE,7.599999904632568,8.100000381469727,7.519999980926514,7.920000076293945,2586600
2024-03-26,DAVANGERE,7.815000057220459,8.100000381469727,7.78000020980835,7.880000114440918,1902590
2024-03-27,DAVANGERE,7.849999904632568,7.994999885559082,7.480000019073486,7.644999980926514,7510470
2024-03-28,DAVANGERE,7.760000228881836,7.800000190734863,7.5,7.684999942779541,9968960
2024-03-01,DBCORP,294.8999938964844,298.0,285.8999938964844,286.75,53272
2024-03-04,DBCORP,289.95001220703125,296.0,285.1499938964844,293.1499938964844,67360
2024-03-05,DBCORP,291.0,291.0,278.5,278.5,149553
2024-03-06,DBCORP,278.5,278.5,264.6000061035156,264.6000061035156,95282
2024-03-07,DBCORP,255.3500061035156,277.79998779296875,251.3999938964844,277.79998779296875,353735
2024-03-11,DBCORP,280.0,281.8999938964844,263.95001220703125,267.45001220703125,190048
2024-03-12,DBCORP,265.8999938964844,269.8999938964844,254.1999969482422,261.25,205113
2024-03-13,DBCORP,261.0,262.5,248.1999969482422,248.1999969482422,169672
2024-03-14,DBCORP,245.0,260.6000061035156,235.8000030517578,251.25,203048
2024-03-15,DBCORP,247.8000030517578,254.5,240.0,249.3000030517578,120144
2024-03-18,DBCORP,249.8999938964844,258.0,245.1000061035156,253.3500061035156,71419
2024-03-19,DBCORP,253.3000030517578,257.0,248.0,253.3000030517578,56210
2024-03-20,DBCORP,256.95001220703125,256.95001220703125,250.5,253.8500061035156,45650
2024-03-21,DBCORP,256.95001220703125,264.8500061035156,256.1000061035156,259.1000061035156,49319
2024-03-22,DBCORP,256.0,268.0,250.0,263.5,56988
2024-03-26,DBCORP,262.79998779296875,264.79998779296875,252.1000061035156,254.6000061035156,94035
2024-03-27,DBCORP,255.0,260.0,250.0,251.4499969482422,172056
2024-03-28,DBCORP,255.0,264.0,248.5,263.29998779296875,106638
2024-03-01,DBL,448.5,462.4500122070313,441.0,457.25,1057716
2024-03-04,DBL,462.6000061035156,462.7000122070313,445.25,447.2999877929688,348671
2024-03-05,DBL,448.3999938964844,448.9500122070313,436.75,439.3999938964844,487922
2024-03-06,DBL,439.0,440.75,425.5,432.1499938964844,742127
2024-03-07,DBL,432.5,444.3999938964844,432.5,437.4500122070313,355219
2024-03-11,DBL,443.0,449.5,426.9500122070313,430.8999938964844,853021
2024-03-12,DBL,432.3999938964844,434.5,415.1499938964844,418.7999877929688,545213
2024-03-13,DBL,420.0,425.2000122070313,381.25,386.3999938964844,1257034
2024-03-14,DBL,381.0,416.5,377.6000061035156,410.1000061035156,748643
2024-03-15,DBL,408.75,419.0499877929688,395.3999938964844,405.7000122070313,472838
2024-03-18,DBL,406.7999877929688,415.8999938964844,400.0499877929688,410.7999877929688,461630
2024-03-19,DBL,412.0,416.2999877929688,393.1000061035156,396.7999877929688,405881
2024-03-20,DBL,398.3999938964844,402.5499877929688,389.1000061035156,399.25,384294
2024-03-21,DBL,403.0,409.8500061035156,401.7999877929688,406.0,277162
2024-03-22,DBL,405.2000122070313,417.7000122070313,404.75,415.7999877929688,398184
2024-03-26,DBL,415.6000061035156,421.0,406.6000061035156,412.75,391263
2024-03-27,DBL,411.8999938964844,434.0,411.0,425.2000122070313,1030687
2024-03-28,DBL,428.3999938964844,469.0,427.75,456.8999938964844,4209899
2024-03-01,DBOL,136.1999969482422,138.85000610351562,135.0500030517578,136.0500030517578,84998
2024-03-04,DBOL,136.0,137.75,135.35000610351562,135.85000610351562,139319
2024-03-05,DBOL,136.0,136.39999389648438,134.10000610351562,134.75,74651
2024-03-06,DBOL,134.60000610351562,134.64999389648438,129.60000610351562,132.35000610351562,183188
2024-03-07,DBOL,132.0,133.3000030517578,130.35000610351562,132.3000030517578,161318
2024-03-11,DBOL,132.3000030517578,132.60000610351562,126.8000030517578,128.14999389648438,184923
2024-03-12,DBOL,128.0,128.0500030517578,122.4000015258789,123.5500030517578,360888
2024-03-13,DBOL,124.0,125.5999984741211,117.0500030517578,119.3000030517578,357101
2024-03-14,DBOL,119.9000015258789,124.1999969482422,119.5,123.6500015258789,173470
2024-03-15,DBOL,123.6500015258789,124.6500015258789,121.0,123.6999969482422,179000
2024-03-18,DBOL,125.75,126.1999969482422,120.6999969482422,123.0999984741211,247056
2024-03-19,DBOL,124.9499969482422,124.9499969482422,121.8499984741211,122.6500015258789,147445
2024-03-20,DBOL,122.5,124.3000030517578,120.1500015258789,120.6500015258789,129057
2024-03-21,DBOL,121.4000015258789,123.9000015258789,119.9499969482422,121.6999969482422,251137
2024-03-22,DBOL,121.6999969482422,123.4000015258789,121.4000015258789,122.25,247273
2024-03-26,DBOL,122.25,122.9000015258789,118.75,119.5999984741211,309973
2024-03-27,DBOL,120.0,120.6999969482422,117.1999969482422,117.8499984741211,618160
2024-03-28,DBOL,119.0,120.25,114.9000015258789,115.25,456443
2024-03-01,DBREALTY,269.75,271.0,262.04998779296875,268.25,1586022
2024-03-04,DBREALTY,271.29998779296875,273.3999938964844,264.0,268.1000061035156,1799897
2024-03-05,DBREALTY,266.95001220703125,273.1000061035156,261.1000061035156,272.0,4281091
2024-03-06,DBREALTY,272.04998779296875,276.29998779296875,260.0,273.54998779296875,5578225
2024-03-07,DBREALTY,269.8500061035156,284.8999938964844,268.1499938964844,282.70001220703125,10592115
2024-03-11,DBREALTY,282.5,282.5,264.0,267.3500061035156,7330437
2024-03-12,DBREALTY,266.8999938964844,268.6499938964844,242.1499938964844,250.5,6083336
2024-03-13,DBREALTY,250.5,250.5,225.4499969482422,225.4499969482422,5321211
2024-03-14,DBREALTY,215.6000061035156,236.8999938964844,214.0,232.8000030517578,6925680
2024-03-15,DBREALTY,230.9499969482422,232.6999969482422,213.5500030517578,219.5500030517578,4576817
2024-03-18,DBREALTY,220.1499938964844,226.0,212.1000061035156,215.1000061035156,2946066
2024-03-19,DBREALTY,214.8999938964844,214.8999938964844,204.3500061035156,204.3500061035156,1952771
2024-03-20,DBREALTY,195.0500030517578,213.8999938964844,195.0500030517578,205.8999938964844,18246771
2024-03-21,DBREALTY,210.0,211.5,201.6999969482422,204.25,12453638
2024-03-22,DBREALTY,205.1499938964844,210.5,196.6999969482422,198.6999969482422,13487517
2024-03-26,DBREALTY,200.3999938964844,208.6000061035156,190.6000061035156,199.0500030517578,11174446
2024-03-27,DBREALTY,201.1499938964844,207.0,195.75,198.5,8528692
2024-03-28,DBREALTY,202.1999969482422,203.3500061035156,194.0,196.3500061035156,5199068
2024-03-01,DBSTOCKBRO,48.900001525878906,49.79999923706055,47.0,47.95000076293945,20198
2024-03-04,DBSTOCKBRO,49.70000076293945,49.70000076293945,46.09999847412109,46.45000076293945,37205
2024-03-05,DBSTOCKBRO,48.54999923706055,48.54999923706055,45.45000076293945,46.34999847412109,26769
2024-03-06,DBSTOCKBRO,46.04999923706055,47.400001525878906,44.04999923706055,45.04999923706055,33507
2024-03-07,DBSTOCKBRO,45.0,46.0,43.29999923706055,44.45000076293945,15284
2024-03-11,DBSTOCKBRO,46.5,46.5,43.0,45.150001525878906,25007
2024-03-12,DBSTOCKBRO,45.150001525878906,46.29999923706055,42.900001525878906,44.09999847412109,38792
2024-03-13,DBSTOCKBRO,44.70000076293945,44.95000076293945,41.900001525878906,43.59999847412109,40369
2024-03-14,DBSTOCKBRO,42.59999847412109,42.84999847412109,41.79999923706055,42.09999847412109,7480
2024-03-15,DBSTOCKBRO,43.75,43.84999847412109,42.09999847412109,43.34999847412109,7896
2024-03-18,DBSTOCKBRO,43.400001525878906,44.79999923706055,42.400001525878906,42.900001525878906,6676
2024-03-19,DBSTOCKBRO,42.400001525878906,43.29999923706055,41.5,41.59999847412109,10918
2024-03-20,DBSTOCKBRO,40.34999847412109,41.900001525878906,39.54999923706055,40.04999923706055,21936
2024-03-21,DBSTOCKBRO,40.04999923706055,41.5,39.34999847412109,40.150001525878906,6512
2024-03-22,DBSTOCKBRO,41.79999923706055,42.150001525878906,40.25,41.95000076293945,8077
2024-03-26,DBSTOCKBRO,41.95000076293945,43.400001525878906,41.45000076293945,42.54999923706055,7583
2024-03-27,DBSTOCKBRO,42.650001525878906,43.650001525878906,40.79999923706055,41.20000076293945,4289
2024-03-28,DBSTOCKBRO,39.5,41.0,39.400001525878906,39.5,11613
2024-03-01,DCAL,255.8500061035156,280.0,253.9499969482422,256.8500061035156,6812827
2024-03-04,DCAL,268.70001220703125,277.6499938964844,257.8999938964844,273.5,4521054
2024-03-05,DCAL,271.45001220703125,283.0,257.8999938964844,260.1499938964844,4182265
2024-03-06,DCAL,259.8999938964844,262.5,236.6999969482422,242.0,1721135
2024-03-07,DCAL,244.3999938964844,252.5,243.0,247.3999938964844,679227
2024-03-11,DCAL,249.8999938964844,254.8000030517578,231.0,233.3500061035156,901819
2024-03-12,DCAL,233.8500061035156,239.3999938964844,216.5,220.0,1930167
2024-03-13,DCAL,220.0,227.0,193.1000061035156,199.1999969482422,2122910
2024-03-14,DCAL,195.1000061035156,226.0,191.1000061035156,220.5,2551749
2024-03-15,DCAL,216.3999938964844,228.6999969482422,213.9499969482422,223.5,1186143
2024-03-18,DCAL,225.6999969482422,229.6999969482422,219.5500030517578,221.6000061035156,597734
2024-03-19,DCAL,223.5500030517578,224.9499969482422,214.1000061035156,218.3999938964844,322080
2024-03-20,DCAL,217.1999969482422,226.0,211.6000061035156,219.1499938964844,1280094
2024-03-21,DCAL,219.3500061035156,228.4499969482422,218.0500030517578,220.5500030517578,864123
2024-03-22,DCAL,221.0,226.6999969482422,220.0,225.1000061035156,451131
2024-03-26,DCAL,222.3999938964844,224.8999938964844,219.0500030517578,220.5,322200
2024-03-27,DCAL,221.0,237.5,221.0,233.9499969482422,1412581
2024-03-28,DCAL,233.0,238.6999969482422,231.0500030517578,235.5500030517578,397526
2024-03-01,DCBBANK,128.75,130.39999389648438,128.35000610351562,129.75,777671
2024-03-04,DCBBANK,131.5,131.9499969482422,129.64999389648438,130.35000610351562,694037
2024-03-05,DCBBANK,129.75,130.5,128.39999389648438,130.0,1294978
2024-03-06,DCBBANK,129.0,129.8000030517578,125.5,126.4499969482422,1910722
2024-03-07,DCBBANK,127.0,129.0,126.5,127.5,954065
2024-03-11,DCBBANK,127.5,128.5,125.5999984741211,126.8000030517578,1389562
2024-03-12,DCBBANK,126.0999984741211,126.9000015258789,123.0500030517578,124.9499969482422,2352753
2024-03-13,DCBBANK,125.0,125.4000015258789,112.9000015258789,114.3000030517578,4481112
2024-03-14,DCBBANK,114.8499984741211,119.3499984741211,112.0,118.8000030517578,2353113
2024-03-15,DCBBANK,118.25,125.0,116.6999969482422,122.4000015258789,2400834
2024-03-18,DCBBANK,125.75,125.75,122.0500030517578,122.4499969482422,1022168
2024-03-19,DCBBANK,122.3000030517578,122.4000015258789,118.3000030517578,119.0500030517578,1218552
2024-03-20,DCBBANK,119.0999984741211,120.0500030517578,117.0,118.6999969482422,1224254
2024-03-21,DCBBANK,121.0,121.75,118.8499984741211,120.3499984741211,2092276
2024-03-22,DCBBANK,120.3499984741211,121.75,120.0999984741211,120.75,2545402
2024-03-26,DCBBANK,120.75,121.1999969482422,118.1500015258789,118.6500015258789,1755548
2024-03-27,DCBBANK,118.9000015258789,120.0,117.0,117.6999969482422,1776247
2024-03-28,DCBBANK,117.9499969482422,122.5,117.9499969482422,119.4000015258789,3028687
2024-03-01,DCI,225.9499969482422,225.9499969482422,212.8000030517578,215.6000061035156,9322
2024-03-04,DCI,224.3000030517578,225.3000030517578,212.0,215.3999938964844,5372
2024-03-05,DCI,216.0,216.0,209.0,210.0,4621
2024-03-06,DCI,202.1499938964844,214.0,199.5,201.75,38442
2024-03-07,DCI,209.8999938964844,211.5,204.8500061035156,206.3000030517578,2909
2024-03-11,DCI,210.5,210.5,200.0500030517578,201.3500061035156,2679
2024-03-12,DCI,192.6000061035156,200.8999938964844,191.3000030517578,192.5500030517578,10298
2024-03-13,DCI,198.0,198.0,182.9499969482422,184.3000030517578,10114
2024-03-14,DCI,180.0,192.5,175.25,187.3500061035156,15193
2024-03-15,DCI,195.0,195.1999969482422,178.0,184.1000061035156,14041
2024-03-18,DCI,180.0,193.1999969482422,180.0,190.6499938964844,6028
2024-03-19,DCI,191.0,197.0,188.25,189.6499938964844,4805
2024-03-20,DCI,189.6999969482422,189.6999969482422,183.1999969482422,186.0500030517578,22888
2024-03-21,DCI,183.0,195.3000030517578,176.75,179.5,14511
2024-03-22,DCI,184.9499969482422,184.9499969482422,179.0,180.75,6529
2024-03-26,DCI,180.10000610351562,188.0,180.10000610351562,183.8500061035156,6176
2024-03-27,DCI,188.0,188.0,179.75,185.25,3984
2024-03-28,DCI,188.3999938964844,188.3999938964844,181.0,184.6000061035156,5096
2024-03-01,DCM,82.5999984741211,83.9000015258789,82.0999984741211,83.0999984741211,27287
2024-03-04,DCM,83.0999984741211,86.75,82.19999694824219,84.80000305175781,79509
2024-03-05,DCM,84.55000305175781,84.55000305175781,81.80000305175781,82.69999694824219,36661
2024-03-06,DCM,82.69999694824219,82.9000015258789,79.6500015258789,80.30000305175781,78472
2024-03-07,DCM,80.55000305175781,85.1500015258789,80.55000305175781,84.0,55926
2024-03-11,DCM,84.0,84.05000305175781,78.8499984741211,81.0,62456
2024-03-12,DCM,81.0,83.4000015258789,74.1500015258789,76.25,146671
2024-03-13,DCM,75.94999694824219,77.69999694824219,68.3499984741211,70.25,88513
2024-03-14,DCM,70.0,73.94999694824219,69.94999694824219,73.1500015258789,54266
2024-03-15,DCM,72.1500015258789,73.80000305175781,70.8499984741211,72.1500015258789,44893
2024-03-18,DCM,73.5,77.9000015258789,72.3499984741211,75.5999984741211,53342
2024-03-19,DCM,76.75,76.75,73.19999694824219,73.80000305175781,27569
2024-03-20,DCM,74.25,75.4000015258789,73.94999694824219,74.9000015258789,23288
2024-03-21,DCM,76.4000015258789,77.19999694824219,74.3499984741211,74.94999694824219,19126
2024-03-22,DCM,74.75,75.8499984741211,74.0,74.0999984741211,36461
2024-03-26,DCM,75.4000015258789,75.5,70.19999694824219,71.69999694824219,48693
2024-03-27,DCM,73.19999694824219,74.25,71.0999984741211,71.94999694824219,56178
2024-03-28,DCM,72.4000015258789,73.94999694824219,71.19999694824219,72.0,32079
2024-03-01,DCMFINSERV,6.400000095367432,6.400000095367432,6.400000095367432,6.400000095367432,8514
2024-03-04,DCMFINSERV,6.300000190734863,6.300000190734863,6.300000190734863,6.300000190734863,321
2024-03-05,DCMFINSERV,6.199999809265137,6.199999809265137,6.199999809265137,6.199999809265137,402
2024-03-06,DCMFINSERV,6.099999904632568,6.099999904632568,6.099999904632568,6.099999904632568,564
2024-03-07,DCMFINSERV,6.0,6.0,6.0,6.0,646
2024-03-11,DCMFINSERV,5.900000095367432,5.900000095367432,5.900000095367432,5.900000095367432,617
2024-03-12,DCMFINSERV,5.800000190734863,5.800000190734863,5.800000190734863,5.800000190734863,1050
2024-03-13,DCMFINSERV,5.699999809265137,5.699999809265137,5.699999809265137,5.699999809265137,6
2024-03-14,DCMFINSERV,5.599999904632568,5.599999904632568,5.599999904632568,5.599999904632568,1064
2024-03-15,DCMFINSERV,5.5,5.5,5.5,5.5,115
2024-03-18,DCMFINSERV,5.400000095367432,5.400000095367432,5.400000095367432,5.400000095367432,10037
2024-03-19,DCMFINSERV,5.300000190734863,5.300000190734863,5.300000190734863,5.300000190734863,2182
2024-03-20,DCMFINSERV,5.199999809265137,5.199999809265137,5.199999809265137,5.199999809265137,197
2024-03-21,DCMFINSERV,5.099999904632568,5.099999904632568,5.099999904632568,5.099999904632568,80
2024-03-22,DCMFINSERV,5.0,5.0,5.0,5.0,5843
2024-03-26,DCMFINSERV,4.900000095367432,4.900000095367432,4.900000095367432,4.900000095367432,10977
2024-03-27,DCMFINSERV,4.800000190734863,4.849999904632568,4.800000190734863,4.800000190734863,2399
2024-03-28,DCMFINSERV,4.699999809265137,4.75,4.699999809265137,4.699999809265137,6004
2024-03-01,DCMNVL,180.9499969482422,182.8999938964844,178.64999389648438,181.5500030517578,14433
2024-03-04,DCMNVL,190.6000061035156,225.8000030517578,190.6000061035156,217.6000061035156,1373638
2024-03-05,DCMNVL,220.4499969482422,233.5,215.1000061035156,229.3500061035156,693018
2024-03-06,DCMNVL,230.3999938964844,232.8999938964844,216.8000030517578,220.6499938964844,336820
2024-03-07,DCMNVL,220.6999969482422,223.8000030517578,210.3500061035156,213.1499938964844,127509
2024-03-11,DCMNVL,210.1999969482422,216.3999938964844,203.1999969482422,206.8000030517578,115889
2024-03-12,DCMNVL,206.8000030517578,216.3500061035156,197.8000030517578,201.8000030517578,134163
2024-03-13,DCMNVL,198.3000030517578,206.5,182.8000030517578,184.8000030517578,115416
2024-03-14,DCMNVL,177.25,196.6999969482422,177.25,192.4499969482422,75603
2024-03-15,DCMNVL,195.0,196.75,187.25,192.0500030517578,53571
2024-03-18,DCMNVL,192.8500061035156,208.5,188.1999969482422,200.5,68443
2024-03-19,DCMNVL,202.3999938964844,203.5,191.9499969482422,195.1499938964844,67747
2024-03-20,DCMNVL,196.6499938964844,197.6000061035156,190.1499938964844,195.0500030517578,55722
2024-03-21,DCMNVL,199.1999969482422,207.8000030517578,196.4499969482422,203.1499938964844,106909
2024-03-22,DCMNVL,202.0,209.3999938964844,202.0,206.3000030517578,40656
2024-03-26,DCMNVL,203.0,209.9499969482422,198.3500061035156,200.6000061035156,67787
2024-03-27,DCMNVL,203.6000061035156,204.1499938964844,194.8500061035156,197.1000061035156,45219
2024-03-28,DCMNVL,197.1499938964844,204.6999969482422,188.1499938964844,190.1000061035156,96420
2024-03-01,DCMSHRIRAM,960.7000122070312,973.1500244140624,951.5499877929688,962.25,27753
2024-03-04,DCMSHRIRAM,975.8499755859376,976.7000122070312,962.0,966.0,25832
2024-03-05,DCMSHRIRAM,974.2999877929688,975.0499877929688,951.2000122070312,960.3499755859376,36459
2024-03-06,DCMSHRIRAM,960.3499755859376,960.7999877929688,938.0,945.0,25754
2024-03-07,DCMSHRIRAM,951.2999877929688,953.9500122070312,936.8499755859376,946.7000122070312,15312
2024-03-11,DCMSHRIRAM,960.0,960.0,907.0999755859376,915.9500122070312,40140
2024-03-12,DCMSHRIRAM,915.9500122070312,920.5499877929688,902.6500244140624,912.3499755859376,49676
2024-03-13,DCMSHRIRAM,918.4500122070312,918.4500122070312,855.5,863.1500244140625,71137
2024-03-14,DCMSHRIRAM,861.8499755859375,881.4000244140625,859.0999755859375,872.0499877929688,33349
2024-03-15,DCMSHRIRAM,880.0,890.0,860.25,867.8499755859375,24313
2024-03-18,DCMSHRIRAM,872.2000122070312,937.7000122070312,872.2000122070312,895.0,693700
2024-03-19,DCMSHRIRAM,891.0,898.1500244140625,881.0,888.75,36737
2024-03-20,DCMSHRIRAM,892.75,898.0,860.9500122070312,880.2000122070312,51722
2024-03-21,DCMSHRIRAM,885.0,906.9000244140624,885.0,894.7999877929688,24115
2024-03-22,DCMSHRIRAM,898.0,899.0,885.0,887.7999877929688,30809
2024-03-26,DCMSHRIRAM,890.0,892.25,862.7999877929688,866.4000244140625,61376
2024-03-27,DCMSHRIRAM,871.0,882.0,854.0,860.4500122070312,59630
2024-03-28,DCMSHRIRAM,860.4500122070312,874.6500244140625,832.4000244140625,854.25,53995
2024-03-01,DCMSRIND,194.9499969482422,197.6499938964844,193.3000030517578,194.1999969482422,102274
2024-03-04,DCMSRIND,195.0,197.4499969482422,188.1000061035156,190.1000061035156,170044
2024-03-05,DCMSRIND,189.8500061035156,195.6499938964844,182.1000061035156,187.0500030517578,229327
2024-03-06,DCMSRIND,184.0,186.0,176.14999389648438,180.6499938964844,372984
2024-03-07,DCMSRIND,180.0,186.9499969482422,179.6999969482422,182.8500061035156,158537
2024-03-11,DCMSRIND,183.0500030517578,186.6999969482422,172.0500030517578,174.4499969482422,385183
2024-03-12,DCMSRIND,175.0,177.5500030517578,168.14999389648438,173.89999389648438,433434
2024-03-13,DCMSRIND,174.3000030517578,177.10000610351562,162.35000610351562,165.8000030517578,602549
2024-03-14,DCMSRIND,163.3000030517578,178.1999969482422,158.0,175.85000610351562,563215
2024-03-15,DCMSRIND,176.0,179.85000610351562,171.9499969482422,175.39999389648438,191598
2024-03-18,DCMSRIND,175.39999389648438,179.8000030517578,173.25,177.0,171423
2024-03-19,DCMSRIND,177.0,181.1999969482422,172.89999389648438,177.39999389648438,134479
2024-03-20,DCMSRIND,177.35000610351562,180.0,173.14999389648438,178.4499969482422,101809
2024-03-21,DCMSRIND,180.8999938964844,184.9499969482422,177.5500030517578,183.1499938964844,258217
2024-03-22,DCMSRIND,184.6999969482422,193.3500061035156,184.0500030517578,190.0,274561
2024-03-26,DCMSRIND,190.0,191.9499969482422,181.25,182.25,162629
2024-03-27,DCMSRIND,183.0,184.8999938964844,176.0,176.85000610351562,333919
2024-03-28,DCMSRIND,178.85000610351562,185.6999969482422,177.0,183.1999969482422,277314
2024-03-01,DCW,57.20000076293945,58.45000076293945,57.20000076293945,57.75,2579836
2024-03-04,DCW,58.20000076293945,58.45000076293945,57.04999923706055,57.09999847412109,1708097
2024-03-05,DCW,57.09999847412109,60.45000076293945,56.400001525878906,59.45000076293945,7236655
2024-03-06,DCW,59.0,59.25,55.54999923706055,56.54999923706055,6434729
2024-03-07,DCW,56.95000076293945,57.34999847412109,56.20000076293945,56.54999923706055,2969869
2024-03-11,DCW,56.650001525878906,56.95000076293945,53.54999923706055,53.84999847412109,3907534
2024-03-12,DCW,53.84999847412109,53.95000076293945,50.5,51.45000076293945,5476726
2024-03-13,DCW,51.900001525878906,52.79999923706055,47.5,47.79999923706055,5454365
2024-03-14,DCW,48.5,51.20000076293945,45.95000076293945,49.650001525878906,3895801
2024-03-15,DCW,49.04999923706055,52.59999847412109,49.04999923706055,50.75,3752487
2024-03-18,DCW,51.0,51.75,50.0,50.20000076293945,1615188
2024-03-19,DCW,50.09999847412109,52.5,49.29999923706055,49.59999847412109,4460981
2024-03-20,DCW,49.900001525878906,50.650001525878906,49.04999923706055,49.45000076293945,2312589
2024-03-21,DCW,50.0,50.95000076293945,49.84999847412109,50.20000076293945,1739785
2024-03-22,DCW,50.09999847412109,53.09999847412109,50.0,51.25,5509818
2024-03-26,DCW,51.20000076293945,51.70000076293945,49.95000076293945,50.09999847412109,2491966
2024-03-27,DCW,50.5,53.84999847412109,50.5,52.04999923706055,9872514
2024-03-28,DCW,53.0,53.900001525878906,51.150001525878906,51.400001525878906,3692809
2024-03-01,DCXINDIA,323.75,331.75,323.1000061035156,330.20001220703125,403357
2024-03-04,DCXINDIA,330.3999938964844,330.6499938964844,318.79998779296875,324.6000061035156,368157
2024-03-05,DCXINDIA,324.0,329.6000061035156,320.6000061035156,322.5,243630
2024-03-06,DCXINDIA,321.0,321.95001220703125,305.0,306.3999938964844,585753
2024-03-07,DCXINDIA,306.45001220703125,317.70001220703125,306.45001220703125,309.3999938964844,516892
2024-03-11,DCXINDIA,310.25,314.25,290.1000061035156,295.79998779296875,786026
2024-03-12,DCXINDIA,296.0,299.29998779296875,282.5,284.20001220703125,820921
2024-03-13,DCXINDIA,285.0,294.70001220703125,235.3000030517578,246.75,2224420
2024-03-14,DCXINDIA,247.4499969482422,287.5,244.3999938964844,283.8999938964844,2406035
2024-03-15,DCXINDIA,284.0,286.79998779296875,268.0,282.6499938964844,985145
2024-03-18,DCXINDIA,284.25,289.20001220703125,276.1000061035156,280.54998779296875,469646
2024-03-19,DCXINDIA,281.0,287.0,273.6000061035156,276.95001220703125,489556
2024-03-20,DCXINDIA,278.20001220703125,280.75,268.5,270.1000061035156,516369
2024-03-21,DCXINDIA,274.1499938964844,285.29998779296875,274.0,281.95001220703125,539874
2024-03-22,DCXINDIA,282.5,287.8999938964844,281.29998779296875,283.95001220703125,615778
2024-03-26,DCXINDIA,285.0,286.75,277.5,279.04998779296875,451879
2024-03-27,DCXINDIA,280.8999938964844,290.0,274.04998779296875,276.95001220703125,753765
2024-03-28,DCXINDIA,280.1000061035156,298.0,280.1000061035156,294.20001220703125,1238170
2024-03-01,DECCANCE,611.0999755859375,622.9500122070312,611.0999755859375,616.5,11281
2024-03-04,DECCANCE,621.7000122070312,635.3499755859375,615.0,619.9000244140625,8002
2024-03-05,DECCANCE,623.0,625.0499877929688,615.0,618.6500244140625,12594
2024-03-06,DECCANCE,616.25,618.5499877929688,593.5,602.0,19715
2024-03-07,DECCANCE,597.0499877929688,608.7000122070312,597.0499877929688,602.4500122070312,7124
2024-03-11,DECCANCE,602.4500122070312,602.7999877929688,575.0999755859375,582.25,13771
2024-03-12,DECCANCE,585.2000122070312,590.0,558.0499877929688,569.2999877929688,24487
2024-03-13,DECCANCE,571.75,572.9500122070312,528.0499877929688,534.0999755859375,23735
2024-03-14,DECCANCE,524.2000122070312,557.3499755859375,524.2000122070312,551.4000244140625,15207
2024-03-15,DECCANCE,552.5999755859375,557.7000122070312,541.0,551.1500244140625,5574
2024-03-18,DECCANCE,554.5,564.4000244140625,540.9000244140625,555.2999877929688,5969
2024-03-19,DECCANCE,555.5,563.4000244140625,544.9000244140625,557.5999755859375,10928
2024-03-20,DECCANCE,562.25,582.6500244140625,550.2000122070312,563.0499877929688,18829
2024-03-21,DECCANCE,565.8499755859375,589.9500122070312,564.0,582.25,15915
2024-03-22,DECCANCE,585.2000122070312,620.4500122070312,572.0499877929688,602.6500244140625,20019
2024-03-26,DECCANCE,601.25,602.5,586.2000122070312,591.9500122070312,14840
2024-03-27,DECCANCE,593.5999755859375,608.3499755859375,578.0,582.9000244140625,9738
2024-03-28,DECCANCE,585.7999877929688,607.0999755859375,585.7999877929688,591.0,15400
2024-03-01,DEEPAKFERT,509.2000122070313,513.1500244140625,507.0499877929688,508.6499938964844,263710
2024-03-04,DEEPAKFERT,514.0,514.7999877929688,504.9500122070313,505.8500061035156,231711
2024-03-05,DEEPAKFERT,505.7999877929688,528.7999877929688,505.0,521.9500122070312,982834
2024-03-06,DEEPAKFERT,521.9000244140625,521.9000244140625,502.0,508.5,657064
2024-03-07,DEEPAKFERT,505.6000061035156,520.2999877929688,505.6000061035156,513.3499755859375,463380
2024-03-11,DEEPAKFERT,515.0,516.6500244140625,501.0,503.6000061035156,317165
2024-03-12,DEEPAKFERT,504.1499938964844,504.8500061035156,488.3999938964844,492.9500122070313,524968
2024-03-13,DEEPAKFERT,496.9500122070313,497.8999938964844,450.0,459.9500122070313,935743
2024-03-14,DEEPAKFERT,461.0,476.1000061035156,456.6499938964844,472.5499877929688,547384
2024-03-15,DEEPAKFERT,471.9500122070313,495.5,466.1000061035156,490.4500122070313,752131
2024-03-18,DEEPAKFERT,488.9500122070313,493.2999877929688,483.0,487.0499877929688,405657
2024-03-19,DEEPAKFERT,489.8999938964844,493.0,482.2999877929688,486.1000061035156,409350
2024-03-20,DEEPAKFERT,487.7999877929688,491.25,478.0499877929688,483.7000122070313,396470
2024-03-21,DEEPAKFERT,484.0,492.2999877929688,480.0,482.2000122070313,576453
2024-03-22,DEEPAKFERT,483.7999877929688,495.5,482.0499877929688,484.2000122070313,540826
2024-03-26,DEEPAKFERT,486.0,494.7000122070313,483.25,489.8500061035156,815126
2024-03-27,DEEPAKFERT,492.4500122070313,498.9500122070313,483.25,486.7000122070313,729281
2024-03-28,DEEPAKFERT,493.0,514.9000244140625,492.4500122070313,504.1000061035156,1512219
2024-03-01,DEEPAKNTR,2206.14990234375,2234.800048828125,2206.14990234375,2221.25,184530
2024-03-04,DEEPAKNTR,2218.35009765625,2238.050048828125,2184.10009765625,2187.5,99205
2024-03-05,DEEPAKNTR,2176.050048828125,2227.0,2176.050048828125,2201.39990234375,215185
2024-03-06,DEEPAKNTR,2200.0,2201.75,2134.85009765625,2189.550048828125,222308
2024-03-07,DEEPAKNTR,2200.0,2250.0,2197.0,2206.050048828125,244118
2024-03-11,DEEPAKNTR,2206.050048828125,2215.14990234375,2157.550048828125,2165.449951171875,126299
2024-03-12,DEEPAKNTR,2174.449951171875,2175.0,2121.5,2129.35009765625,183290
2024-03-13,DEEPAKNTR,2125.10009765625,2145.949951171875,2054.199951171875,2065.199951171875,396878
2024-03-14,DEEPAKNTR,2051.0,2109.0,2035.0999755859373,2099.60009765625,138189
2024-03-15,DEEPAKNTR,2108.0,2123.550048828125,2080.0,2098.64990234375,234166
2024-03-18,DEEPAKNTR,2106.449951171875,2120.89990234375,2101.0,2109.25,102446
2024-03-19,DEEPAKNTR,2109.449951171875,2139.0,2096.699951171875,2115.699951171875,201055
2024-03-20,DEEPAKNTR,2115.699951171875,2130.0,2059.14990234375,2100.050048828125,165795
2024-03-21,DEEPAKNTR,2110.550048828125,2155.0,2110.050048828125,2149.85009765625,198270
2024-03-22,DEEPAKNTR,2160.0,2183.300048828125,2148.14990234375,2161.14990234375,225223
2024-03-26,DEEPAKNTR,2154.199951171875,2171.699951171875,2134.550048828125,2139.050048828125,138132
2024-03-27,DEEPAKNTR,2148.89990234375,2180.75,2130.0,2156.550048828125,273112
2024-03-28,DEEPAKNTR,2156.550048828125,2168.949951171875,2117.0,2125.5,214589
2024-03-01,DEEPINDS,251.9499969482422,255.0,248.1000061035156,249.3000030517578,123262
2024-03-04,DEEPINDS,255.0,264.6499938964844,255.0,263.29998779296875,303797
2024-03-05,DEEPINDS,268.0,274.0,261.1000061035156,262.45001220703125,447793
2024-03-06,DEEPINDS,264.79998779296875,264.79998779296875,254.0500030517578,258.45001220703125,172413
2024-03-07,DEEPINDS,260.1499938964844,264.1499938964844,258.0,262.1499938964844,94679
2024-03-11,DEEPINDS,263.95001220703125,264.95001220703125,253.4499969482422,260.6499938964844,153799
2024-03-12,DEEPINDS,261.5,261.95001220703125,250.25,252.3500061035156,98609
2024-03-13,DEEPINDS,253.3500061035156,259.0,234.1499938964844,241.3999938964844,187569
2024-03-14,DEEPINDS,239.9499969482422,255.0,236.0,254.1000061035156,189169
2024-03-15,DEEPINDS,250.3000030517578,264.0,247.9499969482422,262.6000061035156,144668
2024-03-18,DEEPINDS,262.45001220703125,270.0,259.0,260.79998779296875,145262
2024-03-19,DEEPINDS,260.79998779296875,264.04998779296875,253.5500030517578,255.6000061035156,67212
2024-03-20,DEEPINDS,255.8999938964844,257.95001220703125,252.0,255.75,65512
2024-03-21,DEEPINDS,258.6499938964844,262.70001220703125,256.6000061035156,258.1000061035156,88311
2024-03-22,DEEPINDS,258.04998779296875,294.29998779296875,257.6000061035156,290.25,1941267
2024-03-26,DEEPINDS,291.25,331.75,291.25,305.1000061035156,6036411
2024-03-27,DEEPINDS,308.20001220703125,314.29998779296875,299.8500061035156,306.3500061035156,936039
2024-03-28,DEEPINDS,306.1499938964844,319.3999938964844,301.45001220703125,308.5,817310
2024-03-01,DELHIVERY,473.9500122070313,478.3999938964844,461.0,465.2999877929688,9863210
2024-03-04,DELHIVERY,472.0499877929688,473.9500122070313,455.0,458.6499938964844,2792081
2024-03-05,DELHIVERY,463.2000122070313,467.5,452.8500061035156,465.5499877929688,1835458
2024-03-06,DELHIVERY,465.5,465.5499877929688,445.0,459.25,2124391
2024-03-07,DELHIVERY,459.25,463.5499877929688,454.0499877929688,459.0499877929688,1379359
2024-03-11,DELHIVERY,464.8999938964844,467.9500122070313,451.3999938964844,456.5499877929688,2863365
2024-03-12,DELHIVERY,453.0,454.2000122070313,441.1000061035156,448.0499877929688,830741
2024-03-13,DELHIVERY,444.3500061035156,444.3500061035156,417.2999877929688,423.4500122070313,2246414
2024-03-14,DELHIVERY,420.0499877929688,448.75,415.0499877929688,446.0,1046606
2024-03-15,DELHIVERY,440.0499877929688,454.9500122070313,433.5,437.8500061035156,1392276
2024-03-18,DELHIVERY,436.0499877929688,448.0,436.0499877929688,445.4500122070313,450129
2024-03-19,DELHIVERY,445.4500122070313,452.5499877929688,438.3999938964844,450.4500122070313,805931
2024-03-20,DELHIVERY,453.0,469.8999938964844,450.1499938964844,463.5,3143034
2024-03-21,DELHIVERY,468.9500122070313,475.7999877929688,455.5499877929688,459.0,2230560
2024-03-22,DELHIVERY,462.1000061035156,465.5,460.2999877929688,464.5499877929688,432603
2024-03-26,DELHIVERY,463.1000061035156,465.6499938964844,438.8500061035156,456.9500122070313,3562104
2024-03-27,DELHIVERY,461.0,469.4500122070313,450.2999877929688,458.7000122070313,2434023
2024-03-28,DELHIVERY,460.1000061035156,462.0,443.1000061035156,445.5499877929688,4231370
2024-03-01,DELPHIFX,16.09711456298828,16.15914535522461,15.259692192077637,15.529528617858888,262883
2024-03-04,DELPHIFX,16.04128646850586,16.04128646850586,15.569849014282228,15.659793853759766,202752
2024-03-05,DELPHIFX,15.755943298339844,15.98855972290039,15.197661399841309,15.278302192687988,333751
2024-03-06,DELPHIFX,15.504715919494627,15.53262996673584,14.769644737243652,15.089105606079102,428396
2024-03-07,DELPHIFX,15.483004570007324,16.43828773498535,15.082902908325195,16.112621307373047,1134830
2024-03-11,DELPHIFX,16.152942657470703,17.055498123168945,15.582255363464355,16.112621307373047,1848422
2024-03-12,DELPHIFX,16.5561466217041,16.5561466217041,15.259692192077637,15.365145683288574,240797
2024-03-13,DELPHIFX,15.724926948547363,15.724926948547363,14.025270462036133,14.096606254577637,775028
2024-03-14,DELPHIFX,13.860886573791504,15.36204433441162,13.832972526550291,14.875099182128906,389948
2024-03-15,DELPHIFX,15.011567115783691,15.129426956176758,14.273394584655762,14.617669105529783,477227
2024-03-18,DELPHIFX,15.048786163330078,15.123224258422852,14.586652755737305,14.86269187927246,511467
2024-03-19,DELPHIFX,15.011567115783691,15.011567115783691,14.239277839660645,14.307512283325195,803594
2024-03-20,DELPHIFX,14.267191886901855,14.937129974365234,13.832972526550291,14.11211395263672,398573
2024-03-21,DELPHIFX,14.11211395263672,14.56804370880127,14.08730125427246,14.183449745178224,776205
2024-03-22,DELPHIFX,14.084199905395508,14.574247360229492,14.084199905395508,14.496707916259766,690200
2024-03-26,DELPHIFX,14.82547378540039,14.82547378540039,14.028371810913086,14.121418952941896,1200668
2024-03-27,DELPHIFX,14.1431303024292,14.453286170959473,13.718214988708496,13.82056713104248,782927
2024-03-28,DELPHIFX,14.1431303024292,14.202058792114258,13.408059120178224,13.569339752197266,768434
2024-03-01,DELTACORP,138.0,139.8000030517578,137.5,138.60000610351562,2399171
2024-03-04,DELTACORP,139.4499969482422,140.3000030517578,137.10000610351562,137.64999389648438,1548478
2024-03-05,DELTACORP,137.60000610351562,140.0,137.14999389648438,138.75,1983696
2024-03-06,DELTACORP,138.8000030517578,139.5,134.5,135.8000030517578,1959859
2024-03-07,DELTACORP,136.1999969482422,139.85000610351562,136.0,136.5500030517578,1406750
2024-03-11,DELTACORP,136.6999969482422,137.14999389648438,132.14999389648438,132.8000030517578,1930565
2024-03-12,DELTACORP,133.0,133.89999389648438,128.10000610351562,128.8000030517578,2564963
2024-03-13,DELTACORP,129.89999389648438,130.39999389648438,117.0,118.25,5333995
2024-03-14,DELTACORP,118.25,126.0,117.5500030517578,123.0999984741211,3270598
2024-03-15,DELTACORP,123.5,127.6999969482422,122.75,124.5,2578176
2024-03-18,DELTACORP,125.0,126.6999969482422,123.0,123.4499969482422,1544616
2024-03-19,DELTACORP,123.75,125.9499969482422,121.0999984741211,121.9000015258789,2305874
2024-03-20,DELTACORP,122.0999984741211,123.6999969482422,119.5,120.0,1665397
2024-03-21,DELTACORP,121.4000015258789,124.0,120.5999984741211,121.1500015258789,1738203
2024-03-22,DELTACORP,121.0,122.6999969482422,120.0,120.1999969482422,2131122
2024-03-26,DELTACORP,120.0,120.5,117.0,117.6999969482422,3869523
2024-03-27,DELTACORP,117.6999969482422,119.5,112.4499969482422,113.25,6614645
2024-03-28,DELTACORP,113.5,116.0999984741211,110.0999984741211,110.6500015258789,5516052
2024-03-01,DELTAMAGNT,88.94999694824219,105.4000015258789,88.0999984741211,105.4000015258789,207728
2024-03-04,DELTAMAGNT,132.75,132.75,101.0999984741211,105.5500030517578,656052
2024-03-05,DELTAMAGNT,103.5999984741211,103.9499969482422,97.0,98.1999969482422,81503
2024-03-06,DELTAMAGNT,99.0,109.1999969482422,98.1999969482422,106.0999984741211,96108
2024-03-07,DELTAMAGNT,107.0,115.0,106.5,108.9000015258789,78810
2024-03-11,DELTAMAGNT,108.8000030517578,108.8000030517578,99.0,99.3000030517578,26109
2024-03-12,DELTAMAGNT,93.5500030517578,98.5,93.0,93.5,21657
2024-03-13,DELTAMAGNT,95.0,98.4000015258789,85.5999984741211,86.30000305175781,25445
2024-03-14,DELTAMAGNT,84.25,103.0,82.05000305175781,101.3000030517578,53944
2024-03-15,DELTAMAGNT,97.0,99.6500015258789,95.9499969482422,97.1999969482422,16779
2024-03-18,DELTAMAGNT,96.5,106.0,96.5,99.8000030517578,22455
2024-03-19,DELTAMAGNT,100.75,105.0,99.5999984741211,100.5500030517578,20650
2024-03-20,DELTAMAGNT,102.9000015258789,102.9000015258789,97.3499984741211,99.25,6297
2024-03-21,DELTAMAGNT,101.75,101.75,96.1500015258789,98.9000015258789,14069
2024-03-22,DELTAMAGNT,97.6999969482422,99.6999969482422,95.1500015258789,96.1999969482422,11595
2024-03-26,DELTAMAGNT,96.9000015258789,100.0,93.0,95.0999984741211,26351
2024-03-27,DELTAMAGNT,95.25,96.9000015258789,93.0,94.5,13492
2024-03-28,DELTAMAGNT,93.1500015258789,98.0500030517578,92.0999984741211,93.0500030517578,19902
2024-03-01,DEN,56.95000076293945,57.20000076293945,55.0,55.20000076293945,1711036
2024-03-04,DEN,56.29999923706055,56.29999923706055,54.59999847412109,55.0,1335904
2024-03-05,DEN,54.59999847412109,54.95000076293945,53.0,53.20000076293945,2210917
2024-03-06,DEN,52.20000076293945,53.09999847412109,50.900001525878906,52.29999923706055,2285749
2024-03-07,DEN,52.70000076293945,56.95000076293945,52.150001525878906,55.5,4672590
2024-03-11,DEN,55.45000076293945,56.29999923706055,52.45000076293945,52.84999847412109,2343074
2024-03-12,DEN,53.0,53.25,50.0,51.25,2316251
2024-03-13,DEN,51.400001525878906,52.45000076293945,46.25,46.84999847412109,3868143
2024-03-14,DEN,46.25,52.25,46.25,50.70000076293945,3319233
2024-03-15,DEN,51.0,51.20000076293945,49.09999847412109,50.75,2225610
2024-03-18,DEN,50.0,51.5,49.400001525878906,50.34999847412109,1773218
2024-03-19,DEN,50.150001525878906,50.95000076293945,49.20000076293945,49.34999847412109,1168137
2024-03-20,DEN,49.650001525878906,50.0,48.45000076293945,49.20000076293945,1277266
2024-03-21,DEN,49.70000076293945,50.84999847412109,49.34999847412109,49.84999847412109,1563315
2024-03-22,DEN,49.84999847412109,51.25,49.75,50.5,1882424
2024-03-26,DEN,50.5,51.45000076293945,48.20000076293945,48.95000076293945,1972510
2024-03-27,DEN,49.5,50.04999923706055,48.59999847412109,49.04999923706055,3180012
2024-03-28,DEN,49.84999847412109,49.84999847412109,46.650001525878906,47.04999923706055,3202664
2024-03-01,DENORA,1628.9000244140625,1793.0,1623.050048828125,1753.550048828125,126315
2024-03-04,DENORA,1800.050048828125,1817.0,1682.0,1699.800048828125,46004
2024-03-05,DENORA,1749.0,1750.0,1639.5999755859375,1653.199951171875,35494
2024-03-06,DENORA,1659.5999755859375,1659.5999755859375,1555.0,1583.1500244140625,33873
2024-03-07,DENORA,1591.550048828125,1624.0,1583.050048828125,1611.800048828125,13520
2024-03-11,DENORA,1611.800048828125,1612.0,1552.0,1561.5,18312
2024-03-12,DENORA,1561.0,1571.8499755859375,1469.050048828125,1495.699951171875,46027
2024-03-13,DENORA,1491.949951171875,1495.699951171875,1392.0999755859375,1403.9000244140625,28240
2024-03-14,DENORA,1392.1500244140625,1448.0,1390.550048828125,1418.449951171875,21164
2024-03-15,DENORA,1428.0,1550.8499755859375,1419.25,1478.949951171875,54891
2024-03-18,DENORA,1488.6500244140625,1523.199951171875,1478.4000244140625,1491.6500244140625,15942
2024-03-19,DENORA,1492.0,1504.449951171875,1436.5999755859375,1446.0999755859375,15350
2024-03-20,DENORA,1460.949951171875,1468.449951171875,1402.0,1411.800048828125,26870
2024-03-21,DENORA,1433.0,1464.8499755859375,1419.0999755859375,1460.8499755859375,20839
2024-03-22,DENORA,1460.8499755859375,1486.199951171875,1460.8499755859375,1474.4000244140625,14831
2024-03-26,DENORA,1460.0,1490.0,1431.5,1441.0999755859375,21676
2024-03-27,DENORA,1458.949951171875,1589.8499755859375,1444.0,1555.3499755859375,86945
2024-03-28,DENORA,1570.0,1655.949951171875,1570.0,1624.9000244140625,61157
2024-03-01,DEVIT,54.59999847412109,54.59999847412109,52.81999969482422,53.20000076293945,73705
2024-03-04,DEVIT,53.84000015258789,53.93999862670898,51.43999862670898,51.70000076293945,109527
2024-03-05,DEVIT,51.77999877929688,52.29999923706055,49.52000045776367,50.060001373291016,133287
2024-03-06,DEVIT,50.7599983215332,51.27999877929688,47.20000076293945,49.81999969482422,229600
2024-03-07,DEVIT,50.81999969482422,51.13999938964844,48.08000183105469,48.79999923706055,60085
2024-03-11,DEVIT,51.58000183105469,51.58000183105469,45.2599983215332,46.29999923706055,628682
2024-03-12,DEVIT,47.5,47.5,41.81999969482422,42.65999984741211,389700
2024-03-13,DEVIT,43.93999862670898,44.220001220703125,38.400001525878906,38.59999847412109,357572
2024-03-14,DEVIT,39.97999954223633,40.52000045776367,37.59999847412109,40.5,303672
2024-03-15,DEVIT,41.59999847412109,41.59999847412109,39.59999847412109,41.2599983215332,173137
2024-03-18,DEVIT,42.29999923706055,43.31999969482422,41.68000030517578,43.31999969482422,88087
2024-03-19,DEVIT,43.959999084472656,44.77999877929688,41.2599983215332,42.13999938964844,127805
2024-03-20,DEVIT,42.459999084472656,43.2400016784668,41.29999923706055,41.70000076293945,94922
2024-03-21,DEVIT,41.68000030517578,43.0,40.0,40.68000030517578,118160
2024-03-22,DEVIT,40.59999847412109,41.959999084472656,40.040000915527344,40.400001525878906,149672
2024-03-26,DEVIT,41.81999969482422,42.41999816894531,41.0,42.31999969482422,217040
2024-03-27,DEVIT,42.31999969482422,43.58000183105469,40.220001220703125,40.400001525878906,259365
2024-03-28,DEVIT,40.41999816894531,42.41999816894531,40.0,40.400001525878906,198495
2024-03-01,DEVYANI,155.8000030517578,156.0,153.8000030517578,154.39999389648438,2561687
2024-03-04,DEVYANI,158.64999389648438,158.64999389648438,151.8000030517578,152.60000610351562,3831064
2024-03-05,DEVYANI,152.60000610351562,155.5,152.5,154.60000610351562,2909412
2024-03-06,DEVYANI,154.8000030517578,155.25,152.25,153.4499969482422,2665317
2024-03-07,DEVYANI,154.0,157.35000610351562,153.6999969482422,155.75,4107940
2024-03-11,DEVYANI,155.8000030517578,155.9499969482422,152.6999969482422,153.9499969482422,1880411
2024-03-12,DEVYANI,154.0,154.35000610351562,150.10000610351562,150.85000610351562,2308485
2024-03-13,DEVYANI,151.39999389648438,152.25,142.25,147.85000610351562,7209190
2024-03-14,DEVYANI,147.64999389648438,152.89999389648438,144.64999389648438,151.14999389648438,2944321
2024-03-15,DEVYANI,150.0,154.85000610351562,149.10000610351562,154.10000610351562,2431549
2024-03-18,DEVYANI,154.14999389648438,158.39999389648438,152.75,157.0500030517578,3465313
2024-03-19,DEVYANI,158.14999389648438,158.1999969482422,153.3000030517578,156.60000610351562,2508736
2024-03-20,DEVYANI,158.0,160.39999389648438,154.10000610351562,156.9499969482422,2886643
2024-03-21,DEVYANI,159.89999389648438,159.89999389648438,155.1999969482422,156.10000610351562,1468914
2024-03-22,DEVYANI,156.10000610351562,157.39999389648438,154.60000610351562,155.1999969482422,1242134
2024-03-26,DEVYANI,155.1999969482422,156.0,153.14999389648438,155.0500030517578,1365824
2024-03-27,DEVYANI,155.4499969482422,156.6999969482422,151.0,151.75,2184051
2024-03-28,DEVYANI,153.0,154.60000610351562,147.14999389648438,150.4499969482422,1341863
2024-03-01,DGCONTENT,22.14999961853028,22.700000762939453,21.25,21.549999237060547,20557
2024-03-04,DGCONTENT,21.100000381469727,21.200000762939453,20.0,20.200000762939453,61200
2024-03-05,DGCONTENT,19.64999961853028,20.950000762939453,19.600000381469727,20.850000381469727,25860
2024-03-06,DGCONTENT,21.25,21.25,19.850000381469727,19.950000762939453,24079
2024-03-07,DGCONTENT,19.950000762939453,20.89999961853028,19.950000762939453,20.89999961853028,12784
2024-03-11,DGCONTENT,21.850000381469727,21.89999961853028,20.600000381469727,20.89999961853028,86107
2024-03-12,DGCONTENT,21.299999237060547,21.299999237060547,20.049999237060547,20.14999961853028,31236
2024-03-13,DGCONTENT,20.850000381469727,20.850000381469727,19.14999961853028,19.200000762939453,25474
2024-03-14,DGCONTENT,19.0,19.89999961853028,18.600000381469727,19.75,13914
2024-03-15,DGCONTENT,20.5,20.5,19.5,20.0,10232
2024-03-18,DGCONTENT,20.39999961853028,20.5,19.0,19.200000762939453,26618
2024-03-19,DGCONTENT,19.64999961853028,19.64999961853028,18.850000381469727,19.049999237060547,4711
2024-03-20,DGCONTENT,19.049999237060547,19.89999961853028,18.299999237060547,19.700000762939453,21599
2024-03-21,DGCONTENT,20.0,20.600000381469727,19.75,19.89999961853028,3531
2024-03-22,DGCONTENT,19.89999961853028,20.299999237060547,19.450000762939453,19.5,4464
2024-03-26,DGCONTENT,19.5,20.450000762939453,19.299999237060547,19.5,10960
2024-03-27,DGCONTENT,19.549999237060547,20.450000762939453,19.299999237060547,20.39999961853028,39443
2024-03-28,DGCONTENT,20.100000381469727,21.39999961853028,20.0,21.39999961853028,24872
2024-03-01,DHAMPURSUG,242.8000030517578,242.8000030517578,239.25,239.9499969482422,104173
2024-03-04,DHAMPURSUG,240.25,246.6999969482422,240.25,244.25,254628
2024-03-05,DHAMPURSUG,245.8999938964844,245.8999938964844,241.3500061035156,242.6499938964844,122079
2024-03-06,DHAMPURSUG,243.0,243.0,235.0,238.3000030517578,128373
2024-03-07,DHAMPURSUG,238.3000030517578,241.5,238.1999969482422,238.8000030517578,100588
2024-03-11,DHAMPURSUG,238.5500030517578,242.8000030517578,230.0,233.1499938964844,162656
2024-03-12,DHAMPURSUG,235.5,235.5,224.8500061035156,226.5,227851
2024-03-13,DHAMPURSUG,227.8000030517578,229.25,214.3000030517578,217.25,341190
2024-03-14,DHAMPURSUG,218.4499969482422,223.5,215.8000030517578,222.8000030517578,181736
2024-03-15,DHAMPURSUG,222.8000030517578,224.5,217.1000061035156,218.25,189920
2024-03-18,DHAMPURSUG,220.0,222.4499969482422,217.75,219.1499938964844,180273
2024-03-19,DHAMPURSUG,218.9499969482422,219.8999938964844,216.3999938964844,217.0500030517578,109829
2024-03-20,DHAMPURSUG,218.0,219.0,214.6999969482422,216.25,147613
2024-03-21,DHAMPURSUG,217.9499969482422,221.5,217.9499969482422,220.1000061035156,165980
2024-03-22,DHAMPURSUG,220.5,221.9499969482422,215.0,217.25,268871
2024-03-26,DHAMPURSUG,218.6999969482422,219.5,213.5,214.1000061035156,225489
2024-03-27,DHAMPURSUG,214.5,216.0500030517578,211.0500030517578,212.1499938964844,484746
2024-03-28,DHAMPURSUG,214.3000030517578,214.8000030517578,206.0,207.8000030517578,461504
2024-03-01,DHANBANK,46.0,47.75,46.0,47.75,1307315
2024-03-04,DHANBANK,48.09999847412109,48.09999847412109,46.0,46.45000076293945,715532
2024-03-05,DHANBANK,46.400001525878906,48.20000076293945,44.79999923706055,45.95000076293945,1070879
2024-03-06,DHANBANK,45.95000076293945,46.34999847412109,44.04999923706055,45.5,1041978
2024-03-07,DHANBANK,45.0,47.20000076293945,45.0,46.0,841999
2024-03-11,DHANBANK,46.95000076293945,47.09999847412109,45.0,45.20000076293945,635845
2024-03-12,DHANBANK,45.09999847412109,45.20000076293945,42.95000076293945,42.95000076293945,1042839
2024-03-13,DHANBANK,42.95000076293945,44.5,40.79999923706055,40.79999923706055,861999
2024-03-14,DHANBANK,38.79999923706055,42.79999923706055,38.79999923706055,42.5,2058776
2024-03-15,DHANBANK,42.900001525878906,43.900001525878906,40.400001525878906,43.59999847412109,1056164
2024-03-18,DHANBANK,45.400001525878906,45.400001525878906,43.84999847412109,44.75,876358
2024-03-19,DHANBANK,45.0,45.5,42.79999923706055,43.59999847412109,580076
2024-03-20,DHANBANK,43.650001525878906,44.84999847412109,42.25,42.70000076293945,701075
2024-03-21,DHANBANK,43.95000076293945,44.25,43.0,43.34999847412109,610863
2024-03-22,DHANBANK,44.0,44.5,43.400001525878906,43.70000076293945,759885
2024-03-26,DHANBANK,44.09999847412109,44.29999923706055,41.54999923706055,41.95000076293945,1167602
2024-03-27,DHANBANK,42.400001525878906,43.20000076293945,39.900001525878906,40.34999847412109,1874112
2024-03-28,DHANBANK,40.5,41.59999847412109,40.5,41.25,1255448
2024-03-01,DHANUKA,1063.5999755859375,1068.0999755859375,1022.0,1028.0999755859375,68211
2024-03-04,DHANUKA,1051.0,1065.0,1014.0,1038.300048828125,59795
2024-03-05,DHANUKA,1035.0,1077.199951171875,1024.300048828125,1059.5999755859375,61871
2024-03-06,DHANUKA,1047.0,1059.0,1018.0499877929688,1027.1500244140625,29838
2024-03-07,DHANUKA,1027.1500244140625,1052.050048828125,1025.550048828125,1040.800048828125,27829
2024-03-11,DHANUKA,1043.0,1064.949951171875,1020.0,1027.6500244140625,27145
2024-03-12,DHANUKA,1031.0,1050.0,1016.0,1038.6500244140625,22481
2024-03-13,DHANUKA,1037.0999755859375,1057.4000244140625,963.3499755859376,982.5,52239
2024-03-14,DHANUKA,987.4000244140624,1019.0,965.0,1005.75,63194
2024-03-15,DHANUKA,1010.0,1026.300048828125,967.2000122070312,990.7999877929688,32041
2024-03-18,DHANUKA,992.0,1010.9000244140624,964.5999755859376,971.2999877929688,33563
2024-03-19,DHANUKA,979.0,988.25,965.0999755859376,973.7999877929688,27358
2024-03-20,DHANUKA,976.0,1014.9500122070312,933.7999877929688,946.7000122070312,131016
2024-03-21,DHANUKA,951.0499877929688,981.1500244140624,945.0,950.7000122070312,39708
2024-03-22,DHANUKA,953.9500122070312,970.0,946.9000244140624,958.5,23442
2024-03-26,DHANUKA,956.25,975.0,948.5,963.25,30769
2024-03-27,DHANUKA,957.7999877929688,1030.0,957.7999877929688,1016.2999877929688,98672
2024-03-28,DHANUKA,1021.0,1034.75,996.0499877929688,1025.8499755859375,57997
2024-03-01,DHARAN,2.0,2.049999952316284,2.0,2.049999952316284,1911850
2024-03-04,DHARAN,2.049999952316284,2.150000095367432,2.049999952316284,2.150000095367432,16541091
2024-03-05,DHARAN,2.150000095367432,2.200000047683716,2.049999952316284,2.0999999046325684,14987317
2024-03-06,DHARAN,2.0999999046325684,2.0999999046325684,2.0,2.049999952316284,9366549
2024-03-07,DHARAN,2.049999952316284,2.0999999046325684,2.0,2.049999952316284,4396338
2024-03-11,DHARAN,2.049999952316284,2.0999999046325684,2.0,2.0,7969276
2024-03-12,DHARAN,2.0,2.049999952316284,1.950000047683716,1.950000047683716,5117922
2024-03-13,DHARAN,1.950000047683716,1.950000047683716,1.850000023841858,1.850000023841858,9912725
2024-03-14,DHARAN,1.850000023841858,1.899999976158142,1.7999999523162842,1.899999976158142,5491889
2024-03-15,DHARAN,1.950000047683716,1.950000047683716,1.899999976158142,1.899999976158142,5433467
2024-03-18,DHARAN,1.950000047683716,1.950000047683716,1.899999976158142,1.899999976158142,1885912
2024-03-19,DHARAN,1.950000047683716,1.950000047683716,1.850000023841858,1.850000023841858,7520131
2024-03-20,DHARAN,1.899999976158142,1.899999976158142,1.7999999523162842,1.850000023841858,4485376
2024-03-21,DHARAN,1.7999999523162842,1.899999976158142,1.7999999523162842,1.850000023841858,5569713
2024-03-22,DHARAN,1.850000023841858,1.899999976158142,1.7999999523162842,1.7999999523162842,6946129
2024-03-26,DHARAN,1.7999999523162842,1.850000023841858,1.75,1.75,6557991
2024-03-27,DHARAN,1.75,1.7999999523162842,1.75,1.7999999523162842,13703741
2024-03-28,DHARAN,1.7999999523162842,1.850000023841858,1.75,1.75,11155672
2024-03-01,DHARMAJ,239.25,247.0,239.25,242.0500030517578,63312
2024-03-04,DHARMAJ,244.9499969482422,248.6999969482422,240.25,242.1499938964844,77575
2024-03-05,DHARMAJ,242.5,248.0,235.0,235.1499938964844,97001
2024-03-06,DHARMAJ,236.0,242.0,232.1999969482422,234.8000030517578,127252
2024-03-07,DHARMAJ,235.0,242.0,234.25,236.0,66215
2024-03-11,DHARMAJ,236.1999969482422,241.0,231.9499969482422,233.3999938964844,65011
2024-03-12,DHARMAJ,233.3999938964844,240.5,220.4499969482422,222.6000061035156,141426
2024-03-13,DHARMAJ,223.0,231.0,196.9499969482422,201.6000061035156,298889
2024-03-14,DHARMAJ,198.6499938964844,226.0,198.6499938964844,218.3000030517578,126833
2024-03-15,DHARMAJ,218.0,226.0,212.25,219.3999938964844,77594
2024-03-18,DHARMAJ,218.6499938964844,227.0,216.25,218.1000061035156,83574
2024-03-19,DHARMAJ,219.25,226.9499969482422,219.25,221.8000030517578,81090
2024-03-20,DHARMAJ,222.0,237.3500061035156,215.5,235.0,105691
2024-03-21,DHARMAJ,232.6499938964844,236.8500061035156,225.3000030517578,227.4499969482422,64594
2024-03-22,DHARMAJ,228.6499938964844,243.5500030517578,228.6000061035156,235.5500030517578,104066
2024-03-26,DHARMAJ,236.75,240.1000061035156,230.0,234.25,51557
2024-03-27,DHARMAJ,234.6499938964844,238.1499938964844,222.25,224.5,86213
2024-03-28,DHARMAJ,225.6499938964844,234.6999969482422,221.0500030517578,223.8999938964844,96301
2024-03-01,DHRUV,122.4499969482422,122.4499969482422,122.4499969482422,122.4499969482422,75625
2024-03-04,DHRUV,134.9499969482422,134.9499969482422,122.1500015258789,134.9499969482422,616263
2024-03-05,DHRUV,133.9499969482422,141.64999389648438,128.1999969482422,128.4499969482422,182750
2024-03-06,DHRUV,122.0999984741211,124.9499969482422,122.0500030517578,122.0500030517578,47634
2024-03-07,DHRUV,116.5,125.0,116.0,119.0999984741211,64014
2024-03-11,DHRUV,114.0,121.0,113.1500015258789,113.4499969482422,43447
2024-03-12,DHRUV,107.9000015258789,111.0,107.8000030517578,108.0,39811
2024-03-13,DHRUV,103.1999969482422,113.3499984741211,102.5999984741211,102.5999984741211,60935
2024-03-14,DHRUV,97.5,107.6999969482422,97.5,107.1999969482422,91708
2024-03-15,DHRUV,107.9000015258789,111.8000030517578,101.8499984741211,106.9000015258789,36349
2024-03-18,DHRUV,107.5,112.0,102.9000015258789,110.8000030517578,32512
2024-03-19,DHRUV,111.1999969482422,114.5,107.0,108.8000030517578,26425
2024-03-20,DHRUV,108.0,113.5,104.0999984741211,112.4000015258789,36970
2024-03-21,DHRUV,115.9000015258789,118.0,112.4000015258789,118.0,49563
2024-03-22,DHRUV,123.0999984741211,123.9000015258789,116.3000030517578,120.3499984741211,31368
2024-03-26,DHRUV,120.3499984741211,126.3499984741211,116.0,118.75,22963
2024-03-27,DHRUV,118.8000030517578,120.0,117.0,118.8000030517578,10587
2024-03-28,DHRUV,118.5999984741211,118.9499969482422,118.5999984741211,118.5999984741211,3631
2024-03-01,DHUNINV,1224.0,1225.0,1205.050048828125,1222.9000244140625,950
2024-03-04,DHUNINV,1268.0,1286.949951171875,1252.0999755859375,1271.050048828125,1592
2024-03-05,DHUNINV,1289.9000244140625,1289.9000244140625,1242.1500244140625,1250.25,1406
2024-03-06,DHUNINV,1236.949951171875,1249.699951171875,1197.050048828125,1211.300048828125,2243
2024-03-07,DHUNINV,1220.550048828125,1260.0,1197.0999755859375,1251.300048828125,2609
2024-03-11,DHUNINV,1265.0,1289.300048828125,1204.0,1227.75,2869
2024-03-12,DHUNINV,1230.25,1242.6500244140625,1188.199951171875,1191.550048828125,2112
2024-03-13,DHUNINV,1200.1500244140625,1200.5999755859375,1024.0,1058.8499755859375,5870
2024-03-14,DHUNINV,1036.0,1124.699951171875,1007.0999755859376,1109.800048828125,2005
2024-03-15,DHUNINV,1107.0999755859375,1143.449951171875,1070.3499755859375,1090.5999755859375,1940
2024-03-18,DHUNINV,1097.8499755859375,1118.0,1065.300048828125,1102.3499755859375,1381
2024-03-19,DHUNINV,1072.5999755859375,1129.0,1068.0,1100.75,970
2024-03-20,DHUNINV,1122.4000244140625,1219.9000244140625,1085.0,1195.25,7042
2024-03-21,DHUNINV,1195.25,1224.0,1153.25,1174.75,2955
2024-03-22,DHUNINV,1168.0,1223.0,1168.0,1200.550048828125,2522
2024-03-26,DHUNINV,1196.699951171875,1208.050048828125,1165.1500244140625,1186.300048828125,2889
2024-03-27,DHUNINV,1214.75,1214.75,1136.1500244140625,1152.0,2877
2024-03-28,DHUNINV,1152.4000244140625,1175.199951171875,1141.0,1142.949951171875,1192
2024-03-01,DIACABS,38.09000015258789,38.09000015258789,38.09000015258789,38.09000015258789,3510
2024-03-04,DIACABS,38.84999847412109,38.84999847412109,38.84999847412109,38.84999847412109,5720
2024-03-05,DIACABS,39.625,39.625,39.625,39.625,9150
2024-03-06,DIACABS,40.415000915527344,40.415000915527344,40.415000915527344,40.415000915527344,20950
2024-03-07,DIACABS,41.220001220703125,41.220001220703125,41.220001220703125,41.220001220703125,910
2024-03-11,DIACABS,42.040000915527344,42.040000915527344,42.040000915527344,42.040000915527344,6560
2024-03-12,DIACABS,42.880001068115234,42.880001068115234,42.880001068115234,42.880001068115234,4410
2024-03-13,DIACABS,43.70000076293945,43.73500061035156,43.70000076293945,43.70000076293945,2604930
2024-03-14,DIACABS,44.56999969482422,44.56999969482422,44.56999969482422,44.56999969482422,1205980
2024-03-15,DIACABS,45.459999084472656,45.459999084472656,45.459999084472656,45.459999084472656,1010840
2024-03-18,DIACABS,46.3650016784668,46.3650016784668,46.3650016784668,46.3650016784668,1260
2024-03-19,DIACABS,47.290000915527344,47.290000915527344,47.290000915527344,47.290000915527344,4230
2024-03-20,DIACABS,48.23500061035156,48.23500061035156,48.23500061035156,48.23500061035156,2520
2024-03-21,DIACABS,49.19499969482422,49.19499969482422,49.19499969482422,49.19499969482422,3580
2024-03-22,DIACABS,50.17499923706055,50.17499923706055,50.17499923706055,50.17499923706055,4900
2024-03-26,DIACABS,51.17499923706055,51.17499923706055,51.0,51.17499923706055,256310
2024-03-27,DIACABS,52.19499969482422,52.19499969482422,52.19499969482422,52.19499969482422,54260
2024-03-28,DIACABS,53.23500061035156,53.23500061035156,53.23500061035156,53.23500061035156,9860
2024-03-01,DIAMINESQ,549.9500122070312,623.4000244140625,548.4000244140625,606.6500244140625,281935
2024-03-04,DIAMINESQ,610.0,610.0,574.0,580.4000244140625,37329
2024-03-05,DIAMINESQ,586.2000122070312,586.2000122070312,566.1500244140625,572.2000122070312,13512
2024-03-06,DIAMINESQ,566.5,577.7999877929688,542.6500244140625,554.75,44071
2024-03-07,DIAMINESQ,557.5,564.8499755859375,546.1500244140625,550.6500244140625,17477
2024-03-11,DIAMINESQ,560.0,560.0,533.0499877929688,540.9000244140625,13374
2024-03-12,DIAMINESQ,537.4500122070312,549.4000244140625,530.5499877929688,538.75,20689
2024-03-13,DIAMINESQ,541.4000244140625,541.4000244140625,503.2000122070313,507.8500061035156,32504
2024-03-14,DIAMINESQ,502.0499877929688,536.25,502.0499877929688,518.0,15855
2024-03-18,DIAMINESQ,530.1500244140625,541.0499877929688,519.4000244140625,531.8499755859375,8806
2024-03-19,DIAMINESQ,526.5,537.3499755859375,518.25,534.5,4785
2024-03-20,DIAMINESQ,537.0,537.2000122070312,518.7999877929688,524.5999755859375,6821
2024-03-21,DIAMINESQ,527.2000122070312,539.5499877929688,515.0,521.9000244140625,6802
2024-03-22,DIAMINESQ,513.0,547.9500122070312,513.0,529.0499877929688,66786
2024-03-26,DIAMINESQ,530.0,532.5499877929688,512.0,515.4500122070312,25368
2024-03-27,DIAMINESQ,517.4500122070312,538.0,515.2000122070312,522.9000244140625,11045
2024-03-28,DIAMINESQ,525.2999877929688,529.0,496.1000061035156,506.8500061035156,34302
2024-03-01,DIAMONDYD,1077.0,1137.8499755859375,1057.9000244140625,1114.449951171875,161120
2024-03-04,DIAMONDYD,1112.75,1127.8499755859375,1061.5999755859375,1079.0,47548
2024-03-05,DIAMONDYD,1075.050048828125,1080.4000244140625,999.2000122070312,1028.949951171875,92165
2024-03-06,DIAMONDYD,1025.050048828125,1038.0,995.5999755859376,1021.5999755859376,49686
2024-03-07,DIAMONDYD,1015.0,1051.699951171875,998.4500122070312,1042.699951171875,71520
2024-03-11,DIAMONDYD,1046.25,1047.1500244140625,961.0,979.2000122070312,57500
2024-03-12,DIAMONDYD,984.9500122070312,1003.7000122070312,968.0499877929688,975.75,123659
2024-03-13,DIAMONDYD,977.0,991.2999877929688,962.2999877929688,969.5,111357
2024-03-14,DIAMONDYD,963.0,995.4500122070312,960.0499877929688,983.5,34753
2024-03-15,DIAMONDYD,983.5,994.0,968.0,973.8499755859376,18790
2024-03-18,DIAMONDYD,974.9500122070312,993.7000122070312,970.6500244140624,984.3499755859376,52958
2024-03-19,DIAMONDYD,982.0,988.7000122070312,950.0,961.3499755859376,85158
2024-03-20,DIAMONDYD,956.4500122070312,972.7999877929688,950.0,961.4000244140624,34548
2024-03-21,DIAMONDYD,965.0,984.4000244140624,965.0,980.4500122070312,20970
2024-03-22,DIAMONDYD,980.4000244140624,983.8499755859376,960.0,970.7999877929688,18525
2024-03-26,DIAMONDYD,970.7999877929688,976.5499877929688,950.0,952.8499755859376,29296
2024-03-27,DIAMONDYD,977.4000244140624,1018.0,921.0,940.9000244140624,91523
2024-03-28,DIAMONDYD,945.7000122070312,985.7999877929688,903.9500122070312,912.1500244140624,124100
2024-03-01,DICIND,456.8999938964844,505.0,456.0,480.1499938964844,26820
2024-03-04,DICIND,478.0499877929688,478.0499877929688,462.6000061035156,467.5499877929688,6479
2024-03-05,DICIND,465.9500122070313,467.9500122070313,455.0499877929688,457.2999877929688,1339
2024-03-06,DICIND,459.5,474.9500122070313,450.0,456.5499877929688,2482
2024-03-07,DICIND,458.7000122070313,479.0,457.25,471.25,1027
2024-03-11,DICIND,473.6000061035156,473.6000061035156,455.0499877929688,459.0499877929688,3657
2024-03-12,DICIND,461.2999877929688,463.3500061035156,452.0,454.7999877929688,1087
2024-03-13,DICIND,457.0499877929688,457.0499877929688,426.1000061035156,430.3999938964844,7296
2024-03-14,DICIND,426.5,451.0499877929688,426.2999877929688,437.0,3737
2024-03-15,DICIND,439.2000122070313,446.9500122070313,424.0,428.7000122070313,5203
2024-03-18,DICIND,430.7000122070313,434.3999938964844,425.2000122070313,428.25,1456
2024-03-19,DICIND,425.4500122070313,450.0,425.1000061035156,430.7999877929688,3408
2024-03-20,DICIND,430.2000122070313,439.2000122070313,430.0,437.0,594
2024-03-21,DICIND,437.0499877929688,442.0,429.2000122070313,435.75,2867
2024-03-22,DICIND,437.0,437.8999938964844,431.3999938964844,431.8500061035156,478
2024-03-26,DICIND,431.25,439.9500122070313,425.2000122070313,438.1000061035156,4594
2024-03-27,DICIND,440.2999877929688,449.8500061035156,424.0,428.9500122070313,6341
2024-03-28,DICIND,431.1000061035156,437.9500122070313,417.0,420.3500061035156,13679
2024-03-01,DIGIDRIVE,49.0,49.5,46.150001525878906,46.75,351151
2024-03-04,DIGIDRIVE,46.650001525878906,46.650001525878906,43.95000076293945,43.95000076293945,282254
2024-03-05,DIGIDRIVE,43.79999923706055,43.79999923706055,41.75,41.75,258946
2024-03-06,DIGIDRIVE,40.95000076293945,41.70000076293945,39.70000076293945,40.45000076293945,212118
2024-03-07,DIGIDRIVE,40.09999847412109,42.45000076293945,40.09999847412109,42.45000076293945,309897
2024-03-11,DIGIDRIVE,42.45000076293945,42.5,40.34999847412109,40.34999847412109,80574
2024-03-12,DIGIDRIVE,39.04999923706055,40.29999923706055,38.34999847412109,38.34999847412109,118309
2024-03-13,DIGIDRIVE,38.29999923706055,38.29999923706055,36.45000076293945,36.45000076293945,221158
2024-03-14,DIGIDRIVE,34.70000076293945,37.95000076293945,34.70000076293945,37.0,120101
2024-03-15,DIGIDRIVE,36.5,38.84999847412109,36.150001525878906,38.34999847412109,102544
2024-03-18,DIGIDRIVE,38.0,39.400001525878906,37.04999923706055,37.59999847412109,90163
2024-03-19,DIGIDRIVE,38.25,39.0,35.79999923706055,36.25,95776
2024-03-20,DIGIDRIVE,36.650001525878906,36.650001525878906,34.75,34.95000076293945,163935
2024-03-21,DIGIDRIVE,35.900001525878906,36.59999847412109,34.75,35.099998474121094,119789
2024-03-22,DIGIDRIVE,35.099998474121094,36.84999847412109,34.900001525878906,36.400001525878906,636080
2024-03-26,DIGIDRIVE,35.70000076293945,38.20000076293945,35.70000076293945,38.04999923706055,670076
2024-03-27,DIGIDRIVE,38.84999847412109,39.95000076293945,37.5,39.95000076293945,169162
2024-03-28,DIGIDRIVE,40.79999923706055,41.75,38.54999923706055,38.79999923706055,245560
2024-03-01,DIGISPICE,31.100000381469727,32.5,31.100000381469727,31.5,83567
2024-03-04,DIGISPICE,32.349998474121094,32.45000076293945,31.100000381469727,31.14999961853028,117875
2024-03-05,DIGISPICE,32.0,32.0,30.100000381469727,30.200000762939453,255272
2024-03-06,DIGISPICE,30.200000762939453,30.64999961853028,28.850000381469727,29.450000762939453,223471
2024-03-07,DIGISPICE,30.450000762939453,30.450000762939453,28.700000762939453,29.200000762939453,199530
2024-03-11,DIGISPICE,29.14999961853028,29.89999961853028,27.75,27.799999237060547,201011
2024-03-12,DIGISPICE,28.14999961853028,28.200000762939453,26.5,27.450000762939453,266385
2024-03-13,DIGISPICE,27.850000381469727,28.200000762939453,26.100000381469727,26.100000381469727,171632
2024-03-14,DIGISPICE,25.14999961853028,26.700000762939453,25.14999961853028,26.200000762939453,167220
2024-03-15,DIGISPICE,26.89999961853028,26.89999961853028,25.0,25.25,216641
2024-03-18,DIGISPICE,25.850000381469727,26.200000762939453,24.549999237060547,25.700000762939453,231709
2024-03-19,DIGISPICE,26.0,26.950000762939453,25.950000762939453,26.950000762939453,105680
2024-03-20,DIGISPICE,27.64999961853028,27.700000762939453,25.600000381469727,25.600000381469727,179343
2024-03-21,DIGISPICE,25.39999961853028,26.39999961853028,24.89999961853028,25.549999237060547,271510
2024-03-22,DIGISPICE,25.200000762939453,26.299999237060547,25.200000762939453,25.549999237060547,325389
2024-03-26,DIGISPICE,25.049999237060547,25.850000381469727,24.299999237060547,24.350000381469727,363910
2024-03-27,DIGISPICE,24.299999237060547,25.39999961853028,23.25,23.39999961853028,389045
2024-03-28,DIGISPICE,23.700000762939453,24.549999237060547,23.350000381469727,24.450000762939453,284033
2024-03-01,DIGJAMLMTD,93.0,93.0,91.3499984741211,91.3499984741211,309
2024-03-04,DIGJAMLMTD,91.0,95.8000030517578,89.0,94.8000030517578,2329
2024-03-05,DIGJAMLMTD,98.75,99.4000015258789,90.25,91.5999984741211,2706
2024-03-06,DIGJAMLMTD,93.0,93.0,87.19999694824219,87.75,3158
2024-03-07,DIGJAMLMTD,92.0,92.0,88.0,88.55000305175781,882
2024-03-11,DIGJAMLMTD,88.55000305175781,92.3000030517578,88.55000305175781,89.0,726
2024-03-12,DIGJAMLMTD,90.1500015258789,93.4000015258789,89.5,92.6999969482422,2849
2024-03-13,DIGJAMLMTD,93.4000015258789,93.4000015258789,88.0999984741211,90.0,4819
2024-03-14,DIGJAMLMTD,92.8000030517578,92.8000030517578,86.0,91.6500015258789,2283
2024-03-18,DIGJAMLMTD,84.19999694824219,88.0,84.19999694824219,86.9000015258789,2569
2024-03-19,DIGJAMLMTD,86.9000015258789,88.94999694824219,85.25,86.30000305175781,1724
2024-03-20,DIGJAMLMTD,89.75,89.75,86.0,86.4000015258789,5059
2024-03-21,DIGJAMLMTD,89.8499984741211,90.6999969482422,86.05000305175781,90.6999969482422,4296
2024-03-22,DIGJAMLMTD,90.0,93.75,87.75,87.80000305175781,3189
2024-03-26,DIGJAMLMTD,87.80000305175781,88.0999984741211,83.5,86.4000015258789,7500
2024-03-27,DIGJAMLMTD,85.0,88.0,82.0999984741211,84.0999984741211,3047
2024-03-28,DIGJAMLMTD,84.0,87.94999694824219,82.0999984741211,83.6500015258789,770
2024-03-01,DISHTV,21.799999237060547,21.89999961853028,20.850000381469727,21.0,31977586
2024-03-04,DISHTV,21.700000762939453,21.700000762939453,20.64999961853028,20.799999237060547,21422587
2024-03-05,DISHTV,20.75,21.0,20.25,20.39999961853028,27941010
2024-03-06,DISHTV,20.39999961853028,20.450000762939453,19.25,19.600000381469727,39559613
2024-03-07,DISHTV,19.600000381469727,20.450000762939453,19.600000381469727,20.14999961853028,33567307
2024-03-11,DISHTV,20.200000762939453,20.350000381469727,19.049999237060547,19.200000762939453,30251191
2024-03-12,DISHTV,19.299999237060547,19.5,18.14999961853028,18.549999237060547,49959883
2024-03-13,DISHTV,18.64999961853028,19.0,16.100000381469727,16.399999618530273,86353738
2024-03-14,DISHTV,16.5,18.299999237060547,16.350000381469727,17.700000762939453,69225887
2024-03-15,DISHTV,17.850000381469727,18.200000762939453,16.950000762939453,17.649999618530273,55708887
2024-03-18,DISHTV,17.899999618530273,18.0,17.149999618530273,17.350000381469727,31561119
2024-03-19,DISHTV,17.299999237060547,17.850000381469727,16.600000381469727,16.75,44200900
2024-03-20,DISHTV,17.0,17.149999618530273,16.5,16.649999618530273,47030313
2024-03-21,DISHTV,17.0,17.649999618530273,16.899999618530273,17.299999237060547,41392172
2024-03-22,DISHTV,17.200000762939453,18.049999237060547,17.0,17.850000381469727,51996542
2024-03-26,DISHTV,17.899999618530273,17.950000762939453,17.100000381469727,17.149999618530273,32438689
2024-03-27,DISHTV,17.25,17.399999618530273,16.700000762939453,16.799999237060547,50677724
2024-03-28,DISHTV,17.0,17.25,16.649999618530273,16.75,28677512
2024-03-01,DIVGIITTS,847.9500122070312,868.7000122070312,843.5999755859375,856.0499877929688,33788
2024-03-04,DIVGIITTS,855.0,861.75,824.0,831.3499755859375,27326
2024-03-05,DIVGIITTS,830.0999755859375,856.0,823.8499755859375,839.2000122070312,29007
2024-03-06,DIVGIITTS,831.0,839.0,793.1500244140625,795.2000122070312,60191
2024-03-07,DIVGIITTS,799.7999877929688,820.0,798.9500122070312,815.3499755859375,39393
2024-03-11,DIVGIITTS,815.0499877929688,815.2999877929688,755.0499877929688,763.5,67046
2024-03-12,DIVGIITTS,758.0,769.0499877929688,675.0,715.0499877929688,227277
2024-03-13,DIVGIITTS,717.5999755859375,719.75,684.0999755859375,696.75,77201
2024-03-14,DIVGIITTS,675.0499877929688,737.4000244140625,650.0499877929688,717.5499877929688,82242
2024-03-15,DIVGIITTS,693.7999877929688,754.8499755859375,693.7999877929688,742.7000122070312,51298
2024-03-18,DIVGIITTS,747.0,824.9500122070312,747.0,779.5499877929688,152776
2024-03-19,DIVGIITTS,785.0,800.0,780.0999755859375,784.8499755859375,41172
2024-03-20,DIVGIITTS,786.0,795.0,760.5499877929688,781.5,34443
2024-03-21,DIVGIITTS,783.4500122070312,797.5499877929688,783.4000244140625,790.5,18367
2024-03-22,DIVGIITTS,783.5,802.7000122070312,775.0,783.9500122070312,24295
2024-03-26,DIVGIITTS,792.9000244140625,804.9500122070312,772.0999755859375,788.1500244140625,48594
2024-03-27,DIVGIITTS,789.0,804.9000244140625,754.3499755859375,762.5499877929688,65349
2024-03-28,DIVGIITTS,770.0,800.0,751.2999877929688,769.9000244140625,38497
2024-03-01,DIVISLAB,3491.0,3519.0,3474.0,3482.39990234375,347396
2024-03-04,DIVISLAB,3514.800048828125,3542.0,3478.0,3482.300048828125,494795
2024-03-05,DIVISLAB,3484.60009765625,3496.5,3452.0,3484.449951171875,485056
2024-03-06,DIVISLAB,3485.0,3560.0,3450.0,3544.64990234375,642191
2024-03-07,DIVISLAB,3544.64990234375,3620.0,3536.5,3601.60009765625,624261
2024-03-11,DIVISLAB,3601.60009765625,3652.050048828125,3586.050048828125,3604.75,408279
2024-03-12,DIVISLAB,3600.0,3634.89990234375,3564.60009765625,3577.75,415249
2024-03-13,DIVISLAB,3577.75,3587.0,3454.75,3479.800048828125,402498
2024-03-14,DIVISLAB,3460.0,3530.0,3441.0,3517.89990234375,385179
2024-03-15,DIVISLAB,3517.10009765625,3524.699951171875,3455.050048828125,3485.39990234375,317079
2024-03-18,DIVISLAB,3485.39990234375,3520.0,3475.0,3506.60009765625,171118
2024-03-19,DIVISLAB,3509.800048828125,3514.949951171875,3422.050048828125,3447.14990234375,525027
2024-03-20,DIVISLAB,3447.14990234375,3460.0,3397.14990234375,3428.300048828125,517131
2024-03-21,DIVISLAB,3444.800048828125,3477.39990234375,3431.25,3465.300048828125,279116
2024-03-22,DIVISLAB,3463.0,3476.35009765625,3425.0,3431.449951171875,409887
2024-03-26,DIVISLAB,3400.0,3439.0,3375.0,3391.0,478462
2024-03-27,DIVISLAB,3390.0,3403.39990234375,3350.0,3367.85009765625,506472
2024-03-28,DIVISLAB,3367.050048828125,3469.699951171875,3367.050048828125,3445.300048828125,1145370
2024-03-01,DIXON,6719.0,7022.0,6680.0,7004.9501953125,644248
2024-03-04,DIXON,7043.2001953125,7180.7998046875,7005.14990234375,7162.5,362012
2024-03-05,DIXON,7140.0,7144.89990234375,7015.0,7057.89990234375,206477
2024-03-06,DIXON,7041.0,7200.0,6922.14990234375,7152.60009765625,339635
2024-03-07,DIXON,7199.0,7236.0,7111.10009765625,7142.9501953125,274115
2024-03-11,DIXON,7184.0,7229.7998046875,7035.0,7051.0498046875,214304
2024-03-12,DIXON,7077.9501953125,7095.0,6859.0498046875,6894.60009765625,319480
2024-03-13,DIXON,6949.0,6949.0,6558.7001953125,6603.89990234375,343690
2024-03-14,DIXON,6553.2001953125,6848.0,6503.5,6802.75,200602
2024-03-15,DIXON,6785.60009765625,6979.9501953125,6722.0,6962.0,288283
2024-03-18,DIXON,6963.0,7061.89990234375,6906.0,7022.0498046875,232402
2024-03-19,DIXON,7045.9501953125,7060.0,6920.0,6946.64990234375,193387
2024-03-20,DIXON,6954.0,7008.9501953125,6839.10009765625,6952.2998046875,199618
2024-03-21,DIXON,7049.9501953125,7079.0,6932.89990234375,7067.75,225768
2024-03-22,DIXON,7040.0,7189.85009765625,7027.0,7165.14990234375,227094
2024-03-26,DIXON,7157.0,7286.35009765625,7108.7001953125,7245.64990234375,181186
2024-03-27,DIXON,7255.0,7470.0,7255.0,7424.2001953125,340520
2024-03-28,DIXON,7486.35009765625,7580.0,7431.4501953125,7479.25,251091
2024-03-01,DJML,48.16666412353516,48.93333435058594,48.03333282470703,48.70000076293945,10395
2024-03-04,DJML,49.56666564941406,49.56666564941406,48.25,48.76666641235352,8439
2024-03-05,DJML,49.0,49.26666641235352,48.68333435058594,48.93333435058594,8220
2024-03-06,DJML,48.68333435058594,49.150001525878906,47.68333435058594,48.133331298828125,22485
2024-03-07,DJML,48.34999847412109,49.54999923706055,47.71666717529297,48.68333435058594,90465
2024-03-11,DJML,48.93333435058594,48.93333435058594,46.70000076293945,47.400001525878906,82422
2024-03-12,DJML,47.61666488647461,48.0,46.31666564941406,46.900001525878906,33348
2024-03-13,DJML,46.81666564941406,46.81666564941406,42.66666412353516,45.33333206176758,43200
2024-03-14,DJML,44.86666488647461,47.29999923706055,43.76666641235352,44.78333282470703,22218
2024-03-15,DJML,45.0,47.36666488647461,44.0,46.59999847412109,31596
2024-03-18,DJML,46.93333435058594,46.93333435058594,45.0,45.51666641235352,71250
2024-03-19,DJML,45.51666641235352,47.33333206176758,43.633331298828125,46.54999923706055,57132
2024-03-20,DJML,47.33333206176758,53.0,46.11666488647461,49.56666564941406,137352
2024-03-21,DJML,49.66666412353516,53.900001525878906,49.36666488647461,53.45000076293945,170058
2024-03-22,DJML,53.73333358764648,56.33333206176758,52.33333206176758,55.84999847412109,244323
2024-03-26,DJML,56.650001525878906,57.43333435058594,55.18333435058594,55.83333206176758,198552
2024-03-27,DJML,56.33333206176758,57.29999923706055,55.33333206176758,55.5,80196
2024-03-28,DJML,56.0,57.16666412353516,54.66666412353516,56.84999847412109,157248
2024-03-01,DLF,902.0,917.0,901.2000122070312,909.9000244140624,2562306
2024-03-04,DLF,925.2000122070312,941.9000244140624,923.6500244140624,931.7999877929688,3951444
2024-03-05,DLF,930.0,939.4000244140624,926.0,932.0499877929688,2846188
2024-03-06,DLF,930.9500122070312,933.9000244140624,908.0999755859376,922.7000122070312,3258284
2024-03-07,DLF,925.5999755859376,929.0,917.1500244140624,920.2999877929688,2108204
2024-03-11,DLF,928.0,933.2999877929688,907.2000122070312,911.25,4511073
2024-03-12,DLF,910.9000244140624,915.2999877929688,861.0,864.4000244140625,8341087
2024-03-13,DLF,860.0,873.25,820.6500244140625,830.1500244140625,8639565
2024-03-14,DLF,826.0,844.0,817.0,840.6500244140625,5915623
2024-03-15,DLF,836.5999755859375,848.75,809.2999877929688,823.7000122070312,6129505
2024-03-18,DLF,826.0499877929688,839.6500244140625,816.25,836.25,2709444
2024-03-19,DLF,830.0,841.7999877929688,819.5,823.0499877929688,4696393
2024-03-20,DLF,827.0,834.4000244140625,805.2999877929688,825.9500122070312,3281967
2024-03-21,DLF,839.0999755859375,859.3499755859375,834.0999755859375,857.7000122070312,3484101
2024-03-22,DLF,861.0499877929688,869.9000244140625,855.5999755859375,865.9000244140625,2786894
2024-03-26,DLF,864.9000244140625,876.4500122070312,858.1500244140625,873.4000244140625,2686188
2024-03-27,DLF,878.9500122070312,888.7000122070312,875.5499877929688,880.5,3049873
2024-03-28,DLF,886.7999877929688,907.0,882.7000122070312,897.0,4055477
2024-03-01,DLINKINDIA,307.0,309.79998779296875,300.04998779296875,301.20001220703125,98159
2024-03-04,DLINKINDIA,307.0,307.0,301.04998779296875,303.0,58189
2024-03-05,DLINKINDIA,300.04998779296875,304.95001220703125,298.04998779296875,302.3500061035156,76589
2024-03-06,DLINKINDIA,301.8999938964844,301.8999938964844,289.1000061035156,292.6000061035156,110141
2024-03-07,DLINKINDIA,296.0,298.1499938964844,293.04998779296875,295.25,57137
2024-03-11,DLINKINDIA,299.79998779296875,299.79998779296875,288.0,289.25,104522
2024-03-12,DLINKINDIA,287.6499938964844,289.70001220703125,276.5,280.1499938964844,157928
2024-03-13,DLINKINDIA,282.0,283.5,255.1000061035156,257.75,254122
2024-03-14,DLINKINDIA,258.5,278.8500061035156,257.0,273.1000061035156,178769
2024-03-15,DLINKINDIA,275.54998779296875,281.04998779296875,269.0,280.25,85014
2024-03-18,DLINKINDIA,276.54998779296875,282.8999938964844,275.3500061035156,280.70001220703125,60856
2024-03-19,DLINKINDIA,280.70001220703125,281.95001220703125,272.0,273.5,84816
2024-03-20,DLINKINDIA,273.8999938964844,276.75,271.0,274.29998779296875,87036
2024-03-21,DLINKINDIA,276.8999938964844,279.79998779296875,275.25,277.6499938964844,60054
2024-03-22,DLINKINDIA,278.04998779296875,286.29998779296875,278.0,282.6000061035156,101242
2024-03-26,DLINKINDIA,283.20001220703125,291.8999938964844,276.0,287.75,356982
2024-03-27,DLINKINDIA,287.79998779296875,288.5,272.25,277.04998779296875,304517
2024-03-28,DLINKINDIA,277.75,281.95001220703125,268.0,271.6000061035156,169476
2024-03-01,DMART,3925.0,3936.75,3867.0,3884.14990234375,261674
2024-03-04,DMART,3870.949951171875,3878.64990234375,3831.0,3846.35009765625,153055
2024-03-05,DMART,3830.0,3884.35009765625,3811.300048828125,3834.5,185829
2024-03-06,DMART,3834.5,3895.0,3825.14990234375,3888.64990234375,308886
2024-03-07,DMART,3888.64990234375,3942.64990234375,3877.199951171875,3925.949951171875,330459
2024-03-11,DMART,3948.85009765625,4025.0,3936.050048828125,3979.64990234375,689781
2024-03-12,DMART,3999.0,4042.0,3900.0,4031.699951171875,499999
2024-03-13,DMART,4055.0,4056.0,3932.050048828125,3967.800048828125,521699
2024-03-14,DMART,3966.949951171875,4040.0,3890.0,4019.25,355226
2024-03-15,DMART,4019.449951171875,4035.0,3904.0,3932.10009765625,348203
2024-03-18,DMART,3932.10009765625,4019.0,3918.699951171875,4010.550048828125,230448
2024-03-19,DMART,4008.0,4046.050048828125,3983.050048828125,4014.10009765625,451330
2024-03-20,DMART,4015.0,4068.0,4009.25,4056.35009765625,346426
2024-03-21,DMART,4117.0,4238.0,4091.5,4163.10009765625,1130832
2024-03-22,DMART,4159.7998046875,4330.5,4151.14990234375,4297.60009765625,921652
2024-03-26,DMART,4315.75,4509.4501953125,4297.25,4486.2001953125,1838678
2024-03-27,DMART,4480.5,4533.0,4387.0498046875,4420.5498046875,814043
2024-03-28,DMART,4424.9501953125,4560.0,4397.0498046875,4525.60009765625,892567
2024-03-01,DMCC,306.0,310.0,304.04998779296875,305.8999938964844,12877
2024-03-04,DMCC,305.20001220703125,306.6000061035156,301.1499938964844,302.75,11852
2024-03-05,DMCC,302.75,306.70001220703125,294.0,296.6000061035156,15425
2024-03-06,DMCC,296.6000061035156,300.04998779296875,291.0,294.45001220703125,28631
2024-03-07,DMCC,295.8999938964844,304.8999938964844,290.54998779296875,294.6000061035156,18228
2024-03-11,DMCC,292.6499938964844,296.1000061035156,281.5,285.25,21021
2024-03-12,DMCC,285.25,287.5,268.5,277.95001220703125,26834
2024-03-13,DMCC,276.0,281.54998779296875,245.25,256.8999938964844,65250
2024-03-14,DMCC,257.0,276.45001220703125,255.1000061035156,269.29998779296875,82399
2024-03-15,DMCC,268.0,279.8500061035156,263.95001220703125,265.75,25878
2024-03-18,DMCC,266.25,276.95001220703125,262.3500061035156,270.6499938964844,39544
2024-03-19,DMCC,273.0,292.25,266.6499938964844,285.1499938964844,77596
2024-03-20,DMCC,285.0,296.8500061035156,279.95001220703125,293.45001220703125,30796
2024-03-21,DMCC,294.8999938964844,297.70001220703125,288.3999938964844,292.6000061035156,28584
2024-03-22,DMCC,293.29998779296875,306.3500061035156,291.0,297.95001220703125,37124
2024-03-26,DMCC,302.3999938964844,302.3999938964844,287.25,290.1499938964844,20135
2024-03-27,DMCC,289.0,292.6499938964844,275.29998779296875,280.1000061035156,35110
2024-03-28,DMCC,280.1000061035156,285.0,264.79998779296875,271.3500061035156,41609
2024-03-01,DNAMEDIA,5.150000095367432,5.199999809265137,5.099999904632568,5.150000095367432,24955
2024-03-04,DNAMEDIA,5.099999904632568,5.099999904632568,5.050000190734863,5.099999904632568,24798
2024-03-05,DNAMEDIA,5.0,5.050000190734863,5.0,5.0,31928
2024-03-06,DNAMEDIA,4.900000095367432,5.0,4.900000095367432,4.900000095367432,4549
2024-03-07,DNAMEDIA,4.949999809265137,4.949999809265137,4.900000095367432,4.949999809265137,7297
2024-03-11,DNAMEDIA,5.0,5.0,4.949999809265137,5.0,66620
2024-03-12,DNAMEDIA,4.900000095367432,4.900000095367432,4.900000095367432,4.900000095367432,5043
2024-03-13,DNAMEDIA,4.800000190734863,4.800000190734863,4.800000190734863,4.800000190734863,45041
2024-03-14,DNAMEDIA,4.699999809265137,4.699999809265137,4.699999809265137,4.699999809265137,13266
2024-03-15,DNAMEDIA,4.599999904632568,4.650000095367432,4.599999904632568,4.599999904632568,5015
2024-03-18,DNAMEDIA,4.599999904632568,4.800000190734863,4.400000095367432,4.400000095367432,168205
2024-03-19,DNAMEDIA,4.349999904632568,4.349999904632568,4.199999809265137,4.199999809265137,127638
2024-03-20,DNAMEDIA,4.050000190734863,4.400000095367432,4.0,4.400000095367432,75810
2024-03-21,DNAMEDIA,4.550000190734863,4.599999904632568,4.300000190734863,4.550000190734863,89316
2024-03-22,DNAMEDIA,4.599999904632568,4.699999809265137,4.349999904632568,4.650000095367432,46527
2024-03-26,DNAMEDIA,4.75,4.849999904632568,4.650000095367432,4.849999904632568,30372
2024-03-27,DNAMEDIA,5.050000190734863,5.050000190734863,4.599999904632568,4.849999904632568,46995
2024-03-28,DNAMEDIA,5.0,5.0,4.599999904632568,4.650000095367432,20204
2024-03-01,DODLA,996.7999877929688,1015.0999755859376,986.0,992.9500122070312,26349
2024-03-04,DODLA,991.0,995.9000244140624,951.0499877929688,957.5499877929688,60522
2024-03-05,DODLA,959.0,959.0,913.9000244140624,918.5999755859376,102267
2024-03-06,DODLA,918.8499755859376,929.4000244140624,873.4500122070312,900.4000244140625,280527
2024-03-07,DODLA,901.1500244140624,907.7000122070312,892.0,896.0999755859375,70085
2024-03-11,DODLA,899.5499877929688,912.2999877929688,878.0,887.8499755859375,59263
2024-03-12,DODLA,887.8499755859375,893.9500122070312,850.2999877929688,858.7000122070312,41875
2024-03-13,DODLA,853.25,870.0,813.25,819.5499877929688,81328
2024-03-14,DODLA,819.5499877929688,865.75,793.2999877929688,854.6500244140625,121098
2024-03-15,DODLA,858.9500122070312,861.8499755859375,832.0,837.0,26344
2024-03-18,DODLA,862.0,862.0,832.5,842.4500122070312,26129
2024-03-19,DODLA,841.5,846.0499877929688,820.5,824.75,18266
2024-03-20,DODLA,824.3499755859375,828.2999877929688,801.0,804.8499755859375,37018
2024-03-21,DODLA,805.0,836.0,805.0,834.1500244140625,23629
2024-03-22,DODLA,834.1500244140625,843.9000244140625,827.0,830.9500122070312,19608
2024-03-26,DODLA,834.0,834.0,805.25,810.5999755859375,44953
2024-03-27,DODLA,812.2000122070312,819.3499755859375,791.0999755859375,802.4000244140625,78024
2024-03-28,DODLA,803.8499755859375,818.5,801.0,803.1500244140625,28923
2024-03-01,DOLATALGO,70.1500015258789,73.5999984741211,70.1500015258789,71.94999694824219,197978
2024-03-04,DOLATALGO,77.9000015258789,79.1500015258789,75.9000015258789,76.8499984741211,740091
2024-03-05,DOLATALGO,76.8499984741211,80.0,75.30000305175781,79.5,654295
2024-03-06,DOLATALGO,79.69999694824219,80.5999984741211,75.4000015258789,77.5999984741211,463841
2024-03-07,DOLATALGO,77.19999694824219,79.30000305175781,76.25,77.0,139368
2024-03-11,DOLATALGO,77.05000305175781,77.80000305175781,73.0,74.3499984741211,273208
2024-03-12,DOLATALGO,75.44999694824219,75.44999694824219,70.4000015258789,71.0,504625
2024-03-13,DOLATALGO,72.19999694824219,72.19999694824219,59.25,61.59999847412109,809646
2024-03-14,DOLATALGO,61.25,68.80000305175781,61.20000076293945,67.30000305175781,619989
2024-03-15,DOLATALGO,67.3499984741211,69.0,64.3499984741211,66.55000305175781,218676
2024-03-18,DOLATALGO,67.55000305175781,72.9000015258789,66.94999694824219,69.3499984741211,574741
2024-03-19,DOLATALGO,68.6500015258789,70.0,68.0,68.75,209506
2024-03-20,DOLATALGO,68.19999694824219,71.80000305175781,66.5,68.44999694824219,320853
2024-03-21,DOLATALGO,69.5,71.4000015258789,69.1500015258789,70.0,481401
2024-03-22,DOLATALGO,70.8499984741211,70.94999694824219,68.1500015258789,68.3499984741211,234669
2024-03-26,DOLATALGO,69.05000305175781,69.75,68.0,68.4000015258789,274900
2024-03-27,DOLATALGO,68.75,68.75,65.8499984741211,67.25,507754
2024-03-28,DOLATALGO,68.0,70.19999694824219,67.0,68.25,358395
2024-03-01,DOLLAR,499.1499938964844,520.0,499.1499938964844,507.0499877929688,144334
2024-03-04,DOLLAR,515.0,519.0,503.8500061035156,513.2000122070312,81455
2024-03-05,DOLLAR,514.8499755859375,518.9000244140625,488.3999938964844,491.5,802499
2024-03-06,DOLLAR,494.2000122070313,547.0,486.0,525.5499877929688,1442289
2024-03-07,DOLLAR,529.0,541.4000244140625,523.0,528.9500122070312,512535
2024-03-11,DOLLAR,527.9500122070312,527.9500122070312,505.6000061035156,517.5,218061
2024-03-12,DOLLAR,520.0499877929688,520.0499877929688,491.1000061035156,495.6499938964844,155234
2024-03-13,DOLLAR,492.0,508.0,459.9500122070313,463.25,185684
2024-03-14,DOLLAR,464.8999938964844,498.7000122070313,461.6000061035156,485.2000122070313,188914
2024-03-15,DOLLAR,487.0,496.0,469.6000061035156,492.1499938964844,91387
2024-03-18,DOLLAR,496.0,499.0,489.6499938964844,493.75,50405
2024-03-19,DOLLAR,493.8999938964844,513.5499877929688,493.2999877929688,511.3999938964844,143752
2024-03-20,DOLLAR,512.0,518.9000244140625,492.6000061035156,513.25,113590
2024-03-21,DOLLAR,513.25,527.7000122070312,509.7000122070313,520.3499755859375,111561
2024-03-22,DOLLAR,527.0999755859375,527.0999755859375,515.0499877929688,519.4500122070312,49801
2024-03-26,DOLLAR,510.2000122070313,530.0,510.2000122070313,521.4000244140625,72588
2024-03-27,DOLLAR,524.0499877929688,527.0,505.0,508.6000061035156,136337
2024-03-28,DOLLAR,508.6000061035156,517.2000122070312,499.0,514.7999877929688,77236
2024-03-01,DOLPHIN,299.54998779296875,299.54998779296875,299.54998779296875,299.54998779296875,257
2024-03-04,DOLPHIN,311.6000061035156,311.6000061035156,311.6000061035156,311.6000061035156,359
2024-03-05,DOLPHIN,317.0,317.79998779296875,317.0,317.0,9295
2024-03-06,DOLPHIN,323.29998779296875,323.29998779296875,323.29998779296875,323.29998779296875,4063
2024-03-07,DOLPHIN,329.75,329.75,329.75,329.75,1763
2024-03-11,DOLPHIN,336.29998779296875,336.29998779296875,336.29998779296875,336.29998779296875,860
2024-03-12,DOLPHIN,343.0,343.0,343.0,343.0,4752
2024-03-13,DOLPHIN,336.1499938964844,349.79998779296875,336.1499938964844,336.1499938964844,8033
2024-03-14,DOLPHIN,329.45001220703125,329.45001220703125,329.45001220703125,329.45001220703125,3738
2024-03-15,DOLPHIN,322.8999938964844,322.8999938964844,322.8999938964844,322.8999938964844,3531
2024-03-18,DOLPHIN,316.45001220703125,316.45001220703125,316.45001220703125,316.45001220703125,1207
2024-03-19,DOLPHIN,310.1499938964844,310.1499938964844,310.1499938964844,310.1499938964844,639
2024-03-20,DOLPHIN,303.95001220703125,303.95001220703125,303.95001220703125,303.95001220703125,19127
2024-03-21,DOLPHIN,310.0,310.0,305.20001220703125,310.0,6552
2024-03-22,DOLPHIN,316.20001220703125,316.20001220703125,316.20001220703125,316.20001220703125,2139
2024-03-26,DOLPHIN,309.8999938964844,309.8999938964844,309.8999938964844,309.8999938964844,16817
2024-03-27,DOLPHIN,303.70001220703125,303.70001220703125,303.70001220703125,303.70001220703125,4642
2024-03-28,DOLPHIN,297.6499938964844,297.6499938964844,297.6499938964844,297.6499938964844,1611
2024-03-01,DOMS,1524.4000244140625,1540.4000244140625,1495.550048828125,1502.300048828125,61322
2024-03-04,DOMS,1528.9000244140625,1528.9000244140625,1491.0,1500.050048828125,84561
2024-03-05,DOMS,1515.6500244140625,1515.6500244140625,1425.0,1432.5999755859375,72867
2024-03-06,DOMS,1403.550048828125,1441.550048828125,1396.300048828125,1420.4000244140625,187513
2024-03-07,DOMS,1438.0,1476.0999755859375,1423.9000244140625,1449.949951171875,84224
2024-03-11,DOMS,1461.6500244140625,1464.0,1406.699951171875,1453.3499755859375,54070
2024-03-12,DOMS,1432.3499755859375,1443.050048828125,1402.0,1409.6500244140625,59608
2024-03-13,DOMS,1419.6500244140625,1419.6500244140625,1372.3499755859375,1405.699951171875,97278
2024-03-14,DOMS,1405.699951171875,1459.0,1375.0,1419.25,52139
2024-03-15,DOMS,1440.5,1440.5,1393.5999755859375,1400.050048828125,86511
2024-03-18,DOMS,1366.0,1464.800048828125,1366.0,1437.9000244140625,311904
2024-03-19,DOMS,1452.25,1458.0,1390.0,1420.199951171875,175959
2024-03-20,DOMS,1441.5,1457.0,1411.5999755859375,1422.050048828125,264115
2024-03-21,DOMS,1470.0,1504.3499755859375,1426.5,1494.550048828125,263111
2024-03-22,DOMS,1495.0,1513.8499755859375,1475.0,1500.75,57877
2024-03-26,DOMS,1512.9000244140625,1512.9000244140625,1485.0,1495.300048828125,45627
2024-03-27,DOMS,1510.0,1608.800048828125,1508.4000244140625,1595.8499755859375,205703
2024-03-28,DOMS,1590.0,1595.0,1551.0999755859375,1565.75,57525
2024-03-01,DONEAR,105.0,105.5999984741211,103.0,104.6999969482422,79115
2024-03-04,DONEAR,104.5500030517578,105.0,101.8000030517578,102.9000015258789,97786
2024-03-05,DONEAR,102.8000030517578,103.3499984741211,101.5,101.9499969482422,46018
2024-03-06,DONEAR,101.8499984741211,102.5999984741211,97.0,99.4499969482422,186305
2024-03-07,DONEAR,98.3000030517578,104.3000030517578,98.3000030517578,102.8499984741211,121483
2024-03-11,DONEAR,102.8499984741211,102.8499984741211,99.0999984741211,99.4000015258789,66890
2024-03-12,DONEAR,99.4000015258789,101.6999969482422,96.0999984741211,100.5,119610
2024-03-13,DONEAR,99.5,101.5999984741211,90.3000030517578,91.5999984741211,257927
2024-03-14,DONEAR,90.0,98.5,88.05000305175781,97.4000015258789,163296
2024-03-15,DONEAR,97.0,99.0,94.4000015258789,97.4499969482422,98079
2024-03-18,DONEAR,96.1500015258789,102.5,96.1500015258789,100.5500030517578,93530
2024-03-19,DONEAR,100.6999969482422,101.4499969482422,99.0,101.1500015258789,58477
2024-03-20,DONEAR,101.6999969482422,101.6999969482422,98.4499969482422,99.3499984741211,65037
2024-03-21,DONEAR,100.0,103.0999984741211,100.0,102.0,73954
2024-03-22,DONEAR,102.4000015258789,102.8000030517578,99.1999969482422,100.25,61522
2024-03-26,DONEAR,100.3000030517578,101.25,98.25,98.6999969482422,89749
2024-03-27,DONEAR,100.0,102.5999984741211,99.5,99.9000015258789,132838
2024-03-28,DONEAR,100.8000030517578,100.8000030517578,96.3000030517578,97.3499984741211,92313
2024-03-01,DPABHUSHAN,770.0,788.5499877929688,760.0499877929688,770.0999755859375,6057
2024-03-04,DPABHUSHAN,774.0999755859375,805.0,770.0499877929688,791.3499755859375,11023
2024-03-05,DPABHUSHAN,794.4500122070312,799.9500122070312,780.0499877929688,791.9500122070312,4597
2024-03-06,DPABHUSHAN,786.0499877929688,795.0,765.4000244140625,785.5999755859375,7535
2024-03-07,DPABHUSHAN,785.6500244140625,794.0,770.0999755859375,777.8499755859375,6116
2024-03-11,DPABHUSHAN,785.6500244140625,786.0,750.0999755859375,763.25,7045
2024-03-12,DPABHUSHAN,765.9500122070312,776.4000244140625,719.7000122070312,755.5999755859375,15532
2024-03-13,DPABHUSHAN,759.0,760.5999755859375,689.6500244140625,705.7000122070312,10719
2024-03-14,DPABHUSHAN,700.0,758.9500122070312,670.3499755859375,748.5999755859375,9009
2024-03-15,DPABHUSHAN,770.0,775.0,750.0499877929688,767.9000244140625,8921
2024-03-18,DPABHUSHAN,767.9000244140625,800.0,767.9000244140625,782.6500244140625,15693
2024-03-19,DPABHUSHAN,782.6500244140625,844.8499755859375,782.6500244140625,825.7000122070312,79535
2024-03-20,DPABHUSHAN,837.0,896.0499877929688,837.0,874.7999877929688,117083
2024-03-21,DPABHUSHAN,914.0,914.0,847.5499877929688,859.2999877929688,76023
2024-03-22,DPABHUSHAN,869.0,869.0,826.2000122070312,858.2999877929688,22806
2024-03-26,DPABHUSHAN,830.0,865.7999877929688,830.0,841.5999755859375,15118
2024-03-27,DPABHUSHAN,850.0499877929688,850.1500244140625,814.7999877929688,830.2999877929688,10157
2024-03-28,DPABHUSHAN,834.5,850.0,831.0499877929688,836.2999877929688,5451
2024-03-01,DPSCLTD,19.549999237060547,20.200000762939453,19.049999237060547,19.25,1553480
2024-03-04,DPSCLTD,20.100000381469727,20.100000381469727,19.049999237060547,19.25,822471
2024-03-05,DPSCLTD,19.25,19.850000381469727,18.89999961853028,19.200000762939453,687190
2024-03-06,DPSCLTD,19.5,19.5,18.549999237060547,19.049999237060547,691854
2024-03-07,DPSCLTD,19.25,19.350000381469727,18.100000381469727,18.299999237060547,1652143
2024-03-11,DPSCLTD,18.350000381469727,18.5,17.399999618530273,17.450000762939453,1138582
2024-03-12,DPSCLTD,17.5,17.649999618530273,16.600000381469727,17.049999237060547,815148
2024-03-13,DPSCLTD,17.0,17.350000381469727,16.200000762939453,16.25,856637
2024-03-14,DPSCLTD,15.899999618530272,17.049999237060547,15.550000190734863,16.200000762939453,1833023
2024-03-15,DPSCLTD,16.200000762939453,16.850000381469727,15.550000190734863,15.899999618530272,1578728
2024-03-18,DPSCLTD,15.899999618530272,16.5,15.5,15.699999809265137,1473224
2024-03-19,DPSCLTD,15.800000190734863,16.0,14.949999809265137,15.0,1516105
2024-03-20,DPSCLTD,15.149999618530272,15.5,14.649999618530272,14.850000381469728,1392867
2024-03-21,DPSCLTD,15.050000190734863,15.550000190734863,14.600000381469728,14.949999809265137,1782035
2024-03-22,DPSCLTD,15.050000190734863,15.399999618530272,14.850000381469728,15.0,2152493
2024-03-26,DPSCLTD,15.149999618530272,15.149999618530272,14.699999809265137,14.800000190734863,882024
2024-03-27,DPSCLTD,14.899999618530272,15.0,14.699999809265137,14.75,773344
2024-03-28,DPSCLTD,14.899999618530272,15.449999809265137,14.899999618530272,15.399999618530272,1500547
2024-03-01,DPWIRES,551.7000122070312,567.5999755859375,522.0,526.9500122070312,291781
2024-03-04,DPWIRES,537.0499877929688,539.5,525.0499877929688,529.2000122070312,105516
2024-03-05,DPWIRES,528.8499755859375,530.5499877929688,505.2000122070313,511.0499877929688,54745
2024-03-06,DPWIRES,514.9000244140625,514.9000244140625,495.25,498.9500122070313,49940
2024-03-07,DPWIRES,495.2999877929688,507.0,495.2999877929688,500.0499877929688,19332
2024-03-11,DPWIRES,501.0499877929688,509.0499877929688,475.6499938964844,481.7000122070313,59564
2024-03-12,DPWIRES,488.9500122070313,488.9500122070313,460.0,461.2999877929688,52053
2024-03-13,DPWIRES,460.9500122070313,463.75,416.0499877929688,420.7999877929688,108674
2024-03-14,DPWIRES,422.0,455.0,420.7999877929688,443.6499938964844,65622
2024-03-15,DPWIRES,447.0,453.2999877929688,432.6000061035156,443.0,37860
2024-03-18,DPWIRES,446.3999938964844,464.5,441.0,445.8999938964844,36956
2024-03-19,DPWIRES,448.9500122070313,454.8999938964844,447.1000061035156,449.3999938964844,26254
2024-03-20,DPWIRES,453.9500122070313,465.0,441.2000122070313,450.5499877929688,48282
2024-03-21,DPWIRES,453.7000122070313,461.8999938964844,453.6000061035156,455.8500061035156,21671
2024-03-22,DPWIRES,455.8999938964844,464.9500122070313,455.0499877929688,458.8500061035156,23543
2024-03-26,DPWIRES,459.9500122070313,460.0,433.1000061035156,437.25,58963
2024-03-27,DPWIRES,441.25,447.0,425.1000061035156,429.5499877929688,75514
2024-03-28,DPWIRES,434.8999938964844,437.5499877929688,420.2999877929688,425.6499938964844,46623
2024-03-01,DRCSYSTEMS,21.5,21.5,21.5,21.5,29945
2024-03-04,DRCSYSTEMS,20.700000762939453,20.700000762939453,20.700000762939453,20.700000762939453,18870
2024-03-05,DRCSYSTEMS,20.299999237060547,20.299999237060547,20.299999237060547,20.299999237060547,17025
2024-03-06,DRCSYSTEMS,19.89999961853028,19.89999961853028,19.89999961853028,19.89999961853028,16090
2024-03-07,DRCSYSTEMS,19.5,19.5,19.5,19.5,27263
2024-03-11,DRCSYSTEMS,19.5,19.5,18.549999237060547,18.549999237060547,202719
2024-03-12,DRCSYSTEMS,17.649999618530273,17.649999618530273,17.649999618530273,17.649999618530273,43613
2024-03-13,DRCSYSTEMS,16.799999237060547,16.799999237060547,16.799999237060547,16.799999237060547,26173
2024-03-14,DRCSYSTEMS,16.0,17.600000381469727,16.0,17.600000381469727,372587
2024-03-15,DRCSYSTEMS,18.450000762939453,18.450000762939453,16.75,17.850000381469727,124493
2024-03-18,DRCSYSTEMS,18.200000762939453,18.200000762939453,16.950000762939453,16.950000762939453,158919
2024-03-19,DRCSYSTEMS,17.299999237060547,17.75,16.25,16.700000762939453,62218
2024-03-20,DRCSYSTEMS,17.399999618530273,17.399999618530273,16.299999237060547,16.899999618530273,92733
2024-03-21,DRCSYSTEMS,16.899999618530273,17.399999618530273,16.899999618530273,16.950000762939453,114508
2024-03-22,DRCSYSTEMS,17.75,17.75,17.299999237060547,17.5,128987
2024-03-26,DRCSYSTEMS,17.5,18.350000381469727,17.5,18.350000381469727,50778
2024-03-27,DRCSYSTEMS,19.25,19.25,19.25,19.25,25388
2024-03-28,DRCSYSTEMS,20.200000762939453,20.200000762939453,20.200000762939453,20.200000762939453,16148
2024-03-01,DREAMFOLKS,503.2999877929688,533.0499877929688,503.2999877929688,526.3499755859375,969876
2024-03-04,DREAMFOLKS,535.9000244140625,537.75,516.0,517.7999877929688,289552
2024-03-05,DREAMFOLKS,518.7999877929688,518.9500122070312,506.0499877929688,509.2000122070313,200141
2024-03-06,DREAMFOLKS,509.25,510.7999877929688,492.8999938964844,496.7999877929688,229264
2024-03-07,DREAMFOLKS,498.0499877929688,504.2999877929688,498.0,500.6000061035156,152083
2024-03-11,DREAMFOLKS,505.7000122070313,505.7000122070313,485.5,489.8500061035156,258422
2024-03-12,DREAMFOLKS,494.0,503.5,485.0499877929688,489.7999877929688,316451
2024-03-13,DREAMFOLKS,490.9500122070313,496.6499938964844,477.0,489.1000061035156,540586
2024-03-14,DREAMFOLKS,482.5,497.8999938964844,480.6000061035156,487.8999938964844,308780
2024-03-15,DREAMFOLKS,485.9500122070313,494.0,479.1000061035156,482.3500061035156,157268
2024-03-18,DREAMFOLKS,483.8500061035156,490.9500122070313,480.5499877929688,482.5499877929688,128258
2024-03-19,DREAMFOLKS,481.0,485.8500061035156,476.0,477.25,104495
2024-03-20,DREAMFOLKS,478.0,483.0,465.2000122070313,467.7000122070313,144419
2024-03-21,DREAMFOLKS,476.0,484.8999938964844,476.0,478.2999877929688,170814
2024-03-22,DREAMFOLKS,477.8500061035156,489.0,476.8999938964844,478.4500122070313,193381
2024-03-26,DREAMFOLKS,478.4500122070313,484.4500122070313,469.0,480.9500122070313,355030
2024-03-27,DREAMFOLKS,483.0,494.0499877929688,476.0,481.3500061035156,367344
2024-03-28,DREAMFOLKS,485.7000122070313,490.2000122070313,480.1000061035156,488.3500061035156,249049
2024-03-01,DREDGECORP,696.0999755859375,725.0,696.0999755859375,713.3499755859375,12846
2024-03-04,DREDGECORP,720.0,720.0,691.0,703.4000244140625,15015
2024-03-05,DREDGECORP,708.9500122070312,714.9000244140625,691.0499877929688,696.5499877929688,15141
2024-03-06,DREDGECORP,709.9000244140625,709.9000244140625,662.1500244140625,676.9500122070312,38567
2024-03-07,DREDGECORP,670.0,710.75,670.0,710.75,22517
2024-03-11,DREDGECORP,739.0,739.0,676.0,683.4000244140625,42481
2024-03-12,DREDGECORP,685.25,717.5499877929688,652.0,671.4500122070312,59700
2024-03-13,DREDGECORP,658.0499877929688,675.0,637.9000244140625,637.9000244140625,52947
2024-03-14,DREDGECORP,619.6500244140625,665.0,610.0,657.75,60000
2024-03-15,DREDGECORP,657.0,675.0,647.0499877929688,666.2999877929688,65405
2024-03-18,DREDGECORP,672.0,685.0,658.0,663.9500122070312,58725
2024-03-19,DREDGECORP,673.0,673.0,637.0,645.5,20414
2024-03-20,DREDGECORP,640.0,648.7999877929688,625.0,629.4000244140625,28276
2024-03-21,DREDGECORP,657.9500122070312,657.9500122070312,640.2000122070312,649.8499755859375,20107
2024-03-22,DREDGECORP,651.5,678.9500122070312,636.0,673.7000122070312,22554
2024-03-26,DREDGECORP,673.7000122070312,690.0,650.0499877929688,672.7999877929688,68023
2024-03-27,DREDGECORP,671.2000122070312,705.0,671.2000122070312,677.5999755859375,40414
2024-03-28,DREDGECORP,695.0,695.0,673.3499755859375,679.5999755859375,24847
2024-03-01,DRREDDY,1289.800048828125,1294.5999755859375,1234.4200439453125,1238.7099609375,2876430
2024-03-04,DRREDDY,1248.0,1287.8699951171875,1247.800048828125,1267.02001953125,2196055
2024-03-05,DRREDDY,1266.97998046875,1268.4300537109375,1249.4000244140625,1260.6600341796875,1040180
2024-03-06,DRREDDY,1260.6600341796875,1266.4000244140625,1238.0,1262.9300537109375,1207130
2024-03-07,DRREDDY,1261.0999755859375,1273.93994140625,1261.0999755859375,1264.8299560546875,1174600
2024-03-11,DRREDDY,1273.800048828125,1284.719970703125,1262.0,1277.489990234375,1412365
2024-03-12,DRREDDY,1277.6300048828125,1285.5999755859375,1253.25,1260.4300537109375,1647055
2024-03-13,DRREDDY,1260.47998046875,1270.0,1249.760009765625,1260.760009765625,1051325
2024-03-14,DRREDDY,1256.4000244140625,1264.030029296875,1241.780029296875,1258.9200439453125,2001060
2024-03-15,DRREDDY,1257.02001953125,1261.7099609375,1242.9000244140625,1256.97998046875,2429735
2024-03-18,DRREDDY,1258.4200439453125,1270.97998046875,1253.6099853515625,1268.2099609375,902465
2024-03-19,DRREDDY,1267.0,1267.0,1224.68994140625,1226.97998046875,1581835
2024-03-20,DRREDDY,1224.989990234375,1227.6199951171875,1204.6400146484375,1220.6600341796875,1385185
2024-03-21,DRREDDY,1225.0,1231.199951171875,1212.0,1225.6400146484375,1626230
2024-03-22,DRREDDY,1225.800048828125,1247.8800048828125,1221.010009765625,1240.6400146484375,1528595
2024-03-26,DRREDDY,1238.0,1242.2900390625,1221.2099609375,1226.969970703125,1361275
2024-03-27,DRREDDY,1230.199951171875,1230.199951171875,1206.8199462890625,1208.8199462890625,1452965
2024-03-28,DRREDDY,1215.5999755859375,1241.9599609375,1215.5999755859375,1231.5799560546875,2586915
2024-03-01,DSKULKARNI,13.550000190734863,13.550000190734863,13.550000190734863,13.550000190734863,0
2024-03-04,DSKULKARNI,13.550000190734863,13.550000190734863,13.550000190734863,13.550000190734863,0
2024-03-05,DSKULKARNI,13.550000190734863,13.550000190734863,13.550000190734863,13.550000190734863,0
2024-03-06,DSKULKARNI,13.550000190734863,13.550000190734863,13.550000190734863,13.550000190734863,0
2024-03-07,DSKULKARNI,13.550000190734863,13.550000190734863,13.550000190734863,13.550000190734863,0
2024-03-11,DSKULKARNI,13.550000190734863,13.550000190734863,13.550000190734863,13.550000190734863,0
2024-03-12,DSKULKARNI,13.550000190734863,13.550000190734863,13.550000190734863,13.550000190734863,0
2024-03-13,DSKULKARNI,13.550000190734863,13.550000190734863,13.550000190734863,13.550000190734863,0
2024-03-14,DSKULKARNI,13.550000190734863,13.550000190734863,13.550000190734863,13.550000190734863,0
2024-03-18,DSKULKARNI,13.550000190734863,13.550000190734863,13.550000190734863,13.550000190734863,0
2024-03-19,DSKULKARNI,13.550000190734863,13.550000190734863,13.550000190734863,13.550000190734863,0
2024-03-20,DSKULKARNI,13.550000190734863,13.550000190734863,13.550000190734863,13.550000190734863,0
2024-03-21,DSKULKARNI,13.550000190734863,13.550000190734863,13.550000190734863,13.550000190734863,0
2024-03-22,DSKULKARNI,13.550000190734863,13.550000190734863,13.550000190734863,13.550000190734863,0
2024-03-26,DSKULKARNI,13.550000190734863,13.550000190734863,13.550000190734863,13.550000190734863,0
2024-03-27,DSKULKARNI,13.550000190734863,13.550000190734863,13.550000190734863,13.550000190734863,0
2024-03-28,DSKULKARNI,13.550000190734863,13.550000190734863,13.550000190734863,13.550000190734863,0
2024-03-01,DSSL,874.9000244140625,916.0,873.0,893.1500244140625,42753
2024-03-04,DSSL,914.9000244140624,925.0,870.0,874.4000244140625,36799
2024-03-05,DSSL,883.9500122070312,900.0,844.0,855.4500122070312,34323
2024-03-06,DSSL,857.9500122070312,858.4000244140625,793.1500244140625,823.8499755859375,49680
2024-03-07,DSSL,824.9000244140625,866.0,824.9000244140625,857.5,23834
2024-03-11,DSSL,875.0,875.0,815.0,820.0499877929688,22727
2024-03-12,DSSL,817.0,822.0,766.75,782.5999755859375,51423
2024-03-13,DSSL,780.8499755859375,813.7999877929688,695.0,709.0,85339
2024-03-14,DSSL,705.0,798.0,696.0999755859375,769.3499755859375,64319
2024-03-15,DSSL,784.9000244140625,795.0,745.0,788.0999755859375,32320
2024-03-18,DSSL,819.9000244140625,838.2999877929688,788.0999755859375,810.4000244140625,25954
2024-03-19,DSSL,813.0,819.9500122070312,786.5,802.5999755859375,19758
2024-03-20,DSSL,820.0,825.0,780.0,801.7999877929688,17466
2024-03-21,DSSL,804.7999877929688,824.5499877929688,800.0,809.2999877929688,20544
2024-03-22,DSSL,809.7999877929688,809.9000244140625,790.0999755859375,800.4500122070312,16411
2024-03-26,DSSL,800.4500122070312,815.0,778.0999755859375,784.4000244140625,23960
2024-03-27,DSSL,801.0,941.25,800.0,937.0999755859376,938057
2024-03-28,DSSL,929.0,1087.0,910.0499877929688,1027.800048828125,1903167
2024-03-01,DTIL,219.9499969482422,223.6000061035156,215.1000061035156,218.1499938964844,13994
2024-03-04,DTIL,217.3000030517578,219.3500061035156,216.5,218.3500061035156,2661
2024-03-05,DTIL,219.3500061035156,219.3999938964844,214.0,215.4499969482422,2629
2024-03-06,DTIL,218.8999938964844,218.8999938964844,207.8999938964844,210.4499969482422,11171
2024-03-07,DTIL,213.0,217.4499969482422,213.0,215.0,7359
2024-03-11,DTIL,216.9499969482422,216.9499969482422,208.0,210.25,6321
2024-03-12,DTIL,209.0,213.4499969482422,201.5,203.4499969482422,9775
2024-03-13,DTIL,205.6999969482422,208.9499969482422,185.0,186.3000030517578,29111
2024-03-14,DTIL,188.9499969482422,198.3000030517578,188.8999938964844,197.1499938964844,11952
2024-03-15,DTIL,199.0,199.0,189.5,191.75,7526
2024-03-18,DTIL,192.5,197.8500061035156,192.5,195.0500030517578,7054
2024-03-19,DTIL,198.8000030517578,198.8000030517578,190.1000061035156,193.6499938964844,3037
2024-03-20,DTIL,193.4499969482422,198.0,191.3999938964844,196.1999969482422,4962
2024-03-21,DTIL,199.0,201.0,195.1000061035156,197.1999969482422,9511
2024-03-22,DTIL,196.0,199.0,194.1000061035156,195.9499969482422,8094
2024-03-26,DTIL,194.9499969482422,199.3500061035156,192.1999969482422,194.1000061035156,12355
2024-03-27,DTIL,198.25,198.25,186.6000061035156,188.8999938964844,12456
2024-03-28,DTIL,188.0,194.8000030517578,184.0,186.1499938964844,24320
2024-03-01,DUCON,10.5,10.5,10.5,10.5,247351
2024-03-04,DUCON,10.899999618530272,10.899999618530272,10.699999809265137,10.899999618530272,1488686
2024-03-05,DUCON,10.699999809265137,10.699999809265137,10.699999809265137,10.699999809265137,206350
2024-03-06,DUCON,10.5,10.5,10.5,10.5,58315
2024-03-07,DUCON,10.300000190734863,10.300000190734863,10.300000190734863,10.300000190734863,63324
2024-03-11,DUCON,10.100000381469728,10.100000381469728,10.100000381469728,10.100000381469728,56339
2024-03-12,DUCON,9.899999618530272,9.899999618530272,9.899999618530272,9.899999618530272,32718
2024-03-13,DUCON,9.699999809265137,9.699999809265137,9.699999809265137,9.699999809265137,17975
2024-03-14,DUCON,9.5,9.5,9.5,9.5,30480
2024-03-15,DUCON,9.350000381469728,9.350000381469728,9.350000381469728,9.350000381469728,23642
2024-03-18,DUCON,8.899999618530273,8.899999618530273,8.899999618530273,8.899999618530273,103592
2024-03-19,DUCON,8.449999809265137,8.449999809265137,8.449999809265137,8.449999809265137,72496
2024-03-20,DUCON,8.050000190734863,8.050000190734863,8.050000190734863,8.050000190734863,106170
2024-03-21,DUCON,7.650000095367432,8.449999809265137,7.650000095367432,8.449999809265137,1898731
2024-03-22,DUCON,8.5,8.5,8.050000190734863,8.25,889639
2024-03-26,DUCON,8.149999618530273,8.25,7.849999904632568,7.849999904632568,404915
2024-03-27,DUCON,7.5,7.75,7.449999809265137,7.449999809265137,1071542
2024-03-28,DUCON,7.199999809265137,7.449999809265137,7.099999904632568,7.099999904632568,851803
2024-03-01,DVL,377.25,390.2000122070313,371.1000061035156,389.2999877929688,25070
2024-03-04,DVL,396.0,405.3999938964844,385.0,389.2000122070313,48293
2024-03-05,DVL,385.7999877929688,404.75,385.3500061035156,388.0499877929688,21298
2024-03-06,DVL,385.0,387.9500122070313,368.6499938964844,372.25,58529
2024-03-07,DVL,372.0,383.6000061035156,371.0,375.3999938964844,26037
2024-03-11,DVL,372.0,383.8500061035156,365.1000061035156,367.7999877929688,50817
2024-03-12,DVL,365.2000122070313,371.8999938964844,349.45001220703125,349.45001220703125,60169
2024-03-13,DVL,350.0,354.79998779296875,332.0,332.0,46516
2024-03-14,DVL,333.3500061035156,338.75,315.3999938964844,330.8500061035156,188053
2024-03-15,DVL,328.95001220703125,333.1000061035156,315.54998779296875,322.1000061035156,60315
2024-03-18,DVL,326.1499938964844,333.0,319.54998779296875,330.45001220703125,41395
2024-03-19,DVL,334.79998779296875,335.45001220703125,322.0,322.6499938964844,34958
2024-03-20,DVL,326.70001220703125,327.5,313.29998779296875,319.8999938964844,43518
2024-03-21,DVL,321.0,328.3500061035156,319.70001220703125,324.3999938964844,34697
2024-03-22,DVL,325.95001220703125,329.0,321.54998779296875,326.95001220703125,20052
2024-03-26,DVL,327.95001220703125,329.75,323.5,324.0,35184
2024-03-27,DVL,328.5,329.3500061035156,308.75,314.29998779296875,78317
2024-03-28,DVL,315.0,325.8999938964844,315.0,321.5,36654
2024-03-01,DWARKESH,78.1500015258789,79.3499984741211,77.75,78.0,579500
2024-03-04,DWARKESH,84.80000305175781,84.80000305175781,81.69999694824219,81.8499984741211,2765104
2024-03-05,DWARKESH,81.1500015258789,82.0999984741211,80.6500015258789,81.30000305175781,1081707
2024-03-06,DWARKESH,80.5999984741211,81.1500015258789,79.25,80.0,1021769
2024-03-07,DWARKESH,80.94999694824219,81.94999694824219,80.5,81.05000305175781,1116821
2024-03-11,DWARKESH,84.30000305175781,86.80000305175781,81.5999984741211,81.9000015258789,8387805
2024-03-12,DWARKESH,82.5,82.80000305175781,80.19999694824219,81.05000305175781,1969578
2024-03-13,DWARKESH,81.25,81.80000305175781,77.55000305175781,78.05000305175781,2275966
2024-03-14,DWARKESH,77.5999984741211,80.75,77.19999694824219,79.9000015258789,1602500
2024-03-15,DWARKESH,80.0,80.75,79.30000305175781,80.1500015258789,1097144
2024-03-18,DWARKESH,80.55000305175781,81.25,79.80000305175781,80.4000015258789,1687149
2024-03-19,DWARKESH,80.5,80.55000305175781,79.9000015258789,80.19999694824219,1274154
2024-03-20,DWARKESH,78.0,78.5,75.25,77.4000015258789,1830907
2024-03-21,DWARKESH,77.5999984741211,78.5999984741211,77.5,77.69999694824219,702250
2024-03-22,DWARKESH,77.6500015258789,78.4000015258789,77.0,77.1500015258789,641039
2024-03-26,DWARKESH,77.1500015258789,77.5,75.30000305175781,75.55000305175781,1089811
2024-03-27,DWARKESH,76.0,76.9000015258789,73.4000015258789,73.8499984741211,2157923
2024-03-28,DWARKESH,74.0,75.1500015258789,67.3499984741211,69.5,3370725
2024-03-01,DYCL,214.7250061035156,215.7250061035156,210.5,212.3249969482422,71832
2024-03-04,DYCL,212.75,215.2250061035156,210.5,211.5749969482422,42920
2024-03-05,DYCL,213.4499969482422,213.5,206.5,210.375,92306
2024-03-06,DYCL,213.3500061035156,213.3500061035156,201.625,204.9750061035156,140236
2024-03-07,DYCL,213.3999938964844,213.3999938964844,203.5,203.9750061035156,73196
2024-03-11,DYCL,203.9750061035156,207.2250061035156,196.0500030517578,198.4250030517578,104560
2024-03-12,DYCL,196.4750061035156,197.8999938964844,188.0,190.3000030517578,151762
2024-03-13,DYCL,191.0,196.625,171.5500030517578,174.8249969482422,195444
2024-03-14,DYCL,174.97500610351562,186.9750061035156,168.77499389648438,182.9250030517578,249290
2024-03-15,DYCL,184.4499969482422,185.875,177.3249969482422,181.9750061035156,87570
2024-03-18,DYCL,180.0,197.4499969482422,180.0,193.6499938964844,124678
2024-03-19,DYCL,196.5,199.8500061035156,186.5,188.125,140956
2024-03-20,DYCL,190.9499969482422,193.3000030517578,182.0,183.4750061035156,226068
2024-03-21,DYCL,186.2250061035156,190.875,186.0,188.25,94068
2024-03-22,DYCL,190.0,195.7250061035156,186.1750030517578,190.2749938964844,63552
2024-03-26,DYCL,190.2749938964844,192.3999938964844,186.4250030517578,187.25,103612
2024-03-27,DYCL,187.25,193.2250061035156,185.0,186.375,191718
2024-03-28,DYCL,186.0,192.0,185.0500030517578,185.625,127536
2024-03-01,DYNAMATECH,7238.85009765625,7299.9501953125,7138.60009765625,7237.7001953125,11040
2024-03-04,DYNAMATECH,7400.0,7429.85009765625,7148.0,7183.35009765625,9492
2024-03-05,DYNAMATECH,7500.0,7780.0,7258.2001953125,7358.4501953125,57781
2024-03-06,DYNAMATECH,7412.0,7573.7001953125,7080.0,7286.5498046875,25155
2024-03-07,DYNAMATECH,7296.25,7490.5,7173.2001953125,7384.0,13457
2024-03-11,DYNAMATECH,7384.0,7407.35009765625,7040.2001953125,7115.60009765625,16735
2024-03-12,DYNAMATECH,7100.0,7107.0498046875,6780.0,6920.9501953125,14804
2024-03-13,DYNAMATECH,6999.85009765625,6999.89990234375,6074.0,6338.75,55846
2024-03-14,DYNAMATECH,6522.35009765625,6845.0,6292.35009765625,6658.39990234375,29889
2024-03-15,DYNAMATECH,6658.39990234375,6887.0,6635.4501953125,6766.39990234375,18818
2024-03-18,DYNAMATECH,6834.7998046875,6849.85009765625,6610.0498046875,6739.2001953125,7585
2024-03-19,DYNAMATECH,6750.0,6892.25,6496.85009765625,6652.10009765625,12328
2024-03-20,DYNAMATECH,6679.14990234375,6849.89990234375,6503.7998046875,6546.5,12411
2024-03-21,DYNAMATECH,6611.2998046875,6759.85009765625,6600.0,6662.89990234375,12923
2024-03-22,DYNAMATECH,6695.5,7040.0,6676.4501953125,6984.75,17975
2024-03-26,DYNAMATECH,7062.64990234375,7159.9501953125,6720.0,6780.5498046875,22212
2024-03-27,DYNAMATECH,6830.0,7648.9501953125,6830.0,7374.25,59880
2024-03-28,DYNAMATECH,7315.0,7681.0,7260.0498046875,7457.10009765625,27613
2024-03-01,DYNPRO,295.20001220703125,309.5,295.20001220703125,306.1499938964844,28450
2024-03-04,DYNPRO,296.8500061035156,305.0,293.45001220703125,297.95001220703125,19301
2024-03-05,DYNPRO,295.1000061035156,304.0,292.25,299.04998779296875,32138
2024-03-06,DYNPRO,294.54998779296875,302.95001220703125,283.6499938964844,298.95001220703125,54247
2024-03-07,DYNPRO,298.70001220703125,301.0,289.1000061035156,295.8500061035156,35879
2024-03-11,DYNPRO,295.8500061035156,305.0,281.29998779296875,284.95001220703125,29194
2024-03-12,DYNPRO,284.95001220703125,289.6000061035156,276.0,280.3500061035156,31743
2024-03-13,DYNPRO,277.20001220703125,290.0,270.54998779296875,281.3999938964844,70628
2024-03-14,DYNPRO,277.20001220703125,291.95001220703125,271.0,277.79998779296875,56357
2024-03-15,DYNPRO,277.8500061035156,289.3999938964844,272.0,285.54998779296875,32309
2024-03-18,DYNPRO,286.8500061035156,300.0,280.6499938964844,292.25,24831
2024-03-19,DYNPRO,290.0,297.95001220703125,284.0,286.3500061035156,20143
2024-03-20,DYNPRO,282.04998779296875,289.0,274.0,276.25,27585
2024-03-21,DYNPRO,279.0,283.0,272.79998779296875,276.04998779296875,19879
2024-03-22,DYNPRO,272.5,281.79998779296875,269.6000061035156,275.54998779296875,41968
2024-03-26,DYNPRO,275.54998779296875,278.25,264.79998779296875,266.3999938964844,86530
2024-03-27,DYNPRO,266.3999938964844,270.0,260.0,260.54998779296875,89612
2024-03-28,DYNPRO,260.6000061035156,268.70001220703125,255.5,260.5,39175
2024-03-01,E2E,101.44499969482422,101.44499969482422,101.44499969482422,101.44499969482422,47690
2024-03-04,E2E,97.43499755859376,97.43499755859376,97.43499755859376,97.43499755859376,36320
2024-03-05,E2E,95.48999786376952,95.48999786376952,95.48999786376952,95.48999786376952,27290
2024-03-06,E2E,93.58000183105467,93.58000183105467,93.58000183105467,93.58000183105467,24910
2024-03-07,E2E,91.70999908447266,91.70999908447266,91.70999908447266,91.70999908447266,31640
2024-03-11,E2E,89.875,89.875,89.875,89.875,16340
2024-03-12,E2E,88.08000183105469,88.08000183105469,88.08000183105469,88.08000183105469,46700
2024-03-13,E2E,86.31999969482422,86.31999969482422,86.31999969482422,86.31999969482422,23770
2024-03-14,E2E,84.59500122070312,84.59500122070312,84.59500122070312,84.59500122070312,57420
2024-03-15,E2E,82.90499877929688,82.90499877929688,82.90499877929688,82.90499877929688,44870
2024-03-18,E2E,81.25,81.25,81.25,81.25,39260
2024-03-19,E2E,79.625,79.625,79.625,79.625,128590
2024-03-20,E2E,81.21499633789062,81.21499633789062,78.03500366210938,81.21499633789062,306750
2024-03-21,E2E,82.83499908447266,82.83499908447266,82.83499908447266,82.83499908447266,45520
2024-03-22,E2E,84.48999786376953,84.48999786376953,84.48999786376953,84.48999786376953,38620
2024-03-26,E2E,86.17500305175781,86.17500305175781,86.17500305175781,86.17500305175781,71370
2024-03-27,E2E,87.8949966430664,87.8949966430664,87.80000305175781,87.8949966430664,213950
2024-03-28,E2E,89.6500015258789,89.6500015258789,89.6500015258789,89.6500015258789,120740
2024-03-01,EASEMYTRIP,24.299999237060547,24.89999961853028,24.25,24.424999237060547,48926206
2024-03-04,EASEMYTRIP,24.52499961853028,25.174999237060547,23.850000381469727,24.0,68019354
2024-03-05,EASEMYTRIP,24.100000381469727,24.14999961853028,23.39999961853028,23.5,40117118
2024-03-06,EASEMYTRIP,23.52499961853028,23.600000381469727,22.64999961853028,23.174999237060547,33488066
2024-03-07,EASEMYTRIP,23.25,24.075000762939453,23.25,23.674999237060547,49099336
2024-03-11,EASEMYTRIP,23.825000762939453,23.825000762939453,23.299999237060547,23.375,31497500
2024-03-12,EASEMYTRIP,23.325000762939453,23.325000762939453,22.049999237060547,22.174999237060547,31920872
2024-03-13,EASEMYTRIP,22.200000762939453,23.100000381469727,20.575000762939453,20.825000762939453,57693344
2024-03-14,EASEMYTRIP,20.825000762939453,23.27499961853028,20.39999961853028,22.75,59480750
2024-03-15,EASEMYTRIP,22.600000381469727,22.950000762939453,21.825000762939453,22.049999237060547,30577306
2024-03-18,EASEMYTRIP,22.049999237060547,22.475000381469727,21.64999961853028,22.100000381469727,28959562
2024-03-19,EASEMYTRIP,22.049999237060547,22.475000381469727,21.575000762939453,21.674999237060547,36200362
2024-03-20,EASEMYTRIP,21.825000762939453,22.799999237060547,21.64999961853028,22.375,68465876
2024-03-21,EASEMYTRIP,22.5,22.75,21.89999961853028,22.125,53524102
2024-03-22,EASEMYTRIP,22.125,22.174999237060547,21.825000762939453,21.875,32827392
2024-03-26,EASEMYTRIP,21.875,22.600000381469727,21.52499961853028,22.02499961853028,44877572
2024-03-27,EASEMYTRIP,22.075000762939453,22.600000381469727,21.5,21.725000381469727,47890260
2024-03-28,EASEMYTRIP,21.89999961853028,22.14999961853028,21.299999237060547,21.39999961853028,86561146
2024-03-01,EASTSILK,2.049999952316284,2.25,2.049999952316284,2.150000095367432,83629
2024-03-04,EASTSILK,2.049999952316284,2.150000095367432,2.0,2.0,63734
2024-03-05,EASTSILK,2.049999952316284,2.049999952316284,1.899999976158142,1.899999976158142,78308
2024-03-06,EASTSILK,1.899999976158142,1.899999976158142,1.7999999523162842,1.7999999523162842,14814
2024-03-07,EASTSILK,1.7999999523162842,1.7999999523162842,1.7999999523162842,1.7999999523162842,0
2024-03-11,EASTSILK,1.7999999523162842,1.7999999523162842,1.7999999523162842,1.7999999523162842,0
2024-03-12,EASTSILK,1.7999999523162842,1.7999999523162842,1.7999999523162842,1.7999999523162842,0
2024-03-13,EASTSILK,1.7999999523162842,1.7999999523162842,1.7999999523162842,1.7999999523162842,0
2024-03-14,EASTSILK,1.7999999523162842,1.7999999523162842,1.7999999523162842,1.7999999523162842,0
2024-03-18,EASTSILK,1.7999999523162842,1.7999999523162842,1.7999999523162842,1.7999999523162842,0
2024-03-19,EASTSILK,1.7999999523162842,1.7999999523162842,1.7999999523162842,1.7999999523162842,0
2024-03-20,EASTSILK,1.7999999523162842,1.7999999523162842,1.7999999523162842,1.7999999523162842,0
2024-03-21,EASTSILK,1.7999999523162842,1.7999999523162842,1.7999999523162842,1.7999999523162842,0
2024-03-22,EASTSILK,1.7999999523162842,1.7999999523162842,1.7999999523162842,1.7999999523162842,0
2024-03-26,EASTSILK,1.7999999523162842,1.7999999523162842,1.7999999523162842,1.7999999523162842,0
2024-03-27,EASTSILK,1.7999999523162842,1.7999999523162842,1.7999999523162842,1.7999999523162842,0
2024-03-28,EASTSILK,1.7999999523162842,1.7999999523162842,1.7999999523162842,1.7999999523162842,0
2024-03-01,ECLERX,1256.25,1284.5,1240.5,1249.449951171875,61912
2024-03-04,ECLERX,1245.550048828125,1254.574951171875,1237.5250244140625,1249.9000244140625,29942
2024-03-05,ECLERX,1248.0,1256.25,1236.75,1249.050048828125,107206
2024-03-06,ECLERX,1249.9000244140625,1249.9000244140625,1179.925048828125,1217.7750244140625,193188
2024-03-07,ECLERX,1217.5,1237.5,1200.0,1217.074951171875,77844
2024-03-11,ECLERX,1236.300048828125,1236.300048828125,1190.925048828125,1200.0250244140625,97990
2024-03-12,ECLERX,1205.9749755859375,1209.175048828125,1180.0,1202.074951171875,78846
2024-03-13,ECLERX,1182.125,1195.0,1136.0999755859375,1167.1500244140625,112374
2024-03-14,ECLERX,1167.1500244140625,1232.125,1167.1500244140625,1224.324951171875,72570
2024-03-15,ECLERX,1214.300048828125,1247.875,1191.5250244140625,1212.9749755859375,174846
2024-03-18,ECLERX,1216.0,1251.0,1210.0,1230.6500244140625,149298
2024-03-19,ECLERX,1250.9749755859375,1275.0,1146.175048828125,1166.8499755859375,434054
2024-03-20,ECLERX,1167.5,1197.6500244140625,1167.5,1177.824951171875,97122
2024-03-21,ECLERX,1180.050048828125,1219.375,1168.75,1179.0,117048
2024-03-22,ECLERX,1171.800048828125,1214.0,1162.800048828125,1205.2249755859375,79200
2024-03-26,ECLERX,1201.5,1214.0,1165.074951171875,1170.9000244140625,121104
2024-03-27,ECLERX,1171.0,1199.5,1171.0,1193.550048828125,52816
2024-03-28,ECLERX,1194.7249755859375,1207.3499755859375,1168.0,1183.6500244140625,118174
2024-03-01,EDELWEISS,76.25,76.8499984741211,75.55000305175781,75.9000015258789,1595338
2024-03-04,EDELWEISS,78.25,78.25,77.19999694824219,77.5999984741211,1587889
2024-03-05,EDELWEISS,78.0,80.0999984741211,77.25,78.30000305175781,4742692
2024-03-06,EDELWEISS,77.0,78.1500015258789,75.5999984741211,75.94999694824219,4484491
2024-03-07,EDELWEISS,76.0999984741211,78.0999984741211,76.0,76.94999694824219,2252890
2024-03-11,EDELWEISS,76.94999694824219,77.30000305175781,74.5,75.4000015258789,2719413
2024-03-12,EDELWEISS,76.0,76.05000305175781,74.1500015258789,74.94999694824219,3074450
2024-03-13,EDELWEISS,75.69999694824219,76.4000015258789,63.79999923706055,65.30000305175781,8155126
2024-03-14,EDELWEISS,65.30000305175781,70.30000305175781,65.19999694824219,68.94999694824219,3894490
2024-03-15,EDELWEISS,69.69999694824219,70.44999694824219,66.94999694824219,68.55000305175781,3062870
2024-03-18,EDELWEISS,68.0,69.25,66.6500015258789,67.5999984741211,2215287
2024-03-19,EDELWEISS,67.44999694824219,68.0,65.0999984741211,65.3499984741211,1878455
2024-03-20,EDELWEISS,66.0,66.0,63.84999847412109,64.55000305175781,1847016
2024-03-21,EDELWEISS,65.4000015258789,68.0,64.44999694824219,65.30000305175781,2721732
2024-03-22,EDELWEISS,65.1500015258789,65.69999694824219,64.30000305175781,64.55000305175781,1870596
2024-03-26,EDELWEISS,63.95000076293945,65.05000305175781,62.34999847412109,62.650001525878906,2564247
2024-03-27,EDELWEISS,62.95000076293945,67.80000305175781,62.59999847412109,65.05000305175781,9797137
2024-03-28,EDELWEISS,65.1500015258789,66.44999694824219,63.29999923706055,63.54999923706055,3819676
2024-03-01,EICHERMOT,3790.199951171875,3868.800048828125,3776.050048828125,3843.550048828125,665946
2024-03-04,EICHERMOT,3858.60009765625,3883.300048828125,3744.0,3751.449951171875,641251
2024-03-05,EICHERMOT,3751.449951171875,3801.949951171875,3742.550048828125,3791.89990234375,591293
2024-03-06,EICHERMOT,3800.0,3806.85009765625,3734.050048828125,3793.199951171875,315398
2024-03-07,EICHERMOT,3793.199951171875,3810.0,3759.050048828125,3785.25,734239
2024-03-11,EICHERMOT,3795.449951171875,3814.949951171875,3770.0,3783.89990234375,373335
2024-03-12,EICHERMOT,3804.39990234375,3855.800048828125,3771.0,3810.75,528035
2024-03-13,EICHERMOT,3811.550048828125,3852.39990234375,3715.0,3735.550048828125,428324
2024-03-14,EICHERMOT,3717.0,3803.75,3686.25,3772.64990234375,720948
2024-03-15,EICHERMOT,3772.64990234375,3779.949951171875,3707.050048828125,3745.64990234375,487749
2024-03-18,EICHERMOT,3745.0,3745.0,3681.699951171875,3699.699951171875,533167
2024-03-19,EICHERMOT,3699.699951171875,3730.0,3672.0,3716.85009765625,559402
2024-03-20,EICHERMOT,3821.0,3940.0,3821.0,3873.60009765625,3045475
2024-03-21,EICHERMOT,3881.35009765625,3949.0,3881.0,3918.949951171875,838929
2024-03-22,EICHERMOT,3945.0,4013.949951171875,3863.199951171875,3988.39990234375,1033237
2024-03-26,EICHERMOT,4001.449951171875,4042.5,3907.10009765625,3911.10009765625,772158
2024-03-27,EICHERMOT,3934.800048828125,3987.0,3905.800048828125,3913.800048828125,510950
2024-03-28,EICHERMOT,3915.300048828125,4075.0,3891.75,4019.300048828125,1307106
2024-03-01,EIDPARRY,634.0,634.0,621.9500122070312,623.4000244140625,136095
2024-03-04,EIDPARRY,627.9500122070312,632.4000244140625,612.25,617.1500244140625,414830
2024-03-05,EIDPARRY,618.0499877929688,622.0,613.0,618.4500122070312,131031
2024-03-06,EIDPARRY,618.0,618.0999755859375,597.4000244140625,602.3499755859375,397051
2024-03-07,EIDPARRY,604.9500122070312,617.9000244140625,604.9500122070312,608.1500244140625,143506
2024-03-11,EIDPARRY,612.0999755859375,617.6500244140625,599.0,602.1500244140625,201685
2024-03-12,EIDPARRY,602.3499755859375,605.7000122070312,573.0999755859375,576.5999755859375,327842
2024-03-13,EIDPARRY,579.5,581.9000244140625,547.7999877929688,554.0999755859375,561189
2024-03-14,EIDPARRY,554.9500122070312,566.9500122070312,550.8499755859375,561.3499755859375,257283
2024-03-15,EIDPARRY,565.7999877929688,579.9000244140625,561.0,565.4500122070312,271235
2024-03-18,EIDPARRY,565.5,571.0,560.2999877929688,564.7999877929688,124439
2024-03-19,EIDPARRY,570.0,570.0,554.5,556.9500122070312,126328
2024-03-20,EIDPARRY,559.9500122070312,564.5,539.2999877929688,542.1500244140625,166698
2024-03-21,EIDPARRY,547.4500122070312,560.0,547.4000244140625,555.7000122070312,164816
2024-03-22,EIDPARRY,553.0999755859375,572.2000122070312,553.0999755859375,564.5999755859375,185175
2024-03-26,EIDPARRY,567.9500122070312,571.0,547.0999755859375,550.8499755859375,190691
2024-03-27,EIDPARRY,546.4000244140625,556.9500122070312,540.0,545.5,310982
2024-03-28,EIDPARRY,546.0999755859375,555.9500122070312,543.0,545.7000122070312,184116
2024-03-01,EIFFL,135.25,139.0,134.39999389648438,137.0,34077
2024-03-04,EIFFL,132.1999969482422,139.0,132.1999969482422,134.5500030517578,14460
2024-03-05,EIFFL,134.5500030517578,135.0500030517578,132.89999389648438,133.9499969482422,7416
2024-03-06,EIFFL,134.1999969482422,142.4499969482422,128.0,136.64999389648438,27278
2024-03-07,EIFFL,136.4499969482422,137.8000030517578,133.3000030517578,135.0500030517578,12829
2024-03-11,EIFFL,135.10000610351562,135.10000610351562,131.0500030517578,132.8000030517578,26370
2024-03-12,EIFFL,131.64999389648438,137.4499969482422,131.0500030517578,131.64999389648438,24089
2024-03-13,EIFFL,131.75,133.9499969482422,127.9499969482422,128.64999389648438,30705
2024-03-14,EIFFL,128.0,132.4499969482422,127.3499984741211,130.9499969482422,17012
2024-03-15,EIFFL,130.14999389648438,134.64999389648438,126.0,126.6500015258789,25322
2024-03-18,EIFFL,124.0,130.0,124.0,127.8499984741211,25842
2024-03-19,EIFFL,128.0500030517578,132.9499969482422,126.6500015258789,131.89999389648438,39369
2024-03-20,EIFFL,131.89999389648438,131.89999389648438,129.0500030517578,131.25,27074
2024-03-21,EIFFL,129.0500030517578,131.6999969482422,128.10000610351562,129.85000610351562,35745
2024-03-22,EIFFL,128.64999389648438,135.0,127.0,130.5500030517578,62514
2024-03-26,EIFFL,134.6999969482422,134.9499969482422,129.89999389648438,132.6999969482422,19231
2024-03-27,EIFFL,135.0,135.0,128.5500030517578,130.5500030517578,74856
2024-03-28,EIFFL,129.1999969482422,132.75,128.0,131.89999389648438,50514
2024-03-01,EIHAHOTELS,365.125,367.4500122070313,357.20001220703125,361.4249877929688,14400
2024-03-04,EIHAHOTELS,367.4750061035156,388.5249938964844,367.4750061035156,382.0750122070313,86618
2024-03-05,EIHAHOTELS,381.4249877929688,381.4249877929688,369.3250122070313,372.2749938964844,34212
2024-03-06,EIHAHOTELS,380.9750061035156,405.3500061035156,355.6499938964844,363.4249877929688,630528
2024-03-07,EIHAHOTELS,362.0249938964844,376.8250122070313,362.0,371.1749877929688,76436
2024-03-11,EIHAHOTELS,372.5,372.7250061035156,356.0249938964844,359.7250061035156,76436
2024-03-12,EIHAHOTELS,359.7250061035156,368.9750061035156,334.0,339.75,83888
2024-03-13,EIHAHOTELS,340.8999938964844,362.5,312.875,319.95001220703125,90234
2024-03-14,EIHAHOTELS,319.95001220703125,340.42498779296875,318.4750061035156,330.0,64380
2024-03-15,EIHAHOTELS,331.45001220703125,338.32501220703125,316.7749938964844,328.29998779296875,58438
2024-03-18,EIHAHOTELS,329.9750061035156,335.92498779296875,324.5,332.2749938964844,23904
2024-03-19,EIHAHOTELS,332.2749938964844,345.45001220703125,324.04998779296875,339.7749938964844,34694
2024-03-20,EIHAHOTELS,339.7749938964844,341.79998779296875,326.25,331.70001220703125,55556
2024-03-21,EIHAHOTELS,334.3500061035156,347.5,334.3500061035156,339.67498779296875,43510
2024-03-22,EIHAHOTELS,340.5,357.0,340.5,354.6000061035156,30214
2024-03-26,EIHAHOTELS,359.95001220703125,377.5,344.0,371.4249877929688,150682
2024-03-27,EIHAHOTELS,371.4500122070313,383.9750061035156,367.5,372.5750122070313,74680
2024-03-28,EIHAHOTELS,376.2999877929688,397.4249877929688,375.0750122070313,378.2749938964844,140724
2024-03-01,EIHOTEL,406.7999877929688,413.2999877929688,402.8500061035156,406.1000061035156,550750
2024-03-04,EIHOTEL,409.8500061035156,428.3500061035156,407.0,413.6499938964844,1482101
2024-03-05,EIHOTEL,415.5,431.0,413.6499938964844,426.8999938964844,1476862
2024-03-06,EIHOTEL,430.0,432.0,415.8500061035156,428.0499877929688,1822143
2024-03-07,EIHOTEL,427.0,429.6499938964844,420.0499877929688,424.8500061035156,424098
2024-03-11,EIHOTEL,428.25,429.6499938964844,411.5,414.5,511825
2024-03-12,EIHOTEL,418.8999938964844,418.8999938964844,402.0,406.25,373764
2024-03-13,EIHOTEL,401.7000122070313,410.0,365.75,385.9500122070313,1145050
2024-03-14,EIHOTEL,380.1000061035156,426.8999938964844,377.3500061035156,420.0,875213
2024-03-15,EIHOTEL,426.0,429.0,400.0,417.0499877929688,514050
2024-03-18,EIHOTEL,417.0499877929688,419.0,402.3999938964844,405.0499877929688,285234
2024-03-19,EIHOTEL,404.7999877929688,408.5,396.0,398.5499877929688,172102
2024-03-20,EIHOTEL,398.0,421.0,396.5,416.25,588462
2024-03-21,EIHOTEL,416.5,422.8999938964844,415.1000061035156,419.1499938964844,240699
2024-03-22,EIHOTEL,420.0,425.0,415.9500122070313,421.75,361432
2024-03-26,EIHOTEL,428.0,448.4500122070313,425.0499877929688,442.5,1335045
2024-03-27,EIHOTEL,449.7999877929688,456.7000122070313,430.3500061035156,439.7999877929688,1078430
2024-03-28,EIHOTEL,441.0,473.8999938964844,441.0,449.5,1555171
2024-03-01,EIMCOELECO,1303.0,1341.25,1295.0,1315.0999755859375,15471
2024-03-04,EIMCOELECO,1378.0,1442.949951171875,1370.8499755859375,1396.6500244140625,54283
2024-03-05,EIMCOELECO,1396.0,1410.0,1374.0,1376.25,2753
2024-03-06,EIMCOELECO,1374.0,1374.0,1347.0,1366.25,4753
2024-03-07,EIMCOELECO,1365.550048828125,1434.550048828125,1365.0,1434.3499755859375,13164
2024-03-11,EIMCOELECO,1484.0,1506.050048828125,1413.050048828125,1451.050048828125,18779
2024-03-12,EIMCOELECO,1488.75,1510.0,1407.050048828125,1420.1500244140625,11515
2024-03-13,EIMCOELECO,1412.199951171875,1430.949951171875,1371.75,1396.6500244140625,14013
2024-03-14,EIMCOELECO,1335.0,1451.0,1335.0,1429.550048828125,4836
2024-03-15,EIMCOELECO,1430.0,1458.0,1385.0,1429.3499755859375,8406
2024-03-18,EIMCOELECO,1392.0,1494.0,1392.0,1482.25,6618
2024-03-19,EIMCOELECO,1505.1500244140625,1546.6500244140625,1470.0,1491.0999755859375,5779
2024-03-20,EIMCOELECO,1494.949951171875,1502.8499755859375,1450.0,1462.800048828125,4222
2024-03-21,EIMCOELECO,1517.699951171875,1524.9000244140625,1482.949951171875,1502.8499755859375,7560
2024-03-22,EIMCOELECO,1547.5,1547.5,1482.0999755859375,1507.699951171875,12877
2024-03-26,EIMCOELECO,1544.5,1544.5,1489.449951171875,1506.5,7731
2024-03-27,EIMCOELECO,1544.949951171875,1544.949951171875,1501.0,1522.449951171875,9494
2024-03-28,EIMCOELECO,1520.25,1580.0,1480.800048828125,1528.1500244140625,12765
2024-03-01,EKC,154.0,158.4499969482422,153.9499969482422,155.1999969482422,837927
2024-03-04,EKC,156.89999389648438,158.5,153.75,154.6999969482422,451467
2024-03-05,EKC,154.6999969482422,155.39999389648438,150.10000610351562,150.85000610351562,693970
2024-03-06,EKC,150.0,150.60000610351562,142.3000030517578,143.6999969482422,1040219
2024-03-07,EKC,144.4499969482422,147.5,142.0,142.9499969482422,385111
2024-03-11,EKC,143.9499969482422,144.89999389648438,136.0,137.3000030517578,597475
2024-03-12,EKC,138.6999969482422,138.6999969482422,128.8000030517578,130.14999389648438,800631
2024-03-13,EKC,130.14999389648438,132.8000030517578,114.0,117.0999984741211,1674030
2024-03-14,EKC,116.4499969482422,129.9499969482422,115.4000015258789,128.60000610351562,1504392
2024-03-15,EKC,126.6999969482422,131.39999389648438,124.0,128.9499969482422,574584
2024-03-18,EKC,130.0,132.64999389648438,125.8000030517578,130.39999389648438,589900
2024-03-19,EKC,130.25,134.85000610351562,125.5,127.0,564760
2024-03-20,EKC,128.5,130.85000610351562,125.1500015258789,128.75,380652
2024-03-21,EKC,129.5,133.64999389648438,129.5,130.10000610351562,275227
2024-03-22,EKC,130.75,134.35000610351562,129.39999389648438,132.64999389648438,602695
2024-03-26,EKC,131.9499969482422,133.14999389648438,127.6500015258789,129.85000610351562,616871
2024-03-27,EKC,130.0,136.4499969482422,130.0,131.5,950446
2024-03-28,EKC,133.5500030517578,135.64999389648438,130.5500030517578,131.35000610351562,389031
2024-03-01,ELDEHSG,817.3499755859375,827.8499755859375,803.0999755859375,817.2999877929688,1072
2024-03-04,ELDEHSG,814.0499877929688,835.0,790.0,819.25,2164
2024-03-05,ELDEHSG,831.9000244140625,831.9000244140625,800.0499877929688,809.1500244140625,1778
2024-03-06,ELDEHSG,802.3499755859375,818.0,777.0499877929688,797.8499755859375,4815
2024-03-07,ELDEHSG,797.75,808.0,788.0,800.25,964
2024-03-11,ELDEHSG,805.75,805.75,773.2000122070312,779.0,2527
2024-03-12,ELDEHSG,780.0,808.25,752.5499877929688,764.6500244140625,2431
2024-03-13,ELDEHSG,779.1500244140625,785.9000244140625,730.0,744.0499877929688,4192
2024-03-14,ELDEHSG,739.0499877929688,760.3499755859375,735.0,751.0,1251
2024-03-15,ELDEHSG,749.7000122070312,749.9500122070312,725.0,727.1500244140625,3411
2024-03-18,ELDEHSG,735.6500244140625,772.0,725.0,742.25,1327
2024-03-19,ELDEHSG,746.5999755859375,749.9500122070312,723.0,735.0999755859375,1943
2024-03-20,ELDEHSG,745.5,764.9500122070312,730.9500122070312,758.7999877929688,1719
2024-03-21,ELDEHSG,761.5499877929688,792.0,740.0,765.5499877929688,1275
2024-03-22,ELDEHSG,754.1500244140625,782.25,745.0,770.0499877929688,1561
2024-03-26,ELDEHSG,770.0499877929688,800.0,746.3499755859375,792.6500244140625,2205
2024-03-27,ELDEHSG,780.4000244140625,816.0,762.0999755859375,801.0999755859375,3103
2024-03-28,ELDEHSG,818.1500244140625,818.1500244140625,775.0499877929688,803.2999877929688,2224
2024-03-01,ELECON,499.4500122070313,504.8999938964844,493.0249938964844,494.9500122070313,225424
2024-03-04,ELECON,499.7250061035156,500.7749938964844,487.7000122070313,495.5249938964844,222376
2024-03-05,ELECON,499.0,499.5,488.0,490.8500061035156,267442
2024-03-06,ELECON,490.5499877929688,491.125,466.5,471.2999877929688,479178
2024-03-07,ELECON,472.875,482.9500122070313,465.2250061035156,481.1749877929688,355400
2024-03-11,ELECON,481.1749877929688,481.5,460.5,471.4249877929688,574230
2024-03-12,ELECON,465.0249938964844,476.0,429.5,435.125,842848
2024-03-13,ELECON,439.9750061035156,442.3500061035156,397.5499877929688,404.8999938964844,1131824
2024-03-14,ELECON,411.5,430.0,395.1499938964844,422.0,717054
2024-03-15,ELECON,427.6499938964844,446.6749877929688,420.5,436.4750061035156,3864478
2024-03-18,ELECON,435.0,439.25,421.25,424.2250061035156,442180
2024-03-19,ELECON,428.25,428.25,416.0249938964844,419.5499877929688,226890
2024-03-20,ELECON,423.0,430.0,412.5,420.4249877929688,275906
2024-03-21,ELECON,427.5,452.7000122070313,427.1499938964844,444.8999938964844,469570
2024-03-22,ELECON,444.5249938964844,462.3500061035156,440.5750122070313,460.125,547266
2024-03-26,ELECON,460.125,474.3500061035156,452.7000122070313,471.625,492480
2024-03-27,ELECON,474.9500122070313,485.5,464.0499877929688,480.0750122070313,621252
2024-03-28,ELECON,485.0,487.2000122070313,466.9500122070313,474.375,246362
2024-03-01,ELECTCAST,162.10000610351562,169.39999389648438,162.10000610351562,165.3000030517578,2115263
2024-03-04,ELECTCAST,165.0,165.3000030517578,159.0500030517578,164.14999389648438,2128880
2024-03-05,ELECTCAST,163.85000610351562,168.1999969482422,161.0500030517578,163.25,1491478
2024-03-06,ELECTCAST,165.0,167.0,153.9499969482422,163.3000030517578,3339002
2024-03-07,ELECTCAST,163.9499969482422,168.0,162.5,165.35000610351562,1326390
2024-03-11,ELECTCAST,165.89999389648438,166.8000030517578,158.35000610351562,160.60000610351562,1713865
2024-03-12,ELECTCAST,160.60000610351562,162.0500030517578,146.1999969482422,155.1999969482422,3541015
2024-03-13,ELECTCAST,156.0,157.0,141.89999389648438,143.3000030517578,4317266
2024-03-14,ELECTCAST,138.60000610351562,153.5,136.4499969482422,146.14999389648438,4123507
2024-03-15,ELECTCAST,145.0,158.85000610351562,144.9499969482422,155.60000610351562,15083803
2024-03-18,ELECTCAST,158.14999389648438,163.3000030517578,151.9499969482422,153.6999969482422,2648596
2024-03-19,ELECTCAST,154.4499969482422,156.4499969482422,147.85000610351562,148.5500030517578,1382162
2024-03-20,ELECTCAST,150.60000610351562,152.25,145.0500030517578,147.89999389648438,1701061
2024-03-21,ELECTCAST,149.89999389648438,157.5,149.85000610351562,156.0500030517578,2187696
2024-03-22,ELECTCAST,157.60000610351562,166.60000610351562,156.75,163.75,3135126
2024-03-26,ELECTCAST,164.5,179.1999969482422,164.0,172.6999969482422,5640205
2024-03-27,ELECTCAST,177.75,180.8999938964844,174.0,177.89999389648438,2079068
2024-03-28,ELECTCAST,179.10000610351562,182.6000061035156,175.75,178.1999969482422,1698998
2024-03-01,ELECTHERM,528.2000122070312,528.2000122070312,528.2000122070312,528.2000122070312,4990
2024-03-04,ELECTHERM,549.5,549.5,549.5,549.5,3219
2024-03-05,ELECTHERM,560.4500122070312,560.4500122070312,560.4500122070312,560.4500122070312,2616
2024-03-06,ELECTHERM,571.6500244140625,571.6500244140625,571.6500244140625,571.6500244140625,71503
2024-03-07,ELECTHERM,583.0499877929688,583.0499877929688,583.0499877929688,583.0499877929688,34238
2024-03-11,ELECTHERM,594.7000122070312,594.7000122070312,571.4000244140625,594.7000122070312,61262
2024-03-12,ELECTHERM,582.7999877929688,593.0,582.7999877929688,582.7999877929688,9620
2024-03-13,ELECTHERM,571.1500244140625,571.1500244140625,571.1500244140625,571.1500244140625,2978
2024-03-14,ELECTHERM,559.75,559.75,559.75,559.75,11683
2024-03-15,ELECTHERM,548.5499877929688,548.5499877929688,548.5499877929688,548.5499877929688,229
2024-03-18,ELECTHERM,537.5999755859375,537.5999755859375,537.5999755859375,537.5999755859375,4625
2024-03-19,ELECTHERM,526.8499755859375,526.8499755859375,526.8499755859375,526.8499755859375,800
2024-03-20,ELECTHERM,516.3499755859375,516.3499755859375,516.3499755859375,516.3499755859375,910
2024-03-21,ELECTHERM,526.6500244140625,526.6500244140625,506.0499877929688,526.6500244140625,24116
2024-03-22,ELECTHERM,531.9000244140625,537.1500244140625,531.9000244140625,531.9000244140625,24925
2024-03-26,ELECTHERM,521.2999877929688,539.0,521.2999877929688,521.2999877929688,12864
2024-03-27,ELECTHERM,531.0,531.7000122070312,531.0,531.0,4313
2024-03-28,ELECTHERM,539.0,540.9500122070312,520.4000244140625,539.0,15029
2024-03-01,ELGIEQUIP,653.4500122070312,696.4500122070312,653.2999877929688,680.5999755859375,1890817
2024-03-04,ELGIEQUIP,689.8499755859375,691.9500122070312,676.75,681.3499755859375,210715
2024-03-05,ELGIEQUIP,672.0,713.9000244140625,672.0,703.0499877929688,880535
2024-03-06,ELGIEQUIP,703.6500244140625,714.2000122070312,679.0,697.5499877929688,286477
2024-03-07,ELGIEQUIP,697.5,707.4500122070312,693.3499755859375,699.7000122070312,160652
2024-03-11,ELGIEQUIP,702.5,713.4500122070312,671.5499877929688,684.4500122070312,215247
2024-03-12,ELGIEQUIP,684.5,687.0,625.5499877929688,631.8499755859375,614251
2024-03-13,ELGIEQUIP,628.0999755859375,630.0,602.9500122070312,624.7999877929688,388766
2024-03-14,ELGIEQUIP,621.2999877929688,642.2999877929688,609.0,630.7000122070312,239080
2024-03-15,ELGIEQUIP,632.8499755859375,652.25,618.7999877929688,634.0,424929
2024-03-18,ELGIEQUIP,630.0,636.9500122070312,622.5499877929688,628.0499877929688,77261
2024-03-19,ELGIEQUIP,627.0,633.5499877929688,626.5499877929688,629.4000244140625,95589
2024-03-20,ELGIEQUIP,629.8499755859375,630.0,594.0,597.4000244140625,277548
2024-03-21,ELGIEQUIP,599.9500122070312,617.4000244140625,594.2000122070312,596.9000244140625,199169
2024-03-22,ELGIEQUIP,594.5,601.2000122070312,584.0,589.5499877929688,349159
2024-03-26,ELGIEQUIP,593.0,593.0,578.0499877929688,580.4500122070312,244293
2024-03-27,ELGIEQUIP,581.5,589.5,576.5499877929688,579.4000244140625,243548
2024-03-28,ELGIEQUIP,583.75,605.0,578.1500244140625,601.7000122070312,514956
2024-03-01,ELGIRUBCO,61.45000076293945,65.0,61.45000076293945,62.75,299355
2024-03-04,ELGIRUBCO,62.5,63.04999923706055,60.84999847412109,61.150001525878906,39185
2024-03-05,ELGIRUBCO,61.150001525878906,62.54999923706055,58.34999847412109,58.95000076293945,64317
2024-03-06,ELGIRUBCO,59.34999847412109,59.400001525878906,55.0,56.70000076293945,86035
2024-03-07,ELGIRUBCO,56.70000076293945,58.54999923706055,56.0,57.0,35520
2024-03-11,ELGIRUBCO,57.5,59.0,52.04999923706055,53.04999923706055,113816
2024-03-12,ELGIRUBCO,52.400001525878906,54.45000076293945,45.79999923706055,49.09999847412109,205057
2024-03-13,ELGIRUBCO,50.400001525878906,55.0,44.70000076293945,45.70000076293945,470441
2024-03-14,ELGIRUBCO,45.04999923706055,52.0,45.04999923706055,49.54999923706055,197044
2024-03-15,ELGIRUBCO,50.900001525878906,51.5,48.150001525878906,49.54999923706055,70763
2024-03-18,ELGIRUBCO,51.650001525878906,54.900001525878906,48.95000076293945,52.650001525878906,210171
2024-03-19,ELGIRUBCO,52.650001525878906,53.5,49.95000076293945,50.900001525878906,48100
2024-03-20,ELGIRUBCO,51.25,53.79999923706055,47.900001525878906,48.59999847412109,77535
2024-03-21,ELGIRUBCO,49.34999847412109,52.0,49.29999923706055,51.34999847412109,41389
2024-03-22,ELGIRUBCO,51.54999923706055,52.5,49.400001525878906,50.54999923706055,44290
2024-03-26,ELGIRUBCO,51.20000076293945,51.20000076293945,48.04999923706055,48.900001525878906,100073
2024-03-27,ELGIRUBCO,48.900001525878906,50.5,48.09999847412109,48.54999923706055,77795
2024-03-28,ELGIRUBCO,48.20000076293945,50.29999923706055,48.20000076293945,48.59999847412109,60977
2024-03-01,ELIN,154.60000610351562,158.9499969482422,154.5500030517578,155.25,119293
2024-03-04,ELIN,154.10000610351562,156.10000610351562,151.0,152.4499969482422,135331
2024-03-05,ELIN,156.5500030517578,156.5500030517578,150.14999389648438,151.39999389648438,110411
2024-03-06,ELIN,151.0,153.0,148.25,150.5,182307
2024-03-07,ELIN,150.5,153.35000610351562,150.0500030517578,150.64999389648438,60226
2024-03-11,ELIN,150.5,151.39999389648438,146.1999969482422,146.6999969482422,108793
2024-03-12,ELIN,147.39999389648438,148.75,141.60000610351562,146.5,248092
2024-03-13,ELIN,143.64999389648438,147.0,129.3000030517578,132.0,344524
2024-03-14,ELIN,131.0,139.4499969482422,131.0,136.39999389648438,332637
2024-03-15,ELIN,135.0500030517578,142.89999389648438,135.0500030517578,138.4499969482422,237362
2024-03-18,ELIN,138.0500030517578,142.75,138.0500030517578,140.1999969482422,191818
2024-03-19,ELIN,140.8000030517578,142.9499969482422,139.14999389648438,140.1999969482422,150847
2024-03-20,ELIN,140.39999389648438,142.1999969482422,139.25,140.0500030517578,174916
2024-03-21,ELIN,142.14999389648438,143.8000030517578,139.5,140.1999969482422,206737
2024-03-22,ELIN,140.0,142.6999969482422,138.0,139.14999389648438,195609
2024-03-26,ELIN,140.0,146.39999389648438,140.0,141.75,287999
2024-03-27,ELIN,140.5,141.8000030517578,135.64999389648438,136.5500030517578,277852
2024-03-28,ELIN,137.1999969482422,139.25,131.0500030517578,133.25,289491
2024-03-01,EMAMILTD,466.0,466.8500061035156,452.2000122070313,455.0,561229
2024-03-04,EMAMILTD,460.0,460.8999938964844,452.3500061035156,457.8999938964844,328773
2024-03-05,EMAMILTD,457.8999938964844,463.0499877929688,454.0499877929688,458.9500122070313,902936
2024-03-06,EMAMILTD,459.3999938964844,459.7999877929688,445.75,447.1499938964844,755995
2024-03-07,EMAMILTD,447.1499938964844,452.0499877929688,441.0,450.2000122070313,672010
2024-03-11,EMAMILTD,450.2000122070313,457.3999938964844,443.3999938964844,444.8999938964844,415629
2024-03-12,EMAMILTD,445.2000122070313,446.8999938964844,432.0,443.7999877929688,443203
2024-03-13,EMAMILTD,443.8500061035156,450.1499938964844,433.6499938964844,437.2999877929688,1599397
2024-03-14,EMAMILTD,436.0,443.2000122070313,433.0,434.9500122070313,349212
2024-03-15,EMAMILTD,436.4500122070313,436.9500122070313,417.1000061035156,423.0499877929688,904432
2024-03-18,EMAMILTD,423.25,430.5499877929688,418.2999877929688,427.2000122070313,596980
2024-03-19,EMAMILTD,430.0499877929688,430.0499877929688,420.7000122070313,428.1499938964844,457960
2024-03-20,EMAMILTD,428.0,429.2000122070313,421.1000061035156,423.9500122070313,548534
2024-03-21,EMAMILTD,424.9500122070313,431.0,423.0499877929688,428.1000061035156,1159886
2024-03-22,EMAMILTD,430.0,438.3500061035156,419.6000061035156,424.25,1129009
2024-03-26,EMAMILTD,424.0,437.7999877929688,418.8500061035156,435.25,759976
2024-03-27,EMAMILTD,439.0,440.8500061035156,432.0,437.75,687739
2024-03-28,EMAMILTD,437.75,438.6000061035156,426.3500061035156,429.3500061035156,699523
2024-03-01,EMAMIREAL,100.6999969482422,103.0,99.5,102.1500015258789,25824
2024-03-04,EMAMIREAL,107.25,112.1500015258789,105.0,111.75,125723
2024-03-05,EMAMIREAL,114.6500015258789,114.6500015258789,107.0,109.0999984741211,37876
2024-03-06,EMAMIREAL,108.9499969482422,108.9499969482422,103.6500015258789,103.6500015258789,33253
2024-03-07,EMAMIREAL,103.9000015258789,103.9000015258789,100.0,100.6999969482422,42759
2024-03-11,EMAMIREAL,100.75,102.9000015258789,95.6999969482422,95.6999969482422,55760
2024-03-12,EMAMIREAL,91.6500015258789,94.9000015258789,90.9499969482422,91.3000030517578,29321
2024-03-13,EMAMIREAL,91.3499984741211,91.3499984741211,86.75,86.75,23642
2024-03-14,EMAMIREAL,85.5999984741211,89.3499984741211,82.55000305175781,87.1500015258789,45823
2024-03-15,EMAMIREAL,87.0,88.80000305175781,83.5999984741211,86.0999984741211,23951
2024-03-18,EMAMIREAL,86.0999984741211,88.75,84.5,86.0,17240
2024-03-19,EMAMIREAL,86.0,87.5999984741211,81.69999694824219,82.80000305175781,30726
2024-03-20,EMAMIREAL,83.4000015258789,84.75,79.3499984741211,80.1500015258789,42192
2024-03-21,EMAMIREAL,81.0,84.1500015258789,81.0,84.1500015258789,13435
2024-03-22,EMAMIREAL,87.4000015258789,88.3499984741211,85.0999984741211,88.3499984741211,28065
2024-03-26,EMAMIREAL,86.5999984741211,97.1500015258789,86.5999984741211,97.1500015258789,27228
2024-03-27,EMAMIREAL,103.0,106.8499984741211,102.0500030517578,106.8499984741211,450218
2024-03-28,EMAMIREAL,111.0,114.0,103.1999969482422,105.0500030517578,207458
2024-03-01,EMBDL,119.6999969482422,121.5500030517578,117.1999969482422,120.1999969482422,13844844
2024-03-04,EMBDL,122.0,124.5999984741211,120.9000015258789,122.25,15644657
2024-03-05,EMBDL,122.25,122.75,117.0999984741211,117.8000030517578,15187536
2024-03-06,EMBDL,107.9499969482422,114.5,102.6999969482422,106.5,40911516
2024-03-07,EMBDL,107.25,115.9000015258789,105.3499984741211,114.3000030517578,24241883
2024-03-11,EMBDL,114.4499969482422,116.75,108.5999984741211,110.1500015258789,12586636
2024-03-12,EMBDL,110.1500015258789,114.0,105.4000015258789,109.8000030517578,20304965
2024-03-13,EMBDL,109.5500030517578,112.5,96.0999984741211,99.1999969482422,27816301
2024-03-14,EMBDL,99.8000030517578,107.8499984741211,98.0500030517578,106.1500015258789,21746600
2024-03-15,EMBDL,106.0500030517578,117.8000030517578,105.25,116.8000030517578,39274993
2024-03-18,EMBDL,117.6999969482422,121.8000030517578,116.5,120.5500030517578,21907335
2024-03-19,EMBDL,120.8000030517578,121.6999969482422,107.25,108.3000030517578,43234587
2024-03-20,EMBDL,110.0,112.4000015258789,107.5,110.25,19199000
2024-03-21,EMBDL,112.0,112.8000030517578,109.4000015258789,110.25,13057443
2024-03-22,EMBDL,110.1500015258789,118.75,109.8000030517578,112.9499969482422,25527283
2024-03-26,EMBDL,112.9000015258789,117.1999969482422,110.5,114.0999984741211,17873306
2024-03-27,EMBDL,114.4000015258789,116.9000015258789,113.5,114.75,16196878
2024-03-28,EMBDL,115.3499984741211,119.0999984741211,115.1999969482422,115.9499969482422,16603082
2024-03-01,EMIL,207.5,227.3999938964844,202.0,217.75,568153
2024-03-04,EMIL,226.4499969482422,226.9499969482422,211.0,212.0,274411
2024-03-05,EMIL,212.3500061035156,216.8999938964844,203.6000061035156,205.3500061035156,406799
2024-03-06,EMIL,207.0500030517578,210.3999938964844,198.8999938964844,202.75,431553
2024-03-07,EMIL,202.6999969482422,205.6499938964844,201.1999969482422,202.3500061035156,110136
2024-03-11,EMIL,201.6000061035156,203.75,193.6999969482422,195.3000030517578,234043
2024-03-12,EMIL,195.8000030517578,205.4499969482422,180.8000030517578,190.6499938964844,1384280
2024-03-13,EMIL,189.3999938964844,192.25,175.0,179.85000610351562,665290
2024-03-14,EMIL,173.0,189.8000030517578,168.6999969482422,188.1000061035156,434647
2024-03-15,EMIL,187.9499969482422,187.9499969482422,178.6999969482422,180.8999938964844,247340
2024-03-18,EMIL,180.1999969482422,188.1000061035156,180.1999969482422,185.9499969482422,211598
2024-03-19,EMIL,187.8999938964844,198.3000030517578,186.0,193.0500030517578,430616
2024-03-20,EMIL,192.0,196.25,189.0,193.3000030517578,241336
2024-03-21,EMIL,194.25,199.9499969482422,193.0,193.5,246365
2024-03-22,EMIL,197.4499969482422,197.4499969482422,193.0,193.6999969482422,106170
2024-03-26,EMIL,197.0,198.4499969482422,188.0,191.9499969482422,239035
2024-03-27,EMIL,192.8500061035156,201.8999938964844,192.5,195.6999969482422,246585
2024-03-28,EMIL,194.5,198.8000030517578,190.5,191.5500030517578,206939
2024-03-01,EMKAY,122.4000015258789,122.4000015258789,119.9000015258789,122.4000015258789,16004
2024-03-04,EMKAY,127.25,127.25,127.25,127.25,4609
2024-03-05,EMKAY,129.75,129.75,128.0,129.75,43706
2024-03-06,EMKAY,127.3000030517578,127.3000030517578,127.1500015258789,127.3000030517578,14019
2024-03-07,EMKAY,129.8000030517578,129.8000030517578,127.0999984741211,129.8000030517578,3185
2024-03-11,EMKAY,136.25,136.25,123.3499984741211,123.3499984741211,47206
2024-03-12,EMKAY,117.1999969482422,120.4499969482422,117.1999969482422,118.1999969482422,23950
2024-03-13,EMKAY,117.1999969482422,117.1999969482422,112.3000030517578,112.3000030517578,11756
2024-03-14,EMKAY,112.3000030517578,114.9499969482422,106.6999969482422,112.6999969482422,25421
2024-03-15,EMKAY,108.0500030517578,113.25,108.0,110.0500030517578,21782
2024-03-18,EMKAY,108.0,113.75,104.5500030517578,105.75,144669
2024-03-19,EMKAY,105.75,106.5,101.0,102.4499969482422,59557
2024-03-20,EMKAY,102.8499984741211,103.5500030517578,97.3499984741211,97.8000030517578,70685
2024-03-21,EMKAY,99.8000030517578,102.6500015258789,98.75,102.5,79949
2024-03-22,EMKAY,99.0,107.4000015258789,99.0,107.3499984741211,114018
2024-03-26,EMKAY,111.3499984741211,111.3499984741211,106.5999984741211,107.6999969482422,61929
2024-03-27,EMKAY,108.0,113.0500030517578,108.0,113.0500030517578,27540
2024-03-28,EMKAY,110.5,116.8000030517578,110.5,115.5,29686
2024-03-01,EMMBI,105.6500015258789,108.5500030517578,105.1500015258789,106.4499969482422,28708
2024-03-04,EMMBI,109.0,109.0,103.6999969482422,104.4000015258789,42049
2024-03-05,EMMBI,106.0,107.0,102.8499984741211,103.5,34279
2024-03-06,EMMBI,103.4000015258789,103.4000015258789,99.0999984741211,100.4000015258789,59076
2024-03-07,EMMBI,102.5,106.5999984741211,101.0,103.8000030517578,97512
2024-03-11,EMMBI,105.8000030517578,108.8000030517578,97.75,100.1999969482422,74754
2024-03-12,EMMBI,101.1999969482422,101.6999969482422,95.5999984741211,96.6500015258789,42879
2024-03-13,EMMBI,96.6999969482422,97.3499984741211,87.9000015258789,89.19999694824219,102586
2024-03-14,EMMBI,88.25,94.1500015258789,87.55000305175781,91.1999969482422,113749
2024-03-15,EMMBI,92.4000015258789,95.5,91.0,94.1999969482422,33399
2024-03-18,EMMBI,96.8499984741211,96.8499984741211,91.0999984741211,91.8000030517578,38915
2024-03-19,EMMBI,92.75,98.75,91.1500015258789,96.6999969482422,75629
2024-03-20,EMMBI,97.0999984741211,98.0,91.75,92.1500015258789,43273
2024-03-21,EMMBI,94.0,98.0,93.1999969482422,96.25,29988
2024-03-22,EMMBI,96.25,96.9000015258789,94.75,95.8499984741211,30283
2024-03-26,EMMBI,96.1500015258789,97.1500015258789,91.3000030517578,92.3000030517578,52370
2024-03-27,EMMBI,92.9000015258789,94.5999984741211,89.0,89.69999694824219,62395
2024-03-28,EMMBI,89.75,92.4000015258789,88.25,89.4000015258789,115598
2024-03-01,EMSLIMITED,503.9500122070313,512.7999877929688,496.0,497.3500061035156,174896
2024-03-04,EMSLIMITED,494.9500122070313,499.9500122070313,468.25,468.25,152536
2024-03-05,EMSLIMITED,452.5,477.0,444.8500061035156,444.8500061035156,474303
2024-03-06,EMSLIMITED,436.0,440.0,422.6000061035156,423.2000122070313,701115
2024-03-07,EMSLIMITED,425.8999938964844,444.0,424.9500122070313,430.5,243284
2024-03-11,EMSLIMITED,434.8999938964844,434.8999938964844,409.0,409.0,285876
2024-03-12,EMSLIMITED,403.1000061035156,405.0,388.5499877929688,388.5499877929688,345335
2024-03-13,EMSLIMITED,379.0499877929688,394.75,369.1499938964844,369.1499938964844,614439
2024-03-14,EMSLIMITED,366.0,387.6000061035156,356.1499938964844,387.6000061035156,177486
2024-03-15,EMSLIMITED,398.0,406.0,377.5,397.8999938964844,390741
2024-03-18,EMSLIMITED,400.1000061035156,412.3500061035156,379.0499877929688,384.8500061035156,258804
2024-03-19,EMSLIMITED,385.9500122070313,393.7000122070313,376.2000122070313,378.2999877929688,146274
2024-03-20,EMSLIMITED,379.0,389.0,372.0,375.3500061035156,179787
2024-03-21,EMSLIMITED,375.25,394.1000061035156,375.25,394.1000061035156,210137
2024-03-22,EMSLIMITED,395.8500061035156,405.6000061035156,390.0,395.8999938964844,291130
2024-03-26,EMSLIMITED,394.5,401.9500122070313,378.25,383.5499877929688,501778
2024-03-27,EMSLIMITED,382.0,402.7000122070313,381.8999938964844,402.7000122070313,254682
2024-03-28,EMSLIMITED,403.9500122070313,412.0,396.7999877929688,402.3999938964844,339693
2024-03-01,EMUDHRA,591.9000244140625,596.7999877929688,583.0499877929688,589.25,200539
2024-03-04,EMUDHRA,586.4000244140625,598.75,572.0,594.0999755859375,235965
2024-03-05,EMUDHRA,587.0499877929688,615.5999755859375,573.1500244140625,598.5,409468
2024-03-06,EMUDHRA,594.5999755859375,615.0,562.5999755859375,596.4000244140625,645946
2024-03-07,EMUDHRA,596.9500122070312,609.7000122070312,580.25,585.25,300665
2024-03-11,EMUDHRA,582.6500244140625,608.9000244140625,573.5,603.6500244140625,309592
2024-03-12,EMUDHRA,609.0,625.0,566.7000122070312,610.4500122070312,881323
2024-03-13,EMUDHRA,620.0,624.9500122070312,544.5999755859375,590.0999755859375,953258
2024-03-14,EMUDHRA,581.2999877929688,612.9500122070312,567.9000244140625,593.5999755859375,510453
2024-03-15,EMUDHRA,590.0,604.9500122070312,575.5499877929688,586.0,239223
2024-03-18,EMUDHRA,583.9000244140625,608.9500122070312,580.3499755859375,601.0999755859375,367176
2024-03-19,EMUDHRA,600.5999755859375,608.0,583.0999755859375,602.8499755859375,401980
2024-03-20,EMUDHRA,597.8499755859375,625.0,591.0,616.75,339811
2024-03-21,EMUDHRA,630.0,730.0,629.2000122070312,694.5999755859375,5066937
2024-03-22,EMUDHRA,693.6500244140625,833.5,679.0,816.0999755859375,8720801
2024-03-26,EMUDHRA,792.0,812.9500122070312,730.0999755859375,740.1500244140625,1567345
2024-03-27,EMUDHRA,748.5,772.7999877929688,716.0,734.2999877929688,844586
2024-03-28,EMUDHRA,742.5999755859375,771.5,735.2000122070312,756.9000244140625,542507
2024-03-01,ENDURANCE,1863.0,1863.0,1820.0,1828.25,29876
2024-03-04,ENDURANCE,1863.0999755859373,1863.0999755859373,1807.0,1835.5,143308
2024-03-05,ENDURANCE,1834.949951171875,1849.0999755859373,1785.699951171875,1794.9000244140625,110684
2024-03-06,ENDURANCE,1794.0,1821.9000244140625,1772.9000244140625,1786.9000244140625,122396
2024-03-07,ENDURANCE,1781.0,1828.699951171875,1781.0,1820.949951171875,167470
2024-03-11,ENDURANCE,1830.5,1846.949951171875,1790.0,1802.949951171875,72631
2024-03-12,ENDURANCE,1802.949951171875,1837.0,1787.0999755859375,1829.5,110768
2024-03-13,ENDURANCE,1832.050048828125,1838.949951171875,1716.199951171875,1726.300048828125,57276
2024-03-14,ENDURANCE,1731.199951171875,1780.5999755859375,1720.800048828125,1750.199951171875,63229
2024-03-15,ENDURANCE,1780.300048828125,1845.9000244140625,1773.050048828125,1807.199951171875,254764
2024-03-18,ENDURANCE,1829.949951171875,1845.9000244140625,1767.0,1799.5,94787
2024-03-19,ENDURANCE,1808.449951171875,1808.5,1775.0,1781.4000244140625,19489
2024-03-20,ENDURANCE,1782.0,1795.9000244140625,1735.0,1753.0999755859375,33547
2024-03-21,ENDURANCE,1762.300048828125,1795.449951171875,1755.0999755859375,1779.9000244140625,14819
2024-03-22,ENDURANCE,1775.0,1823.9000244140625,1775.0,1786.4000244140625,58166
2024-03-26,ENDURANCE,1795.300048828125,1818.25,1755.0,1762.8499755859375,46074
2024-03-27,ENDURANCE,1765.0,1829.6500244140625,1762.8499755859375,1815.050048828125,165952
2024-03-28,ENDURANCE,1825.0,1865.0,1778.4000244140625,1827.0,165547
2024-03-01,ENERGYDEV,20.799999237060547,21.25,20.799999237060547,20.799999237060547,43705
2024-03-04,ENERGYDEV,20.700000762939453,20.700000762939453,20.700000762939453,20.700000762939453,14262
2024-03-05,ENERGYDEV,20.39999961853028,20.700000762939453,20.299999237060547,20.39999961853028,45344
2024-03-06,ENERGYDEV,20.0,20.39999961853028,20.0,20.0,38644
2024-03-07,ENERGYDEV,20.39999961853028,20.39999961853028,20.39999961853028,20.39999961853028,22229
2024-03-11,ENERGYDEV,21.39999961853028,21.39999961853028,21.39999961853028,21.39999961853028,66210
2024-03-12,ENERGYDEV,22.450000762939453,22.450000762939453,22.450000762939453,22.450000762939453,36007
2024-03-13,ENERGYDEV,23.549999237060547,23.549999237060547,21.350000381469727,21.350000381469727,177349
2024-03-14,ENERGYDEV,20.299999237060547,22.25,20.299999237060547,20.450000762939453,92132
2024-03-15,ENERGYDEV,21.450000762939453,21.450000762939453,19.450000762939453,20.100000381469727,79677
2024-03-18,ENERGYDEV,19.14999961853028,20.950000762939453,19.100000381469727,19.39999961853028,90864
2024-03-19,ENERGYDEV,19.299999237060547,20.200000762939453,18.89999961853028,19.75,47151
2024-03-20,ENERGYDEV,19.75,20.5,19.0,19.450000762939453,33122
2024-03-21,ENERGYDEV,20.39999961853028,20.39999961853028,19.5,19.64999961853028,43402
2024-03-22,ENERGYDEV,19.850000381469727,20.600000381469727,19.5,20.299999237060547,62442
2024-03-26,ENERGYDEV,20.350000381469727,22.299999237060547,20.350000381469727,22.299999237060547,263497
2024-03-27,ENERGYDEV,22.299999237060547,22.299999237060547,21.100000381469727,21.25,234904
2024-03-28,ENERGYDEV,21.950000762939453,22.799999237060547,21.25,22.0,211104
2024-03-01,ENGINERSIN,212.5,217.5500030517578,210.5500030517578,215.6999969482422,4822213
2024-03-04,ENGINERSIN,217.0,226.5,213.0,222.3000030517578,8984687
2024-03-05,ENGINERSIN,223.1000061035156,237.8999938964844,221.3000030517578,233.1499938964844,25870660
2024-03-06,ENGINERSIN,233.3999938964844,233.3999938964844,219.4499969482422,224.3500061035156,8517498
2024-03-07,ENGINERSIN,226.0,228.3500061035156,223.1999969482422,225.75,3329381
2024-03-11,ENGINERSIN,226.8500061035156,226.8999938964844,215.0500030517578,216.8000030517578,3577163
2024-03-12,ENGINERSIN,216.75,216.75,204.4499969482422,211.1499938964844,6298992
2024-03-13,ENGINERSIN,210.1999969482422,214.5,184.75,186.75,12896265
2024-03-14,ENGINERSIN,187.4499969482422,199.25,183.6499938964844,195.8500061035156,8088061
2024-03-15,ENGINERSIN,195.8999938964844,200.3999938964844,183.0,188.8000030517578,8500124
2024-03-18,ENGINERSIN,190.0,195.75,182.6999969482422,185.3000030517578,9342129
2024-03-19,ENGINERSIN,185.0,187.9499969482422,178.75,180.0,4809092
2024-03-20,ENGINERSIN,181.6999969482422,184.75,173.5,174.4499969482422,7794548
2024-03-21,ENGINERSIN,179.0,198.3000030517578,179.0,195.8999938964844,40946124
2024-03-22,ENGINERSIN,195.8999938964844,198.0,192.0500030517578,196.5500030517578,12116074
2024-03-26,ENGINERSIN,197.25,209.75,195.25,206.25,19535541
2024-03-27,ENGINERSIN,207.8000030517578,213.5,198.1000061035156,199.75,15545724
2024-03-28,ENGINERSIN,203.0,208.3999938964844,200.75,201.9499969482422,10743440
2024-03-01,ENIL,335.75,357.8999938964844,334.1499938964844,340.3999938964844,344394
2024-03-04,ENIL,348.70001220703125,350.0,330.25,331.95001220703125,123858
2024-03-05,ENIL,331.6000061035156,337.5,322.5,325.0,137491
2024-03-06,ENIL,328.79998779296875,332.79998779296875,309.95001220703125,312.3500061035156,214584
2024-03-07,ENIL,319.95001220703125,327.79998779296875,315.20001220703125,319.3500061035156,174072
2024-03-11,ENIL,319.25,321.3500061035156,300.45001220703125,307.75,196525
2024-03-12,ENIL,310.5,314.0,290.04998779296875,293.3500061035156,198169
2024-03-13,ENIL,295.0,300.95001220703125,264.04998779296875,268.6000061035156,214733
2024-03-14,ENIL,276.6499938964844,283.70001220703125,266.8999938964844,275.20001220703125,238017
2024-03-15,ENIL,275.20001220703125,290.0,273.70001220703125,278.25,142908
2024-03-18,ENIL,280.1499938964844,298.6499938964844,270.0,274.25,293875
2024-03-19,ENIL,274.79998779296875,286.6499938964844,270.04998779296875,271.70001220703125,143173
2024-03-20,ENIL,274.6000061035156,280.70001220703125,265.79998779296875,274.25,131595
2024-03-21,ENIL,280.0,285.5,275.3999938964844,278.29998779296875,108091
2024-03-22,ENIL,279.0,288.70001220703125,273.79998779296875,282.75,123009
2024-03-26,ENIL,285.5,296.79998779296875,272.6499938964844,274.6000061035156,332788
2024-03-27,ENIL,274.6000061035156,278.95001220703125,261.25,265.5,217902
2024-03-28,ENIL,265.5,271.75,256.0,260.1499938964844,130052
2024-03-01,ENTERO,1096.0,1125.949951171875,1013.1500244140624,1017.5,393304
2024-03-04,ENTERO,1028.25,1060.6500244140625,1010.0,1036.550048828125,312834
2024-03-05,ENTERO,1034.699951171875,1065.5,1032.1500244140625,1059.300048828125,103169
2024-03-06,ENTERO,1055.050048828125,1079.800048828125,1025.0,1032.300048828125,121776
2024-03-07,ENTERO,1039.0,1099.9000244140625,1039.0,1094.199951171875,212534
2024-03-11,ENTERO,1100.25,1124.0,1090.1500244140625,1115.9000244140625,187958
2024-03-12,ENTERO,1116.75,1116.75,1060.5,1083.300048828125,87592
2024-03-13,ENTERO,1070.0,1093.0,980.3499755859376,993.4000244140624,236716
2024-03-14,ENTERO,1004.9500122070312,1055.550048828125,988.5499877929688,1031.8499755859375,224330
2024-03-15,ENTERO,1010.0,1058.75,1000.0,1006.2999877929688,91497
2024-03-18,ENTERO,1010.9500122070312,1053.449951171875,1010.5499877929688,1040.949951171875,79031
2024-03-19,ENTERO,1038.5,1047.949951171875,990.0,999.9000244140624,105982
2024-03-20,ENTERO,1034.949951171875,1038.0,998.0,1004.6500244140624,28952
2024-03-21,ENTERO,1004.9000244140624,1026.5,995.0,998.3499755859376,60528
2024-03-22,ENTERO,998.7999877929688,1035.0,984.0,991.5499877929688,121225
2024-03-26,ENTERO,991.5499877929688,1009.3499755859376,980.0,986.5,109921
2024-03-27,ENTERO,987.0,1008.9000244140624,987.0,999.8499755859376,73836
2024-03-28,ENTERO,1000.0,1010.0999755859376,970.0,987.4500122070312,82536
2024-03-01,EPACK,185.9499969482422,187.0,181.5500030517578,182.3500061035156,353906
2024-03-04,EPACK,188.4499969482422,188.6999969482422,183.0500030517578,184.0,317844
2024-03-05,EPACK,184.75,185.0,180.1999969482422,180.5,246508
2024-03-06,EPACK,180.5,181.9499969482422,173.3000030517578,174.0,500859
2024-03-07,EPACK,175.5,178.9499969482422,175.0,176.4499969482422,246169
2024-03-11,EPACK,178.0,178.8000030517578,172.35000610351562,173.0500030517578,256144
2024-03-12,EPACK,173.60000610351562,173.60000610351562,164.0,164.75,462875
2024-03-13,EPACK,165.0,168.9499969482422,155.10000610351562,155.64999389648438,658300
2024-03-14,EPACK,157.0,166.39999389648438,155.64999389648438,162.39999389648438,592884
2024-03-15,EPACK,160.1999969482422,165.3000030517578,159.0,162.25,330631
2024-03-18,EPACK,162.1999969482422,165.25,159.8000030517578,164.3000030517578,308277
2024-03-19,EPACK,164.0,170.25,162.4499969482422,163.14999389648438,425551
2024-03-20,EPACK,163.9499969482422,165.39999389648438,157.89999389648438,158.5,332589
2024-03-21,EPACK,160.10000610351562,162.0,159.5,159.89999389648438,358886
2024-03-22,EPACK,160.0,162.5,158.5,159.6999969482422,320015
2024-03-26,EPACK,159.64999389648438,161.3000030517578,156.0,156.39999389648438,494269
2024-03-27,EPACK,156.39999389648438,157.85000610351562,152.5,153.60000610351562,632505
2024-03-28,EPACK,153.9499969482422,156.1999969482422,150.60000610351562,151.35000610351562,575248
2024-03-01,EPIGRAL,1182.0,1223.5999755859375,1171.949951171875,1186.699951171875,71053
2024-03-04,EPIGRAL,1220.0,1226.0,1179.75,1213.199951171875,57646
2024-03-05,EPIGRAL,1210.0,1213.1500244140625,1178.9000244140625,1187.9000244140625,42840
2024-03-06,EPIGRAL,1187.9000244140625,1190.0,1124.0,1133.8499755859375,63265
2024-03-07,EPIGRAL,1140.0,1164.050048828125,1125.5,1143.4000244140625,51084
2024-03-11,EPIGRAL,1150.0,1162.8499755859375,1080.050048828125,1091.800048828125,57104
2024-03-12,EPIGRAL,1104.8499755859375,1110.0,1015.0,1024.9000244140625,181022
2024-03-13,EPIGRAL,1024.9000244140625,1036.25,951.0,969.3499755859376,123107
2024-03-14,EPIGRAL,969.3499755859376,1005.0,957.7000122070312,983.75,79665
2024-03-18,EPIGRAL,1010.0,1090.0,995.2999877929688,1040.0999755859375,233492
2024-03-19,EPIGRAL,1029.699951171875,1050.5,1009.0999755859376,1026.5,81558
2024-03-20,EPIGRAL,1026.5,1039.449951171875,1015.0,1024.449951171875,34748
2024-03-21,EPIGRAL,1026.9000244140625,1058.0,1023.0,1025.9000244140625,56777
2024-03-22,EPIGRAL,1032.0,1107.199951171875,1029.800048828125,1059.550048828125,267245
2024-03-26,EPIGRAL,1062.4000244140625,1104.8499755859375,1041.1500244140625,1086.0,151239
2024-03-27,EPIGRAL,1081.0,1119.75,1067.5,1099.550048828125,141653
2024-03-28,EPIGRAL,1099.5999755859375,1143.449951171875,1086.0,1097.949951171875,84393
2024-03-01,EPL,187.8000030517578,191.1999969482422,187.5500030517578,190.1999969482422,346443
2024-03-04,EPL,193.0,194.8000030517578,188.0500030517578,189.5,614238
2024-03-05,EPL,189.9499969482422,190.3999938964844,188.0500030517578,189.4499969482422,415147
2024-03-06,EPL,189.1999969482422,189.1999969482422,181.8000030517578,183.3000030517578,708582
2024-03-07,EPL,184.1000061035156,188.8000030517578,182.5,185.3000030517578,662953
2024-03-11,EPL,186.6999969482422,188.5,185.75,187.3999938964844,578398
2024-03-12,EPL,188.3000030517578,191.8500061035156,186.5500030517578,190.9499969482422,1085342
2024-03-13,EPL,189.0500030517578,191.5,182.5,183.8500061035156,1263473
2024-03-14,EPL,183.6499938964844,186.9499969482422,181.5,186.3000030517578,528013
2024-03-15,EPL,186.3000030517578,188.6499938964844,185.6000061035156,187.9499969482422,489406
2024-03-18,EPL,187.1999969482422,189.3500061035156,186.3500061035156,188.0500030517578,559096
2024-03-19,EPL,188.1499938964844,189.8999938964844,183.0500030517578,184.0,336263
2024-03-20,EPL,184.1999969482422,188.5,180.1999969482422,181.8999938964844,412113
2024-03-21,EPL,184.75,187.3000030517578,182.5,183.5,1017953
2024-03-22,EPL,184.0,186.8999938964844,182.6000061035156,183.0500030517578,417659
2024-03-26,EPL,182.8000030517578,184.0,180.0500030517578,180.4499969482422,397830
2024-03-27,EPL,180.5,184.3999938964844,179.6999969482422,180.1999969482422,531063
2024-03-28,EPL,181.3000030517578,182.6499938964844,178.35000610351562,179.3000030517578,641325
2024-03-01,EQUIPPP,28.700000762939453,29.89999961853028,27.549999237060547,28.100000381469727,13149
2024-03-04,EQUIPPP,28.25,28.25,27.200000762939453,27.850000381469727,36191
2024-03-05,EQUIPPP,27.850000381469727,27.850000381469727,26.549999237060547,27.100000381469727,33347
2024-03-06,EQUIPPP,27.75,27.75,26.5,26.950000762939453,14008
2024-03-07,EQUIPPP,26.950000762939453,27.75,25.700000762939453,27.049999237060547,29449
2024-03-11,EQUIPPP,26.049999237060547,27.700000762939453,26.049999237060547,26.89999961853028,3972
2024-03-12,EQUIPPP,26.100000381469727,26.950000762939453,25.549999237060547,25.950000762939453,8422
2024-03-13,EQUIPPP,26.299999237060547,26.299999237060547,24.64999961853028,24.64999961853028,48421
2024-03-14,EQUIPPP,25.299999237060547,25.850000381469727,23.450000762939453,25.75,51507
2024-03-15,EQUIPPP,26.600000381469727,27.0,26.049999237060547,27.0,37327
2024-03-18,EQUIPPP,27.89999961853028,28.350000381469727,27.25,28.350000381469727,69130
2024-03-19,EQUIPPP,28.350000381469727,29.700000762939453,27.0,29.299999237060547,30607
2024-03-20,EQUIPPP,29.950000762939453,29.950000762939453,28.049999237060547,29.450000762939453,28221
2024-03-21,EQUIPPP,28.64999961853028,29.950000762939453,28.0,29.14999961853028,33233
2024-03-22,EQUIPPP,29.799999237060547,29.799999237060547,28.049999237060547,29.049999237060547,10630
2024-03-26,EQUIPPP,29.0,30.0,27.89999961853028,29.75,37764
2024-03-27,EQUIPPP,29.0,30.5,28.299999237060547,29.950000762939453,46882
2024-03-28,EQUIPPP,30.0,30.0,28.450000762939453,29.64999961853028,30887
2024-03-01,EQUITASBNK,100.5999984741211,102.6999969482422,100.0,101.5,1486217
2024-03-04,EQUITASBNK,101.5,102.0,99.5999984741211,101.1500015258789,1681335
2024-03-05,EQUITASBNK,99.8499984741211,101.3000030517578,99.8000030517578,100.4499969482422,2139733
2024-03-06,EQUITASBNK,101.0999984741211,101.6999969482422,99.5,100.0,3122096
2024-03-07,EQUITASBNK,100.4499969482422,101.75,96.25,96.9000015258789,5105458
2024-03-11,EQUITASBNK,97.1500015258789,97.5,95.4000015258789,96.9499969482422,4217584
2024-03-12,EQUITASBNK,98.0,99.3000030517578,92.3000030517578,92.9499969482422,6813521
2024-03-13,EQUITASBNK,93.3000030517578,94.0,88.25,91.5999984741211,7423648
2024-03-14,EQUITASBNK,91.5,95.3499984741211,89.25,93.3000030517578,2735944
2024-03-15,EQUITASBNK,93.3000030517578,95.0,92.4000015258789,94.3000030517578,1920909
2024-03-18,EQUITASBNK,94.75,95.0,92.5,92.9499969482422,2099458
2024-03-19,EQUITASBNK,93.0,94.0,91.8000030517578,92.4000015258789,1481107
2024-03-20,EQUITASBNK,92.9499969482422,93.25,89.9000015258789,91.5500030517578,2167062
2024-03-21,EQUITASBNK,92.4000015258789,94.25,91.8499984741211,93.5,3331560
2024-03-22,EQUITASBNK,93.5,94.0,91.8000030517578,92.8000030517578,3996075
2024-03-26,EQUITASBNK,92.8000030517578,95.0500030517578,92.6999969482422,93.25,3902297
2024-03-27,EQUITASBNK,93.4499969482422,94.4499969482422,92.25,92.9499969482422,4273691
2024-03-28,EQUITASBNK,93.9000015258789,94.0500030517578,92.1999969482422,92.5500030517578,3378126
2024-03-01,ERIS,886.5999755859375,892.0,873.0,886.0499877929688,61528
2024-03-04,ERIS,886.8499755859375,898.0,880.0,889.25,217621
2024-03-05,ERIS,892.0,894.9500122070312,880.0,888.7000122070312,39869
2024-03-06,ERIS,899.0,907.75,871.0,894.9000244140625,188862
2024-03-07,ERIS,886.0499877929688,917.75,884.5499877929688,907.2999877929688,277359
2024-03-11,ERIS,912.0999755859376,934.5499877929688,895.5,900.4500122070312,544316
2024-03-12,ERIS,905.5499877929688,925.0,856.2999877929688,878.0999755859375,368619
2024-03-13,ERIS,878.0999755859375,878.0999755859375,809.1500244140625,831.2999877929688,208861
2024-03-14,ERIS,833.9500122070312,871.7999877929688,824.25,862.7000122070312,387589
2024-03-15,ERIS,862.0499877929688,862.4000244140625,837.0499877929688,844.9500122070312,498196
2024-03-18,ERIS,845.0,855.5,832.0999755859375,845.9000244140625,88374
2024-03-19,ERIS,837.4500122070312,854.0,836.5499877929688,847.25,42191
2024-03-20,ERIS,851.5,851.5,835.0,840.2000122070312,33613
2024-03-21,ERIS,843.5499877929688,852.0,837.0,843.0,99725
2024-03-22,ERIS,843.0,845.7999877929688,837.1500244140625,842.9500122070312,26036
2024-03-26,ERIS,845.0,850.0,834.0,843.6500244140625,146410
2024-03-27,ERIS,843.6500244140625,849.5,836.0999755859375,841.0,55713
2024-03-28,ERIS,848.0,862.1500244140625,832.0,843.3499755859375,59652
2024-03-01,ESABINDIA,5073.60009765625,5129.89990234375,5020.0,5060.64990234375,1783
2024-03-04,ESABINDIA,5080.0,5106.60009765625,4966.10009765625,4990.89990234375,5725
2024-03-05,ESABINDIA,5008.9501953125,5044.39990234375,4911.60009765625,4971.64990234375,5672
2024-03-06,ESABINDIA,4976.60009765625,4981.0498046875,4886.64990234375,4947.2001953125,3670
2024-03-07,ESABINDIA,4939.0,5055.0,4925.0,5033.64990234375,11269
2024-03-11,ESABINDIA,5048.7001953125,5051.0,4950.10009765625,5003.60009765625,2912
2024-03-12,ESABINDIA,5003.64990234375,5028.60009765625,4862.0498046875,4927.0,2568
2024-03-13,ESABINDIA,4931.9501953125,4974.89990234375,4822.0,4871.5498046875,5760
2024-03-14,ESABINDIA,4848.0,4968.25,4772.2001953125,4785.0,13842
2024-03-15,ESABINDIA,4741.0,4880.0,4620.0,4797.89990234375,21448
2024-03-18,ESABINDIA,4793.10009765625,5071.39990234375,4720.0498046875,4978.10009765625,22903
2024-03-19,ESABINDIA,4993.0,5024.0,4929.85009765625,4952.64990234375,5434
2024-03-20,ESABINDIA,4977.4501953125,5006.0498046875,4845.10009765625,4856.35009765625,4622
2024-03-21,ESABINDIA,4880.64990234375,5200.0,4880.64990234375,5136.39990234375,9258
2024-03-22,ESABINDIA,5110.0,5248.7998046875,5055.14990234375,5207.5,5153
2024-03-26,ESABINDIA,5210.0,5333.0,5210.0,5319.64990234375,8908
2024-03-27,ESABINDIA,5338.0,5360.0,5212.0498046875,5300.35009765625,12155
2024-03-28,ESABINDIA,5305.7001953125,5328.7001953125,5162.0,5252.0498046875,2922
2024-03-01,ESAFSFB,62.04999923706055,63.09999847412109,62.0,62.150001525878906,800761
2024-03-04,ESAFSFB,63.5,63.5,61.5,61.650001525878906,1059133
2024-03-05,ESAFSFB,61.650001525878906,62.25,61.5,61.79999923706055,683677
2024-03-06,ESAFSFB,61.79999923706055,62.09999847412109,59.75,60.25,1605156
2024-03-07,ESAFSFB,60.45000076293945,60.79999923706055,60.0,60.20000076293945,707240
2024-03-11,ESAFSFB,61.650001525878906,61.650001525878906,59.0,59.5,1160312
2024-03-12,ESAFSFB,59.900001525878906,59.900001525878906,57.09999847412109,57.400001525878906,2049780
2024-03-13,ESAFSFB,57.54999923706055,58.04999923706055,55.5,55.95000076293945,2213702
2024-03-14,ESAFSFB,56.150001525878906,57.59999847412109,55.09999847412109,57.0,1348043
2024-03-15,ESAFSFB,57.54999923706055,57.900001525878906,56.20000076293945,57.400001525878906,770606
2024-03-18,ESAFSFB,57.5,58.09999847412109,56.900001525878906,57.29999923706055,801982
2024-03-19,ESAFSFB,57.29999923706055,58.29999923706055,57.150001525878906,57.59999847412109,965811
2024-03-20,ESAFSFB,57.900001525878906,58.04999923706055,57.5,57.5,820843
2024-03-21,ESAFSFB,58.0,58.0,56.95000076293945,57.09999847412109,973567
2024-03-22,ESAFSFB,57.45000076293945,57.84999847412109,57.04999923706055,57.29999923706055,1186018
2024-03-26,ESAFSFB,57.29999923706055,57.34999847412109,55.400001525878906,55.59999847412109,2175799
2024-03-27,ESAFSFB,55.59999847412109,56.0,53.34999847412109,53.59999847412109,2804765
2024-03-28,ESAFSFB,53.95000076293945,55.5,53.29999923706055,54.45000076293945,3086530
2024-03-01,ESCORTS,2845.050048828125,2927.0,2825.199951171875,2898.550048828125,370420
2024-03-04,ESCORTS,2895.0,2936.949951171875,2871.050048828125,2918.85009765625,167158
2024-03-05,ESCORTS,2930.0,2966.35009765625,2859.050048828125,2865.75,223995
2024-03-06,ESCORTS,2865.75,2865.75,2802.199951171875,2842.10009765625,141990
2024-03-07,ESCORTS,2840.60009765625,2887.14990234375,2813.0,2849.89990234375,340248
2024-03-11,ESCORTS,2868.0,2873.550048828125,2831.14990234375,2838.10009765625,142570
2024-03-12,ESCORTS,2843.0,2847.949951171875,2800.050048828125,2816.35009765625,124111
2024-03-13,ESCORTS,2805.10009765625,2830.75,2700.550048828125,2712.89990234375,186399
2024-03-14,ESCORTS,2705.300048828125,2755.75,2700.0,2746.199951171875,156419
2024-03-15,ESCORTS,2755.300048828125,2773.949951171875,2682.5,2702.550048828125,204337
2024-03-18,ESCORTS,2722.949951171875,2722.949951171875,2670.550048828125,2701.39990234375,123514
2024-03-19,ESCORTS,2692.199951171875,2753.050048828125,2680.050048828125,2713.550048828125,212248
2024-03-20,ESCORTS,2739.0,2774.10009765625,2699.050048828125,2740.10009765625,188614
2024-03-21,ESCORTS,2750.0,2774.800048828125,2730.35009765625,2763.14990234375,117971
2024-03-22,ESCORTS,2760.0,2776.5,2741.550048828125,2750.64990234375,116383
2024-03-26,ESCORTS,2750.0,2775.0,2743.300048828125,2751.25,100227
2024-03-27,ESCORTS,2751.25,2829.550048828125,2749.14990234375,2798.699951171875,249879
2024-03-28,ESCORTS,2799.949951171875,2812.35009765625,2754.550048828125,2777.300048828125,227259
2024-03-01,ESSARSHPNG,27.299999237060547,27.299999237060547,26.200000762939453,26.350000381469727,212232
2024-03-04,ESSARSHPNG,27.5,28.450000762939453,25.75,25.850000381469727,873560
2024-03-05,ESSARSHPNG,25.64999961853028,26.600000381469727,24.549999237060547,24.549999237060547,354672
2024-03-06,ESSARSHPNG,23.350000381469727,24.0,23.350000381469727,23.350000381469727,765017
2024-03-07,ESSARSHPNG,24.39999961853028,24.5,22.75,23.700000762939453,913315
2024-03-11,ESSARSHPNG,24.5,24.850000381469727,22.75,23.799999237060547,377393
2024-03-12,ESSARSHPNG,23.25,23.700000762939453,22.64999961853028,22.64999961853028,291362
2024-03-13,ESSARSHPNG,21.700000762939453,22.64999961853028,21.549999237060547,21.549999237060547,191651
2024-03-14,ESSARSHPNG,20.5,22.600000381469727,20.5,22.549999237060547,1279422
2024-03-15,ESSARSHPNG,23.049999237060547,23.450000762939453,21.450000762939453,21.64999961853028,387507
2024-03-18,ESSARSHPNG,21.64999961853028,22.200000762939453,20.600000381469727,20.799999237060547,278429
2024-03-19,ESSARSHPNG,20.799999237060547,21.799999237060547,20.600000381469727,20.799999237060547,477657
2024-03-20,ESSARSHPNG,21.5,21.799999237060547,21.299999237060547,21.799999237060547,116782
2024-03-21,ESSARSHPNG,22.850000381469727,22.850000381469727,21.100000381469727,21.450000762939453,580452
2024-03-22,ESSARSHPNG,21.450000762939453,21.700000762939453,20.700000762939453,20.75,567952
2024-03-26,ESSARSHPNG,21.200000762939453,21.25,19.75,19.850000381469727,758735
2024-03-27,ESSARSHPNG,19.950000762939453,20.799999237060547,19.950000762939453,20.799999237060547,272068
2024-03-28,ESSARSHPNG,20.700000762939453,21.799999237060547,20.100000381469727,20.5,708163
2024-03-01,ESSENTIA,3.7335009574890137,3.7335009574890137,3.7335009574890137,3.7335009574890137,4817846
2024-03-04,ESSENTIA,3.487875938415528,3.7335009574890137,3.438750982284546,3.7335009574890137,8182865
2024-03-05,ESSENTIA,3.880876064300537,3.880876064300537,3.880876064300537,3.880876064300537,1886913
2024-03-06,ESSENTIA,4.0282511711120605,4.0282511711120605,3.684376001358032,4.0282511711120605,28064653
2024-03-07,ESSENTIA,3.930001020431519,4.224751949310303,3.831751108169556,4.224751949310303,13511602
2024-03-11,ESSENTIA,4.12650203704834,4.1756272315979,4.0282511711120605,4.0282511711120605,6804493
2024-03-12,ESSENTIA,3.9791259765625,3.9791259765625,3.9791259765625,4.0282511711120605,413738
2024-03-13,ESSENTIA,3.930001020431519,3.930001020431519,3.930001020431519,3.930001020431519,301543
2024-03-14,ESSENTIA,3.880876064300537,3.880876064300537,3.880876064300537,3.880876064300537,590904
2024-03-15,ESSENTIA,3.831751108169556,3.831751108169556,3.831751108169556,3.831751108169556,376627
2024-03-18,ESSENTIA,3.782625913619995,3.782625913619995,3.782625913619995,3.782625913619995,537394
2024-03-19,ESSENTIA,3.7335009574890137,3.7335009574890137,3.7335009574890137,3.7335009574890137,282214
2024-03-20,ESSENTIA,3.684376001358032,3.684376001358032,3.684376001358032,3.684376001358032,505296
2024-03-21,ESSENTIA,3.635251045227051,3.635251045227051,3.635251045227051,3.635251045227051,480882
2024-03-22,ESSENTIA,3.5861260890960693,3.5861260890960693,3.5861260890960693,3.5861260890960693,688369
2024-03-26,ESSENTIA,3.537000894546509,3.537000894546509,3.537000894546509,3.537000894546509,576500
2024-03-27,ESSENTIA,3.487875938415528,3.487875938415528,3.487875938415528,3.487875938415528,728829
2024-03-28,ESSENTIA,3.438750982284546,3.438750982284546,3.438750982284546,3.438750982284546,612969
2024-03-01,ESTER,102.6500015258789,108.4000015258789,102.5,104.1999969482422,430290
2024-03-04,ESTER,105.0,106.5,101.1500015258789,103.5999984741211,374850
2024-03-05,ESTER,103.5999984741211,103.5999984741211,99.3000030517578,99.9499969482422,228233
2024-03-06,ESTER,99.0,100.5500030517578,96.0,97.5,181952
2024-03-07,ESTER,98.0,101.8000030517578,96.5999984741211,98.0500030517578,172910
2024-03-11,ESTER,97.8499984741211,97.8499984741211,94.0,94.5500030517578,138130
2024-03-12,ESTER,94.5500030517578,96.8000030517578,90.4000015258789,91.1500015258789,184785
2024-03-13,ESTER,92.0,92.0999984741211,85.5,86.44999694824219,237600
2024-03-14,ESTER,87.94999694824219,92.0,86.8499984741211,89.94999694824219,177817
2024-03-15,ESTER,90.3499984741211,91.3499984741211,88.6500015258789,89.5,120181
2024-03-18,ESTER,89.19999694824219,92.0,89.19999694824219,90.3499984741211,149244
2024-03-19,ESTER,91.0,91.0,88.55000305175781,89.0,62729
2024-03-20,ESTER,89.0,89.80000305175781,87.4000015258789,87.75,70872
2024-03-21,ESTER,88.0,93.8000030517578,88.0,89.75,280176
2024-03-22,ESTER,89.0999984741211,94.0,89.0999984741211,91.8499984741211,367052
2024-03-26,ESTER,91.8499984741211,93.1999969482422,88.1500015258789,88.4000015258789,213723
2024-03-27,ESTER,88.94999694824219,90.4499969482422,85.69999694824219,86.0999984741211,206863
2024-03-28,ESTER,86.19999694824219,91.3000030517578,84.5999984741211,84.94999694824219,680068
2024-03-01,ETERNAL,168.0,173.5,165.60000610351562,166.5,42587331
2024-03-04,ETERNAL,168.0,175.60000610351562,168.0,169.8000030517578,55751426
2024-03-05,ETERNAL,170.75,171.5,164.0500030517578,165.85000610351562,29313864
2024-03-06,ETERNAL,164.39999389648438,164.39999389648438,157.5,161.5500030517578,95621548
2024-03-07,ETERNAL,161.75,163.4499969482422,158.64999389648438,160.0,43685238
2024-03-11,ETERNAL,161.0,163.1999969482422,149.0,154.85000610351562,51519591
2024-03-12,ETERNAL,156.60000610351562,157.89999389648438,152.14999389648438,156.89999389648438,31159766
2024-03-13,ETERNAL,157.4499969482422,158.25,147.5,148.64999389648438,53202095
2024-03-14,ETERNAL,147.10000610351562,157.3000030517578,144.3000030517578,152.75,45708365
2024-03-15,ETERNAL,152.85000610351562,161.6999969482422,152.4499969482422,160.0500030517578,95085427
2024-03-18,ETERNAL,162.5,164.4499969482422,157.25,158.25,35382756
2024-03-19,ETERNAL,158.60000610351562,161.4499969482422,156.5,157.9499969482422,24847687
2024-03-20,ETERNAL,159.4499969482422,166.6999969482422,159.0,165.60000610351562,45544054
2024-03-21,ETERNAL,168.0,171.0,166.39999389648438,169.64999389648438,42227967
2024-03-22,ETERNAL,170.4499969482422,174.89999389648438,169.0500030517578,174.1999969482422,41776494
2024-03-26,ETERNAL,173.39999389648438,183.6499938964844,172.1999969482422,182.6000061035156,64590292
2024-03-27,ETERNAL,183.6000061035156,189.0,177.1999969482422,179.4499969482422,50528769
2024-03-28,ETERNAL,179.8000030517578,184.6999969482422,176.0,182.1000061035156,42567446
2024-03-01,ETHOSLTD,2600.0,2620.89990234375,2543.39990234375,2577.0,26442
2024-03-04,ETHOSLTD,2719.85009765625,2849.949951171875,2628.050048828125,2789.949951171875,54949
2024-03-05,ETHOSLTD,2800.050048828125,2809.949951171875,2735.0,2754.699951171875,16567
2024-03-06,ETHOSLTD,2750.0,2774.949951171875,2592.0,2703.300048828125,30745
2024-03-07,ETHOSLTD,2706.64990234375,2829.550048828125,2698.949951171875,2739.25,36815
2024-03-11,ETHOSLTD,2889.35009765625,3044.0,2691.14990234375,2751.75,106158
2024-03-12,ETHOSLTD,2771.0,2800.0,2601.0,2762.550048828125,38274
2024-03-13,ETHOSLTD,2762.550048828125,2783.75,2494.10009765625,2576.949951171875,55747
2024-03-14,ETHOSLTD,2550.0,2661.89990234375,2484.0,2522.39990234375,53780
2024-03-15,ETHOSLTD,2529.89990234375,2583.75,2400.10009765625,2433.449951171875,42523
2024-03-18,ETHOSLTD,2445.300048828125,2585.050048828125,2445.300048828125,2552.0,49341
2024-03-19,ETHOSLTD,2579.800048828125,2589.949951171875,2500.0,2516.550048828125,15266
2024-03-20,ETHOSLTD,2526.64990234375,2584.14990234375,2517.35009765625,2561.550048828125,33526
2024-03-21,ETHOSLTD,2595.39990234375,2645.89990234375,2581.14990234375,2602.10009765625,11431
2024-03-22,ETHOSLTD,2614.800048828125,2667.75,2614.800048828125,2643.050048828125,22747
2024-03-26,ETHOSLTD,2656.0,2682.35009765625,2570.0,2593.699951171875,51492
2024-03-27,ETHOSLTD,2595.0,2619.949951171875,2421.199951171875,2533.0,183875
2024-03-28,ETHOSLTD,2535.050048828125,2595.0,2533.550048828125,2587.449951171875,13702
2024-03-01,EUROBOND,170.10000610351562,170.10000610351562,170.10000610351562,170.10000610351562,0
2024-03-04,EUROBOND,170.25,171.8000030517578,168.0,171.8000030517578,22000
2024-03-05,EUROBOND,170.0,170.5,170.0,170.0,3000
2024-03-06,EUROBOND,165.25,168.0,162.0,165.35000610351562,40000
2024-03-07,EUROBOND,167.0,167.10000610351562,167.0,167.0500030517578,4000
2024-03-11,EUROBOND,161.0,163.0,161.0,162.5,4000
2024-03-12,EUROBOND,160.25,163.0,154.0,155.8000030517578,37000
2024-03-13,EUROBOND,153.0,153.0,140.5,144.9499969482422,31000
2024-03-14,EUROBOND,148.0,160.0,148.0,160.0,9000
2024-03-18,EUROBOND,158.60000610351562,162.0,153.0500030517578,159.89999389648438,4000
2024-03-19,EUROBOND,158.0,158.0,158.0,158.0,12000
2024-03-20,EUROBOND,158.9499969482422,159.0,155.0,155.0,5000
2024-03-21,EUROBOND,158.10000610351562,158.10000610351562,155.0,157.5,7000
2024-03-22,EUROBOND,158.25,171.0,158.25,168.4499969482422,18000
2024-03-26,EUROBOND,166.0,169.75,161.25,162.8000030517578,11000
2024-03-27,EUROBOND,170.0,170.0,162.0500030517578,164.4499969482422,10000
2024-03-28,EUROBOND,164.4499969482422,176.0,155.0,163.60000610351562,158000
2024-03-01,EUROTEXIND,15.75,15.75,15.75,15.75,20975
2024-03-04,EUROTEXIND,17.299999237060547,17.299999237060547,17.299999237060547,17.299999237060547,7675
2024-03-05,EUROTEXIND,18.14999961853028,18.14999961853028,18.14999961853028,18.14999961853028,9254
2024-03-06,EUROTEXIND,19.049999237060547,19.049999237060547,19.049999237060547,19.049999237060547,21255
2024-03-07,EUROTEXIND,20.0,20.0,20.0,20.0,17905
2024-03-11,EUROTEXIND,20.0,21.0,20.0,21.0,21752
2024-03-12,EUROTEXIND,22.049999237060547,22.049999237060547,19.950000762939453,19.950000762939453,23973
2024-03-13,EUROTEXIND,18.950000762939453,18.950000762939453,18.950000762939453,18.950000762939453,1674
2024-03-14,EUROTEXIND,18.0,18.0,18.0,18.0,4990
2024-03-15,EUROTEXIND,17.100000381469727,17.100000381469727,17.100000381469727,17.100000381469727,998
2024-03-18,EUROTEXIND,16.25,16.25,16.25,16.25,4141
2024-03-19,EUROTEXIND,15.449999809265137,15.449999809265137,15.449999809265137,15.449999809265137,3040
2024-03-20,EUROTEXIND,14.699999809265137,14.699999809265137,14.699999809265137,14.699999809265137,2536
2024-03-21,EUROTEXIND,14.300000190734863,14.300000190734863,14.0,14.0,5851
2024-03-22,EUROTEXIND,13.300000190734863,14.699999809265137,13.300000190734863,14.699999809265137,14408
2024-03-26,EUROTEXIND,15.350000381469728,15.399999618530272,14.75,15.399999618530272,4894
2024-03-27,EUROTEXIND,14.699999809265137,16.149999618530273,14.649999618530272,15.149999618530272,19517
2024-03-28,EUROTEXIND,15.149999618530272,15.699999809265137,14.399999618530272,15.050000190734863,10469
2024-03-01,EVEREADY,347.54998779296875,347.54998779296875,342.5,344.25,65836
2024-03-04,EVEREADY,341.25,346.6499938964844,337.1000061035156,342.6499938964844,80117
2024-03-05,EVEREADY,341.1000061035156,346.6499938964844,340.75,344.95001220703125,114595
2024-03-06,EVEREADY,344.1000061035156,346.25,339.04998779296875,343.0,150405
2024-03-07,EVEREADY,343.0,345.54998779296875,339.45001220703125,342.75,120016
2024-03-11,EVEREADY,344.79998779296875,346.1499938964844,327.1499938964844,340.04998779296875,420502
2024-03-12,EVEREADY,341.75,342.8999938964844,334.6499938964844,340.6000061035156,156278
2024-03-13,EVEREADY,340.0,342.20001220703125,312.95001220703125,323.75,218548
2024-03-14,EVEREADY,323.70001220703125,329.20001220703125,317.6000061035156,325.1000061035156,84436
2024-03-15,EVEREADY,326.75,330.5,323.04998779296875,327.45001220703125,88700
2024-03-18,EVEREADY,328.0,328.0,312.95001220703125,320.45001220703125,178666
2024-03-19,EVEREADY,322.29998779296875,334.0,319.25,333.1499938964844,155867
2024-03-20,EVEREADY,333.95001220703125,337.95001220703125,329.20001220703125,334.04998779296875,141997
2024-03-21,EVEREADY,333.0,335.1000061035156,332.54998779296875,333.1499938964844,46692
2024-03-22,EVEREADY,333.1499938964844,335.45001220703125,332.75,333.1000061035156,54911
2024-03-26,EVEREADY,335.6499938964844,335.6499938964844,332.70001220703125,333.1499938964844,51404
2024-03-27,EVEREADY,330.0,340.0,330.0,334.3500061035156,106810
2024-03-28,EVEREADY,336.0,337.45001220703125,331.8500061035156,334.20001220703125,85692
2024-03-01,EVERESTIND,1217.25,1244.949951171875,1199.550048828125,1217.9000244140625,10062
2024-03-04,EVERESTIND,1215.550048828125,1274.699951171875,1215.550048828125,1228.5999755859375,20627
2024-03-05,EVERESTIND,1240.9000244140625,1245.0,1209.050048828125,1222.0,12301
2024-03-06,EVERESTIND,1222.300048828125,1232.9000244140625,1201.0999755859375,1217.4000244140625,6886
2024-03-07,EVERESTIND,1217.4000244140625,1248.0,1214.949951171875,1239.800048828125,14603
2024-03-11,EVERESTIND,1241.9000244140625,1248.0,1198.5999755859375,1205.9000244140625,9556
2024-03-12,EVERESTIND,1206.0,1206.0,1140.0,1146.300048828125,10928
2024-03-13,EVERESTIND,1147.0,1149.550048828125,1051.5999755859375,1091.199951171875,24737
2024-03-14,EVERESTIND,1091.199951171875,1109.9000244140625,1070.0,1103.8499755859375,9207
2024-03-15,EVERESTIND,1103.9000244140625,1128.0,1093.050048828125,1115.5,8497
2024-03-18,EVERESTIND,1119.949951171875,1131.6500244140625,1065.0,1074.300048828125,13787
2024-03-19,EVERESTIND,1090.4000244140625,1094.800048828125,1027.9000244140625,1038.9000244140625,27719
2024-03-20,EVERESTIND,1041.449951171875,1078.0,1041.449951171875,1067.3499755859375,5784
2024-03-21,EVERESTIND,1073.949951171875,1094.949951171875,1055.949951171875,1066.1500244140625,12060
2024-03-22,EVERESTIND,1070.5,1115.0,1070.5,1094.3499755859375,17079
2024-03-26,EVERESTIND,1093.25,1105.0,1059.699951171875,1066.300048828125,15239
2024-03-27,EVERESTIND,1074.0,1084.25,1050.0,1061.5,9789
2024-03-28,EVERESTIND,1068.0,1075.949951171875,1031.800048828125,1041.550048828125,12150
2024-03-01,EXCELINDUS,837.9000244140625,842.3499755859375,829.8499755859375,834.75,7535
2024-03-04,EXCELINDUS,841.5,841.5,823.0,828.9000244140625,13854
2024-03-05,EXCELINDUS,830.0,832.9500122070312,805.0,816.9500122070312,25694
2024-03-06,EXCELINDUS,821.0499877929688,824.4500122070312,795.0,800.4000244140625,18202
2024-03-07,EXCELINDUS,800.4000244140625,818.9000244140625,800.4000244140625,809.6500244140625,10715
2024-03-11,EXCELINDUS,800.6500244140625,813.9500122070312,794.0,797.4000244140625,13930
2024-03-12,EXCELINDUS,793.0,800.0,773.0,774.25,14217
2024-03-13,EXCELINDUS,778.1500244140625,778.1500244140625,710.3499755859375,720.2000122070312,31422
2024-03-14,EXCELINDUS,731.0,749.7999877929688,723.9500122070312,739.2000122070312,27868
2024-03-15,EXCELINDUS,738.0,739.8499755859375,720.2000122070312,723.8499755859375,21427
2024-03-18,EXCELINDUS,727.5,741.5,724.75,731.5,23591
2024-03-19,EXCELINDUS,730.5499877929688,739.8499755859375,730.0,734.5499877929688,14510
2024-03-20,EXCELINDUS,734.5499877929688,739.9000244140625,731.3499755859375,733.5,9601
2024-03-21,EXCELINDUS,737.2000122070312,749.3499755859375,726.0,731.7000122070312,22820
2024-03-22,EXCELINDUS,731.75,759.7000122070312,731.75,751.3499755859375,17936
2024-03-26,EXCELINDUS,753.0,759.7000122070312,736.0,742.5499877929688,26478
2024-03-27,EXCELINDUS,745.0,748.5499877929688,720.0,722.75,38990
2024-03-28,EXCELINDUS,731.0,747.6500244140625,699.7999877929688,707.5999755859375,49085
2024-03-05,EXICOM,265.0,274.5,219.0,224.9499969482422,35267228
2024-03-06,EXICOM,231.1499938964844,248.75,229.3000030517578,246.4499969482422,12718290
2024-03-07,EXICOM,250.0,257.6499938964844,235.25,238.1999969482422,5254269
2024-03-11,EXICOM,238.0,240.6000061035156,215.0,216.75,3905751
2024-03-12,EXICOM,216.6999969482422,216.6999969482422,196.1499938964844,199.25,4688051
2024-03-13,EXICOM,204.9499969482422,205.75,169.39999389648438,177.0500030517578,4597737
2024-03-14,EXICOM,177.0500030517578,212.4499969482422,177.0500030517578,212.4499969482422,5017347
2024-03-15,EXICOM,214.0,239.8999938964844,213.0500030517578,227.75,7630330
2024-03-18,EXICOM,230.6999969482422,235.9499969482422,218.3999938964844,224.3500061035156,1958442
2024-03-19,EXICOM,221.8999938964844,223.6000061035156,211.0500030517578,214.1499938964844,920810
2024-03-20,EXICOM,216.3999938964844,232.9499969482422,216.3999938964844,229.1499938964844,2460207
2024-03-21,EXICOM,239.1499938964844,239.3999938964844,219.1499938964844,224.75,3318094
2024-03-22,EXICOM,220.75,222.4499969482422,212.5500030517578,214.5500030517578,1153097
2024-03-26,EXICOM,214.5500030517578,220.9499969482422,202.3000030517578,204.1999969482422,1008718
2024-03-27,EXICOM,205.9499969482422,213.0,201.3500061035156,205.3000030517578,1090306
2024-03-28,EXICOM,205.8000030517578,209.5,195.5,197.3500061035156,802683
2024-03-01,EXIDEIND,322.0,326.8999938964844,321.3500061035156,324.1000061035156,1556230
2024-03-04,EXIDEIND,327.79998779296875,332.04998779296875,324.0,328.75,1431470
2024-03-05,EXIDEIND,330.0,331.1499938964844,323.75,325.54998779296875,1177352
2024-03-06,EXIDEIND,325.5,326.0,316.54998779296875,321.8500061035156,1783348
2024-03-07,EXIDEIND,323.5,330.79998779296875,322.3500061035156,328.1499938964844,2193814
2024-03-11,EXIDEIND,331.0,332.29998779296875,322.0,323.04998779296875,2257244
2024-03-12,EXIDEIND,324.20001220703125,326.20001220703125,318.20001220703125,319.45001220703125,2261648
2024-03-13,EXIDEIND,319.04998779296875,320.0,297.95001220703125,300.70001220703125,3710437
2024-03-14,EXIDEIND,297.20001220703125,309.8999938964844,294.6499938964844,305.79998779296875,2850926
2024-03-15,EXIDEIND,305.79998779296875,306.79998779296875,298.8500061035156,305.29998779296875,2689532
2024-03-18,EXIDEIND,305.0,309.1000061035156,302.6000061035156,307.04998779296875,1088219
2024-03-19,EXIDEIND,305.0,305.0,290.3500061035156,296.45001220703125,5242694
2024-03-20,EXIDEIND,296.45001220703125,302.45001220703125,293.70001220703125,301.45001220703125,2481845
2024-03-21,EXIDEIND,303.70001220703125,306.6499938964844,302.79998779296875,305.79998779296875,1116789
2024-03-22,EXIDEIND,305.79998779296875,308.75,303.3999938964844,307.20001220703125,1029834
2024-03-26,EXIDEIND,305.0,306.8999938964844,303.5,304.54998779296875,1432199
2024-03-27,EXIDEIND,304.54998779296875,307.5,303.6499938964844,304.54998779296875,2010127
2024-03-28,EXIDEIND,305.45001220703125,306.45001220703125,302.79998779296875,304.54998779296875,1828715
2024-03-01,EXPLEOSOL,1329.0,1371.0,1322.0,1351.6500244140625,17442
2024-03-04,EXPLEOSOL,1375.0,1375.050048828125,1347.550048828125,1357.75,11651
2024-03-05,EXPLEOSOL,1370.800048828125,1370.800048828125,1327.25,1340.5,19523
2024-03-06,EXPLEOSOL,1335.0,1343.449951171875,1308.0,1317.0,20599
2024-03-07,EXPLEOSOL,1329.550048828125,1344.949951171875,1308.5,1325.449951171875,11346
2024-03-11,EXPLEOSOL,1325.449951171875,1339.199951171875,1300.0,1305.5,14692
2024-03-12,EXPLEOSOL,1305.5,1335.0999755859375,1280.0,1282.5,28592
2024-03-13,EXPLEOSOL,1284.8499755859375,1286.0,1249.0,1249.800048828125,42017
2024-03-14,EXPLEOSOL,1261.6500244140625,1324.949951171875,1239.0,1317.0,19808
2024-03-15,EXPLEOSOL,1311.5999755859375,1322.949951171875,1249.0,1272.1500244140625,19563
2024-03-18,EXPLEOSOL,1275.0,1283.949951171875,1252.0,1268.9000244140625,31739
2024-03-19,EXPLEOSOL,1262.0,1321.1500244140625,1262.0,1279.949951171875,15254
2024-03-20,EXPLEOSOL,1285.949951171875,1300.75,1272.25,1273.8499755859375,8969
2024-03-21,EXPLEOSOL,1285.949951171875,1298.25,1254.8499755859375,1268.550048828125,14826
2024-03-22,EXPLEOSOL,1274.0,1276.9000244140625,1252.0999755859375,1260.3499755859375,17570
2024-03-26,EXPLEOSOL,1260.3499755859375,1272.25,1216.199951171875,1236.25,48064
2024-03-27,EXPLEOSOL,1237.0,1250.050048828125,1198.199951171875,1212.699951171875,69515
2024-03-28,EXPLEOSOL,1220.0,1239.9000244140625,1211.0,1213.449951171875,27622
2024-03-01,EXXARO,11.100000381469728,11.265000343322754,11.0649995803833,11.130000114440918,1181880
2024-03-04,EXXARO,11.404999732971191,11.5,11.145000457763672,11.18000030517578,1285680
2024-03-05,EXXARO,11.229999542236328,11.25,11.095000267028809,11.145000457763672,1074120
2024-03-06,EXXARO,11.15999984741211,11.19499969482422,10.619999885559082,10.789999961853027,2042300
2024-03-07,EXXARO,10.914999961853027,11.204999923706056,10.899999618530272,11.140000343322754,1248890
2024-03-11,EXXARO,11.1899995803833,11.225000381469728,10.800000190734863,10.885000228881836,1505250
2024-03-12,EXXARO,11.0,11.050000190734863,10.5,10.520000457763672,2245680
2024-03-13,EXXARO,10.300000190734863,10.484999656677246,9.260000228881836,9.475000381469728,5006200
2024-03-14,EXXARO,9.364999771118164,9.895000457763672,9.350000381469728,9.654999732971191,1182650
2024-03-15,EXXARO,9.574999809265137,9.795000076293944,9.3149995803833,9.470000267028809,1796370
2024-03-18,EXXARO,9.454999923706056,9.600000381469728,9.149999618530272,9.279999732971191,1885370
2024-03-19,EXXARO,9.28499984741211,9.420000076293944,9.100000381469728,9.204999923706056,934560
2024-03-20,EXXARO,9.204999923706056,9.3149995803833,9.0,9.0600004196167,1264720
2024-03-21,EXXARO,9.119999885559082,9.279999732971191,8.78499984741211,8.864999771118164,2170960
2024-03-22,EXXARO,8.835000038146973,9.18000030517578,8.800000190734863,9.050000190734863,1366160
2024-03-26,EXXARO,9.09000015258789,9.09000015258789,8.5649995803833,8.614999771118164,3370220
2024-03-27,EXXARO,8.550000190734863,8.795000076293945,8.305000305175781,8.335000038146973,3127330
2024-03-28,EXXARO,8.414999961853027,8.779999732971191,8.220000267028809,8.399999618530273,2296510
2024-03-01,FACT,721.7000122070312,729.7999877929688,708.0,723.2999877929688,466486
2024-03-04,FACT,735.0,735.0,712.0499877929688,720.1500244140625,360418
2024-03-05,FACT,720.2999877929688,729.1500244140625,715.0,716.9500122070312,216173
2024-03-06,FACT,714.9500122070312,718.0999755859375,690.7999877929688,692.7999877929688,202823
2024-03-07,FACT,692.7999877929688,728.9000244140625,692.7999877929688,711.0999755859375,672284
2024-03-11,FACT,711.0,711.0,680.0499877929688,684.0499877929688,235063
2024-03-12,FACT,684.0499877929688,686.7999877929688,648.0,653.4000244140625,247179
2024-03-13,FACT,654.1500244140625,658.5,582.25,593.4000244140625,540990
2024-03-14,FACT,591.8499755859375,686.0,572.5999755859375,674.5999755859375,1031883
2024-03-15,FACT,675.9500122070312,708.0,643.0,652.0999755859375,971443
2024-03-18,FACT,658.0,662.9500122070312,620.3499755859375,641.2999877929688,523628
2024-03-19,FACT,643.0,660.7999877929688,635.0,639.9500122070312,357373
2024-03-20,FACT,644.9500122070312,647.9000244140625,621.9000244140625,632.2999877929688,364669
2024-03-21,FACT,642.0,654.4500122070312,633.8499755859375,643.8499755859375,275221
2024-03-22,FACT,644.5499877929688,669.7000122070312,640.8499755859375,657.0,559705
2024-03-26,FACT,660.5,667.0,635.0,639.5,397899
2024-03-27,FACT,648.9000244140625,652.9000244140625,635.7000122070312,642.3499755859375,444341
2024-03-28,FACT,647.9500122070312,648.9000244140625,625.0,627.9500122070312,290205
2024-03-01,FAIRCHEMOR,1477.1500244140625,1479.0,1414.6500244140625,1429.75,20170
2024-03-04,FAIRCHEMOR,1445.050048828125,1470.0,1389.0,1401.449951171875,22480
2024-03-05,FAIRCHEMOR,1465.449951171875,1488.75,1402.0,1419.800048828125,17458
2024-03-06,FAIRCHEMOR,1420.0,1429.5999755859375,1333.0,1361.4000244140625,44427
2024-03-07,FAIRCHEMOR,1341.0,1383.199951171875,1341.0,1353.5,16270
2024-03-11,FAIRCHEMOR,1360.0999755859375,1365.949951171875,1295.199951171875,1318.699951171875,30675
2024-03-12,FAIRCHEMOR,1335.0,1349.5999755859375,1252.6500244140625,1269.8499755859375,23961
2024-03-13,FAIRCHEMOR,1247.0999755859375,1283.199951171875,1156.5,1193.25,37479
2024-03-14,FAIRCHEMOR,1193.25,1250.0,1175.25,1218.449951171875,22929
2024-03-15,FAIRCHEMOR,1208.449951171875,1240.8499755859375,1208.449951171875,1225.949951171875,12052
2024-03-18,FAIRCHEMOR,1213.8499755859375,1235.199951171875,1200.0,1212.9000244140625,7692
2024-03-19,FAIRCHEMOR,1217.8499755859375,1290.0,1200.0,1210.25,26486
2024-03-20,FAIRCHEMOR,1217.050048828125,1246.0,1167.949951171875,1219.300048828125,31310
2024-03-21,FAIRCHEMOR,1239.949951171875,1245.6500244140625,1215.0,1219.5,9576
2024-03-22,FAIRCHEMOR,1225.5999755859375,1255.550048828125,1220.0,1249.5999755859375,14105
2024-03-26,FAIRCHEMOR,1255.0,1272.0,1227.0999755859375,1259.3499755859375,15239
2024-03-27,FAIRCHEMOR,1271.800048828125,1301.9000244140625,1233.0,1237.3499755859375,18912
2024-03-28,FAIRCHEMOR,1239.1500244140625,1274.0,1181.300048828125,1190.199951171875,19501
2024-03-01,FAZE3Q,440.0,443.4500122070313,424.0499877929688,427.8500061035156,31574
2024-03-04,FAZE3Q,427.8999938964844,429.8999938964844,416.1000061035156,423.2999877929688,16104
2024-03-05,FAZE3Q,422.0,423.9500122070313,417.1000061035156,420.4500122070313,12034
2024-03-06,FAZE3Q,420.75,420.75,405.0,408.2000122070313,24483
2024-03-07,FAZE3Q,410.0,417.8999938964844,407.0499877929688,410.25,12919
2024-03-11,FAZE3Q,415.0,415.2000122070313,396.0499877929688,399.9500122070313,31741
2024-03-12,FAZE3Q,412.5,412.5,372.6499938964844,380.0,48138
2024-03-13,FAZE3Q,377.8999938964844,390.0,351.0,356.29998779296875,35545
2024-03-14,FAZE3Q,350.0,379.1499938964844,350.0,374.5,20932
2024-03-15,FAZE3Q,376.3999938964844,387.7999877929688,366.3999938964844,379.4500122070313,24082
2024-03-18,FAZE3Q,391.8999938964844,391.8999938964844,369.3999938964844,375.4500122070313,19961
2024-03-19,FAZE3Q,377.2999877929688,422.0,370.75,395.8999938964844,79558
2024-03-20,FAZE3Q,393.2000122070313,409.25,388.75,396.1000061035156,14351
2024-03-21,FAZE3Q,402.0499877929688,404.5,386.3500061035156,390.9500122070313,8763
2024-03-22,FAZE3Q,392.0,393.9500122070313,383.0,384.3999938964844,16095
2024-03-26,FAZE3Q,380.0,383.5499877929688,369.0499877929688,370.3999938964844,28155
2024-03-27,FAZE3Q,371.7000122070313,375.7000122070313,365.1499938964844,368.2999877929688,38709
2024-03-28,FAZE3Q,372.9500122070313,374.3500061035156,344.5,359.1499938964844,76378
2024-03-01,FCL,43.40999984741211,44.55500030517578,42.34999847412109,42.64500045776367,6548560
2024-03-04,FCL,41.79999923706055,42.43000030517578,40.29999923706055,40.61000061035156,4672500
2024-03-05,FCL,40.619998931884766,41.165000915527344,40.34999847412109,40.69499969482422,3651590
2024-03-06,FCL,40.70000076293945,40.75,38.0,38.98500061035156,7954470
2024-03-07,FCL,39.0,40.17499923706055,39.0,39.45500183105469,3709990
2024-03-11,FCL,39.39500045776367,39.69499969482422,37.54999923706055,37.79499816894531,3880730
2024-03-12,FCL,37.630001068115234,38.244998931884766,36.2599983215332,36.560001373291016,9300560
2024-03-13,FCL,36.560001373291016,37.29999923706055,34.02000045776367,34.34000015258789,7912100
2024-03-14,FCL,33.82500076293945,37.47499847412109,33.459999084472656,35.9900016784668,9396650
2024-03-15,FCL,35.90999984741211,37.52000045776367,35.70000076293945,36.4900016784668,6406910
2024-03-18,FCL,36.4900016784668,36.79999923706055,35.875,36.09000015258789,2345310
2024-03-19,FCL,36.09999847412109,36.68000030517578,34.900001525878906,35.07500076293945,4198220
2024-03-20,FCL,35.3650016784668,35.66999816894531,33.79999923706055,33.959999084472656,7550300
2024-03-21,FCL,34.29999923706055,35.494998931884766,34.29999923706055,34.630001068115234,6417020
2024-03-22,FCL,35.4900016784668,38.79999923706055,35.439998626708984,38.29499816894531,22447150
2024-03-26,FCL,38.5,38.57500076293945,37.060001373291016,37.30500030517578,8183750
2024-03-27,FCL,37.56999969482422,38.48500061035156,37.51499938964844,37.66999816894531,6208790
2024-03-28,FCL,37.70000076293945,38.04999923706055,36.51499938964844,36.79499816894531,11985620
2024-03-01,FCSSOFT,4.849999904632568,5.0,4.800000190734863,4.949999809265137,11614624
2024-03-04,FCSSOFT,5.0,5.050000190734863,4.800000190734863,4.849999904632568,9021845
2024-03-05,FCSSOFT,4.849999904632568,4.949999809265137,4.650000095367432,4.699999809265137,7628762
2024-03-06,FCSSOFT,4.650000095367432,4.699999809265137,4.5,4.5,8721450
2024-03-07,FCSSOFT,4.449999809265137,4.699999809265137,4.349999904632568,4.699999809265137,17072468
2024-03-11,FCSSOFT,4.800000190734863,4.800000190734863,4.5,4.5,8965616
2024-03-12,FCSSOFT,4.5,4.5,4.300000190734863,4.300000190734863,9339209
2024-03-13,FCSSOFT,4.25,4.25,4.099999904632568,4.099999904632568,4733450
2024-03-14,FCSSOFT,3.900000095367432,4.099999904632568,3.900000095367432,3.950000047683716,28092554
2024-03-15,FCSSOFT,3.950000047683716,4.099999904632568,3.849999904632568,3.950000047683716,15176978
2024-03-18,FCSSOFT,4.0,4.099999904632568,3.950000047683716,4.0,8060712
2024-03-19,FCSSOFT,4.0,4.0,3.799999952316284,3.849999904632568,7502665
2024-03-20,FCSSOFT,3.900000095367432,3.900000095367432,3.700000047683716,3.75,7057073
2024-03-21,FCSSOFT,3.799999952316284,3.900000095367432,3.799999952316284,3.849999904632568,6725851
2024-03-22,FCSSOFT,3.849999904632568,3.849999904632568,3.700000047683716,3.75,12781186
2024-03-26,FCSSOFT,3.75,3.75,3.5999999046325684,3.5999999046325684,10172090
2024-03-27,FCSSOFT,3.549999952316284,3.700000047683716,3.549999952316284,3.5999999046325684,8771013
2024-03-28,FCSSOFT,3.650000095367432,3.75,3.5999999046325684,3.650000095367432,8966469
2024-03-01,FDC,438.2999877929688,446.0,435.4500122070313,443.8500061035156,180528
2024-03-04,FDC,448.4500122070313,466.2000122070313,448.3999938964844,459.6000061035156,565062
2024-03-05,FDC,460.0,463.3500061035156,454.5,459.5499877929688,197233
2024-03-06,FDC,459.0,459.0,442.2999877929688,450.4500122070313,164360
2024-03-07,FDC,451.1000061035156,457.0,446.4500122070313,449.3999938964844,115918
2024-03-11,FDC,451.8999938964844,452.7999877929688,427.1000061035156,434.25,103467
2024-03-12,FDC,433.75,438.1000061035156,429.25,430.3999938964844,123078
2024-03-13,FDC,431.0,432.8500061035156,420.7999877929688,423.75,189785
2024-03-14,FDC,420.3999938964844,440.2999877929688,419.6499938964844,437.4500122070313,192359
2024-03-15,FDC,436.0,436.1000061035156,426.9500122070313,428.0499877929688,81429
2024-03-18,FDC,428.0,439.3500061035156,428.0,431.2000122070313,125236
2024-03-19,FDC,430.0,437.0,424.0,427.0,119514
2024-03-20,FDC,427.0,439.1000061035156,419.9500122070313,437.0499877929688,100570
2024-03-21,FDC,439.25,439.25,425.1000061035156,436.2000122070313,97815
2024-03-22,FDC,434.8999938964844,435.0499877929688,425.25,429.75,66310
2024-03-26,FDC,431.0,433.25,419.8999938964844,420.7000122070313,154395
2024-03-27,FDC,421.0,427.6499938964844,420.0,423.8999938964844,80175
2024-03-28,FDC,426.0,432.5,423.3500061035156,424.8999938964844,114410
2024-03-01,FEDERALBNK,151.39999389648438,153.0,150.89999389648438,152.60000610351562,7683577
2024-03-04,FEDERALBNK,154.3000030517578,154.3000030517578,152.14999389648438,153.60000610351562,11491625
2024-03-05,FEDERALBNK,153.1999969482422,157.1999969482422,153.10000610351562,155.1999969482422,15097161
2024-03-06,FEDERALBNK,155.4499969482422,158.5500030517578,152.6999969482422,157.25,28581350
2024-03-07,FEDERALBNK,157.9499969482422,158.0,155.64999389648438,156.35000610351562,7038942
2024-03-11,FEDERALBNK,156.35000610351562,157.1999969482422,154.64999389648438,155.39999389648438,12353089
2024-03-12,FEDERALBNK,156.0,156.35000610351562,151.25,151.75,12926472
2024-03-13,FEDERALBNK,152.35000610351562,152.75,146.75,148.5,12273615
2024-03-14,FEDERALBNK,146.0,148.25,139.64999389648438,146.0500030517578,23395531
2024-03-15,FEDERALBNK,146.75,151.14999389648438,146.0,150.4499969482422,18505435
2024-03-18,FEDERALBNK,151.0,152.25,146.89999389648438,147.35000610351562,20703599
2024-03-19,FEDERALBNK,148.0,148.5,145.64999389648438,147.5,8094302
2024-03-20,FEDERALBNK,148.9499969482422,149.39999389648438,145.85000610351562,147.4499969482422,14058739
2024-03-21,FEDERALBNK,149.0,150.25,147.0,149.9499969482422,6212045
2024-03-22,FEDERALBNK,150.0,151.3000030517578,149.10000610351562,149.60000610351562,8409218
2024-03-26,FEDERALBNK,149.60000610351562,151.5,148.64999389648438,149.8000030517578,7742995
2024-03-27,FEDERALBNK,149.8000030517578,151.39999389648438,148.5,149.8000030517578,20853016
2024-03-28,FEDERALBNK,150.9499969482422,151.0,149.0500030517578,150.1999969482422,7208707
2024-03-01,FEDFINA,119.75,123.25,119.75,122.8000030517578,367606
2024-03-04,FEDFINA,127.0,129.5,126.0500030517578,126.6500015258789,1463394
2024-03-05,FEDFINA,129.0,129.25,124.3499984741211,127.0,1478704
2024-03-06,FEDFINA,127.5,127.5,124.5,124.75,663218
2024-03-07,FEDFINA,125.8499984741211,125.8499984741211,122.4000015258789,122.9499969482422,364657
2024-03-11,FEDFINA,123.4000015258789,123.6500015258789,120.0999984741211,120.3499984741211,224087
2024-03-12,FEDFINA,120.9000015258789,121.25,116.0,116.3000030517578,613776
2024-03-13,FEDFINA,117.9000015258789,118.3000030517578,108.75,113.3000030517578,1334046
2024-03-14,FEDFINA,113.3000030517578,121.25,113.0,116.6500015258789,2974707
2024-03-15,FEDFINA,116.75,117.9000015258789,115.0999984741211,116.8499984741211,470885
2024-03-18,FEDFINA,117.8000030517578,118.6500015258789,115.5500030517578,115.9000015258789,322590
2024-03-19,FEDFINA,118.0,118.0,114.5999984741211,115.1999969482422,439629
2024-03-20,FEDFINA,115.9499969482422,116.8000030517578,113.5999984741211,115.9499969482422,673131
2024-03-21,FEDFINA,117.5,117.5,114.8000030517578,116.1999969482422,545274
2024-03-22,FEDFINA,116.1999969482422,116.8499984741211,114.4499969482422,116.0999984741211,747418
2024-03-26,FEDFINA,116.1999969482422,116.5,114.3000030517578,114.9000015258789,1068687
2024-03-27,FEDFINA,114.75,117.8499984741211,114.0500030517578,115.1500015258789,1301582
2024-03-28,FEDFINA,114.5999984741211,115.8499984741211,113.0500030517578,113.4499969482422,518702
2024-03-01,FEL,0.75,0.75,0.75,0.75,271198
2024-03-04,FEL,0.8500000238418579,0.8500000238418579,0.8500000238418579,0.8500000238418579,599309
2024-03-05,FEL,0.8999999761581421,0.8999999761581421,0.800000011920929,0.800000011920929,1273465
2024-03-06,FEL,0.800000011920929,0.8500000238418579,0.75,0.800000011920929,343809
2024-03-07,FEL,0.75,0.800000011920929,0.75,0.75,1526340
2024-03-11,FEL,0.75,0.75,0.699999988079071,0.75,907021
2024-03-12,FEL,0.75,0.75,0.699999988079071,0.75,397228
2024-03-13,FEL,0.75,0.75,0.699999988079071,0.699999988079071,607806
2024-03-14,FEL,0.699999988079071,0.75,0.699999988079071,0.699999988079071,959837
2024-03-15,FEL,0.75,0.75,0.699999988079071,0.75,427750
2024-03-18,FEL,0.699999988079071,0.800000011920929,0.699999988079071,0.699999988079071,518839
2024-03-19,FEL,0.699999988079071,0.75,0.699999988079071,0.699999988079071,639260
2024-03-20,FEL,0.699999988079071,0.75,0.699999988079071,0.75,1175424
2024-03-21,FEL,0.75,0.800000011920929,0.699999988079071,0.699999988079071,530822
2024-03-22,FEL,0.699999988079071,0.75,0.699999988079071,0.699999988079071,520430
2024-03-26,FEL,0.699999988079071,0.75,0.6499999761581421,0.6499999761581421,1120434
2024-03-27,FEL,0.699999988079071,0.699999988079071,0.6499999761581421,0.6499999761581421,955610
2024-03-28,FEL,0.6499999761581421,0.699999988079071,0.6000000238418579,0.6000000238418579,1197701
2024-03-01,FELDVR,5.550000190734863,5.800000190734863,5.300000190734863,5.5,22383
2024-03-04,FELDVR,5.050000190734863,5.5,5.050000190734863,5.5,31069
2024-03-05,FELDVR,5.300000190734863,5.650000095367432,5.300000190734863,5.5,7392
2024-03-06,FELDVR,5.650000095367432,5.650000095367432,5.25,5.25,10378
2024-03-07,FELDVR,5.25,5.5,5.199999809265137,5.5,12808
2024-03-11,FELDVR,5.75,5.75,5.300000190734863,5.75,10923
2024-03-12,FELDVR,5.75,5.75,5.5,5.5,6068
2024-03-13,FELDVR,5.5,5.5,5.25,5.300000190734863,11743
2024-03-14,FELDVR,5.199999809265137,5.400000095367432,5.050000190734863,5.349999904632568,11616
2024-03-15,FELDVR,5.599999904632568,5.599999904632568,5.099999904632568,5.5,18953
2024-03-18,FELDVR,5.5,5.5,5.25,5.400000095367432,7281
2024-03-19,FELDVR,5.25,5.25,5.150000095367432,5.150000095367432,1063
2024-03-20,FELDVR,4.900000095367432,5.349999904632568,4.900000095367432,4.900000095367432,12051
2024-03-21,FELDVR,4.900000095367432,5.099999904632568,4.650000095367432,5.050000190734863,18452
2024-03-22,FELDVR,5.25,5.25,4.800000190734863,4.949999809265137,9822
2024-03-26,FELDVR,4.900000095367432,4.900000095367432,4.699999809265137,4.699999809265137,12181
2024-03-27,FELDVR,4.5,4.5,4.5,4.5,19382
2024-03-28,FELDVR,4.5,4.699999809265137,4.300000190734863,4.300000190734863,11066
2024-03-01,FIBERWEB,38.0,38.54999923706055,37.29999923706055,37.900001525878906,52794
2024-03-04,FIBERWEB,38.04999923706055,38.5,36.0,36.95000076293945,93168
2024-03-05,FIBERWEB,37.400001525878906,37.650001525878906,36.54999923706055,36.95000076293945,48264
2024-03-06,FIBERWEB,37.04999923706055,37.04999923706055,35.0,35.70000076293945,66755
2024-03-07,FIBERWEB,35.95000076293945,38.75,35.599998474121094,37.04999923706055,159456
2024-03-11,FIBERWEB,37.54999923706055,38.0,35.400001525878906,35.79999923706055,150129
2024-03-12,FIBERWEB,35.79999923706055,35.95000076293945,33.650001525878906,33.900001525878906,99959
2024-03-13,FIBERWEB,33.5,34.599998474121094,30.100000381469727,31.049999237060547,188322
2024-03-14,FIBERWEB,31.950000762939453,34.400001525878906,30.14999961853028,32.400001525878906,216237
2024-03-15,FIBERWEB,32.70000076293945,32.95000076293945,32.0,32.400001525878906,46320
2024-03-18,FIBERWEB,32.099998474121094,33.900001525878906,32.099998474121094,32.400001525878906,63365
2024-03-19,FIBERWEB,32.849998474121094,33.0,31.25,31.5,57497
2024-03-20,FIBERWEB,31.5,33.0,31.100000381469727,31.350000381469727,136663
2024-03-21,FIBERWEB,31.700000762939453,32.150001525878906,31.5,31.549999237060547,54598
2024-03-22,FIBERWEB,31.75,32.349998474121094,31.049999237060547,31.850000381469727,83643
2024-03-26,FIBERWEB,32.04999923706055,32.29999923706055,30.950000762939453,31.25,140798
2024-03-27,FIBERWEB,31.25,31.799999237060547,30.549999237060547,31.25,180715
2024-03-28,FIBERWEB,31.549999237060547,33.0,29.0,30.350000381469727,194772
2024-03-01,FIEMIND,1165.0999755859375,1194.5999755859375,1165.0999755859375,1181.75,47332
2024-03-04,FIEMIND,1208.9000244140625,1224.0,1173.6500244140625,1186.1500244140625,37186
2024-03-05,FIEMIND,1196.0,1197.8499755859375,1172.050048828125,1181.449951171875,29748
2024-03-06,FIEMIND,1184.949951171875,1191.25,1130.5,1146.1500244140625,44091
2024-03-07,FIEMIND,1147.8499755859375,1154.1500244140625,1130.050048828125,1137.1500244140625,21980
2024-03-11,FIEMIND,1137.1500244140625,1137.1500244140625,1089.8499755859375,1095.0999755859375,54808
2024-03-12,FIEMIND,1095.0999755859375,1115.0,1070.0,1086.3499755859375,41322
2024-03-13,FIEMIND,1061.0,1075.0,1008.7999877929688,1016.0,119361
2024-03-14,FIEMIND,1016.9500122070312,1049.0,981.0,1014.7000122070312,149942
2024-03-15,FIEMIND,1011.1500244140624,1047.0,995.0,1020.2999877929688,66202
2024-03-18,FIEMIND,1035.0,1040.0,1005.0,1017.8499755859376,51707
2024-03-19,FIEMIND,1020.0,1028.0,1000.0,1002.5999755859376,47398
2024-03-20,FIEMIND,1005.0,1018.0999755859376,984.0,1013.7000122070312,54331
2024-03-21,FIEMIND,1021.0,1049.0,1014.0999755859376,1035.199951171875,61650
2024-03-22,FIEMIND,1035.0,1114.0,1027.9000244140625,1100.6500244140625,108598
2024-03-26,FIEMIND,1100.9000244140625,1111.75,1071.0,1096.5999755859375,89417
2024-03-27,FIEMIND,1120.0,1123.0,1068.6500244140625,1076.449951171875,67736
2024-03-28,FIEMIND,1098.0,1176.0,1092.0,1132.75,208618
2024-03-01,FILATEX,73.0,74.30000305175781,71.8499984741211,72.30000305175781,3292016
2024-03-04,FILATEX,72.3499984741211,73.25,69.05000305175781,69.6500015258789,2826529
2024-03-05,FILATEX,69.6500015258789,71.0,66.9000015258789,67.4000015258789,2582984
2024-03-06,FILATEX,67.0999984741211,67.94999694824219,63.70000076293945,65.44999694824219,4162569
2024-03-07,FILATEX,65.1500015258789,68.0999984741211,64.9000015258789,66.4000015258789,1854310
2024-03-11,FILATEX,66.69999694824219,67.19999694824219,61.34999847412109,61.900001525878906,2858672
2024-03-12,FILATEX,62.09999847412109,63.20000076293945,58.84999847412109,59.34999847412109,4299769
2024-03-13,FILATEX,59.0,60.20000076293945,50.59999847412109,52.650001525878906,4586688
2024-03-14,FILATEX,52.0,56.25,49.70000076293945,55.29999923706055,4231638
2024-03-15,FILATEX,54.95000076293945,57.84999847412109,53.54999923706055,54.150001525878906,3911789
2024-03-18,FILATEX,54.5,62.25,54.5,59.79999923706055,7131756
2024-03-19,FILATEX,59.79999923706055,61.75,57.54999923706055,58.25,3993710
2024-03-20,FILATEX,58.20000076293945,60.0,56.09999847412109,58.25,1787821
2024-03-21,FILATEX,58.900001525878906,62.84999847412109,58.34999847412109,60.75,4646991
2024-03-22,FILATEX,60.79999923706055,62.400001525878906,60.79999923706055,61.650001525878906,2002308
2024-03-26,FILATEX,61.5,61.75,58.900001525878906,59.150001525878906,1447252
2024-03-27,FILATEX,59.400001525878906,60.25,58.150001525878906,59.20000076293945,1937516
2024-03-28,FILATEX,59.45000076293945,60.59999847412109,56.150001525878906,58.54999923706055,1679279
2024-03-01,FINCABLES,927.8499755859376,928.0,907.5,914.8499755859376,292596
2024-03-04,FINCABLES,961.0,969.5999755859376,942.0,955.75,163116
2024-03-05,FINCABLES,950.0,954.6500244140624,924.25,936.7000122070312,178214
2024-03-06,FINCABLES,940.9500122070312,942.2000122070312,917.0999755859376,923.5999755859376,167148
2024-03-07,FINCABLES,925.5,933.4000244140624,901.0499877929688,906.4000244140624,359953
2024-03-11,FINCABLES,905.2000122070312,916.0,888.8499755859375,892.4000244140625,171023
2024-03-12,FINCABLES,894.5,901.7999877929688,877.0499877929688,883.5499877929688,201692
2024-03-13,FINCABLES,884.25,885.0,833.2999877929688,844.0999755859375,469662
2024-03-14,FINCABLES,844.0999755859375,859.5,831.25,838.7999877929688,388983
2024-03-15,FINCABLES,841.0,897.8499755859375,832.7999877929688,877.9500122070312,1342404
2024-03-18,FINCABLES,877.9500122070312,886.2999877929688,854.0,877.0999755859375,192802
2024-03-19,FINCABLES,879.9500122070312,910.6500244140624,871.0,884.0,505706
2024-03-20,FINCABLES,884.5,889.5,864.4500122070312,885.0999755859375,192333
2024-03-21,FINCABLES,891.75,905.0,882.3499755859375,886.5499877929688,413216
2024-03-22,FINCABLES,889.9000244140625,892.8499755859375,875.5,889.7999877929688,219678
2024-03-26,FINCABLES,889.7999877929688,978.75,889.7999877929688,967.3499755859376,2155118
2024-03-27,FINCABLES,975.9500122070312,1008.9000244140624,952.6500244140624,974.5,727965
2024-03-28,FINCABLES,969.0,1005.0,961.7999877929688,1001.0,344769
2024-03-01,FINEORG,4365.0,4371.0,4300.0,4312.35009765625,17423
2024-03-04,FINEORG,4310.0,4368.0,4310.0,4316.25,34068
2024-03-05,FINEORG,4319.0,4360.0,4299.14990234375,4313.35009765625,20549
2024-03-06,FINEORG,4339.7001953125,4340.0,4245.0,4251.5498046875,23963
2024-03-07,FINEORG,4289.89990234375,4291.7998046875,4213.0,4233.9501953125,23389
2024-03-11,FINEORG,4254.9501953125,4254.9501953125,4177.35009765625,4194.5,21656
2024-03-12,FINEORG,4213.39990234375,4219.9501953125,4133.0,4145.75,23667
2024-03-13,FINEORG,4145.0,4155.9501953125,4090.0,4100.14990234375,26984
2024-03-14,FINEORG,4100.0498046875,4152.9501953125,4070.0,4077.0,30695
2024-03-15,FINEORG,4075.0,4144.5498046875,4050.0,4058.300048828125,25747
2024-03-18,FINEORG,4069.85009765625,4130.0,4060.0,4093.5,20494
2024-03-19,FINEORG,4119.9501953125,4125.9501953125,4050.0,4080.75,16778
2024-03-20,FINEORG,4060.0,4111.9501953125,4026.800048828125,4044.199951171875,23686
2024-03-21,FINEORG,4046.60009765625,4105.0,4046.60009765625,4068.60009765625,14758
2024-03-22,FINEORG,4088.949951171875,4185.0,4071.10009765625,4111.25,26149
2024-03-26,FINEORG,4100.0,4111.25,4050.0,4053.050048828125,35690
2024-03-27,FINEORG,4054.050048828125,4110.0,4054.050048828125,4089.25,46369
2024-03-28,FINEORG,4096.0,4127.25,4021.0,4034.85009765625,42934
2024-03-01,FINOPB,305.20001220703125,311.3500061035156,302.3500061035156,303.8999938964844,54910
2024-03-04,FINOPB,306.04998779296875,309.45001220703125,301.54998779296875,307.04998779296875,49229
2024-03-05,FINOPB,307.04998779296875,310.0,298.6000061035156,305.75,75495
2024-03-06,FINOPB,306.0,309.95001220703125,296.1499938964844,308.3500061035156,163218
2024-03-07,FINOPB,308.3500061035156,330.29998779296875,305.04998779296875,325.6499938964844,476399
2024-03-11,FINOPB,325.29998779296875,327.6000061035156,313.29998779296875,319.1000061035156,202459
2024-03-12,FINOPB,319.1000061035156,319.79998779296875,300.0,306.6000061035156,185171
2024-03-13,FINOPB,305.75,307.3999938964844,279.0,282.25,270659
2024-03-14,FINOPB,282.6000061035156,298.1499938964844,282.6000061035156,288.70001220703125,152315
2024-03-15,FINOPB,288.70001220703125,294.0,285.95001220703125,290.0,87552
2024-03-18,FINOPB,294.95001220703125,294.95001220703125,282.8500061035156,285.54998779296875,69316
2024-03-19,FINOPB,285.04998779296875,289.8999938964844,282.6000061035156,284.1499938964844,60104
2024-03-20,FINOPB,282.6000061035156,288.0,282.6000061035156,285.8999938964844,55873
2024-03-21,FINOPB,287.6499938964844,296.1000061035156,286.70001220703125,293.25,73230
2024-03-22,FINOPB,291.20001220703125,293.20001220703125,290.0,290.45001220703125,69370
2024-03-26,FINOPB,290.45001220703125,293.79998779296875,282.75,285.3999938964844,79881
2024-03-27,FINOPB,285.3999938964844,287.0,274.6000061035156,276.1499938964844,136810
2024-03-28,FINOPB,278.75,288.1499938964844,275.1499938964844,284.29998779296875,120833
2024-03-01,FINPIPE,219.3999938964844,227.0,219.3000030517578,223.1499938964844,969847
2024-03-04,FINPIPE,226.0,226.3500061035156,220.6499938964844,222.0500030517578,495809
2024-03-05,FINPIPE,222.0500030517578,225.0,219.6499938964844,223.8999938964844,1152847
2024-03-06,FINPIPE,224.0,224.8000030517578,219.0,223.8000030517578,588768
2024-03-07,FINPIPE,222.3000030517578,235.0,222.3000030517578,231.3000030517578,3258704
2024-03-11,FINPIPE,232.8500061035156,235.0,224.5,225.1999969482422,1154509
2024-03-12,FINPIPE,225.1999969482422,226.1999969482422,208.0500030517578,214.75,2067763
2024-03-13,FINPIPE,215.75,215.8999938964844,204.0500030517578,207.3000030517578,1295072
2024-03-14,FINPIPE,207.25,216.5,203.3999938964844,211.0,653138
2024-03-15,FINPIPE,211.9499969482422,215.5500030517578,210.0,213.4499969482422,1092553
2024-03-18,FINPIPE,214.5500030517578,227.5,214.3999938964844,226.3999938964844,1638075
2024-03-19,FINPIPE,225.5500030517578,225.5500030517578,219.1000061035156,219.8999938964844,582761
2024-03-20,FINPIPE,221.0,221.6999969482422,215.1999969482422,216.8999938964844,638405
2024-03-21,FINPIPE,218.0,226.5,216.8999938964844,224.3000030517578,843182
2024-03-22,FINPIPE,225.0500030517578,241.3999938964844,222.3000030517578,235.6000061035156,3030302
2024-03-26,FINPIPE,235.6000061035156,249.9499969482422,231.8000030517578,244.75,4904677
2024-03-27,FINPIPE,244.75,252.0,244.0,249.8000030517578,2686883
2024-03-28,FINPIPE,250.0,252.6499938964844,244.25,246.4499969482422,831154
2024-03-01,FIVESTAR,705.0,718.7000122070312,700.2000122070312,704.5999755859375,400197
2024-03-04,FIVESTAR,711.4500122070312,711.9000244140625,681.0,683.7000122070312,429734
2024-03-05,FIVESTAR,688.75,691.6500244140625,669.0499877929688,672.2000122070312,771372
2024-03-06,FIVESTAR,672.2000122070312,681.5999755859375,652.1500244140625,659.0499877929688,912981
2024-03-07,FIVESTAR,662.0499877929688,681.5999755859375,653.2999877929688,664.7999877929688,652929
2024-03-11,FIVESTAR,673.9500122070312,697.0999755859375,661.0,666.2999877929688,862161
2024-03-12,FIVESTAR,669.5999755859375,673.9500122070312,649.3499755859375,652.9500122070312,325436
2024-03-13,FIVESTAR,654.0,663.75,606.2000122070312,609.9000244140625,333775
2024-03-14,FIVESTAR,609.9000244140625,633.0,600.0499877929688,625.9500122070312,520720
2024-03-15,FIVESTAR,629.0,641.1500244140625,610.5499877929688,617.0999755859375,355703
2024-03-18,FIVESTAR,615.0,649.0,614.0,642.8499755859375,484692
2024-03-19,FIVESTAR,642.9000244140625,657.4500122070312,633.1500244140625,652.4000244140625,448710
2024-03-20,FIVESTAR,659.2000122070312,693.9500122070312,646.0,679.0499877929688,954704
2024-03-21,FIVESTAR,680.0,706.0,679.0499877929688,699.6500244140625,353119
2024-03-22,FIVESTAR,697.0499877929688,720.0,694.0,715.75,861786
2024-03-26,FIVESTAR,714.1500244140625,717.2000122070312,693.0,697.75,770246
2024-03-27,FIVESTAR,702.9000244140625,737.7000122070312,700.8499755859375,729.8499755859375,719184
2024-03-28,FIVESTAR,733.25,737.0499877929688,711.8499755859375,719.4500122070312,1466430
2024-03-01,FLAIR,283.45001220703125,286.5,278.1000061035156,279.79998779296875,113206
2024-03-04,FLAIR,284.1000061035156,286.70001220703125,275.79998779296875,277.8999938964844,353887
2024-03-05,FLAIR,280.0,280.8500061035156,272.6000061035156,274.8999938964844,153429
2024-03-06,FLAIR,273.0,276.8500061035156,268.54998779296875,270.95001220703125,129807
2024-03-07,FLAIR,272.95001220703125,276.3500061035156,270.0,273.25,128641
2024-03-11,FLAIR,273.3500061035156,276.04998779296875,265.0,265.54998779296875,128618
2024-03-12,FLAIR,266.04998779296875,267.3999938964844,255.8000030517578,258.0,178829
2024-03-13,FLAIR,258.0,260.8500061035156,248.0,251.75,221680
2024-03-14,FLAIR,246.1000061035156,262.0,246.1000061035156,260.3999938964844,375037
2024-03-15,FLAIR,260.04998779296875,264.6499938964844,257.5,259.79998779296875,268364
2024-03-18,FLAIR,264.95001220703125,264.95001220703125,260.0,261.75,106745
2024-03-19,FLAIR,263.70001220703125,263.8999938964844,258.3999938964844,259.79998779296875,127764
2024-03-20,FLAIR,260.5,261.70001220703125,258.5,259.6499938964844,98165
2024-03-21,FLAIR,264.8999938964844,264.8999938964844,259.6499938964844,260.04998779296875,92889
2024-03-22,FLAIR,260.0,263.45001220703125,259.25,260.70001220703125,131312
2024-03-26,FLAIR,260.75,269.79998779296875,259.04998779296875,260.79998779296875,341344
2024-03-27,FLAIR,263.8999938964844,265.0,250.0,251.1000061035156,437403
2024-03-28,FLAIR,251.5,256.0,247.0500030517578,250.8500061035156,263265
2024-03-01,FLEXITUFF,38.5,40.70000076293945,38.45000076293945,39.70000076293945,102450
2024-03-04,FLEXITUFF,40.29999923706055,42.0,38.95000076293945,39.29999923706055,4578
2024-03-05,FLEXITUFF,39.54999923706055,43.20000076293945,39.54999923706055,39.79999923706055,45598
2024-03-06,FLEXITUFF,39.400001525878906,41.34999847412109,37.0,37.45000076293945,25928
2024-03-07,FLEXITUFF,37.150001525878906,39.84999847412109,35.0,37.59999847412109,4173
2024-03-11,FLEXITUFF,41.0,41.0,35.75,36.650001525878906,18366
2024-03-12,FLEXITUFF,36.04999923706055,37.0,34.04999923706055,35.04999923706055,11457
2024-03-13,FLEXITUFF,35.04999923706055,35.79999923706055,33.650001525878906,34.54999923706055,13550
2024-03-14,FLEXITUFF,36.45000076293945,36.95000076293945,33.0,35.400001525878906,16031
2024-03-15,FLEXITUFF,35.150001525878906,36.5,33.20000076293945,34.75,15005
2024-03-18,FLEXITUFF,34.75,36.70000076293945,33.349998474121094,34.5,17050
2024-03-19,FLEXITUFF,35.20000076293945,36.650001525878906,34.54999923706055,36.04999923706055,18050
2024-03-20,FLEXITUFF,36.75,36.75,34.54999923706055,34.900001525878906,4504
2024-03-21,FLEXITUFF,36.70000076293945,36.70000076293945,34.70000076293945,35.099998474121094,10372
2024-03-22,FLEXITUFF,36.34999847412109,38.59999847412109,36.25,38.59999847412109,15670
2024-03-26,FLEXITUFF,42.45000076293945,42.45000076293945,42.45000076293945,42.45000076293945,269944
2024-03-27,FLEXITUFF,44.54999923706055,44.54999923706055,44.54999923706055,44.54999923706055,137783
2024-03-28,FLEXITUFF,46.75,46.75,46.75,46.75,158949
2024-03-01,FLFL,2.75,2.75,2.650000095367432,2.700000047683716,182734
2024-03-04,FLFL,2.700000047683716,2.75,2.650000095367432,2.650000095367432,77181
2024-03-05,FLFL,2.650000095367432,2.700000047683716,2.5999999046325684,2.650000095367432,53123
2024-03-06,FLFL,2.650000095367432,2.700000047683716,2.549999952316284,2.549999952316284,134177
2024-03-07,FLFL,2.5999999046325684,2.5999999046325684,2.5,2.549999952316284,153948
2024-03-11,FLFL,2.549999952316284,2.5999999046325684,2.450000047683716,2.450000047683716,198638
2024-03-12,FLFL,2.450000047683716,2.549999952316284,2.450000047683716,2.549999952316284,174079
2024-03-13,FLFL,2.549999952316284,2.549999952316284,2.450000047683716,2.450000047683716,111720
2024-03-14,FLFL,2.450000047683716,2.5,2.400000095367432,2.450000047683716,121289
2024-03-15,FLFL,2.400000095367432,2.549999952316284,2.400000095367432,2.450000047683716,94398
2024-03-18,FLFL,2.5,2.549999952316284,2.400000095367432,2.450000047683716,80918
2024-03-19,FLFL,2.450000047683716,2.5,2.3499999046325684,2.400000095367432,168390
2024-03-20,FLFL,2.400000095367432,2.450000047683716,2.299999952316284,2.299999952316284,126945
2024-03-21,FLFL,2.400000095367432,2.400000095367432,2.299999952316284,2.3499999046325684,57620
2024-03-22,FLFL,2.3499999046325684,2.400000095367432,2.25,2.3499999046325684,266647
2024-03-26,FLFL,2.299999952316284,2.400000095367432,2.25,2.25,282922
2024-03-27,FLFL,2.25,2.299999952316284,2.150000095367432,2.150000095367432,155558
2024-03-28,FLFL,2.200000047683716,2.200000047683716,2.049999952316284,2.049999952316284,269048
2024-03-01,FLUOROCHEM,3704.199951171875,3834.5,3642.449951171875,3670.300048828125,130083
2024-03-04,FLUOROCHEM,3641.050048828125,3665.949951171875,3461.0,3491.050048828125,90351
2024-03-05,FLUOROCHEM,3499.0,3610.0,3482.35009765625,3600.550048828125,138300
2024-03-06,FLUOROCHEM,3578.949951171875,3650.0,3405.0,3592.0,121270
2024-03-07,FLUOROCHEM,3606.89990234375,3606.89990234375,3518.85009765625,3537.0,30376
2024-03-11,FLUOROCHEM,3525.10009765625,3606.35009765625,3420.0,3435.85009765625,34550
2024-03-12,FLUOROCHEM,3430.0,3467.60009765625,3330.050048828125,3365.800048828125,81260
2024-03-13,FLUOROCHEM,3367.050048828125,3367.050048828125,3151.64990234375,3227.449951171875,91064
2024-03-14,FLUOROCHEM,3211.0,3358.60009765625,3205.050048828125,3290.800048828125,48079
2024-03-15,FLUOROCHEM,3277.85009765625,3357.449951171875,3181.64990234375,3203.300048828125,88926
2024-03-18,FLUOROCHEM,3170.0,3278.10009765625,3170.0,3267.35009765625,179580
2024-03-19,FLUOROCHEM,3220.0,3289.949951171875,3131.050048828125,3144.35009765625,74738
2024-03-20,FLUOROCHEM,3147.0,3169.949951171875,3016.0,3044.35009765625,131450
2024-03-21,FLUOROCHEM,3119.0,3163.949951171875,3076.5,3099.800048828125,79761
2024-03-22,FLUOROCHEM,3111.0,3149.0,3075.0,3122.550048828125,146307
2024-03-26,FLUOROCHEM,3129.89990234375,3166.89990234375,3090.949951171875,3127.35009765625,65134
2024-03-27,FLUOROCHEM,3129.0,3192.0,3083.699951171875,3104.60009765625,131146
2024-03-28,FLUOROCHEM,3136.5,3155.0,3075.0,3097.35009765625,41802
2024-03-01,FMGOETZE,353.1000061035156,359.1000061035156,353.1000061035156,356.70001220703125,51178
2024-03-04,FMGOETZE,358.0,359.45001220703125,353.0,356.3500061035156,58713
2024-03-05,FMGOETZE,356.3500061035156,359.0,353.54998779296875,355.79998779296875,48428
2024-03-06,FMGOETZE,356.95001220703125,357.29998779296875,345.04998779296875,346.3500061035156,69956
2024-03-07,FMGOETZE,348.1000061035156,352.6499938964844,346.45001220703125,349.6499938964844,44257
2024-03-11,FMGOETZE,351.0,354.75,342.79998779296875,346.45001220703125,86871
2024-03-12,FMGOETZE,346.45001220703125,348.75,335.04998779296875,338.0,112431
2024-03-13,FMGOETZE,336.1000061035156,339.8500061035156,321.0,322.79998779296875,201175
2024-03-14,FMGOETZE,322.79998779296875,338.8500061035156,322.79998779296875,334.54998779296875,172929
2024-03-15,FMGOETZE,335.0,345.95001220703125,335.0,342.3999938964844,151500
2024-03-18,FMGOETZE,343.45001220703125,347.8500061035156,339.29998779296875,343.0,145384
2024-03-19,FMGOETZE,344.0,345.0,330.1000061035156,332.3999938964844,230634
2024-03-20,FMGOETZE,332.6499938964844,338.0,327.54998779296875,329.8999938964844,112547
2024-03-21,FMGOETZE,326.79998779296875,334.20001220703125,326.79998779296875,329.04998779296875,84603
2024-03-22,FMGOETZE,326.3999938964844,331.95001220703125,324.95001220703125,326.6499938964844,116846
2024-03-26,FMGOETZE,322.3999938964844,328.0,322.0,322.6499938964844,162024
2024-03-27,FMGOETZE,324.29998779296875,324.29998779296875,313.04998779296875,315.25,258650
2024-03-28,FMGOETZE,318.45001220703125,333.8999938964844,315.25,322.1000061035156,252615
2024-03-01,FMNL,6.650000095367432,6.949999809265137,6.349999904632568,6.650000095367432,119201
2024-03-04,FMNL,6.900000095367432,6.949999809265137,6.650000095367432,6.699999809265137,37813
2024-03-05,FMNL,6.849999904632568,6.849999904632568,6.449999809265137,6.5,20436
2024-03-06,FMNL,6.5,6.550000190734863,6.199999809265137,6.300000190734863,57444
2024-03-07,FMNL,6.199999809265137,6.300000190734863,6.0,6.150000095367432,83213
2024-03-11,FMNL,6.199999809265137,6.300000190734863,5.849999904632568,5.849999904632568,89436
2024-03-12,FMNL,5.849999904632568,6.050000190734863,5.550000190734863,5.650000095367432,72061
2024-03-13,FMNL,5.449999809265137,5.75,5.449999809265137,5.550000190734863,42523
2024-03-14,FMNL,5.800000190734863,5.800000190734863,5.449999809265137,5.800000190734863,19609
2024-03-15,FMNL,6.050000190734863,6.050000190734863,5.75,5.900000095367432,52779
2024-03-18,FMNL,6.150000095367432,6.150000095367432,5.949999809265137,6.150000095367432,32595
2024-03-19,FMNL,6.449999809265137,6.449999809265137,5.849999904632568,6.25,56442
2024-03-20,FMNL,6.25,6.25,6.0,6.199999809265137,39300
2024-03-21,FMNL,6.25,6.300000190734863,6.0,6.099999904632568,131511
2024-03-22,FMNL,6.199999809265137,6.400000095367432,6.0,6.099999904632568,26194
2024-03-26,FMNL,6.349999904632568,6.349999904632568,5.900000095367432,5.949999809265137,25727
2024-03-27,FMNL,5.699999809265137,6.199999809265137,5.650000095367432,5.800000190734863,31477
2024-03-28,FMNL,6.0,6.050000190734863,5.550000190734863,5.599999904632568,66162
2024-03-01,FOCUS,165.5,174.8000030517578,165.0,173.35000610351562,223238
2024-03-04,FOCUS,179.39999389648438,181.8000030517578,172.64999389648438,173.35000610351562,147488
2024-03-05,FOCUS,173.35000610351562,178.64999389648438,171.35000610351562,172.25,103141
2024-03-06,FOCUS,172.35000610351562,177.35000610351562,168.5,176.5,198652
2024-03-07,FOCUS,176.8000030517578,178.0,171.8000030517578,174.14999389648438,166457
2024-03-11,FOCUS,175.60000610351562,176.89999389648438,171.60000610351562,175.14999389648438,90319
2024-03-12,FOCUS,176.89999389648438,182.8999938964844,172.5500030517578,173.85000610351562,408627
2024-03-13,FOCUS,175.60000610351562,176.0,170.25,172.3000030517578,175147
2024-03-14,FOCUS,173.89999389648438,174.89999389648438,171.5,172.10000610351562,85127
2024-03-15,FOCUS,171.5,175.39999389648438,170.5,171.39999389648438,212222
2024-03-18,FOCUS,172.4499969482422,175.0,171.5,172.14999389648438,39529
2024-03-19,FOCUS,172.0,176.0,169.0,170.9499969482422,156866
2024-03-20,FOCUS,170.9499969482422,173.0,167.0500030517578,169.10000610351562,69568
2024-03-21,FOCUS,169.0,171.14999389648438,161.39999389648438,164.85000610351562,147173
2024-03-22,FOCUS,164.0,166.1999969482422,157.35000610351562,158.14999389648438,247782
2024-03-26,FOCUS,156.5500030517578,158.89999389648438,148.1999969482422,149.89999389648438,214530
2024-03-27,FOCUS,150.60000610351562,150.60000610351562,139.14999389648438,142.0,633128
2024-03-28,FOCUS,143.0500030517578,150.89999389648438,142.0500030517578,143.85000610351562,268608
2024-03-01,FOODSIN,145.4499969482422,159.3000030517578,142.60000610351562,154.35000610351562,1068730
2024-03-04,FOODSIN,156.6999969482422,158.89999389648438,152.39999389648438,153.89999389648438,366432
2024-03-05,FOODSIN,154.0,155.25,147.0500030517578,147.8000030517578,275295
2024-03-06,FOODSIN,146.85000610351562,147.3000030517578,141.4499969482422,143.3000030517578,216198
2024-03-07,FOODSIN,143.5,149.6999969482422,143.5,145.14999389648438,157990
2024-03-11,FOODSIN,145.0,147.10000610351562,138.1999969482422,139.0500030517578,241986
2024-03-12,FOODSIN,141.9499969482422,141.9499969482422,133.0,135.1999969482422,305946
2024-03-13,FOODSIN,135.3000030517578,136.6999969482422,126.3000030517578,131.9499969482422,366376
2024-03-14,FOODSIN,133.75,145.0500030517578,129.14999389648438,140.35000610351562,1469363
2024-03-15,FOODSIN,140.5,145.0,131.6999969482422,133.1999969482422,1067206
2024-03-18,FOODSIN,134.5,136.64999389648438,132.5,132.89999389648438,239570
2024-03-19,FOODSIN,133.0,134.0500030517578,129.3000030517578,133.25,327547
2024-03-20,FOODSIN,133.10000610351562,134.0,127.1500015258789,127.9000015258789,396945
2024-03-21,FOODSIN,130.0,133.0,128.9499969482422,129.3000030517578,229759
2024-03-22,FOODSIN,130.0,134.5,129.10000610351562,130.9499969482422,338416
2024-03-26,FOODSIN,130.9499969482422,133.39999389648438,127.4000015258789,130.10000610351562,371736
2024-03-27,FOODSIN,130.25,132.14999389648438,130.25,130.85000610351562,460283
2024-03-28,FOODSIN,131.89999389648438,134.5,129.1999969482422,130.35000610351562,240696
2024-03-01,IRCTC,934.0,938.0499877929688,927.0,929.2999877929688,1305118
2024-03-04,IRCTC,934.7999877929688,945.8499755859376,923.9500122070312,938.0,2010812
2024-03-05,IRCTC,938.0,941.25,928.6500244140624,935.7999877929688,1167131
2024-03-06,IRCTC,936.0,937.0,911.5499877929688,929.0499877929688,1888149
2024-03-07,IRCTC,931.5999755859376,946.4500122070312,930.1500244140624,937.2000122070312,1565514
2024-03-11,IRCTC,937.2000122070312,961.0,931.0499877929688,938.5999755859376,3587812
2024-03-12,IRCTC,939.0,941.4000244140624,915.5,920.9500122070312,1570749
2024-03-13,IRCTC,925.1500244140624,931.5,869.0,880.6500244140625,4244094
2024-03-14,IRCTC,875.0499877929688,905.3499755859376,862.75,898.75,2731461
2024-03-15,IRCTC,899.0,916.1500244140624,877.0499877929688,912.5,3393550
2024-03-18,IRCTC,912.5,922.9500122070312,904.0,918.9000244140624,1605008
2024-03-19,IRCTC,918.9000244140624,918.9000244140624,900.0,906.4000244140624,1737458
2024-03-20,IRCTC,906.0,916.5,882.7999877929688,901.9000244140624,1978201
2024-03-21,IRCTC,913.0,943.9000244140624,910.2000122070312,934.75,3688075
2024-03-22,IRCTC,938.9000244140624,940.9000244140624,926.5,928.7000122070312,1554947
2024-03-26,IRCTC,928.7000122070312,936.75,920.1500244140624,928.75,1707716
2024-03-27,IRCTC,930.9500122070312,940.2000122070312,926.4000244140624,929.9500122070312,1511283
2024-03-28,IRCTC,933.4000244140624,939.4000244140624,925.0,929.7000122070312,1729773
2024-03-01,IREDA,153.4499969482422,157.5500030517578,150.85000610351562,157.25,24614814
2024-03-04,IREDA,160.8000030517578,160.8000030517578,152.85000610351562,152.89999389648438,20299727
2024-03-05,IREDA,151.0,154.25,146.0,146.8000030517578,22487081
2024-03-06,IREDA,147.1999969482422,149.60000610351562,140.0,141.75,28753729
2024-03-07,IREDA,142.0500030517578,148.8000030517578,140.14999389648438,147.9499969482422,22757080
2024-03-11,IREDA,148.89999389648438,148.89999389648438,140.8000030517578,141.10000610351562,17124387
2024-03-12,IREDA,143.5,143.5,134.0500030517578,134.0500030517578,32417965
2024-03-13,IREDA,133.75,136.5,127.3499984741211,127.3499984741211,33355997
2024-03-14,IREDA,122.5500030517578,133.39999389648438,121.0500030517578,132.3000030517578,64900398
2024-03-15,IREDA,130.0,133.39999389648438,126.6999969482422,128.75,22010436
2024-03-18,IREDA,129.5500030517578,135.0,127.8000030517578,133.14999389648438,20658376
2024-03-19,IREDA,132.0,132.8000030517578,128.64999389648438,129.35000610351562,12511667
2024-03-20,IREDA,128.0,129.89999389648438,124.4000015258789,125.8000030517578,14062942
2024-03-21,IREDA,127.25,132.0500030517578,126.5,132.0500030517578,19716558
2024-03-22,IREDA,133.6999969482422,138.64999389648438,132.1999969482422,138.64999389648438,22898920
2024-03-26,IREDA,141.39999389648438,144.4499969482422,139.35000610351562,140.75,21428828
2024-03-27,IREDA,142.89999389648438,144.39999389648438,135.0,136.0,23110828
2024-03-28,IREDA,138.25,139.5,135.5,135.89999389648438,13307678
2024-03-01,IRFC,148.0,151.39999389648438,146.5500030517578,147.39999389648438,30685800
2024-03-04,IRFC,149.39999389648438,149.5,144.64999389648438,145.5500030517578,22040025
2024-03-05,IRFC,144.89999389648438,148.39999389648438,143.8000030517578,145.0500030517578,23046386
2024-03-06,IRFC,145.1999969482422,145.6999969482422,140.0,140.5,26188126
2024-03-07,IRFC,141.35000610351562,144.39999389648438,139.64999389648438,143.6999969482422,24018294
2024-03-11,IRFC,144.14999389648438,147.25,140.0500030517578,141.10000610351562,24321115
2024-03-12,IRFC,141.8000030517578,142.39999389648438,135.64999389648438,136.75,34760039
2024-03-13,IRFC,136.75,138.8000030517578,123.0,124.25,88853047
2024-03-14,IRFC,120.9000015258789,142.5,116.6500015258789,140.25,194522257
2024-03-15,IRFC,140.6999969482422,145.85000610351562,133.5,136.9499969482422,122337843
2024-03-18,IRFC,138.35000610351562,139.60000610351562,132.85000610351562,134.9499969482422,56717160
2024-03-19,IRFC,134.5,137.39999389648438,133.10000610351562,135.1999969482422,46347136
2024-03-20,IRFC,136.1999969482422,138.1999969482422,132.85000610351562,133.1999969482422,39345072
2024-03-21,IRFC,137.0,137.64999389648438,134.8000030517578,135.25,35779582
2024-03-22,IRFC,135.9499969482422,145.1999969482422,135.0,140.9499969482422,112209659
2024-03-26,IRFC,142.39999389648438,148.6999969482422,140.9499969482422,145.6999969482422,120887716
2024-03-27,IRFC,147.5,150.9499969482422,141.60000610351562,142.85000610351562,89910843
2024-03-28,IRFC,144.9499969482422,147.8000030517578,141.3000030517578,142.35000610351562,50962525
2024-03-01,NTPC,335.6000061035156,344.3500061035156,335.0,343.5,13027254
2024-03-04,NTPC,348.0,358.29998779296875,345.75,353.8500061035156,38075510
2024-03-05,NTPC,354.8999938964844,359.95001220703125,353.54998779296875,358.25,15918221
2024-03-06,NTPC,359.45001220703125,359.45001220703125,345.0,351.95001220703125,13120921
2024-03-07,NTPC,352.0,353.8999938964844,349.70001220703125,352.20001220703125,9172926
2024-03-11,NTPC,352.25,353.1499938964844,346.70001220703125,347.95001220703125,10664917
2024-03-12,NTPC,348.0,349.45001220703125,342.54998779296875,344.75,9637912
2024-03-13,NTPC,343.8500061035156,344.5,319.5,322.5,23722232
2024-03-14,NTPC,321.04998779296875,326.95001220703125,316.5,321.8500061035156,20859127
2024-03-15,NTPC,322.6499938964844,326.04998779296875,305.75,316.29998779296875,43285007
2024-03-18,NTPC,317.1000061035156,322.8999938964844,314.95001220703125,317.1499938964844,13690352
2024-03-19,NTPC,314.29998779296875,317.8999938964844,310.1000061035156,313.45001220703125,13388060
2024-03-20,NTPC,316.0,317.45001220703125,308.29998779296875,313.6499938964844,10026655
2024-03-21,NTPC,317.25,326.3500061035156,317.0,325.0,23370426
2024-03-22,NTPC,324.5,327.25,321.1499938964844,324.75,14709219
2024-03-26,NTPC,320.1000061035156,330.29998779296875,320.1000061035156,329.1000061035156,11208959
2024-03-27,NTPC,332.0,334.1000061035156,326.29998779296875,331.6000061035156,45209520
2024-03-28,NTPC,331.8999938964844,340.0,330.29998779296875,335.79998779296875,19868037
2024-03-01,PALASHSECU,118.5,120.8499984741211,111.0999984741211,116.9499969482422,8358
2024-03-04,PALASHSECU,118.0500030517578,128.6999969482422,118.0500030517578,128.6999969482422,27930
2024-03-05,PALASHSECU,134.6999969482422,138.0,125.0999984741211,129.6999969482422,63279
2024-03-06,PALASHSECU,129.6999969482422,129.6999969482422,121.3499984741211,123.25,37391
2024-03-07,PALASHSECU,123.1999969482422,128.5,123.1999969482422,125.0999984741211,17052
2024-03-11,PALASHSECU,130.8000030517578,130.8000030517578,121.0,122.5500030517578,11089
2024-03-12,PALASHSECU,131.0,131.0,116.0999984741211,117.6500015258789,5708
2024-03-13,PALASHSECU,123.0,123.0,107.0999984741211,108.4000015258789,6341
2024-03-14,PALASHSECU,103.5500030517578,118.0,101.9000015258789,115.5500030517578,9902
2024-03-15,PALASHSECU,118.9499969482422,119.0,110.0999984741211,115.5,2915
2024-03-18,PALASHSECU,115.5,119.6999969482422,115.5,116.4499969482422,4049
2024-03-19,PALASHSECU,120.0,120.0,113.4499969482422,118.4000015258789,4971
2024-03-20,PALASHSECU,118.4000015258789,118.6999969482422,114.0999984741211,115.4000015258789,3139
2024-03-21,PALASHSECU,115.9499969482422,119.0,114.3499984741211,116.6999969482422,2437
2024-03-22,PALASHSECU,119.4499969482422,122.3000030517578,115.3000030517578,120.5500030517578,5222
2024-03-26,PALASHSECU,120.0,123.0999984741211,117.75,122.0,77403
2024-03-27,PALASHSECU,124.9499969482422,124.9499969482422,120.0,122.25,2432
2024-03-28,PALASHSECU,120.0999984741211,122.0,117.0,118.0500030517578,3067
2024-03-01,RELIANCE,1463.5,1500.0,1462.5,1492.125,12132926
2024-03-04,RELIANCE,1490.4749755859375,1512.449951171875,1487.2249755859375,1507.4000244140625,10024420
2024-03-05,RELIANCE,1505.7750244140625,1507.4000244140625,1486.050048828125,1500.199951171875,7107668
2024-03-06,RELIANCE,1493.449951171875,1509.0,1478.5,1503.0,7805676
2024-03-07,RELIANCE,1502.9749755859375,1503.0999755859375,1475.550048828125,1478.925048828125,8315726
2024-03-11,RELIANCE,1489.0,1489.0,1463.5,1466.5999755859375,11277130
2024-03-12,RELIANCE,1466.5999755859375,1488.0,1465.0250244140625,1475.425048828125,9432678
2024-03-13,RELIANCE,1479.7750244140625,1483.0999755859375,1427.7750244140625,1432.175048828125,13522134
2024-03-14,RELIANCE,1439.699951171875,1448.5250244140625,1425.5,1431.4749755859375,18571102
2024-03-15,RELIANCE,1425.949951171875,1433.2249755859375,1412.9000244140625,1418.2249755859375,19223818
2024-03-18,RELIANCE,1420.0,1441.7249755859375,1416.5250244140625,1439.4749755859375,9169392
2024-03-19,RELIANCE,1428.75,1437.5999755859375,1417.25,1425.25,8275764
2024-03-20,RELIANCE,1427.949951171875,1445.0,1424.0250244140625,1443.75,8488806
2024-03-21,RELIANCE,1452.5250244140625,1457.9000244140625,1444.675048828125,1450.9749755859375,13006936
2024-03-22,RELIANCE,1449.9749755859375,1460.0,1447.3499755859375,1455.0250244140625,19527608
2024-03-26,RELIANCE,1445.0,1452.4000244140625,1439.0,1441.574951171875,11415906
2024-03-27,RELIANCE,1448.0,1500.0,1447.0,1492.8499755859375,16326644
2024-03-28,RELIANCE,1492.875,1505.949951171875,1478.6500244140625,1485.8499755859375,21854364
2024-03-01,RPOWER,24.450000762939453,24.600000381469727,23.799999237060547,23.950000762939453,7428419
2024-03-04,RPOWER,23.89999961853028,24.14999961853028,23.299999237060547,23.39999961853028,7125877
2024-03-05,RPOWER,23.100000381469727,23.64999961853028,22.89999961853028,23.049999237060547,9124091
2024-03-06,RPOWER,23.0,23.0,21.89999961853028,22.299999237060547,15102450
2024-03-07,RPOWER,22.200000762939453,23.25,22.049999237060547,22.549999237060547,8867505
2024-03-11,RPOWER,23.0,23.39999961853028,22.5,22.549999237060547,10174521
2024-03-12,RPOWER,22.5,22.5,21.450000762939453,21.450000762939453,11834151
2024-03-13,RPOWER,21.5,21.64999961853028,20.39999961853028,20.39999961853028,9065004
2024-03-14,RPOWER,19.5,21.299999237060547,19.39999961853028,21.049999237060547,24175977
2024-03-15,RPOWER,21.100000381469727,22.100000381469727,20.549999237060547,22.100000381469727,12106325
2024-03-18,RPOWER,23.200000762939453,23.200000762939453,22.549999237060547,23.200000762939453,11840823
2024-03-19,RPOWER,23.100000381469727,23.799999237060547,22.450000762939453,22.799999237060547,16126528
2024-03-20,RPOWER,23.39999961853028,23.89999961853028,23.0,23.89999961853028,17497705
2024-03-21,RPOWER,25.049999237060547,25.049999237060547,25.049999237060547,25.049999237060547,6881899
2024-03-22,RPOWER,26.299999237060547,26.299999237060547,26.299999237060547,26.299999237060547,7281236
2024-03-26,RPOWER,27.600000381469727,27.600000381469727,27.049999237060547,27.600000381469727,35487618
2024-03-27,RPOWER,28.450000762939453,28.5,26.600000381469727,27.64999961853028,38074636
2024-03-28,RPOWER,28.200000762939453,28.5,28.0,28.25,18385548
2024-03-01,SEPC,21.549999237060547,22.14999961853028,21.049999237060547,21.200000762939453,4993106
2024-03-04,SEPC,21.850000381469727,21.89999961853028,20.799999237060547,20.89999961853028,5212483
2024-03-05,SEPC,20.950000762939453,21.14999961853028,20.39999961853028,20.5,5441751
2024-03-06,SEPC,20.450000762939453,20.450000762939453,19.5,19.5,6780978
2024-03-07,SEPC,19.450000762939453,20.25,19.200000762939453,19.850000381469727,7200007
2024-03-11,SEPC,19.850000381469727,19.950000762939453,18.850000381469727,18.850000381469727,6229874
2024-03-12,SEPC,18.049999237060547,18.549999237060547,17.899999618530273,17.899999618530273,10898892
2024-03-13,SEPC,17.399999618530273,18.299999237060547,17.0,17.0,11872044
2024-03-14,SEPC,16.25,17.549999237060547,16.149999618530273,17.299999237060547,19372721
2024-03-15,SEPC,17.200000762939453,17.850000381469727,16.450000762939453,17.0,14170741
2024-03-18,SEPC,17.0,17.299999237060547,16.25,16.399999618530273,8417060
2024-03-19,SEPC,16.350000381469727,16.799999237060547,15.600000381469728,15.75,10125856
2024-03-20,SEPC,15.949999809265137,16.5,15.5,16.5,9215017
2024-03-21,SEPC,16.899999618530273,17.299999237060547,16.850000381469727,17.299999237060547,4751921
2024-03-22,SEPC,17.950000762939453,18.14999961853028,17.700000762939453,18.14999961853028,2262631
2024-03-26,SEPC,19.049999237060547,19.049999237060547,17.25,17.25,22528286
2024-03-27,SEPC,17.200000762939453,17.700000762939453,16.549999237060547,16.799999237060547,12753426
2024-03-28,SEPC,16.950000762939453,17.600000381469727,16.549999237060547,16.649999618530273,14708317
2024-03-01,SJVN,122.9000015258789,124.1500015258789,120.8499984741211,121.1999969482422,14130712
2024-03-04,SJVN,124.0,125.8000030517578,121.75,122.3000030517578,24900057
2024-03-05,SJVN,122.0,123.5999984741211,120.1999969482422,121.1999969482422,16109330
2024-03-06,SJVN,121.9000015258789,121.9499969482422,116.8000030517578,119.4499969482422,18223921
2024-03-07,SJVN,119.6999969482422,123.6999969482422,118.1999969482422,122.1999969482422,22891665
2024-03-11,SJVN,122.8499984741211,122.9000015258789,119.0999984741211,119.9000015258789,14752739
2024-03-12,SJVN,120.0,120.0,111.0,112.3499984741211,24775563
2024-03-13,SJVN,112.1500015258789,114.3499984741211,98.6999969482422,101.1999969482422,50527598
2024-03-14,SJVN,100.4000015258789,120.0,98.0500030517578,118.6500015258789,97307324
2024-03-15,SJVN,116.8000030517578,128.0,113.5500030517578,124.5999984741211,119509864
2024-03-18,SJVN,128.0,130.8000030517578,122.1999969482422,123.6500015258789,63037512
2024-03-19,SJVN,122.1999969482422,124.25,118.0,118.5500030517578,30678573
2024-03-20,SJVN,119.6999969482422,120.75,115.25,117.8499984741211,34239826
2024-03-21,SJVN,119.6999969482422,124.25,119.1500015258789,120.6999969482422,30305264
2024-03-22,SJVN,120.8000030517578,124.8000030517578,119.8000030517578,122.9000015258789,24076684
2024-03-26,SJVN,122.9000015258789,123.75,120.4000015258789,121.4000015258789,19125648
2024-03-27,SJVN,122.0,127.1500015258789,121.5,122.8000030517578,44973081
2024-03-28,SJVN,123.9000015258789,124.75,121.0,121.4000015258789,18585313
2024-03-01,STARCEMENT,208.8999938964844,211.6000061035156,206.5500030517578,209.3999938964844,401262
2024-03-04,STARCEMENT,210.5500030517578,211.6499938964844,206.9499969482422,208.1000061035156,200473
2024-03-05,STARCEMENT,208.0,211.0,205.0,210.1499938964844,274698
2024-03-06,STARCEMENT,207.1000061035156,209.9499969482422,202.5500030517578,206.8500061035156,512223
2024-03-07,STARCEMENT,206.5,212.0,204.0,207.3000030517578,282651
2024-03-11,STARCEMENT,207.9499969482422,208.75,201.1000061035156,204.1000061035156,356482
2024-03-12,STARCEMENT,202.0500030517578,205.1499938964844,198.0,201.8000030517578,379323
2024-03-13,STARCEMENT,201.8000030517578,205.3500061035156,188.1499938964844,192.1000061035156,689987
2024-03-14,STARCEMENT,181.0,206.8000030517578,181.0,202.75,397398
2024-03-15,STARCEMENT,200.0,205.0,197.5500030517578,203.3000030517578,166422
2024-03-18,STARCEMENT,202.8999938964844,204.6499938964844,199.1999969482422,203.5,122124
2024-03-19,STARCEMENT,203.5,207.0,200.6999969482422,202.1000061035156,229545
2024-03-20,STARCEMENT,203.1000061035156,207.5,201.0,206.1000061035156,245392
2024-03-21,STARCEMENT,207.3000030517578,211.25,206.6000061035156,210.1499938964844,254482
2024-03-22,STARCEMENT,210.1499938964844,235.5,208.3000030517578,232.3000030517578,3842093
2024-03-26,STARCEMENT,231.5,231.5,221.4499969482422,224.8500061035156,1146529
2024-03-27,STARCEMENT,226.8500061035156,241.6999969482422,225.8500061035156,232.3999938964844,2819844
2024-03-28,STARCEMENT,232.75,236.6999969482422,221.5500030517578,227.5500030517578,666702
2024-03-01,TATAPOWER,375.5499877929688,379.75,374.5499877929688,377.3999938964844,7853708
2024-03-04,TATAPOWER,381.0499877929688,394.0,380.2000122070313,391.75,25814019
2024-03-05,TATAPOWER,392.0,399.9500122070313,390.5,396.1499938964844,18795182
2024-03-06,TATAPOWER,396.1499938964844,397.6000061035156,384.7000122070313,394.9500122070313,15795532
2024-03-07,TATAPOWER,396.0,433.2999877929688,396.0,425.25,98883541
2024-03-11,TATAPOWER,414.0,421.5,404.6499938964844,413.1499938964844,39122073
2024-03-12,TATAPOWER,414.3999938964844,414.7000122070313,395.0,396.1000061035156,26812422
2024-03-13,TATAPOWER,399.25,399.7999877929688,367.75,371.9500122070313,36185918
2024-03-14,TATAPOWER,371.9500122070313,386.2999877929688,365.5499877929688,384.4500122070313,27089563
2024-03-15,TATAPOWER,384.4500122070313,388.0,372.0,380.75,20859247
2024-03-18,TATAPOWER,382.8500061035156,394.4500122070313,378.5499877929688,392.75,34069247
2024-03-19,TATAPOWER,392.1499938964844,392.8999938964844,381.1000061035156,383.25,14809242
2024-03-20,TATAPOWER,386.0,388.3500061035156,371.1000061035156,379.8999938964844,18068658
2024-03-21,TATAPOWER,385.1000061035156,394.3500061035156,384.0,392.1499938964844,16908086
2024-03-22,TATAPOWER,389.8999938964844,395.5,386.5,390.7000122070313,11759985
2024-03-26,TATAPOWER,390.5,394.0,387.75,390.1000061035156,9140496
2024-03-27,TATAPOWER,391.5499877929688,393.8500061035156,387.5,388.3999938964844,9084482
2024-03-28,TATAPOWER,391.0,398.8999938964844,391.0,394.2000122070313,16040575
2024-03-01,VEDL,265.1000061035156,272.8999938964844,263.6000061035156,271.79998779296875,12244554
2024-03-04,VEDL,273.04998779296875,279.0,272.75,276.3500061035156,10443351
2024-03-05,VEDL,277.5,288.3999938964844,274.6000061035156,285.70001220703125,19847512
2024-03-06,VEDL,286.5,289.25,275.0,282.45001220703125,13944430
2024-03-07,VEDL,283.70001220703125,287.3999938964844,281.04998779296875,282.8500061035156,9134995
2024-03-11,VEDL,282.8500061035156,282.8500061035156,274.0,275.3500061035156,6214148
2024-03-12,VEDL,276.0,276.79998779296875,267.5,270.29998779296875,7220451
2024-03-13,VEDL,268.5,270.5,249.5,251.8999938964844,15451474
2024-03-14,VEDL,251.8000030517578,261.5,251.6000061035156,260.1499938964844,10335603
2024-03-15,VEDL,260.1499938964844,266.0,255.1499938964844,265.1000061035156,17681404
2024-03-18,VEDL,265.0,272.95001220703125,262.25,271.04998779296875,7234156
2024-03-19,VEDL,270.0,274.75,265.6000061035156,266.6499938964844,5908875
2024-03-20,VEDL,268.0,269.8999938964844,261.79998779296875,267.6499938964844,4421057
2024-03-21,VEDL,271.0,274.20001220703125,270.1499938964844,273.3999938964844,5477627
2024-03-22,VEDL,273.0,274.3999938964844,269.8999938964844,271.1000061035156,9338889
2024-03-26,VEDL,271.79998779296875,272.79998779296875,267.3500061035156,268.54998779296875,10405333
2024-03-27,VEDL,269.8999938964844,274.25,267.75,271.6000061035156,5949040
2024-03-28,VEDL,272.0,275.0,270.75,271.6499938964844,6625066
2024-03-01,WIPRO,261.20001220703125,262.6000061035156,258.7749938964844,259.54998779296875,9420630
2024-03-04,WIPRO,261.4750061035156,263.20001220703125,259.2749938964844,260.25,5662370
2024-03-05,WIPRO,258.875,260.25,255.3249969482422,256.6499938964844,10521548
2024-03-06,WIPRO,256.8500061035156,257.42498779296875,250.0,256.57501220703125,11091922
2024-03-07,WIPRO,256.875,260.20001220703125,255.25,257.75,9707982
2024-03-11,WIPRO,258.70001220703125,259.4750061035156,256.1499938964844,257.2749938964844,11131512
2024-03-12,WIPRO,256.375,261.25,253.875,255.4250030517578,11652760
2024-03-13,WIPRO,256.8999938964844,259.3500061035156,248.3999938964844,252.1999969482422,13580480
2024-03-14,WIPRO,250.5749969482422,259.45001220703125,247.5749969482422,258.9750061035156,12825472
2024-03-15,WIPRO,257.375,259.125,253.1999969482422,258.5,13649086
2024-03-18,WIPRO,259.0,259.2749938964844,254.5,255.1000061035156,6393960
2024-03-19,WIPRO,254.5,254.5,246.5749969482422,247.4250030517578,9617386
2024-03-20,WIPRO,248.0249938964844,250.625,244.6000061035156,246.75,8385344
2024-03-21,WIPRO,249.8249969482422,252.6499938964844,249.2250061035156,250.2250061035156,11644580
2024-03-22,WIPRO,244.625,245.375,239.7749938964844,243.5500030517578,28646502
2024-03-26,WIPRO,243.0,245.4750061035156,239.5249938964844,239.9250030517578,18273346
2024-03-27,WIPRO,239.8500061035156,240.4750061035156,235.625,236.1499938964844,14320668
2024-03-28,WIPRO,238.3500061035156,241.5249938964844,237.6499938964844,240.0500030517578,15455150
2024-03-01,YESBANK,24.89999961853028,25.100000381469727,24.549999237060547,24.950000762939453,214554855
2024-03-04,YESBANK,25.350000381469727,25.700000762939453,24.600000381469727,24.799999237060547,183649074
2024-03-05,YESBANK,24.799999237060547,25.0,24.39999961853028,24.5,173143571
2024-03-06,YESBANK,24.5,24.5,23.5,23.600000381469727,310625402
2024-03-07,YESBANK,23.700000762939453,24.200000762939453,23.64999961853028,23.850000381469727,172310156
2024-03-11,YESBANK,24.0,24.299999237060547,23.549999237060547,23.64999961853028,176614273
2024-03-12,YESBANK,23.75,23.850000381469727,22.700000762939453,22.850000381469727,219277943
2024-03-13,YESBANK,22.89999961853028,23.100000381469727,20.75,20.950000762939453,604559562
2024-03-14,YESBANK,20.950000762939453,23.75,20.549999237060547,23.450000762939453,619816481
2024-03-15,YESBANK,23.64999961853028,24.39999961853028,22.75,23.799999237060547,535542732
2024-03-18,YESBANK,23.89999961853028,24.100000381469727,23.25,23.450000762939453,258256717
2024-03-19,YESBANK,23.39999961853028,23.700000762939453,22.850000381469727,22.950000762939453,215509042
2024-03-20,YESBANK,23.25,23.600000381469727,22.799999237060547,23.049999237060547,194241830
2024-03-21,YESBANK,23.350000381469727,23.64999961853028,23.100000381469727,23.39999961853028,176412547
2024-03-22,YESBANK,23.39999961853028,24.200000762939453,23.200000762939453,23.89999961853028,261281861
2024-03-26,YESBANK,23.89999961853028,24.14999961853028,23.450000762939453,23.549999237060547,214847555
2024-03-27,YESBANK,23.549999237060547,23.75,23.0,23.14999961853028,181249947
2024-03-28,YESBANK,23.200000762939453,23.600000381469727,23.100000381469727,23.200000762939453,189198317
