Date,Symbol,Open,High,Low,Close,Volume
2024-06-03,20MICRONS,179.0,183.0500030517578,175.0,176.35000610351562,223671
2024-06-04,20MICRONS,176.6999969482422,176.6999969482422,151.85000610351562,158.85000610351562,270455
2024-06-05,20MICRONS,161.5,170.6999969482422,158.0,169.75,139071
2024-06-06,20MICRONS,172.4499969482422,176.60000610351562,170.0,173.14999389648438,92781
2024-06-07,20MICRONS,175.75,176.60000610351562,172.0,175.6999969482422,77482
2024-06-10,20MICRONS,178.35000610351562,185.0,175.6999969482422,181.7400054931641,209797
2024-06-11,20MICRONS,183.8999938964844,186.1499938964844,179.0,180.7899932861328,155858
2024-06-12,20MICRONS,183.5,184.4600067138672,179.0,180.3500061035156,77316
2024-06-13,20MICRONS,181.8999938964844,182.0399932861328,177.5500030517578,181.22000122070312,94891
2024-06-14,20MICRONS,184.0,203.0,183.6000061035156,189.5399932861328,2368914
2024-06-18,20MICRONS,191.4499969482422,192.75,187.4100036621093,190.2899932861328,464546
2024-06-19,20MICRONS,191.94000244140625,192.94000244140625,182.1100006103516,185.3699951171875,237384
2024-06-20,20MICRONS,187.3800048828125,190.6999969482422,185.5,187.8000030517578,184339
2024-06-21,20MICRONS,187.0,218.6499938964844,183.5,213.7700042724609,2900104
2024-06-24,20MICRONS,216.0,224.9900054931641,211.0500030517578,220.3699951171875,2244437
2024-06-25,20MICRONS,220.5500030517578,222.7100067138672,210.0,210.9100036621093,632113
2024-06-26,20MICRONS,210.8500061035156,223.6999969482422,207.009994506836,222.3699951171875,855791
2024-06-27,20MICRONS,222.3699951171875,234.94000244140625,215.1100006103516,223.1499938964844,1087173
2024-06-28,20MICRONS,224.9100036621093,228.5,218.3600006103516,220.7700042724609,287437
2024-06-03,21STCENMGM,50.150001525878906,50.150001525878906,50.150001525878906,50.150001525878906,3702
2024-06-04,21STCENMGM,51.150001525878906,51.150001525878906,49.20000076293945,49.59999847412109,112292
2024-06-05,21STCENMGM,48.59999847412109,48.59999847412109,48.59999847412109,48.59999847412109,20600
2024-06-06,21STCENMGM,47.650001525878906,49.54999923706055,47.650001525878906,49.54999923706055,43771
2024-06-07,21STCENMGM,50.5,50.5,50.5,50.5,14929
2024-06-10,21STCENMGM,51.5099983215332,51.5099983215332,51.5099983215332,51.5099983215332,4230
2024-06-11,21STCENMGM,52.540000915527344,52.540000915527344,52.540000915527344,52.540000915527344,2469
2024-06-12,21STCENMGM,53.59000015258789,53.59000015258789,53.59000015258789,53.59000015258789,4814
2024-06-13,21STCENMGM,54.65999984741211,54.65999984741211,54.65999984741211,54.65999984741211,5024
2024-06-14,21STCENMGM,55.75,55.75,55.75,55.75,1479
2024-06-18,21STCENMGM,56.86000061035156,56.86000061035156,56.86000061035156,56.86000061035156,12820
2024-06-19,21STCENMGM,57.9900016784668,57.9900016784668,57.9900016784668,57.9900016784668,3558
2024-06-20,21STCENMGM,59.13999938964844,59.13999938964844,59.13999938964844,59.13999938964844,798
2024-06-21,21STCENMGM,60.31999969482422,60.31999969482422,60.31999969482422,60.31999969482422,2696
2024-06-24,21STCENMGM,61.52000045776367,61.52000045776367,61.52000045776367,61.52000045776367,20736
2024-06-25,21STCENMGM,62.75,62.75,62.75,62.75,8294
2024-06-26,21STCENMGM,64.0,64.0,64.0,64.0,10314
2024-06-27,21STCENMGM,65.27999877929688,65.27999877929688,65.27999877929688,65.27999877929688,3053
2024-06-28,21STCENMGM,66.58000183105469,66.58000183105469,66.58000183105469,66.58000183105469,881
2024-06-03,360ONE,809.0,809.0,776.8499755859375,779.9500122070312,758635
2024-06-04,360ONE,785.6500244140625,793.9500122070312,691.4000244140625,739.5999755859375,514488
2024-06-05,360ONE,741.0,777.75,721.1500244140625,769.3499755859375,564044
2024-06-06,360ONE,770.0,800.0,770.0,791.7000122070312,662900
2024-06-07,360ONE,790.0,800.0,783.75,799.8499755859375,234660
2024-06-10,360ONE,800.0,814.9500122070312,785.0,792.2000122070312,540240
2024-06-11,360ONE,800.0,800.0,778.0,780.75,363545
2024-06-12,360ONE,790.0,794.0,778.1500244140625,790.4500122070312,403026
2024-06-13,360ONE,816.0,819.7000122070312,780.0,782.1500244140625,900650
2024-06-14,360ONE,788.0,807.0,780.5499877929688,802.0999755859375,503805
2024-06-18,360ONE,810.0,815.0,787.1500244140625,809.9000244140625,1663594
2024-06-19,360ONE,815.0,864.5,814.9500122070312,852.9000244140625,2526599
2024-06-20,360ONE,852.9000244140625,861.0,834.0499877929688,841.25,389249
2024-06-21,360ONE,849.5999755859375,861.0,831.0999755859375,837.5999755859375,520838
2024-06-24,360ONE,837.5,856.8499755859375,826.0,848.4500122070312,281621
2024-06-25,360ONE,850.9000244140625,853.9500122070312,831.5999755859375,836.5999755859375,1078900
2024-06-26,360ONE,837.75,899.5,837.75,889.2000122070312,2090959
2024-06-27,360ONE,887.5,944.9000244140624,885.9500122070312,934.7000122070312,2813051
2024-06-28,360ONE,939.0,1065.0,939.0,980.1500244140624,5166229
2024-06-03,3IINFOLTD,35.54999923706055,35.70000076293945,34.400001525878906,34.599998474121094,898043
2024-06-04,3IINFOLTD,34.150001525878906,34.150001525878906,30.25,31.89999961853028,2046339
2024-06-05,3IINFOLTD,32.400001525878906,32.650001525878906,31.600000381469727,31.950000762939453,1363143
2024-06-06,3IINFOLTD,32.29999923706055,33.29999923706055,31.850000381469727,32.150001525878906,2000944
2024-06-07,3IINFOLTD,32.0,38.29999923706055,32.0,37.900001525878906,8423530
2024-06-10,3IINFOLTD,37.84999847412109,37.84999847412109,36.45000076293945,36.75,1765003
2024-06-11,3IINFOLTD,36.09999847412109,38.34000015258789,36.09999847412109,37.54999923706055,2266353
2024-06-12,3IINFOLTD,37.75,37.84999847412109,36.29999923706055,36.79999923706055,1465176
2024-06-13,3IINFOLTD,37.0,37.9900016784668,37.0,37.220001220703125,1074009
2024-06-14,3IINFOLTD,37.400001525878906,37.5,36.40999984741211,36.709999084472656,912609
2024-06-18,3IINFOLTD,36.97999954223633,36.97999954223633,36.0099983215332,36.38999938964844,1096177
2024-06-19,3IINFOLTD,36.45000076293945,39.20000076293945,36.04999923706055,37.84000015258789,3275057
2024-06-20,3IINFOLTD,38.0,38.97999954223633,37.20000076293945,37.54999923706055,1952986
2024-06-21,3IINFOLTD,37.7400016784668,38.5,36.900001525878906,37.119998931884766,1559809
2024-06-24,3IINFOLTD,37.0,37.5,36.540000915527344,36.95000076293945,838480
2024-06-25,3IINFOLTD,37.150001525878906,37.29999923706055,36.27000045776367,36.45000076293945,817884
2024-06-26,3IINFOLTD,36.59999847412109,37.5,36.27999877929688,36.43999862670898,729363
2024-06-27,3IINFOLTD,36.43999862670898,36.9900016784668,34.95000076293945,35.25,1765879
2024-06-28,3IINFOLTD,35.349998474121094,37.29999923706055,35.349998474121094,36.459999084472656,1580687
2024-06-03,3MINDIA,34100.0,34462.69921875,33400.0,33815.8515625,12641
2024-06-04,3MINDIA,33830.0,33999.94921875,30453.80078125,32352.55078125,17091
2024-06-05,3MINDIA,32800.0,33400.0,31904.94921875,33150.69921875,4946
2024-06-06,3MINDIA,33300.0,34415.94921875,33250.05078125,33985.94921875,9949
2024-06-07,3MINDIA,33884.0,34300.0,33542.6015625,33752.3515625,6699
2024-06-10,3MINDIA,34200.0,34530.0,33754.44921875,34160.25,4893
2024-06-11,3MINDIA,34415.94921875,36448.1015625,34378.75,35626.5,26727
2024-06-12,3MINDIA,35626.5,36400.0,35501.0,36233.6015625,10280
2024-06-13,3MINDIA,36600.0,37100.0,35804.1015625,36894.6015625,9335
2024-06-14,3MINDIA,36950.0,37397.0,36302.05078125,36489.25,9355
2024-06-18,3MINDIA,36540.0,37248.0,36540.0,37068.55078125,6367
2024-06-19,3MINDIA,37397.0,37500.0,36662.8515625,36930.55078125,10351
2024-06-20,3MINDIA,37000.0,37197.5,36520.1015625,37036.55078125,3562
2024-06-21,3MINDIA,37300.0,38258.44921875,37093.0,37965.44921875,19263
2024-06-24,3MINDIA,38247.55078125,38350.0,37200.0,38166.8515625,4404
2024-06-25,3MINDIA,38300.0,38501.0,37500.0,37862.8984375,3597
2024-06-26,3MINDIA,38199.0,38328.55078125,37060.05078125,37182.6484375,8346
2024-06-27,3MINDIA,37699.94921875,37877.8984375,37060.0,37466.75,5831
2024-06-28,3MINDIA,37866.69921875,37876.8515625,36525.75,36804.30078125,7102
2024-06-03,3PLAND,31.75,31.799999237060547,29.100000381469727,30.14999961853028,15753
2024-06-04,3PLAND,29.350000381469727,30.850000381469727,29.0,29.14999961853028,17442
2024-06-05,3PLAND,27.799999237060547,29.89999961853028,27.799999237060547,29.600000381469727,16184
2024-06-06,3PLAND,29.0,30.39999961853028,29.0,29.700000762939453,4723
2024-06-07,3PLAND,29.25,30.5,29.100000381469727,30.299999237060547,19141
2024-06-10,3PLAND,29.64999961853028,32.150001525878906,29.64999961853028,30.96999931335449,7838
2024-06-11,3PLAND,31.59000015258789,32.54999923706055,30.65999984741211,30.89999961853028,13350
2024-06-12,3PLAND,31.64999961853028,31.64999961853028,30.450000762939453,31.39999961853028,6202
2024-06-13,3PLAND,31.39999961853028,31.950000762939453,30.309999465942383,31.39999961853028,12855
2024-06-14,3PLAND,31.950000762939453,31.989999771118164,30.40999984741211,31.049999237060547,14885
2024-06-18,3PLAND,31.989999771118164,31.989999771118164,29.799999237060547,30.46999931335449,10582
2024-06-19,3PLAND,31.07999992370605,31.489999771118164,30.420000076293945,30.670000076293945,6025
2024-06-20,3PLAND,30.100000381469727,30.989999771118164,30.100000381469727,30.25,19068
2024-06-21,3PLAND,30.979999542236328,31.989999771118164,30.0,31.3700008392334,31197
2024-06-24,3PLAND,32.79999923706055,32.810001373291016,29.07999992370605,31.01000022888184,47683
2024-06-25,3PLAND,31.0,32.38999938964844,30.90999984741211,31.459999084472656,23909
2024-06-26,3PLAND,31.5,34.599998474121094,31.299999237060547,34.599998474121094,109154
2024-06-27,3PLAND,36.33000183105469,38.060001373291016,36.09999847412109,38.060001373291016,218086
2024-06-28,3PLAND,40.0,41.52000045776367,37.20000076293945,38.38999938964844,263449
2024-06-03,5PAISA,522.0,535.0499877929688,512.2000122070312,515.5999755859375,59434
2024-06-04,5PAISA,515.5999755859375,515.6500244140625,475.0,504.2999877929688,101224
2024-06-05,5PAISA,500.0,512.0,484.1000061035156,509.0499877929688,51430
2024-06-06,5PAISA,512.0,525.0,512.0,517.6500244140625,29297
2024-06-07,5PAISA,521.2999877929688,530.8499755859375,517.5499877929688,528.0499877929688,41442
2024-06-10,5PAISA,532.0999755859375,537.9000244140625,528.0499877929688,529.8499755859375,26329
2024-06-11,5PAISA,533.5999755859375,544.4000244140625,528.0,532.9000244140625,51291
2024-06-12,5PAISA,536.5999755859375,540.0,528.0,530.4000244140625,28445
2024-06-13,5PAISA,534.0999755859375,542.75,532.0499877929688,536.75,42302
2024-06-14,5PAISA,536.75,541.2999877929688,531.9000244140625,533.5,29793
2024-06-18,5PAISA,537.5,537.5,522.0,524.7999877929688,46697
2024-06-19,5PAISA,524.7999877929688,531.1500244140625,519.1500244140625,522.4500122070312,39486
2024-06-20,5PAISA,522.0,529.6500244140625,520.7999877929688,524.0999755859375,37573
2024-06-21,5PAISA,531.9000244140625,547.7000122070312,522.4000244140625,525.3499755859375,68599
2024-06-24,5PAISA,533.0,533.25,519.0,520.2999877929688,42484
2024-06-25,5PAISA,523.0,526.5,510.0,514.0999755859375,43868
2024-06-26,5PAISA,517.25,518.3499755859375,506.5,510.6000061035156,33132
2024-06-27,5PAISA,511.0,516.0,511.0,512.0,27612
2024-06-28,5PAISA,510.0,516.5999755859375,510.0,513.0,29680
2024-06-03,63MOONS,347.0,348.6000061035156,334.79998779296875,348.6000061035156,188636
2024-06-04,63MOONS,350.0,352.0,331.20001220703125,331.20001220703125,125898
2024-06-05,63MOONS,314.6499938964844,331.1000061035156,314.6499938964844,327.95001220703125,241135
2024-06-06,63MOONS,330.54998779296875,344.29998779296875,330.54998779296875,344.29998779296875,169759
2024-06-07,63MOONS,336.04998779296875,344.95001220703125,333.6000061035156,341.0,131384
2024-06-10,63MOONS,343.0,357.0,334.04998779296875,349.79998779296875,131712
2024-06-11,63MOONS,353.6000061035156,362.0,350.79998779296875,354.54998779296875,97698
2024-06-12,63MOONS,354.6000061035156,367.4500122070313,354.6000061035156,359.1000061035156,123705
2024-06-13,63MOONS,368.0,368.0,362.0,365.6499938964844,68770
2024-06-14,63MOONS,367.0,376.3999938964844,360.0,370.5,92918
2024-06-18,63MOONS,371.0,382.0,370.2000122070313,372.5499877929688,87768
2024-06-19,63MOONS,375.0,377.0,360.20001220703125,367.75,100777
2024-06-20,63MOONS,371.0,378.9500122070313,365.0499877929688,376.9500122070313,94147
2024-06-21,63MOONS,379.2999877929688,386.7000122070313,370.9500122070313,381.1000061035156,122575
2024-06-24,63MOONS,381.6000061035156,394.2000122070313,375.1000061035156,386.6000061035156,104384
2024-06-25,63MOONS,385.0,389.75,375.3500061035156,377.0,68796
2024-06-26,63MOONS,375.1000061035156,378.2000122070313,374.0,374.2999877929688,45824
2024-06-27,63MOONS,370.6000061035156,376.0,364.0,365.7999877929688,101510
2024-06-28,63MOONS,368.1000061035156,376.4500122070313,365.0,367.1000061035156,74146
2024-06-03,A2ZINFRA,19.200000762939453,19.200000762939453,19.200000762939453,19.200000762939453,343233
2024-06-04,A2ZINFRA,20.14999961853028,20.14999961853028,18.25,20.049999237060547,3999845
2024-06-05,A2ZINFRA,19.950000762939453,19.950000762939453,19.049999237060547,19.14999961853028,594869
2024-06-06,A2ZINFRA,19.350000381469727,20.100000381469727,18.299999237060547,19.950000762939453,1115095
2024-06-07,A2ZINFRA,20.5,20.5,19.0,19.89999961853028,564095
2024-06-10,A2ZINFRA,20.88999938964844,20.88999938964844,20.11000061035156,20.88999938964844,602615
2024-06-11,A2ZINFRA,21.93000030517578,21.93000030517578,21.100000381469727,21.93000030517578,752792
2024-06-12,A2ZINFRA,23.020000457763672,23.020000457763672,21.93000030517578,23.020000457763672,1125130
2024-06-13,A2ZINFRA,23.950000762939453,23.950000762939453,21.86000061035156,22.8799991607666,1350501
2024-06-14,A2ZINFRA,22.8799991607666,22.8799991607666,21.729999542236328,22.190000534057617,731194
2024-06-18,A2ZINFRA,22.100000381469727,22.8799991607666,21.07999992370605,21.07999992370605,601859
2024-06-19,A2ZINFRA,21.0,21.39999961853028,20.1299991607666,20.21999931335449,347845
2024-06-20,A2ZINFRA,20.5,21.229999542236328,20.39999961853028,21.229999542236328,193281
2024-06-21,A2ZINFRA,22.290000915527344,22.290000915527344,21.309999465942383,22.290000915527344,819711
2024-06-24,A2ZINFRA,22.780000686645508,23.39999961853028,22.290000915527344,23.39999961853028,382424
2024-06-25,A2ZINFRA,24.309999465942383,24.56999969482422,22.36000061035156,23.18000030517578,672040
2024-06-26,A2ZINFRA,23.0,23.600000381469727,22.25,23.25,404402
2024-06-27,A2ZINFRA,23.5,23.950000762939453,22.200000762939453,22.40999984741211,487524
2024-06-28,A2ZINFRA,21.959999084472656,21.959999084472656,21.959999084472656,21.959999084472656,97157
2024-06-03,AAATECH,102.6999969482422,103.4000015258789,100.5,103.1999969482422,32444
2024-06-04,AAATECH,104.0,104.0,98.0500030517578,98.4499969482422,28755
2024-06-05,AAATECH,95.0999984741211,101.4499969482422,93.5500030517578,100.3499984741211,15468
2024-06-06,AAATECH,103.3499984741211,104.0,101.0999984741211,103.0,13044
2024-06-07,AAATECH,105.9499969482422,106.0,101.0,104.6999969482422,20191
2024-06-10,AAATECH,107.3000030517578,109.93000030517578,104.6999969482422,109.93000030517578,19761
2024-06-11,AAATECH,112.4000015258789,115.41999816894533,111.0,115.41999816894533,24446
2024-06-12,AAATECH,118.0,121.0,115.0,116.66000366210938,38416
2024-06-13,AAATECH,121.6999969482422,121.6999969482422,113.1999969482422,114.2699966430664,10820
2024-06-14,AAATECH,114.2699966430664,116.5,111.0999984741211,112.19000244140624,9985
2024-06-18,AAATECH,112.19000244140624,116.5,108.2300033569336,111.45999908447266,17099
2024-06-19,AAATECH,113.0,113.9499969482422,109.0,110.31999969482422,14919
2024-06-20,AAATECH,110.5,113.0999984741211,109.0999984741211,112.12000274658205,15166
2024-06-21,AAATECH,112.12000274658205,116.1999969482422,112.0,112.66999816894533,11350
2024-06-24,AAATECH,112.66999816894533,115.5999984741211,110.0999984741211,111.58999633789062,12545
2024-06-25,AAATECH,112.87999725341795,113.3499984741211,110.5500030517578,111.86000061035156,12225
2024-06-26,AAATECH,111.0,112.9000015258789,110.1999969482422,111.41000366210938,9244
2024-06-27,AAATECH,112.5999984741211,112.6500015258789,108.8000030517578,109.37999725341795,10475
2024-06-28,AAATECH,109.0,113.5,109.0,110.66000366210938,22015
2024-06-03,AADHARHFC,352.0,352.0,342.29998779296875,347.8999938964844,1412802
2024-06-04,AADHARHFC,345.0,345.8999938964844,315.0,334.8999938964844,2827855
2024-06-05,AADHARHFC,335.0,341.79998779296875,316.0,339.20001220703125,899800
2024-06-06,AADHARHFC,345.0,354.20001220703125,342.0,346.1000061035156,1353606
2024-06-07,AADHARHFC,346.1000061035156,369.0,343.04998779296875,366.2000122070313,3637561
2024-06-10,AADHARHFC,365.0,398.0,365.0,385.5499877929688,3766316
2024-06-11,AADHARHFC,397.2999877929688,404.0,376.0499877929688,380.1000061035156,3261149
2024-06-12,AADHARHFC,383.0,392.8999938964844,377.7999877929688,390.75,1980788
2024-06-13,AADHARHFC,395.0,397.75,386.1000061035156,395.5,1523716
2024-06-14,AADHARHFC,398.0,431.8500061035156,396.5,420.1499938964844,4444304
2024-06-18,AADHARHFC,425.3999938964844,432.4500122070313,409.5,413.8500061035156,1689479
2024-06-19,AADHARHFC,418.0,419.2000122070313,400.3999938964844,402.75,1546366
2024-06-20,AADHARHFC,404.0,424.2000122070313,393.5,397.25,2661359
2024-06-21,AADHARHFC,399.0,408.5,386.7000122070313,396.2000122070313,1422794
2024-06-24,AADHARHFC,394.0,400.6499938964844,385.5499877929688,388.2000122070313,1187350
2024-06-25,AADHARHFC,390.1000061035156,394.0,385.0,390.2999877929688,893183
2024-06-26,AADHARHFC,392.3999938964844,412.5,389.2000122070313,407.75,2187950
2024-06-27,AADHARHFC,410.2000122070313,428.6000061035156,405.1499938964844,413.1499938964844,2066538
2024-06-28,AADHARHFC,416.0499877929688,417.2999877929688,402.1499938964844,408.75,757998
2024-06-03,AAKASH,11.550000190734863,11.850000381469728,11.449999809265137,11.850000381469728,447187
2024-06-04,AAKASH,12.25,12.25,11.25,11.25,423506
2024-06-05,AAKASH,11.050000190734863,11.149999618530272,10.699999809265137,10.949999809265137,464876
2024-06-06,AAKASH,11.149999618530272,11.449999809265137,11.050000190734863,11.399999618530272,345769
2024-06-07,AAKASH,11.649999618530272,12.0,11.25,11.449999809265137,520248
2024-06-10,AAKASH,12.25,12.25,10.520000457763672,11.470000267028809,573671
2024-06-11,AAKASH,11.899999618530272,12.050000190734863,11.420000076293944,11.760000228881836,480461
2024-06-12,AAKASH,11.989999771118164,12.93000030517578,11.699999809265137,12.65999984741211,1794481
2024-06-13,AAKASH,12.899999618530272,13.100000381469728,12.420000076293944,12.65999984741211,1232209
2024-06-14,AAKASH,12.899999618530272,12.899999618530272,12.149999618530272,12.210000038146973,653884
2024-06-18,AAKASH,12.59000015258789,12.600000381469728,12.050000190734863,12.109999656677246,501646
2024-06-19,AAKASH,12.25,12.25,11.899999618530272,11.93000030517578,467176
2024-06-20,AAKASH,12.0,12.800000190734863,11.9399995803833,12.06999969482422,653766
2024-06-21,AAKASH,12.149999618530272,12.600000381469728,12.140000343322754,12.15999984741211,493377
2024-06-24,AAKASH,12.479999542236328,12.479999542236328,12.15999984741211,12.1899995803833,514837
2024-06-25,AAKASH,12.390000343322754,12.390000343322754,11.479999542236328,11.729999542236328,932291
2024-06-26,AAKASH,11.920000076293944,12.289999961853027,11.699999809265137,11.949999809265137,567788
2024-06-27,AAKASH,12.010000228881836,12.390000343322754,11.5,11.710000038146973,551574
2024-06-28,AAKASH,11.899999618530272,12.880000114440918,11.84000015258789,12.880000114440918,2034629
2024-06-03,AAREYDRUGS,47.75,47.75,45.84999847412109,47.25,28742
2024-06-04,AAREYDRUGS,46.400001525878906,48.45000076293945,44.900001525878906,44.900001525878906,14854
2024-06-05,AAREYDRUGS,43.0,44.0,42.650001525878906,42.650001525878906,23416
2024-06-06,AAREYDRUGS,43.25,44.75,42.25,44.59999847412109,25470
2024-06-07,AAREYDRUGS,45.95000076293945,45.95000076293945,43.59999847412109,45.25,29926
2024-06-10,AAREYDRUGS,44.5,47.45000076293945,44.5,46.2599983215332,35269
2024-06-11,AAREYDRUGS,45.9900016784668,47.380001068115234,45.0,46.88999938964844,23150
2024-06-12,AAREYDRUGS,47.41999816894531,48.56999969482422,47.04999923706055,48.130001068115234,17407
2024-06-13,AAREYDRUGS,48.33000183105469,49.22999954223633,46.45000076293945,47.15999984741211,28993
2024-06-14,AAREYDRUGS,47.15999984741211,48.150001525878906,46.5,46.93000030517578,15766
2024-06-18,AAREYDRUGS,49.220001220703125,49.220001220703125,46.150001525878906,46.880001068115234,17214
2024-06-19,AAREYDRUGS,48.29999923706055,48.29999923706055,46.0,47.09999847412109,12239
2024-06-20,AAREYDRUGS,47.0,48.0,45.0,45.5,39753
2024-06-21,AAREYDRUGS,45.95000076293945,46.88999938964844,45.650001525878906,45.790000915527344,11041
2024-06-24,AAREYDRUGS,46.88999938964844,48.0,46.09999847412109,47.22999954223633,34187
2024-06-25,AAREYDRUGS,47.5,48.09999847412109,46.5,47.34000015258789,14018
2024-06-26,AAREYDRUGS,48.43999862670898,48.43999862670898,46.75,47.880001068115234,23069
2024-06-27,AAREYDRUGS,46.77999877929688,48.290000915527344,46.09999847412109,46.380001068115234,12897
2024-06-28,AAREYDRUGS,47.0,48.0,45.59999847412109,46.970001220703125,73581
2024-06-03,AARON,135.9250030517578,142.35000610351562,132.5,133.9499969482422,47766
2024-06-04,AARON,135.97500610351562,135.97500610351562,125.0500030517578,127.0749969482422,59486
2024-06-05,AARON,127.0,129.5,124.0250015258789,128.52499389648438,27510
2024-06-06,AARON,127.5,132.0,127.5,129.9250030517578,12080
2024-06-07,AARON,129.625,133.0,129.625,130.8000030517578,12960
2024-06-10,AARON,132.75,135.0,131.5,133.6750030517578,16384
2024-06-11,AARON,133.6750030517578,134.47500610351562,132.5,132.85000610351562,9338
2024-06-12,AARON,135.0,135.02499389648438,133.4499969482422,134.3000030517578,13500
2024-06-13,AARON,135.72500610351562,135.97500610351562,132.5,135.3249969482422,10542
2024-06-14,AARON,135.0749969482422,137.5,132.0,133.02499389648438,19562
2024-06-18,AARON,132.5,134.5,130.625,132.0,17028
2024-06-19,AARON,132.0,133.0,130.5749969482422,132.1750030517578,15738
2024-06-20,AARON,133.0,133.4499969482422,129.4250030517578,130.75,14038
2024-06-21,AARON,129.52499389648438,132.5,129.52499389648438,130.75,14340
2024-06-24,AARON,130.75,132.0,130.25,130.77499389648438,9792
2024-06-25,AARON,131.4499969482422,132.27499389648438,129.75,130.6750030517578,9692
2024-06-26,AARON,131.35000610351562,132.27499389648438,129.5,130.52499389648438,9498
2024-06-27,AARON,131.1999969482422,131.5,128.8249969482422,130.10000610351562,10906
2024-06-28,AARON,132.0,132.0,129.0,129.72500610351562,10502
2024-06-03,AARTECH,64.36666870117188,64.36666870117188,64.36666870117188,64.36666870117188,3492
2024-06-04,AARTECH,63.08333206176758,63.08333206176758,63.08333206176758,63.08333206176758,726
2024-06-05,AARTECH,61.83333206176758,61.83333206176758,61.83333206176758,61.83333206176758,636
2024-06-06,AARTECH,60.59999847412109,60.71666717529297,60.59999847412109,60.59999847412109,25368
2024-06-07,AARTECH,61.79999923706055,61.79999923706055,59.41666412353516,61.79999923706055,52581
2024-06-10,AARTECH,63.33000183105469,64.88999938964844,61.01666641235352,64.88999938964844,24951
2024-06-11,AARTECH,67.66666412353516,68.13333129882812,67.33333587646484,68.13333129882812,21978
2024-06-12,AARTECH,70.32666778564453,71.54000091552734,69.66666412353516,71.48666381835938,52572
2024-06-13,AARTECH,74.99333190917969,75.05999755859375,69.33333587646484,75.0566635131836,72360
2024-06-14,AARTECH,75.0566635131836,75.0566635131836,72.0,74.45333099365234,53649
2024-06-18,AARTECH,75.0,76.66666412353516,73.33333587646484,75.19999694824219,42444
2024-06-19,AARTECH,75.98332977294922,78.66666412353516,73.33333587646484,78.04000091552734,58641
2024-06-20,AARTECH,76.47666931152344,76.47666931152344,76.47666931152344,76.47666931152344,6822
2024-06-21,AARTECH,74.94666290283203,74.94666290283203,74.94666290283203,74.94666290283203,8223
2024-06-24,AARTECH,73.44666290283203,73.44666290283203,73.44666290283203,73.44666290283203,5625
2024-06-25,AARTECH,71.97666931152344,71.97666931152344,71.97666931152344,71.97666931152344,7881
2024-06-26,AARTECH,70.53666687011719,70.53666687011719,70.53666687011719,70.53666687011719,3480
2024-06-27,AARTECH,69.12333679199219,69.12333679199219,69.12333679199219,69.12333679199219,2526
2024-06-28,AARTECH,67.73999786376953,67.73999786376953,67.73999786376953,67.73999786376953,2562
2024-06-03,AARTIDRUGS,488.7999877929688,492.0,477.5499877929688,488.6000061035156,142890
2024-06-04,AARTIDRUGS,486.0,490.1499938964844,451.0499877929688,476.3500061035156,152784
2024-06-05,AARTIDRUGS,477.5,489.5,465.0,481.7000122070313,85490
2024-06-06,AARTIDRUGS,482.0,497.3999938964844,482.0,492.0499877929688,145014
2024-06-07,AARTIDRUGS,499.7999877929688,514.75,492.1499938964844,511.7000122070313,245606
2024-06-10,AARTIDRUGS,519.1500244140625,528.0,510.4500122070313,512.0999755859375,239479
2024-06-11,AARTIDRUGS,514.0,519.0,505.7999877929688,513.5499877929688,138559
2024-06-12,AARTIDRUGS,517.5,518.0499877929688,510.0,513.5499877929688,90909
2024-06-13,AARTIDRUGS,516.2999877929688,519.9000244140625,510.6000061035156,515.3499755859375,144322
2024-06-14,AARTIDRUGS,515.0999755859375,530.0,515.0999755859375,521.2000122070312,279296
2024-06-18,AARTIDRUGS,521.2000122070312,525.0,515.5499877929688,521.6500244140625,189738
2024-06-19,AARTIDRUGS,530.0,538.9500122070312,515.8499755859375,522.2000122070312,301546
2024-06-20,AARTIDRUGS,522.5499877929688,528.9500122070312,517.4000244140625,521.4500122070312,171761
2024-06-21,AARTIDRUGS,524.7000122070312,530.0,502.6000061035156,509.6499938964844,217478
2024-06-24,AARTIDRUGS,510.0,517.9000244140625,505.0499877929688,515.5999755859375,107098
2024-06-25,AARTIDRUGS,516.0,523.4000244140625,515.0,516.8499755859375,119905
2024-06-26,AARTIDRUGS,519.5999755859375,522.0999755859375,511.75,512.9000244140625,64767
2024-06-27,AARTIDRUGS,512.5,517.5999755859375,501.3999938964844,503.5499877929688,90019
2024-06-28,AARTIDRUGS,505.9500122070313,514.25,503.0,504.5499877929688,94979
2024-06-03,AARTIIND,638.0,638.0,615.25,625.25,1454778
2024-06-04,AARTIIND,625.0,625.0,563.0,598.5999755859375,1876722
2024-06-05,AARTIIND,602.0,633.8499755859375,597.6500244140625,628.9500122070312,1373864
2024-06-06,AARTIIND,630.2999877929688,643.7999877929688,626.0,638.1500244140625,1017793
2024-06-07,AARTIIND,627.0,641.0,627.0,634.5499877929688,972936
2024-06-10,AARTIIND,647.0,672.7999877929688,634.5499877929688,664.0499877929688,2859566
2024-06-11,AARTIIND,667.4000244140625,668.75,656.0,658.0999755859375,2036599
2024-06-12,AARTIIND,662.0,670.0999755859375,657.5,665.6500244140625,1125368
2024-06-13,AARTIIND,670.0,677.9500122070312,665.0499877929688,675.25,1310157
2024-06-14,AARTIIND,679.2999877929688,679.4500122070312,671.4500122070312,675.75,1044209
2024-06-18,AARTIIND,680.0,692.0,675.0,690.4500122070312,1358816
2024-06-19,AARTIIND,692.0,696.0,679.0,685.2999877929688,844308
2024-06-20,AARTIIND,684.0499877929688,718.7999877929688,679.9000244140625,712.5,3755446
2024-06-21,AARTIIND,713.9500122070312,716.2999877929688,702.75,708.2999877929688,1219834
2024-06-24,AARTIIND,701.5999755859375,713.5499877929688,689.6500244140625,705.9500122070312,1201227
2024-06-25,AARTIIND,703.5999755859375,708.9000244140625,693.7999877929688,695.2000122070312,669349
2024-06-26,AARTIIND,695.0,702.5499877929688,691.25,694.5499877929688,1726546
2024-06-27,AARTIIND,694.5499877929688,694.5499877929688,677.6500244140625,687.2000122070312,1394427
2024-06-28,AARTIIND,689.0,696.9000244140625,684.2999877929688,686.25,847254
2024-06-03,AARTIPHARM,570.0,585.9500122070312,568.0499877929688,575.4500122070312,252180
2024-06-04,AARTIPHARM,579.0,579.0,497.0499877929688,541.6500244140625,373308
2024-06-05,AARTIPHARM,550.0,587.0,536.5499877929688,577.3499755859375,305919
2024-06-06,AARTIPHARM,582.5,597.5,579.0499877929688,587.75,155498
2024-06-07,AARTIPHARM,587.75,608.8499755859375,580.6500244140625,602.3499755859375,215279
2024-06-10,AARTIPHARM,609.9000244140625,609.9000244140625,592.5,601.6500244140625,129190
2024-06-11,AARTIPHARM,606.5999755859375,610.0,600.25,606.9000244140625,103226
2024-06-12,AARTIPHARM,607.0,624.7999877929688,602.7000122070312,606.5999755859375,179030
2024-06-13,AARTIPHARM,609.9500122070312,611.7000122070312,595.0,596.4000244140625,102106
2024-06-14,AARTIPHARM,598.1500244140625,611.7999877929688,591.7999877929688,606.1500244140625,161379
2024-06-18,AARTIPHARM,618.0,649.0,608.0,643.7000122070312,519944
2024-06-19,AARTIPHARM,648.4500122070312,653.0,619.0499877929688,640.1500244140625,438734
2024-06-20,AARTIPHARM,644.0,645.2000122070312,626.0,629.4500122070312,173087
2024-06-21,AARTIPHARM,631.0,644.2000122070312,625.0,633.3499755859375,188431
2024-06-24,AARTIPHARM,623.8499755859375,637.6500244140625,620.5,623.4000244140625,123634
2024-06-25,AARTIPHARM,625.0,634.75,615.2000122070312,629.2000122070312,129389
2024-06-26,AARTIPHARM,631.4000244140625,643.0499877929688,621.4000244140625,624.5999755859375,133914
2024-06-27,AARTIPHARM,623.0999755859375,629.4500122070312,610.5499877929688,611.3499755859375,101806
2024-06-28,AARTIPHARM,610.0,617.3499755859375,605.0,611.0999755859375,84500
2024-06-03,AARTISURF,670.0,679.9500122070312,655.0,661.4500122070312,18287
2024-06-04,AARTISURF,662.5999755859375,664.9500122070312,632.5999755859375,643.5999755859375,38020
2024-06-05,AARTISURF,636.0,672.4500122070312,636.0,661.8499755859375,13190
2024-06-06,AARTISURF,685.0,685.0,662.2000122070312,664.75,23096
2024-06-07,AARTISURF,662.5499877929688,673.4000244140625,658.9500122070312,661.5499877929688,24530
2024-06-10,AARTISURF,665.0,680.0,662.2000122070312,677.0499877929688,18249
2024-06-11,AARTISURF,675.0999755859375,693.7000122070312,675.0999755859375,684.0,18690
2024-06-12,AARTISURF,687.0,697.9000244140625,681.5499877929688,694.2999877929688,20890
2024-06-13,AARTISURF,691.0,697.9500122070312,686.5499877929688,689.8499755859375,19090
2024-06-14,AARTISURF,702.75,702.75,683.0,686.6500244140625,19509
2024-06-18,AARTISURF,687.8499755859375,692.0,675.0,675.8499755859375,19651
2024-06-19,AARTISURF,675.8499755859375,689.5999755859375,675.8499755859375,677.0499877929688,17061
2024-06-20,AARTISURF,678.7000122070312,739.2000122070312,678.7000122070312,716.3499755859375,175130
2024-06-21,AARTISURF,724.7000122070312,730.0,707.0499877929688,713.7999877929688,63286
2024-06-24,AARTISURF,713.7999877929688,713.7999877929688,691.3499755859375,695.5999755859375,29618
2024-06-25,AARTISURF,695.7999877929688,700.4000244140625,683.0,685.4000244140625,31790
2024-06-26,AARTISURF,687.2000122070312,696.0499877929688,678.0,680.2000122070312,25160
2024-06-27,AARTISURF,683.0,685.9500122070312,670.0,674.6500244140625,34899
2024-06-28,AARTISURF,677.8499755859375,681.4500122070312,670.0,674.5499877929688,14773
2024-06-03,AARVI,138.60000610351562,141.10000610351562,135.0500030517578,135.1999969482422,20930
2024-06-04,AARVI,135.1999969482422,135.1999969482422,112.9499969482422,124.8000030517578,62902
2024-06-05,AARVI,122.1999969482422,125.0,114.75,123.0500030517578,51670
2024-06-06,AARVI,123.5500030517578,137.0500030517578,123.5500030517578,133.0,49075
2024-06-07,AARVI,135.64999389648438,136.89999389648438,132.60000610351562,134.25,16355
2024-06-10,AARVI,135.0,137.5,134.0,136.14999389648438,19529
2024-06-11,AARVI,136.14999389648438,140.0,136.14999389648438,139.36000061035156,20837
2024-06-12,AARVI,140.0,141.89999389648438,139.55999755859375,141.0800018310547,23150
2024-06-13,AARVI,135.0,140.9600067138672,135.0,138.97000122070312,13616
2024-06-14,AARVI,137.07000732421875,139.52999877929688,137.07000732421875,138.5800018310547,8801
2024-06-18,AARVI,139.0,139.89999389648438,137.00999450683594,137.82000732421875,17376
2024-06-19,AARVI,137.82000732421875,137.82000732421875,135.3000030517578,137.27999877929688,10151
2024-06-20,AARVI,136.66000366210938,139.0,136.66000366210938,138.6999969482422,10209
2024-06-21,AARVI,138.6999969482422,141.89999389648438,138.02999877929688,141.30999755859375,13475
2024-06-24,AARVI,141.30999755859375,141.30999755859375,136.25999450683594,139.86000061035156,16907
2024-06-25,AARVI,140.6199951171875,140.97999572753906,138.10000610351562,139.32000732421875,10470
2024-06-26,AARVI,144.14999389648438,144.89999389648438,139.02000427246094,140.69000244140625,21404
2024-06-27,AARVI,141.0,142.10000610351562,139.17999267578125,140.13999938964844,15972
2024-06-28,AARVI,141.0,141.99000549316406,138.00999450683594,140.6199951171875,8233
2024-06-03,AAVAS,1672.4000244140625,1673.9000244140625,1606.0,1625.199951171875,187627
2024-06-04,AAVAS,1601.3499755859375,1618.9000244140625,1460.949951171875,1525.199951171875,202341
2024-06-05,AAVAS,1535.0,1572.050048828125,1491.9000244140625,1550.3499755859375,106774
2024-06-06,AAVAS,1589.300048828125,1657.0,1586.0,1632.300048828125,255958
2024-06-07,AAVAS,1632.300048828125,1705.0,1620.75,1674.949951171875,364602
2024-06-10,AAVAS,1719.949951171875,1741.699951171875,1675.0,1735.300048828125,298064
2024-06-11,AAVAS,1766.699951171875,1894.0,1741.0,1847.699951171875,1820148
2024-06-12,AAVAS,1869.5,1934.0,1850.0,1907.449951171875,886997
2024-06-13,AAVAS,1915.449951171875,1920.949951171875,1822.1500244140625,1837.5999755859373,396746
2024-06-14,AAVAS,1840.0,1868.0,1825.0,1853.800048828125,217615
2024-06-18,AAVAS,1873.0,1927.699951171875,1848.0,1900.449951171875,401918
2024-06-19,AAVAS,1914.949951171875,1978.949951171875,1897.25,1935.75,685347
2024-06-20,AAVAS,1940.949951171875,1950.0,1874.550048828125,1891.050048828125,207599
2024-06-21,AAVAS,1892.4000244140625,1920.0,1876.050048828125,1914.699951171875,184381
2024-06-24,AAVAS,1934.75,1934.75,1873.050048828125,1879.4000244140625,182360
2024-06-25,AAVAS,1885.550048828125,1902.5999755859373,1840.0,1855.1500244140625,445309
2024-06-26,AAVAS,1855.1500244140625,1879.0,1840.050048828125,1869.5,173441
2024-06-27,AAVAS,1867.5,1917.0,1850.0,1872.5,199098
2024-06-28,AAVAS,1878.449951171875,1881.8499755859373,1843.0,1853.0999755859373,141701
2024-06-03,ABAN,62.0,62.900001525878906,58.900001525878906,60.400001525878906,142456
2024-06-04,ABAN,59.79999923706055,60.0,57.400001525878906,57.400001525878906,173167
2024-06-05,ABAN,57.95000076293945,60.25,55.150001525878906,59.900001525878906,146709
2024-06-06,ABAN,60.650001525878906,62.84999847412109,59.900001525878906,62.84999847412109,143463
2024-06-07,ABAN,63.59999847412109,65.94999694824219,63.59999847412109,65.94999694824219,223168
2024-06-10,ABAN,65.94999694824219,69.23999786376953,65.55000305175781,69.23999786376953,237533
2024-06-11,ABAN,72.69999694824219,72.69999694824219,71.0,72.69999694824219,155703
2024-06-12,ABAN,74.1500015258789,74.1500015258789,74.1500015258789,74.1500015258789,147410
2024-06-13,ABAN,72.66000366210938,74.0,72.66000366210938,72.66000366210938,81485
2024-06-14,ABAN,71.19999694824219,71.19999694824219,71.19999694824219,71.19999694824219,14605
2024-06-18,ABAN,69.7699966430664,69.7699966430664,69.7699966430664,69.7699966430664,25027
2024-06-19,ABAN,68.37000274658203,68.37000274658203,68.37000274658203,68.37000274658203,18616
2024-06-20,ABAN,67.0,67.0,67.0,67.0,18348
2024-06-21,ABAN,65.66000366210938,65.66000366210938,65.66000366210938,65.66000366210938,22123
2024-06-24,ABAN,64.33999633789062,64.33999633789062,64.33999633789062,64.33999633789062,20973
2024-06-25,ABAN,63.09999847412109,65.62000274658203,63.09999847412109,63.09999847412109,112596
2024-06-26,ABAN,63.0,64.0,61.83000183105469,63.0,146807
2024-06-27,ABAN,64.26000213623047,64.26000213623047,64.26000213623047,64.26000213623047,79765
2024-06-28,ABAN,65.52999877929688,65.54000091552734,65.0,65.52999877929688,65598
2024-06-03,ABB,8500.5,8765.0,8395.25,8728.0,537121
2024-06-04,ABB,8750.0,8750.0,6982.39990234375,7666.75,1346607
2024-06-05,ABB,7850.0,7899.9501953125,7238.14990234375,7812.7001953125,1097810
2024-06-06,ABB,7801.0498046875,8144.7001953125,7801.0498046875,7987.5,483840
2024-06-07,ABB,8049.9501953125,8101.2001953125,7920.0,8073.25,323673
2024-06-10,ABB,8178.0498046875,8200.0,7994.2998046875,8061.9501953125,271789
2024-06-11,ABB,8145.0,8334.400390625,8072.10009765625,8095.25,434290
2024-06-12,ABB,8120.14990234375,8325.0,8120.0,8281.0,436181
2024-06-13,ABB,8350.0,8489.900390625,8305.0498046875,8446.599609375,386195
2024-06-14,ABB,8506.650390625,9145.0,8453.0498046875,9020.0,1242412
2024-06-18,ABB,9149.9501953125,9149.9501953125,8801.099609375,8867.0,517839
2024-06-19,ABB,8904.0,8913.75,8521.0,8544.0,601292
2024-06-20,ABB,8600.0,8665.599609375,8385.599609375,8539.2998046875,409555
2024-06-21,ABB,8590.0,8640.5,8355.0,8399.400390625,318529
2024-06-24,ABB,8389.0498046875,8565.349609375,8250.75,8465.2998046875,435447
2024-06-25,ABB,8494.9501953125,8597.849609375,8385.0498046875,8399.650390625,244800
2024-06-26,ABB,8426.0,8435.0,8235.7001953125,8390.849609375,336425
2024-06-27,ABB,8380.5,8690.849609375,8327.5498046875,8643.0498046875,654170
2024-06-28,ABB,8720.0,8720.150390625,8437.0,8490.900390625,400414
2024-06-03,ABBOTINDIA,26000.0,26300.0,25801.349609375,25941.650390625,16412
2024-06-04,ABBOTINDIA,25950.0,26360.0,25588.55078125,26292.25,31555
2024-06-05,ABBOTINDIA,26360.0,27999.900390625,26297.349609375,27473.150390625,31202
2024-06-06,ABBOTINDIA,27500.0,27686.599609375,26882.0,26998.80078125,15980
2024-06-07,ABBOTINDIA,27083.650390625,27615.44921875,27050.0,27494.80078125,21939
2024-06-10,ABBOTINDIA,27554.80078125,28029.900390625,27500.05078125,27936.05078125,23001
2024-06-11,ABBOTINDIA,27936.099609375,28341.0,27797.0,27979.599609375,21694
2024-06-12,ABBOTINDIA,28102.05078125,28450.0,27475.0,27559.80078125,18728
2024-06-13,ABBOTINDIA,27682.900390625,27712.5,27503.55078125,27616.69921875,5056
2024-06-14,ABBOTINDIA,27700.0,27777.94921875,27320.44921875,27464.900390625,10397
2024-06-18,ABBOTINDIA,27350.0,27454.75,27115.650390625,27198.05078125,8759
2024-06-19,ABBOTINDIA,27274.94921875,27274.94921875,26850.0,26909.80078125,10863
2024-06-20,ABBOTINDIA,26909.75,26950.0,26774.5,26905.349609375,6370
2024-06-21,ABBOTINDIA,26999.0,27437.5,26780.0,26850.80078125,17463
2024-06-24,ABBOTINDIA,26750.0,26879.94921875,26601.0,26834.44921875,8029
2024-06-25,ABBOTINDIA,26950.0,27011.650390625,26626.44921875,26855.599609375,26356
2024-06-26,ABBOTINDIA,26855.650390625,27775.5,26855.650390625,27639.55078125,27461
2024-06-27,ABBOTINDIA,27720.94921875,27866.0,27220.099609375,27377.44921875,39732
2024-06-28,ABBOTINDIA,27378.05078125,27948.94921875,27378.05078125,27624.099609375,11850
2024-06-03,ABCAPITAL,234.0,234.3500061035156,227.8000030517578,229.5500030517578,7202590
2024-06-04,ABCAPITAL,229.1499938964844,229.1499938964844,195.5,206.1000061035156,18092800
2024-06-05,ABCAPITAL,207.9499969482422,219.0,203.8000030517578,215.5500030517578,16192998
2024-06-06,ABCAPITAL,217.3999938964844,232.5500030517578,217.0,228.5500030517578,10473506
2024-06-07,ABCAPITAL,231.5500030517578,237.3999938964844,230.0,231.8999938964844,14776291
2024-06-10,ABCAPITAL,233.3699951171875,235.75,229.0,232.92999267578125,7375993
2024-06-11,ABCAPITAL,232.9499969482422,238.42999267578125,231.1499938964844,234.1100006103516,8600478
2024-06-12,ABCAPITAL,234.6999969482422,236.83999633789065,233.2100067138672,234.22000122070312,4150645
2024-06-13,ABCAPITAL,235.3000030517578,241.1600036621093,234.6100006103516,239.0800018310547,10260024
2024-06-14,ABCAPITAL,239.9499969482422,243.3000030517578,238.69000244140625,239.9600067138672,7568250
2024-06-18,ABCAPITAL,240.0,241.6499938964844,225.0,236.0599975585937,6596654
2024-06-19,ABCAPITAL,236.8300018310547,240.5,231.1999969482422,238.1000061035156,7200835
2024-06-20,ABCAPITAL,238.3000030517578,246.8999938964844,238.3000030517578,243.0200042724609,18425374
2024-06-21,ABCAPITAL,244.0500030517578,245.8000030517578,239.0,241.3000030517578,7175461
2024-06-24,ABCAPITAL,239.7100067138672,240.7700042724609,235.1000061035156,239.3500061035156,4469059
2024-06-25,ABCAPITAL,238.5,241.0,235.6199951171875,237.5200042724609,3278687
2024-06-26,ABCAPITAL,238.6999969482422,239.6999969482422,234.0,237.6000061035156,3176420
2024-06-27,ABCAPITAL,236.0,238.3999938964844,232.759994506836,235.3500061035156,4718894
2024-06-28,ABCAPITAL,235.75,243.38999938964844,235.1999969482422,238.7100067138672,7725680
2024-06-03,ABCOTS,287.1000061035156,287.1000061035156,287.1000061035156,287.1000061035156,1500
2024-06-04,ABCOTS,301.45001220703125,301.45001220703125,272.75,272.75,7000
2024-06-05,ABCOTS,259.1499938964844,259.20001220703125,259.1499938964844,259.20001220703125,2000
2024-06-06,ABCOTS,246.5,246.5,246.25,246.25,2500
2024-06-07,ABCOTS,246.25,254.8999938964844,246.0500030517578,254.8999938964844,2500
2024-06-10,ABCOTS,254.8999938964844,254.8999938964844,247.0,247.0,2000
2024-06-11,ABCOTS,247.0,247.0,247.0,247.0,0
2024-06-12,ABCOTS,247.0,249.0,247.0,249.0,1500
2024-06-13,ABCOTS,261.0,261.0,261.0,261.0,500
2024-06-14,ABCOTS,261.6000061035156,261.6000061035156,247.9499969482422,253.6999969482422,2500
2024-06-18,ABCOTS,247.1000061035156,247.1000061035156,247.0,247.0500030517578,4000
2024-06-19,ABCOTS,247.0500030517578,247.0500030517578,247.0500030517578,247.0500030517578,0
2024-06-20,ABCOTS,250.0,250.0,250.0,250.0,500
2024-06-21,ABCOTS,262.5,262.5,262.5,262.5,1000
2024-06-24,ABCOTS,262.5,273.0,262.5,273.0,1500
2024-06-25,ABCOTS,260.0,260.0,259.3500061035156,259.3500061035156,1000
2024-06-26,ABCOTS,259.3500061035156,259.3500061035156,259.3500061035156,259.3500061035156,0
2024-06-27,ABCOTS,259.3500061035156,259.3500061035156,259.3500061035156,259.3500061035156,500
2024-06-28,ABCOTS,247.0,259.0,247.0,259.0,1000
2024-06-03,ABFRL,300.0,301.0,290.3999938964844,292.79998779296875,3772643
2024-06-04,ABFRL,295.0,295.0,248.8999938964844,265.3999938964844,10436705
2024-06-05,ABFRL,271.95001220703125,311.45001220703125,268.20001220703125,305.0,22445833
2024-06-06,ABFRL,307.6000061035156,325.5,307.0,322.20001220703125,21111742
2024-06-07,ABFRL,321.5,329.3999938964844,317.0,324.20001220703125,12150989
2024-06-10,ABFRL,324.20001220703125,333.8999938964844,322.6000061035156,323.95001220703125,9534706
2024-06-11,ABFRL,325.3500061035156,331.6499938964844,322.25,323.45001220703125,4213661
2024-06-12,ABFRL,325.0,329.79998779296875,323.04998779296875,328.25,3712727
2024-06-13,ABFRL,329.95001220703125,330.1000061035156,325.1499938964844,326.8999938964844,2170899
2024-06-14,ABFRL,327.04998779296875,332.8500061035156,326.70001220703125,328.6000061035156,2917086
2024-06-18,ABFRL,330.0,335.25,327.1499938964844,330.5,4918022
2024-06-19,ABFRL,331.8500061035156,331.8500061035156,320.1499938964844,320.95001220703125,5247643
2024-06-20,ABFRL,322.0,324.70001220703125,316.0,317.04998779296875,3774886
2024-06-21,ABFRL,317.04998779296875,323.95001220703125,313.1000061035156,314.8999938964844,8489463
2024-06-24,ABFRL,311.0,319.79998779296875,307.04998779296875,318.54998779296875,4767089
2024-06-25,ABFRL,320.0,323.29998779296875,316.1000061035156,318.29998779296875,3411313
2024-06-26,ABFRL,319.0,322.20001220703125,318.1000061035156,320.6499938964844,3269190
2024-06-27,ABFRL,320.6499938964844,321.0,313.54998779296875,318.45001220703125,3543366
2024-06-28,ABFRL,318.45001220703125,321.25,311.0,312.1499938964844,4876868
2024-06-03,ABINFRA,4.474178791046143,4.514771938323975,4.474178791046143,4.514771938323975,44343
2024-06-04,ABINFRA,4.514771938323975,4.514771938323975,4.514771938323975,4.514771938323975,0
2024-06-05,ABINFRA,4.55536413192749,4.55536413192749,4.55536413192749,4.55536413192749,44343
2024-06-06,ABINFRA,4.55536413192749,4.55536413192749,4.5102620124816895,4.5102620124816895,66514
2024-06-07,ABINFRA,4.420055866241455,4.43809700012207,4.420055866241455,4.43809700012207,44343
2024-06-10,ABINFRA,4.595956802368164,4.780877113342285,4.595956802368164,4.780877113342285,66514
2024-06-11,ABINFRA,4.961287975311279,5.1236572265625,4.961287975311279,5.051493167877197,3724839
2024-06-12,ABINFRA,5.051493167877197,5.065023899078369,5.051493167877197,5.060513973236084,2594084
2024-06-13,ABINFRA,5.060513973236084,5.060513973236084,4.893633842468262,4.90265417098999,2461054
2024-06-14,ABINFRA,4.90265417098999,4.90265417098999,4.90265417098999,4.90265417098999,0
2024-06-18,ABINFRA,4.90265417098999,5.22739315032959,4.871082782745361,5.051493167877197,3126204
2024-06-19,ABINFRA,5.051493167877197,5.051493167877197,4.90265417098999,4.90265417098999,177373
2024-06-20,ABINFRA,4.961287975311279,4.961287975311279,4.871082782745361,4.871082782745361,576463
2024-06-21,ABINFRA,4.871082782745361,4.871082782745361,4.871082782745361,4.871082782745361,0
2024-06-24,ABINFRA,5.358191013336182,5.358191013336182,4.695181846618652,5.132678031921387,133029
2024-06-25,ABINFRA,5.177780151367188,5.177780151367188,4.916184902191162,4.916184902191162,155201
2024-06-26,ABINFRA,4.839510917663574,4.839510917663574,4.54183292388916,4.672630786895752,243888
2024-06-27,ABINFRA,4.672630786895752,4.672630786895752,4.672630786895752,4.672630786895752,0
2024-06-28,ABINFRA,4.690671920776367,4.997369766235352,4.690671920776367,4.997369766235352,44343
2024-06-03,ABMINTLLTD,62.0,63.59999847412109,61.5,62.84999847412109,19592
2024-06-04,ABMINTLLTD,64.1500015258789,65.0,60.25,63.5,1463
2024-06-05,ABMINTLLTD,63.5,65.4000015258789,62.29999923706055,65.4000015258789,212
2024-06-06,ABMINTLLTD,65.4000015258789,65.4000015258789,62.45000076293945,62.650001525878906,226
2024-06-07,ABMINTLLTD,67.0,68.5,63.400001525878906,66.94999694824219,14898
2024-06-10,ABMINTLLTD,70.30000305175781,73.5999984741211,67.5,73.44999694824219,25579
2024-06-11,ABMINTLLTD,80.0,80.0,72.0,77.11000061035156,19171
2024-06-12,ABMINTLLTD,80.75,80.75,70.0999984741211,72.0199966430664,11582
2024-06-13,ABMINTLLTD,72.0199966430664,78.80000305175781,71.4000015258789,73.81999969482422,12744
2024-06-14,ABMINTLLTD,77.0,77.0,73.0,73.43000030517578,5060
2024-06-18,ABMINTLLTD,72.41999816894531,73.4000015258789,70.5,71.16999816894531,2408
2024-06-19,ABMINTLLTD,71.0,71.0,68.0,68.0,374
2024-06-20,ABMINTLLTD,71.4000015258789,71.4000015258789,66.0,71.30000305175781,1215
2024-06-21,ABMINTLLTD,71.0,71.0,68.0,68.58999633789062,833
2024-06-24,ABMINTLLTD,65.69999694824219,70.0,65.5,69.4000015258789,286
2024-06-25,ABMINTLLTD,68.0,70.0,68.0,69.98999786376953,300
2024-06-26,ABMINTLLTD,69.9000015258789,69.9000015258789,69.88999938964844,69.88999938964844,203
2024-06-27,ABMINTLLTD,69.0,69.0,66.4000015258789,66.4000015258789,754
2024-06-28,ABMINTLLTD,66.4000015258789,66.4000015258789,63.08000183105469,63.25,573
2024-06-03,ABREL,2065.0,2133.199951171875,2048.050048828125,2114.35009765625,270424
2024-06-04,ABREL,2083.0,2089.550048828125,1691.5,1896.75,592556
2024-06-05,ABREL,1857.0,1920.9000244140625,1774.949951171875,1842.300048828125,755029
2024-06-06,ABREL,1951.949951171875,2180.0,1917.0,2105.699951171875,1989926
2024-06-07,ABREL,2046.4000244140625,2135.0,2032.050048828125,2120.85009765625,386207
2024-06-10,ABREL,2129.89990234375,2150.39990234375,2075.0,2090.300048828125,128266
2024-06-11,ABREL,2082.300048828125,2141.0,2052.300048828125,2104.199951171875,322855
2024-06-12,ABREL,2110.0,2125.0,2075.0,2081.300048828125,102526
2024-06-13,ABREL,2091.39990234375,2212.5,2085.300048828125,2181.199951171875,935624
2024-06-14,ABREL,2197.60009765625,2289.0,2174.550048828125,2245.449951171875,502637
2024-06-18,ABREL,2258.75,2396.60009765625,2236.0,2358.89990234375,836813
2024-06-19,ABREL,2317.35009765625,2369.0,2270.0,2289.5,262321
2024-06-20,ABREL,2295.0,2311.89990234375,2255.050048828125,2273.89990234375,174527
2024-06-21,ABREL,2283.10009765625,2310.949951171875,2200.0,2217.800048828125,228826
2024-06-24,ABREL,2221.550048828125,2347.300048828125,2191.60009765625,2329.5,771187
2024-06-25,ABREL,2333.0,2357.949951171875,2277.25,2290.300048828125,242890
2024-06-26,ABREL,2302.89990234375,2325.0,2246.0,2270.89990234375,183851
2024-06-27,ABREL,2273.85009765625,2299.75,2201.0,2275.35009765625,201977
2024-06-28,ABREL,2299.0,2338.75,2260.0,2315.449951171875,226696
2024-06-03,ABSLAMC,528.7999877929688,574.7999877929688,525.5999755859375,574.7999877929688,1411126
2024-06-04,ABSLAMC,569.5999755859375,569.5999755859375,517.3499755859375,522.3499755859375,755602
2024-06-05,ABSLAMC,530.0,568.0,525.7999877929688,562.5499877929688,461913
2024-06-06,ABSLAMC,568.0,595.0,565.9000244140625,585.0499877929688,649472
2024-06-07,ABSLAMC,588.0,588.0499877929688,571.5,576.1500244140625,251293
2024-06-10,ABSLAMC,596.6500244140625,603.0,588.0,598.6500244140625,680071
2024-06-11,ABSLAMC,606.0,627.9000244140625,599.0999755859375,618.7000122070312,1080360
2024-06-12,ABSLAMC,623.5,647.7999877929688,620.0,639.4500122070312,1278294
2024-06-13,ABSLAMC,640.0,653.9500122070312,632.0,650.0499877929688,658163
2024-06-14,ABSLAMC,701.9000244140625,701.9000244140625,674.0,679.0999755859375,2229473
2024-06-18,ABSLAMC,682.0,683.0,671.6500244140625,672.75,460719
2024-06-19,ABSLAMC,676.0,676.0,653.0999755859375,659.0999755859375,486281
2024-06-20,ABSLAMC,663.5,664.5,655.0,659.3499755859375,323813
2024-06-21,ABSLAMC,665.0,665.7999877929688,656.0,658.5,248924
2024-06-24,ABSLAMC,658.5,665.4500122070312,647.5,655.4000244140625,244947
2024-06-25,ABSLAMC,655.4000244140625,660.9500122070312,650.8499755859375,656.8499755859375,218881
2024-06-26,ABSLAMC,656.8499755859375,657.4500122070312,648.5999755859375,650.7999877929688,177966
2024-06-27,ABSLAMC,650.7999877929688,652.0,616.2000122070312,635.0499877929688,272220
2024-06-28,ABSLAMC,638.2999877929688,645.7000122070312,630.0999755859375,632.1500244140625,294111
2024-06-03,ACC,2670.0,2702.699951171875,2603.39990234375,2682.800048828125,1017937
2024-06-04,ACC,2679.949951171875,2679.949951171875,2150.0,2282.050048828125,1495201
2024-06-05,ACC,2349.949951171875,2425.0,2236.300048828125,2401.60009765625,662576
2024-06-06,ACC,2431.60009765625,2506.199951171875,2431.60009765625,2453.550048828125,475470
2024-06-07,ACC,2467.39990234375,2507.75,2451.39990234375,2499.10009765625,329255
2024-06-10,ACC,2519.449951171875,2566.0,2499.10009765625,2543.10009765625,425202
2024-06-11,ACC,2575.0,2575.0,2545.10009765625,2563.60009765625,516274
2024-06-12,ACC,2565.050048828125,2639.0,2551.800048828125,2624.39990234375,692186
2024-06-13,ACC,2642.0,2644.0,2610.60009765625,2635.800048828125,384618
2024-06-14,ACC,2664.0,2714.0,2651.14990234375,2661.699951171875,706685
2024-06-18,ACC,2694.0,2694.550048828125,2646.39990234375,2652.0,201421
2024-06-19,ACC,2653.0,2657.199951171875,2590.550048828125,2621.550048828125,226033
2024-06-20,ACC,2635.0,2641.199951171875,2611.550048828125,2622.64990234375,321036
2024-06-21,ACC,2637.0,2650.0,2579.0,2590.199951171875,291043
2024-06-24,ACC,2585.0,2596.60009765625,2519.050048828125,2588.25,331999
2024-06-25,ACC,2608.0,2608.0,2549.199951171875,2569.699951171875,680725
2024-06-26,ACC,2575.0,2654.0,2562.050048828125,2590.89990234375,1036940
2024-06-27,ACC,2571.050048828125,2671.85009765625,2571.0,2637.0,963244
2024-06-28,ACC,2641.25,2650.0,2612.64990234375,2619.050048828125,328851
2024-06-03,ACCELYA,1626.0,1647.3499755859375,1592.0,1600.449951171875,16028
2024-06-04,ACCELYA,1600.0,1606.9000244140625,1465.0,1558.550048828125,28933
2024-06-05,ACCELYA,1550.0,1622.0,1527.050048828125,1604.8499755859375,13637
2024-06-06,ACCELYA,1612.5999755859375,1637.0,1605.949951171875,1619.5999755859375,9954
2024-06-07,ACCELYA,1610.0,1690.0,1610.0,1677.25,25773
2024-06-10,ACCELYA,1696.0,1699.0,1660.5999755859375,1673.4000244140625,9732
2024-06-11,ACCELYA,1698.949951171875,1698.949951171875,1665.0,1678.699951171875,11607
2024-06-12,ACCELYA,1651.0,1690.0,1650.6500244140625,1680.5999755859375,11850
2024-06-13,ACCELYA,1669.0,1794.800048828125,1669.0,1770.0,53561
2024-06-14,ACCELYA,1780.0,1819.949951171875,1772.25,1783.9000244140625,35628
2024-06-18,ACCELYA,1785.0,1810.0,1731.949951171875,1771.9000244140625,23341
2024-06-19,ACCELYA,1775.0,1781.9000244140625,1724.5,1730.6500244140625,15758
2024-06-20,ACCELYA,1740.8499755859375,1797.0,1722.4000244140625,1756.949951171875,19028
2024-06-21,ACCELYA,1776.949951171875,1789.0,1741.300048828125,1763.5999755859375,21733
2024-06-24,ACCELYA,1783.5999755859375,1784.699951171875,1735.3499755859375,1754.0999755859375,8919
2024-06-25,ACCELYA,1754.800048828125,1766.300048828125,1731.0,1734.25,8178
2024-06-26,ACCELYA,1734.25,1734.25,1701.0,1703.8499755859375,9040
2024-06-27,ACCELYA,1703.8499755859375,1724.949951171875,1671.0,1686.300048828125,15662
2024-06-28,ACCELYA,1675.050048828125,1756.25,1675.0,1729.5999755859375,18722
2024-06-03,ACCURACY,9.399999618530272,9.399999618530272,8.850000381469727,8.899999618530273,356435
2024-06-04,ACCURACY,9.050000190734863,9.050000190734863,8.449999809265137,8.449999809265137,528247
2024-06-05,ACCURACY,8.449999809265137,8.75,8.050000190734863,8.300000190734863,466842
2024-06-06,ACCURACY,8.399999618530273,8.699999809265137,8.399999618530273,8.600000381469727,291585
2024-06-07,ACCURACY,8.850000381469727,9.050000190734863,8.800000190734863,8.949999809265137,280548
2024-06-10,ACCURACY,9.149999618530272,9.300000190734863,9.050000190734863,9.18000030517578,371418
2024-06-11,ACCURACY,9.399999618530272,9.399999618530272,9.229999542236328,9.380000114440918,324172
2024-06-12,ACCURACY,9.600000381469728,10.3100004196167,9.5,10.3100004196167,704321
2024-06-13,ACCURACY,10.699999809265137,11.34000015258789,10.609999656677246,11.34000015258789,581689
2024-06-14,ACCURACY,11.899999618530272,11.899999618530272,11.899999618530272,11.899999618530272,463160
2024-06-18,ACCURACY,12.489999771118164,12.489999771118164,11.300000190734863,11.300000190734863,2789879
2024-06-19,ACCURACY,11.199999809265137,11.199999809265137,10.729999542236328,10.729999542236328,1014415
2024-06-20,ACCURACY,10.5,11.260000228881836,10.3100004196167,11.260000228881836,652432
2024-06-21,ACCURACY,11.699999809265137,11.81999969482422,11.5,11.81999969482422,819817
2024-06-24,ACCURACY,11.75,12.40999984741211,11.5,12.40999984741211,1901257
2024-06-25,ACCURACY,12.890000343322754,13.029999732971191,12.720000267028809,13.029999732971191,1134257
2024-06-26,ACCURACY,13.399999618530272,13.68000030517578,12.40999984741211,12.56999969482422,2288449
2024-06-27,ACCURACY,12.390000343322754,12.609999656677246,11.9399995803833,12.390000343322754,858514
2024-06-28,ACCURACY,12.4399995803833,13.0,12.4399995803833,12.989999771118164,1005093
2024-06-03,ACE,1500.0,1520.0,1439.8499755859375,1450.0999755859375,341655
2024-06-04,ACE,1450.0999755859375,1452.0,1181.0,1269.4000244140625,1042444
2024-06-05,ACE,1347.199951171875,1421.8499755859375,1278.0,1351.0,805420
2024-06-06,ACE,1386.550048828125,1419.0,1376.0,1401.0999755859375,382996
2024-06-07,ACE,1398.050048828125,1471.449951171875,1390.050048828125,1462.300048828125,391268
2024-06-10,ACE,1479.800048828125,1525.0,1450.0,1468.5,543015
2024-06-11,ACE,1478.0,1507.0,1387.6500244140625,1432.550048828125,1449438
2024-06-12,ACE,1440.0,1467.699951171875,1431.050048828125,1447.6500244140625,425090
2024-06-13,ACE,1459.9000244140625,1480.8499755859375,1440.0,1455.300048828125,293296
2024-06-14,ACE,1455.300048828125,1493.699951171875,1441.0,1476.9000244140625,510872
2024-06-18,ACE,1490.0,1532.0,1463.25,1476.9000244140625,747807
2024-06-19,ACE,1485.0,1524.800048828125,1441.0,1515.6500244140625,1174173
2024-06-20,ACE,1544.0,1560.0,1510.050048828125,1519.0999755859375,962806
2024-06-21,ACE,1525.0,1528.0,1478.0,1489.550048828125,362454
2024-06-24,ACE,1477.6500244140625,1499.0999755859375,1455.0,1478.75,271683
2024-06-25,ACE,1481.9000244140625,1520.0,1475.0,1494.9000244140625,401593
2024-06-26,ACE,1499.800048828125,1522.0,1484.25,1504.800048828125,352083
2024-06-27,ACE,1509.0,1545.0,1480.0,1505.6500244140625,386620
2024-06-28,ACE,1518.800048828125,1519.0,1480.5,1486.9000244140625,220530
2024-06-03,ACEINTEG,34.400001525878906,34.400001525878906,32.79999923706055,33.0,7179
2024-06-04,ACEINTEG,32.349998474121094,33.75,30.700000762939453,31.89999961853028,27210
2024-06-05,ACEINTEG,32.599998474121094,33.5,31.799999237060547,33.20000076293945,2255
2024-06-06,ACEINTEG,33.599998474121094,34.20000076293945,33.04999923706055,33.95000076293945,5897
2024-06-07,ACEINTEG,34.599998474121094,35.599998474121094,33.95000076293945,34.400001525878906,21378
2024-06-10,ACEINTEG,37.0,37.0,33.25,34.34000015258789,11909
2024-06-11,ACEINTEG,34.45000076293945,34.45000076293945,34.11000061035156,34.20000076293945,6436
2024-06-12,ACEINTEG,34.459999084472656,35.0,33.75,34.630001068115234,9259
2024-06-13,ACEINTEG,34.02000045776367,35.0,33.599998474121094,34.40999984741211,6074
2024-06-14,ACEINTEG,34.400001525878906,34.9900016784668,34.04999923706055,34.220001220703125,4514
2024-06-18,ACEINTEG,34.45000076293945,34.959999084472656,33.40999984741211,34.0,10044
2024-06-19,ACEINTEG,34.7400016784668,34.84000015258789,33.79999923706055,33.880001068115234,29301
2024-06-20,ACEINTEG,33.9900016784668,34.529998779296875,33.97999954223633,34.15999984741211,27713
2024-06-21,ACEINTEG,34.58000183105469,34.599998474121094,33.810001373291016,33.84000015258789,16151
2024-06-24,ACEINTEG,34.849998474121094,34.849998474121094,33.849998474121094,34.060001373291016,21131
2024-06-25,ACEINTEG,34.0099983215332,34.7400016784668,33.720001220703125,33.95000076293945,4862
2024-06-26,ACEINTEG,34.0,34.88999938964844,33.810001373291016,34.09000015258789,8663
2024-06-27,ACEINTEG,34.86000061035156,34.86000061035156,33.5,33.86000061035156,3268
2024-06-28,ACEINTEG,34.0,34.380001068115234,33.52000045776367,33.7599983215332,1402
2024-06-03,ACI,645.0,645.0,610.0,617.4000244140625,383563
2024-06-04,ACI,615.0,616.0499877929688,581.0999755859375,600.25,380772
2024-06-05,ACI,601.8499755859375,616.0,586.0999755859375,610.1500244140625,160254
2024-06-06,ACI,620.0,625.0,607.0,608.6500244140625,203527
2024-06-07,ACI,610.0,616.5,607.0499877929688,614.0,201924
2024-06-10,ACI,620.1500244140625,622.9500122070312,608.0999755859375,610.75,291599
2024-06-11,ACI,615.2999877929688,632.0,610.0999755859375,624.1500244140625,341443
2024-06-12,ACI,624.0,627.7999877929688,620.0,622.0499877929688,211880
2024-06-13,ACI,645.0499877929688,686.9000244140625,638.1500244140625,658.9500122070312,3789776
2024-06-14,ACI,663.0,680.9500122070312,648.0,672.7999877929688,801151
2024-06-18,ACI,673.0,677.4000244140625,653.2000122070312,657.2999877929688,350470
2024-06-19,ACI,658.7000122070312,677.0,641.3499755859375,671.9000244140625,540733
2024-06-20,ACI,669.9500122070312,700.0,651.6500244140625,695.5,1734869
2024-06-21,ACI,704.25,704.25,677.2999877929688,696.7000122070312,717321
2024-06-24,ACI,689.7000122070312,696.25,675.0499877929688,685.7000122070312,298646
2024-06-25,ACI,687.0,709.2000122070312,682.2000122070312,689.3499755859375,550126
2024-06-26,ACI,689.7000122070312,697.0,682.5999755859375,691.6500244140625,226561
2024-06-27,ACI,667.0,673.2000122070312,654.0,657.5999755859375,10056951
2024-06-28,ACI,660.0999755859375,677.0,660.0,669.0,2148265
2024-06-03,ACL,87.30000305175781,91.5,85.0,85.94999694824219,62416
2024-06-04,ACL,86.9000015258789,86.9000015258789,77.3499984741211,77.80000305175781,156560
2024-06-05,ACL,82.3499984741211,82.3499984741211,76.0,79.9000015258789,104461
2024-06-06,ACL,82.9000015258789,87.8499984741211,80.0,82.9000015258789,291839
2024-06-07,ACL,84.5,88.69999694824219,82.80000305175781,87.6500015258789,271734
2024-06-10,ACL,89.69999694824219,96.41000366210938,89.6500015258789,96.41000366210938,611692
2024-06-11,ACL,103.0,106.0500030517578,101.0,106.0500030517578,813889
2024-06-12,ACL,109.8000030517578,110.4000015258789,100.73999786376952,101.19000244140624,1375783
2024-06-13,ACL,104.0,104.5,99.01000213623048,100.2300033569336,263656
2024-06-14,ACL,103.6999969482422,104.6999969482422,100.5500030517578,100.95999908447266,239116
2024-06-18,ACL,103.6999969482422,103.6999969482422,99.1999969482422,99.70999908447266,155300
2024-06-19,ACL,99.9000015258789,100.25,96.0500030517578,97.05999755859376,96166
2024-06-20,ACL,95.25,98.98999786376952,95.25,96.88999938964844,119977
2024-06-21,ACL,98.6999969482422,98.6999969482422,97.0,97.2699966430664,52526
2024-06-24,ACL,98.69000244140624,99.0,96.0,96.63999938964844,77424
2024-06-25,ACL,96.3000030517578,98.58999633789062,95.5,96.4800033569336,79351
2024-06-26,ACL,97.25,101.3000030517578,96.51000213623048,98.26000213623048,382905
2024-06-27,ACL,98.6999969482422,103.0999984741211,97.5500030517578,97.98999786376952,287544
2024-06-28,ACL,99.0,99.0,96.5,97.3499984741211,106430
2024-06-03,ACUTAAS,620.5,624.0,602.25,605.2999877929688,300642
2024-06-04,ACUTAAS,602.5999755859375,602.5999755859375,504.0,547.4249877929688,930028
2024-06-05,ACUTAAS,552.5,564.0499877929688,529.7750244140625,552.6749877929688,295210
2024-06-06,ACUTAAS,562.4500122070312,607.5,556.3499755859375,605.2000122070312,762768
2024-06-07,ACUTAAS,607.0,617.5,597.5,609.1500244140625,276182
2024-06-10,ACUTAAS,624.0,632.5,611.0,615.75,333810
2024-06-11,ACUTAAS,615.7999877929688,636.6749877929688,613.7249755859375,630.9000244140625,412122
2024-06-12,ACUTAAS,637.0999755859375,670.625,624.6500244140625,663.3250122070312,1802514
2024-06-13,ACUTAAS,662.7750244140625,667.0750122070312,650.5,662.0999755859375,464864
2024-06-14,ACUTAAS,664.0,677.5,643.0,648.0250244140625,765566
2024-06-18,ACUTAAS,650.0,663.25,640.3499755859375,655.4749755859375,388468
2024-06-19,ACUTAAS,659.75,734.5,659.75,684.7249755859375,3613054
2024-06-20,ACUTAAS,691.6500244140625,706.0,676.9000244140625,696.4249877929688,649460
2024-06-21,ACUTAAS,705.2249755859375,705.2249755859375,675.0,678.75,345696
2024-06-24,ACUTAAS,679.9249877929688,679.9249877929688,650.625,666.125,452048
2024-06-25,ACUTAAS,669.9749755859375,676.6500244140625,652.7999877929688,655.625,163006
2024-06-26,ACUTAAS,661.625,684.5,653.0750122070312,674.25,700238
2024-06-27,ACUTAAS,678.625,680.0,649.1500244140625,658.9000244140625,235720
2024-06-28,ACUTAAS,658.8499755859375,667.4749755859375,641.5,646.2249755859375,255874
2024-06-03,ADANIENSOL,1249.0,1249.4000244140625,1185.050048828125,1221.949951171875,9453459
2024-06-04,ADANIENSOL,1219.75,1219.75,977.5999755859376,977.5999755859376,8110623
2024-06-05,ADANIENSOL,997.0,1017.8499755859376,831.5,951.7000122070312,13983391
2024-06-06,ADANIENSOL,995.0,1020.0,983.4000244140624,1001.0499877929688,8559362
2024-06-07,ADANIENSOL,1001.0,1045.0,987.0,1020.0499877929688,6459015
2024-06-10,ADANIENSOL,1054.9000244140625,1074.0,1020.0,1026.800048828125,1854218
2024-06-11,ADANIENSOL,1030.5,1032.0,1015.0,1017.8499755859376,1113225
2024-06-12,ADANIENSOL,1019.9500122070312,1028.949951171875,1015.0499877929688,1020.5,715392
2024-06-13,ADANIENSOL,1027.0,1031.800048828125,1014.0499877929688,1017.6500244140624,611962
2024-06-14,ADANIENSOL,1024.949951171875,1038.699951171875,1015.5,1019.7999877929688,702499
2024-06-18,ADANIENSOL,1025.6500244140625,1034.699951171875,1023.0,1026.550048828125,893353
2024-06-19,ADANIENSOL,1030.0,1031.699951171875,1001.0499877929688,1007.75,1074316
2024-06-20,ADANIENSOL,1012.7999877929688,1031.0,1006.5,1016.5,792202
2024-06-21,ADANIENSOL,1016.0,1023.0,1002.0,1010.5499877929688,722608
2024-06-24,ADANIENSOL,1005.0,1027.8499755859375,1000.0,1017.25,687135
2024-06-25,ADANIENSOL,1017.25,1029.25,1011.1500244140624,1014.2000122070312,2571533
2024-06-26,ADANIENSOL,1012.9500122070312,1023.0,996.75,1005.0999755859376,3480521
2024-06-27,ADANIENSOL,1010.0,1018.0,1005.4000244140624,1012.2000122070312,3777139
2024-06-28,ADANIENSOL,1016.9500122070312,1017.5,990.0,997.3499755859376,795167
2024-06-03,ADANIENT,3725.0,3743.89990234375,3586.050048828125,3645.25,8511359
2024-06-04,ADANIENT,3520.0,3520.0,2733.949951171875,2941.25,20306909
2024-06-05,ADANIENT,3030.0,3150.0,2750.0,3115.35009765625,8778345
2024-06-06,ADANIENT,3184.0,3222.39990234375,3137.14990234375,3185.64990234375,5873271
2024-06-07,ADANIENT,3170.39990234375,3233.75,3151.60009765625,3219.550048828125,4740455
2024-06-10,ADANIENT,3267.0,3284.39990234375,3205.5,3220.10009765625,4935698
2024-06-11,ADANIENT,3224.0,3265.0,3195.050048828125,3221.25,4173692
2024-06-12,ADANIENT,3224.89990234375,3245.0,3208.0,3219.050048828125,3022477
2024-06-13,ADANIENT,3230.0,3254.0,3207.25,3224.800048828125,3202978
2024-06-14,ADANIENT,3225.0,3275.0,3221.10009765625,3261.75,4224855
2024-06-18,ADANIENT,3310.0,3345.0,3287.199951171875,3309.050048828125,1755612
2024-06-19,ADANIENT,3314.0,3314.0,3226.300048828125,3261.89990234375,1419264
2024-06-20,ADANIENT,3263.89990234375,3315.0,3240.0,3259.449951171875,1366545
2024-06-21,ADANIENT,3265.050048828125,3277.10009765625,3176.39990234375,3189.300048828125,4697655
2024-06-24,ADANIENT,3185.75,3214.800048828125,3135.0,3194.60009765625,3261647
2024-06-25,ADANIENT,3204.75,3208.449951171875,3156.35009765625,3171.10009765625,1694962
2024-06-26,ADANIENT,3169.050048828125,3187.699951171875,3163.89990234375,3170.5,2142889
2024-06-27,ADANIENT,3177.0,3202.25,3150.0,3175.14990234375,5114980
2024-06-28,ADANIENT,3190.0,3211.949951171875,3157.0,3177.14990234375,960905
2024-06-03,ADANIGREEN,2125.0,2174.10009765625,1950.0999755859373,2038.0,7236091
2024-06-04,ADANIGREEN,2029.9000244140625,2029.9000244140625,1630.4000244140625,1646.0,8291356
2024-06-05,ADANIGREEN,1704.0,1849.300048828125,1545.1500244140625,1828.8499755859373,5254218
2024-06-06,ADANIGREEN,1875.0,1919.0,1845.0,1865.199951171875,1909863
2024-06-07,ADANIGREEN,1845.0,1888.949951171875,1812.800048828125,1864.25,1687744
2024-06-10,ADANIGREEN,1929.0,1935.0,1859.800048828125,1880.3499755859373,1239388
2024-06-11,ADANIGREEN,1898.0,1898.0,1840.0,1855.699951171875,666368
2024-06-12,ADANIGREEN,1859.9000244140625,1868.5999755859373,1818.6500244140625,1827.3499755859373,596596
2024-06-13,ADANIGREEN,1839.1500244140625,1853.8499755859373,1792.050048828125,1797.550048828125,836369
2024-06-14,ADANIGREEN,1799.0,1825.0,1787.050048828125,1806.300048828125,1154364
2024-06-18,ADANIGREEN,1825.0,1840.300048828125,1808.0,1814.0,633545
2024-06-19,ADANIGREEN,1820.0,1821.6500244140625,1775.0,1789.6500244140625,971693
2024-06-20,ADANIGREEN,1807.75,1816.4000244140625,1785.5,1806.4000244140625,724077
2024-06-21,ADANIGREEN,1810.0,1814.300048828125,1775.25,1780.449951171875,753905
2024-06-24,ADANIGREEN,1783.800048828125,1830.0,1771.0,1812.3499755859373,674744
2024-06-25,ADANIGREEN,1812.0,1819.699951171875,1786.0,1797.0999755859375,441041
2024-06-26,ADANIGREEN,1804.699951171875,1809.8499755859373,1765.0,1774.300048828125,433144
2024-06-27,ADANIGREEN,1779.9000244140625,1817.949951171875,1755.050048828125,1808.449951171875,569485
2024-06-28,ADANIGREEN,1809.300048828125,1815.0,1777.5,1788.800048828125,485413
2024-06-03,ADANIPORTS,1549.0,1621.4000244140625,1535.0,1583.949951171875,23398347
2024-06-04,ADANIPORTS,1558.0,1558.0,1188.0,1248.949951171875,52109624
2024-06-05,ADANIPORTS,1281.0,1368.0,1160.5999755859375,1354.5999755859375,20879925
2024-06-06,ADANIPORTS,1384.0,1404.0,1344.800048828125,1352.949951171875,12153840
2024-06-07,ADANIPORTS,1357.699951171875,1385.0,1355.050048828125,1378.8499755859375,5884018
2024-06-10,ADANIPORTS,1404.0,1415.3499755859375,1381.25,1384.050048828125,4843234
2024-06-11,ADANIPORTS,1391.0,1418.800048828125,1384.050048828125,1403.449951171875,4122878
2024-06-12,ADANIPORTS,1411.75,1414.449951171875,1390.5999755859375,1393.949951171875,3258265
2024-06-13,ADANIPORTS,1403.5999755859375,1411.0,1388.050048828125,1404.449951171875,2839159
2024-06-14,ADANIPORTS,1409.0,1442.0,1395.449951171875,1430.699951171875,5651491
2024-06-18,ADANIPORTS,1447.0,1458.5999755859375,1434.050048828125,1445.0,5651898
2024-06-19,ADANIPORTS,1446.0,1452.0,1420.449951171875,1448.4000244140625,4484742
2024-06-20,ADANIPORTS,1459.300048828125,1476.800048828125,1444.0999755859375,1469.4000244140625,4905603
2024-06-21,ADANIPORTS,1479.949951171875,1498.9000244140625,1470.0,1485.5,25891893
2024-06-24,ADANIPORTS,1474.8499755859375,1479.6500244140625,1450.199951171875,1460.25,3009931
2024-06-25,ADANIPORTS,1466.1500244140625,1468.9000244140625,1437.0,1456.1500244140625,3343186
2024-06-26,ADANIPORTS,1458.9000244140625,1474.5,1451.050048828125,1467.800048828125,3217949
2024-06-27,ADANIPORTS,1475.5999755859375,1494.0,1459.0,1485.5,7803408
2024-06-28,ADANIPORTS,1480.0,1494.0,1445.0,1478.0999755859375,11534763
2024-06-03,ADANIPOWER,174.0,179.1699981689453,165.3300018310547,174.89999389648438,199868915
2024-06-04,ADANIPOWER,174.60000610351562,174.60000610351562,139.9199981689453,144.58999633789062,356261975
2024-06-05,ADANIPOWER,148.39999389648438,155.9499969482422,128.0,145.3300018310547,172688100
2024-06-06,ADANIPOWER,149.97999572753906,158.0,149.02999877929688,149.8699951171875,87043240
2024-06-07,ADANIPOWER,149.1999969482422,154.3800048828125,147.0,153.41000366210938,40602755
2024-06-10,ADANIPOWER,156.60000610351562,162.1999969482422,153.60000610351562,153.94000244140625,30870070
2024-06-11,ADANIPOWER,155.0,155.94000244140625,152.0,152.57000732421875,18756795
2024-06-12,ADANIPOWER,152.80999755859375,153.75999450683594,150.9199981689453,152.44000244140625,37596165
2024-06-13,ADANIPOWER,153.0,153.94000244140625,150.0,150.75999450683594,43563425
2024-06-14,ADANIPOWER,151.33999633789062,151.60000610351562,149.0399932861328,149.35000610351562,53192385
2024-06-18,ADANIPOWER,151.55999755859375,151.6999969482422,148.02000427246094,149.6300048828125,36992090
2024-06-19,ADANIPOWER,149.82000732421875,149.99000549316406,144.0,147.72999572753906,27387940
2024-06-20,ADANIPOWER,148.61000061035156,149.4600067138672,146.83999633789062,148.6699981689453,35844170
2024-06-21,ADANIPOWER,148.6300048828125,148.82000732421875,146.00999450683594,146.72999572753906,36626465
2024-06-24,ADANIPOWER,145.58999633789062,148.9600067138672,144.0,147.69000244140625,38708270
2024-06-25,ADANIPOWER,148.17999267578125,148.47999572753906,144.75999450683594,145.05999755859375,34124060
2024-06-26,ADANIPOWER,144.80999755859375,146.17999267578125,143.60000610351562,143.97999572753906,31171240
2024-06-27,ADANIPOWER,144.58999633789062,145.58999633789062,142.0,143.13999938964844,38887510
2024-06-28,ADANIPOWER,143.94000244140625,145.63999938964844,142.9499969482422,143.72000122070312,51472280
2024-06-03,ADFFOODS,218.8999938964844,227.25,212.5500030517578,213.8999938964844,144998
2024-06-04,ADFFOODS,225.0,225.0,197.0500030517578,204.8500061035156,249508
2024-06-05,ADFFOODS,205.0,222.5,205.0,212.3999938964844,380656
2024-06-06,ADFFOODS,216.5500030517578,220.5500030517578,213.8500061035156,217.0500030517578,190540
2024-06-07,ADFFOODS,217.8500061035156,224.8999938964844,216.5,222.75,290240
2024-06-10,ADFFOODS,223.5,227.9499969482422,223.0,225.009994506836,189072
2024-06-11,ADFFOODS,223.009994506836,231.9900054931641,222.509994506836,226.2700042724609,205365
2024-06-12,ADFFOODS,226.9499969482422,228.72999572753903,220.0200042724609,222.25,194802
2024-06-13,ADFFOODS,224.02999877929688,229.9499969482422,223.5500030517578,228.8999938964844,196726
2024-06-14,ADFFOODS,229.0500030517578,231.0,226.1999969482422,227.08999633789065,89171
2024-06-18,ADFFOODS,227.4499969482422,228.9199981689453,221.8999938964844,223.3300018310547,174667
2024-06-19,ADFFOODS,225.0,228.0,220.25,225.88999938964844,130486
2024-06-20,ADFFOODS,226.6000061035156,231.7899932861328,225.07000732421875,226.5,143680
2024-06-21,ADFFOODS,228.0,249.9499969482422,227.3999938964844,243.3800048828125,1752172
2024-06-24,ADFFOODS,243.3800048828125,248.9499969482422,240.57000732421875,242.5500030517578,617944
2024-06-25,ADFFOODS,243.5,245.1499938964844,235.0,235.9600067138672,234875
2024-06-26,ADFFOODS,237.97000122070312,259.25,235.9600067138672,242.42999267578125,1641429
2024-06-27,ADFFOODS,242.13999938964844,258.70001220703125,240.25,245.1600036621093,869199
2024-06-28,ADFFOODS,246.25,250.0,240.1000061035156,241.8699951171875,212568
2024-06-03,ADL,88.44999694824219,88.5,83.9000015258789,84.0,427
2024-06-04,ADL,84.05000305175781,87.6500015258789,76.4000015258789,79.05000305175781,3635
2024-06-05,ADL,79.0999984741211,81.5,77.0,78.44999694824219,8005
2024-06-06,ADL,78.44999694824219,83.9000015258789,78.44999694824219,81.75,1339
2024-06-07,ADL,84.9000015258789,89.44999694824219,81.75,85.30000305175781,4329
2024-06-10,ADL,82.6500015258789,89.08000183105469,81.91000366210938,85.95999908447266,8510
2024-06-11,ADL,93.6999969482422,103.1500015258789,91.5500030517578,97.8499984741211,396679
2024-06-12,ADL,95.0,98.87999725341795,92.55999755859376,94.41999816894533,34827
2024-06-13,ADL,93.0,95.37999725341795,90.41999816894533,91.9800033569336,17643
2024-06-14,ADL,93.0,97.0,91.98999786376952,93.86000061035156,9981
2024-06-18,ADL,94.9000015258789,96.3499984741211,90.12000274658205,91.51000213623048,9153
2024-06-19,ADL,93.98999786376952,95.69000244140624,90.1999969482422,90.56999969482422,8590
2024-06-20,ADL,89.55000305175781,94.66000366210938,89.55000305175781,91.3499984741211,19281
2024-06-21,ADL,92.04000091552734,93.0,89.48999786376953,92.02999877929688,10362
2024-06-24,ADL,95.0,96.0,90.30999755859376,93.3000030517578,6290
2024-06-25,ADL,96.0,96.0,92.05999755859376,93.4800033569336,4256
2024-06-26,ADL,94.81999969482422,100.98999786376952,90.7699966430664,97.01000213623048,29775
2024-06-27,ADL,99.79000091552734,99.97000122070312,94.51000213623048,96.02999877929688,21087
2024-06-28,ADL,96.98999786376952,100.0,94.1999969482422,94.70999908447266,7092
2024-06-03,ADOR,1309.0,1309.550048828125,1236.0,1253.550048828125,31268
2024-06-04,ADOR,1253.550048828125,1267.3499755859375,1107.050048828125,1190.199951171875,43542
2024-06-05,ADOR,1210.0,1210.0,1151.6500244140625,1179.800048828125,15220
2024-06-06,ADOR,1197.5,1259.0,1197.5,1252.300048828125,16093
2024-06-07,ADOR,1252.300048828125,1272.0,1235.050048828125,1256.300048828125,22002
2024-06-10,ADOR,1275.050048828125,1278.0,1238.0,1240.4000244140625,17820
2024-06-11,ADOR,1258.300048828125,1459.699951171875,1240.4000244140625,1420.25,745377
2024-06-12,ADOR,1435.1500244140625,1455.0,1413.25,1430.449951171875,112144
2024-06-13,ADOR,1423.0,1459.800048828125,1389.800048828125,1396.300048828125,53426
2024-06-14,ADOR,1404.6500244140625,1410.0999755859375,1375.0,1382.5999755859375,31730
2024-06-18,ADOR,1381.800048828125,1389.800048828125,1339.050048828125,1348.550048828125,58821
2024-06-19,ADOR,1366.5999755859375,1418.5,1321.5999755859375,1347.199951171875,58592
2024-06-20,ADOR,1350.0,1375.550048828125,1345.0,1354.050048828125,18867
2024-06-21,ADOR,1357.4000244140625,1367.949951171875,1337.0,1343.300048828125,10844
2024-06-24,ADOR,1354.949951171875,1354.949951171875,1321.0,1326.0999755859375,13080
2024-06-25,ADOR,1342.0,1390.0,1332.0999755859375,1349.050048828125,28286
2024-06-26,ADOR,1349.050048828125,1359.949951171875,1329.1500244140625,1337.75,18195
2024-06-27,ADOR,1340.0,1449.5,1331.9000244140625,1412.050048828125,133297
2024-06-28,ADOR,1422.0,1423.75,1379.0,1411.75,28497
2024-06-03,ADROITINFO,20.0,20.0,18.299999237060547,19.049999237060547,74538
2024-06-04,ADROITINFO,19.14999961853028,19.14999961853028,18.100000381469727,18.14999961853028,67875
2024-06-05,ADROITINFO,18.89999961853028,19.049999237060547,17.549999237060547,18.89999961853028,31828
2024-06-06,ADROITINFO,19.75,19.799999237060547,18.100000381469727,18.5,78611
2024-06-07,ADROITINFO,19.0,19.200000762939453,18.600000381469727,19.0,25009
2024-06-10,ADROITINFO,19.600000381469727,19.700000762939453,18.89999961853028,19.1200008392334,44607
2024-06-11,ADROITINFO,19.600000381469727,19.600000381469727,19.030000686645508,19.25,23894
2024-06-12,ADROITINFO,19.600000381469727,19.89999961853028,19.049999237060547,19.170000076293945,31429
2024-06-13,ADROITINFO,19.68000030517578,19.68000030517578,19.0,19.059999465942383,27493
2024-06-14,ADROITINFO,19.43000030517578,19.43000030517578,19.0,19.030000686645508,53970
2024-06-18,ADROITINFO,19.950000762939453,19.979999542236328,18.06999969482422,19.040000915527344,76220
2024-06-19,ADROITINFO,19.3700008392334,19.3700008392334,18.63999938964844,19.020000457763672,31616
2024-06-20,ADROITINFO,19.350000381469727,19.350000381469727,18.64999961853028,18.780000686645508,59788
2024-06-21,ADROITINFO,19.170000076293945,19.170000076293945,18.549999237060547,18.89999961853028,67911
2024-06-24,ADROITINFO,18.89999961853028,19.0,18.549999237060547,18.690000534057617,31473
2024-06-25,ADROITINFO,19.0,19.190000534057617,18.57999992370605,18.68000030517578,25717
2024-06-26,ADROITINFO,19.13999938964844,19.13999938964844,18.059999465942383,18.420000076293945,40704
2024-06-27,ADROITINFO,18.979999542236328,18.979999542236328,18.010000228881836,18.1200008392334,23033
2024-06-28,ADROITINFO,18.010000228881836,18.65999984741211,18.0,18.1200008392334,32121
2024-06-03,ADSL,147.0,150.0,141.10000610351562,143.14999389648438,463785
2024-06-04,ADSL,144.14999389648438,144.9499969482422,123.1999969482422,131.5500030517578,630348
2024-06-05,ADSL,133.5,136.9499969482422,128.85000610351562,135.0500030517578,299212
2024-06-06,ADSL,136.25,141.14999389648438,136.25,139.35000610351562,231845
2024-06-07,ADSL,141.35000610351562,147.8000030517578,140.1999969482422,145.75,391767
2024-06-10,ADSL,147.39999389648438,149.49000549316406,145.5,146.74000549316406,204795
2024-06-11,ADSL,148.0,151.8000030517578,146.75999450683594,149.1199951171875,304158
2024-06-12,ADSL,149.11000061035156,151.5399932861328,147.39999389648438,148.86000061035156,237145
2024-06-13,ADSL,150.8000030517578,151.27999877929688,147.0,148.64999389648438,234543
2024-06-14,ADSL,150.0,154.10000610351562,147.86000061035156,149.7100067138672,532901
2024-06-18,ADSL,153.0,153.0,145.8000030517578,147.39999389648438,356724
2024-06-19,ADSL,147.39999389648438,161.49000549316406,147.35000610351562,159.5500030517578,4015014
2024-06-20,ADSL,162.52000427246094,167.8000030517578,160.0,160.7899932861328,2733295
2024-06-21,ADSL,161.9499969482422,162.89999389648438,154.52000427246094,155.1699981689453,605596
2024-06-24,ADSL,156.6999969482422,165.3300018310547,153.89999389648438,163.0800018310547,1119584
2024-06-25,ADSL,163.82000732421875,172.72000122070312,163.80999755859375,165.75999450683594,2084904
2024-06-26,ADSL,165.85000610351562,166.89999389648438,160.5,161.02000427246094,410786
2024-06-27,ADSL,161.10000610351562,172.5,159.6999969482422,168.60000610351562,1601142
2024-06-28,ADSL,169.10000610351562,185.0,166.0500030517578,182.7100067138672,3715302
2024-06-03,ADVANIHOTR,69.75,69.75,66.80000305175781,68.3499984741211,176060
2024-06-04,ADVANIHOTR,68.69999694824219,68.9000015258789,62.5,65.3499984741211,182258
2024-06-05,ADVANIHOTR,65.5999984741211,67.5,64.0999984741211,66.5999984741211,183513
2024-06-06,ADVANIHOTR,67.5999984741211,72.80000305175781,67.44999694824219,68.4000015258789,319900
2024-06-07,ADVANIHOTR,69.44999694824219,70.44999694824219,68.5,69.94999694824219,99479
2024-06-10,ADVANIHOTR,71.0,71.5,69.94999694824219,70.33000183105469,115988
2024-06-11,ADVANIHOTR,70.3499984741211,72.4000015258789,68.79000091552734,70.9800033569336,232371
2024-06-12,ADVANIHOTR,71.19999694824219,72.0999984741211,70.73999786376953,71.69000244140625,128878
2024-06-13,ADVANIHOTR,71.69000244140625,72.5,69.8499984741211,70.41000366210938,153324
2024-06-14,ADVANIHOTR,70.41000366210938,71.94000244140625,69.91000366210938,70.83000183105469,141302
2024-06-18,ADVANIHOTR,70.8499984741211,72.80000305175781,70.83999633789062,71.9800033569336,167932
2024-06-19,ADVANIHOTR,72.1500015258789,72.19000244140625,70.12000274658203,70.41000366210938,153587
2024-06-20,ADVANIHOTR,70.44999694824219,72.25,70.44999694824219,71.77999877929688,130337
2024-06-21,ADVANIHOTR,71.69999694824219,75.0,71.69999694824219,74.12999725341797,463618
2024-06-24,ADVANIHOTR,73.80000305175781,74.0,73.0,73.44000244140625,117871
2024-06-25,ADVANIHOTR,73.05000305175781,73.73999786376953,72.05000305175781,72.44000244140625,89796
2024-06-26,ADVANIHOTR,73.0,73.4000015258789,71.5,71.62000274658203,100153
2024-06-27,ADVANIHOTR,71.5999984741211,72.5,69.62000274658203,70.23999786376953,94325
2024-06-28,ADVANIHOTR,71.0,72.3499984741211,70.98999786376953,71.66000366210938,83161
2024-06-03,ADVENZYMES,368.3500061035156,369.8999938964844,356.3500061035156,360.04998779296875,810463
2024-06-04,ADVENZYMES,362.0,362.1000061035156,340.04998779296875,347.0,277398
2024-06-05,ADVENZYMES,344.1000061035156,354.0,334.04998779296875,352.5,157748
2024-06-06,ADVENZYMES,354.8999938964844,364.5,352.5,360.7999877929688,77145
2024-06-07,ADVENZYMES,365.0,365.2000122070313,359.75,362.9500122070313,110719
2024-06-10,ADVENZYMES,364.75,364.75,358.1000061035156,360.2999877929688,201949
2024-06-11,ADVENZYMES,360.3500061035156,363.2000122070313,358.0,361.5499877929688,279837
2024-06-12,ADVENZYMES,363.0,367.0,360.9500122070313,361.9500122070313,266881
2024-06-13,ADVENZYMES,363.6000061035156,392.4500122070313,362.2000122070313,381.7999877929688,755569
2024-06-14,ADVENZYMES,378.5,404.8500061035156,378.5,394.9500122070313,614554
2024-06-18,ADVENZYMES,394.5,396.4500122070313,380.0,381.7999877929688,190862
2024-06-19,ADVENZYMES,383.7000122070313,393.25,375.9500122070313,379.0,313562
2024-06-20,ADVENZYMES,402.0,409.7999877929688,389.75,391.1000061035156,1623889
2024-06-21,ADVENZYMES,393.0,400.5,385.1000061035156,386.5,395756
2024-06-24,ADVENZYMES,387.0,391.6000061035156,382.7999877929688,384.4500122070313,225346
2024-06-25,ADVENZYMES,384.3500061035156,386.3999938964844,379.0,380.5,129783
2024-06-26,ADVENZYMES,383.6499938964844,385.7000122070313,375.1000061035156,377.1000061035156,151820
2024-06-27,ADVENZYMES,377.2999877929688,378.5499877929688,365.0499877929688,367.0499877929688,190604
2024-06-28,ADVENZYMES,369.8999938964844,385.7000122070313,369.8999938964844,381.75,250773
2024-06-03,AEGISLOG,723.0,734.9500122070312,702.4000244140625,718.9500122070312,755260
2024-06-04,AEGISLOG,718.9500122070312,719.4000244140625,625.0,702.7000122070312,1335076
2024-06-05,AEGISLOG,700.0,730.0999755859375,664.75,705.4500122070312,1122766
2024-06-06,AEGISLOG,730.0,833.0,720.2999877929688,791.1500244140625,4231419
2024-06-07,AEGISLOG,791.1500244140625,791.1500244140625,791.1500244140625,791.1500244140625,0
2024-06-10,AEGISLOG,780.0,786.0,745.25,760.6500244140625,1032616
2024-06-11,AEGISLOG,760.0,797.2999877929688,751.0499877929688,771.0999755859375,897864
2024-06-12,AEGISLOG,762.5499877929688,775.8499755859375,756.0,766.9000244140625,257860
2024-06-13,AEGISLOG,774.9500122070312,887.6500244140625,767.1500244140625,841.0999755859375,4967272
2024-06-14,AEGISLOG,839.0,839.5,814.0,816.6500244140625,736333
2024-06-18,AEGISLOG,828.7000122070312,845.0,820.0,833.4000244140625,659470
2024-06-19,AEGISLOG,840.0,840.0,791.0,804.4500122070312,632587
2024-06-20,AEGISLOG,805.8499755859375,844.9500122070312,805.8499755859375,818.5999755859375,508890
2024-06-21,AEGISLOG,821.25,827.1500244140625,802.0,806.5999755859375,223821
2024-06-24,AEGISLOG,800.0,825.0,761.2000122070312,805.4000244140625,904632
2024-06-25,AEGISLOG,810.5999755859375,847.4000244140625,810.5999755859375,821.4000244140625,765002
2024-06-26,AEGISLOG,816.0499877929688,857.2999877929688,812.5,827.4500122070312,575791
2024-06-27,AEGISLOG,830.75,876.0,830.75,854.0999755859375,731038
2024-06-28,AEGISLOG,870.0,914.0,865.0,872.8499755859375,1364525
2024-06-03,AEROENTER,93.4000015258789,99.0,91.0,95.5500030517578,1713887
2024-06-04,AEROENTER,96.9000015258789,96.9000015258789,84.69999694824219,86.19999694824219,761776
2024-06-05,AEROENTER,87.5,89.44999694824219,85.80000305175781,88.8499984741211,320690
2024-06-06,AEROENTER,89.55000305175781,92.8000030517578,89.55000305175781,91.8499984741211,450797
2024-06-07,AEROENTER,92.1999969482422,93.9000015258789,91.5,92.5500030517578,329554
2024-06-10,AEROENTER,93.5500030517578,94.25,91.12999725341795,91.31999969482422,447872
2024-06-11,AEROENTER,92.25,93.9499969482422,90.69000244140624,92.05999755859376,462104
2024-06-12,AEROENTER,92.19000244140624,93.01000213623048,91.41999816894533,91.79000091552734,249399
2024-06-13,AEROENTER,92.48999786376952,94.25,91.98999786376952,92.45999908447266,362434
2024-06-14,AEROENTER,92.9000015258789,94.88999938964844,92.51000213623048,93.83000183105467,275627
2024-06-18,AEROENTER,94.3000030517578,95.3499984741211,92.5500030517578,94.58000183105467,588872
2024-06-19,AEROENTER,94.5999984741211,95.08000183105467,91.70999908447266,92.23999786376952,348220
2024-06-20,AEROENTER,92.5,96.6999969482422,92.0500030517578,94.31999969482422,697988
2024-06-21,AEROENTER,95.0,95.8499984741211,93.3000030517578,93.7300033569336,386968
2024-06-24,AEROENTER,94.5999984741211,95.63999938964844,92.19000244140624,94.70999908447266,460146
2024-06-25,AEROENTER,94.9000015258789,97.19000244140624,94.0199966430664,94.20999908447266,467793
2024-06-26,AEROENTER,94.01000213623048,94.88999938964844,91.91000366210938,92.3499984741211,321337
2024-06-27,AEROENTER,92.4499969482422,93.83000183105467,90.9000015258789,91.51000213623048,249272
2024-06-28,AEROENTER,91.9499969482422,92.33999633789062,89.0,89.75,238577
2024-06-03,AEROFLEX,139.0,139.89999389648438,134.89999389648438,135.89999389648438,318916
2024-06-04,AEROFLEX,135.10000610351562,136.0,122.5,128.60000610351562,458109
2024-06-05,AEROFLEX,128.6999969482422,134.5,125.5,131.60000610351562,385275
2024-06-06,AEROFLEX,132.89999389648438,135.4499969482422,132.4499969482422,133.85000610351562,250732
2024-06-07,AEROFLEX,134.6999969482422,144.25,134.0500030517578,141.75,1353032
2024-06-10,AEROFLEX,141.6999969482422,144.85000610351562,140.75,141.63999938964844,373738
2024-06-11,AEROFLEX,143.88999938964844,144.5,141.07000732421875,143.0399932861328,343563
2024-06-12,AEROFLEX,145.0,145.0,141.89999389648438,143.4499969482422,263540
2024-06-13,AEROFLEX,145.99000549316406,151.0,143.27999877929688,148.74000549316406,1753058
2024-06-14,AEROFLEX,149.10000610351562,155.2899932861328,147.0,152.6999969482422,1599200
2024-06-18,AEROFLEX,153.0,155.5,150.10000610351562,150.9600067138672,964307
2024-06-19,AEROFLEX,151.0500030517578,153.0500030517578,147.41000366210938,150.4499969482422,595385
2024-06-20,AEROFLEX,151.8000030517578,154.9499969482422,149.58999633789062,152.4499969482422,637971
2024-06-21,AEROFLEX,153.75,153.85000610351562,149.7100067138672,150.22999572753906,315666
2024-06-24,AEROFLEX,153.0,163.7100067138672,149.0,161.19000244140625,3928317
2024-06-25,AEROFLEX,164.8000030517578,169.0,160.5,161.5800018310547,2536508
2024-06-26,AEROFLEX,161.5800018310547,167.52000427246094,158.9600067138672,162.9600067138672,1478109
2024-06-27,AEROFLEX,162.9600067138672,163.99000549316406,155.5500030517578,158.07000732421875,998930
2024-06-28,AEROFLEX,159.39999389648438,163.3000030517578,158.39999389648438,159.9499969482422,692140
2024-06-03,AERONEU,92.4499969482422,94.6999969482422,92.4000015258789,92.9499969482422,36332
2024-06-04,AERONEU,94.1500015258789,94.1500015258789,87.05000305175781,90.5999984741211,39732
2024-06-05,AERONEU,90.5999984741211,92.0,88.5,91.0500030517578,32460
2024-06-06,AERONEU,92.5,93.6500015258789,91.3000030517578,93.0,30520
2024-06-07,AERONEU,94.4000015258789,96.0999984741211,92.5999984741211,93.6500015258789,45175
2024-06-10,AERONEU,94.6999969482422,95.18000030517578,93.13999938964844,94.33999633789062,38953
2024-06-11,AERONEU,96.5999984741211,96.5999984741211,92.66000366210938,93.41000366210938,77602
2024-06-12,AERONEU,95.1999969482422,96.87999725341795,93.29000091552734,93.52999877929688,42046
2024-06-13,AERONEU,94.0,94.4800033569336,93.0500030517578,93.31999969482422,28916
2024-06-14,AERONEU,93.27999877929688,95.4000015258789,93.0,93.41000366210938,30881
2024-06-18,AERONEU,95.3499984741211,95.3499984741211,92.63999938964844,92.79000091552734,28246
2024-06-19,AERONEU,92.0,93.4499969482422,91.76000213623048,92.1999969482422,36177
2024-06-20,AERONEU,92.0,93.94000244140624,91.1999969482422,91.94000244140624,27920
2024-06-21,AERONEU,91.0,93.4000015258789,91.0,91.95999908447266,25426
2024-06-24,AERONEU,90.1500015258789,92.9000015258789,90.12000274658205,91.1999969482422,24486
2024-06-25,AERONEU,92.13999938964844,94.1999969482422,89.5,90.58000183105467,103843
2024-06-26,AERONEU,91.33999633789062,92.66999816894533,90.44000244140624,91.26000213623048,126247
2024-06-27,AERONEU,91.2699966430664,93.6999969482422,90.2699966430664,93.4499969482422,36563
2024-06-28,AERONEU,93.6999969482422,93.6999969482422,92.06999969482422,92.9499969482422,22508
2024-06-03,AETHER,821.5,825.0,805.3499755859375,813.7999877929688,84183
2024-06-04,AETHER,813.7999877929688,822.0,785.3499755859375,801.9000244140625,96710
2024-06-05,AETHER,801.9000244140625,809.5,789.5499877929688,793.0499877929688,66676
2024-06-06,AETHER,800.0,811.0,796.0,800.0499877929688,29328
2024-06-07,AETHER,800.0499877929688,826.0,799.9000244140625,811.5999755859375,44169
2024-06-10,AETHER,819.2999877929688,829.9000244140625,806.0499877929688,827.0499877929688,49075
2024-06-11,AETHER,829.9500122070312,835.0,819.0,826.9000244140625,40740
2024-06-12,AETHER,828.0,831.75,817.5999755859375,820.5499877929688,42924
2024-06-13,AETHER,824.7000122070312,875.0,822.0,859.5999755859375,307370
2024-06-14,AETHER,866.3499755859375,872.0,851.0999755859375,854.9000244140625,57352
2024-06-18,AETHER,869.9500122070312,889.0,860.0499877929688,885.75,281681
2024-06-19,AETHER,889.0,890.0,865.75,878.6500244140625,87918
2024-06-20,AETHER,881.0,885.0,864.0999755859375,868.0499877929688,82069
2024-06-21,AETHER,874.0499877929688,875.2000122070312,861.0,863.2000122070312,52872
2024-06-24,AETHER,874.0,883.0,855.0499877929688,879.1500244140625,76257
2024-06-25,AETHER,883.0,889.3499755859375,874.0499877929688,884.3499755859375,87545
2024-06-26,AETHER,889.0,939.2000122070312,880.5499877929688,908.8499755859376,480314
2024-06-27,AETHER,920.0,925.0,880.2000122070312,894.4500122070312,135740
2024-06-28,AETHER,925.0,973.0,903.7999877929688,922.4500122070312,896916
2024-06-03,AFFLE,1165.0,1165.0,1134.0,1154.199951171875,248055
2024-06-04,AFFLE,1150.550048828125,1151.800048828125,1061.0,1087.699951171875,596052
2024-06-05,AFFLE,1100.949951171875,1125.3499755859375,1060.0,1106.199951171875,252035
2024-06-06,AFFLE,1135.199951171875,1175.0,1111.0,1155.9000244140625,731856
2024-06-07,AFFLE,1159.0,1207.0,1140.0999755859375,1201.300048828125,729256
2024-06-10,AFFLE,1210.800048828125,1224.550048828125,1201.25,1205.9000244140625,232722
2024-06-11,AFFLE,1221.0,1264.8499755859375,1219.9000244140625,1260.949951171875,803132
2024-06-12,AFFLE,1269.0,1278.1500244140625,1250.0,1264.699951171875,394127
2024-06-13,AFFLE,1270.0,1276.699951171875,1246.199951171875,1251.1500244140625,170274
2024-06-14,AFFLE,1255.199951171875,1264.949951171875,1242.199951171875,1254.9000244140625,172620
2024-06-18,AFFLE,1257.5,1275.949951171875,1231.5,1236.25,186717
2024-06-19,AFFLE,1239.4000244140625,1255.75,1211.0,1240.050048828125,204147
2024-06-20,AFFLE,1240.0,1259.300048828125,1236.050048828125,1240.8499755859375,110958
2024-06-21,AFFLE,1240.949951171875,1304.0,1240.949951171875,1263.050048828125,1363332
2024-06-24,AFFLE,1263.0,1325.0,1233.0,1316.800048828125,1761038
2024-06-25,AFFLE,1330.050048828125,1343.8499755859375,1277.0,1290.0999755859375,800836
2024-06-26,AFFLE,1297.699951171875,1387.449951171875,1286.4000244140625,1370.550048828125,4762095
2024-06-27,AFFLE,1375.0,1394.0,1325.050048828125,1333.949951171875,1588372
2024-06-28,AFFLE,1348.4000244140625,1371.8499755859375,1330.1500244140625,1343.699951171875,553817
2024-06-26,AFIL,12.699999809265137,13.335000038146973,12.699999809265137,13.335000038146973,33485540
2024-06-27,AFIL,13.399999618530272,13.399999618530272,12.66800022125244,12.66800022125244,16139280
2024-06-28,AFIL,12.034000396728516,12.034000396728516,12.034000396728516,12.034000396728516,821660
2024-06-03,AFSL,412.0,413.0,395.25,400.6000061035156,305630
2024-06-04,AFSL,402.7000122070313,412.8999938964844,360.5499877929688,381.6000061035156,175283
2024-06-05,AFSL,383.5499877929688,400.5,383.5499877929688,395.25,91397
2024-06-06,AFSL,413.9500122070313,413.9500122070313,396.1499938964844,405.8999938964844,151246
2024-06-07,AFSL,405.8999938964844,409.8999938964844,373.9500122070313,385.3500061035156,409824
2024-06-10,AFSL,390.0,395.0,380.5499877929688,391.1000061035156,143151
2024-06-11,AFSL,390.8500061035156,395.0,374.0,377.8500061035156,378093
2024-06-12,AFSL,378.2999877929688,413.7999877929688,377.8500061035156,408.3999938964844,838273
2024-06-13,AFSL,416.0,443.5,416.0,427.25,921214
2024-06-14,AFSL,425.0,453.8500061035156,418.1000061035156,448.6499938964844,493563
2024-06-18,AFSL,452.7999877929688,490.0,450.0,479.0,515983
2024-06-19,AFSL,482.7000122070313,493.8999938964844,480.3500061035156,484.7000122070313,307670
2024-06-20,AFSL,484.7999877929688,498.8999938964844,480.2999877929688,484.8999938964844,155454
2024-06-21,AFSL,483.5,490.8999938964844,482.0,487.2000122070313,39440
2024-06-24,AFSL,487.1499938964844,489.6499938964844,474.1000061035156,476.2999877929688,58899
2024-06-25,AFSL,478.7999877929688,487.0,475.0,476.7999877929688,101796
2024-06-26,AFSL,475.0,484.8999938964844,463.0,470.5,111865
2024-06-27,AFSL,466.75,477.0,459.8999938964844,467.3999938964844,84541
2024-06-28,AFSL,469.6499938964844,471.6499938964844,459.6000061035156,463.1000061035156,124673
2024-06-03,AGARIND,924.9000244140624,950.0,901.0499877929688,913.3499755859376,98251
2024-06-04,AGARIND,927.0,927.0,786.25,853.0,154166
2024-06-05,AGARIND,863.0999755859375,881.2999877929688,827.25,871.5499877929688,45928
2024-06-06,AGARIND,865.0,923.5,865.0,917.2000122070312,67331
2024-06-07,AGARIND,922.9000244140624,936.2999877929688,907.0999755859376,914.9000244140624,39829
2024-06-10,AGARIND,935.0,1097.8499755859375,929.9500122070312,1085.300048828125,870084
2024-06-11,AGARIND,1070.0,1094.199951171875,1050.0,1070.1500244140625,276368
2024-06-12,AGARIND,1084.25,1144.8499755859375,1063.3499755859375,1076.25,295118
2024-06-13,AGARIND,1092.4000244140625,1119.0,1075.0,1081.6500244140625,62288
2024-06-14,AGARIND,1099.949951171875,1180.0,1099.949951171875,1137.9000244140625,364409
2024-06-18,AGARIND,1150.0,1235.0,1128.0,1211.9000244140625,306080
2024-06-19,AGARIND,1212.0,1225.75,1164.050048828125,1175.050048828125,173791
2024-06-20,AGARIND,1176.0,1193.8499755859375,1137.9000244140625,1152.75,103481
2024-06-21,AGARIND,1160.0,1169.949951171875,1125.5,1151.5999755859375,67097
2024-06-24,AGARIND,1153.449951171875,1218.949951171875,1135.050048828125,1191.0999755859375,111340
2024-06-25,AGARIND,1197.0,1202.449951171875,1170.0,1180.6500244140625,44378
2024-06-26,AGARIND,1186.5,1215.550048828125,1169.4000244140625,1188.300048828125,66521
2024-06-27,AGARIND,1194.550048828125,1229.6500244140625,1152.1500244140625,1179.800048828125,119029
2024-06-28,AGARIND,1178.0,1188.949951171875,1145.050048828125,1152.0,49531
2024-06-03,AGI,665.0499877929688,672.0,660.0499877929688,664.2999877929688,126397
2024-06-04,AGI,662.75,670.0,610.4000244140625,651.9000244140625,257509
2024-06-05,AGI,647.0,658.2000122070312,628.0,643.7000122070312,145097
2024-06-06,AGI,649.9000244140625,688.9500122070312,645.25,663.4500122070312,166044
2024-06-07,AGI,670.0999755859375,698.0,665.9000244140625,691.4500122070312,194865
2024-06-10,AGI,691.4500122070312,720.2999877929688,687.5999755859375,715.7000122070312,236602
2024-06-11,AGI,715.7000122070312,720.0,700.0,714.9000244140625,173620
2024-06-12,AGI,715.0,723.3499755859375,705.0499877929688,712.9000244140625,135485
2024-06-13,AGI,716.4500122070312,719.25,700.7999877929688,702.75,111926
2024-06-14,AGI,700.0,714.0,691.2999877929688,693.1500244140625,108495
2024-06-18,AGI,697.0,701.0499877929688,680.5499877929688,692.9500122070312,176312
2024-06-19,AGI,707.8499755859375,713.7999877929688,694.3499755859375,697.5,204588
2024-06-20,AGI,701.5999755859375,719.9500122070312,694.7000122070312,712.1500244140625,161376
2024-06-21,AGI,717.0,717.0,700.2000122070312,704.3499755859375,56925
2024-06-24,AGI,704.3499755859375,719.0,700.7000122070312,707.7999877929688,88062
2024-06-25,AGI,713.9000244140625,713.9500122070312,703.0,706.0499877929688,57470
2024-06-26,AGI,711.0,714.0,691.25,710.8499755859375,72503
2024-06-27,AGI,713.9000244140625,714.0999755859375,694.0,704.9000244140625,76317
2024-06-28,AGI,710.0,716.0,699.6500244140625,704.25,61227
2024-06-03,AGRITECH,195.0,199.0,191.1000061035156,192.8999938964844,12815
2024-06-04,AGRITECH,192.0,194.6000061035156,175.0,178.9499969482422,11382
2024-06-05,AGRITECH,191.0,191.0,178.5500030517578,181.8000030517578,4301
2024-06-06,AGRITECH,186.8500061035156,190.9499969482422,180.10000610351562,185.5500030517578,4923
2024-06-07,AGRITECH,186.3500061035156,191.1499938964844,185.5,189.0,3883
2024-06-10,AGRITECH,197.0,197.0,185.0,196.0500030517578,12702
2024-06-11,AGRITECH,199.97999572753903,202.3000030517578,195.0,195.2700042724609,16443
2024-06-12,AGRITECH,199.0,202.4199981689453,190.3500061035156,192.6600036621093,30324
2024-06-13,AGRITECH,197.4499969482422,202.0,193.509994506836,196.3999938964844,13092
2024-06-14,AGRITECH,197.0,198.9100036621093,195.72999572753903,197.3000030517578,3450
2024-06-18,AGRITECH,199.8999938964844,199.8999938964844,194.0,194.92999267578125,9478
2024-06-19,AGRITECH,195.0,199.8999938964844,193.3500061035156,197.2100067138672,34163
2024-06-20,AGRITECH,199.25,217.08999633789065,194.1000061035156,205.57000732421875,96980
2024-06-21,AGRITECH,209.6000061035156,210.5,200.0,201.6199951171875,22533
2024-06-24,AGRITECH,200.0800018310547,204.9499969482422,195.0,198.6999969482422,13314
2024-06-25,AGRITECH,198.6999969482422,203.0,192.3500061035156,194.8500061035156,13400
2024-06-26,AGRITECH,194.67999267578125,201.0,192.57000732421875,198.42999267578125,16749
2024-06-27,AGRITECH,197.7700042724609,199.8999938964844,196.0,198.259994506836,5536
2024-06-28,AGRITECH,197.4900054931641,203.1000061035156,196.0,197.7400054931641,20579
2024-06-03,AGROPHOS,45.400001525878906,45.400001525878906,43.79999923706055,44.09999847412109,59177
2024-06-04,AGROPHOS,44.75,44.75,38.0,40.09999847412109,77444
2024-06-05,AGROPHOS,41.09999847412109,42.0,38.09999847412109,41.20000076293945,78164
2024-06-06,AGROPHOS,42.04999923706055,44.84999847412109,42.04999923706055,43.150001525878906,59326
2024-06-07,AGROPHOS,43.84999847412109,45.59999847412109,41.900001525878906,44.54999923706055,169158
2024-06-10,AGROPHOS,44.70000076293945,47.0,44.5099983215332,45.45000076293945,195887
2024-06-11,AGROPHOS,45.900001525878906,46.70000076293945,45.0,45.130001068115234,109408
2024-06-12,AGROPHOS,45.88999938964844,46.0,44.41999816894531,45.380001068115234,110490
2024-06-13,AGROPHOS,47.0,47.0,44.84000015258789,45.75,83036
2024-06-14,AGROPHOS,46.29999923706055,46.29999923706055,45.04999923706055,45.400001525878906,77507
2024-06-18,AGROPHOS,45.34999847412109,46.79999923706055,44.70000076293945,46.13999938964844,98351
2024-06-19,AGROPHOS,47.0,49.0,46.95000076293945,47.310001373291016,504933
2024-06-20,AGROPHOS,47.970001220703125,53.04999923706055,47.2599983215332,49.90999984741211,1113320
2024-06-21,AGROPHOS,50.5,51.400001525878906,47.900001525878906,48.34999847412109,240052
2024-06-24,AGROPHOS,48.34999847412109,48.79999923706055,46.75,47.02999877929688,112325
2024-06-25,AGROPHOS,47.0,47.93999862670898,46.20000076293945,46.4900016784668,61743
2024-06-26,AGROPHOS,45.720001220703125,48.77999877929688,45.720001220703125,46.38999938964844,124674
2024-06-27,AGROPHOS,46.5,47.29999923706055,45.0,45.5,89241
2024-06-28,AGROPHOS,46.20000076293945,47.220001220703125,45.650001525878906,46.619998931884766,59497
2024-06-03,AGSTRA,73.0,74.6500015258789,69.80000305175781,70.0999984741211,301282
2024-06-04,AGSTRA,70.19999694824219,71.5,66.5999984741211,66.6500015258789,202413
2024-06-05,AGSTRA,68.44999694824219,68.9000015258789,65.0999984741211,68.55000305175781,103016
2024-06-06,AGSTRA,68.55000305175781,71.9000015258789,68.55000305175781,71.0999984741211,227991
2024-06-07,AGSTRA,72.0,72.19999694824219,70.5,70.94999694824219,167996
2024-06-10,AGSTRA,72.0,72.0,69.30000305175781,69.73999786376953,227603
2024-06-11,AGSTRA,71.69999694824219,76.69999694824219,69.30000305175781,74.2699966430664,804038
2024-06-12,AGSTRA,74.86000061035156,81.0,73.80000305175781,79.11000061035156,1357111
2024-06-13,AGSTRA,80.0999984741211,83.0,78.5,80.37000274658203,2083597
2024-06-14,AGSTRA,82.5,82.5,78.86000061035156,79.87000274658203,685235
2024-06-18,AGSTRA,81.48999786376953,87.8499984741211,75.25,87.8499984741211,4404027
2024-06-19,AGSTRA,89.5,92.29000091552734,86.30000305175781,89.4800033569336,2184770
2024-06-20,AGSTRA,90.0999984741211,90.8000030517578,85.87000274658203,86.73999786376953,793290
2024-06-21,AGSTRA,86.75,92.91999816894533,86.01000213623047,89.56999969482422,932035
2024-06-24,AGSTRA,89.4000015258789,89.97000122070312,87.0999984741211,87.44000244140625,438773
2024-06-25,AGSTRA,87.5,89.4000015258789,85.98999786376953,87.61000061035156,349979
2024-06-26,AGSTRA,88.19000244140625,89.77999877929688,85.0,85.55000305175781,358647
2024-06-27,AGSTRA,85.5999984741211,86.80000305175781,79.22000122070312,81.16000366210938,882077
2024-06-28,AGSTRA,81.94999694824219,83.5999984741211,79.94999694824219,80.18000030517578,419948
2024-06-03,AHLADA,125.5,132.0,125.5,125.5,352644
2024-06-04,AHLADA,119.25,120.0,119.25,119.25,49931
2024-06-05,AHLADA,113.3000030517578,113.3000030517578,113.3000030517578,113.3000030517578,62537
2024-06-06,AHLADA,113.0,118.9499969482422,112.5500030517578,118.9499969482422,128681
2024-06-07,AHLADA,124.4000015258789,124.8499984741211,116.0,124.8499984741211,171852
2024-06-10,AHLADA,131.08999633789062,131.08999633789062,125.01000213623048,131.0800018310547,210929
2024-06-11,AHLADA,135.0,135.0,128.0,130.10000610351562,94627
2024-06-12,AHLADA,130.85000610351562,133.0,124.0,127.0500030517578,112393
2024-06-13,AHLADA,128.0500030517578,130.97999572753906,126.4000015258789,129.63999938964844,63777
2024-06-14,AHLADA,129.97000122070312,131.0,127.0,128.7100067138672,71262
2024-06-18,AHLADA,126.0,128.6999969482422,122.2699966430664,123.41999816894533,123030
2024-06-19,AHLADA,125.9000015258789,125.9000015258789,120.0,122.0500030517578,75410
2024-06-20,AHLADA,122.0999984741211,124.1999969482422,120.0999984741211,121.0199966430664,80313
2024-06-21,AHLADA,121.4000015258789,124.9800033569336,120.0,122.0500030517578,94970
2024-06-24,AHLADA,122.0500030517578,124.8000030517578,116.0999984741211,117.91000366210938,117804
2024-06-25,AHLADA,117.91000366210938,118.5,114.9000015258789,115.8499984741211,97675
2024-06-26,AHLADA,116.0,119.9800033569336,115.0,115.63999938964844,78260
2024-06-27,AHLADA,115.63999938964844,117.6500015258789,114.0,114.27999877929688,65892
2024-06-28,AHLADA,115.0,116.5,114.0,114.8000030517578,36149
2024-06-03,AHLEAST,145.60000610351562,150.64999389648438,142.8000030517578,143.6999969482422,10998
2024-06-04,AHLEAST,143.75,143.75,132.5,134.3000030517578,26927
2024-06-05,AHLEAST,133.14999389648438,140.0,133.14999389648438,139.0500030517578,12727
2024-06-06,AHLEAST,140.1999969482422,142.75,139.5500030517578,140.8000030517578,13487
2024-06-07,AHLEAST,141.14999389648438,144.25,141.14999389648438,142.85000610351562,8627
2024-06-10,AHLEAST,145.5500030517578,148.9499969482422,143.5,144.25999450683594,35039
2024-06-11,AHLEAST,144.88999938964844,147.00999450683594,141.0,142.0500030517578,14996
2024-06-12,AHLEAST,141.64999389648438,144.39999389648438,141.64999389648438,143.22999572753906,6476
2024-06-13,AHLEAST,144.0,145.0,140.10000610351562,141.44000244140625,37320
2024-06-14,AHLEAST,141.44000244140625,145.39999389648438,141.07000732421875,144.89999389648438,25108
2024-06-18,AHLEAST,149.0,149.0,143.5500030517578,143.77999877929688,19270
2024-06-19,AHLEAST,144.0,145.0,140.8699951171875,142.1300048828125,36366
2024-06-20,AHLEAST,143.99000549316406,144.6999969482422,142.24000549316406,143.64999389648438,12018
2024-06-21,AHLEAST,144.39999389648438,144.74000549316406,143.25,143.6699981689453,16243
2024-06-24,AHLEAST,144.3000030517578,144.6699981689453,142.39999389648438,142.64999389648438,7049
2024-06-25,AHLEAST,142.64999389648438,146.8000030517578,142.02000427246094,142.94000244140625,17511
2024-06-26,AHLEAST,143.6999969482422,144.6999969482422,142.30999755859375,142.7100067138672,8702
2024-06-27,AHLEAST,143.4499969482422,143.89999389648438,142.0500030517578,142.72999572753906,13218
2024-06-28,AHLEAST,143.5,144.38999938964844,142.38999938964844,142.60000610351562,8752
2024-06-03,AHLUCONT,1325.0,1325.0,1204.75,1219.6500244140625,205222
2024-06-04,AHLUCONT,1233.0,1233.0,1060.0,1115.949951171875,268353
2024-06-05,AHLUCONT,1108.699951171875,1119.949951171875,1050.0,1112.699951171875,290317
2024-06-06,AHLUCONT,1121.449951171875,1174.949951171875,1098.5,1161.5999755859375,116972
2024-06-07,AHLUCONT,1179.0,1205.199951171875,1160.0,1170.800048828125,78619
2024-06-10,AHLUCONT,1188.3499755859375,1229.0,1188.3499755859375,1200.1500244140625,223131
2024-06-11,AHLUCONT,1208.0,1218.550048828125,1176.699951171875,1181.449951171875,99145
2024-06-12,AHLUCONT,1200.0,1222.0,1178.75,1194.0999755859375,96226
2024-06-13,AHLUCONT,1210.0,1232.9000244140625,1185.25,1193.3499755859375,356672
2024-06-14,AHLUCONT,1194.0,1219.0999755859375,1178.949951171875,1212.949951171875,197346
2024-06-18,AHLUCONT,1232.0,1238.0,1190.6500244140625,1196.9000244140625,189188
2024-06-19,AHLUCONT,1203.800048828125,1214.75,1178.5999755859375,1206.0,68857
2024-06-20,AHLUCONT,1211.0,1234.699951171875,1200.0,1219.8499755859375,73414
2024-06-21,AHLUCONT,1225.0,1232.800048828125,1192.050048828125,1197.1500244140625,89007
2024-06-24,AHLUCONT,1204.1500244140625,1248.0,1181.4000244140625,1199.1500244140625,131104
2024-06-25,AHLUCONT,1204.5999755859375,1265.3499755859375,1204.5999755859375,1245.0,180177
2024-06-26,AHLUCONT,1272.9000244140625,1287.5999755859375,1232.4000244140625,1239.6500244140625,128625
2024-06-27,AHLUCONT,1239.800048828125,1269.800048828125,1217.0,1220.3499755859375,60081
2024-06-28,AHLUCONT,1225.0,1259.8499755859375,1213.5,1246.699951171875,54693
2024-06-03,AHLWEST,144.14999389648438,144.14999389648438,144.14999389648438,144.14999389648438,0
2024-06-04,AHLWEST,144.14999389648438,144.14999389648438,144.14999389648438,144.14999389648438,0
2024-06-05,AHLWEST,144.14999389648438,144.14999389648438,144.14999389648438,144.14999389648438,0
2024-06-06,AHLWEST,144.14999389648438,144.14999389648438,144.14999389648438,144.14999389648438,0
2024-06-07,AHLWEST,144.14999389648438,144.14999389648438,144.14999389648438,144.14999389648438,0
2024-06-10,AHLWEST,144.14999389648438,144.14999389648438,144.14999389648438,144.14999389648438,0
2024-06-11,AHLWEST,144.14999389648438,144.14999389648438,144.14999389648438,144.14999389648438,0
2024-06-12,AHLWEST,144.14999389648438,144.14999389648438,144.14999389648438,144.14999389648438,0
2024-06-13,AHLWEST,144.14999389648438,144.14999389648438,144.14999389648438,144.14999389648438,0
2024-06-14,AHLWEST,144.14999389648438,144.14999389648438,144.14999389648438,144.14999389648438,0
2024-06-18,AHLWEST,144.14999389648438,144.14999389648438,144.14999389648438,144.14999389648438,0
2024-06-19,AHLWEST,144.14999389648438,144.14999389648438,144.14999389648438,144.14999389648438,0
2024-06-20,AHLWEST,144.14999389648438,144.14999389648438,144.14999389648438,144.14999389648438,0
2024-06-21,AHLWEST,144.14999389648438,144.14999389648438,144.14999389648438,144.14999389648438,0
2024-06-24,AHLWEST,144.14999389648438,144.14999389648438,144.14999389648438,144.14999389648438,0
2024-06-25,AHLWEST,144.14999389648438,144.14999389648438,144.14999389648438,144.14999389648438,0
2024-06-26,AHLWEST,144.14999389648438,144.14999389648438,144.14999389648438,144.14999389648438,0
2024-06-27,AHLWEST,144.14999389648438,144.14999389648438,144.14999389648438,144.14999389648438,0
2024-06-28,AHLWEST,144.14999389648438,144.14999389648438,144.14999389648438,144.14999389648438,0
2024-06-03,AIAENG,3725.0,3742.0,3656.300048828125,3684.0,505956
2024-06-04,AIAENG,3716.0,3720.35009765625,3567.35009765625,3688.5,100214
2024-06-05,AIAENG,3677.550048828125,3710.0,3583.39990234375,3660.35009765625,118690
2024-06-06,AIAENG,3664.14990234375,3749.0,3648.10009765625,3669.89990234375,32723
2024-06-07,AIAENG,3689.199951171875,3743.25,3640.0,3730.199951171875,28123
2024-06-10,AIAENG,3733.0,3791.949951171875,3708.050048828125,3774.949951171875,38196
2024-06-11,AIAENG,3776.14990234375,3840.60009765625,3741.449951171875,3802.699951171875,81174
2024-06-12,AIAENG,3838.0,3850.0,3741.0,3825.85009765625,262794
2024-06-13,AIAENG,3846.0,3877.0,3812.050048828125,3825.800048828125,28648
2024-06-14,AIAENG,3829.800048828125,4005.0,3829.800048828125,3976.800048828125,144077
2024-06-18,AIAENG,4022.949951171875,4129.85009765625,3965.199951171875,4121.60009765625,146623
2024-06-19,AIAENG,4121.60009765625,4339.7001953125,4100.0,4271.5498046875,236696
2024-06-20,AIAENG,4236.0,4272.0,4204.9501953125,4244.5,54130
2024-06-21,AIAENG,4210.0,4292.0,4155.0498046875,4250.2998046875,86668
2024-06-24,AIAENG,4250.2998046875,4325.60009765625,4226.7001953125,4296.10009765625,127853
2024-06-25,AIAENG,4297.35009765625,4336.89990234375,4195.0,4208.0498046875,27906
2024-06-26,AIAENG,4226.14990234375,4290.0,4160.60009765625,4207.0498046875,35148
2024-06-27,AIAENG,4221.39990234375,4229.14990234375,4051.10009765625,4095.050048828125,75295
2024-06-28,AIAENG,4104.9501953125,4199.0,4104.9501953125,4178.5498046875,39712
2024-06-03,AIIL,177.9600067138672,189.3999938964844,163.00999450683594,184.82000732421875,966225
2024-06-04,AIIL,180.0399932861328,184.07000732421875,156.66000366210938,164.6300048828125,465125
2024-06-05,AIIL,164.6300048828125,174.00999450683594,159.0,170.92999267578125,261895
2024-06-06,AIIL,175.60000610351562,198.0,168.08999633789062,194.0599975585937,3199560
2024-06-07,AIIL,195.38999938964844,216.88999938964844,195.0,211.4499969482422,1113280
2024-06-10,AIIL,213.6000061035156,213.6000061035156,200.0,207.3999938964844,1070585
2024-06-11,AIIL,208.1999969482422,225.6000061035156,206.3999938964844,209.2700042724609,782105
2024-06-12,AIIL,210.32000732421875,219.0,206.3999938964844,217.0800018310547,374025
2024-06-13,AIIL,220.33999633789065,228.6100006103516,218.38999938964844,221.6000061035156,570540
2024-06-14,AIIL,223.0,230.0,222.22000122070312,224.1300048828125,272660
2024-06-18,AIIL,227.4900054931641,227.8000030517578,207.8699951171875,213.509994506836,331975
2024-06-19,AIIL,213.509994506836,217.3999938964844,197.88999938964844,201.9900054931641,320400
2024-06-20,AIIL,206.0399932861328,224.0,206.0399932861328,219.2100067138672,718460
2024-06-21,AIIL,228.6000061035156,228.6100006103516,219.2400054931641,226.22000122070312,327600
2024-06-24,AIIL,228.6100006103516,233.9600067138672,223.72999572753903,229.0,399840
2024-06-25,AIIL,229.3999938964844,231.47000122070312,224.1300048828125,229.9600067138672,257695
2024-06-26,AIIL,233.77999877929688,234.8000030517578,227.4900054931641,229.25,235625
2024-06-27,AIIL,233.0,233.0,221.009994506836,227.6000061035156,248900
2024-06-28,AIIL,229.8000030517578,236.0,227.1600036621093,231.4499969482422,235765
2024-06-03,AIRAN,28.0,28.100000381469727,26.549999237060547,26.89999961853028,295796
2024-06-04,AIRAN,27.100000381469727,27.100000381469727,25.549999237060547,25.600000381469727,183498
2024-06-05,AIRAN,25.549999237060547,26.049999237060547,24.39999961853028,25.600000381469727,221482
2024-06-06,AIRAN,26.64999961853028,26.64999961853028,25.600000381469727,26.25,155910
2024-06-07,AIRAN,26.450000762939453,27.299999237060547,26.0,26.850000381469727,216022
2024-06-10,AIRAN,27.5,27.89999961853028,26.979999542236328,27.25,357713
2024-06-11,AIRAN,27.600000381469727,27.64999961853028,26.799999237060547,27.25,339901
2024-06-12,AIRAN,27.25,27.89999961853028,27.209999084472656,27.459999084472656,239393
2024-06-13,AIRAN,27.799999237060547,27.8799991607666,27.459999084472656,27.670000076293945,282738
2024-06-14,AIRAN,27.700000762939453,28.88999938964844,27.700000762939453,27.850000381469727,488891
2024-06-18,AIRAN,28.799999237060547,29.96999931335449,28.600000381469727,29.5,812679
2024-06-19,AIRAN,30.700000762939453,30.700000762939453,29.5,30.31999969482422,681997
2024-06-20,AIRAN,30.700000762939453,30.989999771118164,29.75,29.920000076293945,485280
2024-06-21,AIRAN,30.0,30.350000381469727,29.25,29.68000030517578,282644
2024-06-24,AIRAN,29.68000030517578,29.89999961853028,29.0,29.780000686645508,325244
2024-06-25,AIRAN,29.200000762939453,30.39999961853028,29.09000015258789,29.14999961853028,325179
2024-06-26,AIRAN,29.89999961853028,30.0,29.38999938964844,29.739999771118164,375986
2024-06-27,AIRAN,29.739999771118164,32.0,29.739999771118164,31.200000762939453,1395019
2024-06-28,AIRAN,31.5,32.0,31.0,31.06999969482422,447964
2024-06-03,AIROLAM,153.0,153.0,145.0,147.3000030517578,19382
2024-06-04,AIROLAM,146.10000610351562,146.10000610351562,136.0,137.25,31906
2024-06-05,AIROLAM,140.10000610351562,140.10000610351562,135.10000610351562,137.39999389648438,7083
2024-06-06,AIROLAM,137.85000610351562,144.0,137.85000610351562,142.5500030517578,6453
2024-06-07,AIROLAM,145.5,151.0,141.14999389648438,145.35000610351562,27366
2024-06-10,AIROLAM,145.35000610351562,153.9499969482422,144.10000610351562,145.00999450683594,11322
2024-06-11,AIROLAM,147.0,149.91000366210938,145.0,148.4199981689453,8429
2024-06-12,AIROLAM,146.0500030517578,150.9199981689453,146.0,148.4600067138672,7079
2024-06-13,AIROLAM,149.86000061035156,151.19000244140625,145.27000427246094,148.86000061035156,13568
2024-06-14,AIROLAM,150.0,150.0,143.00999450683594,144.39999389648438,19621
2024-06-18,AIROLAM,144.5,148.8000030517578,143.0500030517578,144.4600067138672,9822
2024-06-19,AIROLAM,145.99000549316406,146.47999572753906,142.85000610351562,144.77999877929688,10022
2024-06-20,AIROLAM,147.97999572753906,147.97999572753906,143.10000610351562,145.13999938964844,8405
2024-06-21,AIROLAM,143.50999450683594,147.69000244140625,142.25,142.9499969482422,6426
2024-06-24,AIROLAM,142.0,144.22000122070312,141.05999755859375,141.72000122070312,4196
2024-06-25,AIROLAM,144.38999938964844,144.38999938964844,141.83999633789062,142.1199951171875,4263
2024-06-26,AIROLAM,142.63999938964844,145.83999633789062,141.0500030517578,143.9600067138672,8701
2024-06-27,AIROLAM,146.1999969482422,146.1999969482422,141.0,141.05999755859375,7575
2024-06-28,AIROLAM,143.52999877929688,143.9499969482422,139.3699951171875,142.5399932861328,7687
2024-06-03,AJANTPHARM,2342.10009765625,2364.699951171875,2270.0,2326.550048828125,120363
2024-06-04,AJANTPHARM,2334.0,2343.949951171875,2111.050048828125,2290.85009765625,151120
2024-06-05,AJANTPHARM,2340.0,2340.0,2270.0,2326.199951171875,106420
2024-06-06,AJANTPHARM,2328.0,2329.050048828125,2285.0,2301.64990234375,46104
2024-06-07,AJANTPHARM,2312.0,2431.5,2302.199951171875,2420.699951171875,154569
2024-06-10,AJANTPHARM,2443.949951171875,2495.0,2405.60009765625,2414.800048828125,68970
2024-06-11,AJANTPHARM,2430.0,2439.949951171875,2373.0,2384.449951171875,52675
2024-06-12,AJANTPHARM,2387.10009765625,2408.35009765625,2375.0,2398.0,27313
2024-06-13,AJANTPHARM,2410.0,2428.0,2403.60009765625,2420.35009765625,26448
2024-06-14,AJANTPHARM,2425.0,2425.0,2368.10009765625,2378.60009765625,49730
2024-06-18,AJANTPHARM,2370.0,2417.5,2345.300048828125,2412.75,54426
2024-06-19,AJANTPHARM,2375.050048828125,2411.0,2343.25,2371.14990234375,56638
2024-06-20,AJANTPHARM,2350.0,2362.39990234375,2335.0,2340.89990234375,76532
2024-06-21,AJANTPHARM,2365.0,2385.0,2341.10009765625,2345.85009765625,40793
2024-06-24,AJANTPHARM,2340.050048828125,2350.0,2319.0,2329.199951171875,30937
2024-06-25,AJANTPHARM,2341.5,2379.0,2303.199951171875,2331.35009765625,56798
2024-06-26,AJANTPHARM,2348.60009765625,2351.0,2304.699951171875,2316.35009765625,55789
2024-06-27,AJANTPHARM,2323.199951171875,2348.60009765625,2261.0,2283.75,105711
2024-06-28,AJANTPHARM,2297.14990234375,2319.89990234375,2280.050048828125,2287.199951171875,45657
2024-06-03,AJMERA,140.0,141.1999969482422,133.8000030517578,134.75999450683594,318445
2024-06-04,AJMERA,136.39999389648438,136.39999389648438,111.12999725341795,124.38999938964844,1062380
2024-06-05,AJMERA,126.26000213623048,131.97999572753906,120.0,129.75999450683594,464140
2024-06-06,AJMERA,131.7100067138672,133.8000030517578,129.60000610351562,131.44000244140625,376870
2024-06-07,AJMERA,131.5500030517578,140.1999969482422,131.52999877929688,139.5,613040
2024-06-10,AJMERA,141.9600067138672,141.97999572753906,138.02000427246094,140.8699951171875,262825
2024-06-11,AJMERA,141.60000610351562,143.9600067138672,141.60000610351562,142.32000732421875,232745
2024-06-12,AJMERA,142.8000030517578,144.0800018310547,138.02000427246094,140.00999450683594,255830
2024-06-13,AJMERA,140.33999633789062,145.39999389648438,140.33999633789062,141.82000732421875,392355
2024-06-14,AJMERA,141.82000732421875,143.60000610351562,140.0399932861328,141.1300048828125,251825
2024-06-18,AJMERA,142.0,143.38999938964844,140.3000030517578,142.33999633789062,188915
2024-06-19,AJMERA,142.8000030517578,143.36000061035156,137.8000030517578,138.11000061035156,271625
2024-06-20,AJMERA,140.17999267578125,141.8699951171875,138.33999633789062,140.02000427246094,185020
2024-06-21,AJMERA,140.8000030517578,143.39999389648438,139.0399932861328,141.8300018310547,274285
2024-06-24,AJMERA,140.25,147.0,140.25,143.67999267578125,423750
2024-06-25,AJMERA,145.3800048828125,145.3800048828125,140.1999969482422,140.5,201315
2024-06-26,AJMERA,141.89999389648438,142.33999633789062,137.58999633789062,138.10000610351562,298135
2024-06-27,AJMERA,138.10000610351562,139.27000427246094,133.41000366210938,134.3699951171875,251815
2024-06-28,AJMERA,133.74000549316406,136.6699981689453,133.00999450683594,134.75999450683594,151485
2024-06-03,AJOONI,6.099999904632568,6.150000095367432,6.050000190734863,6.050000190734863,995863
2024-06-04,AJOONI,6.050000190734863,6.099999904632568,5.699999809265137,5.849999904632568,1993298
2024-06-05,AJOONI,5.900000095367432,6.050000190734863,5.800000190734863,5.900000095367432,735785
2024-06-06,AJOONI,5.949999809265137,5.949999809265137,5.550000190734863,5.599999904632568,2042512
2024-06-07,AJOONI,5.650000095367432,5.75,5.550000190734863,5.599999904632568,995139
2024-06-10,AJOONI,5.650000095367432,5.739999771118164,5.480000019073486,5.480000019073486,2936107
2024-06-11,AJOONI,5.590000152587891,5.599999904632568,5.480000019073486,5.489999771118164,2069301
2024-06-12,AJOONI,5.699999809265137,6.03000020980835,5.489999771118164,5.510000228881836,2844442
2024-06-13,AJOONI,5.699999809265137,5.699999809265137,5.489999771118164,5.610000133514404,1918820
2024-06-14,AJOONI,5.800000190734863,5.889999866485596,5.480000019073486,5.570000171661377,1383505
2024-06-18,AJOONI,5.570000171661377,5.789999961853027,5.179999828338623,5.239999771118164,8336958
2024-06-19,AJOONI,5.239999771118164,5.340000152587891,4.949999809265137,5.039999961853027,9871939
2024-06-20,AJOONI,5.150000095367432,5.300000190734863,5.019999980926514,5.039999961853027,5303016
2024-06-21,AJOONI,5.150000095367432,5.199999809265137,5.019999980926514,5.039999961853027,4401962
2024-06-24,AJOONI,5.119999885559082,5.199999809265137,5.079999923706055,5.119999885559082,4872092
2024-06-25,AJOONI,5.170000076293945,5.190000057220459,4.980000019073486,5.039999961853027,3670672
2024-06-26,AJOONI,5.110000133514404,5.119999885559082,4.980000019073486,5.0,2219052
2024-06-27,AJOONI,5.050000190734863,5.059999942779541,4.989999771118164,5.010000228881836,1874770
2024-06-28,AJOONI,5.059999942779541,5.400000095367432,4.989999771118164,5.260000228881836,8842558
2024-06-03,AKASH,38.70000076293945,38.70000076293945,35.5,36.70000076293945,60029
2024-06-04,AKASH,36.59999847412109,36.59999847412109,31.700000762939453,33.29999923706055,34879
2024-06-05,AKASH,34.849998474121094,34.849998474121094,31.0,34.29999923706055,20037
2024-06-06,AKASH,35.70000076293945,35.70000076293945,34.0,35.0,34385
2024-06-07,AKASH,35.5,35.5,34.599998474121094,35.0,17902
2024-06-10,AKASH,35.0,35.58000183105469,32.810001373291016,33.790000915527344,76865
2024-06-11,AKASH,34.0099983215332,34.689998626708984,33.65999984741211,34.099998474121094,17107
2024-06-12,AKASH,34.11000061035156,35.47999954223633,33.630001068115234,34.040000915527344,39125
2024-06-13,AKASH,34.099998474121094,34.5,33.77000045776367,34.119998931884766,39252
2024-06-14,AKASH,35.0,35.0,33.5,34.029998779296875,23041
2024-06-18,AKASH,34.349998474121094,34.349998474121094,33.11000061035156,33.29999923706055,36355
2024-06-19,AKASH,33.900001525878906,33.900001525878906,32.91999816894531,33.619998931884766,22919
2024-06-20,AKASH,34.25,34.25,33.61000061035156,33.75,17753
2024-06-21,AKASH,34.25,34.25,33.7599983215332,33.86000061035156,7392
2024-06-24,AKASH,34.25,34.5,33.0,33.86000061035156,50825
2024-06-25,AKASH,33.79999923706055,33.9900016784668,33.61000061035156,33.86000061035156,10251
2024-06-26,AKASH,34.0,34.0,33.0099983215332,33.95000076293945,32699
2024-06-27,AKASH,33.95000076293945,35.0,33.209999084472656,33.63999938964844,27535
2024-06-28,AKASH,34.0,34.0099983215332,32.209999084472656,33.349998474121094,39141
2024-06-03,AKG,21.89999961853028,23.0,19.0,20.950000762939453,81572
2024-06-04,AKG,20.950000762939453,22.89999961853028,19.0,20.39999961853028,142992
2024-06-05,AKG,21.5,21.5,19.950000762939453,20.89999961853028,43780
2024-06-06,AKG,21.350000381469727,22.89999961853028,21.25,22.799999237060547,374615
2024-06-07,AKG,23.0,24.0,22.450000762939453,23.39999961853028,304756
2024-06-10,AKG,23.049999237060547,24.100000381469727,22.76000022888184,22.86000061035156,69950
2024-06-11,AKG,22.86000061035156,23.600000381469727,22.68000030517578,22.739999771118164,44426
2024-06-12,AKG,23.39999961853028,23.39999961853028,22.700000762939453,22.780000686645508,128060
2024-06-13,AKG,23.239999771118164,23.979999542236328,22.14999961853028,23.479999542236328,597987
2024-06-14,AKG,23.5,23.850000381469727,23.100000381469727,23.26000022888184,246054
2024-06-18,AKG,23.39999961853028,23.950000762939453,22.700000762939453,23.309999465942383,478707
2024-06-19,AKG,23.489999771118164,23.799999237060547,22.809999465942383,22.90999984741211,110758
2024-06-20,AKG,23.0,23.0,22.299999237060547,22.8799991607666,101307
2024-06-21,AKG,22.89999961853028,23.280000686645508,22.520000457763672,22.729999542236328,100999
2024-06-24,AKG,22.729999542236328,22.88999938964844,22.46999931335449,22.489999771118164,50039
2024-06-25,AKG,22.739999771118164,22.739999771118164,21.8799991607666,22.13999938964844,47407
2024-06-26,AKG,22.13999938964844,23.0,21.93000030517578,22.57999992370605,93193
2024-06-27,AKG,22.68000030517578,22.8700008392334,21.799999237060547,21.940000534057617,43202
2024-06-28,AKG,22.350000381469727,23.0,21.89999961853028,22.64999961853028,54311
2024-06-03,AKI,22.89999961853028,22.89999961853028,21.14999961853028,21.350000381469727,190723
2024-06-04,AKI,21.600000381469727,21.600000381469727,20.299999237060547,20.299999237060547,78480
2024-06-05,AKI,21.299999237060547,21.299999237060547,19.5,21.200000762939453,54964
2024-06-06,AKI,22.14999961853028,22.25,21.549999237060547,22.25,82857
2024-06-07,AKI,23.200000762939453,23.350000381469727,22.700000762939453,23.350000381469727,65698
2024-06-10,AKI,24.350000381469727,24.350000381469727,22.200000762939453,23.51000022888184,148088
2024-06-11,AKI,24.299999237060547,24.68000030517578,23.799999237060547,24.68000030517578,188318
2024-06-12,AKI,25.89999961853028,25.90999984741211,25.89999961853028,25.90999984741211,43089
2024-06-13,AKI,27.200000762939453,27.200000762939453,26.5,27.200000762939453,158885
2024-06-14,AKI,28.559999465942383,28.559999465942383,26.200000762939453,28.18000030517578,640909
2024-06-18,AKI,29.0,29.0,26.950000762939453,27.309999465942383,394051
2024-06-19,AKI,27.0,27.190000534057617,26.25,26.57999992370605,76893
2024-06-20,AKI,26.5,27.89999961853028,26.5,27.36000061035156,215004
2024-06-21,AKI,28.0,28.0,26.600000381469727,26.799999237060547,106401
2024-06-24,AKI,27.34000015258789,27.34000015258789,25.459999084472656,25.520000457763672,280492
2024-06-25,AKI,25.520000457763672,26.700000762939453,24.56999969482422,25.01000022888184,127332
2024-06-26,AKI,24.549999237060547,25.93000030517578,24.549999237060547,25.100000381469727,76299
2024-06-27,AKI,25.100000381469727,26.350000381469727,23.84000015258789,25.809999465942383,147544
2024-06-28,AKI,26.850000381469727,26.850000381469727,24.64999961853028,25.11000061035156,92763
2024-06-03,AKSHAR,2.700000047683716,2.799999952316284,2.700000047683716,2.700000047683716,1715582
2024-06-04,AKSHAR,2.75,2.75,2.5999999046325684,2.5999999046325684,1144256
2024-06-05,AKSHAR,2.650000095367432,2.650000095367432,2.5,2.5,1014622
2024-06-06,AKSHAR,2.549999952316284,2.5999999046325684,2.5,2.5999999046325684,654180
2024-06-07,AKSHAR,2.650000095367432,2.650000095367432,2.549999952316284,2.650000095367432,600346
2024-06-10,AKSHAR,2.650000095367432,2.650000095367432,2.559999942779541,2.5999999046325684,655575
2024-06-11,AKSHAR,2.630000114440918,2.6700000762939453,2.5799999237060547,2.640000104904175,905365
2024-06-12,AKSHAR,2.6700000762939453,2.6700000762939453,2.5999999046325684,2.630000114440918,753079
2024-06-13,AKSHAR,2.640000104904175,2.650000095367432,2.5999999046325684,2.630000114440918,771172
2024-06-14,AKSHAR,2.680000066757202,2.680000066757202,2.5999999046325684,2.630000114440918,790436
2024-06-18,AKSHAR,2.650000095367432,2.650000095367432,2.539999961853028,2.5899999141693115,1125883
2024-06-19,AKSHAR,2.5999999046325684,2.609999895095825,2.549999952316284,2.569999933242798,743542
2024-06-20,AKSHAR,2.5999999046325684,2.640000104904175,2.559999942779541,2.5899999141693115,700646
2024-06-21,AKSHAR,2.5899999141693115,2.640000104904175,2.5899999141693115,2.619999885559082,737920
2024-06-24,AKSHAR,2.609999895095825,2.619999885559082,2.549999952316284,2.5999999046325684,1002635
2024-06-25,AKSHAR,2.630000114440918,2.640000104904175,2.559999942779541,2.5899999141693115,698719
2024-06-26,AKSHAR,2.559999942779541,2.619999885559082,2.549999952316284,2.549999952316284,694476
2024-06-27,AKSHAR,2.5999999046325684,2.5999999046325684,2.539999961853028,2.549999952316284,772235
2024-06-28,AKSHAR,2.569999933242798,2.640000104904175,2.549999952316284,2.609999895095825,1046989
2024-06-03,AKSHARCHEM,258.1000061035156,261.79998779296875,252.0,252.9499969482422,10189
2024-06-04,AKSHARCHEM,252.0,260.6000061035156,240.3000030517578,240.8500061035156,10537
2024-06-05,AKSHARCHEM,244.8999938964844,252.8500061035156,244.8999938964844,252.3000030517578,8118
2024-06-06,AKSHARCHEM,250.0,259.0,250.0,256.8500061035156,10761
2024-06-07,AKSHARCHEM,255.0,260.0,253.1000061035156,257.04998779296875,5521
2024-06-10,AKSHARCHEM,257.20001220703125,265.95001220703125,253.0,264.54998779296875,8925
2024-06-11,AKSHARCHEM,268.0,269.8999938964844,261.0,268.79998779296875,8135
2024-06-12,AKSHARCHEM,269.95001220703125,272.5,267.20001220703125,269.25,4728
2024-06-13,AKSHARCHEM,277.54998779296875,277.54998779296875,266.0,269.8999938964844,8652
2024-06-14,AKSHARCHEM,273.0,278.0,269.79998779296875,272.29998779296875,9152
2024-06-18,AKSHARCHEM,272.6499938964844,272.70001220703125,261.54998779296875,263.1499938964844,15533
2024-06-19,AKSHARCHEM,269.6000061035156,269.6000061035156,260.79998779296875,265.8500061035156,5855
2024-06-20,AKSHARCHEM,265.8500061035156,280.0,264.54998779296875,279.04998779296875,27050
2024-06-21,AKSHARCHEM,306.95001220703125,306.95001220703125,297.0,306.95001220703125,57597
2024-06-24,AKSHARCHEM,328.70001220703125,328.95001220703125,316.04998779296875,319.54998779296875,138135
2024-06-25,AKSHARCHEM,319.70001220703125,322.3999938964844,310.0,316.95001220703125,33035
2024-06-26,AKSHARCHEM,317.0,328.0,310.5,323.54998779296875,38508
2024-06-27,AKSHARCHEM,331.0,332.04998779296875,321.54998779296875,324.29998779296875,41114
2024-06-28,AKSHARCHEM,329.0,330.0,317.1000061035156,325.5,25372
2024-06-03,AKSHOPTFBR,9.149999618530272,9.149999618530272,8.550000190734863,8.800000190734863,306377
2024-06-04,AKSHOPTFBR,8.850000381469727,8.850000381469727,8.399999618530273,8.399999618530273,258752
2024-06-05,AKSHOPTFBR,8.399999618530273,8.449999809265137,8.0,8.300000190734863,128055
2024-06-06,AKSHOPTFBR,8.300000190734863,8.600000381469727,8.300000190734863,8.550000190734863,172971
2024-06-07,AKSHOPTFBR,8.550000190734863,8.600000381469727,8.300000190734863,8.5,222650
2024-06-10,AKSHOPTFBR,8.5,8.600000381469727,8.399999618530273,8.460000038146973,305947
2024-06-11,AKSHOPTFBR,8.5,8.75,8.199999809265137,8.6899995803833,204409
2024-06-12,AKSHOPTFBR,8.850000381469727,8.890000343322754,8.699999809265137,8.8100004196167,260489
2024-06-13,AKSHOPTFBR,8.949999809265137,8.949999809265137,8.699999809265137,8.819999694824219,151402
2024-06-14,AKSHOPTFBR,8.829999923706055,8.930000305175781,8.75,8.779999732971191,207324
2024-06-18,AKSHOPTFBR,8.869999885559082,8.890000343322754,8.510000228881836,8.65999984741211,207494
2024-06-19,AKSHOPTFBR,8.65999984741211,8.65999984741211,8.5,8.550000190734863,168321
2024-06-20,AKSHOPTFBR,8.520000457763672,8.680000305175781,8.319999694824219,8.649999618530273,285186
2024-06-21,AKSHOPTFBR,8.729999542236328,8.729999542236328,8.399999618530273,8.619999885559082,160228
2024-06-24,AKSHOPTFBR,8.75,8.75,8.380000114440918,8.420000076293945,239819
2024-06-25,AKSHOPTFBR,8.579999923706055,8.579999923706055,8.399999618530273,8.449999809265137,144110
2024-06-26,AKSHOPTFBR,8.449999809265137,8.520000457763672,8.329999923706055,8.369999885559082,211705
2024-06-27,AKSHOPTFBR,8.489999771118164,8.489999771118164,8.3100004196167,8.359999656677246,129067
2024-06-28,AKSHOPTFBR,8.399999618530273,8.449999809265137,8.149999618530273,8.170000076293945,454823
2024-06-03,ALANKIT,22.25,22.549999237060547,20.75,20.850000381469727,1673307
2024-06-04,ALANKIT,20.950000762939453,20.950000762939453,19.799999237060547,19.799999237060547,1557665
2024-06-05,ALANKIT,19.39999961853028,19.600000381469727,18.850000381469727,18.950000762939453,1837084
2024-06-06,ALANKIT,18.950000762939453,19.850000381469727,18.799999237060547,19.850000381469727,470339
2024-06-07,ALANKIT,21.0,21.950000762939453,20.5,21.549999237060547,2162842
2024-06-10,ALANKIT,21.64999961853028,22.0,21.0,21.170000076293945,1150608
2024-06-11,ALANKIT,21.07999992370605,21.64999961853028,20.61000061035156,20.81999969482422,1274839
2024-06-12,ALANKIT,21.0,21.450000762939453,20.63999938964844,20.709999084472656,1628453
2024-06-13,ALANKIT,20.790000915527344,21.200000762939453,20.489999771118164,20.88999938964844,1193246
2024-06-14,ALANKIT,20.799999237060547,21.170000076293945,20.46999931335449,20.89999961853028,1153623
2024-06-18,ALANKIT,21.270000457763672,21.270000457763672,20.64999961853028,20.690000534057617,631416
2024-06-19,ALANKIT,20.75,21.15999984741211,20.530000686645508,20.790000915527344,1114308
2024-06-20,ALANKIT,20.64999961853028,21.09000015258789,20.06999969482422,20.170000076293945,1008835
2024-06-21,ALANKIT,20.01000022888184,20.420000076293945,19.850000381469727,19.979999542236328,716595
2024-06-24,ALANKIT,19.989999771118164,20.229999542236328,19.56999969482422,19.670000076293945,1016164
2024-06-25,ALANKIT,19.950000762939453,19.950000762939453,19.25,19.31999969482422,460817
2024-06-26,ALANKIT,19.25,19.690000534057617,19.0,19.11000061035156,414758
2024-06-27,ALANKIT,19.38999938964844,19.76000022888184,19.100000381469727,19.280000686645508,828812
2024-06-28,ALANKIT,19.739999771118164,20.89999961853028,19.21999931335449,20.64999961853028,2569532
2024-06-03,ALBERTDAVD,1167.0,1197.800048828125,1145.0999755859375,1150.6500244140625,15319
2024-06-04,ALBERTDAVD,1173.949951171875,1173.949951171875,1035.5999755859375,1071.0,22072
2024-06-05,ALBERTDAVD,1054.6500244140625,1090.0,1052.050048828125,1070.550048828125,10794
2024-06-06,ALBERTDAVD,1071.0,1107.949951171875,1071.0,1083.199951171875,7614
2024-06-07,ALBERTDAVD,1098.3499755859375,1198.0,1084.550048828125,1186.199951171875,24398
2024-06-10,ALBERTDAVD,1199.0,1218.0,1177.8499755859375,1188.199951171875,11798
2024-06-11,ALBERTDAVD,1200.0,1218.0,1183.0,1190.300048828125,6980
2024-06-12,ALBERTDAVD,1200.0,1284.0,1196.050048828125,1269.050048828125,49515
2024-06-13,ALBERTDAVD,1273.5,1328.949951171875,1262.3499755859375,1297.5,40533
2024-06-14,ALBERTDAVD,1310.0,1315.050048828125,1275.300048828125,1287.949951171875,14481
2024-06-18,ALBERTDAVD,1307.949951171875,1307.949951171875,1268.050048828125,1294.550048828125,13073
2024-06-19,ALBERTDAVD,1285.300048828125,1336.9000244140625,1285.300048828125,1307.6500244140625,12197
2024-06-20,ALBERTDAVD,1300.0,1315.0,1296.0999755859375,1311.1500244140625,9752
2024-06-21,ALBERTDAVD,1330.0,1354.199951171875,1304.25,1334.8499755859375,29340
2024-06-24,ALBERTDAVD,1353.949951171875,1361.800048828125,1325.050048828125,1354.199951171875,19095
2024-06-25,ALBERTDAVD,1365.0,1365.0,1321.8499755859375,1328.25,12497
2024-06-26,ALBERTDAVD,1338.699951171875,1340.949951171875,1260.0,1273.4000244140625,13266
2024-06-27,ALBERTDAVD,1265.0,1290.0,1242.0,1258.1500244140625,12447
2024-06-28,ALBERTDAVD,1260.0,1455.0,1260.0,1361.25,127913
2024-06-03,ALEMBICLTD,101.5,102.3000030517578,98.75,99.3000030517578,776804
2024-06-04,ALEMBICLTD,99.0,99.0,86.30000305175781,91.1999969482422,1129786
2024-06-05,ALEMBICLTD,91.25,95.1999969482422,90.25,94.6999969482422,969631
2024-06-06,ALEMBICLTD,95.6999969482422,98.3499984741211,95.3499984741211,97.3499984741211,703228
2024-06-07,ALEMBICLTD,97.5,101.9000015258789,97.0999984741211,100.9000015258789,1170748
2024-06-10,ALEMBICLTD,101.1500015258789,101.9000015258789,100.1500015258789,100.83999633789062,756109
2024-06-11,ALEMBICLTD,101.0500030517578,104.0,100.0999984741211,102.80999755859376,1348830
2024-06-12,ALEMBICLTD,103.37000274658205,106.0,103.1500015258789,104.2300033569336,1823845
2024-06-13,ALEMBICLTD,105.0999984741211,106.4000015258789,103.0999984741211,103.9499969482422,1067585
2024-06-14,ALEMBICLTD,103.8000030517578,104.62999725341795,102.1500015258789,102.97000122070312,804609
2024-06-18,ALEMBICLTD,103.8000030517578,104.26000213623048,101.62999725341795,102.2699966430664,951456
2024-06-19,ALEMBICLTD,103.0,103.33000183105467,100.25,101.41000366210938,785312
2024-06-20,ALEMBICLTD,101.5,104.3499984741211,100.81999969482422,102.8000030517578,975168
2024-06-21,ALEMBICLTD,102.8499984741211,113.86000061035156,102.8499984741211,111.05999755859376,12959693
2024-06-24,ALEMBICLTD,111.86000061035156,116.79000091552734,110.3000030517578,114.97000122070312,6398425
2024-06-25,ALEMBICLTD,115.1999969482422,115.79000091552734,111.68000030517578,112.2699966430664,1915012
2024-06-26,ALEMBICLTD,112.4499969482422,112.8000030517578,108.75,109.25,1563746
2024-06-27,ALEMBICLTD,109.26000213623048,115.9000015258789,108.0,111.18000030517578,5096694
2024-06-28,ALEMBICLTD,111.75,114.0500030517578,110.30999755859376,111.66000366210938,1415872
2024-06-03,ALICON,1090.0,1104.550048828125,1052.050048828125,1060.5999755859375,28725
2024-06-04,ALICON,1060.0,1075.8499755859375,964.7999877929688,994.5,59770
2024-06-05,ALICON,1015.0,1069.6500244140625,1003.0,1056.050048828125,26994
2024-06-06,ALICON,1069.5999755859375,1091.050048828125,1052.0999755859375,1074.800048828125,18493
2024-06-07,ALICON,1084.9000244140625,1133.0,1078.050048828125,1103.0999755859375,33985
2024-06-10,ALICON,1111.0,1148.949951171875,1080.1500244140625,1087.800048828125,31705
2024-06-11,ALICON,1088.300048828125,1142.0999755859375,1088.300048828125,1118.699951171875,25792
2024-06-12,ALICON,1125.8499755859375,1241.949951171875,1124.4000244140625,1218.6500244140625,182771
2024-06-13,ALICON,1238.25,1333.0,1213.800048828125,1241.949951171875,205426
2024-06-14,ALICON,1254.3499755859375,1295.0,1252.25,1280.8499755859375,50141
2024-06-18,ALICON,1294.0,1330.949951171875,1261.1500244140625,1292.5999755859375,57809
2024-06-19,ALICON,1292.5999755859375,1304.050048828125,1248.25,1260.300048828125,28126
2024-06-20,ALICON,1270.6500244140625,1273.8499755859375,1221.5999755859375,1234.3499755859375,19946
2024-06-21,ALICON,1225.0,1280.0,1225.0,1239.3499755859375,33637
2024-06-24,ALICON,1254.949951171875,1319.050048828125,1243.300048828125,1277.8499755859375,49265
2024-06-25,ALICON,1281.0,1310.9000244140625,1270.0,1278.8499755859375,35012
2024-06-26,ALICON,1278.8499755859375,1350.0,1265.0,1271.25,52552
2024-06-27,ALICON,1288.949951171875,1299.0,1213.0,1229.699951171875,30643
2024-06-28,ALICON,1240.0,1253.949951171875,1206.0,1213.199951171875,25729
2024-06-03,ALIVUS,840.0,842.4500122070312,825.0999755859375,839.9000244140625,94330
2024-06-04,ALIVUS,839.9000244140625,844.0,755.9500122070312,825.9500122070312,125871
2024-06-05,ALIVUS,836.4000244140625,842.0499877929688,785.4500122070312,836.5999755859375,62582
2024-06-06,ALIVUS,846.0499877929688,871.7999877929688,840.0499877929688,855.25,136654
2024-06-07,ALIVUS,864.7999877929688,877.9500122070312,856.0,867.7000122070312,103860
2024-06-10,ALIVUS,868.0,882.0,867.6500244140625,876.5,62998
2024-06-11,ALIVUS,876.5,880.1500244140625,860.0,866.8499755859375,59972
2024-06-12,ALIVUS,877.0,877.0,850.0,864.0,60649
2024-06-13,ALIVUS,873.0,877.0,855.0,858.0999755859375,47853
2024-06-14,ALIVUS,862.0,871.0,850.0,853.3499755859375,49189
2024-06-18,ALIVUS,865.0,865.0,847.0999755859375,857.0999755859375,42754
2024-06-19,ALIVUS,857.0999755859375,864.5999755859375,838.5499877929688,845.5999755859375,51917
2024-06-20,ALIVUS,854.9500122070312,854.9500122070312,835.0,839.6500244140625,25997
2024-06-21,ALIVUS,847.0,847.0,825.7999877929688,829.75,43071
2024-06-24,ALIVUS,834.5499877929688,845.0,825.0499877929688,833.5499877929688,31818
2024-06-25,ALIVUS,833.5499877929688,836.9000244140625,824.0,825.8499755859375,24528
2024-06-26,ALIVUS,843.9500122070312,870.0,832.4500122070312,842.5499877929688,74773
2024-06-27,ALIVUS,835.0,849.0,829.0999755859375,831.6500244140625,35770
2024-06-28,ALIVUS,835.0,874.0,831.8499755859375,869.0499877929688,121069
2024-06-03,ALKALI,112.0,114.6999969482422,109.0999984741211,110.0500030517578,24166
2024-06-04,ALKALI,110.0999984741211,110.1500015258789,100.0500030517578,101.3000030517578,31403
2024-06-05,ALKALI,104.5999984741211,105.9499969482422,100.5,105.5999984741211,13370
2024-06-06,ALKALI,106.9000015258789,112.0,106.9000015258789,110.75,15317
2024-06-07,ALKALI,114.0,116.25,112.0,114.5999984741211,31376
2024-06-10,ALKALI,118.0,130.30999755859375,115.0,122.27999877929688,152340
2024-06-11,ALKALI,124.9800033569336,128.25,121.3000030517578,125.62999725341795,66513
2024-06-12,ALKALI,127.9000015258789,128.64999389648438,120.5,122.7300033569336,57435
2024-06-13,ALKALI,123.4000015258789,129.7899932861328,122.7699966430664,126.56999969482422,90923
2024-06-14,ALKALI,126.3000030517578,127.5,122.0500030517578,122.93000030517578,35843
2024-06-18,ALKALI,124.0,124.0,116.16000366210938,119.30999755859376,53411
2024-06-19,ALKALI,120.0,122.8000030517578,119.0,119.91999816894533,15351
2024-06-20,ALKALI,119.91999816894533,121.66000366210938,117.8499984741211,119.02999877929688,21394
2024-06-21,ALKALI,119.69000244140624,129.4499969482422,119.0500030517578,127.4800033569336,112592
2024-06-24,ALKALI,127.6500015258789,134.64999389648438,127.4800033569336,133.27000427246094,295333
2024-06-25,ALKALI,133.27999877929688,138.0,128.85000610351562,131.41000366210938,161064
2024-06-26,ALKALI,132.10000610351562,152.6999969482422,128.39999389648438,147.05999755859375,1032097
2024-06-27,ALKALI,154.8000030517578,165.0,148.85000610351562,154.10000610351562,826267
2024-06-28,ALKALI,153.6999969482422,153.6999969482422,147.16000366210938,150.02999877929688,126847
2024-06-03,ALKEM,4815.0,4882.9501953125,4795.0,4822.10009765625,730200
2024-06-04,ALKEM,4856.2998046875,4856.2998046875,4407.0498046875,4708.4501953125,439244
2024-06-05,ALKEM,4715.0,4864.4501953125,4667.39990234375,4825.14990234375,214474
2024-06-06,ALKEM,4840.35009765625,4889.10009765625,4775.0,4854.60009765625,184279
2024-06-07,ALKEM,4856.2998046875,4963.7998046875,4827.2001953125,4956.10009765625,166257
2024-06-10,ALKEM,4989.0,5043.39990234375,4940.0,5031.14990234375,86829
2024-06-11,ALKEM,5030.2998046875,5099.0,4981.2001953125,5066.85009765625,133269
2024-06-12,ALKEM,5091.9501953125,5120.7001953125,5054.0498046875,5078.10009765625,166160
2024-06-13,ALKEM,5086.0,5114.89990234375,5051.0,5089.7001953125,111983
2024-06-14,ALKEM,5114.9501953125,5134.60009765625,5033.0,5101.9501953125,77862
2024-06-18,ALKEM,5123.0,5238.0,4908.7998046875,5218.0498046875,581602
2024-06-19,ALKEM,5232.0,5258.85009765625,5160.0,5184.85009765625,175111
2024-06-20,ALKEM,5184.85009765625,5222.7001953125,5137.7001953125,5158.35009765625,66633
2024-06-21,ALKEM,5160.14990234375,5198.4501953125,5080.10009765625,5129.25,85035
2024-06-24,ALKEM,5088.0,5109.89990234375,4974.0,5005.75,134790
2024-06-25,ALKEM,5030.0,5259.0,5008.5498046875,5092.7001953125,583680
2024-06-26,ALKEM,5099.89990234375,5108.89990234375,4951.39990234375,4973.60009765625,340917
2024-06-27,ALKEM,5000.0,5034.2998046875,4896.89990234375,4923.60009765625,921005
2024-06-28,ALKEM,4932.0,5020.0,4930.5498046875,4991.35009765625,272426
2024-06-03,ALKYLAMINE,1925.0,1939.949951171875,1880.0,1891.8499755859373,33204
2024-06-04,ALKYLAMINE,1907.5999755859373,1907.75,1815.0,1841.6500244140625,48725
2024-06-05,ALKYLAMINE,1863.9000244140625,1937.0,1826.5,1930.3499755859373,42422
2024-06-06,ALKYLAMINE,1950.0,1976.0,1939.949951171875,1971.8499755859373,38277
2024-06-07,ALKYLAMINE,1971.8499755859373,1986.6500244140625,1961.5,1967.9000244140625,20750
2024-06-10,ALKYLAMINE,1969.0,2021.9000244140625,1961.25,1998.5,58551
2024-06-11,ALKYLAMINE,2009.9000244140625,2021.5999755859373,1969.050048828125,2014.050048828125,54083
2024-06-12,ALKYLAMINE,2018.949951171875,2037.75,1980.0,2009.8499755859373,38524
2024-06-13,ALKYLAMINE,2020.0,2034.0,2000.800048828125,2021.5,36467
2024-06-14,ALKYLAMINE,2021.5,2048.0,2005.0,2019.6500244140625,44790
2024-06-18,ALKYLAMINE,2033.0,2033.0,1990.0,1993.550048828125,42407
2024-06-19,ALKYLAMINE,1997.199951171875,2070.75,1995.0999755859373,2004.949951171875,89568
2024-06-20,ALKYLAMINE,2005.75,2151.89990234375,2000.5999755859373,2104.0,390700
2024-06-21,ALKYLAMINE,2139.39990234375,2161.0,2085.199951171875,2112.300048828125,104733
2024-06-24,ALKYLAMINE,2109.050048828125,2150.0,2076.60009765625,2107.449951171875,112635
2024-06-25,ALKYLAMINE,2105.0,2129.800048828125,2088.199951171875,2120.64990234375,51576
2024-06-26,ALKYLAMINE,2129.89990234375,2139.550048828125,2058.050048828125,2081.699951171875,55147
2024-06-27,ALKYLAMINE,2075.0,2168.800048828125,2071.0,2130.10009765625,189196
2024-06-28,ALKYLAMINE,2141.949951171875,2168.0,2095.0,2136.800048828125,125470
2024-06-03,ALLCARGO,69.9000015258789,70.1500015258789,68.05000305175781,69.0,1492606
2024-06-04,ALLCARGO,68.94999694824219,68.94999694824219,61.29999923706055,63.400001525878906,2281920
2024-06-05,ALLCARGO,64.0,65.1500015258789,62.0,64.94999694824219,1346516
2024-06-06,ALLCARGO,64.9000015258789,69.94999694824219,64.75,66.0,3906420
2024-06-07,ALLCARGO,66.44999694824219,67.44999694824219,64.94999694824219,65.80000305175781,3079631
2024-06-10,ALLCARGO,66.4000015258789,68.69999694824219,64.91999816894531,65.1500015258789,4139503
2024-06-11,ALLCARGO,65.55000305175781,66.97000122070312,64.86000061035156,65.02999877929688,2695521
2024-06-12,ALLCARGO,65.11000061035156,66.19999694824219,63.97999954223633,64.86000061035156,4194858
2024-06-13,ALLCARGO,65.1500015258789,66.94999694824219,64.19999694824219,65.04000091552734,5311433
2024-06-14,ALLCARGO,65.4000015258789,66.75,64.48999786376953,64.72000122070312,6920068
2024-06-18,ALLCARGO,65.5999984741211,66.5999984741211,64.0,64.47000122070312,7666423
2024-06-19,ALLCARGO,64.98999786376953,65.19999694824219,62.5,62.72999954223633,6871572
2024-06-20,ALLCARGO,63.34999847412109,64.30000305175781,61.95000076293945,62.34000015258789,6315385
2024-06-21,ALLCARGO,63.0,63.54999923706055,60.650001525878906,61.290000915527344,5950570
2024-06-24,ALLCARGO,61.75,62.31999969482422,59.900001525878906,59.9900016784668,14599130
2024-06-25,ALLCARGO,60.84999847412109,62.04999923706055,59.880001068115234,60.0099983215332,7684044
2024-06-26,ALLCARGO,60.59999847412109,60.900001525878906,59.900001525878906,59.970001220703125,4067490
2024-06-27,ALLCARGO,60.20000076293945,60.29999923706055,59.29999923706055,59.93999862670898,4039547
2024-06-28,ALLCARGO,60.0,60.75,59.84000015258789,60.5,4117133
2024-06-03,ALLDIGI,1045.0,1091.949951171875,991.0,1010.5499877929688,24145
2024-06-04,ALLDIGI,1032.0,1032.0,910.0,969.0499877929688,44290
2024-06-05,ALLDIGI,984.9000244140624,1024.9000244140625,927.0,1005.75,19225
2024-06-06,ALLDIGI,1026.5999755859375,1040.949951171875,1015.2000122070312,1028.5,17467
2024-06-07,ALLDIGI,1023.0,1109.0,1023.0,1099.199951171875,40686
2024-06-10,ALLDIGI,1110.699951171875,1149.0,1050.0,1069.949951171875,43756
2024-06-11,ALLDIGI,1083.0,1135.050048828125,1055.0999755859375,1096.949951171875,33417
2024-06-12,ALLDIGI,1088.0,1154.050048828125,1072.0,1147.1500244140625,35933
2024-06-13,ALLDIGI,1154.0,1185.0,1140.0,1153.449951171875,38385
2024-06-14,ALLDIGI,1155.0,1181.0,1118.0999755859375,1163.0999755859375,38475
2024-06-18,ALLDIGI,1155.0,1234.0,1155.0,1203.449951171875,145046
2024-06-19,ALLDIGI,1214.25,1214.300048828125,1160.0,1169.8499755859375,30089
2024-06-20,ALLDIGI,1182.4000244140625,1185.050048828125,1157.199951171875,1161.699951171875,21000
2024-06-21,ALLDIGI,1166.0,1211.1500244140625,1106.0,1141.300048828125,182325
2024-06-24,ALLDIGI,1150.4000244140625,1157.300048828125,1121.050048828125,1147.050048828125,19295
2024-06-25,ALLDIGI,1135.0,1154.300048828125,1127.0,1130.3499755859375,10963
2024-06-26,ALLDIGI,1138.800048828125,1139.199951171875,1105.0,1112.949951171875,17125
2024-06-27,ALLDIGI,1113.9000244140625,1165.949951171875,1111.050048828125,1141.6500244140625,37172
2024-06-28,ALLDIGI,1152.8499755859375,1170.0,1143.0,1154.050048828125,12608
2024-06-03,ALMONDZ,19.966665267944336,20.216665267944336,19.25,19.725000381469727,361386
2024-06-04,ALMONDZ,19.174999237060547,19.79166603088379,17.758333206176758,17.78333282470703,1379286
2024-06-05,ALMONDZ,17.78333282470703,18.28333282470703,16.424999237060547,17.883333206176758,226266
2024-06-06,ALMONDZ,18.13333320617676,18.691665649414062,18.13333320617676,18.39999961853028,71544
2024-06-07,ALMONDZ,18.325000762939453,18.83333206176757,18.183332443237305,18.700000762939453,288168
2024-06-10,ALMONDZ,18.91666603088379,20.56999969482422,18.63500022888184,20.56999969482422,3395640
2024-06-11,ALMONDZ,21.66666603088379,22.25,20.92166519165039,21.299999237060547,3138684
2024-06-12,ALMONDZ,21.825000762939453,22.725000381469727,21.176666259765625,22.57999992370605,1879200
2024-06-13,ALMONDZ,22.66666603088379,22.91666603088379,21.96833229064941,22.168333053588867,939990
2024-06-14,ALMONDZ,22.16666603088379,22.871665954589844,22.16666603088379,22.58833312988281,551088
2024-06-18,ALMONDZ,22.83333206176757,23.0,21.668333053588867,21.996665954589844,731280
2024-06-19,ALMONDZ,22.33333206176757,22.66666603088379,21.683332443237305,22.273332595825195,436644
2024-06-20,ALMONDZ,22.475000381469727,22.559999465942383,22.08333206176757,22.22666549682617,215502
2024-06-21,ALMONDZ,22.5,22.5,21.79666519165039,22.11000061035156,384102
2024-06-24,ALMONDZ,21.58333206176757,23.14999961853028,21.58333206176757,22.575000762939453,1134630
2024-06-25,ALMONDZ,22.89999961853028,23.703332901000977,22.0,22.88833236694336,1368990
2024-06-26,ALMONDZ,23.126665115356445,24.03166580200196,22.38333320617676,23.299999237060547,2123748
2024-06-27,ALMONDZ,24.29666519165039,24.29666519165039,22.628332138061523,23.17333221435547,915270
2024-06-28,ALMONDZ,23.17333221435547,23.558332443237305,22.801666259765625,23.058332443237305,658908
2024-06-03,ALOKINDS,26.75,26.75,25.64999961853028,25.75,7822230
2024-06-04,ALOKINDS,25.850000381469727,25.950000762939453,24.5,24.5,8791267
2024-06-05,ALOKINDS,24.5,24.549999237060547,23.299999237060547,24.350000381469727,8137056
2024-06-06,ALOKINDS,24.549999237060547,25.549999237060547,24.5,25.549999237060547,2880259
2024-06-07,ALOKINDS,25.950000762939453,26.350000381469727,25.64999961853028,26.0,7495738
2024-06-10,ALOKINDS,26.350000381469727,27.299999237060547,26.200000762939453,26.57999992370605,12112498
2024-06-11,ALOKINDS,26.799999237060547,27.71999931335449,26.31999969482422,27.21999931335449,14950982
2024-06-12,ALOKINDS,27.440000534057617,28.450000762939453,27.200000762939453,27.700000762939453,18389009
2024-06-13,ALOKINDS,27.940000534057617,28.34000015258789,27.25,27.71999931335449,10719945
2024-06-14,ALOKINDS,27.86000061035156,28.07999992370605,27.39999961853028,27.540000915527344,7296462
2024-06-18,ALOKINDS,27.549999237060547,28.38999938964844,27.34000015258789,27.3799991607666,8732776
2024-06-19,ALOKINDS,27.530000686645508,30.0,26.89999961853028,29.520000457763672,55783782
2024-06-20,ALOKINDS,29.57999992370605,29.68000030517578,28.299999237060547,28.440000534057617,24292879
2024-06-21,ALOKINDS,28.520000457763672,28.799999237060547,27.88999938964844,28.229999542236328,18366106
2024-06-24,ALOKINDS,28.270000457763672,29.13999938964844,27.780000686645508,28.31999969482422,15204473
2024-06-25,ALOKINDS,28.809999465942383,29.049999237060547,27.850000381469727,27.959999084472656,11469657
2024-06-26,ALOKINDS,28.040000915527344,29.299999237060547,27.799999237060547,28.63999938964844,20531400
2024-06-27,ALOKINDS,28.63999938964844,29.09000015258789,27.3799991607666,27.799999237060547,14270967
2024-06-28,ALOKINDS,27.950000762939453,28.950000762939453,27.76000022888184,27.920000076293945,13569438
2024-06-03,ALPA,82.80000305175781,83.0999984741211,80.44999694824219,81.3499984741211,32661
2024-06-04,ALPA,82.0,82.0,69.9000015258789,74.5999984741211,75874
2024-06-05,ALPA,75.69999694824219,80.5,74.55000305175781,79.75,45981
2024-06-06,ALPA,81.5,82.8499984741211,79.5999984741211,81.3499984741211,55218
2024-06-07,ALPA,82.69999694824219,84.6500015258789,80.94999694824219,83.55000305175781,52257
2024-06-10,ALPA,84.25,87.44999694824219,83.93000030517578,85.54000091552734,65459
2024-06-11,ALPA,87.80000305175781,87.80000305175781,85.81999969482422,87.11000061035156,28402
2024-06-12,ALPA,87.55000305175781,88.75,86.1500015258789,87.0,24859
2024-06-13,ALPA,88.80000305175781,88.80000305175781,86.43000030517578,86.9000015258789,11883
2024-06-14,ALPA,86.9000015258789,87.7699966430664,85.52999877929688,87.19000244140625,41094
2024-06-18,ALPA,88.0,88.0,85.5999984741211,86.20999908447266,44094
2024-06-19,ALPA,87.4000015258789,87.4000015258789,84.0,84.81999969482422,26233
2024-06-20,ALPA,84.98999786376953,86.0,84.11000061035156,84.9000015258789,26231
2024-06-21,ALPA,85.9000015258789,90.9000015258789,85.19999694824219,88.2699966430664,60168
2024-06-24,ALPA,88.9000015258789,92.0,87.1500015258789,89.97000122070312,82542
2024-06-25,ALPA,90.61000061035156,90.98999786376952,88.0,88.3499984741211,35747
2024-06-26,ALPA,89.0,89.0,87.04000091552734,87.41000366210938,16745
2024-06-27,ALPA,86.75,88.58999633789062,83.22000122070312,84.6500015258789,36059
2024-06-28,ALPA,85.98999786376953,86.87999725341797,83.5999984741211,84.58000183105469,37355
2024-06-03,ALPHAGEO,340.0,350.0,336.0,340.75,21925
2024-06-04,ALPHAGEO,340.75,340.75,300.04998779296875,311.20001220703125,47656
2024-06-05,ALPHAGEO,314.79998779296875,330.0,302.1499938964844,327.1000061035156,26107
2024-06-06,ALPHAGEO,336.0,343.8500061035156,330.0,331.20001220703125,18678
2024-06-07,ALPHAGEO,335.0,360.0,333.0,355.45001220703125,43220
2024-06-10,ALPHAGEO,374.3500061035156,384.0,366.5,368.8500061035156,41246
2024-06-11,ALPHAGEO,375.0,400.0,370.6000061035156,382.0,58888
2024-06-12,ALPHAGEO,389.6000061035156,397.7999877929688,381.9500122070313,389.3999938964844,65075
2024-06-13,ALPHAGEO,394.0,420.0499877929688,379.0499877929688,412.2999877929688,304921
2024-06-14,ALPHAGEO,410.2000122070313,429.9500122070313,401.1000061035156,417.3500061035156,136398
2024-06-18,ALPHAGEO,420.0,429.8500061035156,412.0,418.5,49223
2024-06-19,ALPHAGEO,420.5,420.5,401.2000122070313,405.2000122070313,58023
2024-06-20,ALPHAGEO,406.9500122070313,415.0,399.0,410.2999877929688,47317
2024-06-21,ALPHAGEO,409.0,415.0,401.1000061035156,411.75,27563
2024-06-24,ALPHAGEO,407.0,420.0,403.2000122070313,406.2000122070313,45574
2024-06-25,ALPHAGEO,405.2999877929688,412.0,396.1000061035156,398.0,27469
2024-06-26,ALPHAGEO,397.1499938964844,401.9500122070313,390.0499877929688,391.5,19329
2024-06-27,ALPHAGEO,393.5,406.0,377.1000061035156,382.7000122070313,31782
2024-06-28,ALPHAGEO,382.7000122070313,385.9500122070313,377.0,378.4500122070313,22983
2024-06-03,AMBER,3745.0,3775.25,3686.550048828125,3722.5,221181
2024-06-04,AMBER,3749.949951171875,3749.949951171875,3310.0,3535.89990234375,121891
2024-06-05,AMBER,3556.550048828125,3693.449951171875,3462.449951171875,3635.550048828125,65770
2024-06-06,AMBER,3678.0,3770.0,3656.14990234375,3717.64990234375,66946
2024-06-07,AMBER,3772.0,3800.0,3711.0,3743.5,63800
2024-06-10,AMBER,3798.949951171875,3851.449951171875,3765.050048828125,3809.949951171875,78773
2024-06-11,AMBER,3820.0,3875.5,3792.800048828125,3850.699951171875,79849
2024-06-12,AMBER,3859.60009765625,4180.0,3851.10009765625,4077.39990234375,389947
2024-06-13,AMBER,4140.0,4143.5498046875,3981.64990234375,4063.5,199817
2024-06-14,AMBER,4107.0,4211.89990234375,4014.10009765625,4038.5,159266
2024-06-18,AMBER,4051.0,4270.0,3970.0,4009.85009765625,1162945
2024-06-19,AMBER,4004.949951171875,4046.60009765625,3954.35009765625,3998.89990234375,218155
2024-06-20,AMBER,3998.89990234375,4044.0,3953.0,3997.449951171875,129320
2024-06-21,AMBER,4000.0,4055.0,3951.25,3967.5,108778
2024-06-24,AMBER,3979.89990234375,4132.64990234375,3942.10009765625,4108.89990234375,185089
2024-06-25,AMBER,4157.85009765625,4170.0,4011.39990234375,4051.550048828125,146064
2024-06-26,AMBER,4079.0,4298.0,4079.0,4262.75,495903
2024-06-27,AMBER,4275.0,4425.35009765625,4217.0,4279.25,329724
2024-06-28,AMBER,4298.0,4563.64990234375,4280.0,4521.75,552950
2024-06-03,AMBICAAGAR,26.0,27.799999237060547,25.64999961853028,26.25,82128
2024-06-04,AMBICAAGAR,26.25,26.25,26.25,26.25,0
2024-06-05,AMBICAAGAR,25.0,26.89999961853028,24.950000762939453,24.950000762939453,14624
2024-06-06,AMBICAAGAR,26.100000381469727,26.100000381469727,23.700000762939453,24.049999237060547,126923
2024-06-07,AMBICAAGAR,23.950000762939453,25.25,23.200000762939453,24.700000762939453,147236
2024-06-10,AMBICAAGAR,24.75,25.82999992370605,24.75,25.290000915527344,37987
2024-06-11,AMBICAAGAR,26.0,26.39999961853028,25.1200008392334,25.920000076293945,35937
2024-06-12,AMBICAAGAR,27.14999961853028,27.14999961853028,25.799999237060547,25.979999542236328,50342
2024-06-13,AMBICAAGAR,26.84000015258789,26.84000015258789,26.0,26.280000686645508,17994
2024-06-14,AMBICAAGAR,26.89999961853028,26.89999961853028,26.020000457763672,26.440000534057617,12271
2024-06-18,AMBICAAGAR,26.5,27.479999542236328,26.5,27.209999084472656,37475
2024-06-19,AMBICAAGAR,27.75,27.989999771118164,27.0,27.15999984741211,53045
2024-06-20,AMBICAAGAR,27.450000762939453,27.64999961853028,27.01000022888184,27.07999992370605,38955
2024-06-21,AMBICAAGAR,25.86000061035156,27.5,25.71999931335449,27.0,102582
2024-06-24,AMBICAAGAR,27.5,27.780000686645508,26.61000061035156,27.36000061035156,37531
2024-06-25,AMBICAAGAR,28.100000381469727,28.100000381469727,26.51000022888184,26.989999771118164,139872
2024-06-26,AMBICAAGAR,27.39999961853028,27.39999961853028,26.709999084472656,26.780000686645508,40451
2024-06-27,AMBICAAGAR,26.88999938964844,27.18000030517578,25.440000534057617,25.989999771118164,67352
2024-06-28,AMBICAAGAR,26.26000022888184,26.38999938964844,25.200000762939453,25.729999542236328,51205
2024-06-03,AMBIKCO,1511.800048828125,1538.75,1482.4000244140625,1514.5999755859375,8983
2024-06-04,AMBIKCO,1510.3499755859375,1510.3499755859375,1415.0,1468.75,17333
2024-06-05,AMBIKCO,1474.75,1523.800048828125,1442.6500244140625,1506.9000244140625,14461
2024-06-06,AMBIKCO,1524.4000244140625,1534.449951171875,1508.4000244140625,1520.5999755859375,8529
2024-06-07,AMBIKCO,1534.6500244140625,1635.0,1526.5999755859375,1586.8499755859375,32041
2024-06-10,AMBIKCO,1603.949951171875,1618.5,1573.0999755859375,1578.199951171875,8558
2024-06-11,AMBIKCO,1593.199951171875,1599.5,1570.0,1584.1500244140625,5440
2024-06-12,AMBIKCO,1598.949951171875,1640.0,1578.75,1619.25,21552
2024-06-13,AMBIKCO,1634.1500244140625,1674.0,1626.0,1645.0,36249
2024-06-14,AMBIKCO,1642.699951171875,1652.0,1620.0,1630.4000244140625,11467
2024-06-18,AMBIKCO,1639.4000244140625,1644.4000244140625,1605.449951171875,1613.1500244140625,8454
2024-06-19,AMBIKCO,1605.0,1630.0,1591.0,1595.800048828125,15074
2024-06-20,AMBIKCO,1595.9000244140625,1637.0,1591.050048828125,1598.0,24445
2024-06-21,AMBIKCO,1598.0,1619.949951171875,1585.0,1599.4000244140625,9548
2024-06-24,AMBIKCO,1581.050048828125,1647.3499755859375,1581.050048828125,1605.8499755859375,7112
2024-06-25,AMBIKCO,1619.0,1634.8499755859375,1582.050048828125,1589.449951171875,16774
2024-06-26,AMBIKCO,1600.050048828125,1610.0,1589.0,1598.199951171875,9097
2024-06-27,AMBIKCO,1600.0,1609.5999755859375,1570.4000244140625,1581.5,7655
2024-06-28,AMBIKCO,1581.0,1620.1500244140625,1576.3499755859375,1582.4000244140625,14255
2024-06-03,AMBUJACEM,668.0,676.6500244140625,653.4500122070312,670.7999877929688,11189978
2024-06-04,AMBUJACEM,670.7999877929688,670.9500122070312,518.3499755859375,556.5999755859375,20044195
2024-06-05,AMBUJACEM,575.0,601.8499755859375,550.25,598.9000244140625,6564509
2024-06-06,AMBUJACEM,608.0,622.25,603.75,610.0499877929688,3774112
2024-06-07,AMBUJACEM,610.0499877929688,624.0,607.2999877929688,621.2999877929688,3023546
2024-06-10,AMBUJACEM,626.0,643.0499877929688,624.0,640.3499755859375,4340712
2024-06-11,AMBUJACEM,645.9000244140625,650.0,637.5999755859375,639.75,2706589
2024-06-12,AMBUJACEM,644.75,675.75,638.0,668.7000122070312,5320428
2024-06-13,AMBUJACEM,678.7000122070312,680.4500122070312,654.6500244140625,664.5,8012245
2024-06-14,AMBUJACEM,689.0,689.0,672.2000122070312,677.2000122070312,15699653
2024-06-18,AMBUJACEM,682.9500122070312,682.9500122070312,670.2999877929688,674.0999755859375,2670571
2024-06-19,AMBUJACEM,674.6500244140625,675.2999877929688,654.2999877929688,666.7999877929688,3104511
2024-06-20,AMBUJACEM,666.0,669.5,657.0499877929688,659.1500244140625,2840525
2024-06-21,AMBUJACEM,659.1500244140625,667.9500122070312,653.0,657.4500122070312,3723454
2024-06-24,AMBUJACEM,655.0499877929688,662.4500122070312,643.25,657.75,2151184
2024-06-25,AMBUJACEM,662.4000244140625,666.5499877929688,644.0,648.7999877929688,2786086
2024-06-26,AMBUJACEM,648.7999877929688,665.9000244140625,648.0499877929688,657.0499877929688,4247865
2024-06-27,AMBUJACEM,658.0,678.1500244140625,652.4500122070312,660.6500244140625,6564930
2024-06-28,AMBUJACEM,666.0,674.9500122070312,660.0,670.25,3948035
2024-06-03,AMDIND,63.70000076293945,63.70000076293945,59.09999847412109,60.04999923706055,27978
2024-06-04,AMDIND,61.79999923706055,61.79999923706055,56.0,56.79999923706055,35538
2024-06-05,AMDIND,58.900001525878906,62.0,57.04999923706055,60.20000076293945,21709
2024-06-06,AMDIND,63.0,66.19999694824219,60.29999923706055,66.19999694824219,48046
2024-06-07,AMDIND,68.1500015258789,70.75,66.3499984741211,68.0999984741211,104856
2024-06-10,AMDIND,70.0,70.0,65.81999969482422,69.0199966430664,116673
2024-06-11,AMDIND,69.30000305175781,69.36000061035156,66.0,67.12000274658203,57763
2024-06-12,AMDIND,69.0,70.4000015258789,67.08000183105469,67.87000274658203,51372
2024-06-13,AMDIND,68.5,68.75,66.20999908447266,68.12999725341797,34748
2024-06-14,AMDIND,69.5,78.45999908447266,67.20999908447266,76.79000091552734,411444
2024-06-18,AMDIND,80.0,80.80000305175781,72.5999984741211,73.19000244140625,297857
2024-06-19,AMDIND,73.19999694824219,74.8499984741211,72.08999633789062,72.97000122070312,60665
2024-06-20,AMDIND,73.0,76.69999694824219,72.30999755859375,73.08000183105469,71079
2024-06-21,AMDIND,73.08000183105469,74.4000015258789,72.0,72.26000213623047,38881
2024-06-24,AMDIND,72.88999938964844,75.0,72.4000015258789,72.8499984741211,54889
2024-06-25,AMDIND,74.69000244140625,74.69999694824219,72.54000091552734,72.98999786376953,30185
2024-06-26,AMDIND,73.0,73.80000305175781,71.79000091552734,72.33000183105469,31302
2024-06-27,AMDIND,71.0,74.0,71.0,71.7699966430664,26538
2024-06-28,AMDIND,71.87999725341797,73.9800033569336,68.0,69.94000244140625,130822
2024-06-03,AMJLAND,41.650001525878906,41.650001525878906,38.5,38.84999847412109,106048
2024-06-04,AMJLAND,39.0,39.0,36.0,37.09999847412109,93028
2024-06-05,AMJLAND,37.900001525878906,38.400001525878906,36.04999923706055,38.04999923706055,66094
2024-06-06,AMJLAND,38.84999847412109,39.45000076293945,38.04999923706055,38.54999923706055,59985
2024-06-07,AMJLAND,38.95000076293945,40.29999923706055,38.650001525878906,39.34999847412109,58766
2024-06-10,AMJLAND,39.95000076293945,40.630001068115234,39.09999847412109,39.59000015258789,81095
2024-06-11,AMJLAND,40.34999847412109,40.95000076293945,39.20000076293945,39.5099983215332,67879
2024-06-12,AMJLAND,39.09999847412109,40.5,39.09999847412109,39.900001525878906,82644
2024-06-13,AMJLAND,40.5,40.59000015258789,39.59999847412109,39.869998931884766,68285
2024-06-14,AMJLAND,39.45000076293945,41.75,39.45000076293945,40.0,211140
2024-06-18,AMJLAND,40.22999954223633,41.75,39.70000076293945,39.95000076293945,116482
2024-06-19,AMJLAND,40.220001220703125,40.790000915527344,39.09999847412109,39.93999862670898,78292
2024-06-20,AMJLAND,40.540000915527344,40.900001525878906,39.70000076293945,40.060001373291016,64330
2024-06-21,AMJLAND,40.84000015258789,40.84000015258789,39.68999862670898,40.18000030517578,48922
2024-06-24,AMJLAND,40.18000030517578,42.400001525878906,39.20000076293945,41.72999954223633,382314
2024-06-25,AMJLAND,42.2400016784668,42.25,41.13999938964844,41.59999847412109,112970
2024-06-26,AMJLAND,42.15999984741211,43.0,41.0,41.52999877929688,362012
2024-06-27,AMJLAND,41.68000030517578,44.0,41.0,42.16999816894531,315058
2024-06-28,AMJLAND,42.900001525878906,43.95000076293945,41.540000915527344,41.9900016784668,141585
2024-06-03,AMNPLST,212.0,212.5,204.3999938964844,205.5500030517578,34379
2024-06-04,AMNPLST,207.8000030517578,207.8000030517578,180.0500030517578,196.25,25115
2024-06-05,AMNPLST,192.5500030517578,207.0,192.5500030517578,202.8999938964844,11101
2024-06-06,AMNPLST,203.8500061035156,204.6999969482422,198.0,198.5500030517578,4946
2024-06-07,AMNPLST,197.3500061035156,205.5500030517578,197.3500061035156,201.25,8465
2024-06-10,AMNPLST,204.25,219.7100067138672,198.8800048828125,207.4600067138672,18252
2024-06-11,AMNPLST,211.0,211.0,203.1000061035156,206.2400054931641,7937
2024-06-12,AMNPLST,207.0,211.0399932861328,202.3099975585937,204.57000732421875,11612
2024-06-13,AMNPLST,204.5800018310547,233.3999938964844,202.9900054931641,224.72000122070312,153269
2024-06-14,AMNPLST,231.8999938964844,261.20001220703125,229.0,255.509994506836,634326
2024-06-18,AMNPLST,262.8500061035156,273.79998779296875,258.45001220703125,271.0899963378906,216742
2024-06-19,AMNPLST,272.95001220703125,279.04998779296875,251.009994506836,262.8900146484375,121925
2024-06-20,AMNPLST,262.8999938964844,272.010009765625,255.0200042724609,259.6400146484375,64351
2024-06-21,AMNPLST,268.0,272.1000061035156,248.0,251.509994506836,27157
2024-06-24,AMNPLST,258.0,259.92999267578125,251.82000732421875,253.47999572753903,28860
2024-06-25,AMNPLST,254.5,256.5799865722656,249.2100067138672,250.3800048828125,17780
2024-06-26,AMNPLST,250.8000030517578,300.45001220703125,250.8000030517578,294.8299865722656,289668
2024-06-27,AMNPLST,309.8999938964844,346.0,296.0,299.6700134277344,1186651
2024-06-28,AMNPLST,299.0,299.0,272.8999938964844,276.5,189877
2024-06-03,AMRUTANJAN,699.4500122070312,708.0,680.2000122070312,685.2000122070312,37837
2024-06-04,AMRUTANJAN,685.2000122070312,689.0999755859375,639.5499877929688,666.4500122070312,64968
2024-06-05,AMRUTANJAN,655.25,739.8499755859375,655.25,710.1500244140625,63901
2024-06-06,AMRUTANJAN,715.1500244140625,726.5,704.25,715.75,49158
2024-06-07,AMRUTANJAN,727.7000122070312,729.0,715.0499877929688,725.2000122070312,34713
2024-06-10,AMRUTANJAN,725.0,742.5499877929688,720.5999755859375,732.2000122070312,62695
2024-06-11,AMRUTANJAN,738.0,758.7999877929688,727.0,748.4500122070312,61200
2024-06-12,AMRUTANJAN,751.5499877929688,759.9000244140625,744.0,753.0499877929688,62355
2024-06-13,AMRUTANJAN,746.2000122070312,764.2999877929688,746.2000122070312,756.6500244140625,42973
2024-06-14,AMRUTANJAN,752.2000122070312,762.9000244140625,749.7999877929688,750.0999755859375,26664
2024-06-18,AMRUTANJAN,750.0999755859375,777.0,750.0,764.5,69349
2024-06-19,AMRUTANJAN,768.3499755859375,776.4500122070312,748.0499877929688,758.7999877929688,37272
2024-06-20,AMRUTANJAN,759.0,764.75,750.0,758.7999877929688,26842
2024-06-21,AMRUTANJAN,758.2000122070312,767.9500122070312,748.0,750.9500122070312,19757
2024-06-24,AMRUTANJAN,751.2000122070312,767.0,751.2000122070312,755.5999755859375,21923
2024-06-25,AMRUTANJAN,758.7000122070312,763.7000122070312,750.0,750.2000122070312,20504
2024-06-26,AMRUTANJAN,751.0,772.5999755859375,742.9000244140625,756.0999755859375,54414
2024-06-27,AMRUTANJAN,752.2000122070312,760.8499755859375,749.0499877929688,750.3499755859375,55921
2024-06-28,AMRUTANJAN,754.1500244140625,758.0,745.0,749.5,123042
2024-06-03,ANANDRATHI,1072.5,1074.987548828125,1018.0875244140624,1023.2125244140624,158912
2024-06-04,ANANDRATHI,1011.75,1032.012451171875,885.3250122070312,958.5,412080
2024-06-05,ANANDRATHI,958.5,1002.5,940.0125122070312,998.3499755859376,141088
2024-06-06,ANANDRATHI,995.0,1033.7874755859375,989.6624755859376,999.1124877929688,102360
2024-06-07,ANANDRATHI,1007.2125244140624,1011.1624755859376,970.875,976.6875,119720
2024-06-10,ANANDRATHI,982.4874877929688,983.7374877929688,952.5,964.2000122070312,161260
2024-06-11,ANANDRATHI,964.1749877929688,978.7374877929688,952.5,974.2249755859376,73220
2024-06-12,ANANDRATHI,982.0750122070312,994.2374877929688,977.5,981.2249755859376,212236
2024-06-13,ANANDRATHI,987.5,995.0,982.5,985.2750244140624,53144
2024-06-14,ANANDRATHI,985.9749755859376,1000.0,985.9749755859376,998.9124755859376,72684
2024-06-18,ANANDRATHI,1007.4000244140624,1011.0250244140624,993.875,1003.7249755859376,75716
2024-06-19,ANANDRATHI,1022.5,1022.5,997.5,998.8499755859376,83372
2024-06-20,ANANDRATHI,1001.0,1009.7374877929688,995.0250244140624,1001.1624755859376,50088
2024-06-21,ANANDRATHI,993.75,1003.4625244140624,976.75,984.1624755859376,115208
2024-06-24,ANANDRATHI,969.7000122070312,983.75,960.0125122070312,972.3624877929688,72496
2024-06-25,ANANDRATHI,974.7374877929688,984.7249755859376,966.25,970.1624755859376,69176
2024-06-26,ANANDRATHI,969.75,974.8125,957.5,959.1375122070312,76096
2024-06-27,ANANDRATHI,962.4749755859376,977.625,959.75,966.4500122070312,123284
2024-06-28,ANANDRATHI,972.7249755859376,1008.0750122070312,968.1375122070312,976.9625244140624,404048
2024-06-03,ANANTRAJ,406.0,408.3999938964844,392.9500122070313,398.8999938964844,1910120
2024-06-04,ANANTRAJ,396.8999938964844,396.8999938964844,319.1499938964844,335.04998779296875,4359100
2024-06-05,ANANTRAJ,345.0,356.0,324.0,355.1000061035156,1671712
2024-06-06,ANANTRAJ,359.04998779296875,381.3999938964844,359.04998779296875,378.1499938964844,1701467
2024-06-07,ANANTRAJ,378.1499938964844,393.2000122070313,377.0,390.8500061035156,1173438
2024-06-10,ANANTRAJ,392.7999877929688,406.9500122070313,391.0499877929688,400.0,2179677
2024-06-11,ANANTRAJ,404.0,426.5499877929688,403.1000061035156,423.5499877929688,2415313
2024-06-12,ANANTRAJ,427.5,432.0,418.4500122070313,420.75,2543339
2024-06-13,ANANTRAJ,422.0499877929688,424.8999938964844,411.5,414.5499877929688,1029398
2024-06-14,ANANTRAJ,414.5499877929688,426.7000122070313,414.5499877929688,424.5,1190208
2024-06-18,ANANTRAJ,430.0,449.3999938964844,428.75,442.8500061035156,2497944
2024-06-19,ANANTRAJ,445.0,453.0,430.3999938964844,441.8999938964844,1857054
2024-06-20,ANANTRAJ,443.7000122070313,447.0,438.1499938964844,439.7999877929688,848966
2024-06-21,ANANTRAJ,440.9500122070313,447.0,436.8500061035156,440.7000122070313,1145180
2024-06-24,ANANTRAJ,439.0,451.0,430.6000061035156,449.2000122070313,1359421
2024-06-25,ANANTRAJ,449.6000061035156,450.0,440.3999938964844,442.0499877929688,1900391
2024-06-26,ANANTRAJ,445.8999938964844,449.0,436.0,440.1499938964844,1202205
2024-06-27,ANANTRAJ,442.0,446.0,433.1499938964844,437.4500122070313,578268
2024-06-28,ANANTRAJ,440.0,440.2000122070313,428.4500122070313,429.7000122070313,592473
2024-06-03,ANDHRAPAP,100.8000030517578,101.8499984741211,99.06999969482422,99.70999908447266,281750
2024-06-04,ANDHRAPAP,99.70999908447266,99.81999969482422,93.01000213623048,95.56999969482422,460975
2024-06-05,ANDHRAPAP,97.0,98.97000122070312,93.83000183105467,97.0,405890
2024-06-06,ANDHRAPAP,97.81999969482422,99.5999984741211,97.51000213623048,97.81999969482422,369660
2024-06-07,ANDHRAPAP,101.19000244140624,102.9499969482422,99.77999877929688,101.47000122070312,585835
2024-06-10,ANDHRAPAP,105.9800033569336,106.47000122070312,103.41000366210938,104.37000274658205,1526845
2024-06-11,ANDHRAPAP,105.12000274658205,106.93000030517578,104.31999969482422,106.51000213623048,692465
2024-06-12,ANDHRAPAP,108.0,108.0,105.5999984741211,106.12000274658205,383705
2024-06-13,ANDHRAPAP,106.95999908447266,109.37000274658205,105.61000061035156,108.02999877929688,1098685
2024-06-14,ANDHRAPAP,107.87999725341795,115.2300033569336,107.87999725341795,111.9800033569336,3995700
2024-06-18,ANDHRAPAP,112.3499984741211,113.62999725341795,110.86000061035156,112.0199966430664,835435
2024-06-19,ANDHRAPAP,112.9499969482422,112.9499969482422,109.20999908447266,110.33999633789062,531000
2024-06-20,ANDHRAPAP,110.33000183105467,114.19000244140624,109.37000274658205,113.0500030517578,1102545
2024-06-21,ANDHRAPAP,113.87999725341795,113.87999725341795,110.9000015258789,111.56999969482422,499290
2024-06-24,ANDHRAPAP,113.6500015258789,115.68000030517578,112.04000091552734,112.55999755859376,1808665
2024-06-25,ANDHRAPAP,113.4499969482422,113.58000183105467,111.3499984741211,111.5500030517578,277185
2024-06-26,ANDHRAPAP,111.5999984741211,114.4000015258789,111.1999969482422,111.4499969482422,799580
2024-06-27,ANDHRAPAP,111.4499969482422,113.45999908447266,110.4000015258789,111.2699966430664,410120
2024-06-28,ANDHRAPAP,112.0999984741211,114.0,110.1999969482422,113.5500030517578,729805
2024-06-03,ANDHRSUGAR,102.3499984741211,103.1999969482422,98.8000030517578,99.4000015258789,302072
2024-06-04,ANDHRSUGAR,100.0,100.0,92.0,95.0500030517578,335361
2024-06-05,ANDHRSUGAR,96.9499969482422,104.5500030517578,95.0999984741211,102.25,348601
2024-06-06,ANDHRSUGAR,104.5,108.5,102.25,104.6500015258789,743056
2024-06-07,ANDHRSUGAR,105.3000030517578,109.75,104.5,107.5999984741211,883504
2024-06-10,ANDHRSUGAR,111.3499984741211,121.8000030517578,110.04000091552734,114.43000030517578,5328013
2024-06-11,ANDHRSUGAR,116.8499984741211,118.0,112.8499984741211,115.76000213623048,2499296
2024-06-12,ANDHRSUGAR,117.38999938964844,117.43000030517578,113.38999938964844,113.91000366210938,960975
2024-06-13,ANDHRSUGAR,114.5999984741211,128.99000549316406,114.41000366210938,124.4000015258789,11111226
2024-06-14,ANDHRSUGAR,125.75,128.0,123.5,125.2699966430664,3350288
2024-06-18,ANDHRSUGAR,126.0,126.4000015258789,121.0,121.5199966430664,1477122
2024-06-19,ANDHRSUGAR,122.0999984741211,127.4000015258789,117.05999755859376,123.13999938964844,3803935
2024-06-20,ANDHRSUGAR,124.0,125.5,121.83000183105467,123.48999786376952,861476
2024-06-21,ANDHRSUGAR,124.0999984741211,126.22000122070312,121.01000213623048,121.66999816894533,979010
2024-06-24,ANDHRSUGAR,120.01000213623048,122.4800033569336,118.18000030517578,118.75,708113
2024-06-25,ANDHRSUGAR,119.25,123.8499984741211,118.12000274658205,118.41999816894533,968466
2024-06-26,ANDHRSUGAR,119.3000030517578,119.3000030517578,116.47000122070312,117.08999633789062,413448
2024-06-27,ANDHRSUGAR,116.0999984741211,117.45999908447266,113.0199966430664,115.0199966430664,722896
2024-06-28,ANDHRSUGAR,116.43000030517578,117.61000061035156,114.4499969482422,116.83000183105467,633613
2024-06-03,ANGELONE,264.5,264.6849975585937,254.1999969482422,257.7749938964844,5880660
2024-06-04,ANGELONE,257.0,257.0,212.97000122070312,224.7850036621093,13379480
2024-06-05,ANGELONE,232.5,240.40499877929688,228.5,235.2949981689453,7778980
2024-06-06,ANGELONE,242.06500244140625,253.0,238.80499267578125,251.4949951171875,6670680
2024-06-07,ANGELONE,254.76499938964844,260.0,250.5399932861328,259.0050048828125,3607210
2024-06-10,ANGELONE,261.0,263.3999938964844,257.5,262.7550048828125,3698750
2024-06-11,ANGELONE,262.6000061035156,269.3999938964844,260.2149963378906,268.239990234375,3350250
2024-06-12,ANGELONE,269.1050109863281,269.3999938964844,260.8999938964844,263.54998779296875,5227960
2024-06-13,ANGELONE,265.5,269.70001220703125,261.70001220703125,262.8599853515625,3962940
2024-06-14,ANGELONE,262.8599853515625,265.06500244140625,259.6050109863281,260.20001220703125,2824390
2024-06-18,ANGELONE,262.6000061035156,267.79998779296875,262.1400146484375,264.6499938964844,5191680
2024-06-19,ANGELONE,267.0,267.30499267578125,260.010009765625,260.7749938964844,2866140
2024-06-20,ANGELONE,260.20001220703125,261.9849853515625,257.5,258.1400146484375,1887610
2024-06-21,ANGELONE,260.0,263.5,257.6300048828125,261.2950134277344,6404690
2024-06-24,ANGELONE,262.2950134277344,262.44000244140625,257.1700134277344,257.7850036621094,2082010
2024-06-25,ANGELONE,258.6000061035156,259.82501220703125,252.5,255.77999877929688,3170330
2024-06-26,ANGELONE,256.9700012207031,261.9750061035156,253.83999633789065,259.8450012207031,3525640
2024-06-27,ANGELONE,260.04998779296875,265.75,257.5400085449219,259.0799865722656,4766610
2024-06-28,ANGELONE,262.1000061035156,264.8800048828125,258.6099853515625,260.20001220703125,2989070
2024-06-03,ANIKINDS,48.09999847412109,49.79999923706055,46.84999847412109,48.34999847412109,14445
2024-06-04,ANIKINDS,49.09999847412109,49.09999847412109,44.0,45.95000076293945,18094
2024-06-05,ANIKINDS,46.70000076293945,46.900001525878906,41.59999847412109,44.29999923706055,21648
2024-06-06,ANIKINDS,46.29999923706055,47.84999847412109,44.34999847412109,47.650001525878906,14258
2024-06-07,ANIKINDS,48.900001525878906,49.75,47.900001525878906,49.09999847412109,8642
2024-06-10,ANIKINDS,50.0,50.0,48.20000076293945,48.83000183105469,8431
2024-06-11,ANIKINDS,49.220001220703125,49.79999923706055,48.0,48.84000015258789,8369
2024-06-12,ANIKINDS,48.83000183105469,49.79999923706055,47.59999847412109,47.7400016784668,24025
2024-06-13,ANIKINDS,47.59999847412109,49.459999084472656,47.40999984741211,48.08000183105469,6846
2024-06-14,ANIKINDS,50.400001525878906,52.880001068115234,48.119998931884766,52.880001068115234,73690
2024-06-18,ANIKINDS,57.91999816894531,57.91999816894531,53.150001525878906,53.540000915527344,112656
2024-06-19,ANIKINDS,53.97999954223633,56.59000015258789,52.54999923706055,52.83000183105469,53796
2024-06-20,ANIKINDS,53.2599983215332,54.970001220703125,51.4900016784668,53.06999969482422,68083
2024-06-21,ANIKINDS,54.9900016784668,55.77999877929688,51.59999847412109,51.97999954223633,41298
2024-06-24,ANIKINDS,50.45000076293945,52.0,49.79999923706055,50.83000183105469,38714
2024-06-25,ANIKINDS,51.47999954223633,53.18999862670898,50.25,52.81999969482422,45106
2024-06-26,ANIKINDS,53.9900016784668,53.9900016784668,52.0,52.880001068115234,7837
2024-06-27,ANIKINDS,52.75,52.880001068115234,51.02000045776367,51.7599983215332,16622
2024-06-28,ANIKINDS,51.900001525878906,53.04999923706055,49.29999923706055,50.25,50614
2024-06-03,ANKITMETAL,4.050000190734863,4.050000190734863,3.75,3.900000095367432,51229
2024-06-04,ANKITMETAL,3.900000095367432,3.900000095367432,3.700000047683716,3.849999904632568,58453
2024-06-05,ANKITMETAL,3.849999904632568,3.849999904632568,3.650000095367432,3.75,86096
2024-06-06,ANKITMETAL,3.75,3.849999904632568,3.5999999046325684,3.75,39773
2024-06-07,ANKITMETAL,3.75,3.900000095367432,3.650000095367432,3.849999904632568,65556
2024-06-10,ANKITMETAL,4.039999961853027,4.039999961853027,3.650000095367432,3.859999895095825,108736
2024-06-11,ANKITMETAL,4.0,4.0,3.819999933242798,3.890000104904175,68395
2024-06-12,ANKITMETAL,3.950000047683716,4.079999923706055,3.7200000286102295,4.039999961853027,142842
2024-06-13,ANKITMETAL,4.190000057220459,4.190000057220459,3.950000047683716,4.090000152587891,72498
2024-06-14,ANKITMETAL,4.199999809265137,4.199999809265137,3.890000104904175,4.019999980926514,161305
2024-06-18,ANKITMETAL,3.819999933242798,4.199999809265137,3.819999933242798,4.059999942779541,104639
2024-06-19,ANKITMETAL,4.059999942779541,4.059999942779541,3.910000085830689,3.950000047683716,148915
2024-06-20,ANKITMETAL,3.950000047683716,4.039999961853027,3.880000114440918,4.010000228881836,55443
2024-06-21,ANKITMETAL,4.0,4.090000152587891,3.880000114440918,3.9700000286102295,37434
2024-06-24,ANKITMETAL,4.039999961853027,4.039999961853027,3.859999895095825,3.910000085830689,37903
2024-06-25,ANKITMETAL,3.940000057220459,4.059999942779541,3.910000085830689,3.9600000381469727,99069
2024-06-26,ANKITMETAL,3.990000009536743,3.990000009536743,3.849999904632568,3.910000085830689,38659
2024-06-27,ANKITMETAL,3.910000085830689,3.950000047683716,3.799999952316284,3.880000114440918,55502
2024-06-28,ANKITMETAL,3.799999952316284,3.990000009536743,3.799999952316284,3.930000066757202,62937
2024-06-03,ANMOL,37.0,37.04999923706055,35.95000076293945,36.09999847412109,181770
2024-06-04,ANMOL,36.09999847412109,36.45000076293945,30.0,32.150001525878906,498779
2024-06-05,ANMOL,32.900001525878906,35.29999923706055,32.20000076293945,34.95000076293945,216386
2024-06-06,ANMOL,35.400001525878906,35.79999923706055,35.099998474121094,35.400001525878906,104563
2024-06-07,ANMOL,35.95000076293945,35.95000076293945,34.20000076293945,35.150001525878906,89017
2024-06-10,ANMOL,35.150001525878906,35.5,34.20000076293945,35.43000030517578,103850
2024-06-11,ANMOL,35.5,36.0,35.43000030517578,35.880001068115234,89910
2024-06-12,ANMOL,35.900001525878906,36.68999862670898,35.900001525878906,36.43999862670898,97562
2024-06-13,ANMOL,36.75,36.9900016784668,36.0,36.20000076293945,93609
2024-06-14,ANMOL,36.20000076293945,36.900001525878906,36.0,36.25,130183
2024-06-18,ANMOL,36.75,36.900001525878906,36.11000061035156,36.54999923706055,80064
2024-06-19,ANMOL,36.790000915527344,36.88999938964844,36.0,36.119998931884766,73617
2024-06-20,ANMOL,36.540000915527344,36.77999877929688,36.119998931884766,36.380001068115234,54758
2024-06-21,ANMOL,36.650001525878906,36.77999877929688,36.0,36.20000076293945,80902
2024-06-24,ANMOL,36.209999084472656,36.58000183105469,35.70000076293945,35.90999984741211,100469
2024-06-25,ANMOL,35.95000076293945,36.18000030517578,35.70000076293945,35.880001068115234,60733
2024-06-26,ANMOL,35.95000076293945,36.400001525878906,35.0,36.15999984741211,93670
2024-06-27,ANMOL,36.13999938964844,36.13999938964844,35.04999923706055,35.5,62286
2024-06-28,ANMOL,35.5099983215332,35.9900016784668,35.060001373291016,35.189998626708984,62300
2024-06-03,ANNAPURNA,306.0,314.8999938964844,292.5,293.95001220703125,105500
2024-06-04,ANNAPURNA,276.54998779296875,289.79998779296875,270.0,284.70001220703125,86500
2024-06-05,ANNAPURNA,284.70001220703125,303.0,280.0,298.0,54000
2024-06-06,ANNAPURNA,304.0,305.0,296.54998779296875,298.79998779296875,161000
2024-06-07,ANNAPURNA,305.0,305.0,290.0,294.1000061035156,88500
2024-06-10,ANNAPURNA,287.1000061035156,302.0,287.1000061035156,293.3999938964844,48500
2024-06-11,ANNAPURNA,298.3999938964844,302.0,295.04998779296875,299.1000061035156,49000
2024-06-12,ANNAPURNA,298.1000061035156,303.29998779296875,295.29998779296875,300.0,37500
2024-06-13,ANNAPURNA,304.0,306.95001220703125,297.0,299.20001220703125,20000
2024-06-14,ANNAPURNA,302.0,302.0,295.20001220703125,297.79998779296875,27500
2024-06-18,ANNAPURNA,300.0,306.3999938964844,293.0,303.79998779296875,63500
2024-06-19,ANNAPURNA,303.79998779296875,328.0,303.79998779296875,326.79998779296875,137000
2024-06-20,ANNAPURNA,329.8500061035156,334.0,318.04998779296875,319.20001220703125,48000
2024-06-21,ANNAPURNA,319.20001220703125,332.75,318.0,319.6000061035156,37000
2024-06-24,ANNAPURNA,324.0,355.0,320.1000061035156,348.45001220703125,104000
2024-06-25,ANNAPURNA,350.0,356.0,337.04998779296875,345.04998779296875,44500
2024-06-26,ANNAPURNA,345.0,351.79998779296875,338.0,338.6000061035156,18500
2024-06-27,ANNAPURNA,334.04998779296875,342.8999938964844,326.0,330.6499938964844,38000
2024-06-28,ANNAPURNA,330.0,350.04998779296875,322.0,341.0,86000
2024-06-03,ANSALAPI,9.199999809265137,9.199999809265137,8.550000190734863,8.949999809265137,275289
2024-06-04,ANSALAPI,8.899999618530273,9.350000381469728,8.5,8.5,248974
2024-06-05,ANSALAPI,8.899999618530273,8.899999618530273,8.199999809265137,8.25,68182
2024-06-06,ANSALAPI,8.5,8.649999618530273,8.100000381469727,8.649999618530273,51275
2024-06-07,ANSALAPI,9.0,9.050000190734863,8.949999809265137,9.050000190734863,6018
2024-06-10,ANSALAPI,9.5,9.5,9.5,9.5,11088
2024-06-11,ANSALAPI,9.970000267028809,9.970000267028809,9.970000267028809,9.970000267028809,5884
2024-06-12,ANSALAPI,10.449999809265137,10.460000038146973,9.470000267028809,9.59000015258789,250810
2024-06-13,ANSALAPI,9.899999618530272,9.899999618530272,9.109999656677246,9.520000457763672,192015
2024-06-14,ANSALAPI,9.970000267028809,9.970000267028809,9.149999618530272,9.210000038146973,80704
2024-06-18,ANSALAPI,9.1899995803833,9.670000076293944,8.800000190734863,9.4399995803833,73945
2024-06-19,ANSALAPI,9.579999923706056,9.90999984741211,8.960000038146973,9.029999732971191,232117
2024-06-20,ANSALAPI,9.199999809265137,9.279999732971191,8.619999885559082,9.15999984741211,170455
2024-06-21,ANSALAPI,8.859999656677246,9.600000381469728,8.75,8.979999542236328,101437
2024-06-24,ANSALAPI,8.850000381469727,9.420000076293944,8.75,9.390000343322754,62040
2024-06-25,ANSALAPI,9.359999656677246,9.630000114440918,9.100000381469728,9.279999732971191,87924
2024-06-26,ANSALAPI,9.300000190734863,9.300000190734863,8.8100004196167,9.010000228881836,115827
2024-06-27,ANSALAPI,9.010000228881836,9.25,8.800000190734863,8.890000343322754,75140
2024-06-28,ANSALAPI,9.09000015258789,9.199999809265137,9.010000228881836,9.149999618530272,60974
2024-06-03,ANTELOPUS,580.0,604.9500122070312,572.5,577.3499755859375,63494
2024-06-04,ANTELOPUS,577.0,579.5499877929688,503.0499877929688,523.25,169488
2024-06-05,ANTELOPUS,531.0999755859375,624.0,519.5499877929688,607.25,215263
2024-06-06,ANTELOPUS,605.0499877929688,649.0499877929688,595.3499755859375,640.1500244140625,126206
2024-06-07,ANTELOPUS,648.75,660.0,630.9500122070312,646.9500122070312,73273
2024-06-10,ANTELOPUS,656.6500244140625,660.0,632.4000244140625,638.0999755859375,35438
2024-06-11,ANTELOPUS,636.3499755859375,651.4500122070312,621.25,629.2999877929688,47500
2024-06-12,ANTELOPUS,626.0,643.8499755859375,624.0,629.25,43254
2024-06-13,ANTELOPUS,631.7999877929688,755.0999755859375,631.7999877929688,755.0999755859375,1887613
2024-06-14,ANTELOPUS,770.0,792.4500122070312,750.1500244140625,770.5499877929688,730351
2024-06-18,ANTELOPUS,769.9000244140625,769.9000244140625,721.25,727.4000244140625,218751
2024-06-19,ANTELOPUS,734.0,765.9000244140625,701.2000122070312,735.7999877929688,178085
2024-06-20,ANTELOPUS,735.5999755859375,737.4000244140625,710.0,720.5,75337
2024-06-21,ANTELOPUS,734.0,738.4000244140625,702.7999877929688,708.8499755859375,86037
2024-06-24,ANTELOPUS,704.6500244140625,712.5999755859375,683.25,690.1500244140625,94465
2024-06-25,ANTELOPUS,700.4500122070312,748.9000244140625,697.3499755859375,706.5999755859375,231200
2024-06-26,ANTELOPUS,705.0,710.0,693.0499877929688,698.7000122070312,73987
2024-06-27,ANTELOPUS,692.25,725.0,692.25,693.75,67534
2024-06-28,ANTELOPUS,693.0,746.0,693.0,731.75,287486
2024-06-03,ANTGRAPHIC,1.600000023841858,1.649999976158142,1.5499999523162842,1.600000023841858,1843233
2024-06-04,ANTGRAPHIC,1.600000023841858,1.600000023841858,1.5499999523162842,1.5499999523162842,280682
2024-06-05,ANTGRAPHIC,1.5,1.5499999523162842,1.5,1.5499999523162842,1266488
2024-06-06,ANTGRAPHIC,1.5499999523162842,1.5499999523162842,1.5,1.5499999523162842,582337
2024-06-07,ANTGRAPHIC,1.5499999523162842,1.5499999523162842,1.4500000476837158,1.5,922637
2024-06-10,ANTGRAPHIC,1.5,1.6399999856948853,1.4299999475479126,1.4500000476837158,2013769
2024-06-11,ANTGRAPHIC,1.4900000095367432,1.5,1.4600000381469729,1.4700000286102295,986270
2024-06-12,ANTGRAPHIC,1.4900000095367432,1.4900000095367432,1.4600000381469729,1.4800000190734863,729141
2024-06-13,ANTGRAPHIC,1.5099999904632568,1.5499999523162842,1.4600000381469729,1.5299999713897705,8761489
2024-06-14,ANTGRAPHIC,1.5800000429153442,1.5800000429153442,1.5099999904632568,1.5399999618530271,1021688
2024-06-18,ANTGRAPHIC,1.5800000429153442,1.600000023841858,1.5399999618530271,1.5800000429153442,1036287
2024-06-19,ANTGRAPHIC,1.5299999713897705,1.5800000429153442,1.5199999809265137,1.5399999618530271,1297196
2024-06-20,ANTGRAPHIC,1.5399999618530271,1.5499999523162842,1.5,1.5,1601692
2024-06-21,ANTGRAPHIC,1.5199999809265137,1.5199999809265137,1.4600000381469729,1.4900000095367432,490983
2024-06-24,ANTGRAPHIC,1.5099999904632568,1.5099999904632568,1.4900000095367432,1.5,524360
2024-06-25,ANTGRAPHIC,1.5099999904632568,1.5299999713897705,1.4900000095367432,1.4900000095367432,1014216
2024-06-26,ANTGRAPHIC,1.4900000095367432,1.5099999904632568,1.4700000286102295,1.4800000190734863,715573
2024-06-27,ANTGRAPHIC,1.4900000095367432,1.5099999904632568,1.4800000190734863,1.5,481926
2024-06-28,ANTGRAPHIC,1.5099999904632568,1.5099999904632568,1.4900000095367432,1.5,643054
2024-06-03,ANUP,1775.0,1810.0,1729.8499755859375,1742.0999755859375,31576
2024-06-04,ANUP,1740.0,1775.0,1550.0,1609.300048828125,69957
2024-06-05,ANUP,1609.300048828125,1775.0,1595.0,1748.75,33870
2024-06-06,ANUP,1779.949951171875,1842.3499755859373,1765.0,1789.75,39305
2024-06-07,ANUP,1766.050048828125,1811.199951171875,1755.0,1763.6500244140625,30789
2024-06-10,ANUP,1793.6500244140625,1842.0,1765.5999755859375,1791.550048828125,44252
2024-06-11,ANUP,1820.0,1820.0,1772.800048828125,1792.050048828125,19858
2024-06-12,ANUP,1809.949951171875,1825.550048828125,1790.0,1793.6500244140625,20206
2024-06-13,ANUP,1814.0,1816.550048828125,1783.0,1808.3499755859373,21610
2024-06-14,ANUP,1798.25,1830.0,1780.0,1787.9000244140625,19924
2024-06-18,ANUP,1799.0,2049.0,1798.25,1977.949951171875,248382
2024-06-19,ANUP,2027.0,2037.0,1930.0,1946.9000244140625,71255
2024-06-20,ANUP,1950.0,1954.449951171875,1905.0,1930.050048828125,24349
2024-06-21,ANUP,1928.0,1936.800048828125,1901.5,1910.050048828125,15481
2024-06-24,ANUP,1890.050048828125,1950.300048828125,1876.300048828125,1929.1500244140625,25214
2024-06-25,ANUP,1950.0,1950.0,1869.050048828125,1906.5,31897
2024-06-26,ANUP,1928.0,1928.0,1795.0,1803.0,201779
2024-06-27,ANUP,1810.0,1841.0999755859373,1760.050048828125,1783.449951171875,67486
2024-06-28,ANUP,1785.0,1858.0,1765.050048828125,1819.550048828125,53329
2024-06-03,ANURAS,770.3499755859375,776.9000244140625,758.2000122070312,773.9500122070312,185005
2024-06-04,ANURAS,775.5,775.5,725.0499877929688,740.5999755859375,88225
2024-06-05,ANURAS,745.0,778.7999877929688,720.4000244140625,774.75,119742
2024-06-06,ANURAS,774.0,776.4500122070312,768.5999755859375,771.7000122070312,881953
2024-06-07,ANURAS,772.0,773.7000122070312,766.0999755859375,769.8499755859375,780563
2024-06-10,ANURAS,773.5999755859375,779.5999755859375,761.2999877929688,772.5,374117
2024-06-11,ANURAS,772.75,780.7999877929688,769.5,776.9000244140625,111608
2024-06-12,ANURAS,782.0,784.7000122070312,775.5999755859375,781.4000244140625,145154
2024-06-13,ANURAS,782.0,791.2999877929688,777.0999755859375,783.9000244140625,158937
2024-06-14,ANURAS,790.0,794.9000244140625,781.2999877929688,788.0999755859375,135234
2024-06-18,ANURAS,790.0,793.7000122070312,785.0,791.4500122070312,199403
2024-06-19,ANURAS,795.0,795.0,777.0,782.1500244140625,120855
2024-06-20,ANURAS,790.0,791.5499877929688,779.5,781.8499755859375,202611
2024-06-21,ANURAS,788.0,789.8499755859375,776.3499755859375,778.75,137653
2024-06-24,ANURAS,772.0,779.3499755859375,769.0,773.9500122070312,159854
2024-06-25,ANURAS,777.9000244140625,777.9000244140625,768.0,771.5499877929688,89668
2024-06-26,ANURAS,771.5499877929688,774.2000122070312,765.5999755859375,769.6500244140625,117956
2024-06-27,ANURAS,769.6500244140625,771.1500244140625,761.5,766.7000122070312,103069
2024-06-28,ANURAS,766.7000122070312,774.0,762.5,764.75,87253
2024-06-03,APARINDS,8250.0,8270.900390625,7801.39990234375,8007.5498046875,145824
2024-06-04,APARINDS,8008.0,8028.75,6565.0498046875,7555.7001953125,236278
2024-06-05,APARINDS,7500.0,7630.0,7101.25,7605.0498046875,109034
2024-06-06,APARINDS,7639.89990234375,7851.0,7620.7998046875,7671.39990234375,118485
2024-06-07,APARINDS,7690.0,8100.0,7650.0,8059.89990234375,118875
2024-06-10,APARINDS,8059.89990234375,8275.0,8035.0498046875,8223.5498046875,79268
2024-06-11,APARINDS,8260.0,8451.0498046875,8060.0,8123.2001953125,127235
2024-06-12,APARINDS,8130.89990234375,8234.2001953125,7955.4501953125,8147.10009765625,115779
2024-06-13,APARINDS,8178.0,8679.900390625,8150.0,8511.9501953125,319887
2024-06-14,APARINDS,8575.0,8740.0,8235.0,8376.0,172872
2024-06-18,APARINDS,8423.0,8550.0,8401.099609375,8490.5498046875,69800
2024-06-19,APARINDS,8490.5498046875,8648.0,8351.4501953125,8381.0,68640
2024-06-20,APARINDS,8464.0,8536.0,8382.099609375,8465.599609375,45273
2024-06-21,APARINDS,8465.599609375,8540.0,8251.0,8345.099609375,68879
2024-06-24,APARINDS,8340.0498046875,8580.0,8250.0,8470.7001953125,102119
2024-06-25,APARINDS,8571.849609375,8849.0,8470.0,8509.25,195418
2024-06-26,APARINDS,8575.0,8729.0,8356.0,8398.2998046875,99312
2024-06-27,APARINDS,8430.0,8597.7998046875,8401.2998046875,8475.9501953125,68298
2024-06-28,APARINDS,8548.0,8580.0,8445.0,8473.4501953125,58839
2024-06-03,APCL,175.0,177.4499969482422,170.0,171.4499969482422,17977
2024-06-04,APCL,170.0,173.0,154.3000030517578,162.3000030517578,33867
2024-06-05,APCL,160.0,166.9499969482422,154.5,165.3000030517578,25746
2024-06-06,APCL,168.75,175.0,166.0500030517578,173.85000610351562,15781
2024-06-07,APCL,174.6999969482422,178.0,173.5,177.0500030517578,13135
2024-06-10,APCL,177.6999969482422,189.0,177.0800018310547,187.0200042724609,54723
2024-06-11,APCL,189.8999938964844,194.8000030517578,189.0,193.1199951171875,58699
2024-06-12,APCL,195.0,198.44000244140625,192.5500030517578,193.5399932861328,33322
2024-06-13,APCL,196.69000244140625,200.0,195.1300048828125,199.13999938964844,37203
2024-06-14,APCL,200.1999969482422,204.5,197.3500061035156,199.1999969482422,51984
2024-06-18,APCL,201.0,205.8600006103516,200.0500030517578,203.4900054931641,46716
2024-06-19,APCL,203.6000061035156,206.88999938964844,196.0500030517578,199.32000732421875,56704
2024-06-20,APCL,202.3000030517578,202.3000030517578,194.6600036621093,195.6699981689453,38311
2024-06-21,APCL,196.6699981689453,198.82000732421875,193.8099975585937,196.42999267578125,20618
2024-06-24,APCL,196.42999267578125,197.4900054931641,194.1199951171875,194.67999267578125,21619
2024-06-25,APCL,194.6600036621093,198.6100006103516,193.8500061035156,194.6000061035156,20853
2024-06-26,APCL,195.6000061035156,206.0,194.8800048828125,199.88999938964844,70002
2024-06-27,APCL,200.8999938964844,209.0,195.0,196.4199981689453,65914
2024-06-28,APCL,197.5,204.0,197.5,201.1000061035156,21460
2024-06-03,APCOTEXIND,412.0499877929688,414.5,400.0,401.25,41202
2024-06-04,APCOTEXIND,406.7999877929688,406.7999877929688,383.0,394.2999877929688,58374
2024-06-05,APCOTEXIND,394.2999877929688,405.0,390.0499877929688,397.0,14473
2024-06-06,APCOTEXIND,397.0499877929688,402.8999938964844,395.5499877929688,400.25,30140
2024-06-07,APCOTEXIND,400.0,412.0499877929688,397.1499938964844,408.75,289372
2024-06-10,APCOTEXIND,408.0499877929688,429.0,408.0499877929688,422.75,88158
2024-06-11,APCOTEXIND,425.0,432.0,420.0,424.6000061035156,37657
2024-06-12,APCOTEXIND,425.0,466.7999877929688,423.75,461.9500122070313,230074
2024-06-13,APCOTEXIND,463.7000122070313,463.7000122070313,448.3500061035156,450.75,40966
2024-06-14,APCOTEXIND,451.7000122070313,454.5499877929688,431.1499938964844,437.8999938964844,40668
2024-06-18,APCOTEXIND,444.3500061035156,444.3500061035156,433.3999938964844,436.6000061035156,31621
2024-06-19,APCOTEXIND,438.0,446.3999938964844,435.5499877929688,438.9500122070313,39121
2024-06-20,APCOTEXIND,439.8999938964844,444.9500122070313,437.2999877929688,442.5,23410
2024-06-21,APCOTEXIND,446.9500122070313,458.6499938964844,446.0,450.0499877929688,48296
2024-06-24,APCOTEXIND,450.0499877929688,451.5499877929688,446.0,447.0499877929688,14933
2024-06-25,APCOTEXIND,447.0499877929688,467.0,444.2000122070313,459.2999877929688,74505
2024-06-26,APCOTEXIND,457.0,459.25,420.0499877929688,442.8999938964844,80175
2024-06-27,APCOTEXIND,442.8500061035156,445.5499877929688,435.7999877929688,440.3999938964844,23479
2024-06-28,APCOTEXIND,440.3999938964844,442.0,432.9500122070313,435.4500122070313,20879
2024-06-03,APEX,212.5500030517578,214.3999938964844,204.5500030517578,205.75,57245
2024-06-04,APEX,206.0,208.9499969482422,191.0,203.1000061035156,144366
2024-06-05,APEX,207.6999969482422,209.8999938964844,199.0,208.8500061035156,65928
2024-06-06,APEX,210.0,222.0,210.0,217.3500061035156,277343
2024-06-07,APEX,218.75,238.0,218.75,233.8000030517578,979582
2024-06-10,APEX,248.88999938964844,248.88999938964844,240.0,242.33999633789065,521766
2024-06-11,APEX,241.9499969482422,241.9499969482422,232.0,234.1199951171875,188175
2024-06-12,APEX,235.3000030517578,238.8000030517578,232.009994506836,232.83999633789065,98815
2024-06-13,APEX,234.1999969482422,237.5,230.63999938964844,231.88999938964844,118562
2024-06-14,APEX,232.1999969482422,234.3999938964844,228.0599975585937,229.27999877929688,79572
2024-06-18,APEX,229.27999877929688,241.88999938964844,224.1199951171875,232.7400054931641,529272
2024-06-19,APEX,233.6999969482422,244.8999938964844,228.72000122070312,235.83999633789065,446562
2024-06-20,APEX,237.5,238.4499969482422,234.009994506836,234.63999938964844,99645
2024-06-21,APEX,235.0,236.8999938964844,232.0,232.8000030517578,78366
2024-06-24,APEX,232.0,235.47999572753903,229.0,231.2400054931641,77644
2024-06-25,APEX,231.259994506836,236.8000030517578,229.0,230.13999938964844,121038
2024-06-26,APEX,231.75,231.75,225.75,226.5800018310547,77404
2024-06-27,APEX,226.5800018310547,230.19000244140625,220.009994506836,220.7400054931641,91770
2024-06-28,APEX,221.8999938964844,226.0,221.22000122070312,222.2100067138672,72375
2024-06-03,APLAPOLLO,1562.0,1574.6500244140625,1525.5,1556.75,817335
2024-06-04,APLAPOLLO,1552.550048828125,1556.199951171875,1403.25,1434.5,780014
2024-06-05,APLAPOLLO,1462.0,1500.0,1426.8499755859375,1472.5999755859375,796267
2024-06-06,APLAPOLLO,1501.0,1586.9000244140625,1492.199951171875,1572.0999755859375,541029
2024-06-07,APLAPOLLO,1572.0999755859375,1631.5,1561.449951171875,1625.050048828125,3713637
2024-06-10,APLAPOLLO,1634.0,1667.5,1615.050048828125,1629.800048828125,457731
2024-06-11,APLAPOLLO,1631.0,1649.0,1620.199951171875,1632.75,291677
2024-06-12,APLAPOLLO,1665.0,1666.0,1577.0,1580.8499755859375,822296
2024-06-13,APLAPOLLO,1598.0,1604.800048828125,1535.0,1539.3499755859375,705356
2024-06-14,APLAPOLLO,1544.9000244140625,1565.9000244140625,1533.25,1558.800048828125,425321
2024-06-18,APLAPOLLO,1559.4000244140625,1588.0,1555.050048828125,1578.949951171875,399064
2024-06-19,APLAPOLLO,1594.0,1594.5,1561.1500244140625,1571.1500244140625,491661
2024-06-20,APLAPOLLO,1563.6500244140625,1594.0,1561.199951171875,1579.699951171875,599768
2024-06-21,APLAPOLLO,1584.5,1679.0,1581.0,1646.5999755859375,2278257
2024-06-24,APLAPOLLO,1638.5,1638.75,1596.0,1618.800048828125,413414
2024-06-25,APLAPOLLO,1633.0,1647.199951171875,1605.0,1624.949951171875,318036
2024-06-26,APLAPOLLO,1639.800048828125,1639.800048828125,1585.0,1594.6500244140625,448888
2024-06-27,APLAPOLLO,1594.6500244140625,1603.0,1525.0,1539.0999755859375,802722
2024-06-28,APLAPOLLO,1539.0999755859375,1576.949951171875,1520.0,1555.300048828125,776710
2024-06-03,APLLTD,930.0,940.2000122070312,914.0499877929688,917.3499755859376,61507
2024-06-04,APLLTD,917.3499755859376,922.4000244140624,823.4000244140625,869.5499877929688,108163
2024-06-05,APLLTD,874.0,900.5,855.6500244140625,892.0,49977
2024-06-06,APLLTD,894.0,900.5499877929688,875.25,893.2000122070312,126515
2024-06-07,APLLTD,905.0,929.0,893.25,916.0,104402
2024-06-10,APLLTD,924.0499877929688,926.9500122070312,903.0499877929688,907.3499755859376,78649
2024-06-11,APLLTD,907.7999877929688,909.5499877929688,895.0,896.9000244140625,79246
2024-06-12,APLLTD,898.0,904.3499755859376,890.0,891.25,63373
2024-06-13,APLLTD,893.0,899.9500122070312,881.0,882.9500122070312,84720
2024-06-14,APLLTD,887.4000244140625,910.0,884.7000122070312,888.2000122070312,154091
2024-06-18,APLLTD,909.9000244140624,915.0,864.4000244140625,868.0,689684
2024-06-19,APLLTD,882.2999877929688,894.9500122070312,859.0,862.5,300739
2024-06-20,APLLTD,876.7999877929688,876.7999877929688,837.7999877929688,845.2999877929688,270002
2024-06-21,APLLTD,847.9000244140625,874.5,847.75,869.1500244140625,375657
2024-06-24,APLLTD,869.1500244140625,909.5,869.1500244140625,902.5499877929688,487318
2024-06-25,APLLTD,909.4000244140624,923.0,897.0499877929688,907.5,220361
2024-06-26,APLLTD,913.0,922.7999877929688,896.0,900.1500244140625,135127
2024-06-27,APLLTD,902.0,908.5,875.2000122070312,879.0,138678
2024-06-28,APLLTD,880.0,900.2000122070312,870.2000122070312,876.5999755859375,221767
2024-06-03,APOLLO,111.5999984741211,111.5999984741211,108.0,108.8499984741211,777500
2024-06-04,APOLLO,108.8499984741211,109.0,103.4000015258789,103.4000015258789,594251
2024-06-05,APOLLO,98.25,103.6999969482422,98.25,102.0,1591280
2024-06-06,APOLLO,103.1500015258789,107.0999984741211,103.0,105.8499984741211,1010667
2024-06-07,APOLLO,108.1500015258789,109.6500015258789,106.5,107.0,969912
2024-06-10,APOLLO,109.0,109.0,104.5,105.0199966430664,693664
2024-06-11,APOLLO,106.1999969482422,107.12000274658205,103.91999816894533,104.08999633789062,1611897
2024-06-12,APOLLO,104.16000366210938,105.9000015258789,102.11000061035156,102.9499969482422,1748408
2024-06-13,APOLLO,104.01000213623048,104.8499984741211,102.83999633789062,102.97000122070312,1874214
2024-06-14,APOLLO,103.5999984741211,107.11000061035156,103.4000015258789,103.70999908447266,4110130
2024-06-18,APOLLO,105.9499969482422,108.88999938964844,105.26000213623048,108.88999938964844,4582229
2024-06-19,APOLLO,111.0,114.33000183105467,109.0,110.1500015258789,4430466
2024-06-20,APOLLO,112.87000274658205,115.6500015258789,110.3000030517578,115.61000061035156,5663634
2024-06-21,APOLLO,117.0,118.23999786376952,110.5,112.18000030517578,2866810
2024-06-24,APOLLO,112.0,113.9499969482422,109.05999755859376,109.69000244140624,1671561
2024-06-25,APOLLO,110.6500015258789,111.8000030517578,107.8000030517578,108.69000244140624,912187
2024-06-26,APOLLO,108.8000030517578,109.4000015258789,106.5,106.7300033569336,960409
2024-06-27,APOLLO,106.9000015258789,109.47000122070312,105.0,105.81999969482422,1329029
2024-06-28,APOLLO,106.6999969482422,107.48999786376952,105.66000366210938,106.9499969482422,686354
2024-06-03,APOLLOHOSP,5986.2998046875,6018.14990234375,5812.5498046875,5851.2001953125,804820
2024-06-04,APOLLOHOSP,5750.35009765625,5963.75,5693.2001953125,5845.7001953125,642000
2024-06-05,APOLLOHOSP,5915.0,5944.75,5776.7998046875,5934.64990234375,487289
2024-06-06,APOLLOHOSP,5970.0,5975.0,5900.0,5962.0,490549
2024-06-07,APOLLOHOSP,5987.75,6031.0,5965.4501953125,6014.5498046875,436163
2024-06-10,APOLLOHOSP,6040.0,6075.0,5992.0498046875,6056.7001953125,443756
2024-06-11,APOLLOHOSP,6081.75,6167.25,6059.2001953125,6107.9501953125,521348
2024-06-12,APOLLOHOSP,6117.2998046875,6188.85009765625,6075.0,6168.60009765625,321285
2024-06-13,APOLLOHOSP,6207.9501953125,6210.5498046875,6160.0,6206.2001953125,401804
2024-06-14,APOLLOHOSP,6210.0,6219.9501953125,6175.0,6207.60009765625,216573
2024-06-18,APOLLOHOSP,6225.0,6249.7998046875,6166.2001953125,6236.35009765625,267887
2024-06-19,APOLLOHOSP,6265.0,6269.0,6128.0498046875,6173.5498046875,401714
2024-06-20,APOLLOHOSP,6165.7001953125,6193.7001953125,6115.75,6175.85009765625,252844
2024-06-21,APOLLOHOSP,6152.2001953125,6239.10009765625,6145.0,6170.0,434583
2024-06-24,APOLLOHOSP,6170.0,6295.0,6156.14990234375,6259.5498046875,357273
2024-06-25,APOLLOHOSP,6258.0,6315.0,6242.25,6295.35009765625,348730
2024-06-26,APOLLOHOSP,6279.7998046875,6285.64990234375,6125.0,6136.7998046875,538411
2024-06-27,APOLLOHOSP,6115.75,6200.39990234375,6055.0,6192.5,440975
2024-06-28,APOLLOHOSP,6222.5,6222.5,6145.14990234375,6185.7001953125,334692
2024-06-03,APOLLOPIPE,662.3499755859375,694.0,659.6500244140625,688.75,166880
2024-06-04,APOLLOPIPE,694.75,694.75,606.0,647.0499877929688,127238
2024-06-05,APOLLOPIPE,647.0999755859375,667.9500122070312,639.9500122070312,664.5,1181596
2024-06-06,APOLLOPIPE,668.0,679.9000244140625,644.9500122070312,667.9000244140625,267387
2024-06-07,APOLLOPIPE,661.0,679.0999755859375,648.9500122070312,657.7999877929688,273448
2024-06-10,APOLLOPIPE,660.0,672.0,658.0,661.8499755859375,51379
2024-06-11,APOLLOPIPE,667.0,680.0,661.2000122070312,672.25,82322
2024-06-12,APOLLOPIPE,674.9500122070312,682.0,663.4500122070312,666.7999877929688,45005
2024-06-13,APOLLOPIPE,667.75,677.1500244140625,662.9500122070312,666.9000244140625,52665
2024-06-14,APOLLOPIPE,667.25,672.9000244140625,665.5999755859375,669.0,28433
2024-06-18,APOLLOPIPE,670.0,673.9500122070312,657.75,660.0,43282
2024-06-19,APOLLOPIPE,660.9500122070312,664.2999877929688,644.9000244140625,648.3499755859375,57982
2024-06-20,APOLLOPIPE,650.0,661.0999755859375,646.3499755859375,652.25,75380
2024-06-21,APOLLOPIPE,655.0,660.3499755859375,642.7999877929688,645.3499755859375,60931
2024-06-24,APOLLOPIPE,655.0,655.0,629.9500122070312,636.9500122070312,117275
2024-06-25,APOLLOPIPE,645.0,645.0,628.2000122070312,631.25,53181
2024-06-26,APOLLOPIPE,632.0999755859375,640.0499877929688,628.4000244140625,636.6500244140625,39267
2024-06-27,APOLLOPIPE,642.0,642.0,615.0999755859375,618.9500122070312,82681
2024-06-28,APOLLOPIPE,622.2000122070312,638.25,620.75,631.5499877929688,74497
2024-06-03,APOLLOTYRE,477.0,479.75,469.1000061035156,476.6499938964844,2122390
2024-06-04,APOLLOTYRE,476.6000061035156,476.6499938964844,429.0,451.3999938964844,3876955
2024-06-05,APOLLOTYRE,454.0,473.3999938964844,447.3999938964844,470.1499938964844,2206982
2024-06-06,APOLLOTYRE,474.0,474.0,466.25,471.0,2364537
2024-06-07,APOLLOTYRE,474.0,486.5499877929688,470.1000061035156,485.0499877929688,3264588
2024-06-10,APOLLOTYRE,486.0499877929688,488.3999938964844,481.75,487.1499938964844,2132005
2024-06-11,APOLLOTYRE,487.1499938964844,488.0,480.3999938964844,481.3500061035156,2186575
2024-06-12,APOLLOTYRE,481.3500061035156,484.9500122070313,475.2999877929688,477.8999938964844,2130425
2024-06-13,APOLLOTYRE,478.25,481.7999877929688,475.9500122070313,476.7000122070313,1644139
2024-06-14,APOLLOTYRE,476.7000122070313,479.1499938964844,472.1000061035156,476.4500122070313,1748591
2024-06-18,APOLLOTYRE,477.25,488.6499938964844,477.0,484.7999877929688,3169655
2024-06-19,APOLLOTYRE,486.0,489.0,479.6499938964844,484.6499938964844,3228626
2024-06-20,APOLLOTYRE,485.0,495.8999938964844,483.3999938964844,494.0499877929688,4238014
2024-06-21,APOLLOTYRE,496.9500122070313,507.0,490.4500122070313,502.0499877929688,5309186
2024-06-24,APOLLOTYRE,501.0,501.0,488.3999938964844,499.1499938964844,3168748
2024-06-25,APOLLOTYRE,500.7999877929688,521.0,496.3500061035156,519.25,8427606
2024-06-26,APOLLOTYRE,525.0,527.8499755859375,515.0,517.75,6268773
2024-06-27,APOLLOTYRE,518.0,522.0,510.25,517.5499877929688,3845267
2024-06-28,APOLLOTYRE,518.0,547.5999755859375,516.5499877929688,541.9000244140625,11400917
2024-06-03,APOLSINHOT,1659.9000244140625,1659.9000244140625,1580.0,1607.199951171875,3734
2024-06-04,APOLSINHOT,1596.0,1659.949951171875,1450.0,1484.5,7220
2024-06-05,APOLSINHOT,1451.0,1524.25,1440.0,1507.9000244140625,3529
2024-06-06,APOLSINHOT,1520.5999755859375,1575.0,1504.5999755859375,1545.9000244140625,3304
2024-06-07,APOLSINHOT,1559.3499755859375,1591.949951171875,1557.0999755859375,1566.050048828125,1940
2024-06-10,APOLSINHOT,1579.0,1625.0,1558.0999755859375,1587.699951171875,3053
2024-06-11,APOLSINHOT,1619.0,1624.25,1560.0,1585.8499755859375,3615
2024-06-12,APOLSINHOT,1590.0,1621.1500244140625,1569.0,1573.6500244140625,2591
2024-06-13,APOLSINHOT,1573.6500244140625,1592.949951171875,1550.0,1556.6500244140625,2605
2024-06-14,APOLSINHOT,1569.3499755859375,1569.3499755859375,1490.0,1549.3499755859375,4730
2024-06-18,APOLSINHOT,1550.0,1600.0,1525.0,1542.550048828125,7312
2024-06-19,APOLSINHOT,1542.550048828125,1557.3499755859375,1525.0,1533.4000244140625,2005
2024-06-20,APOLSINHOT,1538.0,1550.0,1515.0,1529.4000244140625,2277
2024-06-21,APOLSINHOT,1540.0,1602.699951171875,1539.949951171875,1569.3499755859375,2761
2024-06-24,APOLSINHOT,1621.0,1621.0,1560.0,1564.699951171875,3726
2024-06-25,APOLSINHOT,1573.0,1596.8499755859375,1545.0,1547.25,1597
2024-06-26,APOLSINHOT,1568.0,1568.0,1500.25,1534.0999755859375,3452
2024-06-27,APOLSINHOT,1515.0,1536.25,1486.050048828125,1495.050048828125,5561
2024-06-28,APOLSINHOT,1496.0,1508.800048828125,1475.0,1486.0999755859375,2606
2024-06-03,APTECHT,230.0,231.0,221.0,221.3000030517578,125108
2024-06-04,APTECHT,226.0,226.0,200.6000061035156,205.3500061035156,335154
2024-06-05,APTECHT,211.5,223.0,206.3000030517578,215.3999938964844,142362
2024-06-06,APTECHT,216.8999938964844,223.5500030517578,216.8999938964844,218.0500030517578,157747
2024-06-07,APTECHT,218.25,224.1999969482422,218.25,220.6000061035156,186627
2024-06-10,APTECHT,220.1499938964844,238.0,220.1499938964844,232.3800048828125,742804
2024-06-11,APTECHT,232.1999969482422,242.1499938964844,228.3999938964844,233.4900054931641,1034489
2024-06-12,APTECHT,231.0,237.0,230.6499938964844,231.9900054931641,365033
2024-06-13,APTECHT,233.9900054931641,238.3000030517578,230.5,234.8999938964844,345094
2024-06-14,APTECHT,235.6999969482422,237.7700042724609,230.3500061035156,231.9600067138672,265518
2024-06-18,APTECHT,233.3000030517578,234.88999938964844,230.0,230.38999938964844,166165
2024-06-19,APTECHT,231.5500030517578,232.1999969482422,226.1499938964844,227.0800018310547,212815
2024-06-20,APTECHT,227.8000030517578,234.4900054931641,226.6000061035156,229.44000244140625,332963
2024-06-21,APTECHT,229.75,234.4100036621093,227.8999938964844,228.52999877929688,276460
2024-06-24,APTECHT,228.0,229.42999267578125,225.3999938964844,226.5,171605
2024-06-25,APTECHT,227.4499969482422,229.9499969482422,223.47000122070312,224.27999877929688,201685
2024-06-26,APTECHT,224.27999877929688,226.42999267578125,222.0,222.8999938964844,174224
2024-06-27,APTECHT,223.1000061035156,223.8000030517578,216.3999938964844,218.6600036621093,204005
2024-06-28,APTECHT,219.5,221.97999572753903,216.1000061035156,217.3500061035156,178536
2024-06-03,APTUS,306.3999938964844,317.75,306.3500061035156,311.54998779296875,1536585
2024-06-04,APTUS,310.70001220703125,310.70001220703125,286.25,300.70001220703125,1168038
2024-06-05,APTUS,300.70001220703125,306.45001220703125,293.5,302.5,366835
2024-06-06,APTUS,305.70001220703125,319.5,305.54998779296875,311.70001220703125,766621
2024-06-07,APTUS,311.70001220703125,321.3999938964844,308.95001220703125,318.25,1215375
2024-06-10,APTUS,319.75,326.8500061035156,316.8999938964844,317.8500061035156,605458
2024-06-11,APTUS,322.0,325.79998779296875,316.95001220703125,319.8999938964844,1694312
2024-06-12,APTUS,320.8999938964844,342.0,319.3999938964844,340.1000061035156,2571713
2024-06-13,APTUS,343.3999938964844,346.3500061035156,338.1499938964844,344.3999938964844,946887
2024-06-14,APTUS,346.1000061035156,353.25,344.29998779296875,349.70001220703125,3154337
2024-06-18,APTUS,350.0,350.0,341.5,343.6000061035156,421150
2024-06-19,APTUS,343.6000061035156,355.5,339.29998779296875,347.6499938964844,1395076
2024-06-20,APTUS,348.6000061035156,350.25,342.1000061035156,346.3500061035156,389689
2024-06-21,APTUS,346.79998779296875,348.1000061035156,337.0,338.1000061035156,355848
2024-06-24,APTUS,336.0,341.0,332.29998779296875,340.0,332736
2024-06-25,APTUS,340.5,342.95001220703125,324.0,335.8500061035156,362313
2024-06-26,APTUS,336.0,336.70001220703125,329.1499938964844,330.54998779296875,457010
2024-06-27,APTUS,330.0,334.45001220703125,322.0,324.75,518799
2024-06-28,APTUS,326.3999938964844,332.04998779296875,325.25,329.95001220703125,340719
2024-06-03,AQYLON,169.89999389648438,169.89999389648438,169.89999389648438,169.89999389648438,16
2024-06-04,AQYLON,173.25,173.25,173.25,173.25,86
2024-06-05,AQYLON,176.6999969482422,176.6999969482422,176.6999969482422,176.6999969482422,21
2024-06-06,AQYLON,180.1999969482422,180.1999969482422,180.1999969482422,180.1999969482422,21
2024-06-07,AQYLON,183.8000030517578,183.8000030517578,183.8000030517578,183.8000030517578,26
2024-06-10,AQYLON,187.47000122070312,187.47000122070312,187.47000122070312,187.47000122070312,78
2024-06-11,AQYLON,191.2100067138672,191.2100067138672,191.2100067138672,191.2100067138672,6
2024-06-12,AQYLON,195.02999877929688,195.02999877929688,195.02999877929688,195.02999877929688,376
2024-06-13,AQYLON,198.92999267578125,198.92999267578125,198.92999267578125,198.92999267578125,20
2024-06-14,AQYLON,202.8999938964844,202.8999938964844,202.8999938964844,202.8999938964844,9
2024-06-18,AQYLON,206.9499969482422,206.9499969482422,206.9499969482422,206.9499969482422,5
2024-06-19,AQYLON,211.0800018310547,211.0800018310547,211.0800018310547,211.0800018310547,2
2024-06-20,AQYLON,215.3000030517578,215.3000030517578,215.3000030517578,215.3000030517578,111
2024-06-21,AQYLON,219.6000061035156,219.6000061035156,219.6000061035156,219.6000061035156,21
2024-06-24,AQYLON,223.9900054931641,223.9900054931641,223.9900054931641,223.9900054931641,10
2024-06-25,AQYLON,228.4600067138672,228.4600067138672,228.4600067138672,228.4600067138672,430
2024-06-26,AQYLON,233.0200042724609,233.0200042724609,233.0200042724609,233.0200042724609,15
2024-06-27,AQYLON,237.67999267578125,237.67999267578125,237.67999267578125,237.67999267578125,104
2024-06-28,AQYLON,242.42999267578125,242.42999267578125,242.42999267578125,242.42999267578125,1
2024-06-03,ARCHIDPLY,105.0,105.0,101.0,101.4499969482422,30437
2024-06-04,ARCHIDPLY,100.0999984741211,102.0,96.4000015258789,96.5999984741211,48244
2024-06-05,ARCHIDPLY,98.5500030517578,100.8499984741211,95.4000015258789,100.1999969482422,16596
2024-06-06,ARCHIDPLY,100.5,105.1999969482422,100.0999984741211,103.6500015258789,22071
2024-06-07,ARCHIDPLY,103.6500015258789,108.8000030517578,101.3499984741211,108.1999969482422,27447
2024-06-10,ARCHIDPLY,108.1999969482422,113.5,108.1999969482422,111.5199966430664,46394
2024-06-11,ARCHIDPLY,114.0,116.0,110.25,115.43000030517578,34111
2024-06-12,ARCHIDPLY,116.8000030517578,116.8000030517578,112.01000213623048,113.0199966430664,24975
2024-06-13,ARCHIDPLY,110.75,110.75,110.75,110.75,3369
2024-06-14,ARCHIDPLY,108.52999877929688,108.52999877929688,108.52999877929688,108.52999877929688,7306
2024-06-18,ARCHIDPLY,106.5,106.5,106.3499984741211,106.5,21452
2024-06-19,ARCHIDPLY,106.5,106.5500030517578,106.0,106.5,11729
2024-06-20,ARCHIDPLY,104.75,106.0,104.4499969482422,104.75,10329
2024-06-21,ARCHIDPLY,104.0,104.75,103.5500030517578,104.0,17203
2024-06-24,ARCHIDPLY,104.5,104.5,103.0999984741211,104.5,8181
2024-06-25,ARCHIDPLY,104.5,106.5,104.5,104.5,11889
2024-06-26,ARCHIDPLY,104.0,104.0,102.5999984741211,104.0,7694
2024-06-27,ARCHIDPLY,102.1999969482422,103.5999984741211,102.1999969482422,102.1999969482422,8909
2024-06-28,ARCHIDPLY,100.1500015258789,102.6999969482422,100.1500015258789,100.1500015258789,7319
2024-06-03,ARCHIES,25.39999961853028,25.39999961853028,23.64999961853028,24.75,46202
2024-06-04,ARCHIES,24.850000381469727,24.850000381469727,23.549999237060547,23.600000381469727,48422
2024-06-05,ARCHIES,24.200000762939453,24.200000762939453,22.450000762939453,23.600000381469727,27395
2024-06-06,ARCHIES,23.5,24.75,23.5,24.600000381469727,25045
2024-06-07,ARCHIES,24.950000762939453,25.5,24.299999237060547,25.100000381469727,27485
2024-06-10,ARCHIES,26.790000915527344,27.0,25.479999542236328,25.920000076293945,37519
2024-06-11,ARCHIES,26.61000061035156,26.88999938964844,25.059999465942383,26.11000061035156,58415
2024-06-12,ARCHIES,26.59000015258789,26.68000030517578,24.989999771118164,25.13999938964844,151723
2024-06-13,ARCHIES,25.799999237060547,27.14999961853028,24.780000686645508,26.06999969482422,290184
2024-06-14,ARCHIES,26.39999961853028,27.0,25.5,26.01000022888184,164375
2024-06-18,ARCHIES,26.01000022888184,26.489999771118164,25.700000762939453,25.90999984741211,44988
2024-06-19,ARCHIES,26.06999969482422,26.170000076293945,25.700000762939453,25.8700008392334,25682
2024-06-20,ARCHIES,25.5,26.32999992370605,25.5,25.90999984741211,65453
2024-06-21,ARCHIES,26.299999237060547,26.299999237060547,25.799999237060547,25.950000762939453,30769
2024-06-24,ARCHIES,26.190000534057617,26.89999961853028,25.489999771118164,25.64999961853028,93664
2024-06-25,ARCHIES,26.18000030517578,28.209999084472656,26.06999969482422,27.790000915527344,375852
2024-06-26,ARCHIES,27.790000915527344,28.89999961853028,27.14999961853028,27.3700008392334,180772
2024-06-27,ARCHIES,27.950000762939453,28.0,26.5,26.61000061035156,69625
2024-06-28,ARCHIES,27.5,27.5,26.32999992370605,26.709999084472656,70753
2024-06-03,ARE&M,1250.0,1250.0,1187.25,1196.4000244140625,1226643
2024-06-04,ARE&M,1196.4000244140625,1197.949951171875,1000.0,1082.300048828125,3779425
2024-06-05,ARE&M,1119.949951171875,1233.949951171875,1057.25,1217.4000244140625,4639364
2024-06-06,ARE&M,1265.0,1333.0,1246.550048828125,1277.5,7416493
2024-06-07,ARE&M,1288.0,1448.699951171875,1272.199951171875,1401.1500244140625,12287325
2024-06-10,ARE&M,1450.0,1538.5999755859375,1380.0,1400.25,8294804
2024-06-11,ARE&M,1408.949951171875,1420.0,1351.050048828125,1365.050048828125,3783369
2024-06-12,ARE&M,1373.0,1392.0,1336.0,1342.449951171875,2416309
2024-06-13,ARE&M,1354.0,1363.949951171875,1335.0,1340.6500244140625,1368240
2024-06-14,ARE&M,1345.9000244140625,1356.9000244140625,1321.0,1339.050048828125,1495056
2024-06-18,ARE&M,1341.0999755859375,1418.0,1339.050048828125,1370.9000244140625,3450389
2024-06-19,ARE&M,1381.9000244140625,1418.0,1355.0,1398.550048828125,3203862
2024-06-20,ARE&M,1401.199951171875,1432.0,1382.75,1401.0,2418130
2024-06-21,ARE&M,1419.699951171875,1465.3499755859375,1401.0,1409.300048828125,2949673
2024-06-24,ARE&M,1409.050048828125,1415.0,1372.0,1380.050048828125,1111667
2024-06-25,ARE&M,1480.8499755859375,1656.050048828125,1480.8499755859375,1646.199951171875,21281223
2024-06-26,ARE&M,1662.0,1775.949951171875,1652.0,1669.3499755859375,13195448
2024-06-27,ARE&M,1667.0,1674.0,1600.0,1609.550048828125,2640379
2024-06-28,ARE&M,1600.0,1715.6500244140625,1581.199951171875,1663.1500244140625,3967314
2024-06-03,ARENTERP,43.900001525878906,43.900001525878906,42.0,42.70000076293945,4474
2024-06-04,ARENTERP,43.59999847412109,43.59999847412109,40.59999847412109,40.59999847412109,3836
2024-06-05,ARENTERP,41.0,41.0,38.59999847412109,39.04999923706055,4787
2024-06-06,ARENTERP,40.79999923706055,40.84999847412109,39.45000076293945,40.150001525878906,3147
2024-06-07,ARENTERP,40.54999923706055,41.79999923706055,40.54999923706055,41.650001525878906,3163
2024-06-10,ARENTERP,41.650001525878906,45.810001373291016,40.79999923706055,43.40999984741211,28545
2024-06-11,ARENTERP,44.040000915527344,44.040000915527344,41.90999984741211,43.15999984741211,3833
2024-06-12,ARENTERP,43.20000076293945,43.54999923706055,42.0099983215332,42.9900016784668,3143
2024-06-13,ARENTERP,43.0,43.4900016784668,42.5,42.72999954223633,2153
2024-06-14,ARENTERP,42.7400016784668,42.83000183105469,40.560001373291016,42.43000030517578,4954
2024-06-18,ARENTERP,43.0,44.400001525878906,41.0,42.52999877929688,3188
2024-06-19,ARENTERP,42.7599983215332,42.84999847412109,41.119998931884766,42.02999877929688,1917
2024-06-20,ARENTERP,41.5099983215332,42.79999923706055,41.5099983215332,42.06999969482422,1213
2024-06-21,ARENTERP,42.31999969482422,43.84999847412109,41.72999954223633,41.91999816894531,4003
2024-06-24,ARENTERP,43.4900016784668,43.4900016784668,42.0,42.18999862670898,1941
2024-06-25,ARENTERP,46.400001525878906,46.400001525878906,43.4900016784668,46.400001525878906,25529
2024-06-26,ARENTERP,51.02999877929688,51.040000915527344,51.02999877929688,51.040000915527344,18284
2024-06-27,ARENTERP,52.0,55.650001525878906,51.15999984741211,52.56999969482422,109691
2024-06-28,ARENTERP,52.560001373291016,52.560001373291016,47.310001373291016,48.31999969482422,36970
2024-06-03,ARIES,230.9499969482422,231.0,216.75,218.8000030517578,95734
2024-06-04,ARIES,220.8500061035156,220.8500061035156,192.1000061035156,202.1499938964844,96038
2024-06-05,ARIES,208.6000061035156,232.0,205.0,223.6999969482422,274608
2024-06-06,ARIES,224.8999938964844,236.8500061035156,224.8999938964844,228.6000061035156,77466
2024-06-07,ARIES,230.6499938964844,238.6000061035156,227.1499938964844,236.0500030517578,89022
2024-06-10,ARIES,238.8999938964844,244.3600006103516,233.0,239.67999267578125,120909
2024-06-11,ARIES,241.0,251.0599975585937,238.0,243.6300048828125,127749
2024-06-12,ARIES,244.6999969482422,248.8500061035156,243.6000061035156,245.1199951171875,55647
2024-06-13,ARIES,246.4499969482422,249.9499969482422,241.8999938964844,243.5399932861328,73250
2024-06-14,ARIES,244.5,248.9900054931641,242.6100006103516,245.0,59145
2024-06-18,ARIES,247.5,270.0,244.0599975585937,266.8299865722656,444715
2024-06-19,ARIES,272.0,280.0,267.1000061035156,269.04998779296875,404627
2024-06-20,ARIES,271.17999267578125,286.3599853515625,270.0,277.1099853515625,813597
2024-06-21,ARIES,278.1499938964844,278.1499938964844,268.0,270.79998779296875,144709
2024-06-24,ARIES,270.6000061035156,270.6000061035156,260.1000061035156,261.9100036621094,103500
2024-06-25,ARIES,262.79998779296875,266.0,256.5199890136719,257.989990234375,73538
2024-06-26,ARIES,258.989990234375,267.0,257.4599914550781,264.3699951171875,83499
2024-06-27,ARIES,261.75,266.3699951171875,253.1000061035156,257.010009765625,61308
2024-06-28,ARIES,256.0,261.7300109863281,256.0,259.760009765625,34620
2024-06-03,ARIHANTCAP,66.0999984741211,66.69999694824219,64.5999984741211,65.69999694824219,462706
2024-06-04,ARIHANTCAP,66.0,66.0,53.20000076293945,58.09999847412109,914076
2024-06-05,ARIHANTCAP,58.95000076293945,62.0,56.75,61.29999923706055,385183
2024-06-06,ARIHANTCAP,61.650001525878906,64.0999984741211,61.650001525878906,63.29999923706055,317648
2024-06-07,ARIHANTCAP,63.75,66.9000015258789,63.5,66.3499984741211,436936
2024-06-10,ARIHANTCAP,67.3499984741211,68.88999938964844,66.0999984741211,67.12000274658203,390610
2024-06-11,ARIHANTCAP,67.58999633789062,68.75,67.44000244140625,67.88999938964844,302523
2024-06-12,ARIHANTCAP,67.88999938964844,68.77999877929688,66.5,66.83999633789062,201818
2024-06-13,ARIHANTCAP,67.5,68.43000030517578,65.20999908447266,66.54000091552734,439469
2024-06-14,ARIHANTCAP,67.4000015258789,71.30000305175781,66.54000091552734,69.30999755859375,992345
2024-06-18,ARIHANTCAP,71.0,76.5,69.94999694824219,73.81999969482422,4031361
2024-06-19,ARIHANTCAP,74.0199966430664,75.44000244140625,73.0,74.0,1234722
2024-06-20,ARIHANTCAP,74.0,75.58000183105469,72.98999786376953,74.55999755859375,831925
2024-06-21,ARIHANTCAP,74.55999755859375,75.9000015258789,73.19999694824219,73.94000244140625,733573
2024-06-24,ARIHANTCAP,72.61000061035156,74.5,72.0,73.18000030517578,498149
2024-06-25,ARIHANTCAP,73.4800033569336,73.9000015258789,70.58000183105469,70.83000183105469,440669
2024-06-26,ARIHANTCAP,71.11000061035156,71.80000305175781,68.05999755859375,70.08000183105469,556483
2024-06-27,ARIHANTCAP,70.58000183105469,70.62999725341797,67.12000274658203,68.47000122070312,394763
2024-06-28,ARIHANTCAP,68.75,71.19999694824219,68.47000122070312,70.37999725341797,342709
2024-06-03,ARIHANTSUP,325.25,333.0,319.1000061035156,327.8500061035156,112031
2024-06-04,ARIHANTSUP,332.8999938964844,332.8999938964844,263.0,288.1000061035156,67126
2024-06-05,ARIHANTSUP,296.70001220703125,345.0,279.04998779296875,316.75,96402
2024-06-06,ARIHANTSUP,319.54998779296875,341.0,319.5,335.6000061035156,46186
2024-06-07,ARIHANTSUP,336.1000061035156,340.5,330.0,333.75,25528
2024-06-10,ARIHANTSUP,334.70001220703125,347.3999938964844,332.95001220703125,341.3500061035156,18604
2024-06-11,ARIHANTSUP,346.6000061035156,346.70001220703125,336.6000061035156,338.20001220703125,59081
2024-06-12,ARIHANTSUP,341.1499938964844,347.5,331.5,334.45001220703125,106442
2024-06-13,ARIHANTSUP,337.3500061035156,346.5,334.0,343.3999938964844,50059
2024-06-14,ARIHANTSUP,339.0,344.0,333.70001220703125,340.1000061035156,19140
2024-06-18,ARIHANTSUP,339.54998779296875,346.3999938964844,339.04998779296875,344.29998779296875,32244
2024-06-19,ARIHANTSUP,345.1000061035156,364.0,335.0,347.70001220703125,105977
2024-06-20,ARIHANTSUP,350.0,350.8999938964844,345.29998779296875,348.70001220703125,37757
2024-06-21,ARIHANTSUP,351.20001220703125,351.20001220703125,342.1000061035156,345.6499938964844,21517
2024-06-24,ARIHANTSUP,342.20001220703125,346.3999938964844,340.0,341.3999938964844,18692
2024-06-25,ARIHANTSUP,342.0,358.0,340.25,341.75,73406
2024-06-26,ARIHANTSUP,343.04998779296875,359.8500061035156,335.20001220703125,340.0,68857
2024-06-27,ARIHANTSUP,339.8999938964844,354.79998779296875,325.1499938964844,339.54998779296875,152958
2024-06-28,ARIHANTSUP,337.79998779296875,342.54998779296875,334.79998779296875,338.45001220703125,15341
2024-06-03,ARMANFIN,2011.199951171875,2072.0,1955.800048828125,2001.449951171875,92554
2024-06-04,ARMANFIN,2031.449951171875,2031.449951171875,1808.050048828125,1924.050048828125,114082
2024-06-05,ARMANFIN,1950.0,2095.39990234375,1878.050048828125,2079.39990234375,64435
2024-06-06,ARMANFIN,2061.0,2322.0,2061.0,2287.75,231773
2024-06-07,ARMANFIN,2317.75,2360.14990234375,2226.39990234375,2240.35009765625,48665
2024-06-10,ARMANFIN,2263.89990234375,2324.949951171875,2224.199951171875,2233.550048828125,21102
2024-06-11,ARMANFIN,2241.0,2321.0,2240.0,2293.949951171875,124468
2024-06-12,ARMANFIN,2271.0,2486.800048828125,2270.89990234375,2453.800048828125,106142
2024-06-13,ARMANFIN,2509.0,2530.0,2416.050048828125,2434.050048828125,52264
2024-06-14,ARMANFIN,2424.39990234375,2499.0,2376.199951171875,2456.14990234375,26778
2024-06-18,ARMANFIN,2410.5,2541.699951171875,2390.050048828125,2416.449951171875,30825
2024-06-19,ARMANFIN,2419.0,2509.949951171875,2416.60009765625,2480.60009765625,22223
2024-06-20,ARMANFIN,2479.699951171875,2525.0,2405.199951171875,2418.199951171875,19124
2024-06-21,ARMANFIN,2450.0,2509.0,2418.39990234375,2456.949951171875,16080
2024-06-24,ARMANFIN,2430.0,2462.85009765625,2300.199951171875,2312.199951171875,44590
2024-06-25,ARMANFIN,2295.0,2343.89990234375,2161.449951171875,2176.39990234375,72316
2024-06-26,ARMANFIN,2184.449951171875,2224.0,2097.10009765625,2115.300048828125,50593
2024-06-27,ARMANFIN,2115.300048828125,2144.89990234375,2031.0999755859373,2042.0999755859373,67599
2024-06-28,ARMANFIN,2044.1500244140625,2111.64990234375,2043.1500244140625,2088.85009765625,51522
2024-06-03,AROGRANITE,52.04999923706055,52.95000076293945,51.0,51.29999923706055,95152
2024-06-04,AROGRANITE,52.0,52.0,49.25,50.09999847412109,30799
2024-06-05,AROGRANITE,50.04999923706055,51.0,49.150001525878906,50.400001525878906,30933
2024-06-06,AROGRANITE,52.400001525878906,54.54999923706055,51.0,53.45000076293945,45387
2024-06-07,AROGRANITE,53.75,54.5,51.0,52.84999847412109,68755
2024-06-10,AROGRANITE,53.650001525878906,53.650001525878906,52.09999847412109,52.81999969482422,10400
2024-06-11,AROGRANITE,53.4900016784668,53.880001068115234,53.04999923706055,53.130001068115234,13304
2024-06-12,AROGRANITE,53.43000030517578,57.84000015258789,53.209999084472656,55.70000076293945,157741
2024-06-13,AROGRANITE,55.68000030517578,58.70000076293945,55.09999847412109,57.0,104707
2024-06-14,AROGRANITE,57.95000076293945,58.4900016784668,55.810001373291016,56.25,58852
2024-06-18,AROGRANITE,57.459999084472656,61.0,56.11000061035156,59.81999969482422,462263
2024-06-19,AROGRANITE,60.0,61.790000915527344,57.25,58.220001220703125,141474
2024-06-20,AROGRANITE,57.70000076293945,59.2599983215332,57.29999923706055,57.43999862670898,32871
2024-06-21,AROGRANITE,57.59999847412109,59.18999862670898,56.75,57.43000030517578,53029
2024-06-24,AROGRANITE,57.29999923706055,58.47999954223633,56.560001373291016,56.81999969482422,41978
2024-06-25,AROGRANITE,57.29999923706055,58.09000015258789,56.15999984741211,56.84000015258789,43719
2024-06-26,AROGRANITE,57.9900016784668,60.70000076293945,57.02999877929688,59.869998931884766,149411
2024-06-27,AROGRANITE,60.0,61.5,58.5,58.52999877929688,92789
2024-06-28,AROGRANITE,59.619998931884766,59.619998931884766,56.04999923706055,57.02000045776367,33347
2024-06-03,ARROWGREEN,590.0,602.4500122070312,561.3499755859375,567.25,122758
2024-06-04,ARROWGREEN,567.0,567.0,485.5,496.2999877929688,238525
2024-06-05,ARROWGREEN,515.0,580.0,500.0499877929688,560.2000122070312,243183
2024-06-06,ARROWGREEN,566.9000244140625,577.9000244140625,554.9500122070312,559.5999755859375,101310
2024-06-07,ARROWGREEN,559.5999755859375,619.9500122070312,555.2000122070312,604.9000244140625,298365
2024-06-10,ARROWGREEN,614.0,626.6500244140625,590.0,591.5499877929688,145325
2024-06-11,ARROWGREEN,593.7999877929688,608.4000244140625,580.5499877929688,593.2000122070312,74273
2024-06-12,ARROWGREEN,590.0999755859375,598.5,570.0,573.7000122070312,79219
2024-06-13,ARROWGREEN,575.7999877929688,576.7999877929688,561.75,568.6500244140625,70140
2024-06-14,ARROWGREEN,572.9500122070312,599.0,569.0,577.0499877929688,129057
2024-06-18,ARROWGREEN,579.2000122070312,598.4000244140625,556.5499877929688,560.2000122070312,119404
2024-06-19,ARROWGREEN,564.6500244140625,573.8499755859375,542.0999755859375,560.7999877929688,134054
2024-06-20,ARROWGREEN,562.2000122070312,581.2999877929688,560.8499755859375,568.5999755859375,42488
2024-06-21,ARROWGREEN,575.5999755859375,575.5999755859375,550.0,552.2999877929688,56505
2024-06-24,ARROWGREEN,546.5,560.2000122070312,540.9000244140625,551.75,31048
2024-06-25,ARROWGREEN,552.0499877929688,559.0,529.6500244140625,536.9000244140625,72641
2024-06-26,ARROWGREEN,533.7999877929688,568.7000122070312,530.25,552.3499755859375,97522
2024-06-27,ARROWGREEN,555.2999877929688,564.5,538.9000244140625,546.5499877929688,42088
2024-06-28,ARROWGREEN,544.0,570.0,542.0,562.9000244140625,62685
2024-06-03,ARSHIYA,6.0,6.0,5.800000190734863,5.949999809265137,378354
2024-06-04,ARSHIYA,6.150000095367432,6.150000095367432,5.650000095367432,5.650000095367432,756557
2024-06-05,ARSHIYA,5.650000095367432,5.900000095367432,5.400000095367432,5.900000095367432,2646337
2024-06-06,ARSHIYA,6.099999904632568,6.150000095367432,5.75,5.949999809265137,1584410
2024-06-07,ARSHIYA,6.099999904632568,6.099999904632568,5.800000190734863,5.900000095367432,379938
2024-06-10,ARSHIYA,5.989999771118164,5.989999771118164,5.800000190734863,5.889999866485596,128794
2024-06-11,ARSHIYA,5.900000095367432,6.0,5.699999809265137,5.860000133514404,341124
2024-06-12,ARSHIYA,5.860000133514404,6.050000190734863,5.710000038146973,5.949999809265137,534377
2024-06-13,ARSHIYA,6.099999904632568,6.179999828338623,5.940000057220459,5.989999771118164,301251
2024-06-14,ARSHIYA,6.03000020980835,6.199999809265137,5.900000095367432,5.949999809265137,207443
2024-06-18,ARSHIYA,5.949999809265137,5.949999809265137,5.75,5.760000228881836,309023
2024-06-19,ARSHIYA,5.760000228881836,5.800000190734863,5.46999979019165,5.46999979019165,971940
2024-06-20,ARSHIYA,5.389999866485596,5.739999771118164,5.190000057220459,5.300000190734863,2541780
2024-06-21,ARSHIYA,5.400000095367432,5.559999942779541,5.110000133514404,5.559999942779541,2048156
2024-06-24,ARSHIYA,5.789999961853027,5.789999961853027,5.28000020980835,5.300000190734863,779448
2024-06-25,ARSHIYA,5.460000038146973,5.460000038146973,5.099999904632568,5.230000019073486,605297
2024-06-26,ARSHIYA,5.300000190734863,5.449999809265137,5.21999979019165,5.409999847412109,238048
2024-06-27,ARSHIYA,5.449999809265137,5.590000152587891,5.21999979019165,5.429999828338623,230698
2024-06-28,ARSHIYA,5.599999904632568,5.599999904632568,5.300000190734863,5.389999866485596,235320
2024-06-03,ARTEMISMED,179.8000030517578,179.8000030517578,167.8000030517578,173.0500030517578,198273
2024-06-04,ARTEMISMED,173.0,173.0,143.0500030517578,165.60000610351562,190939
2024-06-05,ARTEMISMED,166.0,175.8000030517578,160.10000610351562,174.85000610351562,102214
2024-06-06,ARTEMISMED,174.39999389648438,179.6999969482422,173.0500030517578,174.3000030517578,79669
2024-06-07,ARTEMISMED,174.3000030517578,177.0500030517578,173.1999969482422,175.25,94923
2024-06-10,ARTEMISMED,177.5,182.0,173.0500030517578,180.02999877929688,152419
2024-06-11,ARTEMISMED,180.02999877929688,182.47999572753903,176.4600067138672,179.4600067138672,192594
2024-06-12,ARTEMISMED,179.5,181.6999969482422,177.42999267578125,179.99000549316406,135760
2024-06-13,ARTEMISMED,180.5,183.47000122070312,178.0,181.7899932861328,123382
2024-06-14,ARTEMISMED,182.6999969482422,183.8500061035156,177.58999633789062,179.7899932861328,64274
2024-06-18,ARTEMISMED,179.85000610351562,181.1699981689453,175.8300018310547,178.3300018310547,176339
2024-06-19,ARTEMISMED,178.44000244140625,179.66000366210938,173.80999755859375,175.14999389648438,81297
2024-06-20,ARTEMISMED,175.88999938964844,188.2400054931641,174.5,181.5599975585937,463729
2024-06-21,ARTEMISMED,182.3000030517578,185.5,178.32000732421875,180.3999938964844,126308
2024-06-24,ARTEMISMED,183.0,183.0,176.0,177.58999633789062,84961
2024-06-25,ARTEMISMED,177.58999633789062,179.38999938964844,172.10000610351562,177.08999633789062,127989
2024-06-26,ARTEMISMED,177.08999633789062,179.8000030517578,175.0,178.5399932861328,83631
2024-06-27,ARTEMISMED,179.5,183.0500030517578,176.24000549316406,178.1199951171875,260193
2024-06-28,ARTEMISMED,178.6999969482422,180.58999633789065,177.02000427246094,177.4199981689453,111964
2024-06-03,ARTNIRMAN,52.95000076293945,55.0,52.59999847412109,53.79999923706055,9528
2024-06-04,ARTNIRMAN,52.400001525878906,54.900001525878906,52.0,53.79999923706055,1053
2024-06-05,ARTNIRMAN,53.84999847412109,56.0,53.45000076293945,54.95000076293945,969
2024-06-06,ARTNIRMAN,55.0,57.650001525878906,55.0,57.650001525878906,3977
2024-06-07,ARTNIRMAN,63.20000076293945,63.400001525878906,58.900001525878906,60.54999923706055,6226
2024-06-10,ARTNIRMAN,62.58000183105469,66.58999633789062,61.209999084472656,63.380001068115234,12358
2024-06-11,ARTNIRMAN,68.0,69.70999908447266,63.560001373291016,69.66999816894531,55538
2024-06-12,ARTNIRMAN,65.36000061035156,69.0,65.36000061035156,67.44000244140625,17943
2024-06-13,ARTNIRMAN,69.69999694824219,69.69999694824219,64.0,65.62000274658203,8670
2024-06-14,ARTNIRMAN,65.62000274658203,68.58000183105469,63.810001373291016,65.25,12805
2024-06-18,ARTNIRMAN,66.69999694824219,66.69999694824219,61.060001373291016,62.79999923706055,13893
2024-06-19,ARTNIRMAN,62.79999923706055,68.0,62.79999923706055,65.41999816894531,21222
2024-06-20,ARTNIRMAN,66.7300033569336,69.3499984741211,66.0,66.5199966430664,7004
2024-06-21,ARTNIRMAN,65.19000244140625,69.33000183105469,65.0,67.23999786376953,11809
2024-06-24,ARTNIRMAN,67.0,68.48999786376953,64.0199966430664,66.22000122070312,28684
2024-06-25,ARTNIRMAN,66.2300033569336,68.5,62.02999877929688,63.81999969482422,13008
2024-06-26,ARTNIRMAN,64.16999816894531,65.68000030517578,62.02000045776367,62.77000045776367,8294
2024-06-27,ARTNIRMAN,62.380001068115234,63.61000061035156,61.0,61.09999847412109,9020
2024-06-28,ARTNIRMAN,62.4900016784668,65.9800033569336,60.400001525878906,63.70000076293945,35698
2024-06-03,ARVEE,193.0500030517578,198.0,187.8999938964844,189.5500030517578,1055
2024-06-04,ARVEE,189.5500030517578,189.5500030517578,180.10000610351562,181.0,2167
2024-06-05,ARVEE,178.39999389648438,178.39999389648438,173.0,177.9499969482422,773
2024-06-06,ARVEE,180.8999938964844,183.1999969482422,177.9499969482422,182.25,747
2024-06-07,ARVEE,182.25,191.3500061035156,182.25,191.3500061035156,1001
2024-06-10,ARVEE,195.0,200.8999938964844,190.0,196.1300048828125,1005
2024-06-11,ARVEE,196.1300048828125,200.9100036621093,190.0,193.5,1170
2024-06-12,ARVEE,196.97999572753903,196.97999572753903,190.0,191.07000732421875,530
2024-06-13,ARVEE,187.25,200.25,187.25,191.4499969482422,1148
2024-06-14,ARVEE,191.4499969482422,199.9900054931641,188.1000061035156,196.88999938964844,910
2024-06-18,ARVEE,198.9499969482422,200.0,189.02999877929688,190.94000244140625,426
2024-06-19,ARVEE,194.759994506836,194.759994506836,182.6100006103516,184.0,1156
2024-06-20,ARVEE,180.0,193.1999969482422,180.0,192.69000244140625,870
2024-06-21,ARVEE,202.0,202.0,190.0,190.0,1482
2024-06-24,ARVEE,190.1000061035156,196.6999969482422,190.1000061035156,194.8999938964844,167
2024-06-25,ARVEE,195.0,195.0,190.0,194.0,363
2024-06-26,ARVEE,190.0,194.0,184.6000061035156,186.4900054931641,2296
2024-06-27,ARVEE,187.97999572753903,193.9900054931641,187.97999572753903,190.47999572753903,1410
2024-06-28,ARVEE,193.0,198.0,189.75,192.1999969482422,584
2024-06-03,ARVIND,390.3500061035156,391.7999877929688,361.2999877929688,366.2999877929688,1823705
2024-06-04,ARVIND,368.7999877929688,376.4500122070313,326.70001220703125,350.1000061035156,1588388
2024-06-05,ARVIND,337.04998779296875,363.2000122070313,331.95001220703125,346.6499938964844,841914
2024-06-06,ARVIND,353.20001220703125,365.2999877929688,349.04998779296875,362.5499877929688,1134043
2024-06-07,ARVIND,362.0,373.4500122070313,360.0,369.8999938964844,355314
2024-06-10,ARVIND,375.9500122070313,379.7999877929688,359.0,366.2999877929688,685711
2024-06-11,ARVIND,372.6000061035156,393.6000061035156,367.3500061035156,379.7999877929688,1535527
2024-06-12,ARVIND,380.0,389.9500122070313,367.5499877929688,375.6000061035156,1873737
2024-06-13,ARVIND,377.8999938964844,389.0,376.0499877929688,379.75,1644917
2024-06-14,ARVIND,380.5,381.75,374.0499877929688,377.6499938964844,402483
2024-06-18,ARVIND,379.5,381.6499938964844,369.1000061035156,373.8999938964844,512472
2024-06-19,ARVIND,375.7000122070313,378.3999938964844,365.0,369.6000061035156,375874
2024-06-20,ARVIND,371.1000061035156,376.0,366.0,368.1000061035156,321475
2024-06-21,ARVIND,369.6000061035156,373.2999877929688,365.5,370.3500061035156,347500
2024-06-24,ARVIND,365.0,366.9500122070313,350.0,354.25,2445267
2024-06-25,ARVIND,357.45001220703125,366.7999877929688,355.1000061035156,357.6000061035156,391013
2024-06-26,ARVIND,362.0,364.8500061035156,356.54998779296875,361.2000122070313,584523
2024-06-27,ARVIND,363.4500122070313,387.0,361.6000061035156,379.2000122070313,2111574
2024-06-28,ARVIND,383.0,389.0,368.9500122070313,370.0499877929688,1174376
2024-06-03,ARVINDFASN,460.0,460.0,438.5,441.75,262603
2024-06-04,ARVINDFASN,440.5,444.7000122070313,384.6000061035156,411.9500122070313,381768
2024-06-05,ARVINDFASN,425.0,450.0,405.1000061035156,446.6499938964844,208610
2024-06-06,ARVINDFASN,447.0,463.2999877929688,447.0,460.2999877929688,298039
2024-06-07,ARVINDFASN,460.2999877929688,470.9500122070313,455.75,468.9500122070313,145993
2024-06-10,ARVINDFASN,472.0,482.75,467.3500061035156,471.1499938964844,207242
2024-06-11,ARVINDFASN,471.1499938964844,487.0499877929688,471.1499938964844,473.1499938964844,199804
2024-06-12,ARVINDFASN,474.4500122070313,478.0,468.3999938964844,469.8999938964844,183892
2024-06-13,ARVINDFASN,472.1499938964844,487.5,471.1000061035156,481.0,194010
2024-06-14,ARVINDFASN,483.0,488.75,477.0,478.5499877929688,187605
2024-06-18,ARVINDFASN,485.75,487.0,473.0,480.5,569577
2024-06-19,ARVINDFASN,485.0,502.5,482.4500122070313,485.5499877929688,830845
2024-06-20,ARVINDFASN,491.7000122070313,496.25,484.6000061035156,491.8999938964844,262802
2024-06-21,ARVINDFASN,496.9500122070313,534.9500122070312,496.25,512.5999755859375,1559919
2024-06-24,ARVINDFASN,510.0,525.0,501.3500061035156,513.7000122070312,341037
2024-06-25,ARVINDFASN,514.0999755859375,529.7999877929688,511.0,523.5,473080
2024-06-26,ARVINDFASN,526.0,553.25,509.6499938964844,543.75,3293193
2024-06-27,ARVINDFASN,559.7999877929688,559.7999877929688,509.0,520.25,5252562
2024-06-28,ARVINDFASN,524.0,528.0,513.5,515.5,922237
2024-06-03,ARVSMART,666.9000244140625,667.0,635.0,640.0,41056
2024-06-04,ARVSMART,625.0,629.5999755859375,531.0,545.0499877929688,194135
2024-06-05,ARVSMART,551.0,633.0,523.5499877929688,583.2000122070312,178171
2024-06-06,ARVSMART,587.0,639.0,586.8499755859375,632.9000244140625,130071
2024-06-07,ARVSMART,632.9000244140625,689.7000122070312,630.1500244140625,677.7000122070312,80657
2024-06-10,ARVSMART,683.4000244140625,698.7000122070312,664.3499755859375,677.2999877929688,65794
2024-06-11,ARVSMART,675.0,719.0,674.9500122070312,693.3499755859375,311114
2024-06-12,ARVSMART,692.0,705.6500244140625,689.0499877929688,697.5499877929688,42524
2024-06-13,ARVSMART,697.9500122070312,704.3499755859375,692.0999755859375,699.0,26431
2024-06-14,ARVSMART,699.0499877929688,703.7999877929688,675.0,678.5,48844
2024-06-18,ARVSMART,676.0,686.4000244140625,669.6500244140625,682.5999755859375,41399
2024-06-19,ARVSMART,681.9500122070312,697.9500122070312,668.0,677.9000244140625,51717
2024-06-20,ARVSMART,678.0,697.5499877929688,675.0,687.9500122070312,40049
2024-06-21,ARVSMART,690.5,694.8499755859375,675.0,689.4000244140625,51565
2024-06-24,ARVSMART,691.4000244140625,732.25,678.0,680.8499755859375,136811
2024-06-25,ARVSMART,686.0,692.5,675.1500244140625,690.3499755859375,58919
2024-06-26,ARVSMART,696.0,742.5,684.5999755859375,735.9000244140625,369833
2024-06-27,ARVSMART,744.0,759.7000122070312,700.0,705.5999755859375,147718
2024-06-28,ARVSMART,714.5999755859375,723.9500122070312,699.0499877929688,702.5999755859375,62546
2024-06-03,ASAHIINDIA,598.0,598.0,582.0999755859375,594.3499755859375,90832
2024-06-04,ASAHIINDIA,594.3499755859375,596.9500122070312,540.0,575.3499755859375,130383
2024-06-05,ASAHIINDIA,582.0,585.0,557.9000244140625,580.4500122070312,69204
2024-06-06,ASAHIINDIA,582.0,600.9000244140625,582.0,592.4500122070312,73662
2024-06-07,ASAHIINDIA,598.0,615.4000244140625,592.5499877929688,601.9500122070312,96172
2024-06-10,ASAHIINDIA,605.75,612.4500122070312,602.0999755859375,605.0,54728
2024-06-11,ASAHIINDIA,605.0,633.9500122070312,603.0,616.7000122070312,364717
2024-06-12,ASAHIINDIA,624.0,624.0499877929688,614.0,617.4000244140625,76358
2024-06-13,ASAHIINDIA,619.9000244140625,623.0,609.8499755859375,617.0499877929688,86723
2024-06-14,ASAHIINDIA,622.5499877929688,628.2999877929688,615.6500244140625,620.0999755859375,115320
2024-06-18,ASAHIINDIA,625.5499877929688,673.4500122070312,620.0,669.5499877929688,1881722
2024-06-19,ASAHIINDIA,679.0,690.0,654.0,669.5,817671
2024-06-20,ASAHIINDIA,672.0,685.0,660.5499877929688,677.25,252028
2024-06-21,ASAHIINDIA,677.0,689.9500122070312,672.9500122070312,677.9000244140625,278017
2024-06-24,ASAHIINDIA,680.0,718.0,679.9500122070312,708.8499755859375,1137767
2024-06-25,ASAHIINDIA,715.0,722.0,697.0,701.4000244140625,246219
2024-06-26,ASAHIINDIA,707.5,708.25,681.5999755859375,684.5499877929688,185036
2024-06-27,ASAHIINDIA,691.4000244140625,697.0,672.5,676.5,176211
2024-06-28,ASAHIINDIA,670.0999755859375,684.7999877929688,667.6500244140625,671.0,97446
2024-06-03,ASAHISONG,382.0,397.0,356.20001220703125,384.0499877929688,147505
2024-06-04,ASAHISONG,387.0,392.7000122070313,350.0,375.75,86089
2024-06-05,ASAHISONG,375.75,388.0,361.5499877929688,384.3999938964844,23419
2024-06-06,ASAHISONG,388.0,388.0,376.1000061035156,381.7999877929688,15284
2024-06-07,ASAHISONG,387.4500122070313,387.4500122070313,377.0,383.0499877929688,13494
2024-06-10,ASAHISONG,383.6499938964844,384.2000122070313,370.0,373.3500061035156,18485
2024-06-11,ASAHISONG,375.0,380.2999877929688,367.1000061035156,379.1000061035156,51940
2024-06-12,ASAHISONG,382.8999938964844,412.0,372.0,407.4500122070313,326718
2024-06-13,ASAHISONG,413.6499938964844,423.9500122070313,406.5499877929688,409.3999938964844,147102
2024-06-14,ASAHISONG,415.0,415.0,393.8500061035156,397.3500061035156,61803
2024-06-18,ASAHISONG,403.25,406.7999877929688,392.0,393.25,25091
2024-06-19,ASAHISONG,393.2000122070313,426.7999877929688,387.25,399.8500061035156,125561
2024-06-20,ASAHISONG,410.0,424.0,407.6000061035156,421.1000061035156,118590
2024-06-21,ASAHISONG,428.3999938964844,437.0,414.8500061035156,423.3999938964844,95966
2024-06-24,ASAHISONG,425.3999938964844,432.7000122070313,417.0499877929688,422.6499938964844,148377
2024-06-25,ASAHISONG,424.8999938964844,432.1000061035156,406.0,411.5,55352
2024-06-26,ASAHISONG,413.25,417.4500122070313,408.0,410.8999938964844,13850
2024-06-27,ASAHISONG,411.8500061035156,463.0,411.8500061035156,443.9500122070313,322210
2024-06-28,ASAHISONG,446.9500122070313,466.0,445.8500061035156,454.2999877929688,178373
2024-06-03,ASAL,894.9000244140625,900.0,861.3499755859375,892.5999755859375,120454
2024-06-04,ASAL,895.0,895.0499877929688,714.0999755859375,772.7999877929688,241176
2024-06-05,ASAL,790.0,847.0,763.9000244140625,829.6500244140625,167694
2024-06-06,ASAL,838.9000244140625,920.0,838.9000244140625,889.9500122070312,217049
2024-06-07,ASAL,890.0,918.9000244140624,865.2999877929688,875.5999755859375,188163
2024-06-10,ASAL,882.9000244140625,892.7999877929688,862.2000122070312,878.2999877929688,72362
2024-06-11,ASAL,884.9000244140625,970.9000244140624,880.3499755859375,959.7999877929688,660928
2024-06-12,ASAL,968.0,1008.9000244140624,962.4000244140624,976.4500122070312,572527
2024-06-13,ASAL,984.0,985.0,964.0,982.0499877929688,128952
2024-06-14,ASAL,986.7000122070312,1004.9500122070312,972.1500244140624,975.5999755859376,147009
2024-06-18,ASAL,984.4000244140624,1043.949951171875,981.2000122070312,1036.0,256085
2024-06-19,ASAL,1043.5,1048.949951171875,1000.0499877929688,1023.7999877929688,129255
2024-06-20,ASAL,1029.699951171875,1063.949951171875,1014.7000122070312,1037.800048828125,150830
2024-06-21,ASAL,1078.0,1078.949951171875,1009.9500122070312,1028.8499755859375,155699
2024-06-24,ASAL,1028.699951171875,1036.949951171875,1007.0,1016.3499755859376,57983
2024-06-25,ASAL,1024.050048828125,1031.0,1000.0,1005.7999877929688,40839
2024-06-26,ASAL,1005.9000244140624,1068.0,988.8499755859376,1027.6500244140625,169204
2024-06-27,ASAL,1030.699951171875,1038.25,1005.0,1018.25,67766
2024-06-28,ASAL,1023.9000244140624,1060.0,1006.0999755859376,1025.949951171875,65375
2024-06-03,ASALCBR,554.0,565.0,548.0999755859375,558.9500122070312,65768
2024-06-04,ASALCBR,562.4000244140625,562.4000244140625,485.5499877929688,526.9500122070312,111855
2024-06-05,ASALCBR,526.0,562.5499877929688,511.0,554.5,56597
2024-06-06,ASALCBR,560.0,568.9500122070312,552.2000122070312,560.25,35590
2024-06-07,ASALCBR,565.9000244140625,650.0,563.5499877929688,642.5,479590
2024-06-10,ASALCBR,645.0999755859375,677.0,638.0499877929688,643.0,488031
2024-06-11,ASALCBR,640.5,648.7000122070312,607.5499877929688,622.0999755859375,162031
2024-06-12,ASALCBR,660.0,732.7999877929688,625.0,712.75,837343
2024-06-13,ASALCBR,717.7999877929688,728.0,687.0,710.4500122070312,545759
2024-06-14,ASALCBR,713.5,719.4500122070312,681.0,703.5999755859375,199397
2024-06-18,ASALCBR,703.4000244140625,703.5,679.2999877929688,682.9000244140625,122218
2024-06-19,ASALCBR,686.4000244140625,708.7000122070312,669.9500122070312,695.9000244140625,112365
2024-06-20,ASALCBR,700.0,715.0,691.0999755859375,700.0,60793
2024-06-21,ASALCBR,706.0,743.7000122070312,696.5499877929688,715.9500122070312,196333
2024-06-24,ASALCBR,726.5,728.0,702.2999877929688,705.7000122070312,56909
2024-06-25,ASALCBR,711.6500244140625,735.0,696.0,701.25,75105
2024-06-26,ASALCBR,713.0,713.0,686.0499877929688,688.6500244140625,59851
2024-06-27,ASALCBR,697.0,701.0499877929688,664.75,666.5,97492
2024-06-28,ASALCBR,670.0,678.7999877929688,663.0,666.0499877929688,71622
2024-06-03,ASHAPURMIN,366.0,387.5,355.0,383.5,492872
2024-06-04,ASHAPURMIN,383.6000061035156,383.6000061035156,316.8500061035156,334.0,381759
2024-06-05,ASHAPURMIN,335.5,350.0,321.20001220703125,339.45001220703125,163971
2024-06-06,ASHAPURMIN,344.0,356.25,341.04998779296875,347.1499938964844,102415
2024-06-07,ASHAPURMIN,350.0,357.95001220703125,348.1000061035156,354.29998779296875,111312
2024-06-10,ASHAPURMIN,366.0,366.0,354.75,357.70001220703125,105605
2024-06-11,ASHAPURMIN,361.6000061035156,395.0,360.25,388.6000061035156,478792
2024-06-12,ASHAPURMIN,391.7000122070313,407.0,391.5499877929688,403.4500122070313,391204
2024-06-13,ASHAPURMIN,415.0,418.0,402.8500061035156,412.4500122070313,448565
2024-06-14,ASHAPURMIN,412.4500122070313,422.0,407.0499877929688,419.9500122070313,340003
2024-06-18,ASHAPURMIN,421.3999938964844,422.1000061035156,397.6000061035156,399.9500122070313,313585
2024-06-19,ASHAPURMIN,400.7000122070313,401.8500061035156,382.8500061035156,387.2000122070313,144014
2024-06-20,ASHAPURMIN,382.1000061035156,418.8999938964844,382.1000061035156,405.4500122070313,425635
2024-06-21,ASHAPURMIN,407.0,419.0,398.0,410.5,307597
2024-06-24,ASHAPURMIN,416.6000061035156,416.6000061035156,404.2999877929688,408.8500061035156,149878
2024-06-25,ASHAPURMIN,410.75,453.3500061035156,402.0,426.1499938964844,900599
2024-06-26,ASHAPURMIN,434.0,442.5,427.6499938964844,428.7000122070313,386809
2024-06-27,ASHAPURMIN,430.0,434.8999938964844,406.1000061035156,410.1000061035156,221776
2024-06-28,ASHAPURMIN,412.8999938964844,421.2000122070313,403.7000122070313,406.1000061035156,119300
2024-06-03,ASHIANA,357.54998779296875,368.0,355.6000061035156,357.79998779296875,98491
2024-06-04,ASHIANA,360.0,360.0,314.04998779296875,334.3999938964844,162869
2024-06-05,ASHIANA,333.29998779296875,352.54998779296875,327.04998779296875,351.3999938964844,95384
2024-06-06,ASHIANA,358.8999938964844,374.8500061035156,356.20001220703125,368.3999938964844,162235
2024-06-07,ASHIANA,372.0,382.0,364.3999938964844,379.0499877929688,119275
2024-06-10,ASHIANA,387.0,398.7999877929688,381.0,387.7999877929688,194684
2024-06-11,ASHIANA,392.25,421.0,390.25,410.7999877929688,707610
2024-06-12,ASHIANA,413.7999877929688,424.3999938964844,410.7999877929688,416.1000061035156,233040
2024-06-13,ASHIANA,416.2999877929688,424.25,415.0,415.8500061035156,145043
2024-06-14,ASHIANA,417.0,459.5499877929688,415.75,441.3500061035156,688598
2024-06-18,ASHIANA,441.7999877929688,443.8500061035156,414.0499877929688,417.6499938964844,358173
2024-06-19,ASHIANA,417.6499938964844,430.9500122070313,415.0,420.0,130092
2024-06-20,ASHIANA,420.1499938964844,469.0,412.1000061035156,452.0499877929688,981080
2024-06-21,ASHIANA,453.5,453.5,429.0499877929688,433.5499877929688,190703
2024-06-24,ASHIANA,434.6000061035156,436.7999877929688,427.6499938964844,430.2000122070313,60218
2024-06-25,ASHIANA,431.5,433.3500061035156,419.4500122070313,422.7000122070313,86912
2024-06-26,ASHIANA,424.75,425.8999938964844,414.0,416.0,70217
2024-06-27,ASHIANA,419.8999938964844,427.8999938964844,411.7999877929688,415.7000122070313,104121
2024-06-28,ASHIANA,416.1000061035156,424.0,414.0,420.0499877929688,71723
2024-06-03,ASHIMASYN,33.150001525878906,33.150001525878906,29.89999961853028,30.14999961853028,1859929
2024-06-04,ASHIMASYN,29.75,29.75,27.14999961853028,27.14999961853028,1919183
2024-06-05,ASHIMASYN,27.200000762939453,29.850000381469727,26.0,29.850000381469727,1681063
2024-06-06,ASHIMASYN,30.049999237060547,32.5,30.049999237060547,31.299999237060547,2289673
2024-06-07,ASHIMASYN,32.04999923706055,34.400001525878906,31.5,34.400001525878906,2620094
2024-06-10,ASHIMASYN,36.43999862670898,37.84000015258789,35.25,37.84000015258789,4572254
2024-06-11,ASHIMASYN,39.400001525878906,39.72999954223633,36.150001525878906,36.83000183105469,5566868
2024-06-12,ASHIMASYN,36.90999984741211,38.0,35.90999984741211,36.09000015258789,1672572
2024-06-13,ASHIMASYN,36.9900016784668,37.20000076293945,35.20000076293945,35.72999954223633,1103475
2024-06-14,ASHIMASYN,35.939998626708984,37.5099983215332,35.209999084472656,36.77000045776367,2451701
2024-06-18,ASHIMASYN,37.900001525878906,38.59999847412109,37.09999847412109,38.29999923706055,1898824
2024-06-19,ASHIMASYN,39.7400016784668,39.810001373291016,38.310001373291016,38.93000030517578,2658223
2024-06-20,ASHIMASYN,39.20000076293945,39.5,37.400001525878906,37.720001220703125,1477403
2024-06-21,ASHIMASYN,38.02000045776367,38.470001220703125,36.5099983215332,37.09000015258789,1064589
2024-06-24,ASHIMASYN,37.400001525878906,38.7400016784668,36.7400016784668,37.959999084472656,1069418
2024-06-25,ASHIMASYN,38.25,39.5,38.02999877929688,38.970001220703125,1369602
2024-06-26,ASHIMASYN,39.09999847412109,40.90999984741211,39.0,40.90999984741211,2618891
2024-06-27,ASHIMASYN,42.38999938964844,42.95000076293945,41.900001525878906,42.95000076293945,1031671
2024-06-28,ASHIMASYN,45.08000183105469,45.09000015258789,41.25,44.86000061035156,6757597
2024-06-03,ASHOKA,199.0,200.0,191.9499969482422,195.0500030517578,6228859
2024-06-04,ASHOKA,199.0,199.0,163.0,172.14999389648438,6196853
2024-06-05,ASHOKA,179.0,181.9499969482422,167.39999389648438,180.10000610351562,2709579
2024-06-06,ASHOKA,183.0,190.0500030517578,182.5500030517578,186.3500061035156,2642559
2024-06-07,ASHOKA,189.0,212.0,186.6999969482422,207.6000061035156,14020349
2024-06-10,ASHOKA,214.0,229.9900054931641,214.0,219.2100067138672,13678743
2024-06-11,ASHOKA,221.0,223.58999633789065,215.5800018310547,218.5,5207666
2024-06-12,ASHOKA,220.3999938964844,226.3999938964844,219.6000061035156,221.3699951171875,5479433
2024-06-13,ASHOKA,222.0,225.38999938964844,219.5,222.5599975585937,2726936
2024-06-14,ASHOKA,223.6000061035156,228.7899932861328,220.1000061035156,223.75,3207839
2024-06-18,ASHOKA,224.5,228.75,217.509994506836,228.07000732421875,3651438
2024-06-19,ASHOKA,229.5,229.6999969482422,220.0,222.13999938964844,2068419
2024-06-20,ASHOKA,220.0,246.5,218.0,243.82000732421875,9908084
2024-06-21,ASHOKA,244.8000030517578,246.6600036621093,233.2400054931641,236.8500061035156,6161902
2024-06-24,ASHOKA,236.8000030517578,244.8500061035156,235.009994506836,242.3699951171875,2796319
2024-06-25,ASHOKA,244.3000030517578,249.0,235.4100036621093,237.8099975585937,3281117
2024-06-26,ASHOKA,238.8000030517578,239.5,234.259994506836,236.509994506836,2621315
2024-06-27,ASHOKA,236.509994506836,237.3500061035156,223.0,227.3600006103516,3411376
2024-06-28,ASHOKA,230.0,231.8999938964844,222.1499938964844,224.5599975585937,1681338
2024-06-03,ASHOKAMET,25.0,25.549999237060547,23.14999961853028,23.14999961853028,1892400
2024-06-04,ASHOKAMET,22.89999961853028,22.89999961853028,22.0,22.0,167510
2024-06-05,ASHOKAMET,20.89999961853028,21.5,20.89999961853028,20.89999961853028,136722
2024-06-06,ASHOKAMET,20.600000381469727,21.89999961853028,20.14999961853028,21.600000381469727,1667183
2024-06-07,ASHOKAMET,21.64999961853028,22.64999961853028,21.600000381469727,22.600000381469727,753047
2024-06-10,ASHOKAMET,21.46999931335449,21.46999931335449,21.46999931335449,21.46999931335449,235336
2024-06-11,ASHOKAMET,20.51000022888184,21.38999938964844,20.38999938964844,20.38999938964844,696787
2024-06-12,ASHOKAMET,21.0,21.200000762939453,19.46999931335449,19.670000076293945,1293452
2024-06-13,ASHOKAMET,19.76000022888184,20.450000762939453,18.790000915527344,19.31999969482422,959328
2024-06-14,ASHOKAMET,19.690000534057617,20.1299991607666,19.309999465942383,19.959999084472656,316486
2024-06-18,ASHOKAMET,19.850000381469727,19.959999084472656,19.39999961853028,19.799999237060547,212073
2024-06-19,ASHOKAMET,19.979999542236328,20.13999938964844,19.520000457763672,19.709999084472656,188938
2024-06-20,ASHOKAMET,20.0,20.479999542236328,19.700000762939453,20.350000381469727,222089
2024-06-21,ASHOKAMET,20.350000381469727,20.950000762939453,20.0,20.06999969482422,156790
2024-06-24,ASHOKAMET,20.100000381469727,20.950000762939453,19.770000457763672,20.57999992370605,227667
2024-06-25,ASHOKAMET,21.200000762939453,21.600000381469727,20.989999771118164,21.13999938964844,212976
2024-06-26,ASHOKAMET,21.559999465942383,21.700000762939453,20.07999992370605,21.0,364079
2024-06-27,ASHOKAMET,21.690000534057617,21.690000534057617,20.489999771118164,20.530000686645508,194679
2024-06-28,ASHOKAMET,20.530000686645508,20.940000534057617,19.88999938964844,20.049999237060547,130957
2024-06-03,ASHOKLEY,117.5,118.9749984741211,115.5,118.25,54498356
2024-06-04,ASHOKLEY,117.5,117.5,96.0,103.875,91691974
2024-06-05,ASHOKLEY,107.6750030517578,112.75,102.5999984741211,112.0749969482422,58013980
2024-06-06,ASHOKLEY,112.6999969482422,115.5250015258789,111.7750015258789,112.8499984741211,37184976
2024-06-07,ASHOKLEY,112.8499984741211,116.0749969482422,112.0749969482422,115.7249984741211,26731196
2024-06-10,ASHOKLEY,116.9499969482422,116.9749984741211,114.41000366210938,115.70999908447266,35165122
2024-06-11,ASHOKLEY,116.1750030517578,119.4250030517578,115.0500030517578,118.9800033569336,27106362
2024-06-12,ASHOKLEY,119.5,120.75,118.65499877929688,119.0199966430664,24494816
2024-06-13,ASHOKLEY,119.4499969482422,120.26000213623048,117.7750015258789,118.3949966430664,18218174
2024-06-14,ASHOKLEY,118.5,121.34500122070312,117.94499969482422,119.91999816894533,34019190
2024-06-18,ASHOKLEY,120.3000030517578,121.3249969482422,119.0749969482422,119.62000274658205,25285656
2024-06-19,ASHOKLEY,119.5,119.94000244140624,115.7750015258789,117.00499725341795,24333182
2024-06-20,ASHOKLEY,117.00499725341795,118.9499969482422,116.6449966430664,118.43000030517578,13200150
2024-06-21,ASHOKLEY,118.4499969482422,119.08000183105467,117.2750015258789,117.8249969482422,15377036
2024-06-24,ASHOKLEY,116.8000030517578,120.6999969482422,115.61499786376952,120.1500015258789,35933776
2024-06-25,ASHOKLEY,120.5,122.83499908447266,120.4499969482422,120.93000030517578,26178346
2024-06-26,ASHOKLEY,120.8000030517578,121.94000244140624,119.6500015258789,120.09500122070312,12532872
2024-06-27,ASHOKLEY,120.09500122070312,121.34500122070312,119.16500091552734,121.08000183105467,13230688
2024-06-28,ASHOKLEY,120.6500015258789,121.9749984741211,120.30500030517578,120.94499969482422,11927778
2024-06-03,ASIANENE,288.3999938964844,288.3999938964844,264.1499938964844,271.6499938964844,86644
2024-06-04,ASIANENE,270.20001220703125,274.0,258.1000061035156,259.29998779296875,79635
2024-06-05,ASIANENE,266.8500061035156,266.8500061035156,248.25,258.45001220703125,76210
2024-06-06,ASIANENE,260.0,271.3500061035156,260.0,270.8999938964844,83818
2024-06-07,ASIANENE,278.95001220703125,280.0,272.75,274.1499938964844,344139
2024-06-10,ASIANENE,279.0,287.8500061035156,276.8999938964844,279.29998779296875,218527
2024-06-11,ASIANENE,283.79998779296875,290.0,275.3999938964844,278.70001220703125,199528
2024-06-12,ASIANENE,285.0,285.0,277.20001220703125,278.8500061035156,48843
2024-06-13,ASIANENE,283.70001220703125,285.3500061035156,277.0,281.75,79021
2024-06-14,ASIANENE,295.79998779296875,295.79998779296875,278.20001220703125,279.6499938964844,96762
2024-06-18,ASIANENE,284.8999938964844,290.0,274.25,283.25,403144
2024-06-19,ASIANENE,290.0,290.0,280.25,282.5,94872
2024-06-20,ASIANENE,287.79998779296875,290.0,282.5,284.75,87713
2024-06-21,ASIANENE,288.0,288.0,280.25,281.25,25669
2024-06-24,ASIANENE,284.6499938964844,294.8999938964844,284.04998779296875,291.45001220703125,180771
2024-06-25,ASIANENE,296.8500061035156,306.0,293.1000061035156,296.8500061035156,391697
2024-06-26,ASIANENE,297.75,311.6499938964844,291.95001220703125,309.29998779296875,277198
2024-06-27,ASIANENE,310.54998779296875,324.75,305.79998779296875,317.5,601840
2024-06-28,ASIANENE,319.79998779296875,322.3999938964844,305.0,308.54998779296875,148284
2024-06-03,ASIANHOTNR,140.0,141.0,135.5,137.89999389648438,1350
2024-06-04,ASIANHOTNR,136.0,136.0,132.1999969482422,132.4499969482422,784
2024-06-05,ASIANHOTNR,132.4499969482422,137.85000610351562,130.10000610351562,132.14999389648438,557
2024-06-06,ASIANHOTNR,132.14999389648438,138.60000610351562,132.14999389648438,135.6999969482422,2326
2024-06-07,ASIANHOTNR,135.6999969482422,142.4499969482422,135.6999969482422,142.4499969482422,2249
2024-06-10,ASIANHOTNR,140.0,144.5500030517578,140.0,142.92999267578125,1183
2024-06-11,ASIANHOTNR,143.8000030517578,143.8000030517578,140.10000610351562,142.6999969482422,142
2024-06-12,ASIANHOTNR,142.0,144.0500030517578,140.0,140.00999450683594,5717
2024-06-13,ASIANHOTNR,140.0,144.1999969482422,140.0,141.0,1800
2024-06-14,ASIANHOTNR,141.9499969482422,142.0,139.1199951171875,141.3699951171875,623
2024-06-18,ASIANHOTNR,138.1999969482422,141.3699951171875,138.0,138.74000549316406,3308
2024-06-19,ASIANHOTNR,140.99000549316406,140.99000549316406,137.25,138.27000427246094,1137
2024-06-20,ASIANHOTNR,140.89999389648438,140.89999389648438,134.64999389648438,139.3300018310547,1050
2024-06-21,ASIANHOTNR,139.39999389648438,141.6999969482422,138.0,138.2899932861328,1644
2024-06-24,ASIANHOTNR,140.0,140.0,135.0500030517578,140.0,1227
2024-06-25,ASIANHOTNR,141.0,142.0,136.25,136.6999969482422,1628
2024-06-26,ASIANHOTNR,135.00999450683594,140.39999389648438,135.00999450683594,139.0,1378
2024-06-27,ASIANHOTNR,139.0,139.9199981689453,135.3000030517578,139.39999389648438,968
2024-06-28,ASIANHOTNR,138.0,139.9199981689453,137.0,138.1699981689453,315
2024-06-03,ASIANPAINT,2950.0,2950.0,2860.050048828125,2866.449951171875,952701
2024-06-04,ASIANPAINT,2880.0,2897.0,2775.75,2857.64990234375,2683847
2024-06-05,ASIANPAINT,2864.5,3027.300048828125,2864.5,2961.75,2410576
2024-06-06,ASIANPAINT,2960.0,2961.75,2882.25,2904.800048828125,1689408
2024-06-07,ASIANPAINT,2904.800048828125,2943.10009765625,2888.85009765625,2927.699951171875,1600180
2024-06-10,ASIANPAINT,2928.0,2951.89990234375,2915.0,2937.550048828125,876867
2024-06-11,ASIANPAINT,2915.0,2920.35009765625,2895.0,2902.449951171875,855430
2024-06-12,ASIANPAINT,2909.0,2918.0,2865.64990234375,2905.800048828125,1701770
2024-06-13,ASIANPAINT,2929.0,2929.0,2905.0,2910.0,726380
2024-06-14,ASIANPAINT,2910.0,2931.35009765625,2905.10009765625,2921.60009765625,982815
2024-06-18,ASIANPAINT,2921.60009765625,2928.0,2905.0,2918.5,741098
2024-06-19,ASIANPAINT,2918.0,2920.0,2882.64990234375,2891.699951171875,1018294
2024-06-20,ASIANPAINT,2885.0,2924.5,2872.39990234375,2915.5,1129752
2024-06-21,ASIANPAINT,2925.0,2928.0,2880.10009765625,2890.85009765625,1722379
2024-06-24,ASIANPAINT,2883.0,2899.949951171875,2871.39990234375,2896.050048828125,892125
2024-06-25,ASIANPAINT,2876.0,2894.949951171875,2856.0,2858.449951171875,1217792
2024-06-26,ASIANPAINT,2860.199951171875,2873.85009765625,2844.050048828125,2863.35009765625,960622
2024-06-27,ASIANPAINT,2860.75,2903.0,2845.0,2880.85009765625,1628022
2024-06-28,ASIANPAINT,2865.0,2932.0,2862.199951171875,2917.050048828125,1206712
2024-06-03,ASIANTILES,59.34999847412109,60.0,57.25,57.75,550160
2024-06-04,ASIANTILES,57.70000076293945,57.75,51.0,53.75,1019224
2024-06-05,ASIANTILES,55.0,60.34999847412109,53.54999923706055,59.5,1006752
2024-06-06,ASIANTILES,59.95000076293945,61.29999923706055,59.0,60.59999847412109,627532
2024-06-07,ASIANTILES,60.79999923706055,61.09999847412109,58.34999847412109,59.79999923706055,385181
2024-06-10,ASIANTILES,60.0,62.900001525878906,60.0,61.630001068115234,1188603
2024-06-11,ASIANTILES,61.630001068115234,63.20000076293945,61.47999954223633,62.47999954223633,649343
2024-06-12,ASIANTILES,62.59999847412109,72.4000015258789,62.0,71.81999969482422,12232972
2024-06-13,ASIANTILES,72.19999694824219,75.69999694824219,70.8499984741211,73.5,7527292
2024-06-14,ASIANTILES,73.9000015258789,76.8499984741211,73.33000183105469,74.66000366210938,6021105
2024-06-18,ASIANTILES,74.79000091552734,81.6500015258789,74.5999984741211,78.80000305175781,7886495
2024-06-19,ASIANTILES,79.13999938964844,79.58999633789062,74.80000305175781,77.9000015258789,2800671
2024-06-20,ASIANTILES,78.5,79.79000091552734,77.01000213623047,77.62999725341797,1195566
2024-06-21,ASIANTILES,77.01000213623047,77.81999969482422,74.94000244140625,75.81999969482422,998780
2024-06-24,ASIANTILES,75.5,79.25,75.5,77.0,1112754
2024-06-25,ASIANTILES,76.9000015258789,78.9000015258789,76.5,76.8499984741211,746152
2024-06-26,ASIANTILES,76.5,79.5,76.0,76.73999786376953,590436
2024-06-27,ASIANTILES,76.75,76.9000015258789,73.12000274658203,74.01000213623047,784464
2024-06-28,ASIANTILES,74.44000244140625,74.94000244140625,70.91000366210938,72.04000091552734,1203576
2024-06-03,ASKAUTOLTD,308.0,311.70001220703125,302.1000061035156,308.95001220703125,189139
2024-06-04,ASKAUTOLTD,309.6499938964844,309.6499938964844,284.3500061035156,293.29998779296875,489122
2024-06-05,ASKAUTOLTD,300.0,311.5,286.3500061035156,309.75,230957
2024-06-06,ASKAUTOLTD,308.0,315.0,308.0,313.3999938964844,279053
2024-06-07,ASKAUTOLTD,313.3500061035156,318.0,310.95001220703125,314.1499938964844,255159
2024-06-10,ASKAUTOLTD,314.0,317.3999938964844,311.20001220703125,313.70001220703125,112476
2024-06-11,ASKAUTOLTD,313.0,317.95001220703125,312.20001220703125,313.79998779296875,89516
2024-06-12,ASKAUTOLTD,318.0,322.8999938964844,315.0,316.5,281504
2024-06-13,ASKAUTOLTD,317.20001220703125,346.79998779296875,316.5,342.29998779296875,2733379
2024-06-14,ASKAUTOLTD,345.0,358.3999938964844,339.0,349.20001220703125,1323362
2024-06-18,ASKAUTOLTD,351.0,357.0,343.0,354.79998779296875,590410
2024-06-19,ASKAUTOLTD,354.79998779296875,354.79998779296875,345.0,347.25,375839
2024-06-20,ASKAUTOLTD,347.25,371.7999877929688,345.0,362.0499877929688,1263149
2024-06-21,ASKAUTOLTD,362.9500122070313,366.2999877929688,356.70001220703125,358.29998779296875,318071
2024-06-24,ASKAUTOLTD,355.0,358.0,351.0,354.45001220703125,253861
2024-06-25,ASKAUTOLTD,354.45001220703125,357.3999938964844,351.0,352.25,175779
2024-06-26,ASKAUTOLTD,352.29998779296875,368.0,350.70001220703125,357.54998779296875,457829
2024-06-27,ASKAUTOLTD,355.1000061035156,366.0,353.0,356.25,319874
2024-06-28,ASKAUTOLTD,356.29998779296875,369.25,356.29998779296875,362.6499938964844,336181
2024-06-03,ASMS,20.350000381469727,20.5,19.75,19.75,65188
2024-06-04,ASMS,19.600000381469727,19.600000381469727,19.350000381469727,19.350000381469727,13044
2024-06-05,ASMS,19.0,19.0,19.0,19.0,18581
2024-06-06,ASMS,18.64999961853028,19.350000381469727,18.64999961853028,18.700000762939453,313763
2024-06-07,ASMS,18.950000762939453,19.049999237060547,18.700000762939453,18.950000762939453,129227
2024-06-10,ASMS,18.950000762939453,19.170000076293945,18.56999969482422,18.56999969482422,114527
2024-06-11,ASMS,18.5,18.940000534057617,18.190000534057617,18.780000686645508,142109
2024-06-12,ASMS,19.14999961853028,19.14999961853028,18.39999961853028,18.57999992370605,225166
2024-06-13,ASMS,18.57999992370605,18.86000061035156,18.200000762939453,18.209999084472656,189208
2024-06-14,ASMS,18.010000228881836,18.190000534057617,17.84000015258789,17.84000015258789,222600
2024-06-18,ASMS,17.479999542236328,18.09000015258789,17.479999542236328,17.479999542236328,166575
2024-06-19,ASMS,17.790000915527344,17.809999465942383,17.200000762939453,17.40999984741211,215717
2024-06-20,ASMS,17.170000076293945,17.75,17.170000076293945,17.75,258520
2024-06-21,ASMS,18.100000381469727,18.100000381469727,18.100000381469727,18.100000381469727,33442
2024-06-24,ASMS,18.459999084472656,18.459999084472656,18.010000228881836,18.459999084472656,297994
2024-06-25,ASMS,18.81999969482422,18.81999969482422,18.61000061035156,18.81999969482422,97594
2024-06-26,ASMS,19.190000534057617,19.190000534057617,19.190000534057617,19.190000534057617,24247
2024-06-27,ASMS,19.56999969482422,19.56999969482422,19.56999969482422,19.56999969482422,403161
2024-06-28,ASMS,19.959999084472656,19.959999084472656,19.959999084472656,19.959999084472656,31572
2024-06-03,ASPINWALL,262.0,280.0,261.0,262.20001220703125,10940
2024-06-04,ASPINWALL,270.0,270.0,223.6999969482422,250.3500061035156,16010
2024-06-05,ASPINWALL,258.0,258.3999938964844,243.9499969482422,255.8000030517578,5958
2024-06-06,ASPINWALL,259.79998779296875,268.8999938964844,259.79998779296875,266.1499938964844,7414
2024-06-07,ASPINWALL,269.0,273.95001220703125,263.54998779296875,270.6000061035156,8579
2024-06-10,ASPINWALL,273.0,273.0,265.0,266.3500061035156,3626
2024-06-11,ASPINWALL,266.3999938964844,269.0,264.95001220703125,268.04998779296875,4787
2024-06-12,ASPINWALL,269.3999938964844,271.6000061035156,268.04998779296875,270.25,2734
2024-06-13,ASPINWALL,271.75,275.0,265.1000061035156,273.0,9325
2024-06-14,ASPINWALL,274.3999938964844,277.20001220703125,267.0,268.0,11437
2024-06-18,ASPINWALL,269.3999938964844,271.25,267.79998779296875,268.70001220703125,3954
2024-06-19,ASPINWALL,268.04998779296875,292.5,263.70001220703125,278.54998779296875,21943
2024-06-20,ASPINWALL,287.8999938964844,308.79998779296875,276.3999938964844,290.1499938964844,163377
2024-06-21,ASPINWALL,291.70001220703125,291.8999938964844,280.3999938964844,282.95001220703125,20014
2024-06-24,ASPINWALL,283.04998779296875,285.95001220703125,278.29998779296875,282.0,5690
2024-06-25,ASPINWALL,279.3999938964844,289.0,279.3999938964844,283.1499938964844,7509
2024-06-26,ASPINWALL,282.70001220703125,287.1499938964844,281.95001220703125,283.70001220703125,5714
2024-06-27,ASPINWALL,283.1499938964844,284.3999938964844,270.5,273.5,9852
2024-06-28,ASPINWALL,276.0,281.0,271.1000061035156,274.5,4810
2024-06-03,ASTEC,1120.0,1167.949951171875,1093.0,1100.25,74348
2024-06-04,ASTEC,1111.0,1115.5,1031.0,1084.800048828125,42341
2024-06-05,ASTEC,1080.0,1155.0,1055.0999755859375,1143.3499755859375,33358
2024-06-06,ASTEC,1160.0,1189.1500244140625,1144.6500244140625,1149.5999755859375,42359
2024-06-07,ASTEC,1140.25,1190.0,1140.25,1169.5,18550
2024-06-10,ASTEC,1177.0999755859375,1214.9000244140625,1165.199951171875,1188.1500244140625,23738
2024-06-11,ASTEC,1188.199951171875,1201.050048828125,1171.300048828125,1184.199951171875,15838
2024-06-12,ASTEC,1174.5999755859375,1213.75,1153.800048828125,1203.550048828125,29720
2024-06-13,ASTEC,1211.8499755859375,1266.9000244140625,1197.5,1232.1500244140625,219172
2024-06-14,ASTEC,1238.3499755859375,1291.9000244140625,1221.0,1231.3499755859375,125204
2024-06-18,ASTEC,1238.449951171875,1285.0,1237.1500244140625,1279.550048828125,160319
2024-06-19,ASTEC,1290.0,1325.0,1270.0,1292.5,301059
2024-06-20,ASTEC,1298.300048828125,1385.0,1278.8499755859375,1364.300048828125,365163
2024-06-21,ASTEC,1354.9000244140625,1359.5999755859375,1276.300048828125,1306.0999755859375,192157
2024-06-24,ASTEC,1290.9000244140625,1332.3499755859375,1284.4000244140625,1319.300048828125,52596
2024-06-25,ASTEC,1319.6500244140625,1350.0,1290.550048828125,1302.199951171875,146830
2024-06-26,ASTEC,1313.5,1335.0,1276.050048828125,1303.949951171875,129480
2024-06-27,ASTEC,1303.949951171875,1315.0,1269.9000244140625,1285.550048828125,52838
2024-06-28,ASTEC,1293.9000244140625,1304.0,1275.1500244140625,1301.4000244140625,21909
2024-06-03,ASTERDM,372.8999938964844,374.9500122070313,353.04998779296875,355.1000061035156,1363977
2024-06-04,ASTERDM,354.95001220703125,354.95001220703125,311.1000061035156,331.1499938964844,1823274
2024-06-05,ASTERDM,332.79998779296875,339.5,323.25,337.1000061035156,947116
2024-06-06,ASTERDM,344.1499938964844,360.0,341.20001220703125,357.29998779296875,1878491
2024-06-07,ASTERDM,359.0,361.2999877929688,351.6499938964844,360.20001220703125,693382
2024-06-10,ASTERDM,363.4500122070313,363.4500122070313,356.29998779296875,360.5499877929688,641322
2024-06-11,ASTERDM,361.0,361.25,355.0,358.3999938964844,778622
2024-06-12,ASTERDM,359.8500061035156,364.0499877929688,356.6000061035156,361.75,497155
2024-06-13,ASTERDM,362.9500122070313,364.8999938964844,360.5,362.8999938964844,614218
2024-06-14,ASTERDM,362.9500122070313,364.1499938964844,356.5,358.1000061035156,699552
2024-06-18,ASTERDM,358.1000061035156,359.0,353.0,353.6499938964844,731912
2024-06-19,ASTERDM,355.8999938964844,358.3500061035156,351.0,352.0,709488
2024-06-20,ASTERDM,352.1000061035156,358.0,350.54998779296875,356.25,738738
2024-06-21,ASTERDM,342.0,380.3999938964844,341.0,367.5499877929688,23702318
2024-06-24,ASTERDM,373.25,387.7000122070313,362.2999877929688,364.25,6927535
2024-06-25,ASTERDM,362.1499938964844,362.5,351.1499938964844,354.70001220703125,3926043
2024-06-26,ASTERDM,354.0,355.70001220703125,350.6000061035156,352.20001220703125,1238512
2024-06-27,ASTERDM,353.25,353.95001220703125,342.20001220703125,346.8500061035156,2191688
2024-06-28,ASTERDM,346.0,350.29998779296875,343.3999938964844,346.6499938964844,1952911
2024-06-03,ASTRAL,2148.0,2179.050048828125,2118.75,2146.0,756841
2024-06-04,ASTRAL,2142.050048828125,2142.050048828125,1931.4000244140625,2012.0999755859373,871166
2024-06-05,ASTRAL,2020.0,2127.699951171875,1986.050048828125,2116.300048828125,636073
2024-06-06,ASTRAL,2127.949951171875,2184.0,2110.5,2149.300048828125,465552
2024-06-07,ASTRAL,2155.0,2170.0,2144.800048828125,2158.800048828125,408587
2024-06-10,ASTRAL,2180.0,2185.0,2114.64990234375,2160.75,1119452
2024-06-11,ASTRAL,2151.050048828125,2229.550048828125,2150.0,2194.85009765625,664660
2024-06-12,ASTRAL,2207.0,2257.800048828125,2200.050048828125,2226.449951171875,706912
2024-06-13,ASTRAL,2240.5,2248.949951171875,2222.199951171875,2236.199951171875,292695
2024-06-14,ASTRAL,2250.0,2291.949951171875,2242.449951171875,2269.449951171875,658492
2024-06-18,ASTRAL,2270.10009765625,2297.800048828125,2251.0,2257.199951171875,360927
2024-06-19,ASTRAL,2246.199951171875,2250.949951171875,2199.300048828125,2204.60009765625,193812
2024-06-20,ASTRAL,2221.14990234375,2244.89990234375,2199.050048828125,2211.550048828125,314667
2024-06-21,ASTRAL,2247.5,2300.89990234375,2228.449951171875,2273.64990234375,842534
2024-06-24,ASTRAL,2272.949951171875,2393.39990234375,2243.35009765625,2384.39990234375,2101515
2024-06-25,ASTRAL,2392.0,2415.0,2371.10009765625,2385.449951171875,895010
2024-06-26,ASTRAL,2394.39990234375,2453.0,2390.0,2406.0,1008811
2024-06-27,ASTRAL,2385.300048828125,2440.0,2367.5,2417.75,451988
2024-06-28,ASTRAL,2412.699951171875,2412.699951171875,2369.10009765625,2380.800048828125,333399
2024-06-03,ASTRAMICRO,915.0,919.0,861.5,871.7999877929688,681751
2024-06-04,ASTRAMICRO,868.0,868.0,697.4500122070312,723.9000244140625,1491737
2024-06-05,ASTRAMICRO,723.0,794.0,702.0499877929688,752.1500244140625,955605
2024-06-06,ASTRAMICRO,759.7000122070312,795.0,759.0,774.9000244140625,789218
2024-06-07,ASTRAMICRO,781.7999877929688,810.9500122070312,770.0499877929688,806.0,540126
2024-06-10,ASTRAMICRO,810.0,843.9000244140625,799.0,838.9000244140625,627620
2024-06-11,ASTRAMICRO,845.5,859.75,840.2000122070312,852.7000122070312,509343
2024-06-12,ASTRAMICRO,857.0,892.5,850.0,887.0499877929688,667341
2024-06-13,ASTRAMICRO,891.0999755859375,981.0,891.0999755859375,926.5,3551414
2024-06-14,ASTRAMICRO,932.0,976.0,921.0,965.4000244140624,1680947
2024-06-18,ASTRAMICRO,975.2000122070312,1059.0,968.5,1021.75,3183925
2024-06-19,ASTRAMICRO,1032.0,1033.4000244140625,979.9500122070312,985.2000122070312,1247517
2024-06-20,ASTRAMICRO,989.7000122070312,1014.0,965.0999755859376,987.0999755859376,919642
2024-06-21,ASTRAMICRO,988.1500244140624,994.4000244140624,960.0499877929688,967.0,566976
2024-06-24,ASTRAMICRO,965.25,977.6500244140624,952.8499755859376,963.25,305026
2024-06-25,ASTRAMICRO,963.0,983.8499755859376,951.0,955.25,407884
2024-06-26,ASTRAMICRO,963.25,989.5,960.0,975.2000122070312,682615
2024-06-27,ASTRAMICRO,980.0,980.0,955.0,961.6500244140624,338822
2024-06-28,ASTRAMICRO,968.4000244140624,969.2999877929688,944.5999755859376,949.25,209114
2024-06-03,ASTRAZEN,6379.0,6379.0,6055.5498046875,6067.14990234375,8461
2024-06-04,ASTRAZEN,6100.0498046875,6150.0,5468.0498046875,5639.7998046875,23469
2024-06-05,ASTRAZEN,5660.4501953125,6159.39990234375,5609.5498046875,6012.4501953125,14974
2024-06-06,ASTRAZEN,6048.0,6230.0,6008.4501953125,6205.14990234375,6589
2024-06-07,ASTRAZEN,6200.0,6330.0,6167.7001953125,6255.4501953125,7083
2024-06-10,ASTRAZEN,6306.39990234375,6313.64990234375,6185.10009765625,6231.0,4731
2024-06-11,ASTRAZEN,6239.7998046875,6488.2998046875,6219.5,6332.85009765625,11040
2024-06-12,ASTRAZEN,6399.0,6399.0,6303.14990234375,6342.5,3792
2024-06-13,ASTRAZEN,6349.7998046875,6470.10009765625,6259.5498046875,6373.39990234375,6031
2024-06-14,ASTRAZEN,6320.0,6625.0,6320.0,6458.5498046875,14503
2024-06-18,ASTRAZEN,6549.0,6549.0,6380.25,6439.2998046875,4088
2024-06-19,ASTRAZEN,6535.89990234375,6538.9501953125,6302.0,6379.4501953125,16942
2024-06-20,ASTRAZEN,6380.0,6444.75,6345.35009765625,6382.39990234375,2720
2024-06-21,ASTRAZEN,6380.0,6500.0,6330.0,6357.10009765625,16240
2024-06-24,ASTRAZEN,6340.25,6490.0,6252.5,6317.5498046875,11323
2024-06-25,ASTRAZEN,6369.0,6385.0,6277.64990234375,6328.9501953125,7945
2024-06-26,ASTRAZEN,6280.0498046875,6449.9501953125,6069.7001953125,6388.9501953125,12596
2024-06-27,ASTRAZEN,6435.60009765625,6444.0,6280.0,6379.85009765625,7387
2024-06-28,ASTRAZEN,6429.0,6999.0,6206.25,6250.75,26116
2024-06-03,ASTRON,20.600000381469727,21.0,20.600000381469727,20.600000381469727,12949
2024-06-04,ASTRON,20.200000762939453,20.200000762939453,20.200000762939453,20.200000762939453,7648
2024-06-05,ASTRON,19.799999237060547,20.200000762939453,19.799999237060547,19.799999237060547,16827
2024-06-06,ASTRON,19.39999961853028,19.600000381469727,19.39999961853028,19.39999961853028,61225
2024-06-07,ASTRON,19.700000762939453,19.75,19.39999961853028,19.700000762939453,256916
2024-06-10,ASTRON,20.09000015258789,20.09000015258789,19.700000762939453,20.09000015258789,2702
2024-06-11,ASTRON,20.489999771118164,20.489999771118164,20.1200008392334,20.489999771118164,12204
2024-06-12,ASTRON,20.88999938964844,20.88999938964844,20.88999938964844,20.88999938964844,4876
2024-06-13,ASTRON,21.290000915527344,21.299999237060547,21.290000915527344,21.290000915527344,38565
2024-06-14,ASTRON,21.01000022888184,21.01000022888184,20.989999771118164,21.01000022888184,9490
2024-06-18,ASTRON,20.57999992370605,21.0,20.57999992370605,20.57999992370605,38329
2024-06-19,ASTRON,20.200000762939453,20.200000762939453,20.15999984741211,20.200000762939453,25144
2024-06-20,ASTRON,20.299999237060547,20.600000381469727,20.200000762939453,20.299999237060547,28661
2024-06-21,ASTRON,20.350000381469727,20.350000381469727,19.88999938964844,20.350000381469727,17866
2024-06-24,ASTRON,20.600000381469727,20.600000381469727,20.350000381469727,20.600000381469727,12966
2024-06-25,ASTRON,21.01000022888184,21.01000022888184,20.709999084472656,21.01000022888184,17844
2024-06-26,ASTRON,21.420000076293945,21.43000030517578,21.030000686645508,21.420000076293945,11021
2024-06-27,ASTRON,21.5,21.700000762939453,21.43000030517578,21.5,5229
2024-06-28,ASTRON,21.200000762939453,21.5,21.06999969482422,21.200000762939453,49405
2024-06-03,ATALREAL,7.949999809265137,8.199999809265137,7.900000095367432,7.900000095367432,206290
2024-06-04,ATALREAL,8.199999809265137,8.199999809265137,7.5,7.75,230992
2024-06-05,ATALREAL,7.5,7.650000095367432,7.400000095367432,7.5,206864
2024-06-06,ATALREAL,7.800000190734863,7.800000190734863,7.150000095367432,7.199999809265137,644455
2024-06-07,ATALREAL,7.25,7.25,7.0,7.099999904632568,278782
2024-06-10,ATALREAL,7.099999904632568,7.21999979019165,6.900000095367432,7.139999866485596,260900
2024-06-11,ATALREAL,7.300000190734863,7.449999809265137,6.900000095367432,7.389999866485596,328779
2024-06-12,ATALREAL,7.5,7.75,7.449999809265137,7.75,305489
2024-06-13,ATALREAL,7.949999809265137,8.130000114440918,7.900000095367432,8.130000114440918,325645
2024-06-14,ATALREAL,8.350000381469727,8.529999732971191,7.900000095367432,8.529999732971191,465108
2024-06-18,ATALREAL,8.789999961853027,8.949999809265137,8.550000190734863,8.949999809265137,507253
2024-06-19,ATALREAL,8.770000457763672,8.770000457763672,8.770000457763672,8.770000457763672,31667
2024-06-20,ATALREAL,8.59000015258789,8.59000015258789,8.59000015258789,8.59000015258789,29776
2024-06-21,ATALREAL,8.40999984741211,8.40999984741211,8.40999984741211,8.40999984741211,35221
2024-06-24,ATALREAL,8.239999771118164,8.239999771118164,8.239999771118164,8.239999771118164,30498
2024-06-25,ATALREAL,8.069999694824219,8.069999694824219,8.069999694824219,8.069999694824219,52314
2024-06-26,ATALREAL,7.900000095367432,7.900000095367432,7.900000095367432,7.900000095367432,48594
2024-06-27,ATALREAL,7.739999771118164,7.739999771118164,7.739999771118164,7.739999771118164,60926
2024-06-28,ATALREAL,7.590000152587891,7.650000095367432,7.590000152587891,7.590000152587891,112302
2024-06-03,ATAM,206.0,211.9499969482422,200.0,200.5500030517578,23433
2024-06-04,ATAM,202.8999938964844,202.8999938964844,190.5500030517578,193.3999938964844,21363
2024-06-05,ATAM,197.9499969482422,197.9499969482422,186.0,193.5,21193
2024-06-06,ATAM,194.0,201.5,194.0,199.6499938964844,106435
2024-06-07,ATAM,199.6499938964844,209.6000061035156,199.0,209.6000061035156,28613
2024-06-10,ATAM,215.0,220.0800018310547,212.0,215.1300048828125,61184
2024-06-11,ATAM,225.8800048828125,225.8800048828125,212.6999969482422,225.67999267578125,288430
2024-06-12,ATAM,227.9900054931641,228.9900054931641,218.1000061035156,220.4199981689453,62028
2024-06-13,ATAM,220.4199981689453,221.0,209.8000030517578,216.3099975585937,113068
2024-06-14,ATAM,215.69000244140625,215.69000244140625,210.0,212.1199951171875,42930
2024-06-18,ATAM,213.5,216.0,207.8999938964844,211.3600006103516,50222
2024-06-19,ATAM,212.0,213.6999969482422,206.0,207.97000122070312,81404
2024-06-20,ATAM,210.6999969482422,210.6999969482422,204.0,206.67999267578125,48280
2024-06-21,ATAM,206.0,209.0,205.0,206.6300048828125,44590
2024-06-24,ATAM,202.0,207.8999938964844,199.1999969482422,202.9600067138672,34003
2024-06-25,ATAM,202.8000030517578,202.8000030517578,199.0,200.42999267578125,48948
2024-06-26,ATAM,202.1499938964844,202.1499938964844,197.3999938964844,199.4499969482422,18997
2024-06-27,ATAM,203.8699951171875,203.8699951171875,192.5500030517578,193.97999572753903,28072
2024-06-28,ATAM,194.0,197.6100006103516,194.0,194.3000030517578,19668
2024-06-03,ATGL,1190.0,1190.0,1101.699951171875,1119.4000244140625,10556786
2024-06-04,ATGL,1115.0,1115.0,901.0,908.7000122070312,12465744
2024-06-05,ATGL,927.0499877929688,966.0,824.25,936.25,6670432
2024-06-06,ATGL,965.0,993.0,956.2000122070312,969.5499877929688,3249825
2024-06-07,ATGL,969.4000244140624,989.9000244140624,949.9000244140624,978.0999755859376,2156312
2024-06-10,ATGL,996.0,1013.9500122070312,965.2999877929688,970.7999877929688,2042686
2024-06-11,ATGL,977.9000244140624,977.9000244140624,955.0,956.8499755859376,1704568
2024-06-12,ATGL,959.7999877929688,964.7999877929688,950.0,951.7000122070312,795005
2024-06-13,ATGL,952.25,960.0,943.0,945.7999877929688,866098
2024-06-14,ATGL,947.1500244140624,960.0,942.2000122070312,946.5,784675
2024-06-18,ATGL,948.2000122070312,957.8499755859376,937.7999877929688,940.25,1253541
2024-06-19,ATGL,943.4000244140624,947.7999877929688,922.0499877929688,927.4000244140624,873592
2024-06-20,ATGL,928.0,942.0,924.0,925.75,1123547
2024-06-21,ATGL,926.0,930.7000122070312,918.4000244140624,922.9500122070312,1072848
2024-06-24,ATGL,920.5499877929688,923.9000244140624,909.6500244140624,911.75,1159403
2024-06-25,ATGL,911.75,920.0,886.25,889.5,1219526
2024-06-26,ATGL,899.7999877929688,910.5,889.0,893.6500244140625,1252508
2024-06-27,ATGL,900.0,907.0,892.0,902.7999877929688,870307
2024-06-28,ATGL,903.0,906.0,895.0,896.0,657824
2024-06-03,ATL,55.09999847412109,55.95000076293945,51.5,51.95000076293945,1036218
2024-06-04,ATL,52.20000076293945,52.45000076293945,45.0,48.34999847412109,1342040
2024-06-05,ATL,49.5,51.59999847412109,47.59999847412109,50.84999847412109,442933
2024-06-06,ATL,51.25,53.34999847412109,50.79999923706055,51.0,663392
2024-06-07,ATL,51.400001525878906,52.75,50.59999847412109,51.09999847412109,984696
2024-06-10,ATL,51.54999923706055,53.20000076293945,51.54999923706055,51.88999938964844,622022
2024-06-11,ATL,51.59999847412109,52.93000030517578,51.59999847412109,51.959999084472656,488991
2024-06-12,ATL,52.34999847412109,53.77000045776367,51.0,51.400001525878906,1177936
2024-06-13,ATL,51.95000076293945,53.0,51.54999923706055,51.93999862670898,791662
2024-06-14,ATL,51.970001220703125,53.58000183105469,51.70000076293945,51.959999084472656,1122538
2024-06-18,ATL,52.369998931884766,56.560001373291016,51.95000076293945,54.90999984741211,2866459
2024-06-19,ATL,55.34000015258789,55.34000015258789,52.75,52.93999862670898,1528565
2024-06-20,ATL,53.20000076293945,55.130001068115234,52.650001525878906,52.959999084472656,1372514
2024-06-21,ATL,53.29999923706055,53.790000915527344,50.0099983215332,50.900001525878906,1996909
2024-06-24,ATL,51.0,51.84000015258789,50.59999847412109,51.0099983215332,856124
2024-06-25,ATL,51.290000915527344,52.5,50.59999847412109,50.790000915527344,946591
2024-06-26,ATL,50.900001525878906,51.45000076293945,50.06999969482422,50.27000045776367,532114
2024-06-27,ATL,50.5,50.95000076293945,49.79999923706055,50.209999084472656,561714
2024-06-28,ATL,50.4900016784668,51.130001068115234,50.04999923706055,50.52000045776367,532684
2024-06-03,ATLANTAA,37.95000076293945,38.0,37.04999923706055,37.95000076293945,171357
2024-06-04,ATLANTAA,37.20000076293945,38.5,37.20000076293945,37.20000076293945,142292
2024-06-05,ATLANTAA,36.45000076293945,37.400001525878906,36.45000076293945,36.45000076293945,80710
2024-06-06,ATLANTAA,35.95000076293945,36.5,35.95000076293945,35.95000076293945,90203
2024-06-07,ATLANTAA,36.650001525878906,36.650001525878906,36.0,36.650001525878906,37226
2024-06-10,ATLANTAA,37.380001068115234,37.380001068115234,37.380001068115234,37.380001068115234,21183
2024-06-11,ATLANTAA,38.119998931884766,38.119998931884766,38.119998931884766,38.119998931884766,26026
2024-06-12,ATLANTAA,38.880001068115234,38.880001068115234,38.880001068115234,38.880001068115234,17417
2024-06-13,ATLANTAA,39.650001525878906,39.650001525878906,39.650001525878906,39.650001525878906,29977
2024-06-14,ATLANTAA,40.43999862670898,40.43999862670898,40.43999862670898,40.43999862670898,22543
2024-06-18,ATLANTAA,41.2400016784668,41.2400016784668,41.2400016784668,41.2400016784668,16899
2024-06-19,ATLANTAA,42.060001373291016,42.060001373291016,41.97999954223633,42.060001373291016,222779
2024-06-20,ATLANTAA,42.900001525878906,42.900001525878906,42.84999847412109,42.900001525878906,108018
2024-06-21,ATLANTAA,43.75,43.75,43.75,43.75,20882
2024-06-24,ATLANTAA,44.619998931884766,44.619998931884766,44.619998931884766,44.619998931884766,5310
2024-06-25,ATLANTAA,45.5099983215332,45.5099983215332,45.5099983215332,45.5099983215332,17084
2024-06-26,ATLANTAA,46.41999816894531,46.41999816894531,46.41999816894531,46.41999816894531,8045
2024-06-27,ATLANTAA,45.4900016784668,47.34000015258789,45.4900016784668,45.4900016784668,416654
2024-06-28,ATLANTAA,44.58000183105469,44.58000183105469,44.58000183105469,44.58000183105469,183602
2024-06-03,ATLASCYCLE,28.850000381469727,28.850000381469727,28.850000381469727,28.850000381469727,0
2024-06-04,ATLASCYCLE,28.850000381469727,28.850000381469727,28.850000381469727,28.850000381469727,0
2024-06-05,ATLASCYCLE,28.850000381469727,28.850000381469727,28.850000381469727,28.850000381469727,0
2024-06-06,ATLASCYCLE,28.850000381469727,28.850000381469727,28.850000381469727,28.850000381469727,0
2024-06-07,ATLASCYCLE,28.850000381469727,28.850000381469727,28.850000381469727,28.850000381469727,0
2024-06-10,ATLASCYCLE,28.850000381469727,28.850000381469727,28.850000381469727,28.850000381469727,0
2024-06-11,ATLASCYCLE,28.850000381469727,28.850000381469727,28.850000381469727,28.850000381469727,0
2024-06-12,ATLASCYCLE,28.850000381469727,28.850000381469727,28.850000381469727,28.850000381469727,0
2024-06-13,ATLASCYCLE,28.850000381469727,28.850000381469727,28.850000381469727,28.850000381469727,0
2024-06-14,ATLASCYCLE,28.850000381469727,28.850000381469727,28.850000381469727,28.850000381469727,0
2024-06-18,ATLASCYCLE,28.850000381469727,28.850000381469727,28.850000381469727,28.850000381469727,0
2024-06-19,ATLASCYCLE,28.850000381469727,28.850000381469727,28.850000381469727,28.850000381469727,0
2024-06-20,ATLASCYCLE,28.850000381469727,28.850000381469727,28.850000381469727,28.850000381469727,0
2024-06-21,ATLASCYCLE,28.850000381469727,28.850000381469727,28.850000381469727,28.850000381469727,0
2024-06-24,ATLASCYCLE,28.850000381469727,28.850000381469727,28.850000381469727,28.850000381469727,0
2024-06-25,ATLASCYCLE,28.850000381469727,28.850000381469727,28.850000381469727,28.850000381469727,0
2024-06-26,ATLASCYCLE,28.850000381469727,28.850000381469727,28.850000381469727,28.850000381469727,0
2024-06-27,ATLASCYCLE,28.850000381469727,28.850000381469727,28.850000381469727,28.850000381469727,0
2024-06-28,ATLASCYCLE,28.850000381469727,28.850000381469727,28.850000381469727,28.850000381469727,0
2024-06-03,ATUL,5836.0,5836.0,5645.0,5749.7998046875,38794
2024-06-04,ATUL,5770.0,5770.0,5174.85009765625,5475.5498046875,61483
2024-06-05,ATUL,5480.0,5840.0,5480.0,5817.7998046875,42408
2024-06-06,ATUL,5850.0,5855.89990234375,5765.0,5815.2001953125,68379
2024-06-07,ATUL,5824.64990234375,5858.89990234375,5784.75,5848.2001953125,41934
2024-06-10,ATUL,5851.0,6020.0,5841.7001953125,5974.14990234375,45013
2024-06-11,ATUL,5974.25,6120.0,5973.7998046875,6086.7998046875,67549
2024-06-12,ATUL,6070.0,6219.7998046875,6044.10009765625,6192.39990234375,75427
2024-06-13,ATUL,6224.0,6224.0,6120.60009765625,6209.35009765625,44652
2024-06-14,ATUL,6222.0498046875,6280.9501953125,6200.0,6261.64990234375,39027
2024-06-18,ATUL,6263.5498046875,6299.89990234375,6196.7998046875,6277.35009765625,26908
2024-06-19,ATUL,6277.35009765625,6325.0,6188.2001953125,6234.5,27451
2024-06-20,ATUL,6266.0,6549.0,6214.2001953125,6507.10009765625,148051
2024-06-21,ATUL,6545.0,6588.7998046875,6440.0,6486.89990234375,74853
2024-06-24,ATUL,6495.0,6495.0,6363.10009765625,6462.14990234375,35915
2024-06-25,ATUL,6461.7998046875,6507.4501953125,6326.0,6368.2998046875,31054
2024-06-26,ATUL,6363.0,6452.2998046875,6333.4501953125,6400.10009765625,43693
2024-06-27,ATUL,6399.0,6416.35009765625,6285.0498046875,6336.9501953125,77841
2024-06-28,ATUL,6336.9501953125,6530.0,6332.14990234375,6479.5,49265
2024-06-03,ATULAUTO,560.0,578.0,536.7999877929688,541.4000244140625,408241
2024-06-04,ATULAUTO,541.4000244140625,541.4000244140625,477.5499877929688,515.5999755859375,257590
2024-06-05,ATULAUTO,514.9500122070312,537.5999755859375,496.4500122070313,529.8499755859375,168775
2024-06-06,ATULAUTO,539.0,542.0,532.0,534.9000244140625,116205
2024-06-07,ATULAUTO,536.0,543.5999755859375,532.1500244140625,541.4500122070312,73403
2024-06-10,ATULAUTO,543.0,547.0499877929688,538.1500244140625,542.0999755859375,68919
2024-06-11,ATULAUTO,547.3499755859375,549.7000122070312,529.9500122070312,540.4500122070312,145665
2024-06-12,ATULAUTO,544.7000122070312,559.0,540.1500244140625,555.75,161672
2024-06-13,ATULAUTO,556.0,565.0,546.7000122070312,554.4000244140625,213475
2024-06-14,ATULAUTO,558.25,564.2000122070312,551.5499877929688,554.5,113179
2024-06-18,ATULAUTO,559.9500122070312,560.0,545.0,548.0999755859375,142072
2024-06-19,ATULAUTO,548.0999755859375,556.0,540.0,541.8499755859375,91363
2024-06-20,ATULAUTO,543.0,572.6500244140625,539.0499877929688,557.7000122070312,324099
2024-06-21,ATULAUTO,562.2000122070312,564.7000122070312,551.0,553.0499877929688,68751
2024-06-24,ATULAUTO,554.6500244140625,558.2000122070312,542.0499877929688,545.4000244140625,122014
2024-06-25,ATULAUTO,550.25,635.0,547.5999755859375,603.6500244140625,3210060
2024-06-26,ATULAUTO,604.0,631.8499755859375,580.5499877929688,592.9000244140625,1150340
2024-06-27,ATULAUTO,587.5999755859375,596.0499877929688,570.0,586.7999877929688,421662
2024-06-28,ATULAUTO,597.4500122070312,631.0999755859375,580.9500122070312,626.9000244140625,1020029
2024-06-03,AUBANK,663.4000244140625,667.9000244140625,641.7999877929688,644.5499877929688,7158268
2024-06-04,AUBANK,649.9500122070312,649.9500122070312,605.9000244140625,628.75,3575414
2024-06-05,AUBANK,632.0,688.9000244140625,623.25,669.5499877929688,8897937
2024-06-06,AUBANK,670.0,678.5,654.0,660.5499877929688,2358058
2024-06-07,AUBANK,663.0,670.5,660.4000244140625,669.0,1336725
2024-06-10,AUBANK,669.2000122070312,679.5,648.0,669.4500122070312,5309961
2024-06-11,AUBANK,671.0,677.0,663.0499877929688,671.5999755859375,1936660
2024-06-12,AUBANK,674.8499755859375,679.5999755859375,663.2999877929688,667.0499877929688,2701504
2024-06-13,AUBANK,667.0499877929688,678.9500122070312,666.0,668.1500244140625,1786679
2024-06-14,AUBANK,672.6500244140625,673.1500244140625,658.0,661.25,2852074
2024-06-18,AUBANK,663.4500122070312,671.0,660.5499877929688,664.5,2225745
2024-06-19,AUBANK,663.0,676.0,650.0,656.9500122070312,19436706
2024-06-20,AUBANK,659.9000244140625,672.4500122070312,657.0999755859375,666.75,2046499
2024-06-21,AUBANK,669.9500122070312,672.6500244140625,666.0,667.5999755859375,3781936
2024-06-24,AUBANK,660.25,682.75,638.5,679.5,6994152
2024-06-25,AUBANK,683.0,690.4000244140625,673.0,682.2000122070312,4463897
2024-06-26,AUBANK,682.2000122070312,700.9500122070312,674.75,692.4500122070312,6725621
2024-06-27,AUBANK,691.0,696.0,661.2999877929688,666.0999755859375,4949541
2024-06-28,AUBANK,670.0999755859375,674.9000244140625,668.1500244140625,672.0499877929688,1933315
2024-06-03,AURIONPRO,1150.4749755859375,1150.4749755859375,1116.75,1134.9000244140625,44426
2024-06-04,AURIONPRO,1140.0,1145.5,1078.175048828125,1078.175048828125,35880
2024-06-05,AURIONPRO,1027.5250244140625,1095.0,1024.2750244140625,1060.25,63118
2024-06-06,AURIONPRO,1095.0,1109.9749755859375,1060.5250244140625,1064.0999755859375,35856
2024-06-07,AURIONPRO,1074.0,1105.0250244140625,1052.8499755859375,1100.800048828125,68842
2024-06-10,AURIONPRO,1135.0,1155.824951171875,1113.425048828125,1155.824951171875,84170
2024-06-11,AURIONPRO,1184.0,1213.5999755859375,1175.550048828125,1213.5999755859375,59358
2024-06-12,AURIONPRO,1235.0,1274.2750244140625,1235.0,1274.2750244140625,82760
2024-06-13,AURIONPRO,1332.5,1337.9749755859375,1228.0250244140625,1330.0250244140625,347932
2024-06-14,AURIONPRO,1347.0,1373.324951171875,1330.050048828125,1346.75,122006
2024-06-18,AURIONPRO,1405.0,1414.074951171875,1351.5,1409.9749755859375,217022
2024-06-19,AURIONPRO,1419.0,1480.449951171875,1412.5,1477.824951171875,300484
2024-06-20,AURIONPRO,1519.949951171875,1519.949951171875,1426.0,1431.574951171875,92336
2024-06-21,AURIONPRO,1447.5,1454.800048828125,1382.0250244140625,1395.9000244140625,78016
2024-06-24,AURIONPRO,1444.5,1450.0,1394.0,1398.9749755859375,71942
2024-06-25,AURIONPRO,1422.0,1425.0,1383.0,1391.75,80026
2024-06-26,AURIONPRO,1414.0,1415.0,1359.75,1372.2249755859375,100034
2024-06-27,AURIONPRO,1425.0,1440.800048828125,1390.0,1434.9000244140625,136438
2024-06-28,AURIONPRO,1442.0,1478.5,1363.1500244140625,1364.4000244140625,67406
2024-06-03,AUROPHARMA,1229.0,1230.0,1205.550048828125,1227.4000244140625,1782095
2024-06-04,AUROPHARMA,1227.449951171875,1232.949951171875,1109.449951171875,1197.3499755859375,1434945
2024-06-05,AUROPHARMA,1210.0,1274.550048828125,1197.25,1266.4000244140625,1565785
2024-06-06,AUROPHARMA,1267.4000244140625,1270.949951171875,1233.8499755859375,1251.300048828125,1165617
2024-06-07,AUROPHARMA,1254.050048828125,1292.0999755859375,1251.5,1265.1500244140625,1879997
2024-06-10,AUROPHARMA,1272.0,1277.6500244140625,1228.699951171875,1249.199951171875,2468196
2024-06-11,AUROPHARMA,1250.0999755859375,1267.050048828125,1240.0,1257.0,659538
2024-06-12,AUROPHARMA,1257.0,1260.550048828125,1241.0,1248.949951171875,728599
2024-06-13,AUROPHARMA,1250.0,1261.300048828125,1245.5,1254.6500244140625,556663
2024-06-14,AUROPHARMA,1226.25,1264.6500244140625,1226.25,1259.0,1525146
2024-06-18,AUROPHARMA,1255.0999755859375,1268.050048828125,1212.0,1242.699951171875,4445748
2024-06-19,AUROPHARMA,1242.0,1248.050048828125,1217.949951171875,1221.699951171875,1022658
2024-06-20,AUROPHARMA,1220.050048828125,1246.0999755859375,1207.800048828125,1243.199951171875,791551
2024-06-21,AUROPHARMA,1245.0,1262.300048828125,1235.0,1241.0999755859375,672582
2024-06-24,AUROPHARMA,1234.949951171875,1246.0999755859375,1215.050048828125,1218.6500244140625,1623690
2024-06-25,AUROPHARMA,1227.0,1227.949951171875,1205.0,1217.949951171875,528259
2024-06-26,AUROPHARMA,1214.949951171875,1220.4000244140625,1193.4000244140625,1197.949951171875,1956972
2024-06-27,AUROPHARMA,1198.050048828125,1212.0,1180.0999755859375,1188.25,4916440
2024-06-28,AUROPHARMA,1195.199951171875,1214.699951171875,1192.0,1207.5999755859375,1204101
2024-06-03,AURUM,150.39999389648438,152.4499969482422,141.1999969482422,142.35000610351562,346651
2024-06-04,AURUM,142.35000610351562,145.64999389648438,135.25,135.4499969482422,181312
2024-06-05,AURUM,133.5500030517578,142.0,132.5500030517578,140.60000610351562,107336
2024-06-06,AURUM,140.9499969482422,143.85000610351562,140.1999969482422,141.35000610351562,35914
2024-06-07,AURUM,141.8000030517578,144.39999389648438,140.5500030517578,142.9499969482422,53803
2024-06-10,AURUM,144.39999389648438,146.9499969482422,142.0,142.6300048828125,42019
2024-06-11,AURUM,145.50999450683594,146.9499969482422,143.11000061035156,145.60000610351562,105325
2024-06-12,AURUM,145.50999450683594,147.39999389648438,143.00999450683594,143.8800048828125,117082
2024-06-13,AURUM,147.0,147.0,142.10000610351562,143.6999969482422,46921
2024-06-14,AURUM,146.0,146.69000244140625,143.0,143.88999938964844,158546
2024-06-18,AURUM,143.9499969482422,157.39999389648438,143.9499969482422,147.97999572753906,341137
2024-06-19,AURUM,148.14999389648438,150.2899932861328,144.8000030517578,145.97999572753906,141316
2024-06-20,AURUM,146.25,150.89999389648438,146.25,146.85000610351562,78760
2024-06-21,AURUM,145.17999267578125,147.9499969482422,143.80999755859375,145.25,57030
2024-06-24,AURUM,147.35000610351562,147.35000610351562,143.0,144.36000061035156,53852
2024-06-25,AURUM,143.0,156.08999633789062,143.0,147.0,426853
2024-06-26,AURUM,146.0,154.89999389648438,145.05999755859375,152.1999969482422,184397
2024-06-27,AURUM,150.94000244140625,155.39999389648438,150.60000610351562,153.69000244140625,251203
2024-06-28,AURUM,152.14999389648438,156.0,149.39999389648438,154.8800048828125,191633
2024-06-03,AURUS,5.5,5.75,5.5,5.550000190734863,39775
2024-06-04,AURUS,5.449999809265137,5.800000190734863,5.300000190734863,5.400000095367432,85598
2024-06-05,AURUS,5.400000095367432,5.550000190734863,5.150000095367432,5.5,35333
2024-06-06,AURUS,5.650000095367432,5.900000095367432,5.349999904632568,5.650000095367432,98704
2024-06-07,AURUS,5.900000095367432,5.900000095367432,5.599999904632568,5.650000095367432,26814
2024-06-10,AURUS,5.650000095367432,5.900000095367432,5.550000190734863,5.650000095367432,46978
2024-06-11,AURUS,5.800000190734863,5.800000190734863,5.559999942779541,5.710000038146973,24688
2024-06-12,AURUS,5.75,5.900000095367432,5.130000114440918,5.659999847412109,110883
2024-06-13,AURUS,5.659999847412109,5.880000114440918,5.659999847412109,5.760000228881836,38539
2024-06-14,AURUS,5.699999809265137,5.889999866485596,5.679999828338623,5.760000228881836,41656
2024-06-18,AURUS,5.900000095367432,5.900000095367432,5.210000038146973,5.53000020980835,114392
2024-06-19,AURUS,5.550000190734863,5.800000190734863,5.460000038146973,5.710000038146973,54171
2024-06-20,AURUS,5.650000095367432,5.789999961853027,5.599999904632568,5.730000019073486,34983
2024-06-21,AURUS,5.840000152587891,5.840000152587891,5.630000114440918,5.730000019073486,26838
2024-06-24,AURUS,5.869999885559082,5.989999771118164,5.519999980926514,5.78000020980835,36206
2024-06-25,AURUS,5.769999980926514,5.880000114440918,5.519999980926514,5.650000095367432,23157
2024-06-26,AURUS,5.860000133514404,5.860000133514404,5.570000171661377,5.690000057220459,33402
2024-06-27,AURUS,5.710000038146973,5.849999904632568,5.340000152587891,5.630000114440918,61090
2024-06-28,AURUS,5.5,5.760000228881836,5.5,5.559999942779541,26201
2024-06-03,AUSOMENT,95.9000015258789,95.9000015258789,89.0999984741211,90.75,26207
2024-06-04,AUSOMENT,90.8000030517578,95.25,86.25,87.6500015258789,41774
2024-06-05,AUSOMENT,88.0,92.0,85.0,92.0,11798
2024-06-06,AUSOMENT,96.5,96.5999984741211,96.5,96.5999984741211,5148
2024-06-07,AUSOMENT,100.9000015258789,100.9000015258789,93.1500015258789,95.5999984741211,4749
2024-06-10,AUSOMENT,95.3499984741211,98.48999786376952,95.3499984741211,97.6500015258789,6440
2024-06-11,AUSOMENT,99.0,99.0,96.0,97.3499984741211,7065
2024-06-12,AUSOMENT,97.98999786376952,98.5,95.36000061035156,97.48999786376952,3623
2024-06-13,AUSOMENT,98.0,98.0,97.0,97.0999984741211,1700
2024-06-14,AUSOMENT,96.0999984741211,97.5,95.5500030517578,96.97000122070312,3626
2024-06-18,AUSOMENT,96.97000122070312,100.0,96.97000122070312,99.5999984741211,8045
2024-06-19,AUSOMENT,99.5999984741211,99.5999984741211,96.1500015258789,98.5,3966
2024-06-20,AUSOMENT,98.5,98.75,96.06999969482422,96.97000122070312,3451
2024-06-21,AUSOMENT,96.4499969482422,98.25,93.97000122070312,96.0,1391
2024-06-24,AUSOMENT,96.0,97.0,94.8000030517578,95.23999786376952,1511
2024-06-25,AUSOMENT,95.23999786376952,96.7699966430664,95.0,95.0999984741211,2671
2024-06-26,AUSOMENT,95.25,95.25,93.0,93.91999816894533,3905
2024-06-27,AUSOMENT,96.9000015258789,96.9000015258789,94.0,94.91999816894533,2588
2024-06-28,AUSOMENT,93.0,96.0,93.0,94.1999969482422,4396
2024-06-03,AUTOAXLES,1990.0,1995.050048828125,1920.0,1936.75,21430
2024-06-04,AUTOAXLES,1957.6500244140625,1957.8499755859373,1751.0,1833.5,27567
2024-06-05,AUTOAXLES,1865.0,1905.050048828125,1820.199951171875,1885.8499755859373,14115
2024-06-06,AUTOAXLES,1914.1500244140625,2038.4000244140625,1897.6500244140625,1990.4000244140625,26380
2024-06-07,AUTOAXLES,1993.0,2049.85009765625,1988.0999755859373,2000.449951171875,26034
2024-06-10,AUTOAXLES,2004.949951171875,2025.9000244140625,1984.5,1995.4000244140625,8358
2024-06-11,AUTOAXLES,2014.3499755859373,2014.3499755859373,1961.0,1968.75,7836
2024-06-12,AUTOAXLES,1967.550048828125,2018.0,1963.949951171875,1996.800048828125,17909
2024-06-13,AUTOAXLES,1992.8499755859373,2014.949951171875,1965.6500244140625,1988.050048828125,17741
2024-06-14,AUTOAXLES,1998.0,2024.0,1981.9000244140625,2017.5,20403
2024-06-18,AUTOAXLES,2017.5,2122.0,1988.9000244140625,2112.35009765625,86246
2024-06-19,AUTOAXLES,2119.60009765625,2131.449951171875,2056.050048828125,2063.35009765625,25334
2024-06-20,AUTOAXLES,2073.699951171875,2122.699951171875,2060.0,2076.64990234375,26743
2024-06-21,AUTOAXLES,2080.0,2096.699951171875,2011.0,2038.800048828125,20423
2024-06-24,AUTOAXLES,2038.800048828125,2108.949951171875,2021.0999755859373,2074.25,34096
2024-06-25,AUTOAXLES,2084.64990234375,2094.64990234375,2054.0,2080.050048828125,15482
2024-06-26,AUTOAXLES,2111.25,2121.89990234375,2058.0,2077.25,19713
2024-06-27,AUTOAXLES,2080.0,2088.89990234375,2006.449951171875,2021.050048828125,28998
2024-06-28,AUTOAXLES,2043.6500244140625,2065.449951171875,1979.0,2000.4000244140625,20026
2024-06-03,AUTOIND,124.0,124.0,118.0,118.5500030517578,81122
2024-06-04,AUTOIND,118.0,120.4000015258789,99.75,105.5999984741211,274388
2024-06-05,AUTOIND,107.6500015258789,117.8499984741211,103.25,115.1999969482422,140042
2024-06-06,AUTOIND,115.5,118.4000015258789,115.0,116.9499969482422,65113
2024-06-07,AUTOIND,116.9499969482422,120.5,116.0,119.8499984741211,112521
2024-06-10,AUTOIND,121.6500015258789,126.70999908447266,120.1500015258789,123.9499969482422,144879
2024-06-11,AUTOIND,124.0500030517578,128.10000610351562,123.0999984741211,125.54000091552734,132664
2024-06-12,AUTOIND,126.3000030517578,128.4600067138672,124.4000015258789,125.5,181440
2024-06-13,AUTOIND,126.1500015258789,126.76000213623048,120.5,121.63999938964844,206766
2024-06-14,AUTOIND,123.3000030517578,125.98999786376952,117.98999786376952,118.9000015258789,310288
2024-06-18,AUTOIND,119.25,120.88999938964844,118.1500015258789,119.12999725341795,105422
2024-06-19,AUTOIND,119.5999984741211,120.4499969482422,114.8499984741211,116.01000213623048,382403
2024-06-20,AUTOIND,117.1500015258789,120.98999786376952,116.61000061035156,117.87000274658205,208846
2024-06-21,AUTOIND,117.9499969482422,122.3000030517578,117.9499969482422,119.48999786376952,131416
2024-06-24,AUTOIND,118.5,121.13999938964844,117.48999786376952,119.41000366210938,114023
2024-06-25,AUTOIND,120.5999984741211,121.38999938964844,116.5999984741211,116.98999786376952,152081
2024-06-26,AUTOIND,118.4499969482422,118.4499969482422,114.95999908447266,115.27999877929688,126949
2024-06-27,AUTOIND,115.29000091552734,133.58999633789062,115.29000091552734,126.19000244140624,2801584
2024-06-28,AUTOIND,127.0500030517578,130.77000427246094,123.04000091552734,124.20999908447266,406611
2024-06-03,AVADHSUGAR,539.0,551.8499755859375,539.0,542.9500122070312,35716
2024-06-04,AVADHSUGAR,541.7999877929688,541.7999877929688,479.5499877929688,508.1499938964844,64554
2024-06-05,AVADHSUGAR,509.0,537.9500122070312,504.0,534.2999877929688,54666
2024-06-06,AVADHSUGAR,534.9500122070312,548.7999877929688,525.0499877929688,526.8499755859375,59014
2024-06-07,AVADHSUGAR,528.2000122070312,554.9000244140625,527.2000122070312,548.3499755859375,106751
2024-06-10,AVADHSUGAR,550.9500122070312,564.0,548.6500244140625,553.8499755859375,66336
2024-06-11,AVADHSUGAR,556.7999877929688,597.9000244140625,555.7000122070312,588.7999877929688,212511
2024-06-12,AVADHSUGAR,597.0,616.0,594.0499877929688,607.2000122070312,201315
2024-06-13,AVADHSUGAR,617.0,665.0499877929688,613.0,639.75,985922
2024-06-14,AVADHSUGAR,646.7000122070312,658.8499755859375,643.5999755859375,646.25,200250
2024-06-18,AVADHSUGAR,652.7000122070312,654.7000122070312,628.0,642.8499755859375,91979
2024-06-19,AVADHSUGAR,645.0,695.0,625.0999755859375,658.75,667348
2024-06-20,AVADHSUGAR,663.4000244140625,697.0,661.25,682.2999877929688,384388
2024-06-21,AVADHSUGAR,685.75,694.7000122070312,667.0,670.7999877929688,175949
2024-06-24,AVADHSUGAR,669.0,684.2999877929688,648.5,652.5499877929688,141671
2024-06-25,AVADHSUGAR,656.7000122070312,682.6500244140625,641.9000244140625,644.4500122070312,216089
2024-06-26,AVADHSUGAR,646.4500122070312,668.0,627.5499877929688,633.9000244140625,102191
2024-06-27,AVADHSUGAR,638.0,646.6500244140625,621.3499755859375,626.2000122070312,97453
2024-06-28,AVADHSUGAR,630.9000244140625,646.0,627.5,636.7000122070312,96954
2024-06-03,AVALON,496.7000122070313,497.7000122070313,484.0,489.3999938964844,164513
2024-06-04,AVALON,482.6000061035156,494.0,458.5499877929688,471.4500122070313,104870
2024-06-05,AVALON,475.0,483.9500122070313,457.2000122070313,471.7000122070313,86845
2024-06-06,AVALON,475.0,485.0,474.0,479.8999938964844,93252
2024-06-07,AVALON,480.0,495.0,480.0,491.0,109939
2024-06-10,AVALON,491.0,500.0,487.0,488.5,89101
2024-06-11,AVALON,496.8500061035156,512.0,489.0499877929688,509.9500122070313,194590
2024-06-12,AVALON,510.6000061035156,523.9000244140625,510.1000061035156,520.0999755859375,156643
2024-06-13,AVALON,523.9500122070312,523.9500122070312,512.5,520.5,127956
2024-06-14,AVALON,520.5999755859375,521.4500122070312,511.4500122070313,519.5,71341
2024-06-18,AVALON,520.0,533.9000244140625,518.1500244140625,524.0999755859375,162443
2024-06-19,AVALON,531.5,531.5,513.7999877929688,517.9500122070312,75940
2024-06-20,AVALON,517.9500122070312,527.2999877929688,512.7999877929688,523.3499755859375,83231
2024-06-21,AVALON,524.0,534.8499755859375,520.0999755859375,526.7999877929688,112424
2024-06-24,AVALON,528.9500122070312,554.9000244140625,526.0,550.9500122070312,415402
2024-06-25,AVALON,572.9500122070312,575.0,551.0,555.5499877929688,532774
2024-06-26,AVALON,560.0,565.5,551.9000244140625,560.1500244140625,240184
2024-06-27,AVALON,563.3499755859375,563.7999877929688,540.9000244140625,548.8499755859375,146117
2024-06-28,AVALON,548.8499755859375,553.0,538.1500244140625,541.0,95538
2024-06-03,AVANTIFEED,527.8499755859375,541.75,510.0,514.2000122070312,404073
2024-06-04,AVANTIFEED,513.0,520.0,486.4500122070313,491.2999877929688,439334
2024-06-05,AVANTIFEED,499.7999877929688,526.5,492.0,523.1500244140625,410195
2024-06-06,AVANTIFEED,540.0,572.4000244140625,530.0,565.3499755859375,2477120
2024-06-07,AVANTIFEED,580.0,647.1500244140625,570.4500122070312,615.4000244140625,13673693
2024-06-10,AVANTIFEED,622.75,645.0,622.0,634.2999877929688,3287872
2024-06-11,AVANTIFEED,634.2999877929688,634.2999877929688,609.0,612.2999877929688,1138269
2024-06-12,AVANTIFEED,612.2999877929688,619.7999877929688,601.75,615.0499877929688,768165
2024-06-13,AVANTIFEED,615.25,618.3499755859375,605.0,608.7000122070312,540924
2024-06-14,AVANTIFEED,608.9500122070312,614.0,592.6500244140625,594.7999877929688,460795
2024-06-18,AVANTIFEED,595.0,652.3499755859375,588.0499877929688,639.75,6607227
2024-06-19,AVANTIFEED,645.0,672.0,624.0,639.3499755859375,3208201
2024-06-20,AVANTIFEED,639.3499755859375,652.7999877929688,630.0,633.3499755859375,856290
2024-06-21,AVANTIFEED,633.2000122070312,637.7999877929688,613.3499755859375,615.8499755859375,686093
2024-06-24,AVANTIFEED,619.9500122070312,632.5,608.7999877929688,617.0499877929688,564915
2024-06-25,AVANTIFEED,622.0,634.5,608.25,615.0,452547
2024-06-26,AVANTIFEED,618.0499877929688,618.7999877929688,595.5999755859375,600.5,428420
2024-06-27,AVANTIFEED,606.5499877929688,608.7000122070312,584.0499877929688,588.5999755859375,743329
2024-06-28,AVANTIFEED,590.0,605.4000244140625,590.0,597.5499877929688,450507
2024-06-03,AVG,515.0,515.0,476.8500061035156,484.8999938964844,196394
2024-06-04,AVG,481.0,481.4500122070313,409.0,435.0,242885
2024-06-05,AVG,435.6000061035156,449.0,420.0499877929688,444.0,52332
2024-06-06,AVG,457.7999877929688,457.9500122070313,433.0,440.2000122070313,79224
2024-06-07,AVG,442.5,510.0,435.6000061035156,503.6499938964844,230638
2024-06-10,AVG,512.0,560.0,509.0,519.4000244140625,309235
2024-06-11,AVG,524.8499755859375,526.0,508.2999877929688,512.5499877929688,52289
2024-06-12,AVG,514.5499877929688,530.0,509.2000122070313,520.8499755859375,82750
2024-06-13,AVG,528.0,528.0,491.0,493.7999877929688,176331
2024-06-14,AVG,494.0,499.9500122070313,490.1000061035156,492.8999938964844,35338
2024-06-18,AVG,494.7999877929688,522.0,491.2000122070313,512.4000244140625,81855
2024-06-19,AVG,514.4000244140625,517.9500122070312,503.8500061035156,510.3500061035156,50646
2024-06-20,AVG,511.3500061035156,514.7999877929688,507.8500061035156,510.2999877929688,30183
2024-06-21,AVG,510.6000061035156,517.9500122070312,510.0,510.3999938964844,27002
2024-06-24,AVG,502.6499938964844,515.0,501.0,506.1499938964844,38762
2024-06-25,AVG,514.9500122070312,514.9500122070312,495.2000122070313,504.3500061035156,30752
2024-06-26,AVG,509.9500122070313,509.9500122070313,491.6499938964844,495.7000122070313,32962
2024-06-27,AVG,507.8500061035156,507.8500061035156,480.5,483.1000061035156,40054
2024-06-28,AVG,485.1000061035156,499.1000061035156,485.0,489.75,19720
2024-06-03,AVONMORE,12.600000381469728,12.84000015258789,11.704999923706056,11.93000030517578,637200
2024-06-04,AVONMORE,11.949999809265137,11.949999809265137,10.71500015258789,10.890000343322754,603200
2024-06-05,AVONMORE,11.0,11.244999885559082,10.494999885559082,11.079999923706056,440740
2024-06-06,AVONMORE,11.479999542236328,11.579999923706056,10.795000076293944,11.420000076293944,182260
2024-06-07,AVONMORE,11.5,12.3100004196167,11.3100004196167,12.024999618530272,515790
2024-06-10,AVONMORE,12.100000381469728,13.468999862670898,11.854999542236328,13.184000015258787,2825790
2024-06-11,AVONMORE,13.354999542236328,13.800000190734863,12.611000061035156,12.744999885559082,1016420
2024-06-12,AVONMORE,12.885000228881836,13.0,12.654999732971191,12.722999572753906,380680
2024-06-13,AVONMORE,12.90999984741211,13.295000076293944,12.656999588012695,13.111000061035156,823930
2024-06-14,AVONMORE,13.15999984741211,13.369999885559082,12.800000190734863,12.876999855041504,394950
2024-06-18,AVONMORE,13.399999618530272,13.399999618530272,12.8100004196167,13.105999946594238,1109370
2024-06-19,AVONMORE,13.100000381469728,13.199999809265137,12.550999641418455,13.005000114440918,455900
2024-06-20,AVONMORE,13.175000190734863,13.295000076293944,12.859999656677246,13.197999954223633,435270
2024-06-21,AVONMORE,13.300000190734863,13.460000038146973,12.90999984741211,13.300000190734863,580100
2024-06-24,AVONMORE,13.600000381469728,13.6899995803833,13.114999771118164,13.494999885559082,600440
2024-06-25,AVONMORE,13.699000358581545,13.789999961853027,13.390000343322754,13.592000007629396,484530
2024-06-26,AVONMORE,13.60099983215332,13.760000228881836,13.336000442504885,13.552000045776367,517550
2024-06-27,AVONMORE,13.550000190734863,13.550000190734863,12.914999961853027,12.987000465393066,755200
2024-06-28,AVONMORE,13.140000343322754,13.630000114440918,13.100000381469728,13.630000114440918,666147
2024-06-03,AVROIND,12.050000190734863,12.460000038146973,11.619999885559082,11.720000267028809,380440
2024-06-04,AVROIND,11.720000267028809,11.725000381469728,10.0,10.579999923706056,897580
2024-06-05,AVROIND,11.095000267028809,11.399999618530272,10.43000030517578,11.149999618530272,249100
2024-06-06,AVROIND,11.399999618530272,11.710000038146973,11.109999656677246,11.59000015258789,251130
2024-06-07,AVROIND,11.5,12.06999969482422,11.380000114440918,11.869999885559082,237340
2024-06-10,AVROIND,11.869999885559082,12.404999732971191,11.76099967956543,12.234999656677246,386740
2024-06-11,AVROIND,12.225000381469728,12.449000358581545,12.00100040435791,12.18299961090088,210760
2024-06-12,AVROIND,12.100000381469728,12.399999618530272,11.67099952697754,11.802000045776367,392310
2024-06-13,AVROIND,11.859999656677246,12.199000358581545,11.81999969482422,11.946999549865724,324420
2024-06-14,AVROIND,11.946999549865724,12.00100040435791,11.621000289916992,11.720000267028809,260940
2024-06-18,AVROIND,11.720000267028809,12.6899995803833,11.720000267028809,12.17300033569336,814000
2024-06-19,AVROIND,12.420000076293944,12.420000076293944,11.711000442504885,11.80500030517578,559080
2024-06-20,AVROIND,11.80500030517578,12.088000297546388,11.800999641418455,11.890000343322754,151260
2024-06-21,AVROIND,11.890000343322754,11.975000381469728,11.75,11.77299976348877,150430
2024-06-24,AVROIND,11.810999870300291,11.939000129699709,11.701000213623049,11.770000457763672,166040
2024-06-25,AVROIND,11.706000328063965,11.925999641418455,11.605999946594238,11.687000274658203,130180
2024-06-26,AVROIND,11.74899959564209,11.800000190734863,11.199999809265137,11.529000282287598,222090
2024-06-27,AVROIND,11.404999732971191,11.789999961853027,11.404999732971191,11.61299991607666,246430
2024-06-28,AVROIND,11.670000076293944,11.918999671936035,11.473999977111816,11.55500030517578,208220
2024-06-03,AVTNPL,87.69999694824219,87.75,82.0,82.25,289376
2024-06-04,AVTNPL,83.0,83.0999984741211,74.0,76.80000305175781,451524
2024-06-05,AVTNPL,77.80000305175781,82.55000305175781,76.94999694824219,81.75,260375
2024-06-06,AVTNPL,83.0,84.0,81.9000015258789,82.4000015258789,138951
2024-06-07,AVTNPL,82.8499984741211,84.55000305175781,82.8499984741211,83.94999694824219,122605
2024-06-10,AVTNPL,85.19999694824219,87.1500015258789,84.44999694824219,85.83999633789062,198661
2024-06-11,AVTNPL,86.44000244140625,87.9000015258789,85.5,86.80000305175781,200436
2024-06-12,AVTNPL,87.0,87.55000305175781,86.0,86.19000244140625,120983
2024-06-13,AVTNPL,86.6500015258789,87.56999969482422,86.19000244140625,87.0,118734
2024-06-14,AVTNPL,87.62000274658203,87.98999786376953,87.0,87.20999908447266,123029
2024-06-18,AVTNPL,88.0,88.4000015258789,87.0,87.77999877929688,152576
2024-06-19,AVTNPL,87.6500015258789,89.62999725341797,85.05999755859375,85.63999938964844,236515
2024-06-20,AVTNPL,86.27999877929688,87.88999938964844,85.62999725341797,86.69000244140625,328296
2024-06-21,AVTNPL,86.69999694824219,88.69999694824219,86.20999908447266,87.52999877929688,176724
2024-06-24,AVTNPL,87.52999877929688,87.79000091552734,86.0,86.08000183105469,125140
2024-06-25,AVTNPL,86.0,87.55000305175781,86.0,86.58000183105469,94204
2024-06-26,AVTNPL,86.68000030517578,86.68000030517578,85.4000015258789,85.56999969482422,77965
2024-06-27,AVTNPL,85.72000122070312,88.55999755859375,85.56999969482422,86.05999755859375,238725
2024-06-28,AVTNPL,86.5999984741211,87.08000183105469,85.0,85.43000030517578,101897
2024-06-03,AWFIS,420.0,423.5,405.0,419.3500061035156,1135227
2024-06-04,AWFIS,417.0,417.0,371.3999938964844,407.0499877929688,706925
2024-06-05,AWFIS,400.0,423.7000122070313,384.0,413.25,422329
2024-06-06,AWFIS,408.0,418.1499938964844,406.9500122070313,408.6499938964844,308675
2024-06-07,AWFIS,415.9500122070313,468.7999877929688,410.2999877929688,448.5,1935606
2024-06-10,AWFIS,448.5,455.0,433.25,439.7999877929688,536318
2024-06-11,AWFIS,447.0,468.0,443.0499877929688,455.8500061035156,695332
2024-06-12,AWFIS,463.9500122070313,485.8999938964844,457.2000122070313,472.5499877929688,717967
2024-06-13,AWFIS,474.7999877929688,478.4500122070313,462.1000061035156,466.9500122070313,298522
2024-06-14,AWFIS,470.0,491.7999877929688,464.8500061035156,483.3500061035156,616614
2024-06-18,AWFIS,489.3500061035156,494.7999877929688,473.2000122070313,486.5,351370
2024-06-19,AWFIS,488.0,507.25,479.25,499.8500061035156,597141
2024-06-20,AWFIS,530.1500244140625,544.0,500.0,504.8999938964844,1736521
2024-06-21,AWFIS,504.8999938964844,512.7999877929688,484.6000061035156,491.1000061035156,280205
2024-06-24,AWFIS,494.8999938964844,515.0,474.7000122070313,507.0499877929688,371253
2024-06-25,AWFIS,511.0,540.0,505.0,536.5999755859375,699993
2024-06-26,AWFIS,544.9500122070312,578.9500122070312,544.0,561.9500122070312,955436
2024-06-27,AWFIS,559.9500122070312,561.5,507.5,517.6500244140625,609993
2024-06-28,AWFIS,517.0499877929688,524.7000122070312,505.5,514.5999755859375,595151
2024-06-03,AWHCL,451.7999877929688,454.6499938964844,448.5,453.25,116123
2024-06-04,AWHCL,453.0,453.0,418.7999877929688,420.8500061035156,197070
2024-06-05,AWHCL,430.7999877929688,430.7999877929688,407.9500122070313,410.25,212659
2024-06-06,AWHCL,417.2000122070313,446.0,411.5499877929688,441.2000122070313,258437
2024-06-07,AWHCL,441.5,451.7000122070313,435.1499938964844,438.2000122070313,120071
2024-06-10,AWHCL,445.0,447.1499938964844,432.3999938964844,435.3999938964844,195086
2024-06-11,AWHCL,435.3999938964844,444.3500061035156,432.75,441.3500061035156,123680
2024-06-12,AWHCL,443.0499877929688,449.8999938964844,442.0,445.9500122070313,129495
2024-06-13,AWHCL,449.8999938964844,463.5,447.0,460.2000122070313,263852
2024-06-14,AWHCL,461.2000122070313,462.2000122070313,453.0,456.0,104580
2024-06-18,AWHCL,458.8500061035156,464.75,455.0,462.9500122070313,168941
2024-06-19,AWHCL,465.9500122070313,484.5,465.9500122070313,473.9500122070313,457713
2024-06-20,AWHCL,475.0,499.0,475.0,480.25,421425
2024-06-21,AWHCL,483.2000122070313,485.9500122070313,471.1499938964844,477.3500061035156,131533
2024-06-24,AWHCL,477.3500061035156,478.0499877929688,464.1000061035156,469.0499877929688,140771
2024-06-25,AWHCL,475.0,487.75,466.1000061035156,469.7000122070313,283998
2024-06-26,AWHCL,473.7999877929688,510.0,470.0499877929688,500.75,1056952
2024-06-27,AWHCL,502.0,524.0,501.0,512.0499877929688,1635713
2024-06-28,AWHCL,518.0,522.0499877929688,508.3500061035156,511.4500122070313,228979
2024-06-03,AWL,381.9500122070313,383.9500122070313,364.1000061035156,368.25,10215851
2024-06-04,AWL,369.0,369.0,331.45001220703125,331.45001220703125,7245279
2024-06-05,AWL,335.0,338.79998779296875,316.0,334.20001220703125,3686678
2024-06-06,AWL,342.0,348.1499938964844,337.0,343.45001220703125,3458914
2024-06-07,AWL,340.04998779296875,346.8999938964844,340.04998779296875,345.0,1758072
2024-06-10,AWL,347.8500061035156,351.0,344.8500061035156,345.5,2083460
2024-06-11,AWL,347.5,347.95001220703125,343.29998779296875,343.8999938964844,1004598
2024-06-12,AWL,344.95001220703125,346.8999938964844,344.04998779296875,344.45001220703125,955655
2024-06-13,AWL,346.45001220703125,348.70001220703125,344.0,344.29998779296875,1031957
2024-06-14,AWL,345.8999938964844,348.70001220703125,343.0,344.3999938964844,1071246
2024-06-18,AWL,344.54998779296875,346.70001220703125,340.8999938964844,341.54998779296875,1467029
2024-06-19,AWL,342.5,343.0,335.75,337.1000061035156,1210968
2024-06-20,AWL,339.0,343.04998779296875,337.25,340.1499938964844,942532
2024-06-21,AWL,340.95001220703125,341.8999938964844,337.25,338.54998779296875,1022030
2024-06-24,AWL,337.95001220703125,340.29998779296875,336.0,336.6499938964844,920363
2024-06-25,AWL,337.79998779296875,338.8500061035156,335.0,335.20001220703125,809296
2024-06-26,AWL,336.0,337.8999938964844,334.3999938964844,334.8999938964844,830867
2024-06-27,AWL,337.0,337.79998779296875,331.1000061035156,333.6499938964844,995756
2024-06-28,AWL,335.0,335.70001220703125,331.04998779296875,332.1000061035156,851711
2024-06-03,AXISBANK,1197.050048828125,1242.199951171875,1193.4000244140625,1223.9000244140625,22197339
2024-06-04,AXISBANK,1224.0,1224.0,1101.550048828125,1131.25,24135989
2024-06-05,AXISBANK,1138.0,1193.0,1110.699951171875,1184.5,21039499
2024-06-06,AXISBANK,1192.0999755859375,1195.9000244140625,1163.25,1170.949951171875,12006879
2024-06-07,AXISBANK,1178.0,1195.199951171875,1166.75,1186.800048828125,8583998
2024-06-10,AXISBANK,1185.0,1212.4000244140625,1185.0,1200.0,9995057
2024-06-11,AXISBANK,1204.449951171875,1209.3499755859375,1190.449951171875,1194.5999755859375,9390212
2024-06-12,AXISBANK,1192.0999755859375,1206.1500244140625,1184.0999755859375,1187.9000244140625,7199718
2024-06-13,AXISBANK,1201.800048828125,1202.0,1173.449951171875,1174.6500244140625,5321148
2024-06-14,AXISBANK,1180.949951171875,1184.6500244140625,1170.0,1181.050048828125,4451031
2024-06-18,AXISBANK,1194.0,1194.0,1181.1500244140625,1191.9000244140625,6837181
2024-06-19,AXISBANK,1193.0,1243.3499755859375,1185.5,1226.6500244140625,17987437
2024-06-20,AXISBANK,1230.0999755859375,1241.5,1220.4000244140625,1239.5,8206858
2024-06-21,AXISBANK,1246.0,1246.0,1223.75,1237.449951171875,29311314
2024-06-24,AXISBANK,1231.0,1235.75,1225.050048828125,1228.0999755859375,6676530
2024-06-25,AXISBANK,1234.449951171875,1278.75,1226.0,1271.449951171875,17607952
2024-06-26,AXISBANK,1281.0999755859375,1292.949951171875,1259.199951171875,1285.4000244140625,13956370
2024-06-27,AXISBANK,1310.0,1310.0,1280.0,1288.949951171875,22311393
2024-06-28,AXISBANK,1283.0999755859375,1289.9000244140625,1261.5999755859375,1265.25,7167069
2024-06-03,AXISCADES,514.0,530.0,495.0,500.5,467659
2024-06-04,AXISCADES,504.5,508.0,440.4500122070313,450.0499877929688,335751
2024-06-05,AXISCADES,476.2000122070313,476.2000122070313,432.5499877929688,458.0,328755
2024-06-06,AXISCADES,465.2999877929688,494.5499877929688,463.7999877929688,467.1499938964844,172987
2024-06-07,AXISCADES,470.3999938964844,484.5,463.5499877929688,478.6499938964844,164617
2024-06-10,AXISCADES,489.0,534.0,489.0,496.6000061035156,567173
2024-06-11,AXISCADES,508.5,510.0,485.75,495.3999938964844,353038
2024-06-12,AXISCADES,498.0,504.2999877929688,477.0,478.8999938964844,351033
2024-06-13,AXISCADES,484.9500122070313,496.2000122070313,475.0499877929688,479.1499938964844,287369
2024-06-14,AXISCADES,480.0,538.9000244140625,479.4500122070313,527.3499755859375,1009269
2024-06-18,AXISCADES,533.4000244140625,626.0,532.0,617.5499877929688,2288823
2024-06-19,AXISCADES,622.2000122070312,622.7000122070312,582.2000122070312,599.5,895314
2024-06-20,AXISCADES,599.9000244140625,606.9500122070312,574.7999877929688,582.3499755859375,289796
2024-06-21,AXISCADES,585.4500122070312,593.75,573.3499755859375,575.5,331407
2024-06-24,AXISCADES,573.0499877929688,583.9500122070312,557.5,567.4500122070312,275970
2024-06-25,AXISCADES,569.9500122070312,580.0,549.0499877929688,554.5499877929688,255580
2024-06-26,AXISCADES,556.0,575.7000122070312,546.0,549.2999877929688,372130
2024-06-27,AXISCADES,550.9500122070312,553.75,525.0,530.2000122070312,328506
2024-06-28,AXISCADES,533.8499755859375,538.2000122070312,519.0499877929688,523.25,222442
2024-06-03,AXITA,14.659090042114258,14.727272033691406,14.284090042114258,14.318181037902832,1496020
2024-06-04,AXITA,14.420454025268556,14.420454025268556,13.465909004211426,13.704545021057127,3257356
2024-06-05,AXITA,13.875,14.01136302947998,13.602272033691406,13.63636302947998,2285701
2024-06-06,AXITA,13.772727012634276,13.977272033691406,13.602272033691406,13.704545021057127,3185616
2024-06-07,AXITA,13.704545021057127,13.875,13.704545021057127,13.772727012634276,1481892
2024-06-10,AXITA,13.806818008422852,14.897727012634276,13.806818008422852,14.570453643798828,3570668
2024-06-11,AXITA,14.774999618530272,14.863636016845703,14.536362648010254,14.570453643798828,1575928
2024-06-12,AXITA,14.618181228637695,14.727272033691406,14.468180656433104,14.631817817687988,1231344
2024-06-13,AXITA,14.71363639831543,14.795454025268556,14.515909194946287,14.659090042114258,1158201
2024-06-14,AXITA,14.71363639831543,15.29318141937256,14.550000190734863,15.102272033691406,2435768
2024-06-18,AXITA,15.272727012634276,15.681818008422852,15.170454025268556,15.368181228637695,2273873
2024-06-19,AXITA,15.46363639831543,15.559089660644531,15.040908813476562,15.184089660644531,1739259
2024-06-20,AXITA,15.259090423583984,15.265909194946287,15.0,15.034090042114258,1274201
2024-06-21,AXITA,15.068181037902832,15.08863639831543,14.699999809265137,14.795454025268556,1692706
2024-06-24,AXITA,14.699999809265137,14.76136302947998,14.50227165222168,14.597726821899414,1387479
2024-06-25,AXITA,14.625,14.863636016845703,14.522727012634276,14.625,1311355
2024-06-26,AXITA,14.659090042114258,14.727272033691406,14.556818008422852,14.604544639587402,815493
2024-06-27,AXITA,14.64545440673828,14.686363220214844,14.440909385681152,14.481818199157717,1030484
2024-06-28,AXITA,14.495453834533691,14.58409023284912,14.359089851379396,14.440909385681152,949759
2024-06-03,AYMSYNTEX,97.0,99.0,92.4499969482422,93.5500030517578,303420
2024-06-04,AYMSYNTEX,93.5,93.5,80.6500015258789,86.55000305175781,131072
2024-06-05,AYMSYNTEX,85.80000305175781,89.44999694824219,83.80000305175781,88.69999694824219,35560
2024-06-06,AYMSYNTEX,90.5,94.0,89.30000305175781,90.4499969482422,120756
2024-06-07,AYMSYNTEX,91.0,95.0,91.0,92.6999969482422,62998
2024-06-10,AYMSYNTEX,93.0,95.4000015258789,91.23999786376952,93.80999755859376,39243
2024-06-11,AYMSYNTEX,93.9000015258789,94.7699966430664,92.0999984741211,93.33999633789062,45199
2024-06-12,AYMSYNTEX,94.75,95.41999816894533,93.0500030517578,93.25,44760
2024-06-13,AYMSYNTEX,93.5,99.0999984741211,93.3000030517578,97.22000122070312,188234
2024-06-14,AYMSYNTEX,98.6999969482422,98.6999969482422,95.0999984741211,95.4499969482422,43285
2024-06-18,AYMSYNTEX,95.3000030517578,98.25,95.0,95.23999786376952,41669
2024-06-19,AYMSYNTEX,95.76000213623048,95.79000091552734,92.81999969482422,93.13999938964844,32684
2024-06-20,AYMSYNTEX,95.4499969482422,96.86000061035156,93.5199966430664,94.16000366210938,37653
2024-06-21,AYMSYNTEX,94.18000030517578,102.7699966430664,94.18000030517578,99.91000366210938,428913
2024-06-24,AYMSYNTEX,99.51000213623048,102.29000091552734,98.5,100.27999877929688,192541
2024-06-25,AYMSYNTEX,100.3499984741211,100.79000091552734,93.55999755859376,96.79000091552734,184035
2024-06-26,AYMSYNTEX,97.0999984741211,101.0,95.41999816894533,100.29000091552734,135207
2024-06-27,AYMSYNTEX,101.0,104.9800033569336,93.9000015258789,97.9800033569336,609054
2024-06-28,AYMSYNTEX,97.9800033569336,101.5,97.9000015258789,100.30999755859376,113121
2024-06-03,AZAD,1570.3499755859375,1570.3499755859375,1511.0999755859375,1545.4000244140625,268104
2024-06-04,AZAD,1563.800048828125,1563.800048828125,1468.1500244140625,1468.1500244140625,159776
2024-06-05,AZAD,1425.0,1540.0,1394.75,1494.949951171875,306953
2024-06-06,AZAD,1555.0,1569.6500244140625,1510.0,1551.3499755859375,283500
2024-06-07,AZAD,1555.0,1555.0,1522.199951171875,1539.0,117053
2024-06-10,AZAD,1539.0,1615.949951171875,1539.0,1615.949951171875,398026
2024-06-11,AZAD,1678.4000244140625,1696.699951171875,1640.0,1696.699951171875,217208
2024-06-12,AZAD,1720.0,1755.5,1676.0999755859375,1685.0999755859375,187836
2024-06-13,AZAD,1700.0,1744.949951171875,1700.0,1712.0,217738
2024-06-14,AZAD,1719.300048828125,1797.5999755859375,1719.300048828125,1797.5999755859375,424757
2024-06-18,AZAD,1820.0,1887.449951171875,1810.0,1887.449951171875,353851
2024-06-19,AZAD,1981.800048828125,1981.800048828125,1940.0,1981.800048828125,412421
2024-06-20,AZAD,2030.0,2080.0,1902.0,1927.449951171875,535099
2024-06-21,AZAD,1948.9000244140625,1967.0,1851.0,1874.300048828125,180929
2024-06-24,AZAD,1894.0,1968.0,1889.75,1930.25,211638
2024-06-25,AZAD,1949.300048828125,2006.949951171875,1896.5999755859373,1908.699951171875,138635
2024-06-26,AZAD,1932.6500244140625,1938.6500244140625,1875.0,1882.9000244140625,80505
2024-06-27,AZAD,1899.449951171875,1949.0,1885.0,1902.9000244140625,128042
2024-06-28,AZAD,1918.0,1941.949951171875,1880.0,1898.050048828125,89328
2024-06-03,BAFNAPH,85.44999694824219,85.44999694824219,85.44999694824219,85.44999694824219,1117
2024-06-04,BAFNAPH,85.44999694824219,85.44999694824219,85.44999694824219,85.44999694824219,0
2024-06-05,BAFNAPH,85.44999694824219,85.44999694824219,85.44999694824219,85.44999694824219,0
2024-06-06,BAFNAPH,85.44999694824219,85.44999694824219,85.44999694824219,85.44999694824219,0
2024-06-07,BAFNAPH,85.44999694824219,85.44999694824219,85.44999694824219,85.44999694824219,0
2024-06-10,BAFNAPH,81.16999816894531,82.0,81.16999816894531,81.16999816894531,20339
2024-06-11,BAFNAPH,81.16999816894531,81.16999816894531,81.16999816894531,81.16999816894531,0
2024-06-12,BAFNAPH,81.16999816894531,81.16999816894531,81.16999816894531,81.16999816894531,0
2024-06-13,BAFNAPH,81.16999816894531,81.16999816894531,81.16999816894531,81.16999816894531,0
2024-06-14,BAFNAPH,81.16999816894531,81.16999816894531,81.16999816894531,81.16999816894531,0
2024-06-18,BAFNAPH,77.11000061035156,78.0,77.11000061035156,77.11000061035156,9994
2024-06-19,BAFNAPH,77.11000061035156,77.11000061035156,77.11000061035156,77.11000061035156,0
2024-06-20,BAFNAPH,77.11000061035156,77.11000061035156,77.11000061035156,77.11000061035156,0
2024-06-21,BAFNAPH,77.11000061035156,77.11000061035156,77.11000061035156,77.11000061035156,0
2024-06-24,BAFNAPH,77.11000061035156,77.11000061035156,73.25,75.47000122070312,7084
2024-06-25,BAFNAPH,75.47000122070312,75.47000122070312,75.47000122070312,75.47000122070312,0
2024-06-26,BAFNAPH,75.47000122070312,75.47000122070312,75.47000122070312,75.47000122070312,0
2024-06-27,BAFNAPH,75.47000122070312,75.47000122070312,75.47000122070312,75.47000122070312,0
2024-06-28,BAFNAPH,75.47000122070312,75.47000122070312,75.47000122070312,75.47000122070312,0
2024-06-03,BAGFILMS,8.399999618530273,8.75,8.199999809265137,8.399999618530273,365509
2024-06-04,BAGFILMS,8.5,8.600000381469727,8.0,8.050000190734863,209332
2024-06-05,BAGFILMS,8.100000381469727,8.399999618530273,7.699999809265137,8.199999809265137,127007
2024-06-06,BAGFILMS,8.199999809265137,8.600000381469727,8.050000190734863,8.550000190734863,155834
2024-06-07,BAGFILMS,8.699999809265137,8.899999618530273,8.300000190734863,8.649999618530273,120132
2024-06-10,BAGFILMS,8.800000190734863,8.850000381469727,8.25,8.430000305175781,146882
2024-06-11,BAGFILMS,8.5,8.850000381469727,8.430000305175781,8.789999961853027,209830
2024-06-12,BAGFILMS,9.09000015258789,9.09000015258789,8.649999618530273,8.819999694824219,259552
2024-06-13,BAGFILMS,8.979999542236328,9.170000076293944,8.65999984741211,8.989999771118164,150942
2024-06-14,BAGFILMS,9.109999656677246,9.399999618530272,8.800000190734863,9.359999656677246,322849
2024-06-18,BAGFILMS,9.5,9.779999732971191,9.0,9.479999542236328,273652
2024-06-19,BAGFILMS,9.550000190734863,9.550000190734863,9.100000381469728,9.140000343322754,122103
2024-06-20,BAGFILMS,9.140000343322754,9.449999809265137,9.010000228881836,9.289999961853027,116464
2024-06-21,BAGFILMS,9.119999885559082,9.5,9.0600004196167,9.1899995803833,185307
2024-06-24,BAGFILMS,9.329999923706056,9.329999923706056,9.0,9.06999969482422,77791
2024-06-25,BAGFILMS,9.020000457763672,9.239999771118164,8.800000190734863,8.880000114440918,164066
2024-06-26,BAGFILMS,8.800000190734863,9.149999618530272,8.800000190734863,9.050000190734863,177971
2024-06-27,BAGFILMS,9.050000190734863,9.170000076293944,8.75,8.920000076293945,148038
2024-06-28,BAGFILMS,8.899999618530273,9.050000190734863,8.710000038146973,8.84000015258789,84657
2024-06-03,BAIDFIN,20.950000762939453,20.950000762939453,19.799999237060547,20.049999237060547,514067
2024-06-04,BAIDFIN,20.350000381469727,20.5,18.299999237060547,19.0,855195
2024-06-05,BAIDFIN,19.299999237060547,20.350000381469727,18.799999237060547,20.100000381469727,1036977
2024-06-06,BAIDFIN,20.049999237060547,20.549999237060547,19.75,19.89999961853028,703607
2024-06-07,BAIDFIN,20.200000762939453,20.450000762939453,19.549999237060547,19.700000762939453,805835
2024-06-10,BAIDFIN,19.89999961853028,20.690000534057617,19.799999237060547,20.1200008392334,1162663
2024-06-11,BAIDFIN,20.34000015258789,21.0,19.89999961853028,20.790000915527344,1275869
2024-06-12,BAIDFIN,20.989999771118164,21.690000534057617,20.049999237060547,20.46999931335449,2392006
2024-06-13,BAIDFIN,20.700000762939453,20.989999771118164,20.0,20.21999931335449,1244340
2024-06-14,BAIDFIN,20.350000381469727,20.700000762939453,19.270000457763672,19.780000686645508,2612359
2024-06-18,BAIDFIN,19.89999961853028,20.5,19.11000061035156,19.479999542236328,1096933
2024-06-19,BAIDFIN,19.64999961853028,20.25,19.0,19.13999938964844,1207886
2024-06-20,BAIDFIN,19.299999237060547,19.950000762939453,19.299999237060547,19.64999961853028,331689
2024-06-21,BAIDFIN,19.940000534057617,19.940000534057617,18.989999771118164,19.1200008392334,1501040
2024-06-24,BAIDFIN,19.200000762939453,19.989999771118164,19.01000022888184,19.14999961853028,1621436
2024-06-25,BAIDFIN,19.290000915527344,22.979999542236328,19.25,19.790000915527344,10792642
2024-06-26,BAIDFIN,19.51000022888184,19.84000015258789,18.479999542236328,18.709999084472656,2601659
2024-06-27,BAIDFIN,18.950000762939453,19.25,18.059999465942383,18.46999931335449,1192199
2024-06-28,BAIDFIN,18.89999961853028,19.6299991607666,18.38999938964844,18.61000061035156,1805790
2024-06-03,BAJAJ-AUTO,9180.0,9444.0,9122.5498046875,9335.4501953125,438422
2024-06-04,BAJAJ-AUTO,9227.0,9372.849609375,8808.0,9246.75,738601
2024-06-05,BAJAJ-AUTO,9241.0,9679.0,9176.0,9602.25,489543
2024-06-06,BAJAJ-AUTO,9595.2998046875,9740.0,9454.0,9701.4501953125,570095
2024-06-07,BAJAJ-AUTO,9643.599609375,9740.099609375,9615.0,9725.5498046875,246783
2024-06-10,BAJAJ-AUTO,9779.0,9924.0,9681.5,9733.0498046875,201452
2024-06-11,BAJAJ-AUTO,9740.0,9900.0,9700.099609375,9812.7001953125,457442
2024-06-12,BAJAJ-AUTO,9854.0,9944.0,9795.7001953125,9904.25,277175
2024-06-13,BAJAJ-AUTO,9904.0,9940.0,9825.25,9923.400390625,277783
2024-06-14,BAJAJ-AUTO,9826.0,9995.0,9813.0498046875,9961.75,320933
2024-06-18,BAJAJ-AUTO,9922.0,10038.7998046875,9908.0,9918.2001953125,206100
2024-06-19,BAJAJ-AUTO,9939.5,9948.0,9670.0,9685.7998046875,279789
2024-06-20,BAJAJ-AUTO,9692.0,9735.900390625,9565.0,9632.0,324597
2024-06-21,BAJAJ-AUTO,9675.0,9728.9501953125,9571.099609375,9602.25,334018
2024-06-24,BAJAJ-AUTO,9580.0,9758.9501953125,9510.5498046875,9745.25,283754
2024-06-25,BAJAJ-AUTO,9755.0,9825.0,9645.0,9659.9501953125,282048
2024-06-26,BAJAJ-AUTO,9659.900390625,9660.2998046875,9441.5,9474.650390625,431217
2024-06-27,BAJAJ-AUTO,9564.650390625,9564.650390625,9365.650390625,9417.4501953125,637626
2024-06-28,BAJAJ-AUTO,9465.0,9523.7001953125,9382.25,9501.650390625,237516
2024-06-03,BAJAJCON,234.0,235.3000030517578,230.0,230.6000061035156,278114
2024-06-04,BAJAJCON,230.6000061035156,234.6499938964844,220.0,226.0500030517578,685043
2024-06-05,BAJAJCON,228.3500061035156,244.8000030517578,227.0,238.6999969482422,1772862
2024-06-06,BAJAJCON,240.8999938964844,246.1000061035156,240.6999969482422,244.1999969482422,468383
2024-06-07,BAJAJCON,245.25,255.8999938964844,244.0500030517578,254.1999969482422,1245880
2024-06-10,BAJAJCON,257.3999938964844,260.3999938964844,255.0,256.510009765625,769267
2024-06-11,BAJAJCON,257.5,262.70001220703125,255.1000061035156,258.6300048828125,972335
2024-06-12,BAJAJCON,258.6300048828125,268.0,258.6300048828125,262.1700134277344,1111473
2024-06-13,BAJAJCON,262.9200134277344,267.3999938964844,259.0,262.2200012207031,790910
2024-06-14,BAJAJCON,263.0,266.0,260.760009765625,263.4800109863281,531107
2024-06-18,BAJAJCON,263.510009765625,273.8399963378906,263.510009765625,266.8099975585937,2481807
2024-06-19,BAJAJCON,268.95001220703125,269.3099975585937,258.739990234375,259.8999938964844,797786
2024-06-20,BAJAJCON,261.1499938964844,264.29998779296875,260.3599853515625,262.8699951171875,265305
2024-06-21,BAJAJCON,262.8800048828125,274.45001220703125,262.79998779296875,269.57000732421875,1701007
2024-06-24,BAJAJCON,271.5799865722656,273.3999938964844,266.25,266.7200012207031,568824
2024-06-25,BAJAJCON,268.29998779296875,270.739990234375,263.3999938964844,264.6600036621094,330347
2024-06-26,BAJAJCON,264.6499938964844,267.989990234375,264.1499938964844,265.239990234375,291892
2024-06-27,BAJAJCON,265.239990234375,267.0,258.04998779296875,260.1000061035156,491526
2024-06-28,BAJAJCON,263.69000244140625,265.6000061035156,261.6199951171875,263.92999267578125,271578
2024-06-03,BAJAJELEC,939.75,941.9500122070312,920.0499877929688,921.8499755859376,810844
2024-06-04,BAJAJELEC,935.0,935.0,820.1500244140625,860.9500122070312,196905
2024-06-05,BAJAJELEC,862.0,933.2000122070312,862.0,930.0999755859376,81957
2024-06-06,BAJAJELEC,938.0,984.8499755859376,937.9500122070312,963.7999877929688,150387
2024-06-07,BAJAJELEC,963.75,995.3499755859376,955.0499877929688,972.5999755859376,124349
2024-06-10,BAJAJELEC,975.0499877929688,991.0,962.8499755859376,975.3499755859376,45666
2024-06-11,BAJAJELEC,977.0,994.5499877929688,977.0,983.4000244140624,52311
2024-06-12,BAJAJELEC,983.9500122070312,1030.0,979.3499755859376,1017.1500244140624,171779
2024-06-13,BAJAJELEC,1017.0,1028.9000244140625,1007.0,1022.3499755859376,71221
2024-06-14,BAJAJELEC,1022.3499755859376,1044.0,1017.0499877929688,1040.949951171875,115742
2024-06-18,BAJAJELEC,1050.0,1075.0,1046.199951171875,1066.6500244140625,149554
2024-06-19,BAJAJELEC,1077.300048828125,1077.300048828125,1045.0,1049.949951171875,56477
2024-06-20,BAJAJELEC,1051.6500244140625,1074.0999755859375,1046.949951171875,1060.949951171875,57653
2024-06-21,BAJAJELEC,1061.25,1102.0,1042.0999755859375,1060.050048828125,151880
2024-06-24,BAJAJELEC,1049.050048828125,1067.25,1047.050048828125,1065.3499755859375,39680
2024-06-25,BAJAJELEC,1066.050048828125,1070.0,1042.0999755859375,1044.800048828125,27834
2024-06-26,BAJAJELEC,1048.5,1064.5999755859375,1044.949951171875,1053.5999755859375,33159
2024-06-27,BAJAJELEC,1052.0,1081.449951171875,1042.6500244140625,1056.3499755859375,79404
2024-06-28,BAJAJELEC,1057.0,1064.699951171875,1046.300048828125,1056.6500244140625,31452
2024-06-03,BAJAJFINSV,1580.0,1583.0,1556.449951171875,1575.800048828125,1826290
2024-06-04,BAJAJFINSV,1556.0,1569.199951171875,1419.050048828125,1477.300048828125,4388491
2024-06-05,BAJAJFINSV,1490.0,1528.0,1472.9000244140625,1517.699951171875,1456768
2024-06-06,BAJAJFINSV,1521.5,1541.5,1510.800048828125,1526.449951171875,2891789
2024-06-07,BAJAJFINSV,1538.949951171875,1580.0,1530.550048828125,1567.699951171875,2787254
2024-06-10,BAJAJFINSV,1586.050048828125,1589.0,1559.3499755859375,1565.800048828125,1154334
2024-06-11,BAJAJFINSV,1573.0,1577.4000244140625,1558.0,1568.25,1184425
2024-06-12,BAJAJFINSV,1568.0,1593.75,1562.0,1579.0999755859375,1799090
2024-06-13,BAJAJFINSV,1586.949951171875,1595.550048828125,1581.0,1590.0999755859375,1095701
2024-06-14,BAJAJFINSV,1590.0999755859375,1596.0,1575.3499755859375,1591.75,681385
2024-06-18,BAJAJFINSV,1599.0,1604.9000244140625,1585.0,1597.949951171875,1282756
2024-06-19,BAJAJFINSV,1600.0,1600.0,1582.5,1594.9000244140625,1269273
2024-06-20,BAJAJFINSV,1592.5,1595.0,1573.0999755859375,1586.0,1649421
2024-06-21,BAJAJFINSV,1586.0,1610.8499755859375,1570.5,1578.9000244140625,3345305
2024-06-24,BAJAJFINSV,1570.050048828125,1589.8499755859375,1561.0,1587.6500244140625,822750
2024-06-25,BAJAJFINSV,1587.6500244140625,1610.75,1571.0,1603.3499755859375,3093861
2024-06-26,BAJAJFINSV,1607.0,1616.5,1593.75,1600.25,1310438
2024-06-27,BAJAJFINSV,1600.25,1614.699951171875,1595.050048828125,1603.0999755859375,2620064
2024-06-28,BAJAJFINSV,1603.0999755859375,1622.0,1583.0999755859375,1588.1500244140625,2058302
2024-06-03,BAJAJHCARE,308.0,308.0,282.8500061035156,285.6000061035156,70949
2024-06-04,BAJAJHCARE,285.79998779296875,285.79998779296875,263.29998779296875,279.29998779296875,95138
2024-06-05,BAJAJHCARE,283.3999938964844,288.29998779296875,271.95001220703125,286.54998779296875,28410
2024-06-06,BAJAJHCARE,285.25,294.8500061035156,285.25,290.95001220703125,31611
2024-06-07,BAJAJHCARE,291.95001220703125,299.0,290.95001220703125,295.79998779296875,50230
2024-06-10,BAJAJHCARE,298.3500061035156,300.0,295.0,296.8999938964844,38319
2024-06-11,BAJAJHCARE,303.0,316.0,295.75,307.79998779296875,226923
2024-06-12,BAJAJHCARE,308.1000061035156,314.0,305.5,306.75,107547
2024-06-13,BAJAJHCARE,307.0,312.0,305.54998779296875,310.70001220703125,105454
2024-06-14,BAJAJHCARE,311.0,320.0,308.0,315.54998779296875,194328
2024-06-18,BAJAJHCARE,315.6499938964844,320.0,311.6499938964844,315.95001220703125,91417
2024-06-19,BAJAJHCARE,316.0,320.70001220703125,311.79998779296875,315.8500061035156,118981
2024-06-20,BAJAJHCARE,316.79998779296875,320.70001220703125,315.20001220703125,316.1000061035156,78039
2024-06-21,BAJAJHCARE,320.0,338.0,318.79998779296875,323.8500061035156,854899
2024-06-24,BAJAJHCARE,325.04998779296875,353.0,325.04998779296875,343.70001220703125,1560238
2024-06-25,BAJAJHCARE,344.0,355.0,331.25,335.6000061035156,601632
2024-06-26,BAJAJHCARE,335.54998779296875,352.45001220703125,333.54998779296875,336.8999938964844,650558
2024-06-27,BAJAJHCARE,335.0,342.45001220703125,327.95001220703125,333.5,121715
2024-06-28,BAJAJHCARE,336.0,340.29998779296875,327.8999938964844,336.54998779296875,130995
2024-06-03,BAJAJHIND,32.849998474121094,33.29999923706055,31.600000381469727,32.650001525878906,19123305
2024-06-04,BAJAJHIND,32.5,32.5,27.549999237060547,29.100000381469727,22558924
2024-06-05,BAJAJHIND,29.950000762939453,31.850000381469727,28.25,31.5,20279166
2024-06-06,BAJAJHIND,31.950000762939453,32.599998474121094,31.64999961853028,32.29999923706055,12555040
2024-06-07,BAJAJHIND,32.29999923706055,34.25,32.150001525878906,33.650001525878906,28939792
2024-06-10,BAJAJHIND,33.95000076293945,34.4900016784668,33.11000061035156,33.25,14099329
2024-06-11,BAJAJHIND,33.5,36.68999862670898,32.849998474121094,36.27000045776367,65742192
2024-06-12,BAJAJHIND,36.70000076293945,37.310001373291016,35.83000183105469,36.459999084472656,43560590
2024-06-13,BAJAJHIND,37.04999923706055,42.9900016784668,37.04999923706055,41.72999954223633,229723759
2024-06-14,BAJAJHIND,42.04999923706055,43.5,41.060001373291016,41.59000015258789,81926632
2024-06-18,BAJAJHIND,41.95000076293945,42.400001525878906,39.59999847412109,40.33000183105469,33705395
2024-06-19,BAJAJHIND,40.5,43.95000076293945,38.72999954223633,42.52000045776367,84128082
2024-06-20,BAJAJHIND,42.59999847412109,44.400001525878906,42.0,42.93999862670898,33542685
2024-06-21,BAJAJHIND,43.0,44.2400016784668,42.0,42.68000030517578,31392105
2024-06-24,BAJAJHIND,42.400001525878906,43.09999847412109,41.0,41.13999938964844,21271997
2024-06-25,BAJAJHIND,41.75,43.119998931884766,41.25,41.400001525878906,18801736
2024-06-26,BAJAJHIND,41.77999877929688,42.22999954223633,40.86000061035156,41.130001068115234,22035391
2024-06-27,BAJAJHIND,41.27999877929688,41.58000183105469,39.29999923706055,39.9900016784668,20908432
2024-06-28,BAJAJHIND,40.0,41.2400016784668,39.650001525878906,40.11000061035156,21297501
2024-06-03,BAJAJHLDNG,8129.0,8129.0,7990.0498046875,8014.2998046875,28468
2024-06-04,BAJAJHLDNG,8014.2998046875,8080.0,7659.9501953125,7933.4501953125,40557
2024-06-05,BAJAJHLDNG,7933.4501953125,8098.0,7900.0,8048.89990234375,26432
2024-06-06,BAJAJHLDNG,8129.0,8145.0,8052.0498046875,8130.2998046875,17926
2024-06-07,BAJAJHLDNG,8181.9501953125,8415.0,8163.39990234375,8377.599609375,45046
2024-06-10,BAJAJHLDNG,8450.0,8490.0,8280.0,8423.400390625,20223
2024-06-11,BAJAJHLDNG,8430.0,8622.7998046875,8349.5,8382.400390625,35518
2024-06-12,BAJAJHLDNG,8448.900390625,8448.900390625,8320.0,8350.75,12780
2024-06-13,BAJAJHLDNG,8440.0,8465.0,8226.5,8253.4501953125,27651
2024-06-14,BAJAJHLDNG,8264.599609375,8340.0,8260.2998046875,8302.849609375,37519
2024-06-18,BAJAJHLDNG,8340.0,8376.0,8273.349609375,8283.599609375,18624
2024-06-19,BAJAJHLDNG,8348.7998046875,8373.599609375,8185.7998046875,8199.7001953125,24661
2024-06-20,BAJAJHLDNG,8200.099609375,8277.7998046875,8164.89990234375,8245.7001953125,19663
2024-06-21,BAJAJHLDNG,8250.0,8310.0,8200.0,8226.650390625,59500
2024-06-24,BAJAJHLDNG,8309.9501953125,8992.849609375,8274.5,8724.7998046875,464475
2024-06-25,BAJAJHLDNG,8730.0,8853.0,8523.099609375,8611.5498046875,74272
2024-06-26,BAJAJHLDNG,8611.0,8645.0,8444.0,8503.599609375,112962
2024-06-27,BAJAJHLDNG,8503.099609375,8730.0,8432.5498046875,8449.900390625,72022
2024-06-28,BAJAJHLDNG,8449.0,8698.0,8449.0,8536.25,74446
2024-06-03,BAJEL,257.8999938964844,259.3999938964844,249.1499938964844,259.3999938964844,484084
2024-06-04,BAJEL,253.9499969482422,253.9499969482422,246.4499969482422,246.4499969482422,469541
2024-06-05,BAJEL,240.25,244.8500061035156,234.1499938964844,241.3999938964844,678088
2024-06-06,BAJEL,244.0500030517578,253.4499969482422,244.0500030517578,253.4499969482422,771226
2024-06-07,BAJEL,255.25,268.0,254.3999938964844,264.75,876416
2024-06-10,BAJEL,264.95001220703125,269.5899963378906,260.0,264.3999938964844,528845
2024-06-11,BAJEL,265.0,290.0,263.739990234375,276.7699890136719,2365085
2024-06-12,BAJEL,278.5,282.79998779296875,272.0,273.1600036621094,433030
2024-06-13,BAJEL,274.70001220703125,283.2099914550781,271.989990234375,278.04998779296875,514467
2024-06-14,BAJEL,279.1000061035156,304.8500061035156,278.2099914550781,300.2300109863281,2917783
2024-06-18,BAJEL,310.0,316.70001220703125,303.1000061035156,306.94000244140625,1839819
2024-06-19,BAJEL,308.0,309.3500061035156,292.9200134277344,300.2300109863281,944553
2024-06-20,BAJEL,300.3500061035156,324.79998779296875,300.3500061035156,313.7200012207031,1864761
2024-06-21,BAJEL,316.1499938964844,318.0,298.3999938964844,301.1400146484375,994192
2024-06-24,BAJEL,302.0,304.9700012207031,293.8099975585937,300.239990234375,569062
2024-06-25,BAJEL,302.29998779296875,314.0,302.29998779296875,304.3500061035156,875312
2024-06-26,BAJEL,305.1000061035156,308.0,300.2099914550781,304.3099975585937,518496
2024-06-27,BAJEL,304.95001220703125,314.5,287.0,293.3099975585937,1156110
2024-06-28,BAJEL,294.8999938964844,301.70001220703125,292.1600036621094,297.2799987792969,399861
2024-06-03,BAJFINANCE,694.885009765625,698.8699951171875,683.2949829101562,691.5549926757812,11482120
2024-06-04,BAJFINANCE,691.594970703125,691.594970703125,637.5700073242188,650.9550170898438,32993870
2024-06-05,BAJFINANCE,660.4000244140625,686.2000122070312,653.5549926757812,683.6649780273438,12185170
2024-06-06,BAJFINANCE,685.0,701.2949829101562,682.22998046875,692.5800170898438,14657160
2024-06-07,BAJFINANCE,699.5,729.9000244140625,694.0999755859375,719.1400146484375,29840520
2024-06-10,BAJFINANCE,725.0,725.0,707.5250244140625,708.885009765625,8723180
2024-06-11,BAJFINANCE,708.2999877929688,716.9000244140625,705.0999755859375,713.8099975585938,12052130
2024-06-12,BAJFINANCE,714.7999877929688,727.7000122070312,711.5,721.7750244140625,12685080
2024-06-13,BAJFINANCE,725.219970703125,732.5,723.2150268554688,729.4949951171875,13454950
2024-06-14,BAJFINANCE,729.60498046875,737.0,724.7000122070312,734.155029296875,11874880
2024-06-18,BAJFINANCE,736.5,742.9450073242188,730.0,733.469970703125,9469040
2024-06-19,BAJFINANCE,733.469970703125,734.89501953125,717.7899780273438,723.39501953125,5204000
2024-06-20,BAJFINANCE,722.0,726.489990234375,711.0999755859375,720.7100219726562,9001580
2024-06-21,BAJFINANCE,723.9299926757812,726.5,707.5,713.4249877929688,14998180
2024-06-24,BAJFINANCE,707.5999755859375,710.6950073242188,702.0549926757812,708.1849975585938,6356540
2024-06-25,BAJFINANCE,710.0999755859375,714.0,699.7999877929688,707.4450073242188,15608110
2024-06-26,BAJFINANCE,707.0,717.9249877929688,703.5,715.8200073242188,9125520
2024-06-27,BAJFINANCE,715.0,723.9000244140625,708.3049926757812,716.6749877929688,11376060
2024-06-28,BAJFINANCE,716.5,722.5999755859375,710.530029296875,711.5549926757812,8295840
2024-06-03,BALAJITELE,65.55000305175781,65.94999694824219,63.70000076293945,64.5999984741211,265014
2024-06-04,BALAJITELE,64.94999694824219,64.94999694824219,61.400001525878906,61.400001525878906,276288
2024-06-05,BALAJITELE,61.400001525878906,61.400001525878906,58.34999847412109,59.400001525878906,502744
2024-06-06,BALAJITELE,60.09999847412109,62.34999847412109,60.09999847412109,62.34999847412109,141525
2024-06-07,BALAJITELE,63.45000076293945,68.55000305175781,63.0,68.55000305175781,880313
2024-06-10,BALAJITELE,69.88999938964844,70.94999694824219,66.61000061035156,69.12999725341797,611716
2024-06-11,BALAJITELE,69.80000305175781,69.94999694824219,65.22000122070312,66.47000122070312,351173
2024-06-12,BALAJITELE,67.5,70.5,66.8499984741211,67.61000061035156,352265
2024-06-13,BALAJITELE,67.94999694824219,69.25,67.94999694824219,68.51000213623047,154914
2024-06-14,BALAJITELE,68.51000213623047,69.94999694824219,67.5,67.9000015258789,297747
2024-06-18,BALAJITELE,68.05000305175781,68.94999694824219,64.16999816894531,66.02999877929688,216422
2024-06-19,BALAJITELE,66.08999633789062,68.38999938964844,66.0,66.33000183105469,274841
2024-06-20,BALAJITELE,66.5999984741211,72.5,66.5999984741211,71.52999877929688,1047759
2024-06-21,BALAJITELE,71.52999877929688,72.0,69.5199966430664,69.79000091552734,257591
2024-06-24,BALAJITELE,70.19999694824219,70.94000244140625,69.5,70.01000213623047,146499
2024-06-25,BALAJITELE,70.05000305175781,70.54000091552734,65.94000244140625,67.6500015258789,232743
2024-06-26,BALAJITELE,68.05000305175781,68.6500015258789,67.0999984741211,67.75,146479
2024-06-27,BALAJITELE,68.30000305175781,68.79000091552734,66.05000305175781,66.56999969482422,197015
2024-06-28,BALAJITELE,66.77999877929688,72.5,66.77999877929688,70.11000061035156,764463
2024-06-03,BALAMINES,2139.0,2168.949951171875,2090.60009765625,2099.949951171875,44299
2024-06-04,BALAMINES,2099.949951171875,2119.550048828125,1960.0,2045.25,88471
2024-06-05,BALAMINES,2046.0,2140.0,2041.550048828125,2109.10009765625,40977
2024-06-06,BALAMINES,2140.0,2149.449951171875,2118.199951171875,2124.64990234375,21629
2024-06-07,BALAMINES,2136.10009765625,2185.0,2124.699951171875,2153.75,64209
2024-06-10,BALAMINES,2170.949951171875,2218.64990234375,2160.25,2182.800048828125,51905
2024-06-11,BALAMINES,2199.949951171875,2225.0,2183.14990234375,2199.89990234375,29504
2024-06-12,BALAMINES,2203.0,2220.89990234375,2180.0,2188.449951171875,35635
2024-06-13,BALAMINES,2195.0,2250.0,2180.0,2245.89990234375,86699
2024-06-14,BALAMINES,2250.0,2267.5,2220.0,2224.25,51172
2024-06-18,BALAMINES,2225.0,2299.75,2214.89990234375,2246.89990234375,90979
2024-06-19,BALAMINES,2260.0,2289.85009765625,2217.0,2243.64990234375,105017
2024-06-20,BALAMINES,2250.0,2419.0,2234.39990234375,2397.449951171875,617614
2024-06-21,BALAMINES,2425.0,2507.0,2358.699951171875,2398.60009765625,381465
2024-06-24,BALAMINES,2412.0,2435.0,2351.0,2357.449951171875,103043
2024-06-25,BALAMINES,2360.0,2373.14990234375,2320.0,2328.550048828125,62298
2024-06-26,BALAMINES,2330.0,2397.14990234375,2266.25,2324.5,101695
2024-06-27,BALAMINES,2324.5,2382.199951171875,2295.35009765625,2304.85009765625,81805
2024-06-28,BALAMINES,2305.0,2326.64990234375,2275.0,2289.550048828125,47778
2024-06-03,BALAXI,126.0,127.0,112.0999984741211,114.0,122419
2024-06-04,BALAXI,113.0,113.9000015258789,95.0,97.9000015258789,113963
2024-06-05,BALAXI,99.0,107.6500015258789,93.0,107.0999984741211,78415
2024-06-06,BALAXI,107.6500015258789,112.1500015258789,103.6500015258789,106.5,41124
2024-06-07,BALAXI,109.9000015258789,114.75,104.5,113.6500015258789,53538
2024-06-10,BALAXI,115.9800033569336,118.0,115.0,116.2300033569336,27861
2024-06-11,BALAXI,116.77999877929688,117.5,114.9000015258789,115.26000213623048,16464
2024-06-12,BALAXI,115.0,126.77999877929688,115.0,126.77999877929688,60489
2024-06-13,BALAXI,130.0,130.0,122.0199966430664,124.12000274658205,31953
2024-06-14,BALAXI,124.8000030517578,127.25,117.20999908447266,120.94000244140624,47015
2024-06-18,BALAXI,121.5999984741211,133.0,120.0,125.1999969482422,71330
2024-06-19,BALAXI,125.1999969482422,128.69000244140625,123.9499969482422,124.47000122070312,16623
2024-06-20,BALAXI,120.0999984741211,132.13999938964844,118.0,124.83999633789062,30601
2024-06-21,BALAXI,128.6999969482422,128.6999969482422,119.70999908447266,120.44000244140624,41218
2024-06-24,BALAXI,121.0999984741211,122.06999969482422,117.0,120.26000213623048,27057
2024-06-25,BALAXI,120.9000015258789,129.4499969482422,120.9000015258789,125.01000213623048,97794
2024-06-26,BALAXI,127.5999984741211,129.0,122.5,124.9800033569336,36969
2024-06-27,BALAXI,125.5999984741211,126.08000183105467,119.80999755859376,121.26000213623048,29332
2024-06-28,BALAXI,121.9000015258789,122.9499969482422,116.22000122070312,119.3000030517578,18125
2024-06-03,BALKRISHNA,25.950000762939453,26.350000381469727,24.600000381469727,25.200000762939453,91349
2024-06-04,BALKRISHNA,25.75,25.75,20.600000381469727,21.14999961853028,249061
2024-06-05,BALKRISHNA,21.89999961853028,25.350000381469727,20.350000381469727,25.299999237060547,330531
2024-06-06,BALKRISHNA,25.350000381469727,25.850000381469727,23.850000381469727,24.25,157222
2024-06-07,BALKRISHNA,24.299999237060547,25.950000762939453,24.25,24.850000381469727,99072
2024-06-10,BALKRISHNA,24.850000381469727,26.89999961853028,24.809999465942383,25.75,231984
2024-06-11,BALKRISHNA,26.270000457763672,27.540000915527344,25.540000915527344,26.270000457763672,189461
2024-06-12,BALKRISHNA,26.799999237060547,26.799999237060547,26.01000022888184,26.25,139282
2024-06-13,BALKRISHNA,26.5,26.84000015258789,26.06999969482422,26.21999931335449,114826
2024-06-14,BALKRISHNA,26.5,27.290000915527344,26.200000762939453,26.280000686645508,323272
2024-06-18,BALKRISHNA,26.280000686645508,26.920000076293945,25.15999984741211,25.790000915527344,123385
2024-06-19,BALKRISHNA,26.5,27.200000762939453,25.75,25.88999938964844,106707
2024-06-20,BALKRISHNA,26.100000381469727,26.57999992370605,25.5,25.64999961853028,124570
2024-06-21,BALKRISHNA,25.63999938964844,26.299999237060547,25.530000686645508,25.8799991607666,72831
2024-06-24,BALKRISHNA,26.34000015258789,26.89999961853028,25.239999771118164,26.209999084472656,248532
2024-06-25,BALKRISHNA,26.350000381469727,26.89999961853028,25.82999992370605,26.09000015258789,121688
2024-06-26,BALKRISHNA,26.450000762939453,26.489999771118164,25.56999969482422,25.780000686645508,75273
2024-06-27,BALKRISHNA,25.780000686645508,26.14999961853028,24.850000381469727,25.280000686645508,56525
2024-06-28,BALKRISHNA,25.06999969482422,25.559999465942383,24.0,24.21999931335449,205089
2024-06-03,BALKRISIND,3138.949951171875,3138.949951171875,3040.0,3049.89990234375,462034
2024-06-04,BALKRISIND,3024.949951171875,3040.85009765625,2779.949951171875,2897.550048828125,1011350
2024-06-05,BALKRISIND,2920.0,3142.89990234375,2907.85009765625,3123.0,417163
2024-06-06,BALKRISIND,3119.0,3155.0,3075.5,3108.5,282371
2024-06-07,BALKRISIND,3120.0,3226.85009765625,3105.050048828125,3201.89990234375,513847
2024-06-10,BALKRISIND,3235.0,3267.75,3184.550048828125,3250.550048828125,453385
2024-06-11,BALKRISIND,3253.64990234375,3283.5,3201.0,3213.35009765625,341546
2024-06-12,BALKRISIND,3245.39990234375,3248.199951171875,3198.0,3209.199951171875,149694
2024-06-13,BALKRISIND,3223.050048828125,3244.949951171875,3182.14990234375,3190.050048828125,207395
2024-06-14,BALKRISIND,3220.0,3256.64990234375,3175.0,3240.60009765625,142332
2024-06-18,BALKRISIND,3240.60009765625,3362.0,3240.60009765625,3345.60009765625,470456
2024-06-19,BALKRISIND,3363.949951171875,3363.949951171875,3276.75,3289.60009765625,410371
2024-06-20,BALKRISIND,3289.0,3332.39990234375,3249.050048828125,3322.300048828125,189573
2024-06-21,BALKRISIND,3320.89990234375,3320.89990234375,3202.64990234375,3218.10009765625,332444
2024-06-24,BALKRISIND,3201.050048828125,3239.0,3162.10009765625,3223.0,210892
2024-06-25,BALKRISIND,3210.0,3239.0,3168.75,3184.64990234375,128516
2024-06-26,BALKRISIND,3180.0,3215.050048828125,3147.949951171875,3175.5,367983
2024-06-27,BALKRISIND,3199.89990234375,3212.5,3147.0,3199.75,462919
2024-06-28,BALKRISIND,3199.75,3254.199951171875,3179.89990234375,3229.0,254300
2024-06-03,BALMLAWRIE,278.54998779296875,287.70001220703125,276.0,279.54998779296875,1335130
2024-06-04,BALMLAWRIE,279.0,279.0,223.6499938964844,227.6499938964844,3754496
2024-06-05,BALMLAWRIE,228.0,232.0,213.9499969482422,229.5,1846235
2024-06-06,BALMLAWRIE,233.0,253.0,233.0,247.1000061035156,1611139
2024-06-07,BALMLAWRIE,250.0,259.3500061035156,245.75,257.45001220703125,1074692
2024-06-10,BALMLAWRIE,262.45001220703125,263.04998779296875,256.70001220703125,260.70001220703125,598632
2024-06-11,BALMLAWRIE,262.0,266.95001220703125,261.1000061035156,265.1499938964844,570157
2024-06-12,BALMLAWRIE,266.0,273.6499938964844,262.3500061035156,263.6499938964844,663914
2024-06-13,BALMLAWRIE,265.8500061035156,269.75,262.29998779296875,265.1499938964844,414647
2024-06-14,BALMLAWRIE,266.45001220703125,272.5,261.54998779296875,269.5,706910
2024-06-18,BALMLAWRIE,273.04998779296875,277.70001220703125,270.95001220703125,271.70001220703125,995428
2024-06-19,BALMLAWRIE,273.8999938964844,275.6000061035156,264.0,267.3500061035156,580467
2024-06-20,BALMLAWRIE,267.45001220703125,267.5,262.6000061035156,263.5,414076
2024-06-21,BALMLAWRIE,265.0,272.29998779296875,264.04998779296875,266.25,521244
2024-06-24,BALMLAWRIE,266.25,281.5,264.0,280.1499938964844,1139904
2024-06-25,BALMLAWRIE,283.3999938964844,284.1000061035156,272.25,273.79998779296875,593068
2024-06-26,BALMLAWRIE,274.3999938964844,275.04998779296875,269.25,273.6499938964844,362415
2024-06-27,BALMLAWRIE,274.3999938964844,276.04998779296875,268.29998779296875,270.8500061035156,354701
2024-06-28,BALMLAWRIE,271.45001220703125,275.0,268.8999938964844,270.25,292449
2024-06-03,BALPHARMA,120.0,120.0,114.0,114.4499969482422,42920
2024-06-04,BALPHARMA,116.1500015258789,116.1500015258789,100.0,104.9000015258789,64972
2024-06-05,BALPHARMA,107.0,109.0,100.3000030517578,107.75,62309
2024-06-06,BALPHARMA,109.9000015258789,113.3000030517578,109.9000015258789,112.1999969482422,57590
2024-06-07,BALPHARMA,113.0,116.8000030517578,111.5,114.8499984741211,52777
2024-06-10,BALPHARMA,118.0,122.0,116.0,120.01000213623048,136350
2024-06-11,BALPHARMA,121.0,125.4000015258789,120.0,120.87000274658205,82256
2024-06-12,BALPHARMA,121.0,125.0,120.0999984741211,120.77999877929688,58365
2024-06-13,BALPHARMA,122.18000030517578,122.18000030517578,118.0,118.83000183105467,29285
2024-06-14,BALPHARMA,116.5,120.48999786376952,116.5,118.51000213623048,32875
2024-06-18,BALPHARMA,119.01000213623048,121.0,118.0,118.52999877929688,31692
2024-06-19,BALPHARMA,118.75,120.66999816894533,116.5199966430664,117.66999816894533,30634
2024-06-20,BALPHARMA,117.0,121.13999938964844,116.83000183105467,117.8000030517578,36628
2024-06-21,BALPHARMA,118.0,120.9000015258789,117.5999984741211,120.18000030517578,49277
2024-06-24,BALPHARMA,123.0,124.2699966430664,117.0,119.19000244140624,74953
2024-06-25,BALPHARMA,119.79000091552734,122.91999816894533,117.16000366210938,118.33000183105467,24050
2024-06-26,BALPHARMA,120.5,122.9499969482422,117.12000274658205,117.97000122070312,59637
2024-06-27,BALPHARMA,117.25,119.77999877929688,116.01000213623048,116.58999633789062,24089
2024-06-28,BALPHARMA,116.25,119.25,116.25,117.69000244140624,19298
2024-06-03,BALRAMCHIN,387.0,394.9500122070313,382.25,391.1000061035156,2137006
2024-06-04,BALRAMCHIN,388.0499877929688,389.9500122070313,352.0,364.1000061035156,2372167
2024-06-05,BALRAMCHIN,365.5,392.0,362.0,390.8500061035156,2163762
2024-06-06,BALRAMCHIN,390.8999938964844,394.0,385.25,386.3500061035156,1003097
2024-06-07,BALRAMCHIN,390.8999938964844,407.3999938964844,386.75,400.3999938964844,4873537
2024-06-10,BALRAMCHIN,400.0,400.8999938964844,393.3500061035156,396.7999877929688,1660100
2024-06-11,BALRAMCHIN,398.0,407.0,396.25,405.3999938964844,3035231
2024-06-12,BALRAMCHIN,409.1000061035156,421.25,408.0,419.5499877929688,7960740
2024-06-13,BALRAMCHIN,426.0,441.3999938964844,420.0,439.1499938964844,10570550
2024-06-14,BALRAMCHIN,443.5,445.8999938964844,427.0,430.2000122070313,7418060
2024-06-18,BALRAMCHIN,431.0,432.5499877929688,424.0,429.0499877929688,2046007
2024-06-19,BALRAMCHIN,431.25,444.3999938964844,422.2000122070313,440.8500061035156,6371818
2024-06-20,BALRAMCHIN,442.0,447.3500061035156,437.0,441.75,2805846
2024-06-21,BALRAMCHIN,442.0,455.8500061035156,436.25,443.3999938964844,4808428
2024-06-24,BALRAMCHIN,445.0,448.0,440.0,442.7000122070313,2080011
2024-06-25,BALRAMCHIN,445.4500122070313,448.3500061035156,440.0499877929688,440.7000122070313,2330181
2024-06-26,BALRAMCHIN,440.6000061035156,440.6000061035156,427.0,429.9500122070313,3781687
2024-06-27,BALRAMCHIN,430.8999938964844,433.2000122070313,423.4500122070313,428.8999938964844,1292205
2024-06-28,BALRAMCHIN,427.0499877929688,437.3500061035156,427.0499877929688,429.7000122070313,1531934
2024-06-03,BALUFORGE,300.0,300.0,277.0,278.54998779296875,414943
2024-06-04,BALUFORGE,277.95001220703125,277.95001220703125,222.8500061035156,260.95001220703125,1199638
2024-06-05,BALUFORGE,265.0,269.1499938964844,246.8999938964844,264.0,342381
2024-06-06,BALUFORGE,269.0,282.95001220703125,266.8999938964844,280.0,344796
2024-06-07,BALUFORGE,281.0,288.0,280.45001220703125,286.5,171008
2024-06-10,BALUFORGE,288.0,296.0,287.25,293.8500061035156,367581
2024-06-11,BALUFORGE,295.8500061035156,303.3999938964844,293.1499938964844,299.25,387591
2024-06-12,BALUFORGE,300.6499938964844,306.5,298.79998779296875,303.3500061035156,353411
2024-06-13,BALUFORGE,305.0,308.25,300.0,301.8500061035156,229448
2024-06-14,BALUFORGE,303.3500061035156,305.8999938964844,300.8999938964844,301.70001220703125,380023
2024-06-18,BALUFORGE,304.0,315.0,303.1499938964844,309.6000061035156,585856
2024-06-19,BALUFORGE,312.70001220703125,328.20001220703125,311.29998779296875,316.8999938964844,1925302
2024-06-20,BALUFORGE,320.0,343.6000061035156,319.0,341.54998779296875,1953689
2024-06-21,BALUFORGE,346.45001220703125,351.79998779296875,328.29998779296875,333.6499938964844,963011
2024-06-24,BALUFORGE,336.8500061035156,342.0,333.45001220703125,335.54998779296875,460925
2024-06-25,BALUFORGE,337.79998779296875,338.6499938964844,330.0,331.0,318784
2024-06-26,BALUFORGE,332.95001220703125,338.45001220703125,324.8500061035156,335.3999938964844,361422
2024-06-27,BALUFORGE,338.8500061035156,341.0,313.54998779296875,319.1000061035156,672395
2024-06-28,BALUFORGE,323.3999938964844,338.3999938964844,321.6499938964844,324.1499938964844,373306
2024-06-03,BANARBEADS,88.0999984741211,88.9000015258789,86.19999694824219,88.55000305175781,12626
2024-06-04,BANARBEADS,89.05000305175781,89.25,81.69999694824219,82.9000015258789,13584
2024-06-05,BANARBEADS,86.94999694824219,89.0,83.1500015258789,84.94999694824219,3036
2024-06-06,BANARBEADS,85.0999984741211,87.05000305175781,84.6500015258789,86.30000305175781,7425
2024-06-07,BANARBEADS,87.3499984741211,93.0,87.25,90.75,20792
2024-06-10,BANARBEADS,92.58999633789062,92.7300033569336,89.0999984741211,91.43000030517578,7081
2024-06-11,BANARBEADS,92.4000015258789,92.9499969482422,91.0,92.16999816894533,25205
2024-06-12,BANARBEADS,92.69000244140624,93.9800033569336,91.9000015258789,92.0199966430664,27991
2024-06-13,BANARBEADS,93.02999877929688,93.19000244140624,91.0,91.33999633789062,32022
2024-06-14,BANARBEADS,92.0,109.5999984741211,91.41999816894533,100.8499984741211,293809
2024-06-18,BANARBEADS,100.0,103.0,96.3000030517578,97.06999969482422,76799
2024-06-19,BANARBEADS,97.9000015258789,97.9000015258789,94.0,96.7699966430664,91321
2024-06-20,BANARBEADS,97.0199966430664,97.0199966430664,95.1500015258789,96.0,47255
2024-06-21,BANARBEADS,97.0999984741211,97.0999984741211,95.0,95.9499969482422,43142
2024-06-24,BANARBEADS,95.20999908447266,98.0,95.20999908447266,96.45999908447266,35672
2024-06-25,BANARBEADS,96.87000274658205,100.0,94.83999633789062,96.52999877929688,69927
2024-06-26,BANARBEADS,96.55999755859376,102.69000244140624,96.02999877929688,100.95999908447266,87965
2024-06-27,BANARBEADS,101.5999984741211,103.9000015258789,100.0199966430664,101.05999755859376,47521
2024-06-28,BANARBEADS,103.06999969482422,103.16000366210938,97.5999984741211,100.37000274658205,86321
2024-06-03,BANARISUG,2447.0,2447.0,2334.0,2355.35009765625,1630
2024-06-04,BANARISUG,2385.0,2423.699951171875,2225.0,2247.39990234375,2549
2024-06-05,BANARISUG,2250.0,2302.0,2189.199951171875,2262.449951171875,3810
2024-06-06,BANARISUG,2292.0,2342.14990234375,2275.75,2306.39990234375,934
2024-06-07,BANARISUG,2331.300048828125,2370.0,2311.5,2328.300048828125,1621
2024-06-10,BANARISUG,2350.0,2514.39990234375,2304.0,2394.25,6096
2024-06-11,BANARISUG,2395.949951171875,2635.0,2360.0,2605.199951171875,6243
2024-06-12,BANARISUG,2580.0,2648.60009765625,2575.0,2581.14990234375,1709
2024-06-13,BANARISUG,2600.0,2796.949951171875,2595.5,2744.75,13312
2024-06-14,BANARISUG,2798.949951171875,3048.800048828125,2770.0,2959.449951171875,22249
2024-06-18,BANARISUG,3049.89990234375,3200.949951171875,2905.050048828125,2919.75,11878
2024-06-19,BANARISUG,2998.949951171875,3149.0,2920.10009765625,3107.75,11911
2024-06-20,BANARISUG,3107.75,3298.85009765625,3107.699951171875,3212.199951171875,12369
2024-06-21,BANARISUG,3212.0,3294.0,2980.0,3024.89990234375,12585
2024-06-24,BANARISUG,3110.0,3324.85009765625,3040.64990234375,3278.10009765625,10427
2024-06-25,BANARISUG,3232.0,3399.0,3228.85009765625,3316.0,8994
2024-06-26,BANARISUG,3340.0,3355.0,3101.14990234375,3235.199951171875,11799
2024-06-27,BANARISUG,3281.35009765625,3286.5,3101.10009765625,3122.60009765625,5217
2024-06-28,BANARISUG,3122.60009765625,3200.0,3102.0,3142.949951171875,3279
2024-06-03,BANCOINDIA,309.0,312.5,297.54998779296875,301.6499938964844,145516
2024-06-04,BANCOINDIA,299.04998779296875,300.0,259.20001220703125,282.67498779296875,263650
2024-06-05,BANCOINDIA,285.0,298.875,277.70001220703125,294.125,132476
2024-06-06,BANCOINDIA,298.67498779296875,307.5,294.5249938964844,300.875,127950
2024-06-07,BANCOINDIA,303.79998779296875,308.0,301.0,304.82501220703125,83558
2024-06-10,BANCOINDIA,304.82501220703125,308.8500061035156,302.25,303.45001220703125,117036
2024-06-11,BANCOINDIA,305.0,315.875,302.54998779296875,312.1499938964844,207754
2024-06-12,BANCOINDIA,315.45001220703125,318.3999938964844,307.0249938964844,310.6499938964844,237936
2024-06-13,BANCOINDIA,309.7250061035156,312.4750061035156,305.5,309.20001220703125,151190
2024-06-14,BANCOINDIA,309.5,314.70001220703125,306.0,307.25,127604
2024-06-18,BANCOINDIA,312.29998779296875,312.29998779296875,303.75,304.57501220703125,139692
2024-06-19,BANCOINDIA,305.5,307.29998779296875,300.75,301.375,90450
2024-06-20,BANCOINDIA,303.1499938964844,324.5,301.04998779296875,317.375,771386
2024-06-21,BANCOINDIA,319.8500061035156,322.8999938964844,311.0,312.875,149718
2024-06-24,BANCOINDIA,312.875,317.5,307.5,311.7749938964844,197536
2024-06-25,BANCOINDIA,311.7749938964844,339.8999938964844,311.7749938964844,334.8500061035156,1146058
2024-06-26,BANCOINDIA,341.4750061035156,363.5,333.1000061035156,355.2749938964844,2945144
2024-06-27,BANCOINDIA,355.95001220703125,363.3500061035156,338.7749938964844,346.3999938964844,691540
2024-06-28,BANCOINDIA,347.0,351.79998779296875,342.5,343.8500061035156,154546
2024-06-03,BANDHANBNK,192.8000030517578,196.0,190.75,195.0500030517578,18181203
2024-06-04,BANDHANBNK,194.0,194.0,169.14999389648438,177.25,23184484
2024-06-05,BANDHANBNK,179.10000610351562,191.3500061035156,176.0500030517578,190.6499938964844,21811685
2024-06-06,BANDHANBNK,192.0,194.8000030517578,190.3500061035156,191.5500030517578,10024162
2024-06-07,BANDHANBNK,191.0500030517578,197.8000030517578,190.6499938964844,196.5500030517578,12023356
2024-06-10,BANDHANBNK,196.5500030517578,202.7899932861328,195.3999938964844,198.32000732421875,14567117
2024-06-11,BANDHANBNK,198.32000732421875,201.0,197.0,198.4499969482422,7975438
2024-06-12,BANDHANBNK,198.0,201.0,195.5,196.47000122070312,10706446
2024-06-13,BANDHANBNK,198.3000030517578,198.8500061035156,193.6600036621093,194.22999572753903,8820650
2024-06-14,BANDHANBNK,194.3999938964844,195.8999938964844,193.52999877929688,194.33999633789065,5128519
2024-06-18,BANDHANBNK,195.0,198.75,193.509994506836,198.0399932861328,8385218
2024-06-19,BANDHANBNK,198.3000030517578,201.6999969482422,196.5399932861328,198.8300018310547,24410955
2024-06-20,BANDHANBNK,199.9499969482422,209.75,199.009994506836,208.17999267578125,39711959
2024-06-21,BANDHANBNK,209.08999633789065,210.8500061035156,206.0,209.22999572753903,23990564
2024-06-24,BANDHANBNK,207.8000030517578,209.2899932861328,204.6100006103516,207.94000244140625,8450335
2024-06-25,BANDHANBNK,200.0,205.6000061035156,198.8000030517578,203.4499969482422,25150275
2024-06-26,BANDHANBNK,205.0,208.5,203.0500030517578,205.57000732421875,22029562
2024-06-27,BANDHANBNK,205.5,205.9499969482422,199.0500030517578,200.3000030517578,15437904
2024-06-28,BANDHANBNK,202.1999969482422,206.9900054931641,200.9100036621093,203.77999877929688,9047376
2024-06-03,BANG,49.34999847412109,49.34999847412109,47.0,47.150001525878906,5039
2024-06-04,BANG,46.79999923706055,47.70000076293945,45.0,46.0,7335
2024-06-05,BANG,47.0,47.0,43.70000076293945,44.5,6666
2024-06-06,BANG,45.95000076293945,46.650001525878906,44.0,46.5,15011
2024-06-07,BANG,46.5,48.0,45.70000076293945,46.45000076293945,31467
2024-06-10,BANG,46.38999938964844,47.52000045776367,44.97999954223633,45.27000045776367,22063
2024-06-11,BANG,46.0,46.58000183105469,44.81999969482422,45.130001068115234,14888
2024-06-12,BANG,45.130001068115234,48.22999954223633,44.29999923706055,45.75,74932
2024-06-13,BANG,47.400001525878906,47.400001525878906,45.5,46.47999954223633,16958
2024-06-14,BANG,47.75,48.0,46.04999923706055,47.06999969482422,18280
2024-06-18,BANG,47.06999969482422,47.95000076293945,45.630001068115234,46.52000045776367,5818
2024-06-19,BANG,46.290000915527344,48.20000076293945,45.41999816894531,46.810001373291016,16843
2024-06-20,BANG,47.970001220703125,48.5,47.0,47.810001373291016,12124
2024-06-21,BANG,47.77999877929688,47.9900016784668,47.0,47.0,5355
2024-06-24,BANG,47.9900016784668,49.20000076293945,47.0099983215332,47.33000183105469,8578
2024-06-25,BANG,47.34999847412109,47.52999877929688,46.70000076293945,47.18999862670898,5957
2024-06-26,BANG,47.220001220703125,47.47999954223633,46.0099983215332,46.75,6653
2024-06-27,BANG,46.52000045776367,47.5,46.0099983215332,46.45000076293945,3456
2024-06-28,BANG,48.0,48.0,46.0,46.04999923706055,7553
2024-06-03,BANKA,90.4000015258789,94.0500030517578,90.4000015258789,90.4000015258789,26215
2024-06-04,BANKA,88.5999984741211,90.0,88.5999984741211,88.5999984741211,5329
2024-06-05,BANKA,86.8499984741211,88.5,86.8499984741211,86.8499984741211,2960
2024-06-06,BANKA,85.1500015258789,85.1500015258789,85.1500015258789,85.1500015258789,8837
2024-06-07,BANKA,83.44999694824219,83.44999694824219,83.44999694824219,83.44999694824219,18644
2024-06-10,BANKA,85.11000061035156,85.11000061035156,81.77999877929688,85.11000061035156,34713
2024-06-11,BANKA,86.80999755859375,86.80999755859375,86.80999755859375,86.80999755859375,5096
2024-06-12,BANKA,88.54000091552734,88.54000091552734,88.54000091552734,88.54000091552734,5337
2024-06-13,BANKA,90.30999755859376,90.30999755859376,90.30999755859376,90.30999755859376,2665
2024-06-14,BANKA,92.11000061035156,92.11000061035156,92.11000061035156,92.11000061035156,10483
2024-06-18,BANKA,92.11000061035156,93.8499984741211,92.11000061035156,92.11000061035156,7099
2024-06-19,BANKA,90.26000213623048,92.11000061035156,90.26000213623048,90.26000213623048,7133
2024-06-20,BANKA,89.11000061035156,89.11000061035156,88.44999694824219,89.11000061035156,8404
2024-06-21,BANKA,90.88999938964844,90.88999938964844,89.0999984741211,90.88999938964844,5193
2024-06-24,BANKA,89.55000305175781,90.3000030517578,89.06999969482422,89.55000305175781,5629
2024-06-25,BANKA,91.33999633789062,91.33999633789062,89.0,91.33999633789062,18116
2024-06-26,BANKA,93.16000366210938,93.16000366210938,93.16000366210938,93.16000366210938,5238
2024-06-27,BANKA,94.6999969482422,94.98999786376952,92.98999786376952,94.6999969482422,15744
2024-06-28,BANKA,94.0,95.0,93.01000213623048,94.0,4809
2024-06-03,BANKBARODA,277.0,299.70001220703125,277.0,296.95001220703125,74818392
2024-06-04,BANKBARODA,292.0,292.0,237.6000061035156,248.25,84878240
2024-06-05,BANKBARODA,257.0,262.8500061035156,236.4499969482422,260.0,70386788
2024-06-06,BANKBARODA,262.6000061035156,274.0,261.45001220703125,268.8999938964844,31690680
2024-06-07,BANKBARODA,268.3500061035156,272.0,266.75,270.79998779296875,19749116
2024-06-10,BANKBARODA,273.3999938964844,279.5,272.3500061035156,276.3999938964844,21735106
2024-06-11,BANKBARODA,276.5,279.29998779296875,274.0,274.79998779296875,13094039
2024-06-12,BANKBARODA,274.8999938964844,284.8999938964844,273.75,283.3999938964844,29504096
2024-06-13,BANKBARODA,285.0,285.20001220703125,281.25,282.70001220703125,14322702
2024-06-14,BANKBARODA,283.0,287.5,281.6000061035156,286.25,13911039
2024-06-18,BANKBARODA,286.25,288.45001220703125,285.1000061035156,287.29998779296875,10174646
2024-06-19,BANKBARODA,287.0,290.5,282.6499938964844,283.95001220703125,33193685
2024-06-20,BANKBARODA,284.0,287.70001220703125,283.6499938964844,285.20001220703125,13675594
2024-06-21,BANKBARODA,285.20001220703125,286.79998779296875,278.6000061035156,279.3500061035156,15165917
2024-06-24,BANKBARODA,279.5,282.1000061035156,273.5,280.6000061035156,17778427
2024-06-25,BANKBARODA,281.0,283.45001220703125,279.0,280.6499938964844,13386910
2024-06-26,BANKBARODA,282.0,283.6000061035156,279.20001220703125,280.95001220703125,16075754
2024-06-27,BANKBARODA,280.0,282.8999938964844,277.0,279.8500061035156,14743494
2024-06-28,BANKBARODA,273.0,280.79998779296875,272.8999938964844,275.3999938964844,15270017
2024-06-03,BANKINDIA,135.0,137.4499969482422,133.14999389648438,135.5500030517578,34037315
2024-06-04,BANKINDIA,135.85000610351562,135.85000610351562,110.1999969482422,116.3499984741211,49514325
2024-06-05,BANKINDIA,119.0,120.5999984741211,109.5500030517578,116.9499969482422,39376239
2024-06-06,BANKINDIA,119.0,122.25,117.4000015258789,117.8499984741211,35581829
2024-06-07,BANKINDIA,118.5999984741211,121.4000015258789,117.9000015258789,121.0500030517578,15029332
2024-06-10,BANKINDIA,122.0,125.4499969482422,122.0,123.33999633789062,16610021
2024-06-11,BANKINDIA,124.25,124.33000183105467,122.4000015258789,123.01000213623048,11182412
2024-06-12,BANKINDIA,123.6999969482422,125.3000030517578,122.62999725341795,124.05999755859376,17063890
2024-06-13,BANKINDIA,125.0,126.1999969482422,124.0500030517578,124.51000213623048,10097817
2024-06-14,BANKINDIA,124.9000015258789,126.38999938964844,124.11000061035156,125.76000213623048,11737543
2024-06-18,BANKINDIA,124.9000015258789,124.9000015258789,121.81999969482422,122.22000122070312,19283739
2024-06-19,BANKINDIA,122.8000030517578,124.0500030517578,121.37999725341795,122.88999938964844,12551561
2024-06-20,BANKINDIA,122.8000030517578,123.9499969482422,122.55999755859376,122.9800033569336,8706010
2024-06-21,BANKINDIA,123.5,123.6500015258789,121.0999984741211,121.5999984741211,9886490
2024-06-24,BANKINDIA,121.4000015258789,121.4499969482422,119.37000274658205,120.51000213623048,10217149
2024-06-25,BANKINDIA,121.25,123.5999984741211,119.75,123.3000030517578,12003890
2024-06-26,BANKINDIA,123.0,124.45999908447266,122.23999786376952,123.9000015258789,10064059
2024-06-27,BANKINDIA,123.11000061035156,123.76000213623048,119.87999725341795,120.88999938964844,10452879
2024-06-28,BANKINDIA,121.68000030517578,123.5999984741211,120.0999984741211,120.51000213623048,9504554
2024-06-03,BANSWRAS,143.0500030517578,145.0500030517578,141.25,142.3000030517578,52976
2024-06-04,BANSWRAS,142.3000030517578,143.0,133.0500030517578,139.8000030517578,44982
2024-06-05,BANSWRAS,139.8000030517578,142.89999389648438,137.0500030517578,141.14999389648438,15689
2024-06-06,BANSWRAS,140.0,145.35000610351562,139.8000030517578,141.4499969482422,59025
2024-06-07,BANSWRAS,142.1999969482422,149.0,142.0,145.35000610351562,94406
2024-06-10,BANSWRAS,147.75,149.60000610351562,145.30999755859375,146.19000244140625,27841
2024-06-11,BANSWRAS,146.5500030517578,149.0,144.0,145.77999877929688,45743
2024-06-12,BANSWRAS,146.5500030517578,150.11000061035156,145.5,146.7100067138672,35440
2024-06-13,BANSWRAS,147.5500030517578,152.0,145.6699981689453,148.14999389648438,65054
2024-06-14,BANSWRAS,148.14999389648438,151.39999389648438,148.14999389648438,149.82000732421875,56165
2024-06-18,BANSWRAS,151.27999877929688,151.27999877929688,146.1199951171875,147.58999633789062,35737
2024-06-19,BANSWRAS,148.39999389648438,149.5,146.0,147.22000122070312,18959
2024-06-20,BANSWRAS,147.22999572753906,152.0,147.22999572753906,149.8699951171875,70939
2024-06-21,BANSWRAS,150.6999969482422,159.0,150.63999938964844,153.8000030517578,186049
2024-06-24,BANSWRAS,152.39999389648438,155.99000549316406,150.00999450683594,153.42999267578125,62298
2024-06-25,BANSWRAS,154.1999969482422,154.89999389648438,148.3699951171875,149.02999877929688,50686
2024-06-26,BANSWRAS,150.0,155.0,149.61000061035156,151.9499969482422,250396
2024-06-27,BANSWRAS,151.5500030517578,153.25,147.60000610351562,149.35000610351562,104442
2024-06-28,BANSWRAS,150.10000610351562,152.0,148.60000610351562,149.97999572753906,51096
2024-06-03,BASF,4350.0,4399.10009765625,4269.0,4347.85009765625,22781
2024-06-04,BASF,4347.85009765625,4347.85009765625,3742.949951171875,3914.60009765625,52915
2024-06-05,BASF,3935.0,4197.7001953125,3842.85009765625,4172.4501953125,38919
2024-06-06,BASF,4235.14990234375,4378.4501953125,4179.9501953125,4339.35009765625,31529
2024-06-07,BASF,4335.0,4385.60009765625,4300.0,4326.9501953125,11389
2024-06-10,BASF,4385.0,4661.9501953125,4326.9501953125,4558.5498046875,50932
2024-06-11,BASF,4600.0,4847.7001953125,4590.0,4694.5498046875,113542
2024-06-12,BASF,4838.0,4923.0,4761.25,4849.39990234375,114922
2024-06-13,BASF,4891.0498046875,4999.0,4855.25,4901.5498046875,78332
2024-06-14,BASF,4907.5,4984.9501953125,4880.0,4952.7001953125,43431
2024-06-18,BASF,5005.0,5089.7998046875,4952.7001953125,4987.4501953125,106062
2024-06-19,BASF,5040.0,5070.0,4876.5,4908.2001953125,62183
2024-06-20,BASF,4910.39990234375,5288.7998046875,4875.0498046875,5234.5,115415
2024-06-21,BASF,5234.2001953125,5315.0,5060.0,5196.89990234375,66721
2024-06-24,BASF,5196.89990234375,5379.0,5075.0,5277.35009765625,32353
2024-06-25,BASF,5278.0,5359.9501953125,5190.0,5217.89990234375,36296
2024-06-26,BASF,5206.0498046875,5250.0,5092.89990234375,5115.89990234375,18316
2024-06-27,BASF,5167.25,5188.89990234375,4995.0,5061.7998046875,24825
2024-06-28,BASF,5087.14990234375,5179.9501953125,5061.7998046875,5084.2998046875,12362
2024-06-03,BASML,45.95000076293945,46.54999923706055,43.70000076293945,44.54999923706055,67131
2024-06-04,BASML,44.59999847412109,44.59999847412109,39.900001525878906,41.400001525878906,201490
2024-06-05,BASML,42.04999923706055,42.59999847412109,40.09999847412109,42.20000076293945,116537
2024-06-06,BASML,42.84999847412109,44.150001525878906,42.650001525878906,43.75,68423
2024-06-07,BASML,43.900001525878906,45.5,43.25,44.34999847412109,83007
2024-06-10,BASML,45.25,45.790000915527344,41.150001525878906,43.290000915527344,258786
2024-06-11,BASML,43.869998931884766,44.0,42.880001068115234,43.59999847412109,60919
2024-06-12,BASML,43.970001220703125,45.27999877929688,43.310001373291016,44.72999954223633,174144
2024-06-13,BASML,44.900001525878906,45.0,43.560001373291016,43.84999847412109,67496
2024-06-14,BASML,43.84999847412109,44.75,43.650001525878906,43.869998931884766,106659
2024-06-18,BASML,44.0,47.400001525878906,44.0,46.83000183105469,412875
2024-06-19,BASML,46.77999877929688,49.70000076293945,46.5,48.06999969482422,505467
2024-06-20,BASML,48.0,51.95000076293945,47.310001373291016,50.75,622915
2024-06-21,BASML,50.75,51.20000076293945,47.970001220703125,49.16999816894531,404649
2024-06-24,BASML,49.34999847412109,49.900001525878906,48.43000030517578,48.709999084472656,152179
2024-06-25,BASML,48.709999084472656,52.0099983215332,48.59999847412109,49.16999816894531,521323
2024-06-26,BASML,49.16999816894531,49.95000076293945,48.2400016784668,48.68000030517578,107156
2024-06-27,BASML,48.68000030517578,49.90999984741211,47.29999923706055,47.869998931884766,235245
2024-06-28,BASML,47.869998931884766,48.369998931884766,46.70000076293945,47.15999984741211,188966
2024-06-03,BATAINDIA,1398.6500244140625,1398.6500244140625,1360.300048828125,1368.449951171875,527951
2024-06-04,BATAINDIA,1372.0,1372.0,1269.0,1337.199951171875,810262
2024-06-05,BATAINDIA,1344.8499755859375,1432.949951171875,1338.0999755859375,1423.949951171875,1245444
2024-06-06,BATAINDIA,1435.0,1465.0,1415.949951171875,1456.949951171875,1165705
2024-06-07,BATAINDIA,1470.0,1473.9000244140625,1454.8499755859375,1465.9000244140625,448938
2024-06-10,BATAINDIA,1485.9000244140625,1499.5,1465.199951171875,1482.699951171875,686400
2024-06-11,BATAINDIA,1490.0,1505.0999755859375,1470.5999755859375,1474.449951171875,383699
2024-06-12,BATAINDIA,1490.0,1492.449951171875,1456.0,1464.199951171875,349208
2024-06-13,BATAINDIA,1474.0,1478.0,1460.0,1468.4000244140625,262442
2024-06-14,BATAINDIA,1468.0,1474.199951171875,1448.0,1451.800048828125,439642
2024-06-18,BATAINDIA,1452.699951171875,1465.0,1447.699951171875,1455.8499755859375,411776
2024-06-19,BATAINDIA,1456.5,1468.8499755859375,1447.050048828125,1449.4000244140625,353950
2024-06-20,BATAINDIA,1449.4000244140625,1476.0,1445.050048828125,1467.25,609376
2024-06-21,BATAINDIA,1477.25,1479.800048828125,1452.5,1461.199951171875,301512
2024-06-24,BATAINDIA,1456.4000244140625,1466.5,1448.0999755859375,1454.8499755859375,245296
2024-06-25,BATAINDIA,1461.5999755859375,1476.300048828125,1456.0,1459.25,377733
2024-06-26,BATAINDIA,1459.25,1461.5999755859375,1440.0,1445.199951171875,341718
2024-06-27,BATAINDIA,1450.0,1451.949951171875,1435.199951171875,1441.050048828125,485473
2024-06-28,BATAINDIA,1439.949951171875,1523.9000244140625,1433.5999755859375,1513.75,2109333
2024-06-03,BAYERCROP,5100.0,5225.0,5076.2001953125,5165.35009765625,16592
2024-06-04,BAYERCROP,5150.0,5173.0498046875,4926.60009765625,5098.9501953125,21564
2024-06-05,BAYERCROP,5098.9501953125,5300.0,5085.5498046875,5288.9501953125,22926
2024-06-06,BAYERCROP,5304.85009765625,5567.0,5302.0,5526.7998046875,52780
2024-06-07,BAYERCROP,5522.5498046875,5718.0,5480.0,5699.0498046875,33415
2024-06-10,BAYERCROP,5699.10009765625,5993.60009765625,5620.0498046875,5911.89990234375,45129
2024-06-11,BAYERCROP,5890.0,6129.0,5890.0,6065.4501953125,46737
2024-06-12,BAYERCROP,6070.10009765625,6157.0,6000.0,6080.5,50156
2024-06-13,BAYERCROP,6080.0,6180.0,6066.0,6134.10009765625,23731
2024-06-14,BAYERCROP,6145.0,6151.25,5980.0,6107.7001953125,32483
2024-06-18,BAYERCROP,6139.7998046875,6280.0,6068.14990234375,6131.7001953125,36010
2024-06-19,BAYERCROP,6138.5498046875,6197.7001953125,6114.60009765625,6166.5,27800
2024-06-20,BAYERCROP,6168.2998046875,6235.0,6100.0,6210.7998046875,18701
2024-06-21,BAYERCROP,6250.0,6670.0,6250.0,6513.25,301098
2024-06-24,BAYERCROP,6496.9501953125,6655.0,6280.9501953125,6595.64990234375,69193
2024-06-25,BAYERCROP,6504.0,6578.9501953125,6322.60009765625,6366.35009765625,37603
2024-06-26,BAYERCROP,6416.0,6569.85009765625,6301.0,6542.5,36423
2024-06-27,BAYERCROP,6507.9501953125,6825.0,6502.2001953125,6653.89990234375,107441
2024-06-28,BAYERCROP,6700.0,6820.0,6551.0,6712.39990234375,27831
2024-06-03,BBL,4601.0,4620.0,4361.5498046875,4564.2001953125,89156
2024-06-04,BBL,4610.9501953125,4610.9501953125,4107.7998046875,4107.7998046875,98222
2024-06-05,BBL,4099.89990234375,4172.0,3725.949951171875,4050.300048828125,82391
2024-06-06,BBL,4090.300048828125,4298.0,4071.300048828125,4169.5498046875,44962
2024-06-07,BBL,4198.2998046875,4545.0,4158.2998046875,4496.5,57621
2024-06-10,BBL,4543.7001953125,4544.0,4331.10009765625,4372.2998046875,74421
2024-06-11,BBL,4384.0,4510.0,4351.89990234375,4455.5498046875,42415
2024-06-12,BBL,4479.9501953125,4625.0,4384.0498046875,4400.9501953125,46197
2024-06-13,BBL,4422.0,4800.0,4404.0498046875,4758.35009765625,117494
2024-06-14,BBL,4849.89990234375,5190.0,4830.0,4986.0498046875,187001
2024-06-18,BBL,5049.0,5187.0,4880.0,5030.89990234375,74612
2024-06-19,BBL,5068.0,5075.9501953125,4870.0,4902.89990234375,33551
2024-06-20,BBL,4923.5498046875,4938.7998046875,4766.0498046875,4807.5498046875,28193
2024-06-21,BBL,4830.0,4878.0,4782.0,4851.60009765625,20916
2024-06-24,BBL,4780.10009765625,4850.9501953125,4692.0,4726.10009765625,36742
2024-06-25,BBL,4771.0,4949.0,4745.0,4820.5498046875,42995
2024-06-26,BBL,4838.2001953125,5035.0,4820.64990234375,4908.75,51009
2024-06-27,BBL,4940.0,4944.60009765625,4721.0,4752.35009765625,38133
2024-06-28,BBL,4781.0,4822.10009765625,4630.0,4652.4501953125,35742
2024-06-03,BBOX,250.8999938964844,254.0,233.6499938964844,234.4499969482422,125780
2024-06-04,BBOX,234.4499969482422,234.4499969482422,222.75,222.75,78378
2024-06-05,BBOX,226.8999938964844,233.8500061035156,217.9499969482422,233.4499969482422,114788
2024-06-06,BBOX,239.0,241.6999969482422,231.0,236.1000061035156,102338
2024-06-07,BBOX,245.9499969482422,260.95001220703125,245.0,251.8500061035156,350071
2024-06-10,BBOX,267.0,290.2900085449219,261.1000061035156,270.8399963378906,660127
2024-06-11,BBOX,277.8999938964844,279.8999938964844,263.0,264.8500061035156,398457
2024-06-12,BBOX,266.8999938964844,273.8999938964844,265.0,267.07000732421875,195930
2024-06-13,BBOX,269.3999938964844,270.5,262.4200134277344,262.9800109863281,113988
2024-06-14,BBOX,264.3999938964844,266.5,259.32000732421875,264.8099975585937,156370
2024-06-18,BBOX,267.0,269.8999938964844,260.8699951171875,268.1499938964844,370444
2024-06-19,BBOX,268.1499938964844,270.1499938964844,262.0,262.510009765625,186932
2024-06-20,BBOX,263.8999938964844,266.0,256.010009765625,260.6400146484375,197103
2024-06-21,BBOX,265.0,270.17999267578125,260.0400085449219,262.19000244140625,186756
2024-06-24,BBOX,266.0,266.5,260.0,260.6300048828125,149873
2024-06-25,BBOX,262.0,299.70001220703125,261.07000732421875,289.6600036621094,3358858
2024-06-26,BBOX,300.0,337.5899963378906,300.0,324.0899963378906,5573370
2024-06-27,BBOX,326.70001220703125,333.8999938964844,313.1199951171875,320.32000732421875,1738219
2024-06-28,BBOX,321.0,384.3800048828125,316.4800109863281,350.5899963378906,7047804
2024-06-03,BBTC,1485.050048828125,1506.3499755859375,1465.0999755859375,1486.199951171875,47466
2024-06-04,BBTC,1489.0,1489.0,1318.199951171875,1374.0,70772
2024-06-05,BBTC,1404.0,1476.0,1392.050048828125,1466.949951171875,102024
2024-06-06,BBTC,1470.0,1558.0,1470.0,1523.449951171875,99088
2024-06-07,BBTC,1520.0,1624.0,1520.0,1595.949951171875,165946
2024-06-10,BBTC,1605.199951171875,1610.4000244140625,1577.0999755859375,1583.0,35189
2024-06-11,BBTC,1590.0,1682.199951171875,1579.300048828125,1637.5,189523
2024-06-12,BBTC,1638.0,1680.1500244140625,1628.050048828125,1674.5,91208
2024-06-13,BBTC,1680.0,1682.0,1640.050048828125,1652.699951171875,37879
2024-06-14,BBTC,1654.25,1669.0,1643.5,1651.1500244140625,24698
2024-06-18,BBTC,1664.9000244140625,1664.9000244140625,1634.0,1641.4000244140625,29351
2024-06-19,BBTC,1649.0,1672.449951171875,1611.0,1621.550048828125,38324
2024-06-20,BBTC,1629.699951171875,1669.0,1603.0,1622.0,48177
2024-06-21,BBTC,1637.9000244140625,1731.449951171875,1637.0,1683.9000244140625,234197
2024-06-24,BBTC,1714.0,2020.6500244140625,1703.0,2014.4000244140625,4985257
2024-06-25,BBTC,2004.050048828125,2007.1500244140625,1907.0,1943.1500244140625,1145701
2024-06-26,BBTC,1937.949951171875,1991.949951171875,1918.8499755859373,1948.449951171875,324713
2024-06-27,BBTC,1947.75,1992.0,1861.550048828125,1885.9000244140625,225349
2024-06-28,BBTC,1900.4000244140625,2167.699951171875,1893.050048828125,2025.5,2752219
2024-06-03,BBTCL,251.0500030517578,254.0500030517578,240.1499938964844,249.3999938964844,5378
2024-06-04,BBTCL,254.0,254.0,236.0,245.9499969482422,16031
2024-06-05,BBTCL,244.5500030517578,245.9499969482422,237.1499938964844,240.8500061035156,4700
2024-06-06,BBTCL,244.25,248.6000061035156,241.4499969482422,245.8500061035156,6912
2024-06-07,BBTCL,247.1000061035156,249.0500030517578,245.1000061035156,246.6999969482422,4832
2024-06-10,BBTCL,247.009994506836,254.0,243.6199951171875,251.02999877929688,6079
2024-06-11,BBTCL,252.0,252.0500030517578,243.3999938964844,248.6000061035156,4981
2024-06-12,BBTCL,248.6000061035156,250.1699981689453,244.009994506836,245.6100006103516,5089
2024-06-13,BBTCL,246.8999938964844,248.5,241.82000732421875,243.17999267578125,7446
2024-06-14,BBTCL,244.5,248.6699981689453,241.0,242.72000122070312,5471
2024-06-18,BBTCL,242.72000122070312,248.7899932861328,240.0,243.63999938964844,3895
2024-06-19,BBTCL,240.25,245.009994506836,232.25,240.42999267578125,18949
2024-06-20,BBTCL,240.0,247.58999633789065,237.6000061035156,244.07000732421875,5383
2024-06-21,BBTCL,244.07000732421875,247.97999572753903,241.509994506836,244.3099975585937,2959
2024-06-24,BBTCL,250.0,268.6000061035156,250.0,262.8999938964844,52253
2024-06-25,BBTCL,272.0,272.0,251.3000030517578,256.1400146484375,14404
2024-06-26,BBTCL,260.0,261.0,243.6000061035156,249.2100067138672,13841
2024-06-27,BBTCL,251.8999938964844,253.17999267578125,244.0,246.8800048828125,7503
2024-06-28,BBTCL,249.0,255.0,245.0,245.22000122070312,5352
2024-06-03,BCG,10.449999809265137,11.350000381469728,10.449999809265137,10.449999809265137,9428577
2024-06-04,BCG,9.949999809265137,9.949999809265137,9.949999809265137,9.949999809265137,2993330
2024-06-05,BCG,9.449999809265137,10.350000381469728,9.449999809265137,10.050000190734863,10935886
2024-06-06,BCG,10.100000381469728,10.199999809265137,9.699999809265137,9.949999809265137,7372357
2024-06-07,BCG,10.0,10.149999618530272,9.449999809265137,9.449999809265137,13328712
2024-06-10,BCG,9.050000190734863,9.920000076293944,9.050000190734863,9.920000076293944,11144620
2024-06-11,BCG,10.40999984741211,10.40999984741211,10.119999885559082,10.40999984741211,5167226
2024-06-12,BCG,9.880000114440918,9.880000114440918,9.880000114440918,9.880000114440918,4739515
2024-06-13,BCG,9.380000114440918,9.380000114440918,9.380000114440918,9.380000114440918,9927057
2024-06-14,BCG,9.380000114440918,9.380000114440918,9.380000114440918,9.380000114440918,0
2024-06-18,BCG,9.380000114440918,9.380000114440918,9.380000114440918,9.380000114440918,0
2024-06-19,BCG,9.380000114440918,9.380000114440918,9.380000114440918,9.380000114440918,0
2024-06-20,BCG,9.380000114440918,9.380000114440918,9.380000114440918,9.380000114440918,0
2024-06-21,BCG,9.380000114440918,9.380000114440918,9.380000114440918,9.380000114440918,0
2024-06-24,BCG,9.380000114440918,9.380000114440918,9.380000114440918,9.380000114440918,0
2024-06-25,BCG,9.380000114440918,9.380000114440918,9.380000114440918,9.380000114440918,0
2024-06-26,BCG,9.380000114440918,9.380000114440918,9.380000114440918,9.380000114440918,0
2024-06-27,BCG,9.380000114440918,9.380000114440918,9.380000114440918,9.380000114440918,0
2024-06-28,BCG,9.380000114440918,9.380000114440918,9.380000114440918,9.380000114440918,0
2024-06-03,BCLIND,53.95000076293945,53.95000076293945,51.20000076293945,51.400001525878906,763402
2024-06-04,BCLIND,51.5,51.5,45.84999847412109,48.150001525878906,1600546
2024-06-05,BCLIND,48.59999847412109,49.45000076293945,47.04999923706055,49.150001525878906,1284532
2024-06-06,BCLIND,49.900001525878906,52.5,49.900001525878906,52.0,1088166
2024-06-07,BCLIND,52.84999847412109,52.95000076293945,51.75,51.95000076293945,806508
2024-06-10,BCLIND,52.34999847412109,53.38999938964844,51.0,51.83000183105469,1692085
2024-06-11,BCLIND,51.86000061035156,53.38999938964844,51.59999847412109,52.02999877929688,2949746
2024-06-12,BCLIND,52.09999847412109,57.400001525878906,52.09999847412109,55.22999954223633,7405736
2024-06-13,BCLIND,56.70000076293945,59.9900016784668,55.72999954223633,58.38999938964844,8142960
2024-06-14,BCLIND,58.5,58.970001220703125,56.84000015258789,57.02999877929688,2016045
2024-06-18,BCLIND,57.79999923706055,57.869998931884766,56.27999877929688,56.54999923706055,1125264
2024-06-19,BCLIND,56.70000076293945,58.68999862670898,55.61000061035156,56.02000045776367,2411853
2024-06-20,BCLIND,56.54999923706055,56.77999877929688,55.66999816894531,55.81999969482422,1719191
2024-06-21,BCLIND,55.90999984741211,56.900001525878906,55.810001373291016,55.95000076293945,832568
2024-06-24,BCLIND,55.79999923706055,56.45000076293945,55.119998931884766,55.459999084472656,825606
2024-06-25,BCLIND,55.59999847412109,56.22999954223633,55.4900016784668,55.52999877929688,574672
2024-06-26,BCLIND,55.75,55.75,54.70000076293945,54.86000061035156,698479
2024-06-27,BCLIND,55.13999938964844,55.13999938964844,52.209999084472656,52.84000015258789,1191286
2024-06-28,BCLIND,53.150001525878906,54.22999954223633,52.77999877929688,52.869998931884766,1084748
2024-06-03,BCONCEPTS,679.9500122070312,699.7000122070312,649.6500244140625,659.1500244140625,16673
2024-06-04,BCONCEPTS,690.0,690.0,624.0999755859375,641.4500122070312,20262
2024-06-05,BCONCEPTS,642.0,705.0,619.6500244140625,678.9000244140625,14374
2024-06-06,BCONCEPTS,709.9500122070312,709.9500122070312,679.0999755859375,695.5,7236
2024-06-07,BCONCEPTS,714.9500122070312,754.9500122070312,670.3499755859375,716.0499877929688,26369
2024-06-10,BCONCEPTS,715.0,720.4500122070312,675.0,680.0999755859375,15956
2024-06-11,BCONCEPTS,678.2000122070312,710.0,666.25,683.5999755859375,18789
2024-06-12,BCONCEPTS,683.5999755859375,698.5,665.1500244140625,684.75,12364
2024-06-13,BCONCEPTS,698.0,698.0,668.0999755859375,671.8499755859375,13546
2024-06-14,BCONCEPTS,678.0,697.9500122070312,650.3499755859375,662.75,9913
2024-06-18,BCONCEPTS,678.0,690.0,655.9500122070312,681.2000122070312,16755
2024-06-19,BCONCEPTS,698.0,698.0,645.0,649.3499755859375,31217
2024-06-20,BCONCEPTS,651.4000244140625,669.9500122070312,622.0499877929688,633.9000244140625,19619
2024-06-21,BCONCEPTS,665.0,681.9500122070312,644.0499877929688,662.5499877929688,15719
2024-06-24,BCONCEPTS,674.0,681.9500122070312,662.6500244140625,678.0999755859375,22326
2024-06-25,BCONCEPTS,683.5999755859375,689.9500122070312,675.0,681.7999877929688,10121
2024-06-26,BCONCEPTS,697.0,697.0,674.0999755859375,676.1500244140625,18699
2024-06-27,BCONCEPTS,693.0,693.0,651.0499877929688,654.4500122070312,12355
2024-06-28,BCONCEPTS,690.0,690.9500122070312,654.5,673.6500244140625,13699
2024-06-03,BDL,1662.949951171875,1662.949951171875,1580.0999755859375,1596.5,3797720
2024-06-04,BDL,1579.949951171875,1579.949951171875,1436.8499755859375,1436.8499755859375,3342860
2024-06-05,BDL,1371.699951171875,1387.550048828125,1293.199951171875,1305.25,6401013
2024-06-06,BDL,1330.0,1419.0,1326.25,1368.800048828125,6332980
2024-06-07,BDL,1368.9000244140625,1440.0,1340.0,1430.949951171875,3187159
2024-06-10,BDL,1439.800048828125,1475.0,1405.0,1418.8499755859375,2576038
2024-06-11,BDL,1427.800048828125,1458.800048828125,1416.0,1422.699951171875,1605710
2024-06-12,BDL,1425.0,1438.5,1410.050048828125,1421.3499755859375,1254013
2024-06-13,BDL,1425.0,1500.0,1402.0,1491.0999755859375,4294918
2024-06-14,BDL,1500.0,1617.300048828125,1473.0,1582.800048828125,9955913
2024-06-18,BDL,1598.5999755859375,1650.0,1595.0,1627.300048828125,7287059
2024-06-19,BDL,1628.75,1639.0,1536.0,1563.8499755859375,3956234
2024-06-20,BDL,1567.3499755859375,1597.5,1527.0,1569.550048828125,2357325
2024-06-21,BDL,1567.800048828125,1575.9000244140625,1521.0,1530.449951171875,1643504
2024-06-24,BDL,1518.0999755859375,1565.0,1496.0,1553.0,1627649
2024-06-25,BDL,1559.5,1585.800048828125,1534.25,1545.3499755859375,1904136
2024-06-26,BDL,1575.0,1630.0,1567.300048828125,1589.75,6721495
2024-06-27,BDL,1607.6500244140625,1635.6500244140625,1578.0,1601.949951171875,3237677
2024-06-28,BDL,1612.0999755859375,1649.0,1580.0,1596.5999755859375,2931828
2024-06-03,BEARDSELL,41.5,41.5,38.150001525878906,38.400001525878906,86023
2024-06-04,BEARDSELL,38.400001525878906,38.79999923706055,34.599998474121094,35.400001525878906,143264
2024-06-05,BEARDSELL,36.70000076293945,37.900001525878906,34.849998474121094,37.34999847412109,46939
2024-06-06,BEARDSELL,37.5,39.70000076293945,36.75,37.45000076293945,79080
2024-06-07,BEARDSELL,38.5,39.59999847412109,37.84999847412109,38.45000076293945,60410
2024-06-10,BEARDSELL,38.5,39.5,38.09999847412109,38.540000915527344,50910
2024-06-11,BEARDSELL,39.0,39.70000076293945,38.209999084472656,38.61000061035156,66288
2024-06-12,BEARDSELL,40.0,40.0,38.41999816894531,38.810001373291016,72405
2024-06-13,BEARDSELL,38.810001373291016,39.33000183105469,38.41999816894531,38.72999954223633,51498
2024-06-14,BEARDSELL,38.709999084472656,39.45000076293945,38.5099983215332,38.81999969482422,56526
2024-06-18,BEARDSELL,39.0,40.5,39.0,39.72999954223633,80621
2024-06-19,BEARDSELL,40.29999923706055,40.29999923706055,39.2400016784668,39.810001373291016,40303
2024-06-20,BEARDSELL,39.2599983215332,41.68000030517578,39.2599983215332,40.45000076293945,77117
2024-06-21,BEARDSELL,41.95000076293945,42.290000915527344,39.04999923706055,39.34000015258789,79916
2024-06-24,BEARDSELL,39.79999923706055,40.52999877929688,39.09999847412109,39.97999954223633,48446
2024-06-25,BEARDSELL,40.13999938964844,42.400001525878906,39.79999923706055,40.59000015258789,137966
2024-06-26,BEARDSELL,40.52000045776367,41.75,40.09999847412109,40.34999847412109,49792
2024-06-27,BEARDSELL,39.400001525878906,40.66999816894531,38.0,38.220001220703125,73013
2024-06-28,BEARDSELL,38.84999847412109,39.09999847412109,38.0,38.18000030517578,38796
2024-06-03,BECTORFOOD,255.0399932861328,257.9599914550781,248.5200042724609,255.2899932861328,920685
2024-06-04,BECTORFOOD,255.58999633789065,255.58999633789065,240.3999938964844,253.4900054931641,758905
2024-06-05,BECTORFOOD,252.08999633789065,287.3800048828125,245.0,284.1499938964844,5325920
2024-06-06,BECTORFOOD,292.0,309.1199951171875,290.6499938964844,300.1300048828125,3580195
2024-06-07,BECTORFOOD,302.0,303.19000244140625,290.2099914550781,294.3599853515625,1410620
2024-06-10,BECTORFOOD,298.8800048828125,298.8800048828125,285.20001220703125,287.17999267578125,891895
2024-06-11,BECTORFOOD,288.1700134277344,288.1700134277344,277.6499938964844,280.75,966190
2024-06-12,BECTORFOOD,281.67999267578125,287.0,280.9200134277344,282.9200134277344,917485
2024-06-13,BECTORFOOD,283.94000244140625,286.4100036621094,279.0,280.2099914550781,1215130
2024-06-14,BECTORFOOD,283.0,283.010009765625,279.0,279.7900085449219,550925
2024-06-18,BECTORFOOD,280.0,292.54998779296875,280.0,286.70001220703125,1865020
2024-06-19,BECTORFOOD,290.0,293.7799987792969,285.29998779296875,288.4700012207031,1148960
2024-06-20,BECTORFOOD,289.6000061035156,313.19000244140625,286.760009765625,299.7200012207031,2675485
2024-06-21,BECTORFOOD,301.0,302.260009765625,290.7200012207031,292.95001220703125,694825
2024-06-24,BECTORFOOD,290.6000061035156,295.6400146484375,281.79998779296875,283.3699951171875,910820
2024-06-25,BECTORFOOD,285.9800109863281,288.9100036621094,280.3999938964844,281.6600036621094,695715
2024-06-26,BECTORFOOD,281.2799987792969,282.7099914550781,275.239990234375,277.19000244140625,590780
2024-06-27,BECTORFOOD,277.4100036621094,286.0,272.3800048828125,275.7799987792969,612710
2024-06-28,BECTORFOOD,274.3999938964844,277.6000061035156,272.8099975585937,275.010009765625,370710
2024-06-03,BEDMUTHA,268.95001220703125,268.95001220703125,252.0,255.6000061035156,28723
2024-06-04,BEDMUTHA,254.3500061035156,254.3500061035156,242.8500061035156,242.8500061035156,38212
2024-06-05,BEDMUTHA,231.25,239.8500061035156,230.6999969482422,232.0500030517578,35106
2024-06-06,BEDMUTHA,236.3000030517578,241.8500061035156,235.6000061035156,236.5500030517578,8583
2024-06-07,BEDMUTHA,240.8500061035156,248.0,232.8500061035156,236.9499969482422,7358
2024-06-10,BEDMUTHA,237.25,245.8999938964844,237.25,240.8500061035156,17389
2024-06-11,BEDMUTHA,240.1000061035156,250.6999969482422,240.1000061035156,248.4499969482422,10699
2024-06-12,BEDMUTHA,258.0,258.0,242.0,249.9499969482422,20765
2024-06-13,BEDMUTHA,251.3000030517578,259.0,248.0,255.25,6129
2024-06-14,BEDMUTHA,260.0,261.45001220703125,254.0,255.6000061035156,16394
2024-06-18,BEDMUTHA,263.5,263.5,246.0,247.9499969482422,10256
2024-06-19,BEDMUTHA,245.0,251.1000061035156,242.0,245.3999938964844,6094
2024-06-20,BEDMUTHA,243.0,248.8000030517578,241.5500030517578,242.3500061035156,13398
2024-06-21,BEDMUTHA,248.0,250.0,241.8000030517578,243.8999938964844,12613
2024-06-24,BEDMUTHA,250.0,250.0,233.1499938964844,238.6000061035156,11629
2024-06-25,BEDMUTHA,234.1999969482422,243.6999969482422,234.1999969482422,237.25,9925
2024-06-26,BEDMUTHA,237.25,243.75,229.0,235.6499938964844,12233
2024-06-27,BEDMUTHA,242.0,242.0,226.1000061035156,229.5,17295
2024-06-28,BEDMUTHA,233.4499969482422,237.0,229.6499938964844,232.1000061035156,8057
2024-06-03,BEL,323.0,323.0,309.29998779296875,318.6499938964844,67256146
2024-06-04,BEL,312.0,312.0,230.0500030517578,255.5500030517578,268052657
2024-06-05,BEL,264.5,264.5,230.0,260.3500061035156,193487058
2024-06-06,BEL,267.0,281.5,267.0,273.6499938964844,95502477
2024-06-07,BEL,274.0,284.54998779296875,268.70001220703125,283.20001220703125,60109827
2024-06-10,BEL,288.8999938964844,292.0,281.1000061035156,283.3999938964844,42363741
2024-06-11,BEL,287.0,290.5,285.3500061035156,286.20001220703125,32269277
2024-06-12,BEL,287.8999938964844,293.0,286.04998779296875,290.5,33990756
2024-06-13,BEL,293.8999938964844,303.0,287.04998779296875,300.8999938964844,49511492
2024-06-14,BEL,305.0,310.5,301.5,309.6000061035156,67366844
2024-06-18,BEL,313.0,321.0,312.25,318.25,64859245
2024-06-19,BEL,319.8999938964844,319.8999938964844,304.1000061035156,309.29998779296875,58698689
2024-06-20,BEL,309.79998779296875,313.3500061035156,302.25,311.8999938964844,39505506
2024-06-21,BEL,312.70001220703125,314.0,304.1000061035156,304.95001220703125,37620968
2024-06-24,BEL,304.79998779296875,311.8999938964844,297.45001220703125,309.75,39139609
2024-06-25,BEL,310.8999938964844,314.95001220703125,309.20001220703125,309.70001220703125,29124110
2024-06-26,BEL,310.0,311.5,305.8500061035156,306.8500061035156,24238007
2024-06-27,BEL,306.1000061035156,308.1499938964844,301.20001220703125,304.5,39996580
2024-06-28,BEL,306.0,309.79998779296875,302.75,305.8999938964844,24256902
2024-06-03,BEML,2400.0,2400.0,2225.550048828125,2336.77490234375,2335294
2024-06-04,BEML,2324.97509765625,2324.97509765625,1869.425048828125,1878.5250244140625,2907142
2024-06-05,BEML,1948.925048828125,1948.925048828125,1700.050048828125,1842.7249755859373,2333354
2024-06-06,BEML,1875.2249755859373,2063.625,1875.2249755859373,1983.949951171875,2664444
2024-06-07,BEML,1999.5,2011.074951171875,1940.0,1987.7249755859373,1164056
2024-06-10,BEML,2005.0,2018.449951171875,1937.0,1948.375,846506
2024-06-11,BEML,1977.4749755859373,2045.0,1957.675048828125,2020.949951171875,1663216
2024-06-12,BEML,2021.074951171875,2035.2249755859373,1955.5,1979.1500244140625,1313154
2024-06-13,BEML,2000.0,2027.449951171875,1959.5,2014.5999755859373,1199154
2024-06-14,BEML,2025.0,2392.0,2000.0,2358.074951171875,9956592
2024-06-18,BEML,2374.27490234375,2424.85009765625,2318.14990234375,2354.39990234375,2901932
2024-06-19,BEML,2364.5,2364.5,2236.0,2262.02490234375,1437930
2024-06-20,BEML,2261.97509765625,2305.0,2209.875,2225.14990234375,958406
2024-06-21,BEML,2238.175048828125,2265.0,2176.5,2184.175048828125,861002
2024-06-24,BEML,2190.0,2343.925048828125,2169.77490234375,2250.0,2731462
2024-06-25,BEML,2270.0,2324.949951171875,2246.14990234375,2260.14990234375,1085430
2024-06-26,BEML,2275.074951171875,2339.5,2250.625,2264.625,1367284
2024-06-27,BEML,2272.5,2304.925048828125,2235.5,2250.27490234375,811384
2024-06-28,BEML,2267.5,2272.5,2203.050048828125,2219.02490234375,501332
2024-06-03,BEPL,96.0,96.3000030517578,94.3499984741211,95.5,381388
2024-06-04,BEPL,96.3000030517578,96.3000030517578,88.5,89.9000015258789,864454
2024-06-05,BEPL,91.0,94.25,88.5,93.0500030517578,328329
2024-06-06,BEPL,93.4499969482422,95.5500030517578,92.8000030517578,94.5500030517578,330939
2024-06-07,BEPL,94.3499984741211,96.8499984741211,94.3499984741211,96.3499984741211,350382
2024-06-10,BEPL,96.9499969482422,98.12000274658205,95.8499984741211,96.29000091552734,451463
2024-06-11,BEPL,97.0,100.0,96.43000030517578,99.68000030517578,957885
2024-06-12,BEPL,99.5999984741211,102.1999969482422,99.5999984741211,100.7300033569336,890022
2024-06-13,BEPL,101.97000122070312,104.4000015258789,101.3000030517578,103.58000183105467,1927782
2024-06-14,BEPL,103.58000183105467,105.48999786376952,102.5,102.91999816894533,1216088
2024-06-18,BEPL,104.16999816894533,107.5999984741211,103.62000274658205,106.9800033569336,2096923
2024-06-19,BEPL,107.48999786376952,120.0,107.0,119.0199966430664,15360656
2024-06-20,BEPL,120.0,130.0,119.61000061035156,125.80999755859376,12219450
2024-06-21,BEPL,126.0,137.60000610351562,123.51000213623048,136.5399932861328,11653262
2024-06-24,BEPL,134.41000366210938,135.49000549316406,128.7899932861328,132.13999938964844,4725256
2024-06-25,BEPL,133.0,133.6999969482422,125.0999984741211,126.4800033569336,1720369
2024-06-26,BEPL,127.5999984741211,131.39999389648438,126.4800033569336,128.7100067138672,1376226
2024-06-27,BEPL,129.10000610351562,129.10000610351562,122.18000030517578,125.13999938964844,1367221
2024-06-28,BEPL,125.5999984741211,131.10000610351562,118.0999984741211,129.7100067138672,2829346
2024-06-03,BERGEPAINT,463.0,473.9500122070313,462.6499938964844,471.7999877929688,2352584
2024-06-04,BERGEPAINT,471.7999877929688,471.7999877929688,439.0,455.7000122070313,4981632
2024-06-05,BERGEPAINT,452.0,481.6499938964844,452.0,475.0499877929688,6311374
2024-06-06,BERGEPAINT,478.0,485.0499877929688,473.0,477.1499938964844,2809556
2024-06-07,BERGEPAINT,479.3999938964844,483.25,476.0,482.5499877929688,1761247
2024-06-10,BERGEPAINT,485.8999938964844,493.25,481.0,491.9500122070313,2809858
2024-06-11,BERGEPAINT,491.0,496.6000061035156,489.0,493.1000061035156,2543671
2024-06-12,BERGEPAINT,496.9500122070313,500.8999938964844,489.8999938964844,499.0,2520688
2024-06-13,BERGEPAINT,499.0,504.9500122070313,497.0,501.3500061035156,1971064
2024-06-14,BERGEPAINT,502.0,504.2999877929688,500.5,502.7000122070313,851134
2024-06-18,BERGEPAINT,505.0,508.7000122070313,502.8999938964844,504.0,1948411
2024-06-19,BERGEPAINT,506.0,506.7000122070313,497.1000061035156,497.6499938964844,1060446
2024-06-20,BERGEPAINT,498.0,514.9000244140625,497.5,510.1499938964844,3107570
2024-06-21,BERGEPAINT,513.0499877929688,515.0,500.0499877929688,502.2000122070313,1474799
2024-06-24,BERGEPAINT,503.7999877929688,504.9500122070313,496.2999877929688,502.7999877929688,982768
2024-06-25,BERGEPAINT,501.5,504.3999938964844,499.0499877929688,500.0499877929688,911396
2024-06-26,BERGEPAINT,500.0499877929688,502.25,494.4500122070313,495.7999877929688,857647
2024-06-27,BERGEPAINT,495.7999877929688,504.3500061035156,494.6000061035156,501.7999877929688,1784087
2024-06-28,BERGEPAINT,501.7999877929688,506.8999938964844,500.0,504.2000122070313,965612
2024-06-03,BESTAGRO,37.93333435058594,37.93333435058594,36.26666641235352,36.356666564941406,313425
2024-06-04,BESTAGRO,36.356666564941406,36.356666564941406,32.723331451416016,33.483333587646484,1160595
2024-06-05,BESTAGRO,33.336666107177734,36.83000183105469,33.336666107177734,36.81666564941406,917970
2024-06-06,BESTAGRO,37.86333465576172,38.79333114624024,36.53666687011719,36.970001220703125,762765
2024-06-07,BESTAGRO,36.970001220703125,38.33000183105469,36.66999816894531,37.61666488647461,528960
2024-06-10,BESTAGRO,38.32666778564453,42.0,37.73666763305664,39.676666259765625,1562580
2024-06-11,BESTAGRO,40.59333419799805,41.52000045776367,39.93000030517578,40.1533317565918,1013790
2024-06-12,BESTAGRO,40.1533317565918,40.84999847412109,39.8033332824707,39.90999984741211,303360
2024-06-13,BESTAGRO,39.90999984741211,40.39666748046875,39.66666412353516,39.90999984741211,344250
2024-06-14,BESTAGRO,40.133331298828125,40.32666778564453,39.56999969482422,39.84000015258789,428970
2024-06-18,BESTAGRO,39.84000015258789,39.973331451416016,38.790000915527344,38.97666549682617,583590
2024-06-19,BESTAGRO,39.86666488647461,41.53333282470703,39.35333251953125,40.88999938964844,1385175
2024-06-20,BESTAGRO,41.59999847412109,48.0,41.49666595458984,46.7400016784668,17045085
2024-06-21,BESTAGRO,47.79999923706055,48.400001525878906,43.93333435058594,44.13999938964844,7114590
2024-06-24,BESTAGRO,44.49333190917969,48.78666687011719,44.33000183105469,47.73666763305664,9043185
2024-06-25,BESTAGRO,48.2599983215332,48.823333740234375,46.77000045776367,47.143333435058594,2808915
2024-06-26,BESTAGRO,47.19333267211914,47.56333160400391,46.45000076293945,46.6533317565918,1033275
2024-06-27,BESTAGRO,46.6533317565918,46.72666549682617,44.66666412353516,45.04999923706055,1139310
2024-06-28,BESTAGRO,46.0,46.459999084472656,44.93333435058594,45.11333465576172,773175
2024-06-03,BETA,1250.0,1250.0,1180.0,1190.550048828125,8500
2024-06-04,BETA,1170.0,1197.800048828125,1100.0,1190.1500244140625,7700
2024-06-05,BETA,1127.0,1194.8499755859375,1125.0,1190.0,7600
2024-06-06,BETA,1192.0,1264.0,1187.1500244140625,1259.5,4900
2024-06-07,BETA,1240.0,1272.0,1230.0,1272.0,7200
2024-06-10,BETA,1282.0,1285.0,1236.0,1251.0,4000
2024-06-11,BETA,1201.0,1260.0,1201.0,1233.699951171875,5600
2024-06-12,BETA,1250.0,1250.0,1214.0,1219.050048828125,4300
2024-06-13,BETA,1203.0,1254.949951171875,1203.0,1250.5,6700
2024-06-14,BETA,1223.050048828125,1249.9000244140625,1205.050048828125,1223.1500244140625,13100
2024-06-18,BETA,1230.0,1249.800048828125,1212.5,1228.9000244140625,4500
2024-06-19,BETA,1248.0,1248.0,1214.0,1218.0,1300
2024-06-20,BETA,1217.949951171875,1218.0,1185.0,1200.449951171875,5600
2024-06-21,BETA,1192.5,1230.0,1174.5,1220.050048828125,6300
2024-06-24,BETA,1220.050048828125,1247.949951171875,1210.0,1212.0,4200
2024-06-25,BETA,1200.0,1224.800048828125,1200.0,1218.5,5400
2024-06-26,BETA,1210.0,1216.0,1191.0,1206.0,4800
2024-06-27,BETA,1205.0,1210.0,1187.0999755859375,1195.0,5400
2024-06-28,BETA,1196.0,1220.0,1195.0,1210.0,2100
2024-06-03,BFINVEST,594.0,602.0,571.5999755859375,574.5999755859375,127698
2024-06-04,BFINVEST,580.0,580.0,500.2000122070313,522.8499755859375,88618
2024-06-05,BFINVEST,529.9000244140625,548.1500244140625,512.6500244140625,540.5499877929688,46788
2024-06-06,BFINVEST,542.9000244140625,578.7999877929688,542.9000244140625,562.25,94057
2024-06-07,BFINVEST,564.9500122070312,583.0,563.7000122070312,571.9500122070312,70427
2024-06-10,BFINVEST,574.5,585.8499755859375,572.0,575.0999755859375,38318
2024-06-11,BFINVEST,574.9500122070312,604.0,574.9000244140625,593.7999877929688,185360
2024-06-12,BFINVEST,595.7999877929688,612.0,591.5999755859375,594.2000122070312,116536
2024-06-13,BFINVEST,596.2000122070312,605.9500122070312,590.0,594.2000122070312,50717
2024-06-14,BFINVEST,594.2999877929688,619.0,591.0999755859375,603.9000244140625,151865
2024-06-18,BFINVEST,606.7000122070312,626.7000122070312,598.0999755859375,610.7000122070312,131282
2024-06-19,BFINVEST,613.5,619.9000244140625,605.0,609.5,64640
2024-06-20,BFINVEST,610.0,625.0,609.9500122070312,615.5499877929688,52135
2024-06-21,BFINVEST,625.0,635.0,612.0,614.5999755859375,85898
2024-06-24,BFINVEST,612.9000244140625,721.7000122070312,610.5499877929688,676.9000244140625,1720138
2024-06-25,BFINVEST,683.0999755859375,699.7999877929688,658.2000122070312,663.0,278990
2024-06-26,BFINVEST,662.0499877929688,671.0,655.0,658.6500244140625,94053
2024-06-27,BFINVEST,659.1500244140625,666.9500122070312,642.25,650.2999877929688,79998
2024-06-28,BFINVEST,653.5999755859375,706.9000244140625,647.5499877929688,686.8499755859375,440106
2024-06-03,BFUTILITIE,948.0,948.3499755859376,902.0,907.5499877929688,739970
2024-06-04,BFUTILITIE,890.0,890.0,726.0499877929688,774.75,1141569
2024-06-05,BFUTILITIE,785.0,823.75,738.5,804.0499877929688,830450
2024-06-06,BFUTILITIE,811.7999877929688,868.4000244140625,811.7999877929688,852.9500122070312,613478
2024-06-07,BFUTILITIE,853.0,888.9000244140625,848.0,863.2000122070312,540215
2024-06-10,BFUTILITIE,866.4500122070312,900.0,866.0499877929688,872.0,513778
2024-06-11,BFUTILITIE,878.8499755859375,915.0,869.0499877929688,897.5,956784
2024-06-12,BFUTILITIE,904.0,933.4500122070312,902.0,906.8499755859376,550216
2024-06-13,BFUTILITIE,911.0499877929688,928.0,900.0,907.2999877929688,379418
2024-06-14,BFUTILITIE,912.9000244140624,942.1500244140624,903.5999755859376,922.0,645910
2024-06-18,BFUTILITIE,926.0,954.5999755859376,913.5,923.3499755859376,659112
2024-06-19,BFUTILITIE,927.8499755859376,928.0,886.0,906.6500244140624,506241
2024-06-20,BFUTILITIE,912.5999755859376,942.25,903.9000244140624,907.8499755859376,476669
2024-06-21,BFUTILITIE,913.9500122070312,926.7000122070312,902.2000122070312,906.6500244140624,221650
2024-06-24,BFUTILITIE,904.0,959.9000244140624,893.5499877929688,911.2999877929688,1533655
2024-06-25,BFUTILITIE,919.0,934.0,907.0,912.0499877929688,330971
2024-06-26,BFUTILITIE,915.0,924.4000244140624,900.0,905.8499755859376,235673
2024-06-27,BFUTILITIE,909.9000244140624,915.3499755859376,872.0499877929688,885.8499755859375,357705
2024-06-28,BFUTILITIE,890.0,918.0,886.7999877929688,897.7999877929688,405971
2024-06-03,BGRENERGY,40.29999923706055,40.29999923706055,40.29999923706055,40.29999923706055,42679
2024-06-04,BGRENERGY,39.5,39.5,39.5,39.5,122384
2024-06-05,BGRENERGY,38.75,38.75,38.75,38.75,55052
2024-06-06,BGRENERGY,39.0,39.400001525878906,38.75,39.0,49726
2024-06-07,BGRENERGY,39.5,39.5,39.0,39.5,44948
2024-06-10,BGRENERGY,39.97999954223633,39.97999954223633,39.79999923706055,39.97999954223633,61964
2024-06-11,BGRENERGY,40.77000045776367,40.77000045776367,40.0,40.77000045776367,39736
2024-06-12,BGRENERGY,41.58000183105469,41.58000183105469,41.58000183105469,41.58000183105469,44290
2024-06-13,BGRENERGY,40.7400016784668,41.04999923706055,40.7400016784668,40.7400016784668,45242
2024-06-14,BGRENERGY,39.91999816894531,39.91999816894531,39.91999816894531,39.91999816894531,54667
2024-06-18,BGRENERGY,39.119998931884766,39.119998931884766,39.119998931884766,39.119998931884766,64879
2024-06-19,BGRENERGY,38.5,38.5,38.5,38.5,47769
2024-06-20,BGRENERGY,38.0,38.4900016784668,38.0,38.0,53290
2024-06-21,BGRENERGY,37.900001525878906,38.0,37.900001525878906,37.900001525878906,35867
2024-06-24,BGRENERGY,37.59999847412109,37.90999984741211,37.13999938964844,37.59999847412109,144856
2024-06-25,BGRENERGY,37.29999923706055,37.459999084472656,37.29999923706055,37.29999923706055,40936
2024-06-26,BGRENERGY,37.75,37.75,37.34999847412109,37.75,48468
2024-06-27,BGRENERGY,38.400001525878906,38.5,38.400001525878906,38.400001525878906,69702
2024-06-28,BGRENERGY,38.20000076293945,38.36000061035156,38.0,38.20000076293945,35649
2024-06-03,BHAGCHEM,196.0,204.6999969482422,193.1999969482422,194.6499938964844,133469
2024-06-04,BHAGCHEM,195.0,195.0,184.9499969482422,185.3500061035156,169737
2024-06-05,BHAGCHEM,189.1000061035156,222.3999938964844,188.0,222.3999938964844,996798
2024-06-06,BHAGCHEM,242.0,263.0,232.6499938964844,242.1000061035156,3090949
2024-06-07,BHAGCHEM,243.8999938964844,246.1999969482422,235.5,238.1499938964844,705928
2024-06-10,BHAGCHEM,238.9900054931641,260.0,238.1499938964844,253.8999938964844,974963
2024-06-11,BHAGCHEM,257.8500061035156,264.9800109863281,246.42999267578125,257.5,726398
2024-06-12,BHAGCHEM,257.0,264.8999938964844,251.25,263.6199951171875,287695
2024-06-13,BHAGCHEM,266.0,267.5,256.8399963378906,258.1300048828125,349094
2024-06-14,BHAGCHEM,258.989990234375,265.8999938964844,256.010009765625,263.2300109863281,201764
2024-06-18,BHAGCHEM,271.0,275.5,261.0,273.1300048828125,314204
2024-06-19,BHAGCHEM,276.70001220703125,279.0,266.29998779296875,268.6600036621094,440938
2024-06-20,BHAGCHEM,272.79998779296875,285.0,263.95001220703125,268.1300048828125,487303
2024-06-21,BHAGCHEM,270.1000061035156,274.9700012207031,247.27999877929688,249.759994506836,797108
2024-06-24,BHAGCHEM,247.3000030517578,259.8999938964844,242.9499969482422,246.009994506836,397703
2024-06-25,BHAGCHEM,249.0,264.0,245.1000061035156,257.1199951171875,564244
2024-06-26,BHAGCHEM,262.0,264.5,255.1000061035156,256.510009765625,183265
2024-06-27,BHAGCHEM,259.0,265.0,250.5500030517578,254.3600006103516,280332
2024-06-28,BHAGCHEM,254.2100067138672,257.45001220703125,248.0,249.759994506836,127413
2024-06-03,BHAGERIA,160.10000610351562,161.0,156.5,159.75,66320
2024-06-04,BHAGERIA,159.75,159.75,140.0,147.3000030517578,46817
2024-06-05,BHAGERIA,150.0,152.5500030517578,143.39999389648438,151.0500030517578,40797
2024-06-06,BHAGERIA,154.0,167.14999389648438,153.3000030517578,160.3000030517578,78740
2024-06-07,BHAGERIA,159.89999389648438,163.5,158.4499969482422,160.89999389648438,23808
2024-06-10,BHAGERIA,160.89999389648438,163.47000122070312,160.0500030517578,161.47000122070312,40203
2024-06-11,BHAGERIA,164.0,164.7899932861328,161.25,162.3000030517578,19468
2024-06-12,BHAGERIA,164.4499969482422,164.64999389648438,162.36000061035156,162.97999572753906,16248
2024-06-13,BHAGERIA,164.85000610351562,165.0,161.80999755859375,162.92999267578125,39142
2024-06-14,BHAGERIA,163.1999969482422,171.0,161.82000732421875,167.3000030517578,88750
2024-06-18,BHAGERIA,167.3000030517578,170.0399932861328,165.9199981689453,167.74000549316406,52784
2024-06-19,BHAGERIA,169.07000732421875,169.58999633789062,165.0500030517578,166.1300048828125,30818
2024-06-20,BHAGERIA,166.1999969482422,176.99000549316406,165.80999755859375,171.83999633789062,255956
2024-06-21,BHAGERIA,173.10000610351562,175.0,167.0,168.49000549316406,54793
2024-06-24,BHAGERIA,168.36000061035156,175.99000549316406,165.8800048828125,173.8800048828125,93379
2024-06-25,BHAGERIA,175.9499969482422,175.9499969482422,168.0,169.8800048828125,44645
2024-06-26,BHAGERIA,168.1999969482422,174.7899932861328,165.85000610351562,168.52000427246094,58151
2024-06-27,BHAGERIA,166.10000610351562,176.38999938964844,166.10000610351562,170.75,171441
2024-06-28,BHAGERIA,168.50999450683594,171.83999633789062,168.35000610351562,169.58999633789062,29703
2024-06-03,BHAGYANGR,107.9000015258789,107.9000015258789,101.4000015258789,103.3499984741211,79913
2024-06-04,BHAGYANGR,104.0500030517578,105.6999969482422,93.0500030517578,97.75,112296
2024-06-05,BHAGYANGR,96.1999969482422,102.6999969482422,95.9499969482422,101.0999984741211,53252
2024-06-06,BHAGYANGR,102.0,111.1999969482422,101.1500015258789,107.8000030517578,156797
2024-06-07,BHAGYANGR,108.0999984741211,112.8499984741211,108.0,109.9499969482422,180223
2024-06-10,BHAGYANGR,110.6999969482422,112.0,101.0,106.62000274658205,141359
2024-06-11,BHAGYANGR,106.62000274658205,109.5,106.62000274658205,108.58999633789062,69150
2024-06-12,BHAGYANGR,109.6999969482422,111.45999908447266,108.8000030517578,109.75,81061
2024-06-13,BHAGYANGR,111.3000030517578,111.3000030517578,107.80999755859376,108.8000030517578,50946
2024-06-14,BHAGYANGR,108.8000030517578,110.5,106.0,106.98999786376952,91673
2024-06-18,BHAGYANGR,109.12000274658205,116.98999786376952,108.0,113.33000183105467,260845
2024-06-19,BHAGYANGR,113.87999725341795,113.87999725341795,110.5,110.87999725341795,130608
2024-06-20,BHAGYANGR,111.52999877929688,111.9499969482422,109.0,109.7300033569336,75917
2024-06-21,BHAGYANGR,110.83999633789062,111.9000015258789,107.0999984741211,108.44000244140624,87020
2024-06-24,BHAGYANGR,109.88999938964844,110.5,106.62999725341795,107.70999908447266,79820
2024-06-25,BHAGYANGR,108.29000091552734,109.98999786376952,107.0,107.22000122070312,64800
2024-06-26,BHAGYANGR,108.06999969482422,113.0,106.23999786376952,109.18000030517578,216959
2024-06-27,BHAGYANGR,108.5,109.4499969482422,105.58999633789062,105.98999786376952,83888
2024-06-28,BHAGYANGR,106.9000015258789,109.0,106.11000061035156,107.62999725341795,86920
2024-06-03,BHANDARI,7.900000095367432,8.0,7.699999809265137,7.75,629650
2024-06-04,BHANDARI,7.849999904632568,7.849999904632568,7.0,7.050000190734863,860106
2024-06-05,BHANDARI,7.199999809265137,7.449999809265137,6.849999904632568,7.400000095367432,499055
2024-06-06,BHANDARI,7.400000095367432,7.699999809265137,7.300000190734863,7.449999809265137,682059
2024-06-07,BHANDARI,7.699999809265137,7.949999809265137,7.550000190734863,7.800000190734863,673668
2024-06-10,BHANDARI,6.913737773895264,7.168455123901367,6.913737773895264,7.013804912567139,633674
2024-06-11,BHANDARI,6.941029071807861,7.122969150543213,6.941029071807861,7.077484130859375,481942
2024-06-12,BHANDARI,7.122969150543213,8.487523078918457,7.00470781326294,8.260096549987793,12133258
2024-06-13,BHANDARI,8.487523078918457,8.824112892150879,7.8416337966918945,7.959896087646484,4510095
2024-06-14,BHANDARI,8.09635066986084,8.187320709228516,7.459558963775635,7.832537174224853,1868129
2024-06-18,BHANDARI,7.959896087646484,8.09635066986084,7.8416337966918945,7.941701889038086,2719512
2024-06-19,BHANDARI,7.980000019073486,8.300000190734863,7.889999866485596,8.119999885559082,2232370
2024-06-20,BHANDARI,8.100000381469727,8.210000038146973,8.0,8.029999732971191,981958
2024-06-21,BHANDARI,8.039999961853027,8.25,8.029999732971191,8.15999984741211,567842
2024-06-24,BHANDARI,8.210000038146973,8.210000038146973,8.0,8.029999732971191,490829
2024-06-25,BHANDARI,8.020000457763672,8.100000381469727,7.900000095367432,7.949999809265137,788743
2024-06-26,BHANDARI,7.989999771118164,8.0,7.75,7.800000190734863,703977
2024-06-27,BHANDARI,7.559999942779541,7.909999847412109,7.559999942779541,7.710000038146973,817208
2024-06-28,BHANDARI,7.829999923706055,8.199999809265137,7.690000057220459,7.789999961853027,1415649
2024-06-03,BHARATFORG,1649.949951171875,1649.949951171875,1588.9000244140625,1608.25,1873076
2024-06-04,BHARATFORG,1608.25,1614.0,1412.8499755859375,1446.25,3325214
2024-06-05,BHARATFORG,1490.0,1514.949951171875,1406.25,1501.4000244140625,2791709
2024-06-06,BHARATFORG,1515.0,1578.8499755859375,1497.0999755859375,1557.050048828125,1052271
2024-06-07,BHARATFORG,1549.75,1589.9000244140625,1538.699951171875,1583.199951171875,779819
2024-06-10,BHARATFORG,1593.9000244140625,1604.9000244140625,1557.3499755859375,1580.800048828125,2285921
2024-06-11,BHARATFORG,1590.0,1619.449951171875,1584.0,1602.5999755859375,788578
2024-06-12,BHARATFORG,1605.449951171875,1644.949951171875,1605.050048828125,1631.5999755859375,995791
2024-06-13,BHARATFORG,1640.0,1655.0,1623.6500244140625,1636.949951171875,1143028
2024-06-14,BHARATFORG,1639.0,1739.449951171875,1627.0,1717.300048828125,3052519
2024-06-18,BHARATFORG,1720.0,1734.0,1691.5,1696.699951171875,1438259
2024-06-19,BHARATFORG,1720.0,1733.4000244140625,1688.0,1703.4000244140625,3289884
2024-06-20,BHARATFORG,1704.0,1800.699951171875,1697.0,1791.4000244140625,3677708
2024-06-21,BHARATFORG,1804.5,1804.5,1746.5,1752.199951171875,925218
2024-06-24,BHARATFORG,1749.0,1776.300048828125,1734.0,1743.0999755859375,1489126
2024-06-25,BHARATFORG,1752.800048828125,1764.75,1715.4000244140625,1719.449951171875,1133078
2024-06-26,BHARATFORG,1719.0999755859375,1726.800048828125,1674.0,1679.5,2063096
2024-06-27,BHARATFORG,1681.0,1696.449951171875,1674.6500244140625,1680.550048828125,1401014
2024-06-28,BHARATFORG,1685.0,1692.8499755859375,1666.449951171875,1670.3499755859375,1106864
2024-06-03,BHARATGEAR,111.1999969482422,113.8000030517578,107.8000030517578,108.0500030517578,31640
2024-06-04,BHARATGEAR,108.0999984741211,109.9000015258789,96.5,100.3000030517578,80238
2024-06-05,BHARATGEAR,100.8000030517578,105.4499969482422,100.8000030517578,104.8000030517578,21620
2024-06-06,BHARATGEAR,107.3499984741211,108.4499969482422,105.8499984741211,106.3000030517578,24195
2024-06-07,BHARATGEAR,106.5999984741211,108.3000030517578,106.1500015258789,106.9499969482422,29728
2024-06-10,BHARATGEAR,106.5999984741211,110.5999984741211,106.5999984741211,108.68000030517578,44947
2024-06-11,BHARATGEAR,109.01000213623048,111.9000015258789,108.5999984741211,109.58999633789062,27066
2024-06-12,BHARATGEAR,109.0,111.4000015258789,109.0,110.5500030517578,28647
2024-06-13,BHARATGEAR,111.9000015258789,111.9000015258789,109.5199966430664,109.8000030517578,16941
2024-06-14,BHARATGEAR,110.8000030517578,114.98999786376952,109.0999984741211,112.8499984741211,103922
2024-06-18,BHARATGEAR,113.4000015258789,114.9499969482422,112.3499984741211,113.13999938964844,48211
2024-06-19,BHARATGEAR,113.0999984741211,113.6999969482422,110.3000030517578,111.4800033569336,29606
2024-06-20,BHARATGEAR,111.9499969482422,114.25,111.2300033569336,111.7699966430664,50568
2024-06-21,BHARATGEAR,112.5999984741211,112.5999984741211,110.9000015258789,111.54000091552734,16867
2024-06-24,BHARATGEAR,110.5,113.0,110.5,111.86000061035156,27091
2024-06-25,BHARATGEAR,112.0999984741211,113.8000030517578,112.0999984741211,112.43000030517578,42323
2024-06-26,BHARATGEAR,113.0,116.0500030517578,111.01000213623048,111.81999969482422,31804
2024-06-27,BHARATGEAR,111.8000030517578,111.8000030517578,109.0,109.66999816894533,23739
2024-06-28,BHARATGEAR,110.5999984741211,111.0,110.0,110.16000366210938,20561
2024-06-03,BHARATRAS,2700.0,2837.487548828125,2535.387451171875,2562.550048828125,76496
2024-06-04,BHARATRAS,2600.987548828125,2612.5,2325.012451171875,2408.4375,47316
2024-06-05,BHARATRAS,2431.25,2686.949951171875,2431.25,2563.637451171875,69528
2024-06-06,BHARATRAS,2624.375,2725.0,2575.012451171875,2597.875,34864
2024-06-07,BHARATRAS,2636.52490234375,2636.52490234375,2575.262451171875,2607.137451171875,27372
2024-06-10,BHARATRAS,2646.25,2720.0,2582.0,2603.800048828125,19924
2024-06-11,BHARATRAS,2659.987548828125,2659.987548828125,2600.0,2604.824951171875,20380
2024-06-12,BHARATRAS,2643.89990234375,2643.89990234375,2591.6875,2604.362548828125,15204
2024-06-13,BHARATRAS,2606.97509765625,3125.22509765625,2606.97509765625,3125.22509765625,248320
2024-06-14,BHARATRAS,3225.0,3319.22509765625,2951.25,2987.625,253340
2024-06-18,BHARATRAS,3017.5,3124.75,2937.512451171875,2975.83740234375,70608
2024-06-19,BHARATRAS,2987.8125,3032.47509765625,2887.512451171875,2915.58740234375,28060
2024-06-20,BHARATRAS,2908.762451171875,3221.83740234375,2908.75,3088.21240234375,231820
2024-06-21,BHARATRAS,3088.21240234375,3162.324951171875,2952.887451171875,2991.77490234375,61072
2024-06-24,BHARATRAS,2996.77490234375,3049.175048828125,2962.5,2986.550048828125,31840
2024-06-25,BHARATRAS,2968.75,3037.074951171875,2900.262451171875,2923.925048828125,25980
2024-06-26,BHARATRAS,2926.53759765625,3125.074951171875,2915.10009765625,3023.85009765625,62184
2024-06-27,BHARATRAS,3001.53759765625,3012.949951171875,2925.175048828125,2961.574951171875,17976
2024-06-28,BHARATRAS,2962.5,3011.324951171875,2793.762451171875,2905.4375,27332
2024-06-03,BHARATWIRE,278.0,290.8500061035156,276.95001220703125,283.0,341399
2024-06-04,BHARATWIRE,280.1499938964844,280.1499938964844,228.1000061035156,241.6499938964844,591950
2024-06-05,BHARATWIRE,245.25,252.1000061035156,229.0,244.5,260589
2024-06-06,BHARATWIRE,253.8000030517578,270.5,252.0,264.5,252076
2024-06-07,BHARATWIRE,267.0,271.0,264.29998779296875,268.20001220703125,160493
2024-06-10,BHARATWIRE,268.3999938964844,275.0,268.3999938964844,272.29998779296875,139195
2024-06-11,BHARATWIRE,232.3500061035156,279.79998779296875,232.3500061035156,276.6000061035156,922963
2024-06-12,BHARATWIRE,272.5,277.95001220703125,268.29998779296875,272.0,180038
2024-06-13,BHARATWIRE,275.0,276.54998779296875,269.6000061035156,275.1000061035156,177986
2024-06-14,BHARATWIRE,275.1000061035156,281.0,275.1000061035156,280.6000061035156,229980
2024-06-18,BHARATWIRE,280.75,284.0,275.79998779296875,277.70001220703125,167458
2024-06-19,BHARATWIRE,278.0,282.1000061035156,270.0,271.54998779296875,112593
2024-06-20,BHARATWIRE,271.54998779296875,277.0,269.0,271.95001220703125,106550
2024-06-21,BHARATWIRE,273.8500061035156,280.0,267.54998779296875,272.1499938964844,239599
2024-06-24,BHARATWIRE,268.5,271.70001220703125,266.04998779296875,267.04998779296875,281959
2024-06-25,BHARATWIRE,267.5,269.75,263.45001220703125,265.45001220703125,82309
2024-06-26,BHARATWIRE,265.45001220703125,274.45001220703125,263.8500061035156,265.5,243215
2024-06-27,BHARATWIRE,266.6000061035156,271.04998779296875,255.0500030517578,257.75,258893
2024-06-28,BHARATWIRE,260.1499938964844,264.79998779296875,256.1000061035156,257.3500061035156,110855
2024-06-03,BHARTIARTL,1415.300048828125,1420.449951171875,1385.0,1391.0999755859375,6017122
2024-06-04,BHARTIARTL,1391.0999755859375,1397.0,1219.050048828125,1299.699951171875,19924421
2024-06-05,BHARTIARTL,1325.6500244140625,1348.75,1279.8499755859375,1344.3499755859375,12175520
2024-06-06,BHARTIARTL,1359.0,1376.25,1329.0,1370.5999755859375,10279789
2024-06-07,BHARTIARTL,1370.5999755859375,1430.6500244140625,1363.1500244140625,1425.25,12280748
2024-06-10,BHARTIARTL,1421.050048828125,1436.6500244140625,1421.050048828125,1426.050048828125,5318477
2024-06-11,BHARTIARTL,1426.0,1434.5999755859375,1413.0,1427.25,4416792
2024-06-12,BHARTIARTL,1425.0,1447.8499755859375,1422.0999755859375,1438.4000244140625,4876138
2024-06-13,BHARTIARTL,1449.0,1455.949951171875,1420.449951171875,1425.75,7990376
2024-06-14,BHARTIARTL,1434.0,1434.0,1420.949951171875,1427.4000244140625,3978442
2024-06-18,BHARTIARTL,1444.0,1444.0,1418.0,1428.3499755859375,8671131
2024-06-19,BHARTIARTL,1433.949951171875,1434.800048828125,1388.300048828125,1392.3499755859375,8640918
2024-06-20,BHARTIARTL,1405.949951171875,1406.949951171875,1376.25,1381.1500244140625,8742855
2024-06-21,BHARTIARTL,1384.949951171875,1423.949951171875,1372.8499755859375,1416.050048828125,43929578
2024-06-24,BHARTIARTL,1402.0,1423.800048828125,1389.3499755859375,1419.800048828125,6195831
2024-06-25,BHARTIARTL,1434.0,1434.0,1409.8499755859375,1414.949951171875,6353748
2024-06-26,BHARTIARTL,1414.949951171875,1479.949951171875,1408.949951171875,1459.5,9579826
2024-06-27,BHARTIARTL,1464.0,1489.0,1440.050048828125,1475.800048828125,19675528
2024-06-28,BHARTIARTL,1536.25,1536.25,1436.6500244140625,1444.050048828125,29145832
2024-06-03,BHARTIHEXA,1075.0,1089.949951171875,1040.0,1072.9000244140625,555233
2024-06-04,BHARTIHEXA,1061.050048828125,1061.0999755859375,909.4500122070312,960.2000122070312,1477151
2024-06-05,BHARTIHEXA,970.9000244140624,1048.0,936.0499877929688,1020.3499755859376,1704385
2024-06-06,BHARTIHEXA,1022.0999755859376,1066.949951171875,1015.0499877929688,1055.8499755859375,507070
2024-06-07,BHARTIHEXA,1062.6500244140625,1088.6500244140625,1040.0,1071.199951171875,435943
2024-06-10,BHARTIHEXA,1080.0,1119.0,1063.0999755859375,1091.0,502256
2024-06-11,BHARTIHEXA,1099.0,1099.5999755859375,1058.0,1077.550048828125,364656
2024-06-12,BHARTIHEXA,1086.949951171875,1117.949951171875,1078.0,1110.300048828125,980726
2024-06-13,BHARTIHEXA,1114.1500244140625,1118.0,1082.300048828125,1091.300048828125,304749
2024-06-14,BHARTIHEXA,1093.0,1094.0,1063.050048828125,1077.300048828125,346464
2024-06-18,BHARTIHEXA,1083.0,1174.5,1081.5,1154.75,643266
2024-06-19,BHARTIHEXA,1153.9000244140625,1161.9000244140625,1103.800048828125,1148.5999755859375,1060621
2024-06-20,BHARTIHEXA,1150.0,1165.0,1122.1500244140625,1133.25,609306
2024-06-21,BHARTIHEXA,1134.949951171875,1148.0,1085.050048828125,1118.300048828125,488207
2024-06-24,BHARTIHEXA,1113.0,1158.5,1104.5999755859375,1120.300048828125,466281
2024-06-25,BHARTIHEXA,1133.6500244140625,1173.949951171875,1127.0999755859375,1160.8499755859375,535989
2024-06-26,BHARTIHEXA,1167.199951171875,1368.5999755859375,1166.0,1257.1500244140625,3226448
2024-06-27,BHARTIHEXA,1279.800048828125,1279.800048828125,1152.0,1185.4000244140625,2074101
2024-06-28,BHARTIHEXA,1225.0,1242.9000244140625,1091.0,1116.8499755859375,3848210
2024-06-03,BHEL,320.0,321.0,308.1499938964844,311.45001220703125,33744563
2024-06-04,BHEL,311.04998779296875,311.04998779296875,224.0500030517578,246.5500030517578,122751545
2024-06-05,BHEL,255.0,258.20001220703125,225.0,255.3500061035156,59449633
2024-06-06,BHEL,269.8999938964844,292.3500061035156,267.0,277.95001220703125,111330080
2024-06-07,BHEL,279.0,286.0,275.3500061035156,285.5,32634629
2024-06-10,BHEL,288.3999938964844,290.54998779296875,282.75,284.45001220703125,17918606
2024-06-11,BHEL,286.0,296.3500061035156,285.29998779296875,295.20001220703125,29060221
2024-06-12,BHEL,295.5,298.70001220703125,291.1000061035156,295.1499938964844,18978949
2024-06-13,BHEL,297.20001220703125,305.54998779296875,292.3999938964844,303.95001220703125,26007861
2024-06-14,BHEL,305.1499938964844,309.45001220703125,299.79998779296875,305.70001220703125,24901598
2024-06-18,BHEL,308.5,310.6000061035156,303.3500061035156,305.6000061035156,20245612
2024-06-19,BHEL,306.95001220703125,306.95001220703125,296.04998779296875,297.04998779296875,22855416
2024-06-20,BHEL,298.3999938964844,298.3999938964844,291.5,293.3999938964844,26187852
2024-06-21,BHEL,294.0,299.75,291.5,295.04998779296875,22108141
2024-06-24,BHEL,294.0,297.8500061035156,288.5,294.70001220703125,15182677
2024-06-25,BHEL,295.70001220703125,299.8500061035156,292.6499938964844,293.8999938964844,15320510
2024-06-26,BHEL,294.20001220703125,297.54998779296875,293.0,295.75,12663797
2024-06-27,BHEL,295.8500061035156,300.6499938964844,291.79998779296875,296.95001220703125,25624094
2024-06-28,BHEL,306.0,307.8999938964844,300.0,300.8500061035156,32298955
2024-06-03,BIGBLOC,116.1999969482422,121.4749984741211,112.5,113.125,297900
2024-06-04,BIGBLOC,113.125,113.9000015258789,96.9000015258789,103.3000030517578,775672
2024-06-05,BIGBLOC,100.9499969482422,108.4749984741211,100.5,107.4499969482422,244926
2024-06-06,BIGBLOC,107.7249984741211,113.0500030517578,107.7249984741211,112.1500015258789,223206
2024-06-07,BIGBLOC,112.1750030517578,113.0250015258789,109.5749969482422,111.375,254818
2024-06-10,BIGBLOC,113.4499969482422,119.65499877929688,112.44000244140624,117.3499984741211,694444
2024-06-11,BIGBLOC,119.3499984741211,121.23999786376952,117.69499969482422,118.18000030517578,292706
2024-06-12,BIGBLOC,119.0749969482422,120.56500244140624,117.125,118.91000366210938,174552
2024-06-13,BIGBLOC,119.5,119.79499816894533,116.7300033569336,117.65499877929688,163038
2024-06-14,BIGBLOC,118.48999786376952,122.0,117.0,118.62000274658205,388734
2024-06-18,BIGBLOC,122.4499969482422,122.4499969482422,119.6750030517578,120.62000274658205,232520
2024-06-19,BIGBLOC,121.9250030517578,121.9250030517578,116.5199966430664,117.58499908447266,200804
2024-06-20,BIGBLOC,117.5500030517578,119.7750015258789,116.16500091552734,117.58499908447266,131150
2024-06-21,BIGBLOC,118.1999969482422,120.0,116.625,117.33499908447266,130576
2024-06-24,BIGBLOC,118.16999816894533,119.66500091552734,116.0,116.87000274658205,174872
2024-06-25,BIGBLOC,117.4000015258789,118.36000061035156,116.0,116.26499938964844,86338
2024-06-26,BIGBLOC,116.5,117.96499633789062,115.00499725341795,116.8499984741211,160586
2024-06-27,BIGBLOC,116.9000015258789,118.4749984741211,113.5,114.31500244140624,156566
2024-06-28,BIGBLOC,115.0,115.0,112.80500030517578,113.56500244140624,93162
2024-06-03,BIKAJI,605.0,620.0,574.2000122070312,574.9500122070312,891613
2024-06-04,BIKAJI,574.7000122070312,586.0,540.5499877929688,578.5499877929688,748379
2024-06-05,BIKAJI,597.0,636.4000244140625,571.0,636.4000244140625,1687044
2024-06-06,BIKAJI,650.0,661.9500122070312,631.5999755859375,647.9000244140625,1065334
2024-06-07,BIKAJI,650.0,701.9000244140625,648.4000244140625,691.6500244140625,1735067
2024-06-10,BIKAJI,700.0,711.9500122070312,673.2000122070312,677.1500244140625,1012791
2024-06-11,BIKAJI,690.0,724.4000244140625,687.0499877929688,694.9500122070312,1646286
2024-06-12,BIKAJI,700.0,715.0,692.5,704.1500244140625,545216
2024-06-13,BIKAJI,708.75,727.9500122070312,695.0,714.75,711712
2024-06-14,BIKAJI,716.9000244140625,739.4000244140625,708.1500244140625,725.5499877929688,841124
2024-06-18,BIKAJI,736.7999877929688,745.9500122070312,723.1500244140625,731.6500244140625,730114
2024-06-19,BIKAJI,736.0,736.0999755859375,713.2000122070312,724.5,503945
2024-06-20,BIKAJI,724.2999877929688,738.0,716.9500122070312,720.5999755859375,333494
2024-06-21,BIKAJI,740.0,747.0,722.5,728.9000244140625,569421
2024-06-24,BIKAJI,723.0,728.7999877929688,713.0,726.25,257200
2024-06-25,BIKAJI,724.75,735.0,715.0499877929688,720.2000122070312,350328
2024-06-26,BIKAJI,718.9000244140625,735.0,715.0999755859375,729.4000244140625,204078
2024-06-27,BIKAJI,730.0,733.0,717.0,720.75,183243
2024-06-28,BIKAJI,724.7999877929688,725.9000244140625,713.0,715.5999755859375,268804
2024-06-03,BIL,410.0,424.0,406.0,410.5,2400
2024-06-04,BIL,393.0,416.9500122070313,390.1000061035156,390.1000061035156,2458
2024-06-05,BIL,390.1000061035156,404.0,370.6499938964844,399.8500061035156,2865
2024-06-06,BIL,409.9500122070313,409.9500122070313,395.0,402.2000122070313,1583
2024-06-07,BIL,410.0,410.0,388.0,399.0,170
2024-06-10,BIL,405.0,418.9500122070313,405.0,416.7000122070313,3779
2024-06-11,BIL,415.0,425.9500122070313,408.2000122070313,419.2999877929688,1531
2024-06-12,BIL,429.3999938964844,429.3999938964844,410.0,416.3999938964844,2298
2024-06-13,BIL,415.0,437.2000122070313,410.75,437.2000122070313,8845
2024-06-14,BIL,437.2000122070313,459.0,437.2000122070313,446.0,4273
2024-06-18,BIL,425.0,468.2999877929688,425.0,457.6499938964844,11463
2024-06-19,BIL,465.0,465.0,444.6499938964844,450.6499938964844,5944
2024-06-20,BIL,460.0,465.0,448.3999938964844,452.2000122070313,10159
2024-06-21,BIL,465.8500061035156,474.5,455.25,460.1000061035156,5845
2024-06-24,BIL,464.0,468.0,452.0,458.8500061035156,2346
2024-06-25,BIL,475.0,475.0,455.0,466.5,3808
2024-06-26,BIL,474.9500122070313,489.7999877929688,466.0,489.7999877929688,35813
2024-06-27,BIL,507.8999938964844,509.0,466.0,490.0,8991
2024-06-28,BIL,490.0,490.0,466.6000061035156,476.9500122070313,5268
2024-06-03,BILVYAPAR,18.14999961853028,18.14999961853028,16.450000762939453,16.899999618530273,39714
2024-06-04,BILVYAPAR,16.5,17.450000762939453,16.049999237060547,16.299999237060547,23474
2024-06-05,BILVYAPAR,15.5,16.149999618530273,15.5,15.75,6366
2024-06-06,BILVYAPAR,16.0,16.5,15.800000190734863,16.299999237060547,26636
2024-06-07,BILVYAPAR,17.049999237060547,17.100000381469727,15.850000381469728,16.450000762939453,10150
2024-06-10,BILVYAPAR,17.0,17.200000762939453,16.18000030517578,16.489999771118164,17990
2024-06-11,BILVYAPAR,16.5,17.0,16.5,16.670000076293945,12060
2024-06-12,BILVYAPAR,16.670000076293945,17.239999771118164,16.299999237060547,16.420000076293945,14122
2024-06-13,BILVYAPAR,16.219999313354492,16.959999084472656,16.209999084472656,16.559999465942383,11414
2024-06-14,BILVYAPAR,16.229999542236328,16.8700008392334,16.0,16.389999389648438,31034
2024-06-18,BILVYAPAR,15.899999618530272,16.729999542236328,15.899999618530272,16.25,15811
2024-06-19,BILVYAPAR,16.25,16.459999084472656,15.649999618530272,16.139999389648438,10210
2024-06-20,BILVYAPAR,16.459999084472656,16.540000915527344,15.8100004196167,16.020000457763672,7478
2024-06-21,BILVYAPAR,16.479999542236328,16.549999237060547,15.800000190734863,16.06999969482422,29299
2024-06-24,BILVYAPAR,16.06999969482422,16.59000015258789,15.5,16.18000030517578,8531
2024-06-25,BILVYAPAR,16.0,16.440000534057617,15.81999969482422,16.079999923706055,21317
2024-06-26,BILVYAPAR,16.68000030517578,16.68000030517578,15.670000076293944,15.850000381469728,22696
2024-06-27,BILVYAPAR,15.800000190734863,16.149999618530273,15.5,15.630000114440918,27551
2024-06-28,BILVYAPAR,15.399999618530272,16.0,15.350000381469728,15.760000228881836,19064
2024-06-03,BIOCON,314.8999938964844,317.0,307.29998779296875,309.6499938964844,5311869
2024-06-04,BIOCON,310.0,310.0,269.54998779296875,290.8999938964844,17873006
2024-06-05,BIOCON,294.79998779296875,307.3500061035156,288.8999938964844,305.25,8516880
2024-06-06,BIOCON,308.04998779296875,335.75,306.79998779296875,332.75,17874585
2024-06-07,BIOCON,336.0,341.25,331.0,336.0,14591288
2024-06-10,BIOCON,338.0,345.25,336.54998779296875,339.8999938964844,7375334
2024-06-11,BIOCON,342.20001220703125,349.45001220703125,337.3999938964844,344.45001220703125,7100803
2024-06-12,BIOCON,345.95001220703125,345.95001220703125,330.1000061035156,338.8999938964844,5164721
2024-06-13,BIOCON,340.0,342.3999938964844,336.6000061035156,338.1499938964844,2407975
2024-06-14,BIOCON,338.1499938964844,339.70001220703125,334.1499938964844,334.79998779296875,5033189
2024-06-18,BIOCON,330.0,332.54998779296875,326.5,328.3500061035156,6208267
2024-06-19,BIOCON,330.0,339.20001220703125,327.79998779296875,332.25,7310198
2024-06-20,BIOCON,332.25,344.29998779296875,332.0,342.79998779296875,8166456
2024-06-21,BIOCON,345.5,351.0,340.1000061035156,345.70001220703125,9300900
2024-06-24,BIOCON,345.3999938964844,345.3999938964844,337.0,342.20001220703125,4460873
2024-06-25,BIOCON,344.0,345.54998779296875,336.29998779296875,339.25,3221011
2024-06-26,BIOCON,338.1000061035156,353.95001220703125,336.5,352.1499938964844,7782868
2024-06-27,BIOCON,353.6000061035156,353.70001220703125,342.0,346.1499938964844,4933878
2024-06-28,BIOCON,347.8500061035156,354.8999938964844,346.3500061035156,351.1000061035156,5816457
2024-06-03,BIOFILCHEM,63.75,64.44999694824219,61.59999847412109,61.900001525878906,98835
2024-06-04,BIOFILCHEM,62.0,62.0,53.54999923706055,55.84999847412109,153039
2024-06-05,BIOFILCHEM,55.84999847412109,58.70000076293945,54.09999847412109,57.04999923706055,52116
2024-06-06,BIOFILCHEM,61.79999923706055,62.29999923706055,58.150001525878906,60.70000076293945,39565
2024-06-07,BIOFILCHEM,63.5,63.5,59.0,61.34999847412109,41091
2024-06-10,BIOFILCHEM,61.34999847412109,63.59000015258789,60.459999084472656,62.61000061035156,51049
2024-06-11,BIOFILCHEM,64.4000015258789,64.55000305175781,61.52000045776367,63.68000030517578,45814
2024-06-12,BIOFILCHEM,63.68000030517578,63.68000030517578,61.09999847412109,61.70000076293945,88355
2024-06-13,BIOFILCHEM,62.0099983215332,62.90999984741211,62.0,62.41999816894531,22198
2024-06-14,BIOFILCHEM,62.9900016784668,62.9900016784668,60.40999984741211,61.09000015258789,44242
2024-06-18,BIOFILCHEM,62.59999847412109,62.59999847412109,60.04999923706055,61.0099983215332,50946
2024-06-19,BIOFILCHEM,62.0,62.0,60.29999923706055,60.9900016784668,24955
2024-06-20,BIOFILCHEM,61.59999847412109,70.1500015258789,61.02999877929688,67.66000366210938,300605
2024-06-21,BIOFILCHEM,67.66000366210938,70.5999984741211,65.97000122070312,67.11000061035156,155470
2024-06-24,BIOFILCHEM,68.44000244140625,68.44000244140625,65.0,65.80999755859375,40278
2024-06-25,BIOFILCHEM,66.80000305175781,67.58999633789062,63.81999969482422,64.22000122070312,42415
2024-06-26,BIOFILCHEM,65.79000091552734,67.58999633789062,65.01000213623047,65.18000030517578,49777
2024-06-27,BIOFILCHEM,65.5,66.33000183105469,63.5,64.22000122070312,29754
2024-06-28,BIOFILCHEM,64.9800033569336,65.87999725341797,63.650001525878906,64.36000061035156,28112
2024-06-03,BIRLACABLE,238.0,238.0,230.0,231.6999969482422,105593
2024-06-04,BIRLACABLE,232.5,232.75,209.0,213.6499938964844,135723
2024-06-05,BIRLACABLE,214.75,230.9499969482422,209.3000030517578,224.8999938964844,100644
2024-06-06,BIRLACABLE,224.8999938964844,241.75,224.8999938964844,233.6000061035156,227483
2024-06-07,BIRLACABLE,237.1000061035156,242.1999969482422,236.3000030517578,240.1000061035156,98815
2024-06-10,BIRLACABLE,241.1000061035156,250.0,238.0,244.92999267578125,129657
2024-06-11,BIRLACABLE,245.6499938964844,261.3399963378906,245.009994506836,255.1300048828125,404581
2024-06-12,BIRLACABLE,255.3500061035156,262.0,253.52999877929688,254.44000244140625,123594
2024-06-13,BIRLACABLE,254.44000244140625,258.3900146484375,252.9100036621093,254.2700042724609,68376
2024-06-14,BIRLACABLE,253.1999969482422,258.3800048828125,252.0,252.88999938964844,79977
2024-06-18,BIRLACABLE,254.8999938964844,255.009994506836,248.44000244140625,249.2899932861328,83691
2024-06-19,BIRLACABLE,249.0,250.02999877929688,241.9499969482422,243.2400054931641,103590
2024-06-20,BIRLACABLE,243.25,261.0,243.1100006103516,251.5500030517578,161765
2024-06-21,BIRLACABLE,251.5,255.7100067138672,247.0,249.08999633789065,86003
2024-06-24,BIRLACABLE,249.5,255.0,244.0,248.6699981689453,112533
2024-06-25,BIRLACABLE,248.75,253.1199951171875,237.25,244.22000122070312,83956
2024-06-26,BIRLACABLE,244.9499969482422,248.0599975585937,242.3099975585937,243.1499938964844,51745
2024-06-27,BIRLACABLE,243.8999938964844,248.1999969482422,240.4100036621093,241.33999633789065,66910
2024-06-28,BIRLACABLE,242.3999938964844,244.77999877929688,239.1100006103516,241.0399932861328,53540
2024-06-03,BIRLACORPN,1481.949951171875,1495.0,1456.050048828125,1476.300048828125,248860
2024-06-04,BIRLACORPN,1464.8499755859375,1464.9000244140625,1313.25,1374.949951171875,129851
2024-06-05,BIRLACORPN,1410.0,1428.949951171875,1360.0999755859375,1423.550048828125,102666
2024-06-06,BIRLACORPN,1435.0,1458.949951171875,1418.699951171875,1438.0999755859375,113480
2024-06-07,BIRLACORPN,1446.949951171875,1486.949951171875,1435.199951171875,1476.5,131518
2024-06-10,BIRLACORPN,1520.0,1550.949951171875,1498.0,1528.449951171875,357221
2024-06-11,BIRLACORPN,1542.25,1555.449951171875,1504.550048828125,1509.75,118874
2024-06-12,BIRLACORPN,1519.949951171875,1531.949951171875,1497.8499755859375,1527.300048828125,113735
2024-06-13,BIRLACORPN,1540.949951171875,1553.949951171875,1528.0,1549.800048828125,136578
2024-06-14,BIRLACORPN,1560.0,1594.5,1553.300048828125,1574.199951171875,583030
2024-06-18,BIRLACORPN,1589.949951171875,1625.949951171875,1558.0999755859375,1563.050048828125,218557
2024-06-19,BIRLACORPN,1578.0,1579.949951171875,1535.0,1539.9000244140625,91995
2024-06-20,BIRLACORPN,1554.4000244140625,1575.949951171875,1545.050048828125,1572.0,97098
2024-06-21,BIRLACORPN,1575.949951171875,1582.949951171875,1527.199951171875,1536.5,99082
2024-06-24,BIRLACORPN,1539.1500244140625,1546.0,1508.0999755859375,1525.300048828125,64993
2024-06-25,BIRLACORPN,1539.25,1547.949951171875,1526.75,1531.3499755859375,44204
2024-06-26,BIRLACORPN,1531.3499755859375,1619.0,1525.0,1574.449951171875,368391
2024-06-27,BIRLACORPN,1585.6500244140625,1656.9000244140625,1585.0,1599.4000244140625,430012
2024-06-28,BIRLACORPN,1613.6500244140625,1613.949951171875,1582.300048828125,1597.050048828125,95105
2024-06-03,BIRLAMONEY,125.5999984741211,128.75,125.5999984741211,128.75,153303
2024-06-04,BIRLAMONEY,130.5,130.89999389648438,122.3499984741211,122.3499984741211,294334
2024-06-05,BIRLAMONEY,122.3000030517578,128.0,116.25,127.1500015258789,203456
2024-06-06,BIRLAMONEY,127.4000015258789,133.5,127.4000015258789,133.39999389648438,734677
2024-06-07,BIRLAMONEY,138.5,158.39999389648438,138.0,155.64999389648438,4277040
2024-06-10,BIRLAMONEY,158.6999969482422,166.89999389648438,156.0,156.61000061035156,1709190
2024-06-11,BIRLAMONEY,158.0500030517578,170.72000122070312,156.89999389648438,163.86000061035156,1515857
2024-06-12,BIRLAMONEY,166.0,167.80999755859375,160.5800018310547,163.36000061035156,434192
2024-06-13,BIRLAMONEY,164.9499969482422,164.9499969482422,156.52000427246094,159.47999572753906,501480
2024-06-14,BIRLAMONEY,160.39999389648438,163.99000549316406,156.77000427246094,159.61000061035156,354434
2024-06-18,BIRLAMONEY,160.5800018310547,173.2899932861328,156.2100067138672,167.05999755859375,941252
2024-06-19,BIRLAMONEY,167.89999389648438,169.5,162.0,165.3000030517578,328318
2024-06-20,BIRLAMONEY,166.5,183.3999938964844,166.5,173.9499969482422,1380361
2024-06-21,BIRLAMONEY,174.0,175.39999389648438,167.36000061035156,169.82000732421875,320958
2024-06-24,BIRLAMONEY,169.60000610351562,179.64999389648438,165.00999450683594,173.5500030517578,491347
2024-06-25,BIRLAMONEY,174.1999969482422,175.25999450683594,168.19000244140625,169.0,197741
2024-06-26,BIRLAMONEY,169.6999969482422,170.7100067138672,165.10000610351562,166.2899932861328,230603
2024-06-27,BIRLAMONEY,167.6999969482422,171.4199981689453,159.7100067138672,162.24000549316406,318545
2024-06-28,BIRLAMONEY,162.9499969482422,171.1999969482422,161.0500030517578,167.25999450683594,431112
2024-06-03,BIRLANU,2529.0,2600.0,2491.050048828125,2517.25,7830
2024-06-04,BIRLANU,2536.699951171875,2537.050048828125,2345.64990234375,2465.39990234375,18494
2024-06-05,BIRLANU,2487.550048828125,2520.0,2406.050048828125,2492.35009765625,6361
2024-06-06,BIRLANU,2500.0,2555.75,2480.0,2536.300048828125,12183
2024-06-07,BIRLANU,2540.0,2650.0,2528.10009765625,2579.39990234375,16960
2024-06-10,BIRLANU,2600.39990234375,2712.949951171875,2573.25,2679.550048828125,23305
2024-06-11,BIRLANU,2679.550048828125,2759.949951171875,2673.300048828125,2714.39990234375,17009
2024-06-12,BIRLANU,2727.89990234375,2900.0,2710.0,2885.199951171875,54920
2024-06-13,BIRLANU,2900.0,2907.800048828125,2829.10009765625,2864.449951171875,21441
2024-06-14,BIRLANU,2885.0,2937.949951171875,2866.14990234375,2893.60009765625,20444
2024-06-18,BIRLANU,2894.449951171875,2940.0,2870.0,2895.300048828125,9218
2024-06-19,BIRLANU,2914.14990234375,2914.14990234375,2826.5,2859.0,12623
2024-06-20,BIRLANU,2857.5,2954.0,2856.10009765625,2929.300048828125,17922
2024-06-21,BIRLANU,2959.0,3067.699951171875,2936.0,2979.25,47904
2024-06-24,BIRLANU,2979.5,3029.85009765625,2942.0,2966.64990234375,11077
2024-06-25,BIRLANU,2980.0,3000.0,2896.0,2909.89990234375,6487
2024-06-26,BIRLANU,2896.0,2949.64990234375,2850.0,2879.10009765625,12898
2024-06-27,BIRLANU,2879.0,2940.0,2850.0,2881.800048828125,13439
2024-06-28,BIRLANU,2875.0,2899.0,2860.0,2873.25,4095
2024-06-03,BLAL,267.0,280.70001220703125,262.3999938964844,268.25,1042064
2024-06-04,BLAL,265.79998779296875,265.95001220703125,241.4499969482422,241.4499969482422,589907
2024-06-05,BLAL,233.0,240.0,222.3000030517578,234.8500061035156,366419
2024-06-06,BLAL,236.6999969482422,250.6000061035156,236.6999969482422,242.6499938964844,313190
2024-06-07,BLAL,246.0,267.8999938964844,246.0,260.3500061035156,998135
2024-06-10,BLAL,262.3999938964844,279.54998779296875,260.04998779296875,273.20001220703125,826633
2024-06-11,BLAL,271.0,295.6000061035156,271.0,293.6000061035156,4586776
2024-06-12,BLAL,295.0,303.20001220703125,286.79998779296875,294.79998779296875,1147612
2024-06-13,BLAL,297.95001220703125,298.6499938964844,286.29998779296875,287.6000061035156,484171
2024-06-14,BLAL,289.79998779296875,301.70001220703125,285.1000061035156,290.45001220703125,895290
2024-06-18,BLAL,292.70001220703125,306.0,282.6499938964844,299.6499938964844,1444977
2024-06-19,BLAL,301.8500061035156,307.1499938964844,293.0,297.8500061035156,707431
2024-06-20,BLAL,296.1000061035156,300.20001220703125,292.8999938964844,295.79998779296875,351549
2024-06-21,BLAL,297.8999938964844,317.79998779296875,294.1499938964844,302.3500061035156,970908
2024-06-24,BLAL,301.70001220703125,305.0,294.04998779296875,301.0,457676
2024-06-25,BLAL,303.29998779296875,310.0,295.0,305.6499938964844,690377
2024-06-26,BLAL,307.79998779296875,308.70001220703125,300.3999938964844,301.95001220703125,337277
2024-06-27,BLAL,302.75,311.3999938964844,291.0,293.79998779296875,631365
2024-06-28,BLAL,294.95001220703125,299.0,293.0,294.20001220703125,183949
2024-06-03,BLBLIMITED,18.89999961853028,19.0,18.0,18.200000762939453,87158
2024-06-04,BLBLIMITED,17.799999237060547,18.14999961853028,17.299999237060547,17.299999237060547,56206
2024-06-05,BLBLIMITED,16.649999618530273,17.700000762939453,16.450000762939453,16.799999237060547,91210
2024-06-06,BLBLIMITED,17.200000762939453,17.600000381469727,17.0,17.600000381469727,48884
2024-06-07,BLBLIMITED,18.14999961853028,18.450000762939453,17.649999618530273,18.39999961853028,70295
2024-06-10,BLBLIMITED,18.700000762939453,18.700000762939453,17.600000381469727,18.270000457763672,46535
2024-06-11,BLBLIMITED,18.270000457763672,18.450000762939453,18.0,18.020000457763672,70400
2024-06-12,BLBLIMITED,18.39999961853028,18.65999984741211,18.010000228881836,18.489999771118164,66280
2024-06-13,BLBLIMITED,18.700000762939453,18.700000762939453,18.0,18.32999992370605,33799
2024-06-14,BLBLIMITED,18.39999961853028,19.0,18.0,18.690000534057617,105275
2024-06-18,BLBLIMITED,18.690000534057617,18.690000534057617,18.13999938964844,18.38999938964844,55640
2024-06-19,BLBLIMITED,18.57999992370605,19.0,17.700000762939453,18.84000015258789,146684
2024-06-20,BLBLIMITED,18.84000015258789,18.84000015258789,18.200000762939453,18.239999771118164,34009
2024-06-21,BLBLIMITED,18.239999771118164,18.600000381469727,18.100000381469727,18.270000457763672,34018
2024-06-24,BLBLIMITED,18.57999992370605,19.0,17.719999313354492,18.59000015258789,38471
2024-06-25,BLBLIMITED,18.59000015258789,18.700000762939453,18.1200008392334,18.209999084472656,29225
2024-06-26,BLBLIMITED,18.14999961853028,18.739999771118164,18.14999961853028,18.31999969482422,67026
2024-06-27,BLBLIMITED,18.100000381469727,18.690000534057617,17.510000228881836,18.489999771118164,72842
2024-06-28,BLBLIMITED,18.459999084472656,18.600000381469727,17.850000381469727,18.440000534057617,57483
2024-06-03,BLISSGVS,105.0999984741211,105.1500015258789,100.0,100.6999969482422,277855
2024-06-04,BLISSGVS,100.5,101.3499984741211,92.1500015258789,97.6500015258789,338520
2024-06-05,BLISSGVS,99.9499969482422,103.5,96.9000015258789,102.0999984741211,281540
2024-06-06,BLISSGVS,102.1500015258789,104.1999969482422,100.6999969482422,101.0500030517578,297137
2024-06-07,BLISSGVS,101.75,106.1999969482422,101.75,105.1999969482422,299193
2024-06-10,BLISSGVS,106.83999633789062,108.1999969482422,105.0,106.62999725341795,250722
2024-06-11,BLISSGVS,106.6500015258789,106.66000366210938,104.8000030517578,105.37000274658205,172223
2024-06-12,BLISSGVS,105.5,106.81999969482422,103.0,104.44000244140624,321864
2024-06-13,BLISSGVS,104.9000015258789,106.5,103.31999969482422,105.37000274658205,404024
2024-06-14,BLISSGVS,105.75,108.4000015258789,104.9499969482422,105.8499984741211,407985
2024-06-18,BLISSGVS,106.4000015258789,106.88999938964844,102.8499984741211,103.70999908447266,645648
2024-06-19,BLISSGVS,103.88999938964844,104.18000030517578,101.58000183105467,102.1500015258789,361745
2024-06-20,BLISSGVS,102.73999786376952,105.25,101.5199966430664,103.02999877929688,306914
2024-06-21,BLISSGVS,103.02999877929688,106.3000030517578,102.5,103.87000274658205,547617
2024-06-24,BLISSGVS,104.0999984741211,104.73999786376952,102.8000030517578,103.95999908447266,310439
2024-06-25,BLISSGVS,104.0,104.97000122070312,103.1999969482422,103.48999786376952,160559
2024-06-26,BLISSGVS,103.5,103.87999725341795,102.5500030517578,102.83999633789062,189836
2024-06-27,BLISSGVS,102.06999969482422,103.58999633789062,101.0999984741211,101.94000244140624,166568
2024-06-28,BLISSGVS,102.5,102.79000091552734,101.01000213623048,101.5199966430664,257996
2024-06-03,BLKASHYAP,69.94999694824219,77.5,68.05000305175781,74.30000305175781,7037280
2024-06-04,BLKASHYAP,76.30000305175781,76.3499984741211,63.400001525878906,68.05000305175781,4600516
2024-06-05,BLKASHYAP,68.05000305175781,74.4000015258789,65.19999694824219,71.9000015258789,2723252
2024-06-06,BLKASHYAP,73.44999694824219,81.6500015258789,73.4000015258789,80.19999694824219,7395717
2024-06-07,BLKASHYAP,81.0,84.0,78.5,82.94999694824219,6180276
2024-06-10,BLKASHYAP,84.19999694824219,88.7699966430664,82.83000183105469,86.52999877929688,5302598
2024-06-11,BLKASHYAP,87.55000305175781,93.6999969482422,87.3499984741211,90.97000122070312,6951479
2024-06-12,BLKASHYAP,94.75,94.75,88.94999694824219,89.26000213623047,9407610
2024-06-13,BLKASHYAP,89.93000030517578,92.0,88.9000015258789,89.75,3040446
2024-06-14,BLKASHYAP,90.0,90.79000091552734,88.9000015258789,89.47000122070312,1937801
2024-06-18,BLKASHYAP,90.0,90.5,88.75,89.25,1819117
2024-06-19,BLKASHYAP,89.3499984741211,96.0,88.9000015258789,93.29000091552734,6156319
2024-06-20,BLKASHYAP,93.9000015258789,97.12000274658205,91.31999969482422,93.95999908447266,3232739
2024-06-21,BLKASHYAP,93.70999908447266,94.5999984741211,90.36000061035156,91.77999877929688,1524294
2024-06-24,BLKASHYAP,90.0999984741211,98.8000030517578,90.01000213623047,95.51000213623048,3023232
2024-06-25,BLKASHYAP,95.98999786376952,96.51000213623048,93.61000061035156,94.33999633789062,1335058
2024-06-26,BLKASHYAP,93.5,95.9000015258789,92.0999984741211,93.27999877929688,1122073
2024-06-27,BLKASHYAP,93.4000015258789,94.5,89.5,91.1999969482422,1212611
2024-06-28,BLKASHYAP,91.75,91.87999725341795,89.58000183105469,90.19000244140624,732917
2024-06-03,BLS,326.0,335.0,316.25,317.95001220703125,1699597
2024-06-04,BLS,319.75,319.75,277.95001220703125,292.5,2537909
2024-06-05,BLS,290.0,305.0,285.70001220703125,302.6499938964844,2701594
2024-06-06,BLS,306.25,317.0,304.0,310.3999938964844,1417235
2024-06-07,BLS,314.79998779296875,321.0,310.29998779296875,318.1499938964844,1682947
2024-06-10,BLS,318.1499938964844,324.8999938964844,317.54998779296875,321.1499938964844,1420150
2024-06-11,BLS,321.1499938964844,334.0,320.95001220703125,328.70001220703125,3010752
2024-06-12,BLS,332.0,346.45001220703125,324.5,344.0,8640506
2024-06-13,BLS,347.8999938964844,353.1499938964844,344.0,350.8999938964844,3796164
2024-06-14,BLS,351.04998779296875,353.0,344.04998779296875,348.8999938964844,2466413
2024-06-18,BLS,352.3999938964844,360.75,347.25,358.54998779296875,6698930
2024-06-19,BLS,362.1000061035156,371.0,358.0,367.8999938964844,5324668
2024-06-20,BLS,369.0,370.0,361.8999938964844,366.75,2357198
2024-06-21,BLS,364.9500122070313,365.75,355.6000061035156,360.8999938964844,3155554
2024-06-24,BLS,355.0,359.25,351.0,353.20001220703125,1080621
2024-06-25,BLS,352.6499938964844,357.5,350.0,352.3500061035156,796463
2024-06-26,BLS,351.3999938964844,364.7999877929688,350.0,363.5,4248513
2024-06-27,BLS,363.5,368.75,352.79998779296875,359.75,2710420
2024-06-28,BLS,360.25,361.1000061035156,348.70001220703125,350.6000061035156,761068
2024-06-03,BLSE,280.0,280.0,251.1000061035156,253.1999969482422,402334
2024-06-04,BLSE,253.1999969482422,253.6999969482422,221.25,234.0500030517578,682821
2024-06-05,BLSE,240.0,244.9499969482422,223.5500030517578,242.1999969482422,369541
2024-06-06,BLSE,244.8000030517578,251.6999969482422,243.8500061035156,250.6999969482422,189590
2024-06-07,BLSE,252.6499938964844,258.5,249.4499969482422,256.70001220703125,219106
2024-06-10,BLSE,256.95001220703125,260.0,254.0599975585937,256.32000732421875,235804
2024-06-11,BLSE,254.25,270.0,254.0,262.70001220703125,390577
2024-06-12,BLSE,265.6499938964844,267.7699890136719,260.1499938964844,265.2799987792969,290968
2024-06-13,BLSE,268.5899963378906,271.0,263.5599975585937,268.8099975585937,327744
2024-06-14,BLSE,270.0,272.0,263.29998779296875,264.5400085449219,189165
2024-06-18,BLSE,273.5,291.0,272.0,283.0199890136719,2112555
2024-06-19,BLSE,285.20001220703125,290.79998779296875,276.1000061035156,278.94000244140625,1045828
2024-06-20,BLSE,276.04998779296875,281.54998779296875,271.0,271.9700012207031,296722
2024-06-21,BLSE,272.04998779296875,276.79998779296875,265.82000732421875,269.510009765625,384740
2024-06-24,BLSE,269.45001220703125,269.45001220703125,263.1000061035156,267.0299987792969,162362
2024-06-25,BLSE,267.5,270.3699951171875,256.79998779296875,259.07000732421875,216398
2024-06-26,BLSE,261.0,265.5199890136719,254.25,255.9900054931641,1519737
2024-06-27,BLSE,257.20001220703125,259.9200134277344,249.0,253.1499938964844,354598
2024-06-28,BLSE,255.1499938964844,255.8500061035156,249.0,251.58999633789065,315429
2024-06-03,BLUECOAST,8.800000190734863,8.800000190734863,8.800000190734863,8.800000190734863,0
2024-06-04,BLUECOAST,8.800000190734863,8.800000190734863,8.800000190734863,8.800000190734863,0
2024-06-05,BLUECOAST,8.800000190734863,8.800000190734863,8.800000190734863,8.800000190734863,0
2024-06-06,BLUECOAST,8.800000190734863,8.800000190734863,8.800000190734863,8.800000190734863,0
2024-06-07,BLUECOAST,8.800000190734863,8.800000190734863,8.800000190734863,8.800000190734863,0
2024-06-10,BLUECOAST,8.359999656677246,9.239999771118164,8.359999656677246,9.239999771118164,5500
2024-06-11,BLUECOAST,9.239999771118164,9.239999771118164,9.239999771118164,9.239999771118164,0
2024-06-12,BLUECOAST,9.239999771118164,9.239999771118164,9.239999771118164,9.239999771118164,0
2024-06-13,BLUECOAST,9.239999771118164,9.239999771118164,9.239999771118164,9.239999771118164,0
2024-06-14,BLUECOAST,9.239999771118164,9.239999771118164,9.239999771118164,9.239999771118164,0
2024-06-18,BLUECOAST,9.239999771118164,9.239999771118164,9.239999771118164,9.239999771118164,501
2024-06-19,BLUECOAST,9.239999771118164,9.239999771118164,9.239999771118164,9.239999771118164,0
2024-06-20,BLUECOAST,9.239999771118164,9.239999771118164,9.239999771118164,9.239999771118164,0
2024-06-21,BLUECOAST,9.239999771118164,9.239999771118164,9.239999771118164,9.239999771118164,0
2024-06-24,BLUECOAST,9.239999771118164,9.699999809265137,9.239999771118164,9.699999809265137,1128
2024-06-25,BLUECOAST,9.699999809265137,9.699999809265137,9.699999809265137,9.699999809265137,0
2024-06-26,BLUECOAST,9.699999809265137,9.699999809265137,9.699999809265137,9.699999809265137,0
2024-06-27,BLUECOAST,9.699999809265137,9.699999809265137,9.699999809265137,9.699999809265137,0
2024-06-28,BLUECOAST,9.699999809265137,9.699999809265137,9.699999809265137,9.699999809265137,0
2024-06-03,BLUEDART,7349.0,7349.0,7180.0,7235.14990234375,7243
2024-06-04,BLUEDART,7298.0,7298.0,6681.60009765625,6902.2998046875,62117
2024-06-05,BLUEDART,6902.2998046875,7175.85009765625,6831.0498046875,7104.7001953125,12660
2024-06-06,BLUEDART,7104.7998046875,7300.0,7057.5498046875,7265.5,7691
2024-06-07,BLUEDART,7203.75,7400.0,7203.75,7386.85009765625,5267
2024-06-10,BLUEDART,7450.0,7875.0,7402.5498046875,7684.5,125982
2024-06-11,BLUEDART,7675.0498046875,7935.0,7653.85009765625,7803.9501953125,32217
2024-06-12,BLUEDART,7803.0,7871.9501953125,7749.25,7806.5498046875,11312
2024-06-13,BLUEDART,7900.0,8179.7998046875,7810.0,8095.5,41138
2024-06-14,BLUEDART,8125.0,8135.9501953125,7905.0,7938.5498046875,17246
2024-06-18,BLUEDART,8057.64990234375,8057.64990234375,7901.4501953125,8000.7001953125,12352
2024-06-19,BLUEDART,8000.7001953125,8000.7001953125,7822.25,7878.7998046875,8790
2024-06-20,BLUEDART,7974.9501953125,7975.0498046875,7677.0,7722.9501953125,12665
2024-06-21,BLUEDART,7799.0,7975.0498046875,7671.14990234375,7728.25,20003
2024-06-24,BLUEDART,7730.0,7799.0,7662.7001953125,7700.64990234375,5684
2024-06-25,BLUEDART,7725.64990234375,7768.2998046875,7645.0,7662.5,3489
2024-06-26,BLUEDART,7670.25,7888.75,7641.25,7783.14990234375,9402
2024-06-27,BLUEDART,7715.0,7940.0,7715.0,7836.4501953125,9594
2024-06-28,BLUEDART,7900.0,8012.89990234375,7837.0,7971.4501953125,18430
2024-06-03,BLUEJET,384.9500122070313,391.0,381.7000122070313,386.2000122070313,144755
2024-06-04,BLUEJET,389.0,389.0,347.6000061035156,357.3999938964844,110291
2024-06-05,BLUEJET,362.3500061035156,375.1000061035156,355.25,368.6000061035156,107028
2024-06-06,BLUEJET,369.0,377.3999938964844,364.8500061035156,372.7999877929688,72186
2024-06-07,BLUEJET,373.2999877929688,388.0,370.0,385.3500061035156,112702
2024-06-10,BLUEJET,391.3500061035156,391.3500061035156,383.0,385.25,80773
2024-06-11,BLUEJET,386.0,393.2000122070313,374.1000061035156,376.2000122070313,130127
2024-06-12,BLUEJET,382.0,398.2000122070313,377.1499938964844,385.1499938964844,194100
2024-06-13,BLUEJET,385.2000122070313,399.6499938964844,385.2000122070313,391.9500122070313,183268
2024-06-14,BLUEJET,395.0,401.0,388.7999877929688,391.9500122070313,107989
2024-06-18,BLUEJET,385.3500061035156,397.0,385.3500061035156,393.2000122070313,77485
2024-06-19,BLUEJET,391.5,411.0,386.2999877929688,398.7000122070313,204892
2024-06-20,BLUEJET,405.0,431.0,399.0499877929688,424.7999877929688,829156
2024-06-21,BLUEJET,435.0,442.7999877929688,421.0,424.5,342633
2024-06-24,BLUEJET,416.0,420.75,405.1499938964844,414.1499938964844,170691
2024-06-25,BLUEJET,416.0,418.8500061035156,406.0,407.7000122070313,53404
2024-06-26,BLUEJET,409.5,423.75,405.25,416.6000061035156,148171
2024-06-27,BLUEJET,420.0,420.0,390.3999938964844,398.3999938964844,119955
2024-06-28,BLUEJET,396.5,407.0,394.5,404.0,122408
2024-06-03,BLUESTARCO,1625.0,1635.0,1585.0,1599.8499755859375,196396
2024-06-04,BLUESTARCO,1580.0,1689.550048828125,1489.050048828125,1601.6500244140625,1098138
2024-06-05,BLUESTARCO,1610.0,1612.4000244140625,1514.0,1533.699951171875,383187
2024-06-06,BLUESTARCO,1550.0,1579.699951171875,1520.0,1525.199951171875,375476
2024-06-07,BLUESTARCO,1550.0,1586.75,1522.050048828125,1565.9000244140625,284657
2024-06-10,BLUESTARCO,1575.0,1614.0,1573.5999755859375,1595.9000244140625,245868
2024-06-11,BLUESTARCO,1604.800048828125,1651.050048828125,1603.0,1643.25,450052
2024-06-12,BLUESTARCO,1662.699951171875,1686.699951171875,1649.949951171875,1681.1500244140625,556101
2024-06-13,BLUESTARCO,1694.8499755859375,1698.4000244140625,1642.0999755859375,1687.800048828125,348579
2024-06-14,BLUESTARCO,1691.0,1759.800048828125,1691.0,1736.3499755859375,592090
2024-06-18,BLUESTARCO,1742.0,1797.949951171875,1725.0,1730.5999755859375,351318
2024-06-19,BLUESTARCO,1739.0,1753.6500244140625,1692.550048828125,1705.949951171875,166698
2024-06-20,BLUESTARCO,1706.4000244140625,1709.5,1655.0,1668.4000244140625,233370
2024-06-21,BLUESTARCO,1675.0,1697.5999755859375,1661.550048828125,1687.9000244140625,146496
2024-06-24,BLUESTARCO,1687.800048828125,1725.0,1653.300048828125,1693.8499755859375,187257
2024-06-25,BLUESTARCO,1695.0,1724.699951171875,1666.0999755859375,1674.449951171875,153029
2024-06-26,BLUESTARCO,1681.699951171875,1695.949951171875,1646.0999755859375,1652.300048828125,198854
2024-06-27,BLUESTARCO,1654.9000244140625,1700.0,1634.949951171875,1640.6500244140625,204398
2024-06-28,BLUESTARCO,1653.5,1663.949951171875,1625.0,1634.550048828125,143283
2024-06-03,BODALCHEM,73.5,73.5,70.5,71.0999984741211,381896
2024-06-04,BODALCHEM,71.1500015258789,71.8499984741211,65.80000305175781,67.4000015258789,555594
2024-06-05,BODALCHEM,68.75,70.30000305175781,66.0999984741211,69.94999694824219,233545
2024-06-06,BODALCHEM,70.19999694824219,73.94999694824219,70.19999694824219,71.3499984741211,515055
2024-06-07,BODALCHEM,71.9000015258789,73.1500015258789,71.4000015258789,72.3499984741211,274366
2024-06-10,BODALCHEM,72.9000015258789,74.73999786376953,72.80000305175781,73.73999786376953,501043
2024-06-11,BODALCHEM,74.1500015258789,75.88999938964844,73.69999694824219,74.93000030517578,525397
2024-06-12,BODALCHEM,75.5,75.9000015258789,74.05000305175781,74.31999969482422,429100
2024-06-13,BODALCHEM,74.5999984741211,79.25,74.5,77.75,1782899
2024-06-14,BODALCHEM,78.44000244140625,79.5,77.0999984741211,77.97000122070312,772222
2024-06-18,BODALCHEM,78.3499984741211,78.38999938964844,75.94999694824219,76.33000183105469,483260
2024-06-19,BODALCHEM,76.73999786376953,79.5,76.5,77.23999786376953,1197032
2024-06-20,BODALCHEM,77.25,82.05000305175781,77.25,81.27999877929688,3583520
2024-06-21,BODALCHEM,82.0,82.8499984741211,79.5,79.87999725341797,1183729
2024-06-24,BODALCHEM,79.41000366210938,80.44999694824219,78.29000091552734,79.29000091552734,519176
2024-06-25,BODALCHEM,79.29000091552734,81.38999938964844,78.9000015258789,79.16000366210938,510812
2024-06-26,BODALCHEM,78.9000015258789,82.55000305175781,78.48999786376953,80.13999938964844,1224311
2024-06-27,BODALCHEM,79.47000122070312,80.5,77.05000305175781,77.68000030517578,511626
2024-06-28,BODALCHEM,78.13999938964844,78.5999984741211,76.77999877929688,77.0999984741211,374243
2024-06-03,BOHRAIND,19.299999237060547,19.299999237060547,17.700000762939453,17.799999237060547,29873
2024-06-04,BOHRAIND,17.799999237060547,17.799999237060547,17.799999237060547,17.799999237060547,0
2024-06-05,BOHRAIND,17.799999237060547,17.799999237060547,17.799999237060547,17.799999237060547,0
2024-06-06,BOHRAIND,17.799999237060547,17.799999237060547,17.799999237060547,17.799999237060547,0
2024-06-07,BOHRAIND,17.799999237060547,17.799999237060547,17.799999237060547,17.799999237060547,0
2024-06-10,BOHRAIND,17.0,17.0,16.90999984741211,16.90999984741211,49760
2024-06-11,BOHRAIND,16.90999984741211,16.90999984741211,16.90999984741211,16.90999984741211,0
2024-06-12,BOHRAIND,16.90999984741211,16.90999984741211,16.90999984741211,16.90999984741211,0
2024-06-13,BOHRAIND,16.90999984741211,16.90999984741211,16.90999984741211,16.90999984741211,0
2024-06-14,BOHRAIND,16.90999984741211,16.90999984741211,16.90999984741211,16.90999984741211,0
2024-06-18,BOHRAIND,16.059999465942383,17.75,16.059999465942383,17.56999969482422,65649
2024-06-19,BOHRAIND,17.56999969482422,17.56999969482422,17.56999969482422,17.56999969482422,0
2024-06-20,BOHRAIND,17.56999969482422,17.56999969482422,17.56999969482422,17.56999969482422,0
2024-06-21,BOHRAIND,17.56999969482422,17.56999969482422,17.56999969482422,17.56999969482422,0
2024-06-24,BOHRAIND,16.690000534057617,17.549999237060547,16.690000534057617,16.690000534057617,52141
2024-06-25,BOHRAIND,16.690000534057617,16.690000534057617,16.690000534057617,16.690000534057617,0
2024-06-26,BOHRAIND,16.690000534057617,16.690000534057617,16.690000534057617,16.690000534057617,0
2024-06-27,BOHRAIND,16.690000534057617,16.690000534057617,16.690000534057617,16.690000534057617,0
2024-06-28,BOHRAIND,16.690000534057617,16.690000534057617,16.690000534057617,16.690000534057617,0
2024-06-03,BOMDYEING,171.0,171.85000610351562,165.39999389648438,166.9499969482422,1127600
2024-06-04,BOMDYEING,165.25,165.6999969482422,134.10000610351562,147.39999389648438,3456705
2024-06-05,BOMDYEING,151.9499969482422,159.39999389648438,143.75,154.3000030517578,2979382
2024-06-06,BOMDYEING,154.35000610351562,164.8000030517578,154.35000610351562,163.14999389648438,2154476
2024-06-07,BOMDYEING,164.0500030517578,168.89999389648438,162.3000030517578,167.35000610351562,1264574
2024-06-10,BOMDYEING,167.35000610351562,168.75,163.60000610351562,164.1699981689453,1089057
2024-06-11,BOMDYEING,164.8000030517578,171.30999755859375,164.5,167.5800018310547,2051499
2024-06-12,BOMDYEING,167.89999389648438,173.89999389648438,167.60000610351562,172.99000549316406,1801661
2024-06-13,BOMDYEING,174.5,179.39999389648438,172.61000061035156,178.3699951171875,4297320
2024-06-14,BOMDYEING,179.39999389648438,182.5,177.0,177.77000427246094,3458945
2024-06-18,BOMDYEING,178.5,179.10000610351562,174.25999450683594,174.75999450683594,1185921
2024-06-19,BOMDYEING,175.39999389648438,175.8000030517578,170.00999450683594,171.3000030517578,1993882
2024-06-20,BOMDYEING,171.60000610351562,183.6000061035156,170.3000030517578,177.22999572753906,4168192
2024-06-21,BOMDYEING,177.8000030517578,189.0,177.7899932861328,181.22000122070312,6042157
2024-06-24,BOMDYEING,179.38999938964844,207.0399932861328,176.60000610351562,198.2700042724609,24988290
2024-06-25,BOMDYEING,199.1000061035156,204.8000030517578,196.1199951171875,200.17999267578125,6556090
2024-06-26,BOMDYEING,201.0,205.1999969482422,196.3500061035156,201.52999877929688,5193040
2024-06-27,BOMDYEING,201.5,212.1300048828125,198.3699951171875,202.5399932861328,12531987
2024-06-28,BOMDYEING,204.0,214.5,201.1000061035156,211.0200042724609,11573812
2024-06-03,BOROLTD,321.0,321.8999938964844,309.75,316.6499938964844,200634
2024-06-04,BOROLTD,317.8999938964844,319.0,285.25,300.29998779296875,284362
2024-06-05,BOROLTD,301.70001220703125,322.45001220703125,297.0,319.8999938964844,164256
2024-06-06,BOROLTD,321.79998779296875,331.0,321.5,323.75,128864
2024-06-07,BOROLTD,310.0,329.0,304.5,325.25,572175
2024-06-10,BOROLTD,328.20001220703125,330.8999938964844,321.0,323.04998779296875,175942
2024-06-11,BOROLTD,324.0,324.6499938964844,313.5,314.1499938964844,214601
2024-06-12,BOROLTD,313.8999938964844,323.6000061035156,312.1000061035156,320.45001220703125,220970
2024-06-13,BOROLTD,324.0,336.3500061035156,322.1499938964844,327.70001220703125,467958
2024-06-14,BOROLTD,329.20001220703125,331.8999938964844,322.29998779296875,324.3500061035156,130850
2024-06-18,BOROLTD,339.0,349.0,334.5,344.04998779296875,726310
2024-06-19,BOROLTD,345.1000061035156,348.0,338.20001220703125,344.3500061035156,246010
2024-06-20,BOROLTD,345.0,349.0,341.29998779296875,343.1499938964844,169090
2024-06-21,BOROLTD,344.8999938964844,348.0,339.0,340.79998779296875,144740
2024-06-24,BOROLTD,340.45001220703125,347.8999938964844,340.0,344.8999938964844,152940
2024-06-25,BOROLTD,355.0,367.8999938964844,342.3999938964844,346.29998779296875,959203
2024-06-26,BOROLTD,346.29998779296875,352.29998779296875,333.0,336.04998779296875,349137
2024-06-27,BOROLTD,337.8999938964844,337.8999938964844,322.1499938964844,324.8500061035156,457585
2024-06-28,BOROLTD,324.8500061035156,334.0,311.54998779296875,327.45001220703125,1008288
2024-06-03,BORORENEW,485.0,494.0499877929688,480.1000061035156,482.0,483471
2024-06-04,BORORENEW,488.0,488.1499938964844,428.4500122070313,443.9500122070313,759868
2024-06-05,BORORENEW,453.9500122070313,467.75,430.0499877929688,464.0,374424
2024-06-06,BORORENEW,468.4500122070313,481.25,467.5499877929688,475.8999938964844,272272
2024-06-07,BORORENEW,499.0,499.0,481.0,492.1000061035156,510854
2024-06-10,BORORENEW,497.0,502.0,490.0,491.75,385917
2024-06-11,BORORENEW,489.5,493.7999877929688,487.4500122070313,488.8500061035156,191254
2024-06-12,BORORENEW,487.5,507.0,487.5,498.7999877929688,464015
2024-06-13,BORORENEW,503.0,514.0,497.4500122070313,506.0499877929688,1085414
2024-06-14,BORORENEW,507.4500122070313,508.0,499.0,500.1000061035156,275338
2024-06-18,BORORENEW,502.3999938964844,504.0,496.0,497.1000061035156,292505
2024-06-19,BORORENEW,497.5499877929688,499.9500122070313,488.0499877929688,491.0,233250
2024-06-20,BORORENEW,486.0,499.3999938964844,486.0,493.6499938964844,254886
2024-06-21,BORORENEW,494.75,498.6000061035156,488.2000122070313,490.4500122070313,203441
2024-06-24,BORORENEW,490.3999938964844,513.6500244140625,490.3999938964844,507.0,1134547
2024-06-25,BORORENEW,512.0,535.0,511.0499877929688,518.7000122070312,3571140
2024-06-26,BORORENEW,520.9500122070312,523.8499755859375,510.0,513.2000122070312,649955
2024-06-27,BORORENEW,514.0999755859375,518.4500122070312,500.2000122070313,502.0499877929688,403139
2024-06-28,BORORENEW,504.7000122070313,513.9000244140625,502.1000061035156,504.0,313809
2024-06-07,BOROSCI,164.9499969482422,173.14999389648438,156.6999969482422,156.6999969482422,331620
2024-06-10,BOROSCI,148.89999389648438,148.89999389648438,148.89999389648438,148.89999389648438,53697
2024-06-11,BOROSCI,141.4499969482422,156.3000030517578,141.4499969482422,152.64999389648438,1149814
2024-06-12,BOROSCI,145.0500030517578,151.9499969482422,145.0500030517578,145.35000610351562,560092
2024-06-13,BOROSCI,147.0,148.89999389648438,138.10000610351562,140.0500030517578,438742
2024-06-14,BOROSCI,140.0500030517578,146.39999389648438,138.0,144.6999969482422,202301
2024-06-18,BOROSCI,148.4499969482422,151.0,146.0,150.39999389648438,218278
2024-06-19,BOROSCI,150.39999389648438,157.89999389648438,150.0500030517578,157.89999389648438,267561
2024-06-20,BOROSCI,156.89999389648438,165.75,156.35000610351562,165.6999969482422,508490
2024-06-21,BOROSCI,165.4499969482422,172.6999969482422,164.1999969482422,166.85000610351562,356558
2024-06-24,BOROSCI,175.0,182.8000030517578,167.8000030517578,173.0500030517578,790610
2024-06-25,BOROSCI,177.0,207.6499938964844,173.5,196.6999969482422,3106317
2024-06-26,BOROSCI,197.0,221.8000030517578,193.25,212.8500061035156,2462214
2024-06-27,BOROSCI,211.5,224.8000030517578,210.5500030517578,213.1999969482422,1230123
2024-06-28,BOROSCI,217.0,219.8999938964844,210.0,213.9499969482422,313820
2024-06-03,BOSCH-HCIL,1900.0,1917.5999755859373,1740.3499755859375,1815.449951171875,136215
2024-06-04,BOSCH-HCIL,1800.0,1800.0,1633.9000244140625,1718.3499755859375,161650
2024-06-05,BOSCH-HCIL,1710.0,1890.1500244140625,1640.199951171875,1822.800048828125,155312
2024-06-06,BOSCH-HCIL,1868.0,1978.0,1825.050048828125,1911.0999755859373,189825
2024-06-07,BOSCH-HCIL,1914.699951171875,1939.4000244140625,1880.0,1912.699951171875,63698
2024-06-10,BOSCH-HCIL,1919.0,1942.800048828125,1835.0999755859373,1859.949951171875,69500
2024-06-11,BOSCH-HCIL,1868.8499755859373,1920.050048828125,1847.1500244140625,1860.6500244140625,49337
2024-06-12,BOSCH-HCIL,1895.0,1895.0,1823.699951171875,1860.9000244140625,45698
2024-06-13,BOSCH-HCIL,1875.0,1882.0,1810.0,1823.050048828125,57989
2024-06-14,BOSCH-HCIL,1834.050048828125,1924.949951171875,1826.0,1903.0999755859373,84986
2024-06-18,BOSCH-HCIL,1919.9000244140625,1924.449951171875,1830.0,1845.1500244140625,97414
2024-06-19,BOSCH-HCIL,1855.5,1855.5,1804.0,1824.050048828125,49630
2024-06-20,BOSCH-HCIL,1823.9000244140625,1839.949951171875,1806.0,1817.199951171875,34239
2024-06-21,BOSCH-HCIL,1820.699951171875,1904.0,1820.699951171875,1834.5999755859373,62690
2024-06-24,BOSCH-HCIL,1834.5999755859373,1867.550048828125,1800.0,1820.3499755859373,67446
2024-06-25,BOSCH-HCIL,1824.949951171875,1918.0,1824.949951171875,1870.8499755859373,73644
2024-06-26,BOSCH-HCIL,1870.050048828125,2057.89990234375,1850.050048828125,1987.449951171875,227912
2024-06-27,BOSCH-HCIL,2007.050048828125,2044.9000244140625,1950.0,1957.9000244140625,92840
2024-06-28,BOSCH-HCIL,1970.699951171875,2000.0,1900.0,1974.4000244140625,61845
2024-06-03,BOSCHLTD,30555.0,30694.349609375,29865.75,29989.349609375,44990
2024-06-04,BOSCHLTD,30300.0,30351.30078125,27500.0,29548.25,72953
2024-06-05,BOSCHLTD,29748.0,31143.94921875,29315.80078125,30867.05078125,49866
2024-06-06,BOSCHLTD,30849.94921875,31168.75,30494.75,30651.69921875,20538
2024-06-07,BOSCHLTD,30510.0,31000.0,30510.0,30596.599609375,19067
2024-06-10,BOSCHLTD,30599.94921875,30929.94921875,30563.80078125,30764.75,12586
2024-06-11,BOSCHLTD,30765.099609375,31598.94921875,30650.0,31174.0,39791
2024-06-12,BOSCHLTD,31255.0,31550.0,31160.0,31411.30078125,18859
2024-06-13,BOSCHLTD,31550.69921875,32683.25,31450.80078125,32433.150390625,56576
2024-06-14,BOSCHLTD,32680.0,32927.94921875,31980.0,32327.80078125,57427
2024-06-18,BOSCHLTD,32355.599609375,34350.0,32355.599609375,33379.19921875,156530
2024-06-19,BOSCHLTD,33400.0,33592.5,32606.400390625,32892.55078125,42616
2024-06-20,BOSCHLTD,33050.0,33301.25,32201.55078125,32254.69921875,45408
2024-06-21,BOSCHLTD,32254.69921875,32800.0,32064.94921875,32606.349609375,45227
2024-06-24,BOSCHLTD,32600.0,33095.0,32200.0,33015.5,27730
2024-06-25,BOSCHLTD,33075.0,33919.94921875,33075.0,33817.94921875,54500
2024-06-26,BOSCHLTD,33817.94921875,34426.8984375,33450.05078125,34149.3984375,35727
2024-06-27,BOSCHLTD,34300.0,36678.0,33980.0,34749.6484375,107957
2024-06-28,BOSCHLTD,34785.0,34785.0,33965.80078125,34084.3984375,58629
2024-06-03,BPCL,332.5,343.5,325.8500061035156,333.07501220703125,33828234
2024-06-04,BPCL,335.0,335.0,283.3500061035156,290.1000061035156,45748526
2024-06-05,BPCL,301.0249938964844,301.0249938964844,267.1000061035156,290.54998779296875,47388174
2024-06-06,BPCL,295.5249938964844,303.7250061035156,290.125,292.07501220703125,37934232
2024-06-07,BPCL,292.5,301.0,290.6000061035156,299.8999938964844,21620630
2024-06-10,BPCL,302.6499938964844,304.92498779296875,300.125,301.29998779296875,14828594
2024-06-11,BPCL,303.1499938964844,306.3500061035156,296.79998779296875,303.6000061035156,27027544
2024-06-12,BPCL,310.75,311.92498779296875,306.2250061035156,306.67498779296875,23479388
2024-06-13,BPCL,309.5,310.75,306.75,309.67498779296875,12050324
2024-06-14,BPCL,311.1499938964844,314.6499938964844,309.125,313.32501220703125,14628644
2024-06-18,BPCL,317.5,317.5,313.20001220703125,315.45001220703125,15884950
2024-06-19,BPCL,317.1000061035156,317.1000061035156,307.5,307.8999938964844,19648006
2024-06-20,BPCL,310.0,314.3999938964844,306.3999938964844,313.125,18076646
2024-06-21,BPCL,318.0,319.0,305.1000061035156,307.6000061035156,30004484
2024-06-24,BPCL,309.70001220703125,309.70001220703125,303.29998779296875,305.25,7557297
2024-06-25,BPCL,305.25,306.45001220703125,294.79998779296875,296.29998779296875,15630568
2024-06-26,BPCL,298.0,300.8500061035156,296.25,298.3999938964844,7973173
2024-06-27,BPCL,298.79998779296875,307.0,296.04998779296875,304.8500061035156,12487595
2024-06-28,BPCL,305.8500061035156,306.6000061035156,301.54998779296875,303.95001220703125,9077880
2024-06-03,BPL,96.4000015258789,99.0,95.3000030517578,96.0,221309
2024-06-04,BPL,94.1500015258789,94.9499969482422,87.5999984741211,89.4000015258789,374477
2024-06-05,BPL,90.9499969482422,94.3499984741211,87.5,93.25,154343
2024-06-06,BPL,94.6500015258789,97.1500015258789,94.0,96.0500030517578,176547
2024-06-07,BPL,97.0,101.5,96.0999984741211,99.75,499406
2024-06-10,BPL,101.0,105.58999633789062,97.30999755859376,103.86000061035156,683263
2024-06-11,BPL,104.6500015258789,105.5,103.0,103.51000213623048,187401
2024-06-12,BPL,104.75,105.3000030517578,103.12999725341795,103.93000030517578,149480
2024-06-13,BPL,104.5,104.58000183105467,101.61000061035156,102.76000213623048,186357
2024-06-14,BPL,102.5,108.0,102.5,105.08000183105467,574601
2024-06-18,BPL,105.5,107.66999816894533,104.62000274658205,105.25,362721
2024-06-19,BPL,105.4000015258789,106.5,102.6500015258789,105.11000061035156,290612
2024-06-20,BPL,105.0500030517578,121.9000015258789,105.0,116.3000030517578,5645929
2024-06-21,BPL,116.9000015258789,132.0500030517578,115.5,127.54000091552734,6983671
2024-06-24,BPL,128.89999389648438,138.99000549316406,128.5,132.6199951171875,3564754
2024-06-25,BPL,133.89999389648438,134.64999389648438,124.9000015258789,126.0500030517578,1279975
2024-06-26,BPL,126.9499969482422,135.0,123.58999633789062,131.61000061035156,927298
2024-06-27,BPL,132.60000610351562,136.5,127.3499984741211,128.52000427246094,972256
2024-06-28,BPL,129.6999969482422,130.88999938964844,124.4000015258789,128.5,290963
2024-06-03,BRIGADE,1012.5,1040.175048828125,990.0,1027.574951171875,730381
2024-06-04,BRIGADE,1023.0,1023.0,902.2125244140624,921.4124755859376,837158
2024-06-05,BRIGADE,951.75,952.5,871.0125122070312,907.1624755859376,494551
2024-06-06,BRIGADE,920.5875244140624,1018.5,918.75,988.2000122070312,1586187
2024-06-07,BRIGADE,986.1749877929688,1074.449951171875,975.1500244140624,1042.012451171875,1136038
2024-06-10,BRIGADE,1046.4000244140625,1080.0,1031.25,1034.925048828125,514178
2024-06-11,BRIGADE,1046.8125,1073.25,1035.074951171875,1049.550048828125,662982
2024-06-12,BRIGADE,1051.612548828125,1058.887451171875,1003.6124877929688,1007.7000122070312,826190
2024-06-13,BRIGADE,1022.1749877929688,1040.25,1009.4249877929688,1022.0625,665958
2024-06-14,BRIGADE,1026.5999755859375,1077.75,1011.0,1017.2625122070312,979677
2024-06-18,BRIGADE,1025.25,1040.5875244140625,1006.8375244140624,1027.012451171875,1434539
2024-06-19,BRIGADE,1025.9625244140625,1028.699951171875,985.4249877929688,988.4625244140624,639314
2024-06-20,BRIGADE,1009.5,1034.7750244140625,993.7874755859376,1005.4124755859376,734417
2024-06-21,BRIGADE,1007.7750244140624,1031.2874755859375,1003.6124877929688,1019.3624877929688,296789
2024-06-24,BRIGADE,1008.75,1088.9625244140625,996.75,1065.487548828125,920337
2024-06-25,BRIGADE,1083.75,1089.824951171875,1018.0125122070312,1043.0250244140625,606698
2024-06-26,BRIGADE,1033.574951171875,1039.5,1016.25,1019.5125122070312,210885
2024-06-27,BRIGADE,1019.5125122070312,1033.800048828125,998.5499877929688,1011.8250122070312,447138
2024-06-28,BRIGADE,1030.5,1041.5999755859375,1005.75,1011.2999877929688,331710
2024-06-03,BRITANNIA,5300.0,5300.0,5160.0,5167.7998046875,199328
2024-06-04,BRITANNIA,5205.5498046875,5414.39990234375,5127.0498046875,5325.10009765625,989039
2024-06-05,BRITANNIA,5325.10009765625,5725.0,5325.0,5486.64990234375,1188965
2024-06-06,BRITANNIA,5465.0,5514.10009765625,5311.4501953125,5440.4501953125,629293
2024-06-07,BRITANNIA,5431.64990234375,5470.0,5395.0,5463.5498046875,226777
2024-06-10,BRITANNIA,5465.0,5560.75,5406.10009765625,5488.39990234375,306665
2024-06-11,BRITANNIA,5500.0,5606.75,5500.0,5517.75,476899
2024-06-12,BRITANNIA,5550.5498046875,5568.0,5431.0,5439.2998046875,279376
2024-06-13,BRITANNIA,5439.60009765625,5449.9501953125,5341.7001953125,5379.4501953125,434594
2024-06-14,BRITANNIA,5397.5498046875,5450.0,5375.60009765625,5393.64990234375,149569
2024-06-18,BRITANNIA,5419.7998046875,5435.0,5375.2998046875,5395.85009765625,155277
2024-06-19,BRITANNIA,5416.0,5422.85009765625,5350.0,5360.64990234375,135179
2024-06-20,BRITANNIA,5360.64990234375,5400.0,5319.0,5378.4501953125,296418
2024-06-21,BRITANNIA,5369.10009765625,5389.85009765625,5317.5,5330.2998046875,244120
2024-06-24,BRITANNIA,5315.0,5330.0,5250.0,5297.75,463385
2024-06-25,BRITANNIA,5297.7998046875,5370.0,5289.2001953125,5352.0498046875,160890
2024-06-26,BRITANNIA,5352.0498046875,5434.5498046875,5319.0498046875,5421.7001953125,221391
2024-06-27,BRITANNIA,5388.7998046875,5450.0,5382.14990234375,5430.2998046875,357573
2024-06-28,BRITANNIA,5435.0,5490.0,5416.25,5475.5498046875,215576
2024-06-03,BRNL,55.45000076293945,55.45000076293945,55.45000076293945,55.45000076293945,82901
2024-06-04,BRNL,54.34999847412109,55.400001525878906,54.34999847412109,54.34999847412109,16868
2024-06-05,BRNL,53.29999923706055,53.29999923706055,53.29999923706055,53.29999923706055,15872
2024-06-06,BRNL,52.29999923706055,53.25,52.29999923706055,52.29999923706055,26414
2024-06-07,BRNL,51.25,52.29999923706055,51.25,51.25,37296
2024-06-10,BRNL,52.0,52.0,51.25,52.0,42986
2024-06-11,BRNL,53.0,53.02000045776367,52.5,53.0,79665
2024-06-12,BRNL,52.650001525878906,53.0,52.650001525878906,52.650001525878906,49824
2024-06-13,BRNL,51.900001525878906,52.650001525878906,51.900001525878906,51.900001525878906,47846
2024-06-14,BRNL,51.79999923706055,51.90999984741211,51.79999923706055,51.79999923706055,39641
2024-06-18,BRNL,50.79999923706055,51.70000076293945,50.79999923706055,50.79999923706055,48110
2024-06-19,BRNL,49.77999877929688,50.0,49.77999877929688,49.77999877929688,31179
2024-06-20,BRNL,49.45000076293945,49.75,49.45000076293945,49.45000076293945,29410
2024-06-21,BRNL,48.5,49.0,48.5,48.5,44209
2024-06-24,BRNL,47.97999954223633,48.5,47.97999954223633,47.97999954223633,65299
2024-06-25,BRNL,47.20000076293945,47.59999847412109,47.20000076293945,47.20000076293945,35492
2024-06-26,BRNL,46.25,46.5,46.25,46.25,84012
2024-06-27,BRNL,45.400001525878906,46.0,45.400001525878906,45.400001525878906,27485
2024-06-28,BRNL,44.86000061035156,45.38999938964844,44.84999847412109,44.86000061035156,32656
2024-06-03,BROOKS,82.1500015258789,83.8499984741211,80.0,81.1500015258789,17485
2024-06-04,BROOKS,83.69999694824219,83.69999694824219,77.0999984741211,77.0999984741211,18020
2024-06-05,BROOKS,78.44999694824219,78.44999694824219,73.25,73.80000305175781,55617
2024-06-06,BROOKS,74.69999694824219,76.9000015258789,74.0,76.0999984741211,37853
2024-06-07,BROOKS,78.0,79.9000015258789,75.0,77.25,24444
2024-06-10,BROOKS,77.26000213623047,81.11000061035156,77.26000213623047,81.11000061035156,34622
2024-06-11,BROOKS,81.16000366210938,83.98999786376953,81.0,81.5199966430664,22575
2024-06-12,BROOKS,82.05000305175781,84.0,80.0999984741211,82.54000091552734,44901
2024-06-13,BROOKS,84.80000305175781,84.80000305175781,80.63999938964844,82.44000244140625,22900
2024-06-14,BROOKS,84.08999633789062,85.94000244140625,82.19999694824219,85.62999725341797,41892
2024-06-18,BROOKS,85.62999725341797,87.80000305175781,83.0999984741211,87.56999969482422,31517
2024-06-19,BROOKS,88.0,89.98999786376953,86.0,87.33000183105469,25743
2024-06-20,BROOKS,88.5,90.0,87.20999908447266,89.56999969482422,38366
2024-06-21,BROOKS,89.5,92.0,87.5999984741211,90.19000244140624,107395
2024-06-24,BROOKS,88.9000015258789,89.44999694824219,86.0,87.04000091552734,60329
2024-06-25,BROOKS,88.77999877929688,89.27999877929688,86.0,86.47000122070312,40068
2024-06-26,BROOKS,84.3499984741211,88.30000305175781,84.3499984741211,87.02999877929688,31461
2024-06-27,BROOKS,87.02999877929688,90.8499984741211,87.02999877929688,88.94999694824219,48489
2024-06-28,BROOKS,89.0,90.0,84.5,86.76000213623047,91191
2024-06-03,BSE,933.0,940.0,900.0,902.6333618164062,3464808
2024-06-04,BSE,900.0,900.3333129882812,808.3333129882812,852.3333129882812,5349744
2024-06-05,BSE,855.0,892.5,817.433349609375,887.5499877929688,3243504
2024-06-06,BSE,900.3333129882812,912.3333129882812,894.3333129882812,900.3833618164062,2552427
2024-06-07,BSE,900.3833618164062,902.683349609375,884.1666870117188,893.933349609375,1808727
2024-06-10,BSE,893.933349609375,906.0,884.7166748046875,886.9000244140625,1531260
2024-06-11,BSE,891.6666870117188,896.5833129882812,888.6666870117188,890.7999877929688,2243352
2024-06-12,BSE,895.0,906.3333129882812,890.0,900.9500122070312,2229621
2024-06-13,BSE,903.0,916.2000122070312,901.6166381835938,912.066650390625,1563909
2024-06-14,BSE,913.3333129882812,925.9166870117188,900.5833129882812,919.6333618164062,1575462
2024-06-18,BSE,920.0,921.5333251953124,908.3333129882812,912.7833251953124,1405050
2024-06-19,BSE,912.6666870117188,912.6666870117188,900.0,903.0833129882812,1297749
2024-06-20,BSE,906.6666870117188,906.6666870117188,864.0,879.816650390625,2454516
2024-06-21,BSE,880.3333129882812,890.0,849.0,853.4000244140625,2246088
2024-06-24,BSE,850.0,850.0,830.6666870117188,832.6500244140625,2889819
2024-06-25,BSE,838.3333129882812,848.3333129882812,833.3333129882812,840.183349609375,1361511
2024-06-26,BSE,844.0,852.0166625976562,833.6666870117188,847.0333251953125,1614534
2024-06-27,BSE,850.0,855.0,841.6666870117188,851.2666625976562,1750407
2024-06-28,BSE,860.3333129882812,880.9000244140625,853.3499755859375,860.8499755859375,3301551
2024-06-03,BSHSL,200.1000061035156,209.3500061035156,200.0,201.1499938964844,19111
2024-06-04,BSHSL,202.0,205.3500061035156,183.0,191.25,42720
2024-06-05,BSHSL,195.0,203.6499938964844,185.1499938964844,192.8500061035156,11200
2024-06-06,BSHSL,200.0,203.8999938964844,193.0,194.8000030517578,28989
2024-06-07,BSHSL,198.0,200.0,194.4499969482422,198.3500061035156,21347
2024-06-10,BSHSL,200.0500030517578,206.0,196.0,196.6499938964844,27555
2024-06-11,BSHSL,200.5800018310547,204.3999938964844,195.32000732421875,198.4199981689453,14404
2024-06-12,BSHSL,206.0,206.0,196.57000732421875,198.5,21180
2024-06-13,BSHSL,196.5500030517578,203.88999938964844,196.009994506836,199.3999938964844,15620
2024-06-14,BSHSL,200.0,200.6000061035156,196.2400054931641,197.6199951171875,12598
2024-06-18,BSHSL,196.0,201.0,196.0,197.94000244140625,20253
2024-06-19,BSHSL,197.0,200.94000244140625,196.0,197.08999633789065,18956
2024-06-20,BSHSL,197.08999633789065,199.88999938964844,196.25,197.9600067138672,20084
2024-06-21,BSHSL,201.0,202.47999572753903,198.0,199.9199981689453,20548
2024-06-24,BSHSL,200.0,201.58999633789065,194.8099975585937,196.8099975585937,27174
2024-06-25,BSHSL,197.0,200.88999938964844,195.8999938964844,196.9600067138672,19398
2024-06-26,BSHSL,194.0500030517578,197.8000030517578,194.009994506836,194.6699981689453,15195
2024-06-27,BSHSL,197.0,197.0399932861328,192.0,192.5599975585937,19474
2024-06-28,BSHSL,194.07000732421875,194.88999938964844,191.6499938964844,191.8099975585937,24486
2024-06-03,BSL,182.8999938964844,182.8999938964844,175.5500030517578,175.9499969482422,8080
2024-06-04,BSL,176.0,176.8000030517578,160.1999969482422,163.6999969482422,16062
2024-06-05,BSL,170.0,178.0,166.0,176.9499969482422,9967
2024-06-06,BSL,181.8999938964844,183.8999938964844,176.39999389648438,177.0500030517578,12350
2024-06-07,BSL,180.6000061035156,180.6000061035156,176.10000610351562,177.64999389648438,3152
2024-06-10,BSL,178.05999755859375,180.88999938964844,175.5,176.9499969482422,3599
2024-06-11,BSL,180.3999938964844,189.0,175.5500030517578,186.19000244140625,44025
2024-06-12,BSL,187.0,190.1499938964844,185.4199981689453,186.4900054931641,11452
2024-06-13,BSL,191.1000061035156,191.1000061035156,186.6199951171875,189.02999877929688,7777
2024-06-14,BSL,189.77999877929688,192.0,187.1999969482422,189.6600036621093,9019
2024-06-18,BSL,194.0,196.5,190.0,192.9199981689453,17792
2024-06-19,BSL,195.1999969482422,195.1999969482422,186.009994506836,188.7700042724609,23996
2024-06-20,BSL,192.9499969482422,194.0,186.009994506836,188.08999633789065,17320
2024-06-21,BSL,188.08999633789065,192.0,185.8999938964844,187.07000732421875,29609
2024-06-24,BSL,185.1499938964844,207.5,184.009994506836,199.32000732421875,215112
2024-06-25,BSL,203.25,205.8500061035156,191.0,191.9900054931641,41202
2024-06-26,BSL,195.97999572753903,209.4499969482422,190.4100036621093,199.1199951171875,87620
2024-06-27,BSL,201.3000030517578,203.5,196.0,197.6000061035156,34364
2024-06-28,BSL,199.8999938964844,208.0,194.4100036621093,203.72999572753903,48143
2024-06-03,BSOFT,615.4500122070312,618.5999755859375,605.7000122070312,613.4000244140625,1290779
2024-06-04,BSOFT,610.0,613.0,565.2999877929688,598.5999755859375,2586686
2024-06-05,BSOFT,599.0499877929688,635.5999755859375,591.1500244140625,631.2999877929688,2461133
2024-06-06,BSOFT,644.0,652.4500122070312,638.0999755859375,646.75,2833576
2024-06-07,BSOFT,652.7000122070312,686.4500122070312,650.0499877929688,678.1500244140625,7518741
2024-06-10,BSOFT,688.0,688.6500244140625,663.3499755859375,680.0,3199599
2024-06-11,BSOFT,681.0999755859375,683.0,671.2000122070312,672.9000244140625,1862250
2024-06-12,BSOFT,675.0999755859375,687.5999755859375,670.0499877929688,672.25,1765178
2024-06-13,BSOFT,680.0,699.75,676.0499877929688,683.25,6601573
2024-06-14,BSOFT,684.9500122070312,685.0,669.5999755859375,677.9500122070312,2187215
2024-06-18,BSOFT,680.0,687.3499755859375,666.2000122070312,683.7999877929688,3428629
2024-06-19,BSOFT,690.0,695.25,678.1500244140625,690.8499755859375,4390773
2024-06-20,BSOFT,694.4000244140625,699.0,684.0499877929688,687.9500122070312,3307590
2024-06-21,BSOFT,696.0,701.4500122070312,678.0,681.3499755859375,5821354
2024-06-24,BSOFT,681.3499755859375,697.0,675.5,685.25,2583488
2024-06-25,BSOFT,687.0,698.8499755859375,681.0499877929688,695.75,2511410
2024-06-26,BSOFT,700.0,708.7999877929688,682.75,685.6500244140625,3728794
2024-06-27,BSOFT,686.9500122070312,695.0,674.25,686.9000244140625,3494940
2024-06-28,BSOFT,687.0,699.0,685.0499877929688,690.2999877929688,2697396
2024-06-03,BTML,15.550000190734863,15.949999809265137,14.25,14.600000381469728,1575968
2024-06-04,BTML,14.600000381469728,14.800000190734863,11.699999809265137,11.699999809265137,3792184
2024-06-05,BTML,11.75,13.0,10.300000190734863,12.149999618530272,2518479
2024-06-06,BTML,12.399999618530272,13.550000190734863,12.199999809265137,13.300000190734863,1852907
2024-06-07,BTML,13.449999809265137,15.949999809265137,13.300000190734863,15.850000381469728,12073255
2024-06-10,BTML,15.949999809265137,15.949999809265137,15.050000190734863,15.050000190734863,654871
2024-06-11,BTML,14.289999961853027,15.5,14.289999961853027,15.3100004196167,903302
2024-06-12,BTML,15.789999961853027,15.789999961853027,14.539999961853027,15.0600004196167,1044871
2024-06-13,BTML,15.0,15.199999809265137,14.350000381469728,14.520000457763672,502418
2024-06-14,BTML,14.779999732971191,14.800000190734863,13.789999961853027,14.100000381469728,843613
2024-06-18,BTML,14.100000381469728,14.600000381469728,13.949999809265137,14.350000381469728,588231
2024-06-19,BTML,14.600000381469728,14.600000381469728,13.630000114440918,14.359999656677246,339757
2024-06-20,BTML,14.260000228881836,14.529999732971191,13.640000343322754,14.470000267028809,688625
2024-06-21,BTML,14.25,14.390000343322754,13.739999771118164,13.989999771118164,439158
2024-06-24,BTML,13.850000381469728,14.239999771118164,13.289999961853027,13.9399995803833,567657
2024-06-25,BTML,13.4399995803833,13.9399995803833,13.239999771118164,13.739999771118164,1517015
2024-06-26,BTML,13.59000015258789,14.420000076293944,13.59000015258789,14.40999984741211,1187152
2024-06-27,BTML,14.890000343322754,15.130000114440918,14.479999542236328,15.119999885559082,828300
2024-06-28,BTML,15.579999923706056,15.789999961853027,14.75,15.40999984741211,640775
2024-06-03,BURNPUR,31.0,31.75,30.0,30.25,119153
2024-06-04,BURNPUR,30.0,30.5,27.5,28.5,109091
2024-06-05,BURNPUR,29.75,29.75,27.75,28.75,51161
2024-06-06,BURNPUR,29.5,31.0,29.5,30.25,44440
2024-06-07,BURNPUR,31.5,31.5,30.5,30.5,37032
2024-06-10,BURNPUR,31.0,31.25,29.799999237060547,30.549999237060547,59762
2024-06-11,BURNPUR,31.14999961853028,31.14999961853028,30.100000381469727,30.299999237060547,19920
2024-06-12,BURNPUR,31.0,31.0,30.39999961853028,30.75,77948
2024-06-13,BURNPUR,31.39999961853028,33.04999923706055,30.600000381469727,32.0,163374
2024-06-14,BURNPUR,32.45000076293945,33.25,31.950000762939453,32.099998474121094,91727
2024-06-18,BURNPUR,33.95000076293945,34.0,32.400001525878906,32.79999923706055,65796
2024-06-19,BURNPUR,32.900001525878906,33.75,31.5,32.900001525878906,88923
2024-06-20,BURNPUR,33.400001525878906,33.400001525878906,31.5,32.29999923706055,57498
2024-06-21,BURNPUR,33.349998474121094,33.349998474121094,32.0,32.29999923706055,45618
2024-06-24,BURNPUR,32.95000076293945,33.349998474121094,31.299999237060547,31.799999237060547,57440
2024-06-25,BURNPUR,31.850000381469727,32.5,31.700000762939453,31.799999237060547,44129
2024-06-26,BURNPUR,31.700000762939453,38.150001525878906,31.700000762939453,38.150001525878906,1043803
2024-06-27,BURNPUR,40.0,45.75,40.0,45.75,1699666
2024-06-28,BURNPUR,49.150001525878906,50.29999923706055,47.79999923706055,50.29999923706055,481100
2024-06-03,BUTTERFLY,763.7000122070312,768.0499877929688,755.0,757.5499877929688,3351
2024-06-04,BUTTERFLY,757.5499877929688,759.6500244140625,674.9000244140625,712.4000244140625,19179
2024-06-05,BUTTERFLY,730.0,730.0,708.0,717.2000122070312,13270
2024-06-06,BUTTERFLY,717.25,731.4500122070312,708.2999877929688,715.0,9817
2024-06-07,BUTTERFLY,715.0,727.9500122070312,715.0,723.0499877929688,5949
2024-06-10,BUTTERFLY,739.9000244140625,749.9500122070312,721.0,730.5,16586
2024-06-11,BUTTERFLY,730.5,760.4000244140625,730.5,744.6500244140625,23466
2024-06-12,BUTTERFLY,744.9500122070312,755.7999877929688,737.2999877929688,743.4500122070312,9513
2024-06-13,BUTTERFLY,731.3499755859375,759.9500122070312,731.3499755859375,740.0999755859375,17580
2024-06-14,BUTTERFLY,731.3499755859375,740.5999755859375,725.0,731.6500244140625,32738
2024-06-18,BUTTERFLY,739.7000122070312,748.0,732.75,736.4000244140625,27876
2024-06-19,BUTTERFLY,767.0,789.9500122070312,722.5,741.6500244140625,107244
2024-06-20,BUTTERFLY,741.7000122070312,760.0,732.0499877929688,747.7999877929688,24345
2024-06-21,BUTTERFLY,759.9500122070312,762.0,747.8499755859375,757.4500122070312,21413
2024-06-24,BUTTERFLY,750.5999755859375,874.9000244140625,745.7000122070312,850.2000122070312,260422
2024-06-25,BUTTERFLY,850.0,884.1500244140625,830.0,841.0499877929688,128346
2024-06-26,BUTTERFLY,845.4500122070312,875.9000244140625,824.3499755859375,842.5999755859375,56449
2024-06-27,BUTTERFLY,842.5999755859375,875.0,842.5999755859375,857.6500244140625,39473
2024-06-28,BUTTERFLY,857.9500122070312,887.7999877929688,857.9500122070312,869.25,37956
2024-06-03,BVCL,51.650001525878906,53.79999923706055,50.0,52.900001525878906,34887
2024-06-04,BVCL,54.79999923706055,55.45000076293945,50.25,50.25,39257
2024-06-05,BVCL,50.95000076293945,52.150001525878906,48.650001525878906,50.29999923706055,15511
2024-06-06,BVCL,52.45000076293945,52.79999923706055,50.0,51.95000076293945,14147
2024-06-07,BVCL,51.95000076293945,54.95000076293945,51.95000076293945,53.79999923706055,22735
2024-06-10,BVCL,54.5,55.59000015258789,53.5,54.63999938964844,8345
2024-06-11,BVCL,55.0,55.0,52.650001525878906,53.97999954223633,28291
2024-06-12,BVCL,53.5,54.470001220703125,52.70000076293945,53.77999877929688,22949
2024-06-13,BVCL,53.2400016784668,59.150001525878906,53.0,59.0,64913
2024-06-14,BVCL,60.150001525878906,62.900001525878906,56.61000061035156,58.119998931884766,86135
2024-06-18,BVCL,59.650001525878906,60.7599983215332,56.20000076293945,57.560001373291016,65093
2024-06-19,BVCL,57.43999862670898,59.2400016784668,57.0099983215332,58.88999938964844,50152
2024-06-20,BVCL,59.0,60.02000045776367,57.70000076293945,59.22999954223633,27491
2024-06-21,BVCL,58.59999847412109,65.1500015258789,58.59999847412109,65.1500015258789,254625
2024-06-24,BVCL,66.41000366210938,66.8499984741211,61.79999923706055,62.959999084472656,150697
2024-06-25,BVCL,63.5,67.48999786376953,63.11000061035156,66.18000030517578,145150
2024-06-26,BVCL,66.18000030517578,69.0,66.0,66.02999877929688,81108
2024-06-27,BVCL,67.5,68.5,60.20000076293945,62.83000183105469,123777
2024-06-28,BVCL,64.80000305175781,68.69000244140625,62.90999984741211,65.19999694824219,140642
2024-06-03,BYKE,72.0,73.8499984741211,71.0,72.4000015258789,93916
2024-06-04,BYKE,72.5,72.5,65.19999694824219,67.0999984741211,174955
2024-06-05,BYKE,67.9000015258789,67.9000015258789,61.09999847412109,65.8499984741211,155516
2024-06-06,BYKE,68.69999694824219,70.6500015258789,68.30000305175781,69.94999694824219,72031
2024-06-07,BYKE,71.05000305175781,76.9000015258789,70.05000305175781,76.25,463024
2024-06-10,BYKE,75.9000015258789,77.93000030517578,71.88999938964844,72.36000061035156,202385
2024-06-11,BYKE,72.52999877929688,74.4000015258789,72.0,72.23999786376953,149416
2024-06-12,BYKE,73.29000091552734,75.1500015258789,72.0,72.37000274658203,175376
2024-06-13,BYKE,73.08000183105469,79.5999984741211,72.11000061035156,75.95999908447266,421656
2024-06-14,BYKE,77.0,77.2699966430664,74.0199966430664,75.25,170040
2024-06-18,BYKE,76.87000274658203,77.0,74.0,74.91000366210938,178632
2024-06-19,BYKE,75.0,76.48999786376953,75.0,75.94999694824219,135315
2024-06-20,BYKE,77.0,83.5,75.80999755859375,82.9800033569336,950476
2024-06-21,BYKE,83.5,88.0,81.0,87.41000366210938,636982
2024-06-24,BYKE,88.05000305175781,90.5,84.0999984741211,84.69999694824219,416380
2024-06-25,BYKE,85.0,86.80000305175781,84.44999694824219,85.33999633789062,151664
2024-06-26,BYKE,88.9000015258789,88.9000015258789,83.0,85.58000183105469,93406
2024-06-27,BYKE,85.58000183105469,86.5,81.30000305175781,81.83000183105469,97951
2024-06-28,BYKE,82.44999694824219,84.0,78.0,82.56999969482422,99897
2024-06-03,CALSOFT,15.600000381469728,15.600000381469728,15.600000381469728,15.600000381469728,19481
2024-06-04,CALSOFT,16.350000381469727,16.350000381469727,16.350000381469727,16.350000381469727,23716
2024-06-05,CALSOFT,17.149999618530273,17.149999618530273,17.149999618530273,17.149999618530273,31383
2024-06-06,CALSOFT,18.0,18.0,18.0,18.0,9317
2024-06-07,CALSOFT,18.89999961853028,18.89999961853028,17.5,18.64999961853028,77750
2024-06-10,CALSOFT,18.75,18.75,18.010000228881836,18.520000457763672,35164
2024-06-11,CALSOFT,19.170000076293945,19.170000076293945,17.6200008392334,17.8799991607666,68475
2024-06-12,CALSOFT,17.15999984741211,18.0,17.0,17.760000228881836,40741
2024-06-13,CALSOFT,17.68000030517578,17.68000030517578,16.90999984741211,17.18000030517578,62338
2024-06-14,CALSOFT,17.649999618530273,17.649999618530273,17.309999465942383,17.3700008392334,31654
2024-06-18,CALSOFT,17.989999771118164,17.989999771118164,17.100000381469727,17.3700008392334,14950
2024-06-19,CALSOFT,17.829999923706055,17.829999923706055,16.5,17.309999465942383,34206
2024-06-20,CALSOFT,17.309999465942383,17.469999313354492,16.600000381469727,16.950000762939453,27029
2024-06-21,CALSOFT,17.700000762939453,17.75,16.770000457763672,17.079999923706055,21330
2024-06-24,CALSOFT,17.860000610351562,17.860000610351562,16.809999465942383,17.1299991607666,36912
2024-06-25,CALSOFT,17.690000534057617,17.850000381469727,16.299999237060547,16.889999389648438,34413
2024-06-26,CALSOFT,16.5,17.440000534057617,16.350000381469727,17.229999542236328,13870
2024-06-27,CALSOFT,17.469999313354492,17.670000076293945,16.799999237060547,16.989999771118164,16935
2024-06-28,CALSOFT,16.989999771118164,17.399999618530273,16.75,16.93000030517578,13079
2024-06-03,CAMLINFINE,97.0,97.9499969482422,93.25,93.8000030517578,358606
2024-06-04,CAMLINFINE,93.4499969482422,93.8000030517578,79.94999694824219,86.94999694824219,841290
2024-06-05,CAMLINFINE,89.4000015258789,91.75,85.44999694824219,91.0500030517578,399088
2024-06-06,CAMLINFINE,91.8499984741211,95.9499969482422,91.8499984741211,95.5500030517578,473757
2024-06-07,CAMLINFINE,95.5500030517578,97.4499969482422,95.4499969482422,96.9000015258789,352050
2024-06-10,CAMLINFINE,96.9000015258789,104.26000213623048,96.04000091552734,103.05999755859376,1183886
2024-06-11,CAMLINFINE,103.1999969482422,106.4000015258789,103.1999969482422,104.06999969482422,1097722
2024-06-12,CAMLINFINE,107.1999969482422,113.29000091552734,107.0,109.9800033569336,4938012
2024-06-13,CAMLINFINE,111.0999984741211,112.48999786376952,108.22000122070312,109.58999633789062,1805649
2024-06-14,CAMLINFINE,109.98999786376952,111.75,108.5,111.12999725341795,818909
2024-06-18,CAMLINFINE,112.5,113.5,108.26000213623048,108.87000274658205,987769
2024-06-19,CAMLINFINE,109.1999969482422,109.1999969482422,105.12999725341795,106.29000091552734,1431168
2024-06-20,CAMLINFINE,106.62000274658205,113.5,106.08999633789062,111.18000030517578,1682217
2024-06-21,CAMLINFINE,111.0999984741211,112.2699966430664,107.79000091552734,108.33000183105467,625991
2024-06-24,CAMLINFINE,106.6999969482422,109.98999786376952,106.69000244140624,107.37000274658205,632033
2024-06-25,CAMLINFINE,107.8499984741211,108.9499969482422,106.0,106.86000061035156,254584
2024-06-26,CAMLINFINE,106.86000061035156,108.43000030517578,106.30999755859376,106.9000015258789,302358
2024-06-27,CAMLINFINE,107.56999969482422,107.69000244140624,104.01000213623048,104.2300033569336,382818
2024-06-28,CAMLINFINE,104.6999969482422,105.1500015258789,102.5,103.38999938964844,542799
2024-06-03,CAMPUS,286.0,289.0,273.1000061035156,275.25,2887217
2024-06-04,CAMPUS,277.95001220703125,291.6499938964844,261.1000061035156,271.0,6549557
2024-06-05,CAMPUS,275.0,290.8999938964844,268.3500061035156,289.5,2703625
2024-06-06,CAMPUS,290.8999938964844,296.3999938964844,286.20001220703125,287.95001220703125,1628407
2024-06-07,CAMPUS,289.95001220703125,292.8999938964844,286.95001220703125,288.3999938964844,820759
2024-06-10,CAMPUS,289.0,294.0,288.29998779296875,290.3999938964844,1027135
2024-06-11,CAMPUS,292.0,295.75,286.04998779296875,287.1499938964844,923917
2024-06-12,CAMPUS,287.1499938964844,288.8500061035156,283.20001220703125,286.04998779296875,619867
2024-06-13,CAMPUS,286.04998779296875,288.70001220703125,283.29998779296875,284.25,363522
2024-06-14,CAMPUS,285.54998779296875,285.70001220703125,279.95001220703125,280.54998779296875,688789
2024-06-18,CAMPUS,280.54998779296875,291.3999938964844,280.54998779296875,282.75,1221842
2024-06-19,CAMPUS,284.6000061035156,284.70001220703125,277.0,280.45001220703125,577050
2024-06-20,CAMPUS,281.8500061035156,290.45001220703125,279.29998779296875,285.6000061035156,1133251
2024-06-21,CAMPUS,288.0,294.25,284.54998779296875,285.8500061035156,1295267
2024-06-24,CAMPUS,286.8999938964844,287.0,280.79998779296875,283.45001220703125,425555
2024-06-25,CAMPUS,283.8999938964844,291.29998779296875,281.95001220703125,288.6499938964844,907493
2024-06-26,CAMPUS,292.0,293.70001220703125,286.5,291.20001220703125,1300174
2024-06-27,CAMPUS,295.0,306.3999938964844,286.1000061035156,295.79998779296875,5963999
2024-06-28,CAMPUS,295.0,295.79998779296875,289.5,291.6499938964844,1423422
2024-06-03,CAMS,720.0,727.6799926757812,704.0,709.9299926757812,1604990
2024-06-04,CAMS,709.010009765625,709.010009765625,610.0,660.52001953125,1987890
2024-06-05,CAMS,668.0,691.6300048828125,630.219970703125,688.4099731445312,1024565
2024-06-06,CAMS,694.0,704.5,673.010009765625,675.030029296875,860660
2024-06-07,CAMS,683.969970703125,691.9199829101562,678.02001953125,681.6199951171875,574875
2024-06-10,CAMS,688.0,697.5999755859375,681.6199951171875,689.5399780273438,532355
2024-06-11,CAMS,689.5399780273438,704.0,684.5999755859375,687.739990234375,663020
2024-06-12,CAMS,694.989990234375,730.0,690.5700073242188,725.27001953125,1693320
2024-06-13,CAMS,735.0,737.1900024414062,715.27001953125,733.0700073242188,1601515
2024-06-14,CAMS,728.010009765625,732.6400146484375,712.6500244140625,715.52001953125,943330
2024-06-18,CAMS,722.0,732.3400268554688,705.52001953125,729.8499755859375,1222835
2024-06-19,CAMS,736.989990234375,737.0,712.0,714.2899780273438,800930
2024-06-20,CAMS,721.52001953125,721.52001953125,697.5999755859375,703.239990234375,703375
2024-06-21,CAMS,703.7999877929688,730.7999877929688,703.22998046875,709.760009765625,1638235
2024-06-24,CAMS,708.0,733.0,707.2000122070312,731.27001953125,1113490
2024-06-25,CAMS,744.0,767.5999755859375,732.6500244140625,736.9600219726562,3599895
2024-06-26,CAMS,738.5999755859375,742.9299926757812,727.7999877929688,729.8300170898438,579520
2024-06-27,CAMS,730.489990234375,731.8099975585938,705.8499755859375,710.219970703125,868550
2024-06-28,CAMS,714.989990234375,732.5499877929688,712.0,722.5499877929688,1195095
2024-06-03,CANBK,124.8000030517578,128.89999389648438,122.4499969482422,128.25,93777898
2024-06-04,CANBK,127.8000030517578,127.8000030517578,96.1999969482422,109.8499984741211,200212291
2024-06-05,CANBK,115.1999969482422,116.3000030517578,104.6999969482422,115.1999969482422,105580249
2024-06-06,CANBK,117.5999984741211,120.5999984741211,116.5,118.0,52416611
2024-06-07,CANBK,119.4499969482422,119.5999984741211,118.0,118.9000015258789,40419251
2024-06-10,CANBK,120.0,122.6999969482422,120.0,121.02999877929688,43824793
2024-06-11,CANBK,121.5,123.08999633789062,120.75,121.2300033569336,37514599
2024-06-12,CANBK,122.0,123.5,121.5,122.79000091552734,39113054
2024-06-13,CANBK,124.51000213623048,125.0,121.4000015258789,121.91999816894533,62531469
2024-06-14,CANBK,120.0,120.98999786376952,119.3000030517578,120.80999755859376,32576803
2024-06-18,CANBK,121.8499984741211,122.5,121.31999969482422,121.87999725341795,33945927
2024-06-19,CANBK,121.88999938964844,122.8499984741211,120.61000061035156,121.16000366210938,45620625
2024-06-20,CANBK,121.5,122.1999969482422,120.93000030517578,121.1999969482422,19050406
2024-06-21,CANBK,121.3000030517578,121.79000091552734,118.5,119.12000274658205,32273022
2024-06-24,CANBK,118.0,121.56999969482422,116.20999908447266,118.2699966430664,44230331
2024-06-25,CANBK,119.23999786376952,119.73999786376952,116.8499984741211,118.0500030517578,36965833
2024-06-26,CANBK,117.9499969482422,119.37000274658205,117.20999908447266,118.69000244140624,21602758
2024-06-27,CANBK,118.18000030517578,119.4000015258789,116.83999633789062,118.11000061035156,28134054
2024-06-28,CANBK,118.25,121.88999938964844,118.25,119.47000122070312,43712892
2024-06-03,CANFINHOME,750.0,759.0,736.0,752.1500244140625,753365
2024-06-04,CANFINHOME,752.1500244140625,752.1500244140625,680.0,698.9500122070312,1127713
2024-06-05,CANFINHOME,705.0,750.9000244140625,701.75,745.25,992953
2024-06-06,CANFINHOME,754.0,770.0,747.5999755859375,763.9500122070312,812090
2024-06-07,CANFINHOME,774.7999877929688,777.9000244140625,761.0499877929688,774.2999877929688,888474
2024-06-10,CANFINHOME,774.9500122070312,786.1500244140625,767.1500244140625,773.3499755859375,434782
2024-06-11,CANFINHOME,782.0,797.0,775.0,790.7000122070312,1269109
2024-06-12,CANFINHOME,795.7999877929688,811.0,787.0499877929688,804.5,1357409
2024-06-13,CANFINHOME,815.0,819.8499755859375,800.0499877929688,817.3499755859375,780406
2024-06-14,CANFINHOME,824.1500244140625,837.4500122070312,816.5,834.9000244140625,1045330
2024-06-18,CANFINHOME,841.9500122070312,902.2999877929688,834.2999877929688,889.25,4784271
2024-06-19,CANFINHOME,889.9000244140625,894.8499755859375,863.5999755859375,866.25,844031
2024-06-20,CANFINHOME,860.25,879.0,858.75,862.5,542596
2024-06-21,CANFINHOME,860.0,874.0999755859375,850.0499877929688,860.8499755859375,739407
2024-06-24,CANFINHOME,859.7000122070312,900.0,854.9500122070312,882.6500244140625,2210250
2024-06-25,CANFINHOME,883.6500244140625,909.9000244140624,865.2000122070312,899.5999755859375,1583825
2024-06-26,CANFINHOME,897.0,912.6500244140624,885.5,901.25,949576
2024-06-27,CANFINHOME,907.8499755859376,922.0,896.4500122070312,910.8499755859376,1431374
2024-06-28,CANFINHOME,911.0,927.4500122070312,909.4500122070312,915.2000122070312,796344
2024-06-03,CANTABIL,216.8999938964844,216.8999938964844,206.6000061035156,208.5500030517578,104623
2024-06-04,CANTABIL,210.0,210.0,185.6000061035156,189.8999938964844,247591
2024-06-05,CANTABIL,192.1000061035156,204.8000030517578,187.5,199.6999969482422,276732
2024-06-06,CANTABIL,204.8000030517578,215.0,203.25,212.0,127093
2024-06-07,CANTABIL,212.0,215.3000030517578,209.25,210.8999938964844,106631
2024-06-10,CANTABIL,212.0,225.0,212.0,217.44000244140625,197604
2024-06-11,CANTABIL,217.5,225.9499969482422,217.44000244140625,219.6600036621093,175709
2024-06-12,CANTABIL,219.6600036621093,224.8000030517578,219.0,219.5500030517578,75844
2024-06-13,CANTABIL,220.5,222.77999877929688,215.6300048828125,217.97999572753903,128444
2024-06-14,CANTABIL,218.1000061035156,242.8999938964844,218.1000061035156,240.8099975585937,1064927
2024-06-18,CANTABIL,240.0,245.8500061035156,233.8500061035156,244.2700042724609,293955
2024-06-19,CANTABIL,244.2700042724609,245.75,235.1000061035156,237.6199951171875,169681
2024-06-20,CANTABIL,237.72000122070312,250.0,237.72000122070312,245.08999633789065,179241
2024-06-21,CANTABIL,247.0,248.9900054931641,233.4199981689453,236.3500061035156,203416
2024-06-24,CANTABIL,236.9499969482422,242.5200042724609,232.6999969482422,238.2899932861328,162349
2024-06-25,CANTABIL,239.6999969482422,243.9499969482422,238.6999969482422,239.9499969482422,118100
2024-06-26,CANTABIL,241.0,244.5,236.9199981689453,239.72999572753903,101412
2024-06-27,CANTABIL,240.0,241.5,232.5,239.9900054931641,123088
2024-06-28,CANTABIL,244.0,251.0,239.0500030517578,248.42999267578125,894628
2024-06-03,CAPACITE,321.0,324.3999938964844,310.1000061035156,314.0,1080082
2024-06-04,CAPACITE,310.0,310.0,251.1999969482422,272.75,3699616
2024-06-05,CAPACITE,275.0,303.0,266.04998779296875,298.25,2214355
2024-06-06,CAPACITE,300.0,314.75,300.0,310.75,1963356
2024-06-07,CAPACITE,310.04998779296875,313.0,305.75,307.3999938964844,842128
2024-06-10,CAPACITE,308.0,319.0,303.1000061035156,317.95001220703125,1807137
2024-06-11,CAPACITE,318.0,328.45001220703125,315.1499938964844,322.0,1555502
2024-06-12,CAPACITE,324.0,326.0,319.1000061035156,321.3500061035156,636977
2024-06-13,CAPACITE,323.0,325.0,316.79998779296875,321.0,579098
2024-06-14,CAPACITE,321.0,332.0,317.1000061035156,328.6499938964844,1609338
2024-06-18,CAPACITE,331.0,333.0,323.1499938964844,326.04998779296875,1109044
2024-06-19,CAPACITE,327.25,328.29998779296875,314.3999938964844,320.25,705922
2024-06-20,CAPACITE,317.20001220703125,325.95001220703125,317.20001220703125,320.45001220703125,580718
2024-06-21,CAPACITE,322.95001220703125,323.29998779296875,316.1000061035156,319.3999938964844,350844
2024-06-24,CAPACITE,315.1000061035156,322.79998779296875,312.1000061035156,318.6000061035156,554887
2024-06-25,CAPACITE,319.6000061035156,322.8500061035156,311.1000061035156,312.8500061035156,385784
2024-06-26,CAPACITE,312.95001220703125,315.8500061035156,306.54998779296875,309.29998779296875,393214
2024-06-27,CAPACITE,308.20001220703125,312.29998779296875,299.0,302.1000061035156,849207
2024-06-28,CAPACITE,303.6499938964844,312.5,296.54998779296875,310.54998779296875,849972
2024-06-03,CAPITALSFB,336.5,338.95001220703125,330.0,335.04998779296875,55291
2024-06-04,CAPITALSFB,334.1000061035156,334.1000061035156,311.3999938964844,318.5,71812
2024-06-05,CAPITALSFB,320.04998779296875,328.0,314.04998779296875,324.6000061035156,57678
2024-06-06,CAPITALSFB,325.0,340.0,325.0,338.45001220703125,63059
2024-06-07,CAPITALSFB,344.29998779296875,344.29998779296875,335.3500061035156,339.6000061035156,43996
2024-06-10,CAPITALSFB,339.6000061035156,343.5,337.5,339.70001220703125,33599
2024-06-11,CAPITALSFB,342.0,342.0,338.0,339.1000061035156,22041
2024-06-12,CAPITALSFB,339.1000061035156,344.8999938964844,336.3999938964844,337.75,35609
2024-06-13,CAPITALSFB,339.04998779296875,344.3999938964844,336.0,339.6000061035156,27104
2024-06-14,CAPITALSFB,339.6000061035156,340.79998779296875,331.79998779296875,335.0,44944
2024-06-18,CAPITALSFB,339.0,340.6499938964844,335.0,336.8500061035156,34625
2024-06-19,CAPITALSFB,336.04998779296875,355.0,335.1000061035156,348.6000061035156,231415
2024-06-20,CAPITALSFB,348.0,359.75,345.54998779296875,356.5,127432
2024-06-21,CAPITALSFB,354.0,360.0,352.95001220703125,356.5,104611
2024-06-24,CAPITALSFB,352.95001220703125,353.1000061035156,339.5,339.8999938964844,140496
2024-06-25,CAPITALSFB,345.0,345.0,337.0,342.0,63691
2024-06-26,CAPITALSFB,344.0,344.0,338.0,339.29998779296875,129886
2024-06-27,CAPITALSFB,339.0,342.0,337.6499938964844,339.6499938964844,44658
2024-06-28,CAPITALSFB,339.6499938964844,353.75,338.0,348.0,141279
2024-06-03,CAPLIPOINT,1325.0,1325.0,1281.699951171875,1285.550048828125,69461
2024-06-04,CAPLIPOINT,1280.050048828125,1295.449951171875,1225.0,1240.4000244140625,110213
2024-06-05,CAPLIPOINT,1240.050048828125,1310.0,1233.699951171875,1288.050048828125,84820
2024-06-06,CAPLIPOINT,1320.300048828125,1320.300048828125,1298.0,1303.550048828125,55602
2024-06-07,CAPLIPOINT,1304.4000244140625,1375.0,1295.199951171875,1365.550048828125,147023
2024-06-10,CAPLIPOINT,1375.0,1543.0999755859375,1370.0,1475.9000244140625,947654
2024-06-11,CAPLIPOINT,1475.0,1482.0,1440.0,1458.75,106410
2024-06-12,CAPLIPOINT,1459.4000244140625,1477.9000244140625,1440.5999755859375,1461.8499755859375,69335
2024-06-13,CAPLIPOINT,1465.5,1471.8499755859375,1390.449951171875,1398.0999755859375,374765
2024-06-14,CAPLIPOINT,1405.0999755859375,1406.0,1377.699951171875,1381.9000244140625,91250
2024-06-18,CAPLIPOINT,1384.8499755859375,1407.050048828125,1370.0,1399.4000244140625,114835
2024-06-19,CAPLIPOINT,1405.0,1406.9000244140625,1379.1500244140625,1401.800048828125,63956
2024-06-20,CAPLIPOINT,1406.0,1423.5999755859375,1395.800048828125,1420.6500244140625,76628
2024-06-21,CAPLIPOINT,1434.0,1434.0,1410.0,1423.6500244140625,85378
2024-06-24,CAPLIPOINT,1423.6500244140625,1439.550048828125,1397.5,1420.8499755859375,68792
2024-06-25,CAPLIPOINT,1424.3499755859375,1436.0,1399.0,1402.550048828125,53936
2024-06-26,CAPLIPOINT,1402.550048828125,1407.550048828125,1365.0,1380.3499755859375,62732
2024-06-27,CAPLIPOINT,1380.0,1485.0,1378.449951171875,1478.199951171875,581647
2024-06-28,CAPLIPOINT,1495.0,1515.4000244140625,1451.8499755859375,1472.5999755859375,250941
2024-06-03,CAPTRUST,115.5,120.0,114.0,114.75,10921
2024-06-04,CAPTRUST,117.0500030517578,117.0500030517578,101.5999984741211,108.4499969482422,22411
2024-06-05,CAPTRUST,106.4000015258789,111.3499984741211,102.6500015258789,109.9000015258789,27628
2024-06-06,CAPTRUST,109.9000015258789,115.0999984741211,109.9000015258789,113.0500030517578,6886
2024-06-07,CAPTRUST,115.0999984741211,115.0999984741211,112.0500030517578,113.8499984741211,5948
2024-06-10,CAPTRUST,117.0,117.0,113.22000122070312,115.66999816894533,14266
2024-06-11,CAPTRUST,116.91999816894533,116.9499969482422,113.3499984741211,115.05999755859376,9898
2024-06-12,CAPTRUST,117.81999969482422,117.9499969482422,115.5,117.1500015258789,7540
2024-06-13,CAPTRUST,119.0,119.77999877929688,116.01000213623048,116.88999938964844,6185
2024-06-14,CAPTRUST,119.8499984741211,119.8499984741211,116.04000091552734,116.54000091552734,4890
2024-06-18,CAPTRUST,116.54000091552734,116.54000091552734,112.3499984741211,113.7699966430664,14227
2024-06-19,CAPTRUST,113.0999984741211,116.0,113.0999984741211,115.62000274658205,8483
2024-06-20,CAPTRUST,116.1999969482422,116.4000015258789,112.6999969482422,115.86000061035156,13226
2024-06-21,CAPTRUST,116.2699966430664,116.4000015258789,113.0,114.5199966430664,11968
2024-06-24,CAPTRUST,116.5,116.9800033569336,114.0199966430664,115.66000366210938,8233
2024-06-25,CAPTRUST,118.0,118.0,112.1500015258789,113.12000274658205,15930
2024-06-26,CAPTRUST,114.94000244140624,117.0,113.0500030517578,115.2699966430664,7878
2024-06-27,CAPTRUST,115.18000030517578,115.18000030517578,109.20999908447266,112.31999969482422,9314
2024-06-28,CAPTRUST,113.91000366210938,116.0,112.5199966430664,114.4000015258789,6045
2024-06-03,CARBORUNIV,1642.5,1695.0,1634.0,1674.449951171875,245941
2024-06-04,CARBORUNIV,1690.0,1695.0,1500.0,1512.5999755859375,136559
2024-06-05,CARBORUNIV,1530.050048828125,1579.449951171875,1510.050048828125,1558.25,136421
2024-06-06,CARBORUNIV,1573.0,1586.949951171875,1568.4000244140625,1576.800048828125,40506
2024-06-07,CARBORUNIV,1594.0,1644.949951171875,1561.0,1622.050048828125,150861
2024-06-10,CARBORUNIV,1636.0,1638.9000244140625,1610.0,1626.449951171875,57293
2024-06-11,CARBORUNIV,1630.0,1672.199951171875,1625.9000244140625,1645.4000244140625,87242
2024-06-12,CARBORUNIV,1645.4000244140625,1765.0,1645.4000244140625,1705.699951171875,490217
2024-06-13,CARBORUNIV,1708.6500244140625,1748.949951171875,1706.0999755859375,1737.5,125914
2024-06-14,CARBORUNIV,1749.949951171875,1788.0,1745.25,1773.949951171875,179433
2024-06-18,CARBORUNIV,1800.0,1800.0,1740.0999755859375,1783.050048828125,257611
2024-06-19,CARBORUNIV,1797.0,1825.9000244140625,1763.5,1800.800048828125,406557
2024-06-20,CARBORUNIV,1819.050048828125,1841.1500244140625,1742.050048828125,1749.050048828125,222999
2024-06-21,CARBORUNIV,1749.4000244140625,1765.449951171875,1683.300048828125,1697.4000244140625,182018
2024-06-24,CARBORUNIV,1685.0,1727.3499755859375,1683.300048828125,1689.949951171875,102579
2024-06-25,CARBORUNIV,1689.949951171875,1729.75,1672.050048828125,1716.300048828125,75153
2024-06-26,CARBORUNIV,1728.0,1740.3499755859375,1668.0,1689.5,91137
2024-06-27,CARBORUNIV,1692.8499755859375,1724.0,1685.8499755859375,1698.6500244140625,202994
2024-06-28,CARBORUNIV,1700.8499755859375,1713.8499755859375,1664.0,1669.75,403435
2024-06-03,CARERATING,1057.0,1057.0,1009.0499877929688,1025.75,40426
2024-06-04,CARERATING,1025.75,1048.0,941.0,975.7999877929688,115220
2024-06-05,CARERATING,965.0,1027.5,965.0,1013.25,40459
2024-06-06,CARERATING,1028.3499755859375,1064.949951171875,1028.0,1050.699951171875,38685
2024-06-07,CARERATING,1060.0,1062.0,1030.0,1036.0,27525
2024-06-10,CARERATING,1044.0,1077.3499755859375,1032.949951171875,1059.0999755859375,34859
2024-06-11,CARERATING,1063.0,1087.0,1054.4000244140625,1077.699951171875,27614
2024-06-12,CARERATING,1077.699951171875,1095.0,1075.550048828125,1090.25,25558
2024-06-13,CARERATING,1095.75,1100.0,1062.0,1076.550048828125,23893
2024-06-14,CARERATING,1087.300048828125,1109.0,1071.0,1085.949951171875,28445
2024-06-18,CARERATING,1085.949951171875,1088.0,1068.0,1084.4000244140625,25795
2024-06-19,CARERATING,1087.949951171875,1087.949951171875,1056.050048828125,1065.800048828125,32443
2024-06-20,CARERATING,1076.449951171875,1079.949951171875,1063.550048828125,1071.4000244140625,23771
2024-06-21,CARERATING,1067.4000244140625,1091.4000244140625,1057.050048828125,1072.3499755859375,34504
2024-06-24,CARERATING,1077.75,1079.949951171875,1060.4000244140625,1062.949951171875,12449
2024-06-25,CARERATING,1062.0,1068.25,1038.0,1046.800048828125,21541
2024-06-26,CARERATING,1046.800048828125,1065.050048828125,1039.949951171875,1050.6500244140625,122379
2024-06-27,CARERATING,1055.949951171875,1064.949951171875,1045.9000244140625,1050.199951171875,14686
2024-06-28,CARERATING,1050.199951171875,1071.0,1048.199951171875,1062.949951171875,17925
2024-06-03,CARTRADE,918.3499755859376,918.3499755859376,835.0499877929688,843.4500122070312,180155
2024-06-04,CARTRADE,839.6500244140625,839.6500244140625,756.5499877929688,782.75,161643
2024-06-05,CARTRADE,781.0,802.25,761.7999877929688,786.7000122070312,260998
2024-06-06,CARTRADE,786.75,807.2999877929688,766.3499755859375,773.9500122070312,510039
2024-06-07,CARTRADE,779.0,834.9500122070312,772.0,822.25,771953
2024-06-10,CARTRADE,823.5499877929688,825.9500122070312,802.5999755859375,806.8499755859375,321318
2024-06-11,CARTRADE,810.0,814.8499755859375,778.3499755859375,792.8499755859375,488382
2024-06-12,CARTRADE,792.8499755859375,815.0,792.0499877929688,810.3499755859375,143954
2024-06-13,CARTRADE,814.9000244140625,823.0,799.5999755859375,807.5,440407
2024-06-14,CARTRADE,810.5,817.0,797.0999755859375,805.9500122070312,411726
2024-06-18,CARTRADE,805.0,843.2000122070312,802.6500244140625,828.0,382964
2024-06-19,CARTRADE,837.0999755859375,840.0,816.0499877929688,832.0999755859375,162126
2024-06-20,CARTRADE,830.0,836.2000122070312,822.3499755859375,826.8499755859375,128968
2024-06-21,CARTRADE,840.0,864.4500122070312,827.7999877929688,857.7999877929688,376248
2024-06-24,CARTRADE,840.25,850.0999755859375,820.0,837.25,5364435
2024-06-25,CARTRADE,837.25,843.0,811.5499877929688,823.9000244140625,566610
2024-06-26,CARTRADE,815.0,818.75,780.2000122070312,786.1500244140625,311330
2024-06-27,CARTRADE,789.0,797.2000122070312,756.2000122070312,763.25,470141
2024-06-28,CARTRADE,767.9500122070312,783.9500122070312,754.0,779.6500244140625,724184
2024-06-03,CARYSIL,820.0,845.0,779.9500122070312,785.5999755859375,112540
2024-06-04,CARYSIL,780.0,801.0,725.1500244140625,774.3499755859375,141602
2024-06-05,CARYSIL,755.0499877929688,814.3499755859375,737.4000244140625,803.0999755859375,117551
2024-06-06,CARYSIL,815.1500244140625,829.7999877929688,791.5999755859375,797.3499755859375,67800
2024-06-07,CARYSIL,809.2999877929688,823.0,800.9000244140625,814.9000244140625,48326
2024-06-10,CARYSIL,814.9500122070312,879.9500122070312,814.9500122070312,860.9000244140625,127689
2024-06-11,CARYSIL,865.75,889.9500122070312,865.75,879.0499877929688,88676
2024-06-12,CARYSIL,885.7000122070312,887.9500122070312,860.0,862.25,55302
2024-06-13,CARYSIL,870.5499877929688,878.25,859.0,864.7999877929688,29552
2024-06-14,CARYSIL,864.7999877929688,872.6500244140625,856.3499755859375,857.4000244140625,30837
2024-06-18,CARYSIL,858.0,870.0,840.0,846.2000122070312,85262
2024-06-19,CARYSIL,845.0,845.0,830.0,835.4000244140625,46548
2024-06-20,CARYSIL,843.7000122070312,868.2000122070312,830.0499877929688,849.5499877929688,109293
2024-06-21,CARYSIL,849.5499877929688,857.5999755859375,840.0,844.0499877929688,42742
2024-06-24,CARYSIL,848.4500122070312,850.0,828.0,832.2000122070312,54600
2024-06-25,CARYSIL,840.2000122070312,840.25,822.2000122070312,831.7999877929688,66173
2024-06-26,CARYSIL,835.0,839.5999755859375,823.0,825.5,68354
2024-06-27,CARYSIL,820.0,837.0,815.2000122070312,826.25,59564
2024-06-28,CARYSIL,825.0,847.0,824.2000122070312,841.0999755859375,60468
2024-06-03,CASTROLIND,200.0,200.6499938964844,191.25,192.0500030517578,3738087
2024-06-04,CASTROLIND,192.75,193.0,167.0500030517578,180.6499938964844,3817455
2024-06-05,CASTROLIND,182.0,189.0,178.60000610351562,186.6499938964844,2016510
2024-06-06,CASTROLIND,188.5500030517578,192.0,187.0500030517578,188.0500030517578,2767627
2024-06-07,CASTROLIND,189.4499969482422,197.3000030517578,188.4499969482422,194.9499969482422,3914877
2024-06-10,CASTROLIND,196.9900054931641,205.4900054931641,195.6100006103516,202.02999877929688,7817870
2024-06-11,CASTROLIND,202.02999877929688,204.3000030517578,199.1100006103516,200.0500030517578,2555176
2024-06-12,CASTROLIND,201.6499938964844,209.1600036621093,201.009994506836,205.009994506836,7229667
2024-06-13,CASTROLIND,206.8999938964844,207.0,202.0,202.5,2466847
2024-06-14,CASTROLIND,203.8000030517578,206.6499938964844,202.1100006103516,203.92999267578125,3189203
2024-06-18,CASTROLIND,205.5,205.88999938964844,202.0,202.7100067138672,2481319
2024-06-19,CASTROLIND,203.4900054931641,208.58999633789065,203.009994506836,204.8699951171875,5634105
2024-06-20,CASTROLIND,205.8699951171875,212.0,205.009994506836,210.6999969482422,8841830
2024-06-21,CASTROLIND,212.6999969482422,214.3000030517578,208.4100036621093,210.63999938964844,5644052
2024-06-24,CASTROLIND,209.6100006103516,214.6000061035156,207.5,212.259994506836,5115276
2024-06-25,CASTROLIND,213.6999969482422,214.3000030517578,206.5,207.4199981689453,2521710
2024-06-26,CASTROLIND,207.4499969482422,210.9900054931641,203.69000244140625,205.47000122070312,3014187
2024-06-27,CASTROLIND,204.6999969482422,209.75,201.0,202.3999938964844,3449767
2024-06-28,CASTROLIND,202.6499938964844,207.3699951171875,199.8000030517578,200.6100006103516,3039711
2024-06-03,CCAVENUE,31.0,31.100000381469727,30.14999961853028,30.350000381469727,12917142
2024-06-04,CCAVENUE,30.39999961853028,30.5,25.25,27.549999237060547,35215401
2024-06-05,CCAVENUE,28.39999961853028,29.14999961853028,27.100000381469727,28.950000762939453,16330362
2024-06-06,CCAVENUE,29.200000762939453,30.600000381469727,29.14999961853028,30.0,18615800
2024-06-07,CCAVENUE,30.200000762939453,31.450000762939453,29.850000381469727,30.89999961853028,19134333
2024-06-10,CCAVENUE,31.100000381469727,31.34000015258789,30.5,30.96999931335449,17597941
2024-06-11,CCAVENUE,31.14999961853028,31.229999542236328,30.51000022888184,30.68000030517578,12641207
2024-06-12,CCAVENUE,30.84000015258789,32.41999816894531,30.75,31.989999771118164,39438386
2024-06-13,CCAVENUE,32.20000076293945,32.349998474121094,31.51000022888184,31.709999084472656,13245283
2024-06-14,CCAVENUE,31.709999084472656,32.279998779296875,31.270000457763672,32.09000015258789,21151770
2024-06-18,CCAVENUE,32.220001220703125,33.20000076293945,31.86000061035156,32.52000045776367,30481793
2024-06-19,CCAVENUE,32.61000061035156,32.849998474121094,31.739999771118164,31.89999961853028,14466675
2024-06-20,CCAVENUE,31.89999961853028,32.150001525878906,31.3700008392334,31.51000022888184,15961420
2024-06-21,CCAVENUE,31.3700008392334,32.16999816894531,31.01000022888184,31.799999237060547,18878676
2024-06-24,CCAVENUE,31.700000762939453,32.34000015258789,31.559999465942383,31.86000061035156,14824637
2024-06-25,CCAVENUE,32.099998474121094,32.25,31.5,31.559999465942383,7570359
2024-06-26,CCAVENUE,31.5,31.709999084472656,31.229999542236328,31.350000381469727,9037150
2024-06-27,CCAVENUE,31.36000061035156,31.479999542236328,30.61000061035156,30.75,7444840
2024-06-28,CCAVENUE,30.809999465942383,31.15999984741211,30.64999961853028,30.8700008392334,5849495
2024-06-03,CCCL,1.5,1.5,1.5,1.5,0
2024-06-04,CCCL,1.5,1.5,1.5,1.5,0
2024-06-05,CCCL,1.5,1.5,1.5,1.5,0
2024-06-06,CCCL,1.5,1.5,1.5,1.5,0
2024-06-07,CCCL,1.5,1.5,1.5,1.5,0
2024-06-10,CCCL,1.5,1.5,1.5,1.5,0
2024-06-11,CCCL,1.5,1.5,1.5,1.5,0
2024-06-12,CCCL,1.5,1.5,1.5,1.5,0
2024-06-13,CCCL,1.5,1.5,1.5,1.5,0
2024-06-14,CCCL,1.5,1.5,1.5,1.5,0
2024-06-18,CCCL,1.5,1.5,1.5,1.5,0
2024-06-19,CCCL,1.5,1.5,1.5,1.5,0
2024-06-20,CCCL,1.5,1.5,1.5,1.5,0
2024-06-21,CCCL,1.5,1.5,1.5,1.5,0
2024-06-24,CCCL,1.5,1.5,1.5,1.5,0
2024-06-25,CCCL,1.5,1.5,1.5,1.5,0
2024-06-26,CCCL,1.5,1.5,1.5,1.5,0
2024-06-27,CCCL,1.5,1.5,1.5,1.5,0
2024-06-28,CCCL,1.5,1.5,1.5,1.5,0
2024-06-03,CCHHL,16.350000381469727,17.149999618530273,15.5,15.649999618530272,413201
2024-06-04,CCHHL,15.800000190734863,15.800000190734863,14.100000381469728,14.600000381469728,720107
2024-06-05,CCHHL,14.850000381469728,15.300000190734863,14.0,15.100000381469728,652843
2024-06-06,CCHHL,15.600000381469728,16.200000762939453,15.199999809265137,16.049999237060547,184257
2024-06-07,CCHHL,16.75,18.200000762939453,16.0,17.899999618530273,1258404
2024-06-10,CCHHL,18.299999237060547,19.5,17.760000228881836,18.049999237060547,766196
2024-06-11,CCHHL,18.0,19.950000762939453,17.989999771118164,18.39999961853028,389975
2024-06-12,CCHHL,18.350000381469727,19.0,18.0,18.09000015258789,390809
2024-06-13,CCHHL,18.64999961853028,19.25,17.350000381469727,18.71999931335449,524203
2024-06-14,CCHHL,19.38999938964844,19.700000762939453,18.39999961853028,18.520000457763672,561686
2024-06-18,CCHHL,19.200000762939453,19.200000762939453,17.200000762939453,17.850000381469727,274658
2024-06-19,CCHHL,17.75,18.13999938964844,17.110000610351562,17.229999542236328,186734
2024-06-20,CCHHL,17.34000015258789,17.850000381469727,17.049999237060547,17.170000076293945,106080
2024-06-21,CCHHL,17.200000762939453,18.170000076293945,17.200000762939453,17.56999969482422,300236
2024-06-24,CCHHL,17.850000381469727,19.200000762939453,17.270000457763672,18.86000061035156,716674
2024-06-25,CCHHL,19.5,19.75,18.5,18.690000534057617,432905
2024-06-26,CCHHL,18.770000457763672,19.0,18.26000022888184,18.450000762939453,273774
2024-06-27,CCHHL,18.26000022888184,18.63999938964844,17.899999618530273,18.059999465942383,147455
2024-06-28,CCHHL,18.200000762939453,18.200000762939453,17.610000610351562,17.81999969482422,143422
2024-06-03,CCL,585.0,588.9500122070312,570.0499877929688,578.5,207248
2024-06-04,CCL,578.5,582.9500122070312,559.5,573.2000122070312,202632
2024-06-05,CCL,575.0,586.0,562.0,578.2999877929688,96064
2024-06-06,CCL,581.0,584.0,567.5,575.1500244140625,228618
2024-06-07,CCL,576.0,618.0,576.0,602.7999877929688,467558
2024-06-10,CCL,604.0,612.0,595.4000244140625,598.5999755859375,220200
2024-06-11,CCL,603.4500122070312,609.0,592.8499755859375,604.1500244140625,209975
2024-06-12,CCL,606.75,616.0999755859375,599.8499755859375,603.7000122070312,563797
2024-06-13,CCL,603.7000122070312,613.7000122070312,599.0,608.1500244140625,536993
2024-06-14,CCL,609.9500122070312,615.9500122070312,602.3499755859375,606.4000244140625,260778
2024-06-18,CCL,609.4500122070312,622.5999755859375,607.5999755859375,615.1500244140625,374795
2024-06-19,CCL,619.9000244140625,624.0,601.25,603.0999755859375,275050
2024-06-20,CCL,603.2000122070312,612.9000244140625,603.2000122070312,609.0499877929688,143236
2024-06-21,CCL,610.0,617.6500244140625,590.0,600.5,261916
2024-06-24,CCL,601.0,603.0,593.0,594.7000122070312,81709
2024-06-25,CCL,599.9500122070312,603.0,593.0,595.5499877929688,82601
2024-06-26,CCL,590.1500244140625,598.25,587.0,588.5999755859375,95112
2024-06-27,CCL,593.0,595.2000122070312,580.0,583.4000244140625,342476
2024-06-28,CCL,586.5,594.5999755859375,584.5999755859375,591.0499877929688,94982
2024-06-03,CDSL,1100.0,1100.0,1045.875,1077.925048828125,3069882
2024-06-04,CDSL,1077.925048828125,1077.925048828125,917.625,984.7000122070312,4946312
2024-06-05,CDSL,1001.625,1016.5,952.5999755859376,983.9500122070312,3136318
2024-06-06,CDSL,995.0,1027.9749755859375,995.0,1017.0999755859376,1811940
2024-06-07,CDSL,1020.0,1052.3499755859375,1011.5499877929688,1040.9000244140625,1912606
2024-06-10,CDSL,1045.0,1048.9749755859375,1030.0,1033.5250244140625,1052614
2024-06-11,CDSL,1037.0,1060.0,1030.199951171875,1043.925048828125,1303350
2024-06-12,CDSL,1046.9749755859375,1066.5,1043.125,1047.7750244140625,1295468
2024-06-13,CDSL,1055.0,1063.300048828125,1047.7750244140625,1051.0,1052576
2024-06-14,CDSL,1055.0,1069.9000244140625,1047.824951171875,1057.4000244140625,1534806
2024-06-18,CDSL,1057.5,1059.9749755859375,1034.5,1036.6500244140625,1688814
2024-06-19,CDSL,1040.0,1044.824951171875,1021.5250244140624,1025.800048828125,1239612
2024-06-20,CDSL,1026.9749755859375,1027.5,1016.5250244140624,1019.7249755859376,706312
2024-06-21,CDSL,1021.0,1034.5250244140625,1010.0499877929688,1013.5,1398250
2024-06-24,CDSL,1012.5,1019.1749877929688,1001.4500122070312,1016.3250122070312,722298
2024-06-25,CDSL,1019.0,1031.4000244140625,1012.75,1017.5750122070312,822538
2024-06-26,CDSL,1017.4500122070312,1021.0,1005.0,1008.625,661732
2024-06-27,CDSL,1007.5,1014.25,999.5999755859376,1003.0999755859376,1011650
2024-06-28,CDSL,1080.0,1203.699951171875,1060.050048828125,1193.625,43433092
2024-06-03,CEATLTD,2419.949951171875,2421.89990234375,2373.35009765625,2393.800048828125,89110
2024-06-04,CEATLTD,2419.949951171875,2420.0,2290.0,2352.10009765625,173965
2024-06-05,CEATLTD,2352.10009765625,2398.0,2275.0,2391.550048828125,113113
2024-06-06,CEATLTD,2400.0,2445.85009765625,2381.0,2440.699951171875,135043
2024-06-07,CEATLTD,2445.0,2467.800048828125,2422.050048828125,2456.050048828125,76166
2024-06-10,CEATLTD,2588.949951171875,2605.0,2478.050048828125,2531.449951171875,313492
2024-06-11,CEATLTD,2525.0,2534.949951171875,2505.35009765625,2524.800048828125,85452
2024-06-12,CEATLTD,2525.0,2545.0,2509.550048828125,2529.25,80910
2024-06-13,CEATLTD,2539.64990234375,2550.199951171875,2505.050048828125,2539.35009765625,65533
2024-06-14,CEATLTD,2550.0,2555.0,2525.0,2546.949951171875,78895
2024-06-18,CEATLTD,2565.0,2570.0,2465.39990234375,2515.10009765625,101719
2024-06-19,CEATLTD,2527.949951171875,2546.0,2479.0,2486.39990234375,68497
2024-06-20,CEATLTD,2492.0,2508.0,2476.0,2484.0,72214
2024-06-21,CEATLTD,2500.0,2540.0,2467.199951171875,2518.85009765625,108523
2024-06-24,CEATLTD,2539.89990234375,2539.89990234375,2450.0,2465.550048828125,100033
2024-06-25,CEATLTD,2483.0,2532.25,2452.0,2476.449951171875,99828
2024-06-26,CEATLTD,2478.800048828125,2585.0,2407.550048828125,2519.14990234375,192467
2024-06-27,CEATLTD,2523.0,2688.39990234375,2499.449951171875,2599.0,790601
2024-06-28,CEATLTD,2609.35009765625,2920.0,2591.85009765625,2821.85009765625,2383814
2024-06-03,CELEBRITY,18.700000762939453,19.39999961853028,17.200000762939453,17.399999618530273,438159
2024-06-04,CELEBRITY,17.5,17.5,14.649999618530272,15.899999618530272,321970
2024-06-05,CELEBRITY,15.899999618530272,17.5,15.149999618530272,17.049999237060547,202786
2024-06-06,CELEBRITY,17.450000762939453,18.0,16.899999618530273,17.850000381469727,272890
2024-06-07,CELEBRITY,17.549999237060547,18.0,17.25,17.700000762939453,182377
2024-06-10,CELEBRITY,18.14999961853028,18.700000762939453,17.649999618530273,18.13999938964844,280365
2024-06-11,CELEBRITY,18.63999938964844,18.63999938964844,17.90999984741211,17.979999542236328,93848
2024-06-12,CELEBRITY,18.299999237060547,18.690000534057617,17.649999618530273,17.790000915527344,205579
2024-06-13,CELEBRITY,18.010000228881836,18.31999969482422,17.799999237060547,17.889999389648438,100612
2024-06-14,CELEBRITY,18.14999961853028,18.5,17.709999084472656,18.270000457763672,422335
2024-06-18,CELEBRITY,18.270000457763672,18.799999237060547,18.200000762939453,18.209999084472656,321271
2024-06-19,CELEBRITY,18.020000457763672,18.549999237060547,17.850000381469727,18.11000061035156,170993
2024-06-20,CELEBRITY,18.0,19.290000915527344,18.0,18.799999237060547,329344
2024-06-21,CELEBRITY,19.450000762939453,19.979999542236328,18.549999237060547,18.770000457763672,585557
2024-06-24,CELEBRITY,18.989999771118164,19.61000061035156,18.450000762939453,19.030000686645508,327412
2024-06-25,CELEBRITY,19.100000381469727,19.5,18.71999931335449,18.950000762939453,170934
2024-06-26,CELEBRITY,19.040000915527344,19.75,18.950000762939453,19.39999961853028,545236
2024-06-27,CELEBRITY,19.21999931335449,19.75,18.88999938964844,19.059999465942383,245393
2024-06-28,CELEBRITY,19.190000534057617,19.489999771118164,18.709999084472656,18.790000915527344,140534
2024-06-03,CELLO,899.0,899.0,857.5999755859375,860.25,370759
2024-06-04,CELLO,848.25,848.25,810.0,833.75,214861
2024-06-05,CELLO,834.0,834.0,793.0999755859375,826.2999877929688,353429
2024-06-06,CELLO,839.0,854.5,825.0499877929688,829.8499755859375,165874
2024-06-07,CELLO,838.3499755859375,853.7999877929688,835.0499877929688,846.4000244140625,261582
2024-06-10,CELLO,849.9500122070312,881.0,847.0,864.2999877929688,229704
2024-06-11,CELLO,878.9000244140625,888.9000244140625,868.1500244140625,878.0,172659
2024-06-12,CELLO,888.9000244140625,904.9000244140624,860.0,864.9000244140625,254993
2024-06-13,CELLO,871.2999877929688,883.7999877929688,860.9000244140625,877.8499755859375,211448
2024-06-14,CELLO,877.8499755859375,884.9000244140625,864.0999755859375,874.2000122070312,193463
2024-06-18,CELLO,881.2000122070312,907.4500122070312,881.2000122070312,900.25,421006
2024-06-19,CELLO,905.25,913.0,890.0,899.75,231131
2024-06-20,CELLO,905.0,905.0,875.6500244140625,889.2999877929688,167470
2024-06-21,CELLO,889.0,925.0,879.5,908.7999877929688,2947984
2024-06-24,CELLO,904.9500122070312,911.2999877929688,887.0,889.5999755859375,86232
2024-06-25,CELLO,894.9500122070312,922.75,885.0,913.5499877929688,137035
2024-06-26,CELLO,913.9500122070312,916.9000244140624,885.0999755859375,889.9500122070312,122273
2024-06-27,CELLO,898.7999877929688,898.7999877929688,880.9500122070312,882.8499755859375,160771
2024-06-28,CELLO,891.7999877929688,891.7999877929688,875.4000244140625,880.4500122070312,46102
2024-06-03,CEMPRO,424.9500122070313,437.0,410.0499877929688,421.4500122070313,2377625
2024-06-04,CEMPRO,425.0,425.0,352.0,383.5,3312094
2024-06-05,CEMPRO,386.9500122070313,407.7999877929688,362.5499877929688,404.0499877929688,1913192
2024-06-06,CEMPRO,406.7000122070313,434.3999938964844,406.7000122070313,422.7999877929688,1688682
2024-06-07,CEMPRO,431.0,448.6000061035156,431.0,437.1000061035156,2113395
2024-06-10,CEMPRO,444.1000061035156,446.9500122070313,424.0,428.1499938964844,667680
2024-06-11,CEMPRO,430.5,446.8500061035156,430.5,442.9500122070313,1340932
2024-06-12,CEMPRO,443.9500122070313,464.0,443.1499938964844,449.7000122070313,1773788
2024-06-13,CEMPRO,452.9500122070313,469.7000122070313,452.8999938964844,465.9500122070313,1452472
2024-06-14,CEMPRO,468.2999877929688,478.0,463.8999938964844,469.7000122070313,949904
2024-06-18,CEMPRO,472.5,497.7000122070313,472.5,493.8500061035156,1723886
2024-06-19,CEMPRO,495.0,496.8999938964844,469.0,472.4500122070313,966144
2024-06-20,CEMPRO,474.3999938964844,480.3999938964844,468.25,478.3999938964844,580864
2024-06-21,CEMPRO,477.0,491.7999877929688,473.3500061035156,474.9500122070313,1061051
2024-06-24,CEMPRO,474.1000061035156,498.7000122070313,470.8999938964844,495.7999877929688,1412062
2024-06-25,CEMPRO,497.8500061035156,500.8500061035156,485.8999938964844,495.7000122070313,749360
2024-06-26,CEMPRO,497.2999877929688,529.8499755859375,495.7000122070313,517.8499755859375,3302307
2024-06-27,CEMPRO,528.0,537.9500122070312,514.0,519.4000244140625,2333403
2024-06-28,CEMPRO,524.0999755859375,530.0,508.5,525.6500244140625,775560
2024-06-03,CENTENKA,625.0,626.9000244140625,605.5,610.0999755859375,95670
2024-06-04,CENTENKA,610.0999755859375,610.7000122070312,520.9000244140625,549.0499877929688,117634
2024-06-05,CENTENKA,549.0,595.9000244140625,536.0,593.0999755859375,80945
2024-06-06,CENTENKA,585.5,608.8499755859375,585.5,592.4500122070312,75208
2024-06-07,CENTENKA,595.7999877929688,605.2999877929688,590.25,596.0499877929688,45302
2024-06-10,CENTENKA,596.0499877929688,630.9000244140625,596.0499877929688,615.9000244140625,84232
2024-06-11,CENTENKA,616.0,639.9500122070312,616.0,630.3499755859375,72316
2024-06-12,CENTENKA,630.3499755859375,638.0,625.5999755859375,634.0,32325
2024-06-13,CENTENKA,636.0,666.0,634.9500122070312,641.7999877929688,135557
2024-06-14,CENTENKA,649.0,662.0,640.8499755859375,648.4000244140625,51455
2024-06-18,CENTENKA,651.0,656.2000122070312,622.1500244140625,623.4500122070312,42704
2024-06-19,CENTENKA,629.7000122070312,632.0499877929688,617.4500122070312,619.7999877929688,19859
2024-06-20,CENTENKA,620.0,647.9000244140625,619.7999877929688,638.0999755859375,54089
2024-06-21,CENTENKA,638.0999755859375,643.0,626.5499877929688,629.0499877929688,30780
2024-06-24,CENTENKA,598.0,629.0,594.5499877929688,611.2999877929688,140932
2024-06-25,CENTENKA,611.3499755859375,624.4500122070312,601.0,604.9000244140625,31844
2024-06-26,CENTENKA,610.9500122070312,611.4000244140625,600.25,603.8499755859375,15398
2024-06-27,CENTENKA,609.9000244140625,609.9000244140625,575.0999755859375,580.2000122070312,49897
2024-06-28,CENTENKA,588.7000122070312,588.7000122070312,576.4500122070312,577.9500122070312,25162
2024-06-03,CENTEXT,19.350000381469727,19.39999961853028,18.100000381469727,18.600000381469727,199156
2024-06-04,CENTEXT,19.0,19.0,17.700000762939453,17.799999237060547,138502
2024-06-05,CENTEXT,17.899999618530273,17.899999618530273,16.950000762939453,17.200000762939453,128229
2024-06-06,CENTEXT,17.200000762939453,18.049999237060547,17.200000762939453,18.049999237060547,62061
2024-06-07,CENTEXT,18.75,19.850000381469727,18.450000762939453,19.700000762939453,252399
2024-06-10,CENTEXT,19.799999237060547,20.950000762939453,19.5,20.049999237060547,404203
2024-06-11,CENTEXT,20.200000762939453,20.40999984741211,19.549999237060547,19.709999084472656,164077
2024-06-12,CENTEXT,20.0,21.68000030517578,19.790000915527344,21.68000030517578,452692
2024-06-13,CENTEXT,23.200000762939453,23.700000762939453,21.799999237060547,22.39999961853028,958756
2024-06-14,CENTEXT,22.5,22.5,21.600000381469727,21.729999542236328,289757
2024-06-18,CENTEXT,21.979999542236328,22.0,21.09000015258789,21.26000022888184,267639
2024-06-19,CENTEXT,21.26000022888184,21.46999931335449,20.670000076293945,21.07999992370605,155477
2024-06-20,CENTEXT,21.07999992370605,22.799999237060547,21.07999992370605,22.25,399462
2024-06-21,CENTEXT,22.5,22.5,21.700000762939453,21.90999984741211,196413
2024-06-24,CENTEXT,22.200000762939453,22.25,21.5,22.059999465942383,232455
2024-06-25,CENTEXT,22.690000534057617,22.690000534057617,21.5,21.59000015258789,298372
2024-06-26,CENTEXT,21.59000015258789,21.59000015258789,21.1299991607666,21.18000030517578,113742
2024-06-27,CENTEXT,21.5,21.5,20.0,20.25,238035
2024-06-28,CENTEXT,20.38999938964844,20.989999771118164,20.07999992370605,20.31999969482422,147172
2024-06-03,CENTRALBK,68.05000305175781,73.0,65.80000305175781,72.30000305175781,95389337
2024-06-04,CENTRALBK,72.0,72.0,57.84999847412109,60.5,69488360
2024-06-05,CENTRALBK,62.0,63.84999847412109,57.900001525878906,61.75,28178521
2024-06-06,CENTRALBK,62.54999923706055,66.5,62.5,64.0999984741211,28076368
2024-06-07,CENTRALBK,64.4000015258789,65.5,63.59999847412109,64.80000305175781,15515685
2024-06-10,CENTRALBK,65.1500015258789,65.75,64.0,64.29000091552734,11849669
2024-06-11,CENTRALBK,64.48999786376953,65.12000274658203,63.43999862670898,63.97999954223633,10449934
2024-06-12,CENTRALBK,63.97999954223633,67.27999877929688,63.95000076293945,66.30999755859375,29022671
2024-06-13,CENTRALBK,67.0,67.0999984741211,65.2699966430664,65.76000213623047,13295899
2024-06-14,CENTRALBK,65.8499984741211,66.33999633789062,65.11000061035156,65.43000030517578,9793423
2024-06-18,CENTRALBK,65.55000305175781,65.81999969482422,64.79000091552734,64.93000030517578,8823568
2024-06-19,CENTRALBK,65.0999984741211,66.31999969482422,63.36000061035156,65.01000213623047,15633223
2024-06-20,CENTRALBK,65.51000213623047,67.75,65.0,65.33000183105469,25557624
2024-06-21,CENTRALBK,65.77999877929688,65.77999877929688,64.19999694824219,64.51000213623047,10121247
2024-06-24,CENTRALBK,64.55000305175781,65.33000183105469,63.58000183105469,64.13999938964844,7040196
2024-06-25,CENTRALBK,64.36000061035156,64.5999984741211,63.150001525878906,63.310001373291016,6575084
2024-06-26,CENTRALBK,63.70000076293945,64.37000274658203,62.619998931884766,62.88999938964844,8951244
2024-06-27,CENTRALBK,62.900001525878906,63.5,61.0099983215332,62.02999877929688,9760196
2024-06-28,CENTRALBK,62.25,64.87999725341797,62.25,62.790000915527344,12324184
2024-06-03,CENTRUM,39.84999847412109,40.150001525878906,38.0,38.20000076293945,1071397
2024-06-04,CENTRUM,38.0,38.20000076293945,33.20000076293945,35.349998474121094,1841216
2024-06-05,CENTRUM,35.0,37.900001525878906,34.099998474121094,37.09999847412109,904374
2024-06-06,CENTRUM,37.25,38.650001525878906,37.0,37.400001525878906,922268
2024-06-07,CENTRUM,37.400001525878906,39.5,37.150001525878906,39.0,996654
2024-06-10,CENTRUM,39.04999923706055,40.33000183105469,39.0099983215332,39.56999969482422,858721
2024-06-11,CENTRUM,39.95000076293945,40.900001525878906,39.56999969482422,40.36000061035156,1154626
2024-06-12,CENTRUM,40.59000015258789,41.45000076293945,39.97999954223633,40.27999877929688,1079539
2024-06-13,CENTRUM,40.4900016784668,40.72999954223633,39.56999969482422,40.2599983215332,857365
2024-06-14,CENTRUM,40.47999954223633,41.040000915527344,39.560001373291016,40.06999969482422,859418
2024-06-18,CENTRUM,40.150001525878906,41.04999923706055,40.08000183105469,40.72999954223633,1121744
2024-06-19,CENTRUM,41.04999923706055,42.150001525878906,40.290000915527344,40.540000915527344,2167888
2024-06-20,CENTRUM,40.70000076293945,40.70000076293945,40.060001373291016,40.33000183105469,962423
2024-06-21,CENTRUM,40.540000915527344,41.900001525878906,39.720001220703125,40.040000915527344,1627579
2024-06-24,CENTRUM,40.0,41.68000030517578,39.0099983215332,40.540000915527344,1511287
2024-06-25,CENTRUM,40.7400016784668,41.290000915527344,39.400001525878906,39.709999084472656,724749
2024-06-26,CENTRUM,39.70000076293945,40.20000076293945,38.86000061035156,39.22999954223633,1174396
2024-06-27,CENTRUM,39.29999923706055,40.119998931884766,38.40999984741211,38.560001373291016,832599
2024-06-28,CENTRUM,38.70000076293945,39.5,38.09999847412109,39.150001525878906,758509
2024-06-03,CENTUM,1799.5,1814.949951171875,1719.550048828125,1752.25,30717
2024-06-04,CENTUM,1752.25,1760.0,1451.3499755859375,1552.5999755859375,98637
2024-06-05,CENTUM,1670.0,1670.0,1506.0,1587.8499755859375,26072
2024-06-06,CENTUM,1602.0,1670.0,1601.949951171875,1639.4000244140625,13925
2024-06-07,CENTUM,1661.949951171875,1665.449951171875,1600.0,1615.25,32968
2024-06-10,CENTUM,1615.1500244140625,1699.0,1615.1500244140625,1695.25,35936
2024-06-11,CENTUM,1701.3499755859375,1735.949951171875,1631.550048828125,1679.449951171875,48285
2024-06-12,CENTUM,1670.199951171875,1684.0,1650.0,1665.75,11807
2024-06-13,CENTUM,1655.0,1699.0,1646.0,1653.300048828125,19145
2024-06-14,CENTUM,1655.75,1749.0,1653.25,1715.75,58241
2024-06-18,CENTUM,1730.0,1760.699951171875,1680.050048828125,1695.1500244140625,31233
2024-06-19,CENTUM,1712.0999755859375,1717.0999755859375,1661.699951171875,1669.449951171875,12775
2024-06-20,CENTUM,1672.3499755859375,1705.3499755859375,1671.300048828125,1683.0999755859375,17863
2024-06-21,CENTUM,1683.199951171875,1699.9000244140625,1660.0,1677.1500244140625,12876
2024-06-24,CENTUM,1679.5,1683.0,1652.0,1668.0999755859375,9245
2024-06-25,CENTUM,1667.0,1676.4000244140625,1651.949951171875,1664.3499755859375,13006
2024-06-26,CENTUM,1672.5999755859375,1675.0,1635.0,1646.0,9141
2024-06-27,CENTUM,1657.3499755859375,1691.199951171875,1636.0,1640.449951171875,20064
2024-06-28,CENTUM,1640.699951171875,1668.0,1620.0,1645.199951171875,7334
2024-06-03,CENTURYPLY,660.0,670.9500122070312,657.3499755859375,664.2999877929688,255804
2024-06-04,CENTURYPLY,664.2999877929688,670.0,622.4000244140625,649.8499755859375,195148
2024-06-05,CENTURYPLY,656.0,657.0,636.0,650.0999755859375,111728
2024-06-06,CENTURYPLY,652.9000244140625,678.0,652.9000244140625,670.9000244140625,102670
2024-06-07,CENTURYPLY,667.0,697.5999755859375,666.3499755859375,689.0999755859375,196858
2024-06-10,CENTURYPLY,690.0999755859375,710.0,690.0999755859375,692.4500122070312,144100
2024-06-11,CENTURYPLY,696.1500244140625,701.0,686.9500122070312,690.7000122070312,79417
2024-06-12,CENTURYPLY,692.0,693.2999877929688,678.0,681.6500244140625,122058
2024-06-13,CENTURYPLY,687.0,687.9500122070312,673.3499755859375,679.6500244140625,71254
2024-06-14,CENTURYPLY,683.0499877929688,701.5,682.7999877929688,699.9000244140625,291783
2024-06-18,CENTURYPLY,708.0,740.0,705.0,724.1500244140625,576464
2024-06-19,CENTURYPLY,730.0,733.2000122070312,719.75,722.4000244140625,195419
2024-06-20,CENTURYPLY,722.4000244140625,732.5,717.0,721.5,98213
2024-06-21,CENTURYPLY,723.9500122070312,724.9500122070312,703.0,706.0999755859375,110909
2024-06-24,CENTURYPLY,705.9000244140625,706.9500122070312,691.1500244140625,701.4500122070312,75010
2024-06-25,CENTURYPLY,705.0,715.0,698.0499877929688,702.25,173226
2024-06-26,CENTURYPLY,702.25,722.9000244140625,702.25,715.75,134426
2024-06-27,CENTURYPLY,723.2000122070312,753.0,720.0,747.6500244140625,549971
2024-06-28,CENTURYPLY,756.0,777.2999877929688,740.5999755859375,763.5499877929688,851332
2024-06-03,CERA,7099.0,7227.5,7055.0,7159.89990234375,72476
2024-06-04,CERA,7159.89990234375,7195.9501953125,6780.0498046875,6990.4501953125,15718
2024-06-05,CERA,6990.0,7006.9501953125,6810.0,6915.2998046875,16893
2024-06-06,CERA,6890.0,7288.14990234375,6890.0,7153.64990234375,15974
2024-06-07,CERA,7174.14990234375,7264.2001953125,7174.14990234375,7207.25,7835
2024-06-10,CERA,7279.9501953125,7530.89990234375,7225.14990234375,7357.75,22796
2024-06-11,CERA,7500.0,7618.60009765625,7300.0,7495.0,25267
2024-06-12,CERA,7569.9501953125,7570.25,7402.0,7416.7001953125,9066
2024-06-13,CERA,7527.9501953125,7650.0,7427.9501953125,7563.0,10824
2024-06-14,CERA,7580.0,7669.0,7530.35009765625,7649.14990234375,13632
2024-06-18,CERA,7799.7998046875,8260.0,7751.10009765625,8078.5498046875,114258
2024-06-19,CERA,8150.0,8186.0,7901.2001953125,8118.0,31725
2024-06-20,CERA,8152.7001953125,8345.0,8030.5,8295.4501953125,35998
2024-06-21,CERA,8300.0,9290.099609375,8300.0,9090.2998046875,300651
2024-06-24,CERA,9057.0,9450.0,8850.099609375,9142.25,139900
2024-06-25,CERA,9080.0,9190.4501953125,8900.0,9002.0,31514
2024-06-26,CERA,9010.0,9057.7001953125,8830.099609375,8995.5498046875,27854
2024-06-27,CERA,8956.0,9294.9501953125,8654.099609375,8755.2998046875,71050
2024-06-28,CERA,8900.0,8991.900390625,8645.0,8683.25,35178
2024-06-03,CESC,153.60000610351562,155.6999969482422,149.0,152.1999969482422,8353049
2024-06-04,CESC,152.0,152.0,121.8000030517578,131.35000610351562,11628696
2024-06-05,CESC,132.5,137.89999389648438,129.0500030517578,136.0500030517578,7889462
2024-06-06,CESC,138.0,143.5,137.0,142.35000610351562,5948404
2024-06-07,CESC,143.0,148.0,141.14999389648438,147.0,3092904
2024-06-10,CESC,147.8000030517578,148.69000244140625,146.10000610351562,146.72999572753906,3438212
2024-06-11,CESC,148.0,148.4499969482422,145.60000610351562,147.77000427246094,4086646
2024-06-12,CESC,147.8000030517578,150.0,146.52999877929688,148.8800048828125,3105917
2024-06-13,CESC,150.25,150.75,147.6999969482422,150.1199951171875,3889263
2024-06-14,CESC,150.1199951171875,150.50999450683594,148.11000061035156,149.75,3785962
2024-06-18,CESC,151.3000030517578,155.1999969482422,150.0,151.24000549316406,4558146
2024-06-19,CESC,152.10000610351562,152.75,146.44000244140625,149.4499969482422,3725588
2024-06-20,CESC,149.6999969482422,151.3000030517578,147.89999389648438,150.0800018310547,2716556
2024-06-21,CESC,150.2100067138672,153.25,150.0500030517578,150.77999877929688,2975386
2024-06-24,CESC,150.1699981689453,155.0,149.64999389648438,152.07000732421875,5502704
2024-06-25,CESC,152.8000030517578,153.6999969482422,150.8000030517578,151.4600067138672,2786627
2024-06-26,CESC,151.89999389648438,170.0,151.4600067138672,167.97999572753906,63690072
2024-06-27,CESC,169.39999389648438,171.1999969482422,164.0,165.25999450683594,15995220
2024-06-28,CESC,165.0,167.39999389648438,161.5500030517578,162.60000610351562,5023035
2024-06-03,CGCL,217.0,229.8000030517578,211.5500030517578,223.5500030517578,1561233
2024-06-04,CGCL,220.0,223.1000061035156,197.6999969482422,209.6499938964844,237673
2024-06-05,CGCL,210.8000030517578,218.5,201.9499969482422,214.5500030517578,205501
2024-06-06,CGCL,213.0,218.8500061035156,213.0,214.5500030517578,103496
2024-06-07,CGCL,213.9499969482422,218.0500030517578,212.0,215.1499938964844,138935
2024-06-10,CGCL,218.0,218.0500030517578,213.8000030517578,214.5599975585937,108499
2024-06-11,CGCL,214.5599975585937,216.8099975585937,212.8600006103516,213.83999633789065,127552
2024-06-12,CGCL,213.0,217.5500030517578,212.8099975585937,213.44000244140625,136342
2024-06-13,CGCL,215.69000244140625,216.2100067138672,212.509994506836,214.0399932861328,108891
2024-06-14,CGCL,214.5500030517578,226.8999938964844,213.009994506836,224.1999969482422,679031
2024-06-18,CGCL,229.0,234.0,220.3500061035156,222.5800018310547,764646
2024-06-19,CGCL,223.94000244140625,226.6100006103516,218.13999938964844,219.2400054931641,205865
2024-06-20,CGCL,219.2400054931641,226.4499969482422,219.1499938964844,222.759994506836,228510
2024-06-21,CGCL,222.6999969482422,225.5599975585937,218.4199981689453,220.25,417571
2024-06-24,CGCL,220.009994506836,221.92999267578125,214.83999633789065,216.5599975585937,199681
2024-06-25,CGCL,224.9499969482422,236.25,213.0500030517578,214.5,3844238
2024-06-26,CGCL,215.8999938964844,217.8500061035156,212.5,212.9199981689453,356456
2024-06-27,CGCL,220.0,223.4900054931641,212.1000061035156,214.2100067138672,624161
2024-06-28,CGCL,217.5,218.92999267578125,212.1199951171875,215.2100067138672,402463
2024-06-03,CGPOWER,700.0,700.0,661.7999877929688,686.25,5283814
2024-06-04,CGPOWER,686.25,686.25,549.0,627.0,9807581
2024-06-05,CGPOWER,649.0,664.0,570.25,627.6500244140625,10674892
2024-06-06,CGPOWER,645.0,670.0,640.2999877929688,656.2000122070312,4395241
2024-06-07,CGPOWER,655.0,666.2000122070312,647.3499755859375,663.5499877929688,2428883
2024-06-10,CGPOWER,667.0,669.0,652.0,654.75,1557726
2024-06-11,CGPOWER,656.0,667.4000244140625,653.4000244140625,662.0,2360936
2024-06-12,CGPOWER,666.7999877929688,680.4500122070312,663.5999755859375,666.1500244140625,2019240
2024-06-13,CGPOWER,675.75,677.7999877929688,662.7999877929688,667.75,1171905
2024-06-14,CGPOWER,669.0,694.7000122070312,663.5499877929688,688.7999877929688,4289392
2024-06-18,CGPOWER,694.0,698.4000244140625,683.2999877929688,686.0,2788650
2024-06-19,CGPOWER,686.9000244140625,688.9000244140625,673.0,675.4500122070312,1401771
2024-06-20,CGPOWER,675.9000244140625,686.0,668.0499877929688,679.9500122070312,1820440
2024-06-21,CGPOWER,684.5,690.75,672.8499755859375,680.2999877929688,2205201
2024-06-24,CGPOWER,675.1500244140625,735.0,671.7000122070312,701.75,7158076
2024-06-25,CGPOWER,708.0,733.0,686.5,692.0999755859375,5884793
2024-06-26,CGPOWER,699.0,706.9500122070312,684.0,685.2999877929688,2320809
2024-06-27,CGPOWER,680.2999877929688,701.0,680.2999877929688,697.75,2733855
2024-06-28,CGPOWER,702.0,709.0,690.0999755859375,704.7000122070312,2196512
2024-06-03,CHALET,818.0,818.0,752.9500122070312,784.6500244140625,280914
2024-06-04,CHALET,790.0,798.9500122070312,670.0,747.7999877929688,327289
2024-06-05,CHALET,762.8499755859375,774.9500122070312,723.7999877929688,770.3499755859375,99979
2024-06-06,CHALET,770.3499755859375,791.0,767.5499877929688,778.4500122070312,120070
2024-06-07,CHALET,778.4500122070312,827.0,776.9000244140625,821.3499755859375,233425
2024-06-10,CHALET,832.0,849.8499755859375,810.0,839.4500122070312,239973
2024-06-11,CHALET,839.0,862.0,831.0999755859375,839.9000244140625,170727
2024-06-12,CHALET,839.7999877929688,857.9500122070312,835.4000244140625,841.25,62123
2024-06-13,CHALET,844.0,854.5,823.1500244140625,825.2000122070312,76681
2024-06-14,CHALET,830.0,864.7999877929688,819.9000244140625,826.4000244140625,376544
2024-06-18,CHALET,830.0,843.9500122070312,808.9000244140625,818.25,145098
2024-06-19,CHALET,814.0,820.0,796.8499755859375,802.4500122070312,246927
2024-06-20,CHALET,802.4500122070312,830.3499755859375,800.5,823.25,87303
2024-06-21,CHALET,829.7000122070312,854.5999755859375,803.0,835.3499755859375,487169
2024-06-24,CHALET,848.7999877929688,870.0,834.5,842.1500244140625,221720
2024-06-25,CHALET,848.9000244140625,848.9000244140625,825.5499877929688,830.5,52473
2024-06-26,CHALET,830.5499877929688,833.9500122070312,809.2000122070312,813.9500122070312,56675
2024-06-27,CHALET,814.0499877929688,832.0,801.4000244140625,806.9500122070312,81814
2024-06-28,CHALET,807.4500122070312,820.0,800.0999755859375,803.3499755859375,56614
2024-06-03,CHAMBLFERT,404.0,411.0,396.2000122070313,407.1000061035156,1587585
2024-06-04,CHAMBLFERT,407.0,407.1000061035156,333.3999938964844,351.95001220703125,3350553
2024-06-05,CHAMBLFERT,357.95001220703125,398.3500061035156,352.3500061035156,390.6000061035156,2892490
2024-06-06,CHAMBLFERT,391.5,406.4500122070313,390.2999877929688,402.3500061035156,1850692
2024-06-07,CHAMBLFERT,402.3500061035156,410.1499938964844,396.5499877929688,407.8999938964844,1377333
2024-06-10,CHAMBLFERT,410.0,428.0,406.0,425.5499877929688,6070009
2024-06-11,CHAMBLFERT,428.4500122070313,429.6000061035156,420.5,423.25,2840002
2024-06-12,CHAMBLFERT,426.2000122070313,432.5,424.3500061035156,427.5,2396298
2024-06-13,CHAMBLFERT,429.6000061035156,437.0,424.3500061035156,434.8500061035156,2529158
2024-06-14,CHAMBLFERT,436.8999938964844,436.8999938964844,426.0,426.7000122070313,1348065
2024-06-18,CHAMBLFERT,427.3999938964844,439.8999938964844,422.5,438.3500061035156,2698236
2024-06-19,CHAMBLFERT,451.8999938964844,475.8500061035156,448.0,467.6499938964844,22423725
2024-06-20,CHAMBLFERT,470.0,561.1500244140625,465.25,557.8499755859375,60764962
2024-06-21,CHAMBLFERT,559.6500244140625,574.3499755859375,515.0999755859375,517.0999755859375,27868970
2024-06-24,CHAMBLFERT,503.5499877929688,537.0,501.0499877929688,521.7999877929688,8967004
2024-06-25,CHAMBLFERT,515.5,530.0,504.1000061035156,506.7000122070313,5636480
2024-06-26,CHAMBLFERT,505.7999877929688,525.9000244140625,497.2000122070313,520.5499877929688,6825961
2024-06-27,CHAMBLFERT,515.0,519.0,494.3500061035156,498.75,4034057
2024-06-28,CHAMBLFERT,502.3500061035156,513.8499755859375,498.2000122070313,506.7999877929688,5361805
2024-06-03,CHEMBOND,508.6000061035156,512.9000244140625,499.6000061035156,502.2999877929688,16026
2024-06-04,CHEMBOND,498.2000122070313,499.1499938964844,436.0,447.8999938964844,28247
2024-06-05,CHEMBOND,454.6000061035156,498.7999877929688,447.0499877929688,495.5499877929688,20829
2024-06-06,CHEMBOND,496.7999877929688,530.0,490.25,511.6000061035156,16830
2024-06-07,CHEMBOND,511.2000122070313,516.0,505.0,509.4500122070313,20805
2024-06-10,CHEMBOND,513.0,514.4500122070312,500.2000122070313,504.6499938964844,13343
2024-06-11,CHEMBOND,504.7000122070313,519.9000244140625,502.2999877929688,511.8500061035156,17354
2024-06-12,CHEMBOND,511.8500061035156,614.2000122070312,506.0,614.2000122070312,256628
2024-06-13,CHEMBOND,633.1500244140625,655.0,614.0499877929688,621.5,348425
2024-06-14,CHEMBOND,623.0,630.75,605.3499755859375,618.25,69848
2024-06-18,CHEMBOND,627.5,638.0,607.3499755859375,612.75,48443
2024-06-19,CHEMBOND,615.7999877929688,650.0,607.2000122070312,640.0499877929688,106261
2024-06-20,CHEMBOND,644.7999877929688,650.0,627.2999877929688,634.0999755859375,71999
2024-06-21,CHEMBOND,647.0,647.0,629.0,630.5999755859375,27240
2024-06-24,CHEMBOND,640.0499877929688,649.9000244140625,620.0,624.8499755859375,26631
2024-06-25,CHEMBOND,624.8499755859375,634.5999755859375,613.0,619.3499755859375,13099
2024-06-26,CHEMBOND,621.0999755859375,743.2000122070312,621.0999755859375,691.0999755859375,1089565
2024-06-27,CHEMBOND,691.9500122070312,698.7000122070312,639.0999755859375,645.25,165781
2024-06-28,CHEMBOND,654.7999877929688,662.0499877929688,615.7999877929688,624.4500122070312,76182
2024-06-03,CHEMCON,242.0500030517578,242.5,237.0,238.3999938964844,34365
2024-06-04,CHEMCON,238.3999938964844,238.3999938964844,225.5,231.1000061035156,86165
2024-06-05,CHEMCON,228.0,237.1999969482422,228.0,234.8999938964844,46233
2024-06-06,CHEMCON,235.8000030517578,240.6999969482422,235.6000061035156,236.6000061035156,41943
2024-06-07,CHEMCON,237.6999969482422,242.75,236.6000061035156,241.6499938964844,30840
2024-06-10,CHEMCON,244.8000030517578,250.9499969482422,243.0,247.1600036621093,65989
2024-06-11,CHEMCON,247.0,252.77999877929688,246.2100067138672,250.509994506836,57161
2024-06-12,CHEMCON,251.75,251.9900054931641,248.0,249.2899932861328,40952
2024-06-13,CHEMCON,250.0,253.8999938964844,248.0,249.47000122070312,42413
2024-06-14,CHEMCON,250.6999969482422,258.6000061035156,250.3999938964844,253.58999633789065,83011
2024-06-18,CHEMCON,259.70001220703125,259.70001220703125,253.0,253.6600036621093,29159
2024-06-19,CHEMCON,255.0,258.8999938964844,250.1000061035156,250.5,67064
2024-06-20,CHEMCON,251.4499969482422,274.989990234375,250.6100006103516,265.239990234375,486075
2024-06-21,CHEMCON,266.45001220703125,272.8900146484375,265.20001220703125,266.6300048828125,124235
2024-06-24,CHEMCON,263.6400146484375,269.8999938964844,260.8900146484375,267.95001220703125,81037
2024-06-25,CHEMCON,266.0,269.54998779296875,264.1000061035156,264.8999938964844,53260
2024-06-26,CHEMCON,265.79998779296875,266.54998779296875,261.1000061035156,262.6000061035156,47312
2024-06-27,CHEMCON,263.3999938964844,264.8900146484375,256.82000732421875,258.07000732421875,30018
2024-06-28,CHEMCON,259.29998779296875,259.5,255.22000122070312,256.3399963378906,42361
2024-06-03,CHEMFAB,551.0,565.0,549.0,556.0499877929688,11285
2024-06-04,CHEMFAB,556.0499877929688,556.2999877929688,500.4500122070313,535.75,13717
2024-06-05,CHEMFAB,525.75,559.4000244140625,513.0499877929688,551.9000244140625,11005
2024-06-06,CHEMFAB,555.0999755859375,593.9500122070312,552.0999755859375,567.9500122070312,10667
2024-06-07,CHEMFAB,566.8499755859375,580.0,566.8499755859375,574.9500122070312,4297
2024-06-10,CHEMFAB,568.0,589.2999877929688,565.0,585.2000122070312,10001
2024-06-11,CHEMFAB,606.0,643.7000122070312,579.7000122070312,643.7000122070312,34261
2024-06-12,CHEMFAB,660.9500122070312,708.0499877929688,655.0,688.0999755859375,160620
2024-06-13,CHEMFAB,688.0999755859375,688.0999755859375,645.0499877929688,654.2999877929688,55970
2024-06-14,CHEMFAB,652.0,662.0,640.1500244140625,650.7999877929688,16301
2024-06-18,CHEMFAB,671.0,671.0,630.0,635.7999877929688,18803
2024-06-19,CHEMFAB,645.0,645.4000244140625,616.0,622.7999877929688,16146
2024-06-20,CHEMFAB,625.9000244140625,641.3499755859375,613.0499877929688,631.0499877929688,13903
2024-06-21,CHEMFAB,625.5,657.7000122070312,625.5,634.9000244140625,19078
2024-06-24,CHEMFAB,648.5999755859375,648.5999755859375,625.0,627.25,7577
2024-06-25,CHEMFAB,632.25,635.0,617.1500244140625,628.6500244140625,8435
2024-06-26,CHEMFAB,629.4500122070312,630.0,611.1500244140625,618.8499755859375,13997
2024-06-27,CHEMFAB,628.8499755859375,629.9500122070312,596.25,598.9500122070312,26151
2024-06-28,CHEMFAB,595.0,616.9500122070312,580.0,606.5499877929688,22301
2024-06-03,CHEMPLASTS,472.0,495.0,472.0,489.8500061035156,139405
2024-06-04,CHEMPLASTS,492.0,495.0,441.8500061035156,465.2999877929688,136324
2024-06-05,CHEMPLASTS,463.0,481.5499877929688,457.25,477.0499877929688,126300
2024-06-06,CHEMPLASTS,483.0,495.0,478.0499877929688,484.3999938964844,92943
2024-06-07,CHEMPLASTS,491.6499938964844,494.3500061035156,479.0,491.2000122070313,88812
2024-06-10,CHEMPLASTS,495.9500122070313,563.7000122070312,402.7999877929688,544.7999877929688,4011275
2024-06-11,CHEMPLASTS,544.7999877929688,548.9500122070312,528.5999755859375,538.0999755859375,408271
2024-06-12,CHEMPLASTS,532.0,536.3499755859375,525.0,529.75,208740
2024-06-13,CHEMPLASTS,527.4000244140625,574.4000244140625,527.4000244140625,555.8499755859375,1628263
2024-06-14,CHEMPLASTS,562.75,633.9000244140625,562.75,621.5,6606156
2024-06-18,CHEMPLASTS,623.5499877929688,623.6500244140625,591.0499877929688,592.7999877929688,818620
2024-06-19,CHEMPLASTS,597.4000244140625,597.4500122070312,575.75,581.0999755859375,272606
2024-06-20,CHEMPLASTS,588.0999755859375,610.0,555.0,581.75,678021
2024-06-21,CHEMPLASTS,583.0,587.9000244140625,555.0999755859375,561.25,187295
2024-06-24,CHEMPLASTS,560.9000244140625,575.7000122070312,558.0999755859375,563.5999755859375,107892
2024-06-25,CHEMPLASTS,569.4000244140625,578.0,560.0,562.2999877929688,117114
2024-06-26,CHEMPLASTS,567.0,567.0,535.0,546.3499755859375,189151
2024-06-27,CHEMPLASTS,541.0,549.7000122070312,528.0,533.5,151057
2024-06-28,CHEMPLASTS,536.1500244140625,543.75,527.6500244140625,533.5,313074
2024-06-03,CHENNPETRO,948.0,979.9500122070312,932.5,973.25,1156332
2024-06-04,CHENNPETRO,970.0,970.0,794.2999877929688,872.2999877929688,1563522
2024-06-05,CHENNPETRO,880.0,904.7999877929688,858.0,891.9000244140625,717652
2024-06-06,CHENNPETRO,903.0,951.75,900.25,939.2999877929688,680471
2024-06-07,CHENNPETRO,940.0,957.7999877929688,933.5,953.7000122070312,436147
2024-06-10,CHENNPETRO,958.5,980.0,952.0,955.4000244140624,375594
2024-06-11,CHENNPETRO,960.0,990.9500122070312,948.6500244140624,969.0499877929688,864171
2024-06-12,CHENNPETRO,970.2000122070312,998.0,968.5999755859376,978.2000122070312,633685
2024-06-13,CHENNPETRO,984.1500244140624,994.9000244140624,975.0,979.8499755859376,604920
2024-06-14,CHENNPETRO,985.0,1009.0,981.3499755859376,986.9500122070312,1186448
2024-06-18,CHENNPETRO,996.0999755859376,1015.0,987.0,989.8499755859376,514736
2024-06-19,CHENNPETRO,999.0,999.4500122070312,958.5499877929688,974.0999755859376,527075
2024-06-20,CHENNPETRO,970.5,978.9500122070312,966.5499877929688,969.7000122070312,300222
2024-06-21,CHENNPETRO,969.7000122070312,986.4000244140624,965.0999755859376,968.8499755859376,288272
2024-06-24,CHENNPETRO,972.0,1008.9000244140624,950.5,968.1500244140624,1242304
2024-06-25,CHENNPETRO,975.0,978.0,955.7999877929688,958.9500122070312,403933
2024-06-26,CHENNPETRO,954.0499877929688,961.2000122070312,945.0499877929688,948.7999877929688,372673
2024-06-27,CHENNPETRO,951.9500122070312,966.4000244140624,945.0,956.0499877929688,295502
2024-06-28,CHENNPETRO,960.8499755859376,993.5999755859376,960.0,982.0999755859376,1173122
2024-06-03,CHEVIOT,1516.0,1519.9000244140625,1475.550048828125,1486.699951171875,14123
2024-06-04,CHEVIOT,1504.9000244140625,1504.9000244140625,1338.050048828125,1439.3499755859375,31373
2024-06-05,CHEVIOT,1465.0,1477.949951171875,1434.75,1465.5,9029
2024-06-06,CHEVIOT,1487.449951171875,1506.699951171875,1478.300048828125,1500.550048828125,11539
2024-06-07,CHEVIOT,1509.0,1524.0,1501.3499755859375,1514.0999755859375,6612
2024-06-10,CHEVIOT,1529.9000244140625,1545.0,1520.0,1538.550048828125,10799
2024-06-11,CHEVIOT,1548.0,1560.0,1522.6500244140625,1535.75,16596
2024-06-12,CHEVIOT,1550.0,1550.0,1515.0,1518.4000244140625,20573
2024-06-13,CHEVIOT,1541.199951171875,1574.0,1533.6500244140625,1569.3499755859375,29544
2024-06-14,CHEVIOT,1535.25,1540.300048828125,1505.6500244140625,1515.949951171875,10531
2024-06-18,CHEVIOT,1500.0999755859375,1513.0,1491.0,1506.199951171875,6010
2024-06-19,CHEVIOT,1506.199951171875,1508.75,1492.0,1494.5,2830
2024-06-20,CHEVIOT,1501.5,1534.949951171875,1495.050048828125,1523.800048828125,7431
2024-06-21,CHEVIOT,1524.199951171875,1580.0,1523.800048828125,1569.800048828125,21421
2024-06-24,CHEVIOT,1569.0,1600.0,1528.050048828125,1531.699951171875,10979
2024-06-25,CHEVIOT,1534.3499755859375,1562.25,1495.0,1499.300048828125,9572
2024-06-26,CHEVIOT,1499.800048828125,1515.699951171875,1459.5999755859375,1464.0999755859375,12433
2024-06-27,CHEVIOT,1454.0,1478.0,1420.25,1423.4000244140625,7137
2024-06-28,CHEVIOT,1426.199951171875,1455.0,1426.199951171875,1446.6500244140625,3172
2024-06-03,CHOICEIN,369.8999938964844,374.0,359.20001220703125,365.5,721486
2024-06-04,CHOICEIN,368.8999938964844,368.8999938964844,324.0,331.95001220703125,923081
2024-06-05,CHOICEIN,339.79998779296875,359.3999938964844,321.6000061035156,353.6499938964844,931167
2024-06-06,CHOICEIN,357.70001220703125,362.0,354.5,356.0,515998
2024-06-07,CHOICEIN,357.8999938964844,363.1000061035156,354.54998779296875,361.1000061035156,462644
2024-06-10,CHOICEIN,363.9500122070313,364.6000061035156,358.5,360.75,382092
2024-06-11,CHOICEIN,362.5,365.8999938964844,358.1000061035156,363.2999877929688,461982
2024-06-12,CHOICEIN,365.25,368.7999877929688,363.3500061035156,365.3500061035156,1092878
2024-06-13,CHOICEIN,366.8999938964844,369.0,366.0,366.8999938964844,691209
2024-06-14,CHOICEIN,368.25,375.8999938964844,367.2999877929688,370.0,741261
2024-06-18,CHOICEIN,375.8500061035156,375.8500061035156,371.0,372.5499877929688,438937
2024-06-19,CHOICEIN,374.7000122070313,378.0,367.25,374.0,749274
2024-06-20,CHOICEIN,375.4500122070313,379.6000061035156,373.6000061035156,377.0499877929688,639543
2024-06-21,CHOICEIN,379.0,380.4500122070313,376.0,378.5499877929688,520803
2024-06-24,CHOICEIN,378.0,382.5,374.7000122070313,380.7999877929688,324804
2024-06-25,CHOICEIN,382.4500122070313,385.2999877929688,380.5,382.4500122070313,690588
2024-06-26,CHOICEIN,383.5,451.2000122070313,382.1499938964844,383.9500122070313,1197222
2024-06-27,CHOICEIN,385.0,388.25,382.0,384.75,506518
2024-06-28,CHOICEIN,385.0,388.0,384.25,386.75,504288
2024-06-03,CHOLAFIN,1270.0,1294.949951171875,1263.8499755859375,1288.6500244140625,1873865
2024-06-04,CHOLAFIN,1300.0,1308.4000244140625,1197.5999755859375,1231.4000244140625,3974437
2024-06-05,CHOLAFIN,1220.0,1299.5999755859375,1219.800048828125,1288.5,1309669
2024-06-06,CHOLAFIN,1288.4000244140625,1344.0,1283.8499755859375,1335.699951171875,1742305
2024-06-07,CHOLAFIN,1350.0,1351.0,1325.300048828125,1337.8499755859375,1065686
2024-06-10,CHOLAFIN,1343.0,1369.0,1335.300048828125,1359.949951171875,1022484
2024-06-11,CHOLAFIN,1360.949951171875,1360.949951171875,1326.6500244140625,1332.300048828125,1135533
2024-06-12,CHOLAFIN,1344.699951171875,1369.199951171875,1328.949951171875,1359.050048828125,1060279
2024-06-13,CHOLAFIN,1374.0,1439.949951171875,1365.800048828125,1436.0999755859375,4792044
2024-06-14,CHOLAFIN,1435.0,1455.8499755859375,1431.050048828125,1447.0,1636769
2024-06-18,CHOLAFIN,1447.050048828125,1459.0,1434.5999755859375,1454.1500244140625,1278612
2024-06-19,CHOLAFIN,1461.0,1476.199951171875,1439.5,1450.6500244140625,1474026
2024-06-20,CHOLAFIN,1453.0,1453.0,1425.5,1438.699951171875,1128520
2024-06-21,CHOLAFIN,1438.699951171875,1448.0,1393.800048828125,1401.550048828125,1345648
2024-06-24,CHOLAFIN,1404.0,1441.6500244140625,1386.3499755859375,1434.75,925196
2024-06-25,CHOLAFIN,1442.5,1447.1500244140625,1405.699951171875,1431.3499755859375,1361328
2024-06-26,CHOLAFIN,1428.25,1448.0,1420.9000244140625,1430.25,693449
2024-06-27,CHOLAFIN,1436.0,1447.0,1414.1500244140625,1438.0999755859375,691354
2024-06-28,CHOLAFIN,1432.75,1439.4000244140625,1409.3499755859375,1423.5,1498054
2024-06-03,CHOLAHLDNG,1110.0,1116.4000244140625,1084.199951171875,1106.8499755859375,293178
2024-06-04,CHOLAHLDNG,1122.449951171875,1141.300048828125,1058.0,1095.25,334059
2024-06-05,CHOLAHLDNG,1095.25,1150.0,1093.550048828125,1131.0999755859375,97592
2024-06-06,CHOLAHLDNG,1133.0999755859375,1200.0,1133.050048828125,1158.699951171875,169494
2024-06-07,CHOLAHLDNG,1172.25,1230.199951171875,1164.8499755859375,1197.8499755859375,292747
2024-06-10,CHOLAHLDNG,1218.4000244140625,1266.75,1195.0,1241.5999755859375,485922
2024-06-11,CHOLAHLDNG,1246.050048828125,1260.0,1226.449951171875,1250.050048828125,368227
2024-06-12,CHOLAHLDNG,1250.050048828125,1270.0,1196.0999755859375,1243.9000244140625,184204
2024-06-13,CHOLAHLDNG,1237.949951171875,1286.0,1237.949951171875,1274.5,417646
2024-06-14,CHOLAHLDNG,1274.5,1300.0,1264.3499755859375,1287.8499755859375,436171
2024-06-18,CHOLAHLDNG,1299.9000244140625,1308.75,1277.4000244140625,1288.949951171875,153405
2024-06-19,CHOLAHLDNG,1290.0,1315.0,1279.800048828125,1290.75,271569
2024-06-20,CHOLAHLDNG,1297.800048828125,1310.0,1280.0999755859375,1286.800048828125,52206
2024-06-21,CHOLAHLDNG,1287.050048828125,1297.949951171875,1270.0,1280.550048828125,83619
2024-06-24,CHOLAHLDNG,1289.75,1307.0,1273.0999755859375,1287.75,439631
2024-06-25,CHOLAHLDNG,1294.5,1330.0,1290.4000244140625,1298.199951171875,101198
2024-06-26,CHOLAHLDNG,1298.550048828125,1313.25,1283.75,1287.75,37855
2024-06-27,CHOLAHLDNG,1290.5999755859375,1313.75,1276.0,1286.25,52989
2024-06-28,CHOLAHLDNG,1289.0999755859375,1530.0,1289.0999755859375,1453.5,3078861
2024-06-03,CIEINDIA,544.4500122070312,545.9500122070312,530.0999755859375,537.8499755859375,368964
2024-06-04,CIEINDIA,532.0,536.7000122070312,486.5499877929688,521.3499755859375,738069
2024-06-05,CIEINDIA,514.5,539.5499877929688,513.25,536.5,402337
2024-06-06,CIEINDIA,539.0,554.7000122070312,532.2999877929688,544.4000244140625,509471
2024-06-07,CIEINDIA,548.0,560.0,542.7999877929688,553.2999877929688,535850
2024-06-10,CIEINDIA,553.2999877929688,578.25,551.7000122070312,566.0999755859375,900492
2024-06-11,CIEINDIA,570.3499755859375,570.4500122070312,559.0,561.75,574860
2024-06-12,CIEINDIA,565.0,586.9000244140625,562.5499877929688,581.0,1150346
2024-06-13,CIEINDIA,581.0,585.0,575.0,580.0499877929688,835731
2024-06-14,CIEINDIA,585.0,589.0,568.0,569.5499877929688,295182
2024-06-18,CIEINDIA,578.0999755859375,586.5,574.0999755859375,582.0999755859375,354348
2024-06-19,CIEINDIA,584.7999877929688,584.7999877929688,569.5999755859375,572.0499877929688,237412
2024-06-20,CIEINDIA,572.0499877929688,580.5,565.5499877929688,568.4500122070312,218493
2024-06-21,CIEINDIA,570.0,579.0,561.0999755859375,565.2000122070312,365878
2024-06-24,CIEINDIA,567.7000122070312,574.3499755859375,558.5499877929688,569.8499755859375,177256
2024-06-25,CIEINDIA,573.9500122070312,577.9000244140625,566.4000244140625,572.7000122070312,173710
2024-06-26,CIEINDIA,576.4500122070312,581.9500122070312,569.25,575.5,210666
2024-06-27,CIEINDIA,575.0,589.0,563.0,582.7999877929688,442426
2024-06-28,CIEINDIA,589.2999877929688,594.6500244140625,568.0,572.2999877929688,531394
2024-06-03,CINELINE,124.5500030517578,126.8499984741211,121.4499969482422,123.8499984741211,109098
2024-06-04,CINELINE,126.0,126.0,116.0,118.5500030517578,29526
2024-06-05,CINELINE,120.0,120.0,112.8000030517578,117.1500015258789,91886
2024-06-06,CINELINE,116.0,120.0,116.0,117.4000015258789,34132
2024-06-07,CINELINE,118.3000030517578,125.0,118.25,121.3000030517578,12297
2024-06-10,CINELINE,122.87999725341795,127.0,122.12999725341795,126.2300033569336,43933
2024-06-11,CINELINE,125.98999786376952,131.8000030517578,124.13999938964844,128.52999877929688,42909
2024-06-12,CINELINE,127.5,131.19000244140625,127.25,127.91999816894533,34685
2024-06-13,CINELINE,127.0,134.0,127.0,132.5399932861328,76327
2024-06-14,CINELINE,134.6999969482422,138.0,129.80999755859375,132.94000244140625,146363
2024-06-18,CINELINE,135.89999389648438,135.89999389648438,130.0500030517578,130.07000732421875,46587
2024-06-19,CINELINE,132.6999969482422,133.9600067138672,126.0,129.80999755859375,67714
2024-06-20,CINELINE,129.80999755859375,134.19000244140625,127.0,128.72000122070312,58985
2024-06-21,CINELINE,131.77999877929688,132.0500030517578,128.0,131.4499969482422,39399
2024-06-24,CINELINE,130.36000061035156,142.5,128.8699951171875,141.11000061035156,189442
2024-06-25,CINELINE,141.55999755859375,147.0,139.58999633789062,141.52999877929688,212390
2024-06-26,CINELINE,143.64999389648438,144.89999389648438,133.80999755859375,135.42999267578125,84117
2024-06-27,CINELINE,135.4499969482422,139.10000610351562,129.5,130.3699951171875,36521
2024-06-28,CINELINE,130.3699951171875,134.9600067138672,127.5199966430664,129.08999633789062,34079
2024-06-03,CINEVISTA,18.200000762939453,19.0,17.299999237060547,18.049999237060547,34403
2024-06-04,CINEVISTA,18.200000762939453,18.200000762939453,17.200000762939453,17.350000381469727,32062
2024-06-05,CINEVISTA,17.899999618530273,17.899999618530273,16.600000381469727,17.549999237060547,5442
2024-06-06,CINEVISTA,16.899999618530273,18.39999961853028,16.899999618530273,18.39999961853028,23163
2024-06-07,CINEVISTA,18.049999237060547,19.14999961853028,17.75,18.850000381469727,20132
2024-06-10,CINEVISTA,18.850000381469727,19.239999771118164,17.899999618530273,18.68000030517578,37220
2024-06-11,CINEVISTA,18.68000030517578,18.68000030517578,17.899999618530273,18.39999961853028,12182
2024-06-12,CINEVISTA,18.39999961853028,18.84000015258789,17.600000381469727,18.3799991607666,46967
2024-06-13,CINEVISTA,17.610000610351562,19.049999237060547,17.610000610351562,18.170000076293945,16302
2024-06-14,CINEVISTA,18.38999938964844,18.57999992370605,18.0,18.200000762939453,19939
2024-06-18,CINEVISTA,18.25,18.5,17.350000381469727,18.489999771118164,18536
2024-06-19,CINEVISTA,17.84000015258789,18.75,17.799999237060547,18.56999969482422,28356
2024-06-20,CINEVISTA,18.89999961853028,18.89999961853028,18.020000457763672,18.3700008392334,23799
2024-06-21,CINEVISTA,18.3700008392334,18.780000686645508,18.299999237060547,18.540000915527344,35438
2024-06-24,CINEVISTA,18.15999984741211,19.13999938964844,17.760000228881836,18.56999969482422,14857
2024-06-25,CINEVISTA,18.200000762939453,18.940000534057617,17.639999389648438,18.530000686645508,26906
2024-06-26,CINEVISTA,18.200000762939453,18.690000534057617,17.950000762939453,18.31999969482422,12676
2024-06-27,CINEVISTA,18.0,18.729999542236328,17.899999618530273,18.06999969482422,16302
2024-06-28,CINEVISTA,18.0,18.489999771118164,17.5,17.969999313354492,33950
2024-06-03,CIPLA,1482.0,1483.0,1446.050048828125,1452.3499755859375,1335614
2024-06-04,CIPLA,1460.0,1476.949951171875,1418.550048828125,1462.550048828125,2049577
2024-06-05,CIPLA,1490.0,1514.0,1466.8499755859375,1496.949951171875,1834280
2024-06-06,CIPLA,1500.0,1501.0,1464.0,1477.0,1605122
2024-06-07,CIPLA,1484.0,1503.4000244140625,1479.300048828125,1497.25,1591055
2024-06-10,CIPLA,1506.9000244140625,1540.8499755859375,1502.0,1534.25,2751606
2024-06-11,CIPLA,1545.0,1546.449951171875,1527.0,1530.25,1699446
2024-06-12,CIPLA,1542.449951171875,1549.0,1532.0,1540.949951171875,1578793
2024-06-13,CIPLA,1550.0,1551.0,1520.4000244140625,1544.550048828125,1525789
2024-06-14,CIPLA,1545.0,1567.0,1535.800048828125,1564.75,1845043
2024-06-18,CIPLA,1570.0,1576.949951171875,1563.5999755859375,1574.800048828125,2068897
2024-06-19,CIPLA,1577.4000244140625,1582.0,1553.4000244140625,1559.800048828125,1881544
2024-06-20,CIPLA,1558.0,1559.1500244140625,1540.0,1544.8499755859375,1705002
2024-06-21,CIPLA,1549.9000244140625,1562.9000244140625,1533.5,1541.550048828125,2613883
2024-06-24,CIPLA,1528.0,1528.0,1495.050048828125,1504.4000244140625,1283529
2024-06-25,CIPLA,1511.5999755859375,1517.800048828125,1495.5,1499.699951171875,1199626
2024-06-26,CIPLA,1503.699951171875,1507.199951171875,1475.0,1479.0999755859375,1930909
2024-06-27,CIPLA,1481.0,1486.199951171875,1465.300048828125,1480.9000244140625,2792582
2024-06-28,CIPLA,1486.300048828125,1492.199951171875,1476.050048828125,1480.800048828125,2087765
2024-06-03,CLEAN,1342.0,1342.0,1301.0999755859375,1303.6500244140625,86796
2024-06-04,CLEAN,1305.8499755859375,1314.0,1243.0,1278.3499755859375,156441
2024-06-05,CLEAN,1283.0,1313.1500244140625,1270.0,1298.699951171875,74551
2024-06-06,CLEAN,1299.449951171875,1321.0,1299.449951171875,1302.5,109605
2024-06-07,CLEAN,1305.0999755859375,1329.0,1303.199951171875,1320.199951171875,213183
2024-06-10,CLEAN,1333.0,1349.0,1318.5,1324.449951171875,114185
2024-06-11,CLEAN,1347.3499755859375,1388.0,1331.300048828125,1370.5,244705
2024-06-12,CLEAN,1373.0,1392.9000244140625,1362.800048828125,1376.0999755859375,114998
2024-06-13,CLEAN,1376.5,1387.3499755859375,1363.0,1370.800048828125,62002
2024-06-14,CLEAN,1379.0,1380.0,1348.0,1350.25,99630
2024-06-18,CLEAN,1360.0,1371.449951171875,1339.0,1363.5,97191
2024-06-19,CLEAN,1364.0,1409.949951171875,1360.800048828125,1394.0999755859375,357661
2024-06-20,CLEAN,1408.0,1465.25,1402.0,1443.5999755859375,662404
2024-06-21,CLEAN,1480.0,1485.0,1440.0,1452.5999755859375,304882
2024-06-24,CLEAN,1445.0,1479.0,1415.550048828125,1465.300048828125,272633
2024-06-25,CLEAN,1465.300048828125,1470.5999755859375,1434.0,1460.949951171875,153327
2024-06-26,CLEAN,1460.0,1460.0,1429.0,1431.449951171875,93582
2024-06-27,CLEAN,1431.449951171875,1445.449951171875,1398.1500244140625,1411.449951171875,122569
2024-06-28,CLEAN,1412.3499755859375,1448.699951171875,1403.0,1430.5999755859375,92351
2024-06-03,CLEDUCATE,76.30000305175781,77.94999694824219,74.0999984741211,74.5,36222
2024-06-04,CLEDUCATE,74.5,74.55000305175781,63.79999923706055,71.0,71660
2024-06-05,CLEDUCATE,69.4000015258789,75.8499984741211,69.30000305175781,75.1500015258789,35286
2024-06-06,CLEDUCATE,74.1500015258789,77.8499984741211,74.1500015258789,76.5999984741211,26961
2024-06-07,CLEDUCATE,76.6500015258789,78.80000305175781,75.8499984741211,77.9000015258789,30146
2024-06-10,CLEDUCATE,78.55000305175781,84.33999633789062,78.02999877929688,82.69999694824219,122704
2024-06-11,CLEDUCATE,83.1500015258789,89.0999984741211,83.1500015258789,85.77999877929688,177736
2024-06-12,CLEDUCATE,86.44999694824219,91.51000213623048,86.44000244140625,88.43000030517578,218575
2024-06-13,CLEDUCATE,91.0,91.0,86.11000061035156,87.68000030517578,108570
2024-06-14,CLEDUCATE,87.54000091552734,89.4000015258789,87.0,88.55000305175781,111962
2024-06-18,CLEDUCATE,88.55000305175781,89.80000305175781,88.0,88.51000213623047,53087
2024-06-19,CLEDUCATE,89.16999816894531,90.0,85.61000061035156,86.33999633789062,121879
2024-06-20,CLEDUCATE,95.6999969482422,95.6999969482422,87.0999984741211,87.69000244140625,170426
2024-06-21,CLEDUCATE,88.80000305175781,90.22000122070312,86.83000183105469,88.19999694824219,79405
2024-06-24,CLEDUCATE,88.0,89.87999725341797,85.25,85.9000015258789,73502
2024-06-25,CLEDUCATE,86.0,87.9000015258789,85.01000213623047,85.33000183105469,36732
2024-06-26,CLEDUCATE,85.0,86.88999938964844,83.62999725341797,84.43000030517578,33935
2024-06-27,CLEDUCATE,84.05000305175781,85.0,82.55000305175781,83.58000183105469,56079
2024-06-28,CLEDUCATE,83.91999816894531,84.98999786376953,82.69999694824219,83.26000213623047,23595
2024-06-03,CLSEL,215.1000061035156,215.1000061035156,202.0500030517578,203.3500061035156,198477
2024-06-04,CLSEL,202.1999969482422,204.3500061035156,183.3500061035156,192.5500030517578,207858
2024-06-05,CLSEL,197.9499969482422,198.3000030517578,189.3999938964844,195.4499969482422,91123
2024-06-06,CLSEL,199.8999938964844,205.1999969482422,198.0,201.9499969482422,75821
2024-06-07,CLSEL,205.0,211.0,201.1999969482422,208.8000030517578,181892
2024-06-10,CLSEL,210.4499969482422,212.8000030517578,208.6100006103516,209.6499938964844,88544
2024-06-11,CLSEL,209.6499938964844,210.8600006103516,206.6100006103516,207.97000122070312,82714
2024-06-12,CLSEL,209.82000732421875,212.6999969482422,208.4199981689453,212.1300048828125,127684
2024-06-13,CLSEL,212.509994506836,219.5,212.1300048828125,217.1300048828125,167267
2024-06-14,CLSEL,219.8000030517578,223.5,215.88999938964844,218.19000244140625,141889
2024-06-18,CLSEL,218.1999969482422,222.0800018310547,211.3500061035156,213.009994506836,118775
2024-06-19,CLSEL,214.97999572753903,214.97999572753903,208.3099975585937,209.97999572753903,81664
2024-06-20,CLSEL,210.0,213.9900054931641,208.7400054931641,209.5200042724609,112467
2024-06-21,CLSEL,210.19000244140625,212.5500030517578,209.0,210.009994506836,85680
2024-06-24,CLSEL,210.0500030517578,214.8999938964844,208.0500030517578,213.07000732421875,87446
2024-06-25,CLSEL,213.1499938964844,214.9499969482422,209.25,210.1499938964844,61665
2024-06-26,CLSEL,212.5,212.8999938964844,209.0,209.69000244140625,67808
2024-06-27,CLSEL,209.6000061035156,211.75,205.0,206.33999633789065,93527
2024-06-28,CLSEL,207.1499938964844,207.88999938964844,203.3000030517578,204.759994506836,72532
2024-06-03,CMSINFO,455.0,458.0,441.0499877929688,449.2000122070313,1229433
2024-06-04,CMSINFO,456.0,456.0,395.5499877929688,434.3500061035156,3533710
2024-06-05,CMSINFO,437.7000122070313,439.75,420.1499938964844,434.3999938964844,927507
2024-06-06,CMSINFO,439.75,461.7000122070313,438.6499938964844,458.7000122070313,1429598
2024-06-07,CMSINFO,461.6499938964844,474.0,461.0,465.0,1341680
2024-06-10,CMSINFO,470.0,478.7000122070313,468.2000122070313,474.5499877929688,740621
2024-06-11,CMSINFO,477.7999877929688,487.0,476.4500122070313,482.9500122070313,1005985
2024-06-12,CMSINFO,484.5,494.7999877929688,484.0,490.7999877929688,777453
2024-06-13,CMSINFO,498.0,502.3999938964844,485.2000122070313,487.2999877929688,781727
2024-06-14,CMSINFO,488.8500061035156,494.0,471.5,473.3500061035156,739992
2024-06-18,CMSINFO,476.8999938964844,485.3999938964844,467.7999877929688,468.8500061035156,801075
2024-06-19,CMSINFO,471.7999877929688,480.0,458.3500061035156,461.3500061035156,1422201
2024-06-20,CMSINFO,460.3999938964844,469.7000122070313,456.7999877929688,460.2999877929688,871291
2024-06-21,CMSINFO,462.1000061035156,486.25,455.3500061035156,472.6499938964844,3337006
2024-06-24,CMSINFO,476.2000122070313,484.6000061035156,467.0,469.2999877929688,763470
2024-06-25,CMSINFO,472.3999938964844,478.5499877929688,466.3999938964844,476.5499877929688,393259
2024-06-26,CMSINFO,478.7000122070313,489.5499877929688,477.2999877929688,485.0,1521055
2024-06-27,CMSINFO,488.7000122070313,492.7999877929688,480.0,488.7000122070313,1981178
2024-06-28,CMSINFO,491.0,496.0,487.0,493.5499877929688,686296
2024-06-03,CNL,719.0,736.5,707.0999755859375,713.2000122070312,7687
2024-06-04,CNL,712.0,713.9500122070312,602.0999755859375,634.4500122070312,30357
2024-06-05,CNL,640.0499877929688,689.9500122070312,601.0999755859375,677.2999877929688,22679
2024-06-06,CNL,690.0,698.7000122070312,669.0999755859375,677.6500244140625,10551
2024-06-07,CNL,681.0999755859375,724.9000244140625,673.5499877929688,706.5999755859375,29719
2024-06-10,CNL,730.0,736.0,706.5999755859375,728.25,7798
2024-06-11,CNL,730.0,730.0,694.5,710.0499877929688,13961
2024-06-12,CNL,730.0,737.0,707.7999877929688,721.3499755859375,5302
2024-06-13,CNL,741.9000244140625,805.0,720.0,769.0,48292
2024-06-14,CNL,767.6500244140625,799.0,760.0,766.0499877929688,12002
2024-06-18,CNL,765.0,765.0,748.0,749.0999755859375,12062
2024-06-19,CNL,757.0,768.8499755859375,751.5999755859375,754.5,8470
2024-06-20,CNL,763.0,763.0,754.8499755859375,758.0999755859375,5467
2024-06-21,CNL,758.0999755859375,792.0,758.0999755859375,775.1500244140625,239276
2024-06-24,CNL,768.8499755859375,793.0,754.75,775.9500122070312,38501
2024-06-25,CNL,780.0,793.0,737.0,741.2000122070312,20994
2024-06-26,CNL,760.0,790.0,751.7000122070312,755.0499877929688,15669
2024-06-27,CNL,749.2000122070312,772.0,745.0,750.5,32013
2024-06-28,CNL,755.7999877929688,766.9500122070312,745.0,749.5,8854
2024-06-03,COALINDIA,515.0,527.4000244140625,505.5499877929688,512.3499755859375,24416215
2024-06-04,COALINDIA,512.3499755859375,512.4000244140625,410.7999877929688,441.8999938964844,48046493
2024-06-05,COALINDIA,452.0,462.8500061035156,425.1000061035156,460.5499877929688,18966089
2024-06-06,COALINDIA,470.0,484.3999938964844,464.6499938964844,472.9500122070313,21757857
2024-06-07,COALINDIA,473.0,481.2999877929688,467.6000061035156,479.1499938964844,8317343
2024-06-10,COALINDIA,485.0,488.0,475.5,477.7000122070313,10958537
2024-06-11,COALINDIA,482.0,483.5,475.2000122070313,476.3500061035156,11169021
2024-06-12,COALINDIA,481.0,494.2999877929688,479.3500061035156,488.7000122070313,15412796
2024-06-13,COALINDIA,493.8999938964844,493.8999938964844,483.5,487.8999938964844,7438571
2024-06-14,COALINDIA,487.8999938964844,492.3999938964844,485.25,486.9500122070313,5974636
2024-06-18,COALINDIA,492.0,492.8999938964844,485.2000122070313,489.0499877929688,6946544
2024-06-19,COALINDIA,489.3999938964844,491.2000122070313,476.5,477.9500122070313,8962510
2024-06-20,COALINDIA,481.0499877929688,487.3999938964844,471.5499877929688,483.1499938964844,7864157
2024-06-21,COALINDIA,483.1499938964844,491.3999938964844,479.0,480.2000122070313,10340882
2024-06-24,COALINDIA,480.0,480.0499877929688,472.0,473.7000122070313,11124175
2024-06-25,COALINDIA,475.8999938964844,477.9500122070313,465.2999877929688,469.25,7951999
2024-06-26,COALINDIA,470.25,471.8500061035156,465.0499877929688,468.75,6655899
2024-06-27,COALINDIA,468.75,469.0,461.5,467.0499877929688,14857335
2024-06-28,COALINDIA,470.0,476.0,468.0,473.1499938964844,8302706
2024-06-03,COASTCORP,46.0,46.0,44.61000061035156,44.95000076293945,75710
2024-06-04,COASTCORP,45.310001373291016,45.310001373291016,41.70000076293945,43.31999969482422,137785
2024-06-05,COASTCORP,43.31999969482422,44.0,42.66999816894531,43.88999938964844,44770
2024-06-06,COASTCORP,44.75,44.97999954223633,43.68000030517578,43.90999984741211,331290
2024-06-07,COASTCORP,44.31999969482422,46.27999877929688,44.20000076293945,45.150001525878906,774620
2024-06-10,COASTCORP,45.97999954223633,49.400001525878906,45.63999938964844,48.26800155639648,1294960
2024-06-11,COASTCORP,48.59999847412109,49.84999847412109,46.68999862670898,46.880001068115234,487755
2024-06-12,COASTCORP,47.79999923706055,47.95199966430664,46.40999984741211,46.77000045776367,188005
2024-06-13,COASTCORP,47.59999847412109,47.59999847412109,46.15999984741211,46.54399871826172,164730
2024-06-14,COASTCORP,47.09999847412109,47.09999847412109,45.07400131225586,45.51599884033203,266765
2024-06-18,COASTCORP,45.59999847412109,45.95600128173828,45.18999862670898,45.34000015258789,440305
2024-06-19,COASTCORP,45.62799835205078,47.880001068115234,44.99800109863281,46.96799850463867,545070
2024-06-20,COASTCORP,47.43999862670898,48.20000076293945,46.36000061035156,47.01599884033203,235895
2024-06-21,COASTCORP,47.41999816894531,47.47800064086914,45.29999923706055,45.96200180053711,256690
2024-06-24,COASTCORP,45.619998931884766,46.869998931884766,45.59999847412109,45.959999084472656,277430
2024-06-25,COASTCORP,46.172000885009766,46.36000061035156,45.59999847412109,45.71200180053711,95975
2024-06-26,COASTCORP,46.167999267578125,46.167999267578125,45.20000076293945,45.46799850463867,99220
2024-06-27,COASTCORP,46.150001525878906,46.150001525878906,45.20000076293945,45.63999938964844,95170
2024-06-28,COASTCORP,45.79999923706055,46.0,45.33000183105469,45.391998291015625,44650
2024-06-03,COCHINSHIP,2100.0,2100.0,2003.1500244140625,2013.0,4497698
2024-06-04,COCHINSHIP,2009.0,2009.0,1811.699951171875,1811.699951171875,5677652
2024-06-05,COCHINSHIP,1789.949951171875,1789.949951171875,1630.550048828125,1684.550048828125,7231598
2024-06-06,COCHINSHIP,1735.0,1853.0,1732.050048828125,1853.0,4699862
2024-06-07,COCHINSHIP,1870.0,1954.0,1862.8499755859373,1912.75,4406748
2024-06-10,COCHINSHIP,1933.3499755859373,1948.0,1885.0,1893.199951171875,1783567
2024-06-11,COCHINSHIP,1905.0,1946.949951171875,1880.0,1894.050048828125,1848739
2024-06-12,COCHINSHIP,1902.800048828125,1924.9000244140625,1887.0,1902.8499755859373,1431812
2024-06-13,COCHINSHIP,1912.4000244140625,2018.0,1890.0,2006.800048828125,5114642
2024-06-14,COCHINSHIP,2020.0,2175.0,1981.0,2122.35009765625,12077353
2024-06-18,COCHINSHIP,2137.699951171875,2334.550048828125,2132.35009765625,2320.800048828125,11963932
2024-06-19,COCHINSHIP,2360.0,2427.89990234375,2200.0,2256.199951171875,6356683
2024-06-20,COCHINSHIP,2259.0,2298.699951171875,2202.0,2231.949951171875,3461499
2024-06-21,COCHINSHIP,2232.0,2240.0,2108.050048828125,2132.25,3331150
2024-06-24,COCHINSHIP,2136.35009765625,2200.0,2113.449951171875,2143.14990234375,2758689
2024-06-25,COCHINSHIP,2153.0,2239.0,2145.14990234375,2188.550048828125,4874927
2024-06-26,COCHINSHIP,2205.10009765625,2275.25,2191.199951171875,2208.14990234375,4850979
2024-06-27,COCHINSHIP,2217.800048828125,2297.64990234375,2180.0,2238.5,5497856
2024-06-28,COCHINSHIP,2249.0,2270.0,2186.050048828125,2215.14990234375,2477956
2024-06-03,COFFEEDAY,56.59999847412109,57.0,54.70000076293945,55.29999923706055,2398149
2024-06-04,COFFEEDAY,55.29999923706055,55.45000076293945,47.09999847412109,50.650001525878906,5148097
2024-06-05,COFFEEDAY,51.70000076293945,53.79999923706055,49.84999847412109,53.25,2971080
2024-06-06,COFFEEDAY,53.34999847412109,54.70000076293945,53.29999923706055,54.09999847412109,1610973
2024-06-07,COFFEEDAY,54.400001525878906,54.84999847412109,53.79999923706055,54.04999923706055,1958211
2024-06-10,COFFEEDAY,54.0,55.400001525878906,53.90999984741211,54.34999847412109,1972082
2024-06-11,COFFEEDAY,54.54999923706055,57.52999877929688,53.900001525878906,56.900001525878906,4815299
2024-06-12,COFFEEDAY,57.5,58.34000015258789,56.900001525878906,57.52999877929688,2958210
2024-06-13,COFFEEDAY,57.540000915527344,59.70000076293945,56.40999984741211,58.52000045776367,4433972
2024-06-14,COFFEEDAY,58.70000076293945,58.88999938964844,56.79999923706055,57.060001373291016,1870052
2024-06-18,COFFEEDAY,57.400001525878906,57.400001525878906,56.150001525878906,56.63999938964844,1856280
2024-06-19,COFFEEDAY,56.70000076293945,57.060001373291016,54.79999923706055,55.06999969482422,2586413
2024-06-20,COFFEEDAY,55.09000015258789,58.70000076293945,55.09000015258789,56.83000183105469,7047469
2024-06-21,COFFEEDAY,57.400001525878906,58.02999877929688,56.25,56.93999862670898,2386005
2024-06-24,COFFEEDAY,57.0,57.810001373291016,55.400001525878906,57.06999969482422,2533924
2024-06-25,COFFEEDAY,57.25,59.18999862670898,56.02000045776367,56.16999816894531,4539045
2024-06-26,COFFEEDAY,56.20000076293945,57.22999954223633,56.0,56.11000061035156,1681791
2024-06-27,COFFEEDAY,56.25,56.400001525878906,55.0,55.58000183105469,1694511
2024-06-28,COFFEEDAY,55.75,56.95000076293945,55.220001220703125,55.31999969482422,1795265
2024-06-03,COFORGE,1020.9299926757812,1023.5999755859376,989.5700073242188,1003.3200073242188,4274130
2024-06-04,COFORGE,1014.0,1019.8699951171876,944.5900268554688,993.3900146484376,3130210
2024-06-05,COFORGE,989.5700073242188,1034.5999755859375,987.469970703125,1025.8199462890625,2013675
2024-06-06,COFORGE,1044.0,1054.43994140625,1034.81005859375,1042.530029296875,1604930
2024-06-07,COFORGE,1065.800048828125,1092.7099609375,1065.199951171875,1086.219970703125,6181555
2024-06-10,COFORGE,1092.0,1093.5999755859375,1038.9100341796875,1044.030029296875,5088070
2024-06-11,COFORGE,1051.0,1051.0,1033.5999755859375,1035.1700439453125,1870075
2024-06-12,COFORGE,1046.0,1053.0,1033.719970703125,1035.8399658203125,1591970
2024-06-13,COFORGE,1047.97998046875,1063.5999755859375,1040.0,1054.6500244140625,2647075
2024-06-14,COFORGE,1060.0,1060.0,1035.739990234375,1040.3499755859375,1772345
2024-06-18,COFORGE,1042.199951171875,1060.0,1032.4000244140625,1054.6199951171875,1999835
2024-06-19,COFORGE,1056.22998046875,1090.5,1043.8599853515625,1079.030029296875,4288780
2024-06-20,COFORGE,1086.989990234375,1086.989990234375,1062.0,1063.18994140625,1346075
2024-06-21,COFORGE,1084.449951171875,1104.0,1068.0,1076.6800537109375,5443680
2024-06-24,COFORGE,1076.0,1086.8800048828125,1066.699951171875,1070.3299560546875,1803715
2024-06-25,COFORGE,1072.0,1079.780029296875,1062.300048828125,1070.1300048828125,754355
2024-06-26,COFORGE,1079.0,1092.5699462890625,1061.0,1065.0699462890625,2002155
2024-06-27,COFORGE,1075.3199462890625,1090.989990234375,1060.0,1087.800048828125,2588010
2024-06-28,COFORGE,1085.010009765625,1109.5999755859375,1078.260009765625,1091.760009765625,3371570
2024-06-03,COHANCE,621.0,624.8499755859375,598.0,610.5,441486
2024-06-04,COHANCE,620.0,629.0,600.0499877929688,618.2000122070312,304741
2024-06-05,COHANCE,614.75,642.2000122070312,614.75,630.4500122070312,156464
2024-06-06,COHANCE,633.7999877929688,641.0499877929688,623.2999877929688,635.5499877929688,175224
2024-06-07,COHANCE,638.9000244140625,659.0,637.0999755859375,648.2999877929688,108056
2024-06-10,COHANCE,650.0,704.9500122070312,650.0,681.5999755859375,606932
2024-06-11,COHANCE,685.5,686.0,671.25,681.0499877929688,138007
2024-06-12,COHANCE,682.1500244140625,683.0499877929688,662.9000244140625,671.8499755859375,186935
2024-06-13,COHANCE,675.0,677.0,656.0,667.9500122070312,568182
2024-06-14,COHANCE,695.0,728.0,686.0,719.1500244140625,1115165
2024-06-18,COHANCE,725.0,757.6500244140625,725.0,748.4500122070312,873723
2024-06-19,COHANCE,753.0,753.0,730.8499755859375,734.4000244140625,227329
2024-06-20,COHANCE,734.25,738.9000244140625,710.5,724.0999755859375,263287
2024-06-21,COHANCE,724.0999755859375,725.5499877929688,706.3499755859375,713.9000244140625,160127
2024-06-24,COHANCE,719.0,719.0,696.0499877929688,699.2999877929688,218432
2024-06-25,COHANCE,700.0,727.6500244140625,700.0,720.5999755859375,781644
2024-06-26,COHANCE,726.9500122070312,746.9500122070312,722.0499877929688,729.25,466332
2024-06-27,COHANCE,732.5499877929688,807.5,729.2999877929688,787.3499755859375,3673466
2024-06-28,COHANCE,788.0,812.9500122070312,769.0999755859375,804.0,1126132
2024-06-03,COLPAL,2701.050048828125,2713.949951171875,2660.39990234375,2687.14990234375,383418
2024-06-04,COLPAL,2711.050048828125,2819.0,2670.699951171875,2809.75,1058943
2024-06-05,COLPAL,2811.0,3069.050048828125,2811.0,2960.050048828125,1085390
2024-06-06,COLPAL,2970.0,2970.0,2866.449951171875,2951.89990234375,433141
2024-06-07,COLPAL,2922.64990234375,2972.949951171875,2896.5,2963.5,582549
2024-06-10,COLPAL,2952.0,2973.699951171875,2931.89990234375,2944.199951171875,157056
2024-06-11,COLPAL,2960.0,3012.699951171875,2937.35009765625,2951.449951171875,314112
2024-06-12,COLPAL,2970.0,2970.35009765625,2933.35009765625,2955.5,238350
2024-06-13,COLPAL,2920.0,2966.449951171875,2904.0,2936.199951171875,204635
2024-06-14,COLPAL,2953.0,2974.39990234375,2936.199951171875,2952.60009765625,251796
2024-06-18,COLPAL,2972.10009765625,2979.0,2929.0,2945.699951171875,371522
2024-06-19,COLPAL,2960.0,2964.85009765625,2885.89990234375,2896.300048828125,185905
2024-06-20,COLPAL,2889.10009765625,2890.0,2826.14990234375,2855.60009765625,357825
2024-06-21,COLPAL,2860.0,2874.64990234375,2820.0,2826.25,424887
2024-06-24,COLPAL,2826.25,2849.699951171875,2815.0,2832.75,316253
2024-06-25,COLPAL,2840.0,2842.949951171875,2808.300048828125,2831.14990234375,363459
2024-06-26,COLPAL,2831.14990234375,2840.0,2785.5,2801.89990234375,327423
2024-06-27,COLPAL,2821.10009765625,2879.050048828125,2802.0,2840.75,1760608
2024-06-28,COLPAL,2869.25,2878.949951171875,2828.050048828125,2843.14990234375,287367
2024-06-03,COMPINFO,3.75,4.099999904632568,3.75,3.75,276833
2024-06-04,COMPINFO,3.5999999046325684,3.700000047683716,3.5999999046325684,3.5999999046325684,59363
2024-06-05,COMPINFO,3.450000047683716,3.450000047683716,3.450000047683716,3.450000047683716,56599
2024-06-06,COMPINFO,3.3499999046325684,3.450000047683716,3.299999952316284,3.299999952316284,131341
2024-06-07,COMPINFO,3.150000095367432,3.400000095367432,3.150000095367432,3.150000095367432,333140
2024-06-10,COMPINFO,3.0,3.299999952316284,2.990000009536743,3.049999952316284,434490
2024-06-11,COMPINFO,3.0,3.200000047683716,3.0,3.200000047683716,68732
2024-06-12,COMPINFO,3.359999895095825,3.359999895095825,3.359999895095825,3.359999895095825,4193
2024-06-13,COMPINFO,3.5199999809265137,3.5199999809265137,3.5199999809265137,3.5199999809265137,31138
2024-06-14,COMPINFO,3.690000057220459,3.690000057220459,3.690000057220459,3.690000057220459,15758
2024-06-18,COMPINFO,3.869999885559082,3.869999885559082,3.869999885559082,3.869999885559082,10392
2024-06-19,COMPINFO,4.059999942779541,4.059999942779541,4.059999942779541,4.059999942779541,148628
2024-06-20,COMPINFO,4.059999942779541,4.059999942779541,4.059999942779541,4.059999942779541,0
2024-06-21,COMPINFO,4.059999942779541,4.059999942779541,4.059999942779541,4.059999942779541,0
2024-06-24,COMPINFO,3.849999904632568,3.849999904632568,3.849999904632568,3.849999904632568,40298
2024-06-25,COMPINFO,3.849999904632568,3.849999904632568,3.849999904632568,3.849999904632568,0
2024-06-26,COMPINFO,3.849999904632568,3.849999904632568,3.849999904632568,3.849999904632568,0
2024-06-27,COMPINFO,3.849999904632568,3.849999904632568,3.849999904632568,3.849999904632568,0
2024-06-28,COMPINFO,3.849999904632568,3.849999904632568,3.849999904632568,3.849999904632568,0
2024-06-03,COMPUSOFT,28.75,28.950000762939453,28.100000381469727,28.299999237060547,89002
2024-06-04,COMPUSOFT,28.299999237060547,28.75,24.100000381469727,26.049999237060547,257268
2024-06-05,COMPUSOFT,26.5,26.950000762939453,25.25,26.14999961853028,150046
2024-06-06,COMPUSOFT,26.799999237060547,28.049999237060547,26.549999237060547,27.549999237060547,166155
2024-06-07,COMPUSOFT,27.600000381469727,29.25,27.600000381469727,28.700000762939453,128780
2024-06-10,COMPUSOFT,29.0,29.88999938964844,28.420000076293945,28.90999984741211,146203
2024-06-11,COMPUSOFT,29.350000381469727,30.82999992370605,28.700000762939453,30.09000015258789,418639
2024-06-12,COMPUSOFT,30.11000061035156,30.89999961853028,30.11000061035156,30.270000457763672,88314
2024-06-13,COMPUSOFT,30.520000457763672,30.520000457763672,29.100000381469727,29.31999969482422,100254
2024-06-14,COMPUSOFT,29.31999969482422,30.89999961853028,29.14999961853028,30.06999969482422,216056
2024-06-18,COMPUSOFT,30.0,30.290000915527344,29.26000022888184,29.420000076293945,115203
2024-06-19,COMPUSOFT,29.420000076293945,29.64999961853028,28.93000030517578,29.190000534057617,130181
2024-06-20,COMPUSOFT,29.25,30.68000030517578,29.25,29.450000762939453,173894
2024-06-21,COMPUSOFT,29.700000762939453,30.26000022888184,29.299999237060547,29.40999984741211,86143
2024-06-24,COMPUSOFT,29.440000534057617,29.93000030517578,29.01000022888184,29.40999984741211,124561
2024-06-25,COMPUSOFT,29.39999961853028,29.700000762939453,29.0,29.06999969482422,55295
2024-06-26,COMPUSOFT,29.0,30.299999237060547,28.6200008392334,29.049999237060547,169018
2024-06-27,COMPUSOFT,29.049999237060547,29.450000762939453,28.1200008392334,28.51000022888184,96720
2024-06-28,COMPUSOFT,28.739999771118164,28.920000076293945,28.209999084472656,28.36000061035156,60762
2024-06-03,COMSYN,66.55000305175781,69.25,65.05000305175781,66.05000305175781,13845
2024-06-04,COMSYN,67.0,68.94999694824219,58.0,61.54999923706055,13282
2024-06-05,COMSYN,60.54999923706055,63.5,59.150001525878906,63.150001525878906,8717
2024-06-06,COMSYN,64.25,69.4000015258789,63.75,66.25,10787
2024-06-07,COMSYN,66.25,68.69999694824219,64.44999694824219,66.8499984741211,15954
2024-06-10,COMSYN,67.79000091552734,68.01000213623047,65.30000305175781,67.29000091552734,9893
2024-06-11,COMSYN,66.19999694824219,69.69000244140625,65.05000305175781,65.7699966430664,21925
2024-06-12,COMSYN,67.5999984741211,68.87999725341797,65.5,67.95999908447266,42294
2024-06-13,COMSYN,69.20999908447266,71.0,67.22000122070312,67.98999786376953,57790
2024-06-14,COMSYN,69.31999969482422,70.87999725341797,66.88999938964844,68.70999908447266,44209
2024-06-18,COMSYN,68.70999908447266,74.4800033569336,68.70999908447266,72.29000091552734,73594
2024-06-19,COMSYN,72.2699966430664,74.04000091552734,70.08999633789062,72.83000183105469,51917
2024-06-20,COMSYN,72.83000183105469,74.05000305175781,70.0,70.70999908447266,49816
2024-06-21,COMSYN,71.45999908447266,72.4000015258789,69.5199966430664,70.83999633789062,41450
2024-06-24,COMSYN,71.98999786376953,71.98999786376953,70.0,70.05000305175781,36061
2024-06-25,COMSYN,71.20999908447266,71.44999694824219,68.44999694824219,69.0,48229
2024-06-26,COMSYN,69.33999633789062,73.95999908447266,68.0199966430664,72.47000122070312,356534
2024-06-27,COMSYN,75.8499984741211,78.6500015258789,71.61000061035156,76.5,188631
2024-06-28,COMSYN,77.98999786376953,78.5,74.41000366210938,76.4000015258789,73635
2024-06-03,CONCOR,1122.0,1180.0,1105.0,1174.25,7777140
2024-06-04,CONCOR,1180.0,1180.0,880.7000122070312,948.75,11525081
2024-06-05,CONCOR,979.0,1004.9000244140624,890.8499755859375,993.25,9725718
2024-06-06,CONCOR,1014.0,1074.300048828125,1005.0999755859376,1052.75,4231087
2024-06-07,CONCOR,1057.0,1060.0,1040.5,1054.800048828125,1823209
2024-06-10,CONCOR,1061.4000244140625,1073.8499755859375,1042.4000244140625,1054.949951171875,3010024
2024-06-11,CONCOR,1065.550048828125,1096.5,1052.6500244140625,1087.800048828125,4660360
2024-06-12,CONCOR,1096.0,1152.0,1089.6500244140625,1141.3499755859375,7365867
2024-06-13,CONCOR,1152.3499755859375,1153.4000244140625,1126.550048828125,1140.300048828125,1696148
2024-06-14,CONCOR,1140.0,1146.6500244140625,1124.5,1139.8499755859375,2423581
2024-06-18,CONCOR,1139.8499755859375,1144.949951171875,1131.300048828125,1140.300048828125,823281
2024-06-19,CONCOR,1140.0,1140.0,1101.0,1103.050048828125,2279630
2024-06-20,CONCOR,1100.050048828125,1113.550048828125,1087.0999755859375,1095.949951171875,1775105
2024-06-21,CONCOR,1098.0,1115.949951171875,1088.0,1090.9000244140625,1650747
2024-06-24,CONCOR,1080.050048828125,1081.5,1039.4000244140625,1049.3499755859375,5176051
2024-06-25,CONCOR,1059.949951171875,1061.949951171875,1048.300048828125,1051.4000244140625,1670151
2024-06-26,CONCOR,1051.4000244140625,1061.949951171875,1044.0,1047.300048828125,1596944
2024-06-27,CONCOR,1051.0,1058.300048828125,1029.3499755859375,1048.0,1175750
2024-06-28,CONCOR,1045.0999755859375,1054.5,1034.699951171875,1042.4000244140625,1250197
2024-06-03,CONCORDBIO,1478.0,1490.449951171875,1434.6500244140625,1446.9000244140625,92182
2024-06-04,CONCORDBIO,1450.0,1475.0,1327.050048828125,1413.0,115463
2024-06-05,CONCORDBIO,1456.8499755859375,1497.300048828125,1397.050048828125,1486.050048828125,123783
2024-06-06,CONCORDBIO,1506.0,1507.050048828125,1447.75,1467.0,146451
2024-06-07,CONCORDBIO,1465.0,1475.0,1450.050048828125,1453.5,48040
2024-06-10,CONCORDBIO,1461.9000244140625,1472.0,1441.0999755859375,1447.8499755859375,135781
2024-06-11,CONCORDBIO,1445.0,1456.949951171875,1442.050048828125,1448.949951171875,51485
2024-06-12,CONCORDBIO,1449.449951171875,1454.0,1426.050048828125,1431.550048828125,49844
2024-06-13,CONCORDBIO,1452.949951171875,1456.699951171875,1432.0,1444.699951171875,49398
2024-06-14,CONCORDBIO,1444.0,1545.9000244140625,1441.4000244140625,1530.5,221609
2024-06-18,CONCORDBIO,1534.9000244140625,1592.0,1526.6500244140625,1582.699951171875,97548
2024-06-19,CONCORDBIO,1585.25,1585.550048828125,1541.6500244140625,1575.9000244140625,43629
2024-06-20,CONCORDBIO,1576.5,1583.199951171875,1557.550048828125,1571.800048828125,54011
2024-06-21,CONCORDBIO,1574.75,1595.4000244140625,1547.550048828125,1559.6500244140625,78790
2024-06-24,CONCORDBIO,1541.300048828125,1559.949951171875,1516.0,1522.0,31956
2024-06-25,CONCORDBIO,1509.0,1555.0,1489.25,1541.25,54993
2024-06-26,CONCORDBIO,1520.0,1560.0,1460.5,1501.1500244140625,32629
2024-06-27,CONCORDBIO,1485.0,1585.0,1481.1500244140625,1561.25,91786
2024-06-28,CONCORDBIO,1575.0,1582.5999755859375,1527.0,1549.050048828125,39342
2024-06-03,CONFIPET,84.0,86.0,77.55000305175781,78.1500015258789,3248960
2024-06-04,CONFIPET,78.0,78.1500015258789,62.54999923706055,70.25,3639251
2024-06-05,CONFIPET,72.0,75.4000015258789,69.94999694824219,74.80000305175781,1289440
2024-06-06,CONFIPET,75.0999984741211,78.55000305175781,75.0999984741211,76.9000015258789,1338700
2024-06-07,CONFIPET,77.0,78.80000305175781,75.9000015258789,77.1500015258789,1225191
2024-06-10,CONFIPET,79.0,83.5,77.70999908447266,80.77999877929688,3094737
2024-06-11,CONFIPET,81.30000305175781,82.30000305175781,80.0999984741211,81.27999877929688,1036744
2024-06-12,CONFIPET,81.86000061035156,83.94999694824219,81.55000305175781,82.72000122070312,1287985
2024-06-13,CONFIPET,83.0999984741211,83.83000183105469,81.80000305175781,82.4000015258789,2128897
2024-06-14,CONFIPET,85.0,85.0,82.5999984741211,82.94999694824219,896436
2024-06-18,CONFIPET,83.0,84.9800033569336,81.5,82.91000366210938,1610802
2024-06-19,CONFIPET,83.31999969482422,83.31999969482422,81.0,81.58000183105469,735795
2024-06-20,CONFIPET,81.48999786376953,83.01000213623047,81.11000061035156,81.93000030517578,500097
2024-06-21,CONFIPET,82.75,86.5,81.66000366210938,84.30000305175781,3068127
2024-06-24,CONFIPET,84.22000122070312,86.30000305175781,82.30000305175781,84.13999938964844,1154534
2024-06-25,CONFIPET,84.38999938964844,84.87000274658203,83.0,83.16999816894531,526872
2024-06-26,CONFIPET,83.19999694824219,83.6500015258789,82.0,82.0199966430664,470133
2024-06-27,CONFIPET,82.30000305175781,82.62000274658203,80.0,81.08000183105469,645646
2024-06-28,CONFIPET,81.5,82.0,80.69000244140625,81.5,459429
2024-06-03,CONSOFINVT,210.1999969482422,214.3000030517578,205.0,205.8500061035156,35208
2024-06-04,CONSOFINVT,208.9499969482422,213.0,187.3000030517578,195.25,49551
2024-06-05,CONSOFINVT,193.0,200.0,190.0,193.1499938964844,49243
2024-06-06,CONSOFINVT,197.6499938964844,204.3500061035156,196.6499938964844,200.6999969482422,23350
2024-06-07,CONSOFINVT,203.6999969482422,206.6499938964844,200.0500030517578,201.4499969482422,25101
2024-06-10,CONSOFINVT,204.75,204.75,197.1000061035156,198.94000244140625,28645
2024-06-11,CONSOFINVT,200.0,203.8999938964844,198.8999938964844,199.8000030517578,21233
2024-06-12,CONSOFINVT,200.1600036621093,203.7700042724609,199.0,199.7400054931641,23630
2024-06-13,CONSOFINVT,200.0500030517578,204.19000244140625,198.2100067138672,198.9600067138672,21599
2024-06-14,CONSOFINVT,200.0,202.0,197.009994506836,197.47999572753903,26078
2024-06-18,CONSOFINVT,200.0,202.0,198.2100067138672,199.2700042724609,33107
2024-06-19,CONSOFINVT,200.3000030517578,200.8500061035156,191.8699951171875,192.8099975585937,53123
2024-06-20,CONSOFINVT,192.1300048828125,200.1999969482422,192.1300048828125,193.8000030517578,40352
2024-06-21,CONSOFINVT,194.8000030517578,197.0,191.009994506836,191.8000030517578,31569
2024-06-24,CONSOFINVT,192.009994506836,215.6600036621093,192.0,205.6999969482422,203522
2024-06-25,CONSOFINVT,209.8000030517578,209.8000030517578,198.1600036621093,199.6600036621093,71477
2024-06-26,CONSOFINVT,200.6999969482422,203.0,197.009994506836,197.9499969482422,24521
2024-06-27,CONSOFINVT,197.9499969482422,204.5,197.22999572753903,197.759994506836,25701
2024-06-28,CONSOFINVT,201.0,201.0,195.0,196.8500061035156,20391
2024-06-03,CONTROLPR,861.6500244140625,898.0,850.0,859.4500122070312,26825
2024-06-04,CONTROLPR,862.5,870.9000244140625,796.4000244140625,851.0999755859375,61017
2024-06-05,CONTROLPR,872.0,872.0,830.0499877929688,859.2999877929688,19135
2024-06-06,CONTROLPR,859.2999877929688,878.0499877929688,855.0,868.6500244140625,18791
2024-06-07,CONTROLPR,824.0999755859375,837.7999877929688,801.2000122070312,829.0,211527
2024-06-10,CONTROLPR,844.2000122070312,860.0,834.0,838.5,49740
2024-06-11,CONTROLPR,837.5499877929688,843.7000122070312,827.75,835.0499877929688,29777
2024-06-12,CONTROLPR,835.0,845.0,832.7000122070312,840.2000122070312,22861
2024-06-13,CONTROLPR,850.0,855.0,833.0999755859375,836.3499755859375,32067
2024-06-14,CONTROLPR,839.7999877929688,845.0,828.0,833.7999877929688,22883
2024-06-18,CONTROLPR,844.9500122070312,848.7000122070312,818.5,822.7000122070312,50943
2024-06-19,CONTROLPR,825.0499877929688,830.0,813.5,816.2000122070312,33639
2024-06-20,CONTROLPR,818.5,829.3499755859375,801.0999755859375,809.9500122070312,38812
2024-06-21,CONTROLPR,811.5,854.2999877929688,811.5,846.2999877929688,74438
2024-06-24,CONTROLPR,833.5999755859375,847.9000244140625,818.5999755859375,839.2000122070312,65484
2024-06-25,CONTROLPR,832.0,864.0499877929688,832.0,859.75,49796
2024-06-26,CONTROLPR,854.5,869.0,844.9500122070312,861.25,37640
2024-06-27,CONTROLPR,852.7000122070312,871.0,840.0,845.7000122070312,33511
2024-06-28,CONTROLPR,855.0999755859375,879.0,852.5999755859375,872.2000122070312,42305
2024-06-03,CORALFINAC,49.95000076293945,49.95000076293945,46.70000076293945,47.650001525878906,116726
2024-06-04,CORALFINAC,47.04999923706055,48.45000076293945,40.20000076293945,41.70000076293945,63117
2024-06-05,CORALFINAC,42.5,45.59999847412109,41.09999847412109,43.900001525878906,41800
2024-06-06,CORALFINAC,46.09999847412109,47.04999923706055,45.0,46.09999847412109,28688
2024-06-07,CORALFINAC,45.29999923706055,47.150001525878906,45.0,45.650001525878906,38373
2024-06-10,CORALFINAC,46.59999847412109,46.97999954223633,43.0,44.04999923706055,81417
2024-06-11,CORALFINAC,44.84999847412109,47.43999862670898,43.810001373291016,46.41999816894531,73176
2024-06-12,CORALFINAC,47.400001525878906,49.0,47.0,47.68000030517578,79785
2024-06-13,CORALFINAC,49.68000030517578,49.68000030517578,47.59999847412109,48.09999847412109,34070
2024-06-14,CORALFINAC,49.20000076293945,49.20000076293945,47.150001525878906,47.93999862670898,44639
2024-06-18,CORALFINAC,48.900001525878906,48.900001525878906,46.0,46.47999954223633,70633
2024-06-19,CORALFINAC,47.79999923706055,47.79999923706055,45.90999984741211,46.36000061035156,40318
2024-06-20,CORALFINAC,47.79999923706055,47.79999923706055,46.18999862670898,46.52000045776367,38929
2024-06-21,CORALFINAC,47.9900016784668,47.9900016784668,46.400001525878906,46.810001373291016,41793
2024-06-24,CORALFINAC,46.9900016784668,47.90999984741211,45.33000183105469,45.93000030517578,56177
2024-06-25,CORALFINAC,46.79999923706055,54.650001525878906,45.5,51.59999847412109,393278
2024-06-26,CORALFINAC,55.0,57.0,50.09999847412109,51.540000915527344,776600
2024-06-27,CORALFINAC,51.0,51.0,48.36000061035156,49.25,142250
2024-06-28,CORALFINAC,48.25,51.5,48.25,49.9900016784668,127785
2024-06-03,CORDSCABLE,224.9499969482422,224.9499969482422,205.6499938964844,208.8000030517578,84940
2024-06-04,CORDSCABLE,209.8500061035156,209.8500061035156,187.9499969482422,191.5,159901
2024-06-05,CORDSCABLE,191.5,200.0,182.5500030517578,196.0500030517578,103821
2024-06-06,CORDSCABLE,199.8999938964844,215.6499938964844,199.8999938964844,215.6499938964844,100524
2024-06-07,CORDSCABLE,227.8500061035156,254.3999938964844,226.0,243.75,660836
2024-06-10,CORDSCABLE,249.5,250.25,230.259994506836,233.9600067138672,132315
2024-06-11,CORDSCABLE,233.9900054931641,261.989990234375,233.9900054931641,248.1199951171875,319814
2024-06-12,CORDSCABLE,249.0,253.27999877929688,243.4100036621093,249.6100006103516,135265
2024-06-13,CORDSCABLE,250.3500061035156,254.47000122070312,241.0,251.17999267578125,120548
2024-06-14,CORDSCABLE,252.4900054931641,252.5,237.4100036621093,243.08999633789065,105581
2024-06-18,CORDSCABLE,250.9499969482422,251.1600036621093,243.0,247.9100036621093,72832
2024-06-19,CORDSCABLE,251.9499969482422,252.0,242.1600036621093,244.32000732421875,53570
2024-06-20,CORDSCABLE,245.1999969482422,260.0,243.88999938964844,247.1499938964844,141008
2024-06-21,CORDSCABLE,249.5800018310547,257.1499938964844,240.009994506836,253.7400054931641,108710
2024-06-24,CORDSCABLE,253.8999938964844,278.0,250.13999938964844,269.760009765625,442191
2024-06-25,CORDSCABLE,272.5,277.0,260.25,262.7799987792969,169401
2024-06-26,CORDSCABLE,262.7799987792969,262.7799987792969,247.6000061035156,253.08999633789065,127254
2024-06-27,CORDSCABLE,254.8000030517578,254.8000030517578,240.42999267578125,240.42999267578125,37023
2024-06-28,CORDSCABLE,235.0,240.0,228.3999938964844,236.94000244140625,73376
2024-06-03,COROMANDEL,1330.0,1346.4000244140625,1302.9000244140625,1341.25,610996
2024-06-04,COROMANDEL,1340.9000244140625,1340.9000244140625,1245.550048828125,1305.0,981300
2024-06-05,COROMANDEL,1311.9000244140625,1384.75,1292.050048828125,1369.800048828125,581495
2024-06-06,COROMANDEL,1370.800048828125,1395.0,1359.550048828125,1387.4000244140625,565986
2024-06-07,COROMANDEL,1405.0,1410.0,1382.8499755859375,1392.0999755859375,692105
2024-06-10,COROMANDEL,1405.0,1450.0999755859375,1387.0,1439.5,786180
2024-06-11,COROMANDEL,1442.949951171875,1483.0999755859375,1435.550048828125,1466.3499755859375,638822
2024-06-12,COROMANDEL,1465.050048828125,1490.0,1450.050048828125,1474.949951171875,452009
2024-06-13,COROMANDEL,1475.949951171875,1505.9000244140625,1471.050048828125,1498.3499755859375,406115
2024-06-14,COROMANDEL,1493.0,1534.75,1482.0999755859375,1508.800048828125,581505
2024-06-18,COROMANDEL,1508.800048828125,1542.300048828125,1490.550048828125,1530.1500244140625,742181
2024-06-19,COROMANDEL,1545.0,1594.9000244140625,1545.0,1573.0999755859375,1250531
2024-06-20,COROMANDEL,1576.0,1688.449951171875,1554.300048828125,1643.800048828125,2668159
2024-06-21,COROMANDEL,1640.0,1640.0,1544.0,1549.9000244140625,1218564
2024-06-24,COROMANDEL,1515.0999755859375,1551.949951171875,1493.3499755859375,1531.8499755859375,804153
2024-06-25,COROMANDEL,1540.0,1555.0,1517.0,1525.3499755859375,395928
2024-06-26,COROMANDEL,1527.449951171875,1576.449951171875,1521.0,1559.949951171875,746570
2024-06-27,COROMANDEL,1560.0,1590.0,1529.050048828125,1561.75,495746
2024-06-28,COROMANDEL,1561.25,1614.0,1555.75,1600.8499755859375,523177
2024-06-03,COSMOFIRST,580.0,580.9000244140625,549.2999877929688,572.5499877929688,53506
2024-06-04,COSMOFIRST,573.0,575.0,506.6000061035156,533.0999755859375,96643
2024-06-05,COSMOFIRST,534.0,566.0,525.0999755859375,559.4500122070312,48778
2024-06-06,COSMOFIRST,556.0,585.0,552.0,582.1500244140625,52550
2024-06-07,COSMOFIRST,582.1500244140625,599.0999755859375,582.0499877929688,594.7000122070312,52849
2024-06-10,COSMOFIRST,594.9000244140625,620.0,594.9000244140625,616.3499755859375,89959
2024-06-11,COSMOFIRST,616.7000122070312,654.5,608.5499877929688,643.25,227294
2024-06-12,COSMOFIRST,640.9000244140625,674.9000244140625,640.0499877929688,660.7000122070312,203928
2024-06-13,COSMOFIRST,661.0,675.0,660.0,671.7000122070312,70783
2024-06-14,COSMOFIRST,676.0,696.0,670.0,685.4000244140625,137397
2024-06-18,COSMOFIRST,688.0,709.7999877929688,685.2999877929688,703.7999877929688,152166
2024-06-19,COSMOFIRST,712.0,723.9500122070312,694.0999755859375,706.5,214895
2024-06-20,COSMOFIRST,711.0,798.1500244140625,710.0,784.8499755859375,1371369
2024-06-21,COSMOFIRST,797.9500122070312,798.0,764.0,787.2000122070312,218487
2024-06-24,COSMOFIRST,774.0,800.0,771.2999877929688,778.7999877929688,135819
2024-06-25,COSMOFIRST,778.0,810.0,766.0499877929688,786.1500244140625,81240
2024-06-26,COSMOFIRST,788.1500244140625,788.5,765.0499877929688,775.4500122070312,44877
2024-06-27,COSMOFIRST,785.0,805.0,769.0,777.0,80134
2024-06-28,COSMOFIRST,777.0,799.0,773.4000244140625,786.9500122070312,71153
2024-06-03,COUNCODOS,5.599999904632568,5.75,5.550000190734863,5.699999809265137,135049
2024-06-04,COUNCODOS,5.699999809265137,5.699999809265137,5.449999809265137,5.449999809265137,188354
2024-06-05,COUNCODOS,5.550000190734863,5.699999809265137,5.199999809265137,5.599999904632568,267838
2024-06-06,COUNCODOS,5.550000190734863,5.849999904632568,5.550000190734863,5.75,86418
2024-06-07,COUNCODOS,6.150000095367432,6.25,5.849999904632568,6.0,253334
2024-06-10,COUNCODOS,6.0,6.110000133514404,5.800000190734863,5.809999942779541,132045
2024-06-11,COUNCODOS,6.0,6.0,5.75,5.769999980926514,109368
2024-06-12,COUNCODOS,5.880000114440918,6.050000190734863,5.730000019073486,5.960000038146973,136225
2024-06-13,COUNCODOS,6.039999961853027,6.050000190734863,5.840000152587891,5.849999904632568,86020
2024-06-14,COUNCODOS,5.900000095367432,5.989999771118164,5.309999942779541,5.650000095367432,198298
2024-06-18,COUNCODOS,5.71999979019165,5.869999885559082,5.510000228881836,5.539999961853027,254964
2024-06-19,COUNCODOS,5.650000095367432,5.670000076293945,5.510000228881836,5.570000171661377,60976
2024-06-20,COUNCODOS,5.570000171661377,5.840000152587891,5.510000228881836,5.570000171661377,101943
2024-06-21,COUNCODOS,5.510000228881836,5.739999771118164,5.510000228881836,5.599999904632568,51083
2024-06-24,COUNCODOS,5.760000228881836,5.760000228881836,5.590000152587891,5.610000133514404,175275
2024-06-25,COUNCODOS,5.699999809265137,6.170000076293945,5.610000133514404,6.170000076293945,1655303
2024-06-26,COUNCODOS,6.170000076293945,6.28000020980835,5.940000057220459,6.059999942779541,815784
2024-06-27,COUNCODOS,5.849999904632568,6.039999961853027,5.78000020980835,5.789999961853027,157532
2024-06-28,COUNCODOS,5.869999885559082,5.869999885559082,5.449999809265137,5.650000095367432,749721
2024-06-03,CPCAP,393.3999938964844,393.3999938964844,378.25,392.4500122070313,75350
2024-06-04,CPCAP,392.0,392.0,372.8500061035156,372.8500061035156,33286
2024-06-05,CPCAP,354.20001220703125,376.0,354.20001220703125,366.3999938964844,134399
2024-06-06,CPCAP,363.0,384.7000122070313,363.0,384.6000061035156,91484
2024-06-07,CPCAP,391.0,402.8999938964844,382.1000061035156,384.2000122070313,184148
2024-06-10,CPCAP,381.0,387.8999938964844,368.1000061035156,369.7000122070313,64785
2024-06-11,CPCAP,369.75,374.25,366.5,368.7000122070313,35489
2024-06-12,CPCAP,368.2000122070313,371.0,360.1000061035156,362.1000061035156,68166
2024-06-13,CPCAP,370.5,370.5,363.1000061035156,365.3999938964844,33466
2024-06-14,CPCAP,368.5,368.5,354.29998779296875,358.54998779296875,63012
2024-06-18,CPCAP,366.9500122070313,392.7000122070313,361.25,376.9500122070313,148922
2024-06-19,CPCAP,379.2999877929688,394.5,379.2999877929688,390.7000122070313,95067
2024-06-20,CPCAP,394.0,416.7000122070313,391.5499877929688,409.1000061035156,144218
2024-06-21,CPCAP,410.8500061035156,427.5,386.2000122070313,402.3500061035156,129331
2024-06-24,CPCAP,401.7999877929688,406.25,395.0,398.25,36490
2024-06-25,CPCAP,403.8999938964844,410.0,395.0,403.2999877929688,48275
2024-06-26,CPCAP,399.25,406.2999877929688,398.7999877929688,400.2999877929688,27850
2024-06-27,CPCAP,400.2999877929688,407.4500122070313,392.0,396.25,34360
2024-06-28,CPCAP,398.1499938964844,405.0,386.0499877929688,390.6499938964844,34653
2024-06-03,CRAFTSMAN,4284.9501953125,4320.0,4202.0498046875,4281.4501953125,34207
2024-06-04,CRAFTSMAN,4300.0,4300.0,4100.0,4158.14990234375,125334
2024-06-05,CRAFTSMAN,4158.14990234375,4233.39990234375,4080.199951171875,4189.5498046875,123823
2024-06-06,CRAFTSMAN,4192.0,4328.0,4192.0,4299.2001953125,52353
2024-06-07,CRAFTSMAN,4330.2001953125,4390.0,4282.0,4371.4501953125,29727
2024-06-10,CRAFTSMAN,4410.0,4460.0,4370.0498046875,4439.39990234375,30237
2024-06-11,CRAFTSMAN,4453.2001953125,4476.2998046875,4382.0,4418.0,33152
2024-06-12,CRAFTSMAN,4415.0,4440.0,4342.10009765625,4393.7998046875,35596
2024-06-13,CRAFTSMAN,4400.0,4450.0,4400.0,4417.60009765625,22261
2024-06-14,CRAFTSMAN,4399.0,4755.39990234375,4399.0,4713.10009765625,384889
2024-06-18,CRAFTSMAN,4800.0,4812.2001953125,4659.60009765625,4768.2998046875,116996
2024-06-19,CRAFTSMAN,4840.0,4984.0,4770.75,4890.5,218616
2024-06-20,CRAFTSMAN,4939.9501953125,4950.0,4800.0,4845.5498046875,98578
2024-06-21,CRAFTSMAN,4850.10009765625,5004.0,4825.5498046875,4844.60009765625,96663
2024-06-24,CRAFTSMAN,4841.60009765625,4950.0,4804.39990234375,4830.75,45731
2024-06-25,CRAFTSMAN,4949.0,5690.0,4859.0,5463.7998046875,1803473
2024-06-26,CRAFTSMAN,5344.89990234375,5607.39990234375,5181.64990234375,5485.7998046875,450904
2024-06-27,CRAFTSMAN,5484.2001953125,5485.0,5386.5498046875,5458.5498046875,268559
2024-06-28,CRAFTSMAN,5358.9501953125,5667.75,5358.9501953125,5541.5498046875,190965
2024-06-03,CREATIVEYE,7.75,7.75,7.599999904632568,7.75,94868
2024-06-04,CREATIVEYE,8.100000381469727,8.100000381469727,7.400000095367432,7.400000095367432,204559
2024-06-05,CREATIVEYE,7.5,7.5,7.050000190734863,7.050000190734863,39619
2024-06-06,CREATIVEYE,6.699999809265137,6.699999809265137,6.699999809265137,6.699999809265137,12973
2024-06-07,CREATIVEYE,6.400000095367432,6.400000095367432,6.400000095367432,6.400000095367432,18635
2024-06-10,CREATIVEYE,6.099999904632568,6.71999979019165,6.079999923706055,6.599999904632568,122284
2024-06-11,CREATIVEYE,6.900000095367432,6.929999828338623,6.539999961853027,6.920000076293945,38043
2024-06-12,CREATIVEYE,7.260000228881836,7.260000228881836,7.0,7.260000228881836,36483
2024-06-13,CREATIVEYE,7.599999904632568,7.619999885559082,6.889999866485596,7.619999885559082,133762
2024-06-14,CREATIVEYE,8.0,8.0,7.510000228881836,8.0,86483
2024-06-18,CREATIVEYE,7.960000038146973,8.0,7.960000038146973,7.960000038146973,87677
2024-06-19,CREATIVEYE,7.800000190734863,7.900000095367432,7.800000190734863,7.800000190734863,28062
2024-06-20,CREATIVEYE,7.650000095367432,7.650000095367432,7.639999866485596,7.650000095367432,36589
2024-06-21,CREATIVEYE,7.489999771118164,7.650000095367432,7.489999771118164,7.489999771118164,12352
2024-06-24,CREATIVEYE,7.340000152587891,7.340000152587891,7.340000152587891,7.340000152587891,3008
2024-06-25,CREATIVEYE,7.190000057220459,7.340000152587891,7.190000057220459,7.190000057220459,3656
2024-06-26,CREATIVEYE,7.039999961853027,7.190000057220459,7.039999961853027,7.039999961853027,14904
2024-06-27,CREATIVEYE,7.179999828338623,7.179999828338623,7.039999961853027,7.179999828338623,7134
2024-06-28,CREATIVEYE,7.150000095367432,7.179999828338623,7.150000095367432,7.150000095367432,23278
2024-06-03,CREDITACC,1360.0,1368.0,1308.550048828125,1319.300048828125,364551
2024-06-04,CREDITACC,1335.0,1335.0,1190.0999755859375,1265.5999755859375,712467
2024-06-05,CREDITACC,1277.9000244140625,1417.949951171875,1250.25,1404.300048828125,746482
2024-06-06,CREDITACC,1411.949951171875,1515.0,1410.0,1500.300048828125,514680
2024-06-07,CREDITACC,1515.0,1551.949951171875,1484.300048828125,1500.25,415958
2024-06-10,CREDITACC,1514.0,1524.1500244140625,1486.0999755859375,1505.5999755859375,158445
2024-06-11,CREDITACC,1499.449951171875,1511.0,1487.050048828125,1496.449951171875,132809
2024-06-12,CREDITACC,1496.449951171875,1501.949951171875,1471.0,1477.4000244140625,99486
2024-06-13,CREDITACC,1480.0999755859375,1495.0,1471.050048828125,1482.6500244140625,93216
2024-06-14,CREDITACC,1480.050048828125,1493.9000244140625,1468.300048828125,1475.199951171875,230291
2024-06-18,CREDITACC,1493.800048828125,1524.9000244140625,1485.0,1496.050048828125,206462
2024-06-19,CREDITACC,1500.0,1500.949951171875,1462.3499755859375,1474.75,110141
2024-06-20,CREDITACC,1466.3499755859375,1485.4000244140625,1458.0999755859375,1481.199951171875,91755
2024-06-21,CREDITACC,1481.5999755859375,1482.5999755859375,1460.550048828125,1472.5999755859375,64045
2024-06-24,CREDITACC,1465.5,1479.5,1401.0,1407.699951171875,723916
2024-06-25,CREDITACC,1417.0,1421.0,1346.199951171875,1359.0999755859375,276149
2024-06-26,CREDITACC,1361.949951171875,1385.949951171875,1342.0999755859375,1359.050048828125,196794
2024-06-27,CREDITACC,1362.0,1381.949951171875,1325.0,1329.75,240223
2024-06-28,CREDITACC,1339.8499755859375,1357.9000244140625,1297.050048828125,1322.0999755859375,433529
2024-06-03,CREST,354.79998779296875,369.4500122070313,354.79998779296875,357.45001220703125,21713
2024-06-04,CREST,357.0,364.8999938964844,323.1000061035156,350.6000061035156,14027
2024-06-05,CREST,343.20001220703125,355.0,332.04998779296875,349.3999938964844,12155
2024-06-06,CREST,358.95001220703125,367.9500122070313,354.1000061035156,360.20001220703125,10977
2024-06-07,CREST,362.0,386.1000061035156,358.20001220703125,383.8999938964844,27119
2024-06-10,CREST,378.0,389.0,376.7999877929688,387.7000122070313,20246
2024-06-11,CREST,385.75,392.2999877929688,382.75,385.2000122070313,13873
2024-06-12,CREST,386.0499877929688,450.0,381.3500061035156,442.0499877929688,725009
2024-06-13,CREST,460.0,460.0,431.5499877929688,436.9500122070313,175391
2024-06-14,CREST,436.75,436.75,413.0,417.25,135579
2024-06-18,CREST,431.1000061035156,444.0499877929688,415.0,418.7000122070313,119669
2024-06-19,CREST,422.8999938964844,437.9500122070313,412.0,414.6499938964844,115580
2024-06-20,CREST,416.8999938964844,425.0499877929688,410.0,419.2999877929688,90332
2024-06-21,CREST,415.0,419.3999938964844,394.3999938964844,399.6000061035156,154548
2024-06-24,CREST,399.0,407.75,394.0,397.5499877929688,49026
2024-06-25,CREST,403.5,414.6000061035156,396.0,397.6499938964844,65494
2024-06-26,CREST,392.0,403.25,391.6000061035156,397.2000122070313,47153
2024-06-27,CREST,399.9500122070313,400.7000122070313,385.0499877929688,387.8500061035156,26961
2024-06-28,CREST,387.0499877929688,393.7999877929688,370.0,379.4500122070313,23186
2024-06-03,CRISIL,4249.5,4275.0,4032.0,4043.949951171875,51395
2024-06-04,CRISIL,4104.60009765625,4111.0,3880.0,4069.300048828125,60677
2024-06-05,CRISIL,4094.10009765625,4210.0,4001.35009765625,4187.2998046875,30301
2024-06-06,CRISIL,4200.0,4247.39990234375,4009.35009765625,4050.14990234375,59898
2024-06-07,CRISIL,4077.0,4122.64990234375,4035.14990234375,4067.60009765625,64568
2024-06-10,CRISIL,4121.9501953125,4138.25,4082.050048828125,4121.14990234375,27020
2024-06-11,CRISIL,4125.0,4152.60009765625,4098.2998046875,4114.2998046875,27704
2024-06-12,CRISIL,4139.5,4161.0,4082.199951171875,4127.5498046875,36798
2024-06-13,CRISIL,4160.0,4170.64990234375,4129.4501953125,4152.35009765625,15093
2024-06-14,CRISIL,4150.7001953125,4165.0,4101.0,4111.25,25506
2024-06-18,CRISIL,4111.25,4130.9501953125,4086.10009765625,4091.800048828125,43523
2024-06-19,CRISIL,4096.35009765625,4163.7001953125,4072.050048828125,4110.2001953125,32053
2024-06-20,CRISIL,4119.9501953125,4165.0,4110.2001953125,4156.7998046875,24045
2024-06-21,CRISIL,4170.0,4242.0,4125.0,4203.89990234375,69995
2024-06-24,CRISIL,4225.0,4237.9501953125,4193.7001953125,4219.2001953125,29249
2024-06-25,CRISIL,4219.2001953125,4298.0,4175.75,4203.7001953125,50141
2024-06-26,CRISIL,4235.0,4237.0,4138.0,4153.0498046875,20468
2024-06-27,CRISIL,4156.89990234375,4195.85009765625,4060.0,4070.050048828125,43983
2024-06-28,CRISIL,4106.64990234375,4305.0,4102.5,4251.89990234375,108957
2024-06-03,CROMPTON,400.9500122070313,402.0,390.6000061035156,395.6499938964844,1995891
2024-06-04,CROMPTON,396.2999877929688,399.5499877929688,358.0,376.7999877929688,3602304
2024-06-05,CROMPTON,374.0,405.0,371.3999938964844,402.25,5639983
2024-06-06,CROMPTON,405.7999877929688,408.8500061035156,397.0499877929688,399.9500122070313,4782193
2024-06-07,CROMPTON,404.0,406.4500122070313,394.5,397.3500061035156,2849110
2024-06-10,CROMPTON,398.0,415.6499938964844,395.8999938964844,411.7999877929688,7137516
2024-06-11,CROMPTON,415.5,419.7999877929688,410.25,411.2000122070313,2571903
2024-06-12,CROMPTON,411.2999877929688,423.5,408.5499877929688,422.2000122070313,3722848
2024-06-13,CROMPTON,423.3999938964844,426.3999938964844,418.6000061035156,425.0499877929688,2079757
2024-06-14,CROMPTON,426.0,429.0,421.2000122070313,426.5499877929688,2452871
2024-06-18,CROMPTON,428.8999938964844,431.7999877929688,422.25,428.6499938964844,3848024
2024-06-19,CROMPTON,430.0,436.1000061035156,423.0,424.5,2882216
2024-06-20,CROMPTON,427.1499938964844,429.8999938964844,421.3999938964844,428.8500061035156,1832711
2024-06-21,CROMPTON,427.0,436.5,422.7999877929688,426.5,4837219
2024-06-24,CROMPTON,423.6000061035156,433.5,414.5,431.0499877929688,3072536
2024-06-25,CROMPTON,432.7999877929688,433.8500061035156,427.4500122070313,430.1000061035156,1819355
2024-06-26,CROMPTON,428.0,431.1499938964844,419.8500061035156,428.5499877929688,3267799
2024-06-27,CROMPTON,428.5499877929688,428.5499877929688,415.1499938964844,417.5499877929688,3684088
2024-06-28,CROMPTON,417.5499877929688,419.8500061035156,404.25,405.2999877929688,5444991
2024-06-03,CROWN,235.8500061035156,244.9499969482422,235.8500061035156,235.8500061035156,26142
2024-06-04,CROWN,231.1499938964844,231.1499938964844,231.1499938964844,231.1499938964844,3269
2024-06-05,CROWN,226.5500030517578,226.5500030517578,226.5500030517578,226.5500030517578,5406
2024-06-06,CROWN,222.0500030517578,223.0,222.0500030517578,222.0500030517578,5053
2024-06-07,CROWN,226.4499969482422,226.4499969482422,217.6000061035156,226.4499969482422,12464
2024-06-10,CROWN,230.97000122070312,230.97000122070312,230.97000122070312,230.97000122070312,1324
2024-06-11,CROWN,235.5800018310547,235.5800018310547,235.5800018310547,235.5800018310547,3154
2024-06-12,CROWN,240.2899932861328,240.2899932861328,240.2899932861328,240.2899932861328,2636
2024-06-13,CROWN,245.08999633789065,245.08999633789065,245.08999633789065,245.08999633789065,1631
2024-06-14,CROWN,249.9900054931641,249.9900054931641,249.9900054931641,249.9900054931641,1183
2024-06-18,CROWN,262.4800109863281,262.4800109863281,257.0,262.4800109863281,28486
2024-06-19,CROWN,275.6000061035156,275.6000061035156,270.0,275.6000061035156,60192
2024-06-20,CROWN,289.3800048828125,289.3800048828125,280.0,289.3800048828125,53845
2024-06-21,CROWN,298.0,303.8399963378906,296.0,303.8399963378906,57204
2024-06-24,CROWN,314.70001220703125,314.79998779296875,288.6400146484375,293.3800048828125,43448
2024-06-25,CROWN,279.0,287.0,278.7099914550781,278.7099914550781,44112
2024-06-26,CROWN,264.7699890136719,292.6400146484375,264.7699890136719,282.760009765625,29650
2024-06-27,CROWN,282.0,296.8900146484375,281.0,296.8099975585937,25069
2024-06-28,CROWN,298.0,311.6499938964844,298.0,310.0599975585937,36337
2024-06-03,CSBBANK,340.0,346.6499938964844,331.0,344.70001220703125,573530
2024-06-04,CSBBANK,336.5,340.75,318.0,325.04998779296875,587320
2024-06-05,CSBBANK,332.0,335.75,324.5,332.79998779296875,108875
2024-06-06,CSBBANK,338.29998779296875,342.0,335.8500061035156,340.6000061035156,131121
2024-06-07,CSBBANK,340.75,347.75,337.70001220703125,345.0,383811
2024-06-10,CSBBANK,348.0,348.29998779296875,344.6000061035156,346.1000061035156,178589
2024-06-11,CSBBANK,347.5,358.70001220703125,344.8500061035156,351.54998779296875,252254
2024-06-12,CSBBANK,351.95001220703125,353.8500061035156,349.79998779296875,351.3500061035156,145664
2024-06-13,CSBBANK,353.1499938964844,354.70001220703125,343.45001220703125,345.25,320702
2024-06-14,CSBBANK,347.0,350.45001220703125,339.79998779296875,342.95001220703125,517274
2024-06-18,CSBBANK,342.95001220703125,351.1000061035156,339.3999938964844,347.79998779296875,375060
2024-06-19,CSBBANK,349.20001220703125,353.0,343.25,352.1000061035156,288713
2024-06-20,CSBBANK,353.8999938964844,358.3999938964844,350.3999938964844,352.8999938964844,275229
2024-06-21,CSBBANK,353.0,355.0,346.8999938964844,350.3500061035156,100950
2024-06-24,CSBBANK,350.0,350.04998779296875,344.6000061035156,345.45001220703125,160627
2024-06-25,CSBBANK,346.1000061035156,364.0,346.0,355.75,554629
2024-06-26,CSBBANK,357.3999938964844,358.75,354.25,355.95001220703125,219831
2024-06-27,CSBBANK,373.1000061035156,382.5,362.25,365.6499938964844,2576643
2024-06-28,CSBBANK,368.8999938964844,386.0,366.0499877929688,378.1499938964844,2009290
2024-06-03,CSLFINANCE,439.0,439.0,407.8999938964844,413.0499877929688,66350
2024-06-04,CSLFINANCE,410.2000122070313,412.0,385.6499938964844,400.5,84390
2024-06-05,CSLFINANCE,399.0,412.0,391.2999877929688,405.4500122070313,25915
2024-06-06,CSLFINANCE,408.2999877929688,421.7999877929688,408.25,418.8999938964844,31473
2024-06-07,CSLFINANCE,421.7999877929688,429.8500061035156,417.8999938964844,424.4500122070313,19028
2024-06-10,CSLFINANCE,425.6000061035156,430.0,417.1000061035156,419.1499938964844,14066
2024-06-11,CSLFINANCE,419.1499938964844,428.2999877929688,419.1499938964844,424.8500061035156,14805
2024-06-12,CSLFINANCE,421.8500061035156,468.8500061035156,420.2000122070313,461.0499877929688,175185
2024-06-13,CSLFINANCE,463.1000061035156,483.0,457.4500122070313,467.4500122070313,143083
2024-06-14,CSLFINANCE,467.8999938964844,471.7999877929688,455.1499938964844,459.7999877929688,72252
2024-06-18,CSLFINANCE,459.7999877929688,477.8999938964844,458.5499877929688,461.1000061035156,67005
2024-06-19,CSLFINANCE,461.0499877929688,475.0,456.7999877929688,464.2999877929688,41582
2024-06-20,CSLFINANCE,463.2999877929688,481.0,461.5499877929688,464.7999877929688,73170
2024-06-21,CSLFINANCE,466.7000122070313,489.75,459.0,463.9500122070313,146838
2024-06-24,CSLFINANCE,466.3999938964844,471.3999938964844,458.0499877929688,465.1000061035156,50733
2024-06-25,CSLFINANCE,465.1000061035156,470.3999938964844,459.9500122070313,464.6000061035156,30248
2024-06-26,CSLFINANCE,464.6000061035156,474.7999877929688,447.0,461.0,57350
2024-06-27,CSLFINANCE,455.0,463.3999938964844,436.3500061035156,443.25,61103
2024-06-28,CSLFINANCE,446.0,465.0,446.0,452.75,23549
2024-06-03,CTE,80.4000015258789,81.30000305175781,80.4000015258789,80.4000015258789,4796
2024-06-04,CTE,78.80000305175781,79.0,78.80000305175781,78.80000305175781,14997
2024-06-05,CTE,78.80000305175781,78.80000305175781,77.25,78.80000305175781,10390
2024-06-06,CTE,80.3499984741211,80.3499984741211,78.80000305175781,80.3499984741211,28670
2024-06-07,CTE,81.94999694824219,81.94999694824219,81.94999694824219,81.94999694824219,11007
2024-06-10,CTE,85.9000015258789,86.04000091552734,82.19999694824219,86.04000091552734,11826
2024-06-11,CTE,90.33999633789062,90.33999633789062,89.9800033569336,90.33999633789062,11745
2024-06-12,CTE,94.0,94.0,87.55999755859375,92.66000366210938,33216
2024-06-13,CTE,94.9000015258789,94.9000015258789,88.02999877929688,89.62000274658203,36798
2024-06-14,CTE,88.5,91.9000015258789,88.5,89.83999633789062,22500
2024-06-18,CTE,94.0,94.0,88.5,89.23999786376953,23858
2024-06-19,CTE,89.23999786376953,92.0,88.0,90.97000122070312,42851
2024-06-20,CTE,91.0,95.0,90.05000305175781,93.58999633789062,48072
2024-06-21,CTE,94.38999938964844,98.26000213623048,93.58999633789062,98.26000213623048,82333
2024-06-24,CTE,105.48999786376952,117.91000366210938,104.19000244140624,117.91000366210938,858619
2024-06-25,CTE,127.0,127.0,110.5500030517578,111.7300033569336,765781
2024-06-26,CTE,112.0,127.0,111.5999984741211,118.87000274658205,676848
2024-06-27,CTE,117.25,132.0,117.0,127.66999816894533,841540
2024-06-28,CTE,128.89999389648438,133.0,125.1500015258789,126.44000244140624,400148
2024-06-03,CUB,111.3000030517578,111.3000030517578,108.6750030517578,110.4000015258789,5242871
2024-06-04,CUB,110.9250030517578,110.9250030517578,97.8000030517578,101.6624984741211,13170861
2024-06-05,CUB,103.5,109.4250030517578,103.125,108.3375015258789,9473778
2024-06-06,CUB,108.375,110.7750015258789,108.0374984741211,109.125,3503279
2024-06-07,CUB,109.0875015258789,111.3000030517578,108.9375,110.3249969482422,2961115
2024-06-10,CUB,111.0,111.70500183105467,110.25,110.74500274658205,3638759
2024-06-11,CUB,111.0,114.3000030517578,110.25749969482422,112.10250091552734,4770145
2024-06-12,CUB,112.6500015258789,113.4375,111.60749816894533,111.9375,2584986
2024-06-13,CUB,112.50749969482422,113.12999725341795,110.95500183105467,111.20249938964844,8039327
2024-06-14,CUB,111.75,114.0,110.78250122070312,113.52749633789062,3862033
2024-06-18,CUB,114.61499786376952,118.45500183105467,113.8499984741211,117.9749984741211,14177162
2024-06-19,CUB,119.25,120.42749786376952,116.94750213623048,117.7874984741211,9925681
2024-06-20,CUB,120.40499877929688,125.625,119.4375,124.69499969482422,43447550
2024-06-21,CUB,125.8125,125.8125,121.52999877929688,122.27249908447266,9634585
2024-06-24,CUB,121.55249786376952,122.1750030517578,119.0999984741211,121.69499969482422,5595151
2024-06-25,CUB,121.6500015258789,127.1999969482422,119.11499786376952,126.17250061035156,27000754
2024-06-26,CUB,127.5,127.5,124.83000183105467,125.6624984741211,8252207
2024-06-27,CUB,125.6624984741211,126.5999984741211,124.52249908447266,125.41500091552734,4705809
2024-06-28,CUB,126.1125030517578,128.86500549316406,124.13249969482422,125.30999755859376,8218255
2024-06-03,CUBEXTUB,89.69999694824219,91.9499969482422,85.25,85.30000305175781,52296
2024-06-04,CUBEXTUB,85.25,86.0,81.05000305175781,84.1500015258789,24774
2024-06-05,CUBEXTUB,80.0,84.1500015258789,79.94999694824219,81.1500015258789,15120
2024-06-06,CUBEXTUB,82.3499984741211,85.19999694824219,81.1500015258789,85.19999694824219,16150
2024-06-07,CUBEXTUB,89.0,89.44999694824219,87.05000305175781,89.44999694824219,6290
2024-06-10,CUBEXTUB,93.91999816894533,93.91999816894533,93.91999816894533,93.91999816894533,12825
2024-06-11,CUBEXTUB,98.61000061035156,98.61000061035156,98.4000015258789,98.5999984741211,29903
2024-06-12,CUBEXTUB,98.6500015258789,103.52999877929688,98.6500015258789,100.01000213623048,51946
2024-06-13,CUBEXTUB,98.0,99.88999938964844,98.0,98.0,12452
2024-06-14,CUBEXTUB,97.0999984741211,98.0,97.0,97.0999984741211,6670
2024-06-18,CUBEXTUB,95.1999969482422,96.5,95.1999969482422,95.1999969482422,5981
2024-06-19,CUBEXTUB,93.6500015258789,93.6500015258789,93.5,93.6500015258789,9796
2024-06-20,CUBEXTUB,91.8000030517578,92.5999984741211,91.8000030517578,91.8000030517578,7935
2024-06-21,CUBEXTUB,90.0,91.8000030517578,89.95999908447266,90.0,4011
2024-06-24,CUBEXTUB,88.5999984741211,90.0,88.5999984741211,88.5999984741211,31113
2024-06-25,CUBEXTUB,90.37000274658205,90.37000274658205,90.37000274658205,90.37000274658205,9791
2024-06-26,CUBEXTUB,92.16999816894533,92.16999816894533,92.16999816894533,92.16999816894533,1917
2024-06-27,CUBEXTUB,94.01000213623048,94.01000213623048,94.0,94.01000213623048,4618
2024-06-28,CUBEXTUB,95.88999938964844,95.88999938964844,95.8000030517578,95.88999938964844,2404
2024-06-03,CUMMINSIND,3650.0,3724.949951171875,3615.949951171875,3712.25,1219845
2024-06-04,CUMMINSIND,3712.25,3720.0,3102.14990234375,3245.89990234375,1891496
2024-06-05,CUMMINSIND,3259.0,3432.0,3160.0,3404.10009765625,1250711
2024-06-06,CUMMINSIND,3454.550048828125,3569.0,3412.199951171875,3505.300048828125,1005234
2024-06-07,CUMMINSIND,3480.199951171875,3619.0,3480.199951171875,3606.550048828125,549839
2024-06-10,CUMMINSIND,3624.699951171875,3640.0,3503.5,3544.050048828125,1386803
2024-06-11,CUMMINSIND,3544.300048828125,3616.949951171875,3544.300048828125,3565.60009765625,397111
2024-06-12,CUMMINSIND,3570.64990234375,3719.800048828125,3567.0,3674.85009765625,941192
2024-06-13,CUMMINSIND,3734.550048828125,3752.35009765625,3683.64990234375,3712.5,978790
2024-06-14,CUMMINSIND,3727.800048828125,3871.800048828125,3717.0,3825.60009765625,1397955
2024-06-18,CUMMINSIND,3849.949951171875,3849.949951171875,3735.0,3825.85009765625,548966
2024-06-19,CUMMINSIND,3860.0,3969.800048828125,3760.0,3791.5,1769573
2024-06-20,CUMMINSIND,3790.0,3874.89990234375,3768.75,3857.0,610293
2024-06-21,CUMMINSIND,3885.949951171875,3938.949951171875,3850.0,3899.949951171875,908528
2024-06-24,CUMMINSIND,3858.050048828125,4100.0,3815.300048828125,4042.5,2042932
2024-06-25,CUMMINSIND,4089.949951171875,4171.89990234375,3965.699951171875,4006.800048828125,1214055
2024-06-26,CUMMINSIND,4029.0,4041.699951171875,3979.39990234375,3999.300048828125,520613
2024-06-27,CUMMINSIND,3977.39990234375,4154.35009765625,3945.35009765625,4104.14990234375,2074872
2024-06-28,CUMMINSIND,4103.60009765625,4103.60009765625,3954.300048828125,3966.85009765625,651880
2024-06-03,CUPID,18.89999961853028,19.5,17.850000381469727,18.299999237060547,13164650
2024-06-04,CUPID,18.38999938964844,18.76000022888184,17.389999389648438,17.56999969482422,8000725
2024-06-05,CUPID,18.0,18.39999961853028,17.700000762939453,17.889999389648438,2573565
2024-06-06,CUPID,18.200000762939453,18.780000686645508,18.049999237060547,18.780000686645508,2560585
2024-06-07,CUPID,18.989999771118164,19.39999961853028,18.979999542236328,19.100000381469727,2979190
2024-06-10,CUPID,19.3799991607666,19.540000915527344,19.14200019836425,19.1879997253418,2548475
2024-06-11,CUPID,19.3799991607666,19.3799991607666,19.1200008392334,19.143999099731445,1554100
2024-06-12,CUPID,19.290000915527344,19.3759994506836,19.040000915527344,19.06399917602539,1810610
2024-06-13,CUPID,19.200000762939453,19.290000915527344,18.979999542236328,18.996000289916992,2017000
2024-06-14,CUPID,19.350000381469727,19.43000030517578,19.040000915527344,19.049999237060547,3446395
2024-06-18,CUPID,19.100000381469727,19.290000915527344,18.920000076293945,18.940000534057617,3117090
2024-06-19,CUPID,19.100000381469727,19.100000381469727,18.63999938964844,18.68199920654297,1439630
2024-06-20,CUPID,18.73600006103516,18.940000534057617,18.440000534057617,18.86199951171875,5806970
2024-06-21,CUPID,18.8799991607666,19.200000762939453,18.71999931335449,19.13400077819824,13829040
2024-06-24,CUPID,19.13999938964844,19.299999237060547,18.643999099731445,18.738000869750977,16694950
2024-06-25,CUPID,18.97599983215332,19.097999572753903,18.489999771118164,18.60400009155273,7658615
2024-06-26,CUPID,18.600000381469727,18.799999237060547,18.479999542236328,18.507999420166016,5425540
2024-06-27,CUPID,18.780000686645508,18.780000686645508,18.31999969482422,18.36599922180176,4530095
2024-06-28,CUPID,18.39999961853028,18.559999465942383,18.0,18.200000762939453,7182950
2024-06-03,CURAA,32.0,32.0,32.0,32.0,0
2024-06-04,CURAA,32.0,32.0,32.0,32.0,0
2024-06-05,CURAA,32.0,32.0,32.0,32.0,0
2024-06-06,CURAA,32.0,32.0,32.0,32.0,0
2024-06-07,CURAA,32.0,32.0,32.0,32.0,0
2024-06-10,CURAA,32.0,32.0,32.0,32.0,0
2024-06-11,CURAA,32.0,32.0,32.0,32.0,0
2024-06-12,CURAA,32.0,32.0,32.0,32.0,0
2024-06-13,CURAA,32.0,32.0,32.0,32.0,0
2024-06-14,CURAA,32.0,32.0,32.0,32.0,0
2024-06-18,CURAA,32.0,32.0,32.0,32.0,0
2024-06-19,CURAA,32.0,32.0,32.0,32.0,0
2024-06-20,CURAA,32.0,32.0,32.0,32.0,0
2024-06-21,CURAA,32.0,32.0,32.0,32.0,0
2024-06-24,CURAA,32.0,32.0,32.0,32.0,0
2024-06-25,CURAA,32.0,32.0,32.0,32.0,0
2024-06-26,CURAA,32.0,32.0,32.0,32.0,0
2024-06-27,CURAA,32.0,32.0,32.0,32.0,0
2024-06-28,CURAA,32.0,32.0,32.0,32.0,0
2024-06-03,CYBERMEDIA,24.799999237060547,24.950000762939453,23.0,23.600000381469727,29890
2024-06-04,CYBERMEDIA,23.14999961853028,24.64999961853028,22.450000762939453,22.600000381469727,10899
2024-06-05,CYBERMEDIA,22.600000381469727,23.64999961853028,21.549999237060547,23.25,7112
2024-06-06,CYBERMEDIA,23.600000381469727,24.299999237060547,22.350000381469727,24.0,16070
2024-06-07,CYBERMEDIA,23.14999961853028,24.89999961853028,23.14999961853028,23.64999961853028,21976
2024-06-10,CYBERMEDIA,23.25,24.299999237060547,23.01000022888184,23.21999931335449,19254
2024-06-11,CYBERMEDIA,22.75,24.09000015258789,22.75,23.81999969482422,18329
2024-06-12,CYBERMEDIA,23.059999465942383,24.700000762939453,23.059999465942383,24.1200008392334,15782
2024-06-13,CYBERMEDIA,24.690000534057617,24.690000534057617,23.51000022888184,23.989999771118164,18248
2024-06-14,CYBERMEDIA,23.549999237060547,24.5,23.549999237060547,24.170000076293945,27305
2024-06-18,CYBERMEDIA,24.780000686645508,24.780000686645508,23.5,24.21999931335449,13740
2024-06-19,CYBERMEDIA,23.520000457763672,24.479999542236328,23.520000457763672,24.200000762939453,5895
2024-06-20,CYBERMEDIA,23.75,24.5,23.0,23.81999969482422,14016
2024-06-21,CYBERMEDIA,23.350000381469727,24.5,23.350000381469727,23.780000686645508,12719
2024-06-24,CYBERMEDIA,23.989999771118164,23.989999771118164,23.209999084472656,23.46999931335449,20955
2024-06-25,CYBERMEDIA,23.049999237060547,24.36000061035156,23.049999237060547,23.530000686645508,7852
2024-06-26,CYBERMEDIA,23.989999771118164,23.989999771118164,23.06999969482422,23.65999984741211,14238
2024-06-27,CYBERMEDIA,23.65999984741211,24.84000015258789,23.65999984741211,24.809999465942383,69895
2024-06-28,CYBERMEDIA,25.299999237060547,26.049999237060547,25.0,26.049999237060547,50798
2024-06-03,CYBERTECH,147.5,150.89999389648438,146.75,147.4499969482422,46159
2024-06-04,CYBERTECH,147.4499969482422,147.4499969482422,129.0,137.3000030517578,112584
2024-06-05,CYBERTECH,136.14999389648438,143.0,132.0500030517578,141.5500030517578,99946
2024-06-06,CYBERTECH,141.5500030517578,146.75,141.3000030517578,144.0500030517578,49466
2024-06-07,CYBERTECH,146.0,155.0,146.0,154.0,155276
2024-06-10,CYBERTECH,156.85000610351562,156.85000610351562,151.99000549316406,152.6300048828125,79959
2024-06-11,CYBERTECH,153.64999389648438,154.25,151.22999572753906,152.67999267578125,38215
2024-06-12,CYBERTECH,152.9499969482422,157.50999450683594,152.9199981689453,155.60000610351562,92367
2024-06-13,CYBERTECH,156.60000610351562,156.60000610351562,150.64999389648438,152.16000366210938,105193
2024-06-14,CYBERTECH,153.97000122070312,153.97000122070312,149.1999969482422,150.1199951171875,68545
2024-06-18,CYBERTECH,150.35000610351562,165.97999572753906,150.35000610351562,158.0800018310547,382408
2024-06-19,CYBERTECH,158.64999389648438,160.0,155.0,157.67999267578125,110060
2024-06-20,CYBERTECH,157.0,161.1999969482422,155.60000610351562,156.8300018310547,98396
2024-06-21,CYBERTECH,156.5,164.67999267578125,156.5,160.11000061035156,222665
2024-06-24,CYBERTECH,161.02000427246094,173.99000549316406,161.02000427246094,171.0,698269
2024-06-25,CYBERTECH,172.35000610351562,180.8800048828125,171.27000427246094,174.10000610351562,584689
2024-06-26,CYBERTECH,174.00999450683594,176.14999389648438,171.4499969482422,172.5,160073
2024-06-27,CYBERTECH,172.00999450683594,191.08999633789065,169.0,180.7100067138672,1096458
2024-06-28,CYBERTECH,181.8000030517578,183.1199951171875,175.60000610351562,179.91000366210938,228022
2024-06-03,CYIENT,1800.0,1815.9000244140625,1725.300048828125,1730.699951171875,284491
2024-06-04,CYIENT,1731.8499755859375,1747.8499755859375,1671.050048828125,1702.449951171875,353524
2024-06-05,CYIENT,1739.9000244140625,1800.0,1680.0,1795.0999755859375,332351
2024-06-06,CYIENT,1810.0,1833.800048828125,1780.0,1803.050048828125,416368
2024-06-07,CYIENT,1813.0,1936.0,1809.1500244140625,1924.800048828125,1136557
2024-06-10,CYIENT,1924.5,1928.0,1867.199951171875,1887.300048828125,453596
2024-06-11,CYIENT,1900.0,1900.0,1851.050048828125,1863.75,244394
2024-06-12,CYIENT,1866.0,1901.8499755859373,1866.0,1884.300048828125,199264
2024-06-13,CYIENT,1914.9000244140625,1914.9000244140625,1888.0,1906.300048828125,186253
2024-06-14,CYIENT,1914.9000244140625,1914.9000244140625,1882.550048828125,1889.6500244140625,167754
2024-06-18,CYIENT,1914.4000244140625,1933.0,1892.050048828125,1920.6500244140625,313460
2024-06-19,CYIENT,1921.0,1933.0,1884.0999755859373,1891.699951171875,265804
2024-06-20,CYIENT,1892.550048828125,1903.949951171875,1867.0,1870.5,180064
2024-06-21,CYIENT,1884.75,1923.800048828125,1865.9000244140625,1870.9000244140625,730119
2024-06-24,CYIENT,1870.0,1898.949951171875,1849.0,1872.6500244140625,303665
2024-06-25,CYIENT,1889.9000244140625,1904.3499755859373,1862.0,1866.4000244140625,169316
2024-06-26,CYIENT,1880.0,1884.3499755859373,1828.0,1832.800048828125,221615
2024-06-27,CYIENT,1850.449951171875,1876.0,1820.0,1845.449951171875,372132
2024-06-28,CYIENT,1845.0,1906.949951171875,1829.0999755859373,1837.0,545791
2024-06-03,CYIENTDLM,633.0,669.8499755859375,628.0499877929688,664.9500122070312,809305
2024-06-04,CYIENTDLM,658.5999755859375,660.0,580.5999755859375,609.7999877929688,412918
2024-06-05,CYIENTDLM,629.7000122070312,633.8499755859375,580.8499755859375,598.8499755859375,726072
2024-06-06,CYIENTDLM,605.2000122070312,660.0,605.2000122070312,654.1500244140625,701045
2024-06-07,CYIENTDLM,660.0,669.5499877929688,656.0499877929688,663.2000122070312,408654
2024-06-10,CYIENTDLM,674.0,702.0,663.0,693.4500122070312,493063
2024-06-11,CYIENTDLM,688.0499877929688,695.0,680.0,685.0,414890
2024-06-12,CYIENTDLM,688.2000122070312,690.9500122070312,674.1500244140625,676.8499755859375,175781
2024-06-13,CYIENTDLM,682.6500244140625,690.3499755859375,671.0,686.5,656637
2024-06-14,CYIENTDLM,694.0,699.6500244140625,686.0,688.1500244140625,422184
2024-06-18,CYIENTDLM,698.8499755859375,709.5999755859375,691.25,702.7000122070312,1137893
2024-06-19,CYIENTDLM,708.0,734.7000122070312,707.9500122070312,720.3499755859375,1176817
2024-06-20,CYIENTDLM,723.7999877929688,756.7000122070312,717.0,745.5999755859375,1266061
2024-06-21,CYIENTDLM,754.4000244140625,765.8499755859375,726.0,732.4000244140625,534428
2024-06-24,CYIENTDLM,737.6500244140625,749.7000122070312,725.2000122070312,744.7000122070312,636555
2024-06-25,CYIENTDLM,748.2000122070312,759.0,728.1500244140625,740.75,410460
2024-06-26,CYIENTDLM,747.5499877929688,751.5499877929688,737.2999877929688,740.2999877929688,175427
2024-06-27,CYIENTDLM,737.4000244140625,761.7999877929688,734.7999877929688,740.1500244140625,583072
2024-06-28,CYIENTDLM,737.0,749.5,735.4000244140625,747.25,507110
2024-06-03,DABUR,560.0,561.2000122070312,543.0,544.7999877929688,2836670
2024-06-04,DABUR,548.4500122070312,584.4500122070312,536.75,578.2000122070312,17458506
2024-06-05,DABUR,585.0,633.4000244140625,584.5,600.25,21568184
2024-06-06,DABUR,600.25,605.2999877929688,582.0499877929688,597.2000122070312,7598586
2024-06-07,DABUR,599.4500122070312,614.7999877929688,598.1500244140625,613.0999755859375,5429725
2024-06-10,DABUR,604.2000122070312,627.4500122070312,604.2000122070312,619.8499755859375,5180578
2024-06-11,DABUR,619.8499755859375,622.9500122070312,608.0,613.4500122070312,3728825
2024-06-12,DABUR,614.1500244140625,623.0,611.75,619.5,4528718
2024-06-13,DABUR,612.0,614.5499877929688,588.1500244140625,609.6500244140625,7963596
2024-06-14,DABUR,610.9500122070312,618.7999877929688,606.0,608.6500244140625,1975440
2024-06-18,DABUR,608.0999755859375,613.75,598.0,600.2000122070312,4304663
2024-06-19,DABUR,602.0,603.0999755859375,594.0,598.5499877929688,1703051
2024-06-20,DABUR,598.5,604.9000244140625,595.0,600.75,2886298
2024-06-21,DABUR,601.0,603.9000244140625,588.5499877929688,589.9500122070312,3868601
2024-06-24,DABUR,590.75,602.4500122070312,588.8499755859375,599.75,1774168
2024-06-25,DABUR,603.7999877929688,603.9500122070312,592.5,593.3499755859375,1791877
2024-06-26,DABUR,591.4000244140625,603.0,590.2999877929688,601.7999877929688,2230523
2024-06-27,DABUR,602.0,606.0,595.0499877929688,599.2999877929688,2405121
2024-06-28,DABUR,601.7999877929688,609.6500244140625,597.6500244140625,600.7000122070312,1710529
2024-06-03,DALBHARAT,1824.949951171875,1882.0,1800.0,1858.0,847022
2024-06-04,DALBHARAT,1845.0,1845.0,1651.4000244140625,1695.25,1010572
2024-06-05,DALBHARAT,1714.8499755859375,1745.25,1693.1500244140625,1735.1500244140625,545659
2024-06-06,DALBHARAT,1747.0,1779.800048828125,1741.5999755859375,1766.0999755859375,468019
2024-06-07,DALBHARAT,1766.0999755859375,1829.3499755859373,1757.300048828125,1809.949951171875,577092
2024-06-10,DALBHARAT,1825.0,1878.949951171875,1809.949951171875,1875.5,646242
2024-06-11,DALBHARAT,1890.050048828125,1900.800048828125,1871.0,1887.949951171875,448525
2024-06-12,DALBHARAT,1895.0,1912.550048828125,1870.0,1900.0999755859373,792509
2024-06-13,DALBHARAT,1910.0,1910.0,1878.550048828125,1901.800048828125,345055
2024-06-14,DALBHARAT,1888.949951171875,1900.0,1857.699951171875,1882.3499755859373,324946
2024-06-18,DALBHARAT,1895.0,1899.0,1873.0,1889.0,305111
2024-06-19,DALBHARAT,1888.5,1889.4000244140625,1850.0,1854.5,398010
2024-06-20,DALBHARAT,1860.0,1864.4000244140625,1832.300048828125,1862.4000244140625,471853
2024-06-21,DALBHARAT,1869.5999755859373,1869.5999755859373,1803.050048828125,1823.199951171875,787729
2024-06-24,DALBHARAT,1817.25,1824.75,1778.050048828125,1818.5999755859373,604247
2024-06-25,DALBHARAT,1833.8499755859373,1834.0,1808.4000244140625,1816.5999755859373,536713
2024-06-26,DALBHARAT,1794.1500244140625,1852.75,1772.5999755859375,1819.800048828125,1165847
2024-06-27,DALBHARAT,1835.0,1835.0,1786.800048828125,1792.199951171875,1109759
2024-06-28,DALBHARAT,1799.949951171875,1820.5999755859373,1792.8499755859375,1813.449951171875,759398
2024-06-03,DALMIASUG,391.3500061035156,391.3500061035156,374.1499938964844,381.6499938964844,62524
2024-06-04,DALMIASUG,384.0,384.7000122070313,345.29998779296875,356.6000061035156,91136
2024-06-05,DALMIASUG,356.70001220703125,384.5,354.70001220703125,382.1000061035156,55629
2024-06-06,DALMIASUG,384.1000061035156,386.4500122070313,371.9500122070313,372.9500122070313,75573
2024-06-07,DALMIASUG,373.8999938964844,389.3999938964844,373.8500061035156,384.2999877929688,117596
2024-06-10,DALMIASUG,382.3999938964844,393.0,382.3999938964844,387.3999938964844,81042
2024-06-11,DALMIASUG,389.9500122070313,407.7000122070313,383.8999938964844,401.9500122070313,309632
2024-06-12,DALMIASUG,404.8500061035156,409.0,401.3500061035156,404.5499877929688,140627
2024-06-13,DALMIASUG,409.1000061035156,440.0,407.0,430.8999938964844,2023783
2024-06-14,DALMIASUG,435.0,442.0,422.9500122070313,424.7999877929688,410486
2024-06-18,DALMIASUG,427.0,429.7000122070313,414.8500061035156,420.2999877929688,178762
2024-06-19,DALMIASUG,422.5,444.0,411.25,432.3500061035156,593998
2024-06-20,DALMIASUG,434.7999877929688,439.4500122070313,427.5,431.25,213855
2024-06-21,DALMIASUG,437.7000122070313,443.5,425.6000061035156,433.2000122070313,242406
2024-06-24,DALMIASUG,433.2000122070313,435.0499877929688,424.9500122070313,425.5499877929688,107722
2024-06-25,DALMIASUG,428.5,440.0,423.3500061035156,430.5,196030
2024-06-26,DALMIASUG,430.5,430.5,416.3500061035156,418.0499877929688,105427
2024-06-27,DALMIASUG,422.1000061035156,424.6499938964844,401.2000122070313,405.8999938964844,144455
2024-06-28,DALMIASUG,408.0,420.3500061035156,407.4500122070313,410.2000122070313,111818
2024-06-03,DAMODARIND,50.5,50.900001525878906,49.5,49.70000076293945,19363
2024-06-04,DAMODARIND,49.29999923706055,49.59999847412109,43.0,44.900001525878906,37357
2024-06-05,DAMODARIND,47.0,47.45000076293945,43.0,46.900001525878906,22956
2024-06-06,DAMODARIND,48.20000076293945,48.70000076293945,47.150001525878906,47.75,14567
2024-06-07,DAMODARIND,48.79999923706055,48.79999923706055,46.09999847412109,48.0,25594
2024-06-10,DAMODARIND,49.0,49.0,47.79999923706055,47.970001220703125,16770
2024-06-11,DAMODARIND,48.59000015258789,49.34999847412109,48.29999923706055,49.119998931884766,16883
2024-06-12,DAMODARIND,50.290000915527344,50.5,48.310001373291016,48.86000061035156,39534
2024-06-13,DAMODARIND,48.52000045776367,49.790000915527344,48.310001373291016,49.43000030517578,29274
2024-06-14,DAMODARIND,49.54999923706055,49.54999923706055,48.5,48.7599983215332,25443
2024-06-18,DAMODARIND,49.720001220703125,51.27000045776367,49.27999877929688,50.25,44787
2024-06-19,DAMODARIND,49.52999877929688,51.0,48.5,48.810001373291016,28114
2024-06-20,DAMODARIND,48.5,51.0,48.5,50.7400016784668,41671
2024-06-21,DAMODARIND,51.040000915527344,51.5,49.95000076293945,50.0099983215332,49584
2024-06-24,DAMODARIND,49.310001373291016,50.290000915527344,49.310001373291016,49.93000030517578,18760
2024-06-25,DAMODARIND,50.290000915527344,51.5,49.220001220703125,50.310001373291016,57967
2024-06-26,DAMODARIND,50.9900016784668,52.95000076293945,48.70000076293945,51.43000030517578,166446
2024-06-27,DAMODARIND,52.0,53.70000076293945,50.86000061035156,51.61000061035156,151735
2024-06-28,DAMODARIND,50.70000076293945,52.84999847412109,50.25,51.93000030517578,53374
2024-06-03,DANGEE,8.199999809265137,8.300000190734863,7.949999809265137,8.050000190734863,626916
2024-06-04,DANGEE,8.0,8.100000381469727,7.5,7.849999904632568,317158
2024-06-05,DANGEE,8.0,8.0,7.25,7.599999904632568,360673
2024-06-06,DANGEE,7.800000190734863,7.900000095367432,7.599999904632568,7.849999904632568,132785
2024-06-07,DANGEE,8.0,8.0,7.900000095367432,7.949999809265137,86102
2024-06-10,DANGEE,7.949999809265137,8.300000190734863,7.949999809265137,7.989999771118164,205973
2024-06-11,DANGEE,8.100000381469727,8.199999809265137,7.860000133514404,8.039999961853027,298471
2024-06-12,DANGEE,8.239999771118164,8.279999732971191,8.050000190734863,8.079999923706055,256594
2024-06-13,DANGEE,8.199999809265137,8.199999809265137,8.039999961853027,8.140000343322754,168482
2024-06-14,DANGEE,8.229999542236328,8.260000228881836,8.119999885559082,8.149999618530273,140964
2024-06-18,DANGEE,8.0600004196167,8.229999542236328,8.0600004196167,8.100000381469727,103866
2024-06-19,DANGEE,8.119999885559082,8.229999542236328,8.0,8.050000190734863,143192
2024-06-20,DANGEE,8.050000190734863,8.130000114440918,7.400000095367432,7.889999866485596,233342
2024-06-21,DANGEE,7.949999809265137,8.050000190734863,7.940000057220459,7.989999771118164,134018
2024-06-24,DANGEE,8.140000343322754,8.140000343322754,7.880000114440918,7.96999979019165,189332
2024-06-25,DANGEE,8.050000190734863,8.050000190734863,7.820000171661377,7.96999979019165,185770
2024-06-26,DANGEE,7.909999847412109,8.020000457763672,7.800000190734863,7.869999885559082,180826
2024-06-27,DANGEE,7.880000114440918,7.989999771118164,7.75,7.800000190734863,155030
2024-06-28,DANGEE,7.869999885559082,7.949999809265137,7.769999980926514,7.809999942779541,163607
2024-06-03,DATAMATICS,560.2999877929688,564.2999877929688,519.0499877929688,528.0,177346
2024-06-04,DATAMATICS,518.7000122070312,521.9500122070312,450.0,483.3500061035156,282586
2024-06-05,DATAMATICS,499.0,549.0,472.2999877929688,529.3499755859375,242177
2024-06-06,DATAMATICS,533.0,545.4000244140625,530.0499877929688,534.2999877929688,107713
2024-06-07,DATAMATICS,539.7000122070312,562.6500244140625,537.0999755859375,549.9500122070312,254261
2024-06-10,DATAMATICS,553.7000122070312,616.5999755859375,553.7000122070312,610.4500122070312,707838
2024-06-11,DATAMATICS,616.7000122070312,616.7000122070312,598.0,601.0,165566
2024-06-12,DATAMATICS,605.5999755859375,615.0,592.1500244140625,607.7000122070312,163255
2024-06-13,DATAMATICS,607.7000122070312,614.3499755859375,598.0999755859375,603.7999877929688,125564
2024-06-14,DATAMATICS,595.8499755859375,603.75,594.75,596.7000122070312,76623
2024-06-18,DATAMATICS,583.0,589.4500122070312,574.2999877929688,576.5499877929688,242461
2024-06-19,DATAMATICS,581.0,626.4500122070312,568.0499877929688,604.5999755859375,833325
2024-06-20,DATAMATICS,612.0,634.6500244140625,607.0,610.7000122070312,556277
2024-06-21,DATAMATICS,611.0,634.4500122070312,611.0,620.0499877929688,374387
2024-06-24,DATAMATICS,615.7000122070312,619.0999755859375,604.2000122070312,613.4000244140625,103225
2024-06-25,DATAMATICS,616.9000244140625,627.9500122070312,605.0499877929688,611.2000122070312,125876
2024-06-26,DATAMATICS,616.0499877929688,616.0499877929688,600.2000122070312,603.8499755859375,72706
2024-06-27,DATAMATICS,606.5,648.0,591.1500244140625,614.2999877929688,594320
2024-06-28,DATAMATICS,618.7000122070312,639.0,613.9500122070312,619.2999877929688,286941
2024-06-03,DATAPATTNS,3098.0,3098.0,2960.0,2974.14990234375,459103
2024-06-04,DATAPATTNS,2974.14990234375,2979.949951171875,2379.35009765625,2617.75,954722
2024-06-05,DATAPATTNS,2635.0,2698.0,2425.0,2475.85009765625,843110
2024-06-06,DATAPATTNS,2587.0,2713.0,2554.35009765625,2617.85009765625,784340
2024-06-07,DATAPATTNS,2649.800048828125,2689.949951171875,2619.10009765625,2633.35009765625,347845
2024-06-10,DATAPATTNS,2680.199951171875,2689.85009765625,2626.0,2658.35009765625,295830
2024-06-11,DATAPATTNS,2669.60009765625,2732.0,2650.25,2673.85009765625,430848
2024-06-12,DATAPATTNS,2691.39990234375,2785.0,2683.0,2724.89990234375,445791
2024-06-13,DATAPATTNS,2748.60009765625,2766.949951171875,2701.10009765625,2733.550048828125,369905
2024-06-14,DATAPATTNS,2750.0,2964.89990234375,2741.0,2936.199951171875,1636012
2024-06-18,DATAPATTNS,2975.0,3158.0,2951.60009765625,3088.10009765625,1977723
2024-06-19,DATAPATTNS,3115.050048828125,3148.0,2961.0,2993.5,846140
2024-06-20,DATAPATTNS,2992.949951171875,3028.0,2931.14990234375,2942.89990234375,425450
2024-06-21,DATAPATTNS,2963.800048828125,3040.0,2863.0,2946.550048828125,420948
2024-06-24,DATAPATTNS,2934.050048828125,3010.0,2898.0,2992.60009765625,328116
2024-06-25,DATAPATTNS,3006.800048828125,3069.949951171875,2950.0,2971.64990234375,409230
2024-06-26,DATAPATTNS,2982.0,3029.949951171875,2952.199951171875,2983.85009765625,228986
2024-06-27,DATAPATTNS,3015.0,3099.0,2961.800048828125,3014.300048828125,693922
2024-06-28,DATAPATTNS,3043.699951171875,3052.0,2982.550048828125,3001.39990234375,192617
2024-06-03,DAVANGERE,10.800000190734863,10.800000190734863,10.0,10.0,4212556
2024-06-04,DAVANGERE,10.0,10.050000190734863,9.0,9.0,3389335
2024-06-05,DAVANGERE,9.0,9.899999618530272,8.800000190734863,9.899999618530272,2860319
2024-06-06,DAVANGERE,10.449999809265137,10.600000381469728,9.75,9.899999618530272,6832555
2024-06-07,DAVANGERE,10.100000381469728,10.300000190734863,9.899999618530272,10.0,3297674
2024-06-10,DAVANGERE,10.199999809265137,10.399999618530272,9.550000190734863,9.699999809265137,15908247
2024-06-11,DAVANGERE,9.850000381469728,9.949999809265137,9.600000381469728,9.699999809265137,8997423
2024-06-12,DAVANGERE,9.899999618530272,10.369999885559082,9.699999809265137,9.760000228881836,13011356
2024-06-13,DAVANGERE,9.899999618530272,9.979999542236328,9.56999969482422,9.619999885559082,17495550
2024-06-14,DAVANGERE,9.789999961853027,9.949999809265137,9.550000190734863,9.619999885559082,14482830
2024-06-18,DAVANGERE,10.149999618530272,10.149999618530272,9.479999542236328,9.5,12059689
2024-06-19,DAVANGERE,9.420000076293944,9.619999885559082,9.31999969482422,9.390000343322754,7055677
2024-06-20,DAVANGERE,9.43000030517578,9.5,9.0,9.09000015258789,7053934
2024-06-21,DAVANGERE,9.140000343322754,9.34000015258789,8.75,9.079999923706056,30857353
2024-06-24,DAVANGERE,9.100000381469728,9.25,8.75,8.850000381469727,21046085
2024-06-25,DAVANGERE,9.029999732971191,9.09000015258789,8.850000381469727,8.90999984741211,11800869
2024-06-26,DAVANGERE,9.100000381469728,9.229999542236328,8.739999771118164,8.760000228881836,23531421
2024-06-27,DAVANGERE,8.760000228881836,8.850000381469727,8.260000228881836,8.34000015258789,7010161
2024-06-28,DAVANGERE,8.359999656677246,8.680000305175781,8.350000381469727,8.390000343322754,18614776
2024-06-03,DBCORP,304.0,307.5,288.3500061035156,293.25,611083
2024-06-04,DBCORP,288.0,288.0,278.6000061035156,278.6000061035156,143121
2024-06-05,DBCORP,280.5,283.8500061035156,267.0,272.0,172008
2024-06-06,DBCORP,279.8500061035156,285.6000061035156,279.79998779296875,285.6000061035156,102975
2024-06-07,DBCORP,296.0,299.79998779296875,290.0,296.75,399078
2024-06-10,DBCORP,303.0,321.70001220703125,301.54998779296875,306.79998779296875,363059
2024-06-11,DBCORP,309.0,315.0,301.95001220703125,304.95001220703125,276635
2024-06-12,DBCORP,309.95001220703125,314.0,303.0,305.20001220703125,211093
2024-06-13,DBCORP,311.0,329.45001220703125,307.04998779296875,325.6000061035156,553830
2024-06-14,DBCORP,329.8999938964844,331.95001220703125,315.0,320.95001220703125,428844
2024-06-18,DBCORP,320.95001220703125,325.0,312.1499938964844,317.20001220703125,231989
2024-06-19,DBCORP,317.70001220703125,321.70001220703125,310.3500061035156,313.3500061035156,131461
2024-06-20,DBCORP,314.8999938964844,319.95001220703125,308.3500061035156,309.8500061035156,133164
2024-06-21,DBCORP,311.8500061035156,317.0,302.5,303.25,245841
2024-06-24,DBCORP,303.54998779296875,310.54998779296875,303.25,306.5,99527
2024-06-25,DBCORP,308.8500061035156,312.79998779296875,299.25,302.54998779296875,176931
2024-06-26,DBCORP,304.0,317.75,303.1499938964844,316.1499938964844,197613
2024-06-27,DBCORP,319.5,321.0,312.6000061035156,317.0,209928
2024-06-28,DBCORP,318.0,324.29998779296875,315.04998779296875,316.79998779296875,130141
2024-06-03,DBL,427.0,438.0,418.75,426.3999938964844,852733
2024-06-04,DBL,428.0,428.0,341.1499938964844,379.1000061035156,1078599
2024-06-05,DBL,385.25,410.0,371.2999877929688,402.8500061035156,616087
2024-06-06,DBL,409.2000122070313,436.0,407.5,428.0499877929688,803757
2024-06-07,DBL,428.0499877929688,445.6000061035156,426.0,437.1000061035156,825308
2024-06-10,DBL,448.0,477.4500122070313,446.0,454.5,1902409
2024-06-11,DBL,455.75,459.9500122070313,448.0,454.2000122070313,349359
2024-06-12,DBL,454.2000122070313,461.0,453.2999877929688,456.4500122070313,292555
2024-06-13,DBL,458.0,514.5,457.5,498.0499877929688,7768275
2024-06-14,DBL,498.0,509.3999938964844,493.0,499.7999877929688,1288194
2024-06-18,DBL,500.0,507.3999938964844,486.7000122070313,490.1499938964844,535502
2024-06-19,DBL,492.0,546.0,488.5499877929688,525.7000122070312,5779825
2024-06-20,DBL,524.9000244140625,556.4000244140625,516.5,549.0,2471757
2024-06-21,DBL,544.0499877929688,564.0,531.0499877929688,541.75,1496150
2024-06-24,DBL,526.0,559.5,526.0,547.8499755859375,1024536
2024-06-25,DBL,549.1500244140625,551.5,532.0,534.4000244140625,426380
2024-06-26,DBL,538.7000122070312,549.1500244140625,530.25,542.5499877929688,490212
2024-06-27,DBL,543.0499877929688,553.4500122070312,515.25,519.5,739328
2024-06-28,DBL,522.0,530.0,513.2000122070312,524.4500122070312,523191
2024-06-03,DBOL,123.0500030517578,123.4000015258789,119.8499984741211,121.4000015258789,261632
2024-06-04,DBOL,121.4000015258789,121.4000015258789,113.25,115.5,176754
2024-06-05,DBOL,117.25,120.0,112.4000015258789,118.5500030517578,149973
2024-06-06,DBOL,119.0,122.0500030517578,119.0,121.0999984741211,92247
2024-06-07,DBOL,122.3000030517578,126.4499969482422,120.6500015258789,125.5999984741211,218857
2024-06-10,DBOL,126.5,131.8000030517578,126.4000015258789,130.0800018310547,239388
2024-06-11,DBOL,132.0,139.16000366210938,130.14999389648438,136.17999267578125,400016
2024-06-12,DBOL,138.1999969482422,159.0,136.3000030517578,156.75,2762352
2024-06-13,DBOL,156.75,158.0,150.74000549316406,153.3300018310547,1036556
2024-06-14,DBOL,154.38999938964844,155.0,150.0,150.6300048828125,263084
2024-06-18,DBOL,150.8000030517578,154.0,149.5,152.3000030517578,325081
2024-06-19,DBOL,153.39999389648438,160.0,150.5,153.72000122070312,471025
2024-06-20,DBOL,154.9499969482422,157.0,153.3000030517578,156.22000122070312,264937
2024-06-21,DBOL,155.7899932861328,156.0,151.00999450683594,152.6999969482422,180149
2024-06-24,DBOL,152.10000610351562,153.8800048828125,150.0500030517578,151.0399932861328,99021
2024-06-25,DBOL,152.9499969482422,155.0,148.99000549316406,149.8000030517578,206798
2024-06-26,DBOL,152.0,152.0,147.13999938964844,148.00999450683594,101179
2024-06-27,DBOL,150.14999389648438,150.14999389648438,142.4499969482422,143.77000427246094,150841
2024-06-28,DBOL,142.60000610351562,144.9499969482422,142.0,142.36000061035156,138761
2024-06-03,DBREALTY,213.8999938964844,214.0,199.25,203.9499969482422,4856635
2024-06-04,DBREALTY,200.0,200.0,163.1999969482422,164.3000030517578,9475030
2024-06-05,DBREALTY,164.0,180.0,156.8000030517578,177.35000610351562,5347017
2024-06-06,DBREALTY,179.10000610351562,198.9499969482422,179.10000610351562,191.25,4579093
2024-06-07,DBREALTY,198.9499969482422,201.0,195.4499969482422,197.5500030517578,3962058
2024-06-10,DBREALTY,198.0500030517578,199.08999633789065,191.8500061035156,192.9900054931641,2769747
2024-06-11,DBREALTY,195.0,200.75,190.3600006103516,198.8300018310547,3071637
2024-06-12,DBREALTY,199.0500030517578,206.5500030517578,197.42999267578125,205.2899932861328,4342092
2024-06-13,DBREALTY,207.0,207.2899932861328,200.6000061035156,201.69000244140625,1701350
2024-06-14,DBREALTY,202.25,206.8999938964844,201.6999969482422,202.3000030517578,2506782
2024-06-18,DBREALTY,203.1999969482422,204.8699951171875,197.13999938964844,198.27999877929688,2591213
2024-06-19,DBREALTY,199.8500061035156,199.8500061035156,191.6499938964844,192.5500030517578,2591869
2024-06-20,DBREALTY,193.8999938964844,205.8000030517578,192.5,198.1600036621093,5129345
2024-06-21,DBREALTY,200.1999969482422,204.1000061035156,196.6000061035156,200.8099975585937,2367961
2024-06-24,DBREALTY,200.0,200.0399932861328,195.0,196.0399932861328,2163110
2024-06-25,DBREALTY,196.5,198.6999969482422,193.0,193.19000244140625,1746309
2024-06-26,DBREALTY,193.8000030517578,197.67999267578125,191.3000030517578,192.3999938964844,3521326
2024-06-27,DBREALTY,193.009994506836,193.8999938964844,184.9900054931641,187.9100036621093,2478349
2024-06-28,DBREALTY,188.5,194.0,185.1499938964844,186.0500030517578,2614719
2024-06-03,DBSTOCKBRO,48.84999847412109,48.84999847412109,47.0,48.400001525878906,21297
2024-06-04,DBSTOCKBRO,50.09999847412109,50.09999847412109,46.54999923706055,47.04999923706055,8548
2024-06-05,DBSTOCKBRO,47.04999923706055,48.0,45.29999923706055,46.04999923706055,10007
2024-06-06,DBSTOCKBRO,47.0,47.70000076293945,45.04999923706055,45.59999847412109,13777
2024-06-07,DBSTOCKBRO,45.70000076293945,47.0,45.29999923706055,45.79999923706055,12854
2024-06-10,DBSTOCKBRO,45.79999923706055,48.04999923706055,45.65999984741211,46.90999984741211,28801
2024-06-11,DBSTOCKBRO,47.45000076293945,49.25,47.11000061035156,49.220001220703125,37530
2024-06-12,DBSTOCKBRO,50.650001525878906,51.68000030517578,48.61000061035156,49.130001068115234,54127
2024-06-13,DBSTOCKBRO,50.43999862670898,50.5099983215332,47.0099983215332,47.720001220703125,57963
2024-06-14,DBSTOCKBRO,47.0099983215332,49.93999862670898,45.79999923706055,46.31999969482422,45101
2024-06-18,DBSTOCKBRO,46.31999969482422,48.38999938964844,46.31999969482422,47.130001068115234,29841
2024-06-19,DBSTOCKBRO,47.95000076293945,48.75,46.630001068115234,47.880001068115234,19918
2024-06-20,DBSTOCKBRO,46.09000015258789,49.0,46.09000015258789,47.72999954223633,70253
2024-06-21,DBSTOCKBRO,48.45000076293945,49.45000076293945,45.79999923706055,46.33000183105469,34748
2024-06-24,DBSTOCKBRO,47.70000076293945,48.63999938964844,45.5,46.810001373291016,42490
2024-06-25,DBSTOCKBRO,48.70000076293945,48.70000076293945,46.90999984741211,47.630001068115234,18760
2024-06-26,DBSTOCKBRO,47.630001068115234,49.0,46.790000915527344,47.09000015258789,17907
2024-06-27,DBSTOCKBRO,47.02000045776367,48.060001373291016,45.70000076293945,46.220001220703125,16441
2024-06-28,DBSTOCKBRO,47.95000076293945,47.95000076293945,46.5,46.790000915527344,8052
2024-06-03,DCAL,168.5,168.5,152.35000610351562,153.85000610351562,1347477
2024-06-04,DCAL,153.0,153.6999969482422,133.0,136.5,1070332
2024-06-05,DCAL,140.0,151.6999969482422,136.0500030517578,149.60000610351562,999056
2024-06-06,DCAL,149.85000610351562,154.0,144.1999969482422,144.9499969482422,1013316
2024-06-07,DCAL,145.6999969482422,159.39999389648438,145.14999389648438,157.1999969482422,1309408
2024-06-10,DCAL,157.5,165.8300018310547,157.5,163.42999267578125,935164
2024-06-11,DCAL,164.39999389648438,167.42999267578125,163.50999450683594,165.35000610351562,561563
2024-06-12,DCAL,166.00999450683594,169.5,163.0,165.14999389648438,579813
2024-06-13,DCAL,165.0,175.19000244140625,164.5,173.72999572753906,1075057
2024-06-14,DCAL,174.0,177.50999450683594,174.0,175.57000732421875,488637
2024-06-18,DCAL,175.60000610351562,178.89999389648438,171.91000366210938,175.66000366210938,497045
2024-06-19,DCAL,176.60000610351562,177.08999633789062,171.11000061035156,171.99000549316406,388757
2024-06-20,DCAL,172.58999633789062,180.6600036621093,171.6999969482422,177.85000610351562,663951
2024-06-21,DCAL,178.3000030517578,179.99000549316406,175.0,175.88999938964844,295361
2024-06-24,DCAL,173.00999450683594,175.47999572753906,171.1199951171875,173.39999389648438,237642
2024-06-25,DCAL,173.4499969482422,175.0,171.0,171.92999267578125,172329
2024-06-26,DCAL,172.0,176.0,171.00999450683594,172.64999389648438,303313
2024-06-27,DCAL,172.64999389648438,173.82000732421875,166.10000610351562,168.38999938964844,377568
2024-06-28,DCAL,172.0,184.8000030517578,172.0,178.6999969482422,2105683
2024-06-03,DCBBANK,132.0,132.6999969482422,129.10000610351562,131.64999389648438,2162811
2024-06-04,DCBBANK,130.5,130.5,115.0,121.8499984741211,4375653
2024-06-05,DCBBANK,123.0,130.0,120.3499984741211,129.25,3794031
2024-06-06,DCBBANK,128.89999389648438,130.75,128.0,129.85000610351562,1653358
2024-06-07,DCBBANK,129.5500030517578,137.3000030517578,129.4499969482422,132.0,5420154
2024-06-10,DCBBANK,133.4499969482422,134.49000549316406,132.0,133.08999633789062,2472554
2024-06-11,DCBBANK,133.5,134.1999969482422,131.75,131.94000244140625,1296052
2024-06-12,DCBBANK,131.85000610351562,136.60000610351562,131.35000610351562,134.86000061035156,4648106
2024-06-13,DCBBANK,135.3699951171875,139.5,134.50999450683594,137.16000366210938,5954943
2024-06-14,DCBBANK,137.60000610351562,139.64999389648438,135.8000030517578,136.55999755859375,3592420
2024-06-18,DCBBANK,136.7899932861328,140.3000030517578,135.50999450683594,138.9199981689453,3619429
2024-06-19,DCBBANK,139.10000610351562,139.8000030517578,135.92999267578125,137.52000427246094,3122650
2024-06-20,DCBBANK,141.0,144.0,140.0,143.42999267578125,8245052
2024-06-21,DCBBANK,144.9499969482422,145.89999389648438,140.85000610351562,141.30999755859375,3910349
2024-06-24,DCBBANK,140.41000366210938,141.19000244140625,137.60000610351562,141.02000427246094,1996705
2024-06-25,DCBBANK,140.7100067138672,143.5399932861328,138.8800048828125,141.64999389648438,6486212
2024-06-26,DCBBANK,141.5500030517578,143.9499969482422,140.0,140.13999938964844,3249608
2024-06-27,DCBBANK,140.0,141.0500030517578,136.39999389648438,137.60000610351562,1717997
2024-06-28,DCBBANK,137.99000549316406,140.99000549316406,137.10000610351562,138.0,1946222
2024-06-03,DCI,249.6999969482422,251.5500030517578,227.6499938964844,234.8999938964844,65650
2024-06-04,DCI,243.0,246.6000061035156,230.0,246.6000061035156,21170
2024-06-05,DCI,258.8999938964844,258.8999938964844,234.8999938964844,242.1499938964844,56551
2024-06-06,DCI,247.9499969482422,254.25,230.5,234.0500030517578,69356
2024-06-07,DCI,234.6000061035156,245.75,225.0,228.3000030517578,71770
2024-06-10,DCI,226.3999938964844,238.9499969482422,220.0,220.6199951171875,45790
2024-06-11,DCI,225.97999572753903,231.6499938964844,213.0,214.759994506836,72427
2024-06-12,DCI,218.0,225.4900054931641,218.0,225.4900054931641,17754
2024-06-13,DCI,236.759994506836,236.759994506836,236.759994506836,236.759994506836,9722
2024-06-14,DCI,248.5,248.58999633789065,227.0,232.7899932861328,76846
2024-06-18,DCI,230.0,244.4199981689453,230.0,244.4199981689453,18858
2024-06-19,DCI,256.6400146484375,256.6400146484375,240.0,247.3300018310547,63600
2024-06-20,DCI,255.0,259.69000244140625,238.0,239.3800048828125,76131
2024-06-21,DCI,239.9900054931641,251.0,231.0,233.5800018310547,71024
2024-06-24,DCI,233.0,245.0,230.3999938964844,240.6600036621093,35200
2024-06-25,DCI,241.0,252.69000244140625,234.0,236.5599975585937,60861
2024-06-26,DCI,239.0,242.0,227.0,229.77999877929688,47849
2024-06-27,DCI,229.0,230.9900054931641,219.1000061035156,223.9600067138672,47286
2024-06-28,DCI,224.8500061035156,235.1499938964844,215.3500061035156,225.5200042724609,45203
2024-06-03,DCM,75.0999984741211,75.6500015258789,73.25,73.55000305175781,25352
2024-06-04,DCM,73.5999984741211,74.44999694824219,66.69999694824219,70.1500015258789,51118
2024-06-05,DCM,72.4000015258789,72.55000305175781,69.30000305175781,72.05000305175781,42465
2024-06-06,DCM,73.0,74.5,72.5999984741211,73.9000015258789,16767
2024-06-07,DCM,74.44999694824219,74.6500015258789,73.5999984741211,74.25,16933
2024-06-10,DCM,74.47000122070312,76.4800033569336,73.80000305175781,74.55999755859375,43997
2024-06-11,DCM,74.5,77.8499984741211,74.2300033569336,76.80999755859375,61079
2024-06-12,DCM,78.80000305175781,78.80000305175781,75.61000061035156,75.87999725341797,27321
2024-06-13,DCM,76.26000213623047,78.33000183105469,76.26000213623047,77.08000183105469,80157
2024-06-14,DCM,77.94999694824219,78.98999786376953,76.41000366210938,77.25,49664
2024-06-18,DCM,78.5,78.5,77.01000213623047,77.16999816894531,20043
2024-06-19,DCM,77.98999786376953,77.98999786376953,74.5,75.08000183105469,54775
2024-06-20,DCM,75.8499984741211,77.4000015258789,75.19999694824219,77.0,40805
2024-06-21,DCM,77.25,79.3499984741211,77.0,77.31999969482422,34524
2024-06-24,DCM,78.0,78.25,76.5999984741211,76.69999694824219,27798
2024-06-25,DCM,76.69999694824219,77.66999816894531,76.19999694824219,76.52999877929688,26076
2024-06-26,DCM,77.55000305175781,77.80000305175781,76.5,76.94000244140625,20234
2024-06-27,DCM,77.30999755859375,80.5,77.01000213623047,77.86000061035156,101915
2024-06-28,DCM,78.0,78.95999908447266,76.62000274658203,77.12000274658203,24173
2024-06-03,DCMFINSERV,5.75,5.75,5.25,5.5,28906
2024-06-04,DCMFINSERV,5.650000095367432,5.650000095367432,5.25,5.300000190734863,30180
2024-06-05,DCMFINSERV,5.449999809265137,5.5,5.199999809265137,5.349999904632568,6851
2024-06-06,DCMFINSERV,5.599999904632568,5.599999904632568,5.150000095367432,5.300000190734863,25306
2024-06-07,DCMFINSERV,5.550000190734863,5.550000190734863,5.150000095367432,5.300000190734863,50317
2024-06-10,DCMFINSERV,5.550000190734863,5.559999942779541,5.300000190734863,5.559999942779541,18199
2024-06-11,DCMFINSERV,5.75,5.829999923706055,5.309999942779541,5.829999923706055,52748
2024-06-12,DCMFINSERV,6.119999885559082,6.119999885559082,6.119999885559082,6.119999885559082,34428
2024-06-13,DCMFINSERV,6.420000076293945,6.420000076293945,6.420000076293945,6.420000076293945,28942
2024-06-14,DCMFINSERV,6.739999771118164,6.739999771118164,6.159999847412109,6.670000076293945,77964
2024-06-18,DCMFINSERV,7.0,7.0,6.329999923706055,6.420000076293945,160045
2024-06-19,DCMFINSERV,6.699999809265137,6.699999809265137,6.090000152587891,6.119999885559082,60406
2024-06-20,DCMFINSERV,6.119999885559082,6.150000095367432,5.809999942779541,5.880000114440918,45692
2024-06-21,DCMFINSERV,5.610000133514404,5.989999771118164,5.610000133514404,5.710000038146973,32859
2024-06-24,DCMFINSERV,5.840000152587891,5.989999771118164,5.71999979019165,5.989999771118164,40943
2024-06-25,DCMFINSERV,6.25,6.28000020980835,5.710000038146973,5.929999828338623,51433
2024-06-26,DCMFINSERV,6.050000190734863,6.050000190734863,5.650000095367432,5.760000228881836,19257
2024-06-27,DCMFINSERV,5.760000228881836,5.900000095367432,5.599999904632568,5.860000133514404,39820
2024-06-28,DCMFINSERV,5.96999979019165,5.96999979019165,5.610000133514404,5.760000228881836,25638
2024-06-03,DCMNVL,199.3000030517578,203.0,195.0500030517578,197.6000061035156,47999
2024-06-04,DCMNVL,197.9499969482422,197.9499969482422,180.0,189.0,43405
2024-06-05,DCMNVL,187.1499938964844,199.8999938964844,181.8000030517578,192.5,61393
2024-06-06,DCMNVL,196.8000030517578,202.6999969482422,193.25,194.6499938964844,34520
2024-06-07,DCMNVL,196.1000061035156,203.0,195.8500061035156,199.6499938964844,42189
2024-06-10,DCMNVL,200.009994506836,206.0,198.0,202.0399932861328,34474
2024-06-11,DCMNVL,202.759994506836,210.0,198.009994506836,204.009994506836,38584
2024-06-12,DCMNVL,203.8999938964844,208.8000030517578,202.77999877929688,206.33999633789065,23477
2024-06-13,DCMNVL,206.1999969482422,209.0,201.6999969482422,202.2700042724609,25480
2024-06-14,DCMNVL,202.47999572753903,209.8000030517578,202.0,207.0599975585937,44131
2024-06-18,DCMNVL,205.25,210.5,202.1999969482422,204.3999938964844,28511
2024-06-19,DCMNVL,202.5,213.77999877929688,200.1999969482422,208.25,59967
2024-06-20,DCMNVL,209.3000030517578,222.0,209.3000030517578,218.4100036621093,92418
2024-06-21,DCMNVL,219.6000061035156,225.0,217.0,218.3000030517578,39335
2024-06-24,DCMNVL,218.3000030517578,232.8000030517578,216.3099975585937,224.17999267578125,130518
2024-06-25,DCMNVL,223.52999877929688,224.72999572753903,217.1999969482422,218.7400054931641,25945
2024-06-26,DCMNVL,221.0,236.47000122070312,217.6600036621093,226.7400054931641,185994
2024-06-27,DCMNVL,228.4499969482422,247.1999969482422,221.0399932861328,239.1199951171875,366358
2024-06-28,DCMNVL,242.0,243.5,231.509994506836,232.3800048828125,69840
2024-06-03,DCMSHRIRAM,1010.5,1010.5,976.0,980.5,39939
2024-06-04,DCMSHRIRAM,985.0,987.1500244140624,886.3499755859375,903.2999877929688,56370
2024-06-05,DCMSHRIRAM,905.0,924.9500122070312,893.1500244140625,914.8499755859376,70099
2024-06-06,DCMSHRIRAM,921.0,987.0,921.0,935.5,37648
2024-06-07,DCMSHRIRAM,945.9000244140624,1004.5,944.7000122070312,988.7000122070312,86237
2024-06-10,DCMSHRIRAM,997.0,1009.0,985.4000244140624,995.2000122070312,64318
2024-06-11,DCMSHRIRAM,995.4000244140624,1006.6500244140624,986.5,989.6500244140624,30092
2024-06-12,DCMSHRIRAM,985.4000244140624,1004.2999877929688,982.4000244140624,991.4000244140624,39128
2024-06-13,DCMSHRIRAM,996.4000244140624,1062.75,992.8499755859376,1057.4000244140625,528052
2024-06-14,DCMSHRIRAM,1060.0,1102.0,1035.050048828125,1040.5999755859375,362830
2024-06-18,DCMSHRIRAM,1042.0,1049.0,1011.75,1015.25,87869
2024-06-19,DCMSHRIRAM,1037.699951171875,1059.9000244140625,1014.0999755859376,1037.8499755859375,136330
2024-06-20,DCMSHRIRAM,1040.0,1055.9000244140625,1030.050048828125,1041.25,67096
2024-06-21,DCMSHRIRAM,1048.300048828125,1048.300048828125,1007.0,1017.8499755859376,42243
2024-06-24,DCMSHRIRAM,1023.5499877929688,1023.5499877929688,998.2000122070312,1002.5499877929688,24333
2024-06-25,DCMSHRIRAM,1002.0,1021.6500244140624,988.8499755859376,995.75,49134
2024-06-26,DCMSHRIRAM,999.6500244140624,1012.0,992.0499877929688,1003.5499877929688,27874
2024-06-27,DCMSHRIRAM,1010.75,1019.9000244140624,980.0,982.25,53074
2024-06-28,DCMSHRIRAM,988.9000244140624,1014.5,981.0,1005.2999877929688,45056
2024-06-03,DCMSRIND,215.6000061035156,223.8000030517578,213.8999938964844,218.8000030517578,288830
2024-06-04,DCMSRIND,221.0,221.0,184.0,193.4499969482422,591573
2024-06-05,DCMSRIND,193.0,203.8999938964844,186.6000061035156,201.5,215706
2024-06-06,DCMSRIND,204.8000030517578,210.25,201.6000061035156,203.5,195163
2024-06-07,DCMSRIND,204.9499969482422,215.0,202.6999969482422,210.6999969482422,157291
2024-06-10,DCMSRIND,212.1999969482422,217.0,209.82000732421875,211.0,145409
2024-06-11,DCMSRIND,211.1000061035156,218.1000061035156,211.009994506836,215.32000732421875,171860
2024-06-12,DCMSRIND,219.8500061035156,225.0,217.9900054931641,221.3300018310547,333561
2024-06-13,DCMSRIND,224.6499938964844,234.8000030517578,222.1499938964844,228.25,769942
2024-06-14,DCMSRIND,229.9499969482422,240.6100006103516,226.6600036621093,236.63999938964844,762421
2024-06-18,DCMSRIND,237.8000030517578,242.5,231.47000122070312,235.2700042724609,319372
2024-06-19,DCMSRIND,235.5500030517578,237.3699951171875,227.17999267578125,231.8999938964844,454640
2024-06-20,DCMSRIND,231.8500061035156,235.9499969482422,228.0,228.6600036621093,203811
2024-06-21,DCMSRIND,229.6999969482422,234.5,229.3500061035156,230.97000122070312,216345
2024-06-24,DCMSRIND,230.9100036621093,235.5500030517578,224.8999938964844,225.5500030517578,267375
2024-06-25,DCMSRIND,225.8999938964844,234.8000030517578,225.8999938964844,226.6499938964844,215664
2024-06-26,DCMSRIND,226.0500030517578,227.3300018310547,217.5500030517578,219.72000122070312,190157
2024-06-27,DCMSRIND,218.8999938964844,219.9499969482422,212.5,216.0399932861328,179532
2024-06-28,DCMSRIND,219.0,222.44000244140625,212.6000061035156,213.3500061035156,218470
2024-06-03,DCW,53.5,53.95000076293945,51.75,51.84999847412109,1295322
2024-06-04,DCW,52.5,52.5,49.0,49.75,2989909
2024-06-05,DCW,49.900001525878906,51.20000076293945,48.650001525878906,50.59999847412109,1124059
2024-06-06,DCW,50.95000076293945,52.45000076293945,50.75,51.5,929617
2024-06-07,DCW,51.5,52.75,51.20000076293945,52.54999923706055,1323514
2024-06-10,DCW,52.09999847412109,53.68999862670898,52.09999847412109,53.400001525878906,1918428
2024-06-11,DCW,53.68000030517578,56.09000015258789,53.68000030517578,55.150001525878906,5093689
2024-06-12,DCW,55.27999877929688,55.68999862670898,55.0099983215332,55.33000183105469,1531071
2024-06-13,DCW,55.59999847412109,57.84999847412109,55.04999923706055,57.22999954223633,6782377
2024-06-14,DCW,57.4900016784668,59.84999847412109,57.47999954223633,59.02999877929688,10177823
2024-06-18,DCW,59.29999923706055,59.400001525878906,57.54999923706055,58.0099983215332,3900928
2024-06-19,DCW,58.25,59.2400016784668,57.5,58.040000915527344,2406025
2024-06-20,DCW,58.06999969482422,61.380001068115234,57.68999862670898,61.18000030517578,13360471
2024-06-21,DCW,61.33000183105469,61.61000061035156,59.27000045776367,59.95000076293945,5160519
2024-06-24,DCW,58.900001525878906,59.790000915527344,58.29999923706055,59.02999877929688,2210364
2024-06-25,DCW,59.25,59.66999816894531,57.75,57.959999084472656,2156078
2024-06-26,DCW,58.0,58.66999816894531,56.97999954223633,57.11000061035156,2337109
2024-06-27,DCW,57.33000183105469,57.95000076293945,55.18000030517578,55.630001068115234,2819595
2024-06-28,DCW,55.91999816894531,56.33000183105469,55.04999923706055,55.25,1518840
2024-06-03,DCXINDIA,321.95001220703125,321.95001220703125,312.8500061035156,314.8999938964844,516464
2024-06-04,DCXINDIA,314.0,314.0,251.9499969482422,270.1499938964844,3051959
2024-06-05,DCXINDIA,274.0,284.70001220703125,259.29998779296875,280.1499938964844,1180902
2024-06-06,DCXINDIA,281.79998779296875,299.0,281.79998779296875,287.54998779296875,2032276
2024-06-07,DCXINDIA,287.54998779296875,292.5,284.3999938964844,288.3999938964844,891100
2024-06-10,DCXINDIA,294.1000061035156,302.70001220703125,292.1499938964844,293.3500061035156,1211003
2024-06-11,DCXINDIA,295.0,315.3999938964844,295.0,308.95001220703125,1600662
2024-06-12,DCXINDIA,310.95001220703125,317.8999938964844,310.8500061035156,316.0,832732
2024-06-13,DCXINDIA,317.6000061035156,322.5,313.45001220703125,320.25,1172344
2024-06-14,DCXINDIA,321.0,366.8999938964844,321.0,359.8500061035156,8907666
2024-06-18,DCXINDIA,366.8999938964844,371.25,354.20001220703125,366.7999877929688,6554811
2024-06-19,DCXINDIA,364.5,364.7999877929688,340.54998779296875,354.3999938964844,5287898
2024-06-20,DCXINDIA,356.5,358.5,349.3999938964844,354.8999938964844,1817601
2024-06-21,DCXINDIA,358.0,360.5,349.1499938964844,358.3999938964844,3130799
2024-06-24,DCXINDIA,355.0,384.0,353.95001220703125,372.75,5050314
2024-06-25,DCXINDIA,377.0,388.3999938964844,370.25,373.0,2699875
2024-06-26,DCXINDIA,376.0,378.4500122070313,365.6000061035156,369.1499938964844,1258034
2024-06-27,DCXINDIA,369.2000122070313,369.8999938964844,352.75,357.3500061035156,1390470
2024-06-28,DCXINDIA,359.8999938964844,367.0,357.1499938964844,361.25,1248335
2024-06-03,DECCANCE,597.9000244140625,597.9000244140625,576.9500122070312,586.0,14562
2024-06-04,DECCANCE,586.2000122070312,589.0,524.9500122070312,564.9000244140625,19278
2024-06-05,DECCANCE,559.8499755859375,585.0,558.2999877929688,571.0499877929688,10397
2024-06-06,DECCANCE,576.9500122070312,612.0,575.0499877929688,601.4500122070312,37217
2024-06-07,DECCANCE,609.3499755859375,627.5999755859375,592.6500244140625,621.1500244140625,40608
2024-06-10,DECCANCE,630.4500122070312,660.0,630.4500122070312,644.5,67584
2024-06-11,DECCANCE,648.9500122070312,670.4000244140625,644.0,660.3499755859375,58522
2024-06-12,DECCANCE,660.3499755859375,682.5999755859375,660.3499755859375,677.1500244140625,106150
2024-06-13,DECCANCE,680.4500122070312,696.25,670.2000122070312,681.2000122070312,74771
2024-06-14,DECCANCE,699.0,723.5,691.0,697.5499877929688,184345
2024-06-18,DECCANCE,704.5499877929688,709.4000244140625,683.9000244140625,693.75,27645
2024-06-19,DECCANCE,697.2000122070312,705.0,683.7999877929688,685.4500122070312,29001
2024-06-20,DECCANCE,685.5,694.6500244140625,685.0499877929688,687.5999755859375,11750
2024-06-21,DECCANCE,687.7999877929688,695.5,680.0,683.7000122070312,10089
2024-06-24,DECCANCE,684.0,708.0,670.0,678.6500244140625,14503
2024-06-25,DECCANCE,681.1500244140625,683.2999877929688,667.3499755859375,669.7999877929688,9370
2024-06-26,DECCANCE,671.0999755859375,720.0,661.2000122070312,699.6500244140625,95659
2024-06-27,DECCANCE,702.4000244140625,735.0,685.0999755859375,690.5499877929688,134063
2024-06-28,DECCANCE,693.0,701.0999755859375,686.0,694.7000122070312,15461
2024-06-26,DEEDEV,339.0,365.7000122070313,310.0,335.32000732421875,33544442
2024-06-27,DEEDEV,329.5,341.989990234375,318.29998779296875,327.5,3689457
2024-06-28,DEEDEV,326.54998779296875,333.79998779296875,313.5799865722656,323.4700012207031,2020124
2024-06-03,DEEPAKFERT,576.75,577.0,563.2999877929688,564.9500122070312,616265
2024-06-04,DEEPAKFERT,563.9500122070312,563.9500122070312,503.2999877929688,527.5,777522
2024-06-05,DEEPAKFERT,533.0,559.4500122070312,526.0,556.3499755859375,481707
2024-06-06,DEEPAKFERT,557.0,578.2999877929688,556.0999755859375,575.0,1571857
2024-06-07,DEEPAKFERT,575.0499877929688,584.25,571.7999877929688,578.7999877929688,764285
2024-06-10,DEEPAKFERT,589.5,608.7999877929688,581.5999755859375,601.0,2522505
2024-06-11,DEEPAKFERT,602.9500122070312,612.0999755859375,598.0,607.4000244140625,917136
2024-06-12,DEEPAKFERT,609.0,613.2999877929688,598.5,600.6500244140625,676137
2024-06-13,DEEPAKFERT,601.2999877929688,603.5999755859375,594.0,599.5999755859375,744419
2024-06-14,DEEPAKFERT,589.0499877929688,609.7999877929688,579.2999877929688,593.5999755859375,928612
2024-06-18,DEEPAKFERT,599.9000244140625,623.5999755859375,593.5999755859375,619.5499877929688,1850265
2024-06-19,DEEPAKFERT,630.0,662.9000244140625,628.25,645.5,6281630
2024-06-20,DEEPAKFERT,651.7999877929688,750.0,637.0,728.1500244140625,21619784
2024-06-21,DEEPAKFERT,723.0,732.6500244140625,680.25,685.9500122070312,5005746
2024-06-24,DEEPAKFERT,662.0,695.9000244140625,647.4000244140625,678.0499877929688,1982798
2024-06-25,DEEPAKFERT,679.7999877929688,704.7999877929688,664.0999755859375,673.8499755859375,2531168
2024-06-26,DEEPAKFERT,672.0,713.75,667.25,701.2999877929688,2255229
2024-06-27,DEEPAKFERT,700.0,700.0,648.0,659.0499877929688,2248574
2024-06-28,DEEPAKFERT,661.2999877929688,683.5499877929688,650.5999755859375,677.2000122070312,1913770
2024-06-03,DEEPAKNTR,2280.0,2280.0,2206.699951171875,2244.64990234375,270605
2024-06-04,DEEPAKNTR,2244.0,2245.0,2021.0,2142.64990234375,696813
2024-06-05,DEEPAKNTR,2169.0,2239.949951171875,2150.550048828125,2228.14990234375,189613
2024-06-06,DEEPAKNTR,2248.0,2286.949951171875,2225.0,2278.449951171875,253051
2024-06-07,DEEPAKNTR,2278.449951171875,2295.0,2266.050048828125,2282.050048828125,114417
2024-06-10,DEEPAKNTR,2285.0,2331.39990234375,2274.39990234375,2302.39990234375,222425
2024-06-11,DEEPAKNTR,2310.39990234375,2337.0,2300.199951171875,2316.0,340586
2024-06-12,DEEPAKNTR,2316.0,2358.60009765625,2308.60009765625,2351.800048828125,377841
2024-06-13,DEEPAKNTR,2370.0,2421.0,2352.550048828125,2411.050048828125,502975
2024-06-14,DEEPAKNTR,2419.0,2441.39990234375,2388.0,2413.699951171875,450097
2024-06-18,DEEPAKNTR,2419.0,2433.89990234375,2390.0,2422.35009765625,306853
2024-06-19,DEEPAKNTR,2430.949951171875,2527.0,2407.35009765625,2485.89990234375,918506
2024-06-20,DEEPAKNTR,2489.89990234375,2640.0,2469.0,2605.25,1649662
2024-06-21,DEEPAKNTR,2614.949951171875,2646.0,2531.39990234375,2545.949951171875,474787
2024-06-24,DEEPAKNTR,2544.0,2544.0,2485.0,2509.0,214453
2024-06-25,DEEPAKNTR,2509.0,2527.85009765625,2454.0,2459.75,158358
2024-06-26,DEEPAKNTR,2461.0,2525.0,2448.0,2505.25,602699
2024-06-27,DEEPAKNTR,2520.10009765625,2535.0,2476.5,2513.35009765625,262310
2024-06-28,DEEPAKNTR,2513.0,2533.800048828125,2497.64990234375,2501.949951171875,150785
2024-06-03,DEEPINDS,289.5,289.5,279.95001220703125,283.0,143187
2024-06-04,DEEPINDS,282.6499938964844,282.6499938964844,243.0,261.70001220703125,235627
2024-06-05,DEEPINDS,262.0,276.95001220703125,256.75,273.1000061035156,95766
2024-06-06,DEEPINDS,277.70001220703125,286.0,276.04998779296875,282.0,126742
2024-06-07,DEEPINDS,284.5,290.0,283.3500061035156,286.70001220703125,142768
2024-06-10,DEEPINDS,288.70001220703125,299.79998779296875,285.04998779296875,297.20001220703125,130045
2024-06-11,DEEPINDS,298.0,307.45001220703125,297.8999938964844,298.79998779296875,222373
2024-06-12,DEEPINDS,298.79998779296875,306.6499938964844,296.0,297.04998779296875,104948
2024-06-13,DEEPINDS,299.0,303.95001220703125,296.5,300.6499938964844,103657
2024-06-14,DEEPINDS,299.75,301.0,294.45001220703125,296.3500061035156,75338
2024-06-18,DEEPINDS,298.3500061035156,310.0,297.95001220703125,299.79998779296875,180749
2024-06-19,DEEPINDS,300.0,301.75,288.20001220703125,290.45001220703125,127502
2024-06-20,DEEPINDS,290.45001220703125,298.8999938964844,289.79998779296875,296.04998779296875,94242
2024-06-21,DEEPINDS,298.79998779296875,300.54998779296875,290.04998779296875,297.3999938964844,124933
2024-06-24,DEEPINDS,295.0,299.95001220703125,290.6000061035156,296.70001220703125,64563
2024-06-25,DEEPINDS,297.70001220703125,303.54998779296875,290.8500061035156,291.79998779296875,95207
2024-06-26,DEEPINDS,292.70001220703125,294.8500061035156,289.54998779296875,293.1499938964844,326102
2024-06-27,DEEPINDS,293.04998779296875,297.95001220703125,284.25,289.20001220703125,109186
2024-06-28,DEEPINDS,290.6499938964844,293.79998779296875,287.6499938964844,290.3500061035156,68847
2024-06-03,DELHIVERY,399.0,399.0,389.0,389.9500122070313,1473107
2024-06-04,DELHIVERY,390.5499877929688,390.9500122070313,355.20001220703125,360.4500122070313,3822206
2024-06-05,DELHIVERY,365.8500061035156,380.5499877929688,358.0,378.3999938964844,2210716
2024-06-06,DELHIVERY,383.8999938964844,387.6499938964844,381.5,382.25,2989987
2024-06-07,DELHIVERY,383.1000061035156,389.0,382.5,385.5,1242470
2024-06-10,DELHIVERY,390.5499877929688,396.7000122070313,386.1499938964844,390.1000061035156,1240148
2024-06-11,DELHIVERY,394.8999938964844,394.8999938964844,384.2000122070313,386.0,1291365
2024-06-12,DELHIVERY,390.0,393.9500122070313,386.1499938964844,388.6499938964844,1064641
2024-06-13,DELHIVERY,394.0,395.5,387.5,393.3999938964844,2220747
2024-06-14,DELHIVERY,394.0,411.0,393.0499877929688,406.4500122070313,4059146
2024-06-18,DELHIVERY,406.8999938964844,409.3999938964844,396.1499938964844,398.75,2235588
2024-06-19,DELHIVERY,400.0,406.4500122070313,394.0,400.3500061035156,2535998
2024-06-20,DELHIVERY,404.8500061035156,406.8500061035156,398.25,400.4500122070313,3358655
2024-06-21,DELHIVERY,404.6000061035156,404.6000061035156,395.3999938964844,399.1499938964844,1243049
2024-06-24,DELHIVERY,398.0,398.0,389.1000061035156,392.4500122070313,1395681
2024-06-25,DELHIVERY,397.0,397.75,392.5,395.9500122070313,1227436
2024-06-26,DELHIVERY,396.0,402.7000122070313,395.1000061035156,398.1499938964844,3449588
2024-06-27,DELHIVERY,398.7999877929688,405.75,396.8500061035156,400.1000061035156,3417305
2024-06-28,DELHIVERY,399.6499938964844,401.3500061035156,396.6499938964844,400.1499938964844,2002593
2024-06-03,DELPHIFX,11.97203540802002,12.406253814697266,11.320707321166992,11.547121047973633,755473
2024-06-04,DELPHIFX,11.547121047973633,11.767332077026367,10.743816375732422,11.14391803741455,282325
2024-06-05,DELPHIFX,11.119105339050291,11.320707321166992,10.846166610717772,10.998144149780272,328269
2024-06-06,DELPHIFX,11.013651847839355,11.903800964355469,11.013651847839355,11.426159858703612,986244
2024-06-07,DELPHIFX,11.218355178833008,11.785941123962402,11.103596687316896,11.283488273620604,115135
2024-06-10,DELPHIFX,11.283488273620604,11.522308349609377,11.103596687316896,11.454073905944824,68820
2024-06-11,DELPHIFX,11.4137544631958,11.695996284484863,11.37963581085205,11.475165367126465,215633
2024-06-12,DELPHIFX,11.599846839904783,11.599846839904783,11.165629386901855,11.28162670135498,219066
2024-06-13,DELPHIFX,11.745620727539062,11.845491409301758,11.289690971374512,11.807031631469728,315598
2024-06-14,DELPHIFX,12.151926040649414,12.39694881439209,11.845491409301758,12.39694881439209,254468
2024-06-18,DELPHIFX,13.016641616821287,13.016641616821287,13.016641616821287,13.016641616821287,280277
2024-06-19,DELPHIFX,13.667349815368652,13.667349815368652,13.33672332763672,13.667349815368652,612062
2024-06-20,DELPHIFX,13.667349815368652,14.138787269592283,13.23126983642578,13.429149627685549,405666
2024-06-21,DELPHIFX,13.16055393218994,13.16055393218994,13.16055393218994,13.16055393218994,21263
2024-06-24,DELPHIFX,12.896921157836914,12.902503967285156,12.896921157836914,12.896921157836914,172380
2024-06-25,DELPHIFX,13.154351234436035,13.154351234436035,13.154351234436035,13.154351234436035,108670
2024-06-26,DELPHIFX,13.417364120483398,13.417364120483398,13.417364120483398,13.417364120483398,50345
2024-06-27,DELPHIFX,13.684718132019045,13.685338973999023,13.684718132019045,13.684718132019045,174847
2024-06-28,DELPHIFX,13.410539627075195,13.410539627075195,13.410539627075195,13.410539627075195,9591
2024-06-03,DELTACORP,116.9000015258789,117.9000015258789,113.0,113.4499969482422,2022087
2024-06-04,DELTACORP,113.8000030517578,115.75,104.4499969482422,109.8000030517578,2947955
2024-06-05,DELTACORP,111.0,114.5500030517578,108.6500015258789,112.5500030517578,1907845
2024-06-06,DELTACORP,113.5,116.1999969482422,113.5,115.0500030517578,1847628
2024-06-07,DELTACORP,115.5,117.6999969482422,115.3499984741211,117.3000030517578,1561777
2024-06-10,DELTACORP,118.1999969482422,121.51000213623048,117.52999877929688,120.0500030517578,2495853
2024-06-11,DELTACORP,120.4499969482422,122.0,120.4499969482422,120.8000030517578,1479912
2024-06-12,DELTACORP,120.6999969482422,123.33000183105467,120.6999969482422,121.43000030517578,1658030
2024-06-13,DELTACORP,122.79000091552734,138.89999389648438,121.5999984741211,135.27999877929688,15898884
2024-06-14,DELTACORP,137.9199981689453,138.8000030517578,134.07000732421875,136.16000366210938,9801841
2024-06-18,DELTACORP,136.19000244140625,137.6300048828125,132.0,132.25,3988909
2024-06-19,DELTACORP,136.8699951171875,154.89999389648438,136.5,147.41000366210938,62767674
2024-06-20,DELTACORP,148.8000030517578,153.3300018310547,146.0,146.60000610351562,11901267
2024-06-21,DELTACORP,146.60000610351562,147.42999267578125,141.0500030517578,142.24000549316406,6120767
2024-06-24,DELTACORP,127.3000030517578,139.0,126.0,137.25,14335342
2024-06-25,DELTACORP,139.35000610351562,139.82000732421875,132.5500030517578,133.4499969482422,3849564
2024-06-26,DELTACORP,135.4499969482422,136.6999969482422,131.39999389648438,131.80999755859375,3398243
2024-06-27,DELTACORP,131.00999450683594,132.3000030517578,128.11000061035156,128.8300018310547,2988949
2024-06-28,DELTACORP,129.5,132.11000061035156,129.36000061035156,129.8000030517578,2434686
2024-06-03,DELTAMAGNT,96.75,99.8499984741211,96.0999984741211,96.5,11506
2024-06-04,DELTAMAGNT,99.0,99.0,86.44999694824219,90.8000030517578,17387
2024-06-05,DELTAMAGNT,91.0,95.0500030517578,85.5999984741211,91.5,11149
2024-06-06,DELTAMAGNT,93.8499984741211,95.1999969482422,92.5999984741211,94.9499969482422,4835
2024-06-07,DELTAMAGNT,94.8499984741211,97.5,94.0500030517578,96.6999969482422,13846
2024-06-10,DELTAMAGNT,96.72000122070312,98.70999908447266,96.0,98.12000274658205,11899
2024-06-11,DELTAMAGNT,97.06999969482422,103.8000030517578,94.0,100.37999725341795,58086
2024-06-12,DELTAMAGNT,101.4000015258789,101.4000015258789,99.0500030517578,100.22000122070312,8327
2024-06-13,DELTAMAGNT,100.23999786376952,100.87999725341795,98.0,98.8499984741211,5971
2024-06-14,DELTAMAGNT,97.1500015258789,102.29000091552734,97.1500015258789,100.2699966430664,6099
2024-06-18,DELTAMAGNT,100.2699966430664,102.0,96.75,98.51000213623048,13959
2024-06-19,DELTAMAGNT,99.98999786376952,101.54000091552734,98.5,98.6500015258789,12024
2024-06-20,DELTAMAGNT,100.9800033569336,100.9800033569336,97.0500030517578,98.33000183105467,6282
2024-06-21,DELTAMAGNT,99.8000030517578,99.8000030517578,97.22000122070312,98.26000213623048,6394
2024-06-24,DELTAMAGNT,96.4499969482422,99.58000183105467,96.4499969482422,99.0,7231
2024-06-25,DELTAMAGNT,98.26000213623048,98.58999633789062,96.0999984741211,96.9000015258789,20860
2024-06-26,DELTAMAGNT,98.83999633789062,98.83999633789062,96.0,96.72000122070312,11384
2024-06-27,DELTAMAGNT,97.56999969482422,97.9800033569336,96.25,96.5,9262
2024-06-28,DELTAMAGNT,99.6999969482422,99.6999969482422,95.20999908447266,96.3000030517578,9415
2024-06-03,DEN,51.29999923706055,51.34999847412109,50.20000076293945,50.400001525878906,1129453
2024-06-04,DEN,50.75,50.79999923706055,43.29999923706055,46.04999923706055,2854802
2024-06-05,DEN,47.150001525878906,48.0,45.70000076293945,47.70000076293945,1289837
2024-06-06,DEN,48.0,49.70000076293945,48.0,49.0,1629358
2024-06-07,DEN,49.34999847412109,49.84999847412109,48.75,49.59999847412109,815855
2024-06-10,DEN,50.0,51.060001373291016,49.9900016784668,50.150001525878906,1473391
2024-06-11,DEN,50.45000076293945,53.95000076293945,50.22999954223633,52.31999969482422,6375630
2024-06-12,DEN,52.45000076293945,54.20000076293945,52.45000076293945,53.459999084472656,3703807
2024-06-13,DEN,53.7400016784668,54.150001525878906,52.84000015258789,53.22999954223633,1592950
2024-06-14,DEN,53.459999084472656,55.34999847412109,53.29999923706055,53.790000915527344,4322363
2024-06-18,DEN,54.08000183105469,54.63999938964844,53.41999816894531,53.58000183105469,1732842
2024-06-19,DEN,53.84999847412109,57.540000915527344,52.560001373291016,56.34000015258789,12569790
2024-06-20,DEN,56.79999923706055,57.900001525878906,56.0,57.58000183105469,5492505
2024-06-21,DEN,57.88999938964844,58.20000076293945,55.290000915527344,55.959999084472656,4084303
2024-06-24,DEN,55.79999923706055,57.2400016784668,55.15999984741211,56.060001373291016,2719406
2024-06-25,DEN,56.209999084472656,56.75,54.709999084472656,54.970001220703125,1592343
2024-06-26,DEN,55.18000030517578,55.18000030517578,53.310001373291016,53.75,2371224
2024-06-27,DEN,53.79999923706055,55.09000015258789,52.20000076293945,53.18000030517578,2142494
2024-06-28,DEN,53.630001068115234,54.27000045776367,53.09999847412109,53.310001373291016,995181
2024-06-03,DENORA,1553.800048828125,1565.0,1515.050048828125,1536.0,18711
2024-06-04,DENORA,1536.0,1536.0,1390.699951171875,1420.3499755859375,27091
2024-06-05,DENORA,1460.0,1475.0,1394.8499755859375,1464.5,11151
2024-06-06,DENORA,1468.1500244140625,1524.0,1465.550048828125,1499.699951171875,11800
2024-06-07,DENORA,1501.050048828125,1545.0,1501.050048828125,1533.300048828125,9626
2024-06-10,DENORA,1535.0,1585.0,1533.050048828125,1544.0,14503
2024-06-11,DENORA,1554.9000244140625,1659.699951171875,1545.0,1617.800048828125,91040
2024-06-12,DENORA,1654.9000244140625,1655.3499755859375,1610.0,1614.6500244140625,29760
2024-06-13,DENORA,1612.25,1657.949951171875,1609.199951171875,1640.949951171875,21013
2024-06-14,DENORA,1649.449951171875,1673.0,1630.0,1644.0999755859375,20016
2024-06-18,DENORA,1644.550048828125,1674.5999755859375,1635.0,1658.6500244140625,20984
2024-06-19,DENORA,1664.0,1685.0,1630.0999755859375,1640.199951171875,23427
2024-06-20,DENORA,1643.0,1686.0,1622.4000244140625,1675.25,26478
2024-06-21,DENORA,1675.25,1684.449951171875,1640.0,1645.8499755859375,13317
2024-06-24,DENORA,1645.8499755859375,1770.0,1620.300048828125,1721.699951171875,63026
2024-06-25,DENORA,1739.800048828125,1789.0,1713.3499755859375,1760.050048828125,46823
2024-06-26,DENORA,1760.25,1772.949951171875,1690.6500244140625,1712.25,23858
2024-06-27,DENORA,1719.0,1723.949951171875,1652.0,1667.0,20977
2024-06-28,DENORA,1676.0,1691.0,1649.699951171875,1655.800048828125,11648
2024-06-03,DEVIT,48.93999862670898,48.93999862670898,43.900001525878906,45.09999847412109,106455
2024-06-04,DEVIT,46.400001525878906,46.400001525878906,40.59999847412109,41.13999938964844,177460
2024-06-05,DEVIT,40.84000015258789,42.79999923706055,40.84000015258789,41.959999084472656,86702
2024-06-06,DEVIT,43.79999923706055,44.79999923706055,43.2599983215332,43.900001525878906,87715
2024-06-07,DEVIT,44.79999923706055,47.13999938964844,44.79999923706055,45.79999923706055,149567
2024-06-10,DEVIT,47.119998931884766,48.32400131225586,46.0880012512207,47.624000549316406,124540
2024-06-11,DEVIT,47.880001068115234,48.69599914550781,46.84400177001953,47.571998596191406,80505
2024-06-12,DEVIT,47.84000015258789,50.391998291015625,47.59999847412109,48.5,188027
2024-06-13,DEVIT,48.5,49.13600158691406,47.20000076293945,48.124000549316406,59135
2024-06-14,DEVIT,48.14400100708008,49.29999923706055,47.400001525878906,47.85200119018555,72702
2024-06-18,DEVIT,48.119998931884766,49.2400016784668,46.47999954223633,47.23199844360352,60447
2024-06-19,DEVIT,47.47999954223633,47.959999084472656,46.40399932861328,46.71200180053711,35992
2024-06-20,DEVIT,46.95199966430664,47.91600036621094,45.59999847412109,45.948001861572266,80347
2024-06-21,DEVIT,46.20000076293945,47.75199890136719,45.608001708984375,46.91999816894531,73395
2024-06-24,DEVIT,46.91999816894531,47.15999984741211,45.70000076293945,46.30799865722656,28662
2024-06-25,DEVIT,46.900001525878906,47.555999755859375,44.79999923706055,45.93999862670898,65852
2024-06-26,DEVIT,46.400001525878906,47.79999923706055,45.608001708984375,45.86800003051758,47622
2024-06-27,DEVIT,45.86800003051758,46.67599868774414,44.79999923706055,45.15599822998047,57577
2024-06-28,DEVIT,45.400001525878906,46.20000076293945,43.891998291015625,44.91999816894531,303672
2024-06-03,DEVYANI,157.0,157.0,151.35000610351562,152.9499969482422,2928833
2024-06-04,DEVYANI,153.10000610351562,153.5500030517578,142.4499969482422,149.10000610351562,1654846
2024-06-05,DEVYANI,150.0,162.5,145.3000030517578,161.3000030517578,6305243
2024-06-06,DEVYANI,161.5500030517578,172.0,161.0,170.85000610351562,9294305
2024-06-07,DEVYANI,170.85000610351562,176.89999389648438,168.89999389648438,172.0500030517578,4646002
2024-06-10,DEVYANI,173.0500030517578,180.9499969482422,172.0500030517578,177.02999877929688,5571883
2024-06-11,DEVYANI,178.99000549316406,179.1999969482422,177.10000610351562,178.52999877929688,1987120
2024-06-12,DEVYANI,178.52999877929688,180.75,178.0,180.0500030517578,2344293
2024-06-13,DEVYANI,180.0500030517578,180.1999969482422,177.0500030517578,179.97999572753906,1855620
2024-06-14,DEVYANI,180.0,180.0,177.00999450683594,178.38999938964844,1660818
2024-06-18,DEVYANI,178.47999572753906,178.5,172.8000030517578,174.4199981689453,2650677
2024-06-19,DEVYANI,174.5399932861328,175.9499969482422,170.0,171.61000061035156,2415639
2024-06-20,DEVYANI,170.89999389648438,171.80999755859375,167.6999969482422,168.27000427246094,1457834
2024-06-21,DEVYANI,171.63999938964844,174.58999633789062,170.00999450683594,171.38999938964844,6710169
2024-06-24,DEVYANI,171.1999969482422,171.1999969482422,167.89999389648438,170.07000732421875,750819
2024-06-25,DEVYANI,170.0,172.10000610351562,167.0,167.42999267578125,923196
2024-06-26,DEVYANI,166.92999267578125,168.10000610351562,165.5500030517578,166.16000366210938,1275177
2024-06-27,DEVYANI,165.5,166.85000610351562,162.8800048828125,163.4199981689453,939736
2024-06-28,DEVYANI,163.4499969482422,165.77000427246094,162.5,164.7100067138672,1839744
2024-06-03,DGCONTENT,23.299999237060547,23.299999237060547,23.299999237060547,23.299999237060547,1010
2024-06-04,DGCONTENT,23.299999237060547,23.299999237060547,23.299999237060547,23.299999237060547,0
2024-06-05,DGCONTENT,23.299999237060547,23.299999237060547,23.299999237060547,23.299999237060547,0
2024-06-06,DGCONTENT,23.299999237060547,23.299999237060547,23.299999237060547,23.299999237060547,0
2024-06-07,DGCONTENT,23.299999237060547,23.299999237060547,23.299999237060547,23.299999237060547,0
2024-06-10,DGCONTENT,22.1299991607666,24.459999084472656,22.1299991607666,24.01000022888184,77512
2024-06-11,DGCONTENT,25.0,25.209999084472656,23.25,25.14999961853028,20644
2024-06-12,DGCONTENT,26.3799991607666,26.39999961853028,24.200000762939453,26.170000076293945,20893
2024-06-13,DGCONTENT,26.39999961853028,27.46999931335449,25.1200008392334,27.31999969482422,50122
2024-06-14,DGCONTENT,27.01000022888184,28.68000030517578,26.0,28.68000030517578,29569
2024-06-18,DGCONTENT,30.11000061035156,30.11000061035156,28.39999961853028,29.46999931335449,30147
2024-06-19,DGCONTENT,28.020000457763672,30.940000534057617,27.989999771118164,30.8700008392334,41953
2024-06-20,DGCONTENT,30.940000534057617,31.0,29.31999969482422,29.31999969482422,25000
2024-06-21,DGCONTENT,29.31999969482422,29.31999969482422,29.31999969482422,29.31999969482422,0
2024-06-24,DGCONTENT,30.780000686645508,30.780000686645508,30.780000686645508,30.780000686645508,69900
2024-06-25,DGCONTENT,33.849998474121094,33.849998474121094,32.0,33.84000015258789,270709
2024-06-26,DGCONTENT,35.0,37.220001220703125,34.0,37.220001220703125,300546
2024-06-27,DGCONTENT,37.900001525878906,39.08000183105469,37.20000076293945,39.06999969482422,150590
2024-06-28,DGCONTENT,40.0,41.02000045776367,37.11000061035156,37.38999938964844,136029
2024-06-03,DHAMPURSUG,223.5,225.3000030517578,216.1000061035156,219.1499938964844,283140
2024-06-04,DHAMPURSUG,219.1499938964844,220.0,191.1000061035156,198.6499938964844,510981
2024-06-05,DHAMPURSUG,203.0,209.8000030517578,198.0,208.1999969482422,241520
2024-06-06,DHAMPURSUG,211.3000030517578,219.6000061035156,210.0500030517578,212.6999969482422,340350
2024-06-07,DHAMPURSUG,215.8999938964844,225.5500030517578,213.8500061035156,222.75,604385
2024-06-10,DHAMPURSUG,224.509994506836,225.97999572753903,218.2100067138672,223.8600006103516,213578
2024-06-11,DHAMPURSUG,225.0,236.6999969482422,223.19000244140625,234.22000122070312,986153
2024-06-12,DHAMPURSUG,237.0,241.6000061035156,234.8099975585937,236.97999572753903,828111
2024-06-13,DHAMPURSUG,254.7899932861328,254.7899932861328,241.0,249.8000030517578,4326283
2024-06-14,DHAMPURSUG,251.0,252.5,244.8099975585937,245.8099975585937,1117132
2024-06-18,DHAMPURSUG,247.0,247.5399932861328,238.1199951171875,239.2100067138672,810693
2024-06-19,DHAMPURSUG,240.0,250.5,232.5,242.1100006103516,3216113
2024-06-20,DHAMPURSUG,243.9900054931641,245.8999938964844,241.0500030517578,241.9199981689453,809581
2024-06-21,DHAMPURSUG,244.0,245.8000030517578,236.47000122070312,238.4900054931641,1109361
2024-06-24,DHAMPURSUG,236.8999938964844,238.58999633789065,232.33999633789065,232.9600067138672,579416
2024-06-25,DHAMPURSUG,234.9900054931641,236.8500061035156,228.22999572753903,229.22999572753903,738079
2024-06-26,DHAMPURSUG,230.0,230.52999877929688,226.47999572753903,227.1699981689453,341330
2024-06-27,DHAMPURSUG,227.9499969482422,229.5,220.6100006103516,224.0,438139
2024-06-28,DHAMPURSUG,224.0,226.38999938964844,221.1300048828125,223.02999877929688,556728
2024-06-03,DHANBANK,43.0,43.09999847412109,41.0,41.650001525878906,1559354
2024-06-04,DHANBANK,41.45000076293945,41.45000076293945,39.59999847412109,39.59999847412109,1262349
2024-06-05,DHANBANK,39.45000076293945,41.54999923706055,37.650001525878906,41.54999923706055,1552349
2024-06-06,DHANBANK,42.0,42.0,41.0,41.150001525878906,924824
2024-06-07,DHANBANK,41.20000076293945,41.400001525878906,40.5,41.29999923706055,604920
2024-06-10,DHANBANK,41.84999847412109,42.29999923706055,41.34000015258789,41.650001525878906,816461
2024-06-11,DHANBANK,42.29999923706055,42.29999923706055,41.59999847412109,42.02000045776367,855855
2024-06-12,DHANBANK,42.0,43.5,42.0,42.33000183105469,1736769
2024-06-13,DHANBANK,43.380001068115234,43.380001068115234,42.0,42.45000076293945,749218
2024-06-14,DHANBANK,42.150001525878906,42.65999984741211,42.0,42.38999938964844,734119
2024-06-18,DHANBANK,42.34999847412109,44.150001525878906,41.7599983215332,42.630001068115234,1955717
2024-06-19,DHANBANK,43.0,43.5,42.09999847412109,42.75,1530970
2024-06-20,DHANBANK,42.790000915527344,44.880001068115234,42.75,44.880001068115234,2505133
2024-06-21,DHANBANK,46.0,46.29999923706055,43.54999923706055,44.15999984741211,2820296
2024-06-24,DHANBANK,43.90999984741211,44.84999847412109,43.36000061035156,44.34000015258789,1595086
2024-06-25,DHANBANK,44.34000015258789,45.0,43.36000061035156,43.5099983215332,1052407
2024-06-26,DHANBANK,43.68000030517578,44.34000015258789,43.209999084472656,43.400001525878906,704292
2024-06-27,DHANBANK,43.400001525878906,43.77000045776367,41.22999954223633,42.36000061035156,1626834
2024-06-28,DHANBANK,42.959999084472656,43.2400016784668,41.61000061035156,41.810001373291016,1388279
2024-06-03,DHANUKA,1285.0,1296.0999755859375,1250.0,1286.050048828125,48042
2024-06-04,DHANUKA,1296.0,1299.0,1170.0,1210.1500244140625,41502
2024-06-05,DHANUKA,1210.0,1330.0,1175.300048828125,1314.800048828125,48673
2024-06-06,DHANUKA,1314.0,1398.9000244140625,1310.0,1387.050048828125,59623
2024-06-07,DHANUKA,1395.0,1398.199951171875,1300.0,1368.5,40991
2024-06-10,DHANUKA,1382.3499755859375,1544.050048828125,1359.050048828125,1521.699951171875,219863
2024-06-11,DHANUKA,1519.0,1640.0,1487.5,1622.3499755859375,217302
2024-06-12,DHANUKA,1620.0,1669.9000244140625,1546.0,1577.0,218336
2024-06-13,DHANUKA,1604.6500244140625,1632.0,1551.0,1613.300048828125,57538
2024-06-14,DHANUKA,1621.8499755859375,1626.5999755859375,1555.050048828125,1585.3499755859375,38192
2024-06-18,DHANUKA,1585.3499755859375,1602.300048828125,1529.4000244140625,1544.25,63837
2024-06-19,DHANUKA,1547.1500244140625,1616.0,1526.4000244140625,1575.949951171875,57125
2024-06-20,DHANUKA,1592.4000244140625,1699.8499755859375,1576.0,1685.6500244140625,104264
2024-06-21,DHANUKA,1700.0,1733.0,1645.5999755859375,1688.5,61519
2024-06-24,DHANUKA,1689.0,1702.800048828125,1606.699951171875,1687.0,51401
2024-06-25,DHANUKA,1676.5,1719.0,1652.3499755859375,1706.1500244140625,87021
2024-06-26,DHANUKA,1709.9000244140625,1709.9000244140625,1635.5,1665.5,67705
2024-06-27,DHANUKA,1648.0,1695.699951171875,1622.3499755859375,1668.6500244140625,41637
2024-06-28,DHANUKA,1670.0,1691.0,1625.0,1685.9000244140625,32516
2024-06-03,DHARAN,1.649999976158142,1.7000000476837158,1.600000023841858,1.7000000476837158,20046403
2024-06-04,DHARAN,1.7000000476837158,1.7000000476837158,1.649999976158142,1.649999976158142,20320009
2024-06-05,DHARAN,1.649999976158142,1.7000000476837158,1.600000023841858,1.649999976158142,3213351
2024-06-06,DHARAN,1.649999976158142,1.7000000476837158,1.600000023841858,1.649999976158142,14355369
2024-06-07,DHARAN,1.649999976158142,1.75,1.649999976158142,1.649999976158142,8462563
2024-06-10,DHARAN,1.6699999570846558,1.7400000095367432,1.659999966621399,1.6799999475479126,9043751
2024-06-11,DHARAN,1.7300000190734863,1.7300000190734863,1.6699999570846558,1.6799999475479126,6196832
2024-06-12,DHARAN,1.6799999475479126,1.7200000286102295,1.5700000524520874,1.5800000429153442,34200032
2024-06-13,DHARAN,1.600000023841858,1.6399999856948853,1.5800000429153442,1.590000033378601,10053988
2024-06-14,DHARAN,1.6100000143051147,1.7400000095367432,1.600000023841858,1.7300000190734863,22100819
2024-06-18,DHARAN,1.899999976158142,1.899999976158142,1.7799999713897705,1.899999976158142,72561249
2024-06-19,DHARAN,1.9700000286102293,1.9800000190734863,1.7599999904632568,1.8799999952316284,42147685
2024-06-20,DHARAN,1.8799999952316284,1.909999966621399,1.7999999523162842,1.809999942779541,16499846
2024-06-21,DHARAN,1.830000042915344,1.870000004768372,1.7799999713897705,1.7899999618530271,16299771
2024-06-24,DHARAN,1.809999942779541,1.9600000381469729,1.7999999523162842,1.9299999475479128,33250589
2024-06-25,DHARAN,1.940000057220459,1.950000047683716,1.850000023841858,1.850000023841858,16298784
2024-06-26,DHARAN,1.870000004768372,1.8899999856948853,1.7799999713897705,1.840000033378601,13950660
2024-06-27,DHARAN,1.850000023841858,1.8600000143051147,1.809999942779541,1.809999942779541,8708293
2024-06-28,DHARAN,1.820000052452088,1.8600000143051147,1.7599999904632568,1.7899999618530271,11171870
2024-06-03,DHARMAJ,232.0,232.0,211.3000030517578,214.3500061035156,114295
2024-06-04,DHARMAJ,217.0,221.6000061035156,199.8000030517578,208.25,145109
2024-06-05,DHARMAJ,208.0,230.0,206.1499938964844,225.8500061035156,76185
2024-06-06,DHARMAJ,228.75,232.0,226.3999938964844,230.1499938964844,49470
2024-06-07,DHARMAJ,228.9499969482422,235.5,228.6000061035156,231.8500061035156,49978
2024-06-10,DHARMAJ,231.5,250.0,226.0500030517578,243.259994506836,236554
2024-06-11,DHARMAJ,245.0,254.6000061035156,244.6100006103516,246.13999938964844,336570
2024-06-12,DHARMAJ,252.0,280.0,251.9900054931641,255.3999938964844,419731
2024-06-13,DHARMAJ,257.95001220703125,266.0,255.5,257.0,187681
2024-06-14,DHARMAJ,260.04998779296875,265.7799987792969,257.8399963378906,259.8699951171875,128397
2024-06-18,DHARMAJ,260.0,268.70001220703125,259.0400085449219,265.3800048828125,182372
2024-06-19,DHARMAJ,270.0,271.79998779296875,261.1000061035156,264.1499938964844,157761
2024-06-20,DHARMAJ,264.1499938964844,275.0,264.1000061035156,271.1199951171875,342731
2024-06-21,DHARMAJ,272.239990234375,280.0,268.3999938964844,271.8299865722656,172050
2024-06-24,DHARMAJ,271.5,271.8599853515625,263.1499938964844,266.44000244140625,139186
2024-06-25,DHARMAJ,266.54998779296875,269.8500061035156,260.8999938964844,261.29998779296875,52672
2024-06-26,DHARMAJ,262.2900085449219,263.0,252.25,254.8500061035156,83524
2024-06-27,DHARMAJ,255.0,258.94000244140625,243.1000061035156,244.75,142030
2024-06-28,DHARMAJ,246.4900054931641,250.8999938964844,244.0200042724609,249.2700042724609,80212
2024-06-03,DHRUV,103.0999984741211,103.0999984741211,103.0999984741211,103.0999984741211,8169
2024-06-04,DHRUV,101.0500030517578,101.0500030517578,101.0500030517578,101.0500030517578,1575
2024-06-05,DHRUV,99.0500030517578,99.0500030517578,99.0500030517578,99.0500030517578,2051
2024-06-06,DHRUV,97.0999984741211,97.0999984741211,97.0999984741211,97.0999984741211,5565
2024-06-07,DHRUV,95.25,95.25,95.1500015258789,95.25,32382
2024-06-10,DHRUV,94.9499969482422,97.1500015258789,94.9499969482422,94.9499969482422,18759
2024-06-11,DHRUV,95.0,96.0,94.9499969482422,95.0,17198
2024-06-12,DHRUV,96.9000015258789,96.9000015258789,96.9000015258789,96.9000015258789,6253
2024-06-13,DHRUV,97.0,97.4000015258789,96.0,97.0,11556
2024-06-14,DHRUV,98.5,98.94000244140624,98.5,98.5,12398
2024-06-18,DHRUV,100.47000122070312,100.47000122070312,98.5999984741211,100.47000122070312,8281
2024-06-19,DHRUV,102.47000122070312,102.47000122070312,102.47000122070312,102.47000122070312,10950
2024-06-20,DHRUV,104.5,104.51000213623048,104.0,104.5,9080
2024-06-21,DHRUV,105.5,105.5,105.0,105.5,7881
2024-06-24,DHRUV,107.61000061035156,107.61000061035156,107.61000061035156,107.61000061035156,16429
2024-06-25,DHRUV,109.76000213623048,109.76000213623048,109.76000213623048,109.76000213623048,8163
2024-06-26,DHRUV,111.9499969482422,111.9499969482422,111.9499969482422,111.9499969482422,12932
2024-06-27,DHRUV,114.18000030517578,114.18000030517578,114.18000030517578,114.18000030517578,9490
2024-06-28,DHRUV,116.45999908447266,116.45999908447266,116.45999908447266,116.45999908447266,8569
2024-06-03,DHUNINV,1184.800048828125,1198.449951171875,1100.050048828125,1114.4000244140625,2862
2024-06-04,DHUNINV,1116.0999755859375,1116.0999755859375,1020.5999755859376,1037.4000244140625,2633
2024-06-05,DHUNINV,1059.550048828125,1098.0999755859375,1037.0999755859375,1078.449951171875,1838
2024-06-06,DHUNINV,1088.550048828125,1114.5,1074.300048828125,1085.300048828125,1624
2024-06-07,DHUNINV,1114.0,1150.0,1101.050048828125,1144.550048828125,2163
2024-06-10,DHUNINV,1165.0,1169.1500244140625,1128.050048828125,1159.75,1521
2024-06-11,DHUNINV,1151.949951171875,1166.0,1118.5,1125.050048828125,2427
2024-06-12,DHUNINV,1160.0,1160.0,1121.5,1131.199951171875,1278
2024-06-13,DHUNINV,1134.699951171875,1149.8499755859375,1119.0999755859375,1134.699951171875,2190
2024-06-14,DHUNINV,1150.0,1150.0,1122.050048828125,1132.949951171875,1792
2024-06-18,DHUNINV,1132.949951171875,1175.050048828125,1116.0,1152.5,4882
2024-06-19,DHUNINV,1159.800048828125,1169.949951171875,1135.6500244140625,1153.9000244140625,1051
2024-06-20,DHUNINV,1160.0,1169.0999755859375,1141.3499755859375,1158.25,1297
2024-06-21,DHUNINV,1165.699951171875,1165.699951171875,1145.050048828125,1147.5,801
2024-06-24,DHUNINV,1148.699951171875,1377.0,1141.75,1308.6500244140625,52177
2024-06-25,DHUNINV,1328.0,1344.800048828125,1251.0,1257.5999755859375,13374
2024-06-26,DHUNINV,1298.0,1298.0,1208.0,1218.699951171875,3602
2024-06-27,DHUNINV,1240.8499755859375,1269.9000244140625,1231.800048828125,1244.1500244140625,4346
2024-06-28,DHUNINV,1265.0,1384.9000244140625,1245.1500244140625,1350.5,22797
2024-06-03,DIACABS,94.12000274658205,94.12000274658205,94.12000274658205,94.12000274658205,15370
2024-06-04,DIACABS,92.23999786376952,92.23999786376952,92.23999786376952,92.23999786376952,3090
2024-06-05,DIACABS,90.3949966430664,90.3949966430664,90.3949966430664,90.3949966430664,910
2024-06-06,DIACABS,88.58999633789062,88.58999633789062,88.58999633789062,88.58999633789062,4330
2024-06-07,DIACABS,86.81999969482422,86.81999969482422,86.81999969482422,86.81999969482422,3040
2024-06-10,DIACABS,82.4800033569336,90.9000015258789,82.4800033569336,90.23999786376952,1302630
2024-06-11,DIACABS,94.38999938964844,94.38999938964844,87.5,88.33000183105469,269200
2024-06-12,DIACABS,90.0,92.74500274658205,88.5250015258789,92.74500274658205,495230
2024-06-13,DIACABS,96.5,97.37999725341795,96.4800033569336,97.37999725341795,286920
2024-06-14,DIACABS,102.24500274658205,102.24500274658205,101.9000015258789,102.24500274658205,331210
2024-06-18,DIACABS,107.3550033569336,107.3550033569336,105.99500274658205,107.3550033569336,375350
2024-06-19,DIACABS,112.72000122070312,112.72000122070312,112.0,112.72000122070312,721720
2024-06-20,DIACABS,114.97000122070312,114.97000122070312,114.88999938964844,114.97000122070312,293810
2024-06-21,DIACABS,117.26499938964844,117.26499938964844,116.8000030517578,117.26499938964844,240030
2024-06-24,DIACABS,119.61000061035156,119.61000061035156,119.61000061035156,119.61000061035156,191910
2024-06-25,DIACABS,122.0,122.0,122.0,122.0,169380
2024-06-26,DIACABS,124.44000244140624,124.44000244140624,124.44000244140624,124.44000244140624,192840
2024-06-27,DIACABS,126.9250030517578,126.9250030517578,126.9250030517578,126.9250030517578,135740
2024-06-28,DIACABS,129.4600067138672,129.4600067138672,129.4600067138672,129.4600067138672,299150
2024-06-03,DIAMINESQ,490.0,500.0,474.2000122070313,481.6499938964844,16959
2024-06-04,DIAMINESQ,481.6499938964844,491.2999877929688,455.0,476.9500122070313,15933
2024-06-05,DIAMINESQ,471.25,494.8999938964844,464.3500061035156,485.0,10209
2024-06-06,DIAMINESQ,498.1000061035156,505.0,485.0,489.0,8948
2024-06-07,DIAMINESQ,489.0,504.7000122070313,489.0,498.0,8022
2024-06-10,DIAMINESQ,498.0,512.0499877929688,490.0,499.3999938964844,14728
2024-06-11,DIAMINESQ,496.0,510.0,496.0,503.0499877929688,4317
2024-06-12,DIAMINESQ,500.1000061035156,558.7000122070312,500.1000061035156,536.9000244140625,70771
2024-06-13,DIAMINESQ,539.7000122070312,548.0,533.0,538.0499877929688,13263
2024-06-14,DIAMINESQ,538.0499877929688,538.0499877929688,525.7999877929688,529.3499755859375,6921
2024-06-18,DIAMINESQ,529.6500244140625,535.5999755859375,504.0,512.9500122070312,14722
2024-06-19,DIAMINESQ,518.0999755859375,529.7999877929688,500.5499877929688,505.6000061035156,12071
2024-06-20,DIAMINESQ,505.6000061035156,529.4000244140625,501.0499877929688,515.5999755859375,17531
2024-06-21,DIAMINESQ,515.7000122070312,526.7000122070312,510.0,517.1500244140625,18166
2024-06-24,DIAMINESQ,517.1500244140625,519.0499877929688,508.0,510.8500061035156,6290
2024-06-25,DIAMINESQ,513.7999877929688,513.7999877929688,505.1000061035156,507.7999877929688,7533
2024-06-26,DIAMINESQ,506.0,512.7999877929688,500.0,504.4500122070313,5839
2024-06-27,DIAMINESQ,506.0,536.7999877929688,505.9500122070313,515.2000122070312,18712
2024-06-28,DIAMINESQ,521.9500122070312,534.0,515.0999755859375,527.7999877929688,9999
2024-06-03,DIAMONDYD,886.25,886.25,820.2000122070312,835.9500122070312,40858
2024-06-04,DIAMONDYD,844.9000244140625,844.9000244140625,746.7000122070312,789.0999755859375,57659
2024-06-05,DIAMONDYD,794.75,856.9500122070312,772.9500122070312,849.9000244140625,52493
2024-06-06,DIAMONDYD,850.0,870.75,838.5999755859375,862.9500122070312,37840
2024-06-07,DIAMONDYD,877.9500122070312,877.9500122070312,858.25,860.7000122070312,20111
2024-06-10,DIAMONDYD,866.7000122070312,918.0,866.4500122070312,902.0499877929688,68003
2024-06-11,DIAMONDYD,902.0499877929688,930.0,894.9000244140625,911.0499877929688,48655
2024-06-12,DIAMONDYD,917.4000244140624,943.9000244140624,912.0999755859376,922.4500122070312,52687
2024-06-13,DIAMONDYD,922.4500122070312,938.9000244140624,890.0,895.2000122070312,35364
2024-06-14,DIAMONDYD,899.0,914.8499755859376,884.0,892.0499877929688,26856
2024-06-18,DIAMONDYD,904.9500122070312,917.9500122070312,887.0999755859375,890.7999877929688,27213
2024-06-19,DIAMONDYD,903.9500122070312,903.9500122070312,864.0499877929688,869.4000244140625,21859
2024-06-20,DIAMONDYD,875.5999755859375,882.5999755859375,871.6500244140625,874.1500244140625,14976
2024-06-21,DIAMONDYD,877.7999877929688,957.0,877.6500244140625,949.5999755859376,188948
2024-06-24,DIAMONDYD,945.0,978.0,945.0,962.5,71466
2024-06-25,DIAMONDYD,962.5,971.0499877929688,930.0999755859376,937.0999755859376,38348
2024-06-26,DIAMONDYD,942.2000122070312,964.0999755859376,917.7999877929688,924.4500122070312,23235
2024-06-27,DIAMONDYD,931.0,933.8499755859376,903.0,923.7000122070312,25292
2024-06-28,DIAMONDYD,924.0,941.9500122070312,907.25,918.5499877929688,32441
2024-06-03,DICIND,465.0,475.0,459.9500122070313,467.1499938964844,3459
2024-06-04,DICIND,464.25,470.1499938964844,435.7999877929688,447.7999877929688,5048
2024-06-05,DICIND,449.3999938964844,460.5499877929688,445.0,453.7000122070313,1866
2024-06-06,DICIND,455.8500061035156,471.0499877929688,454.9500122070313,462.2000122070313,2752
2024-06-07,DICIND,460.5,469.0,460.5,467.5,1291
2024-06-10,DICIND,475.0,487.0,454.0499877929688,468.5,8563
2024-06-11,DICIND,479.0,479.0,463.1000061035156,466.7999877929688,7068
2024-06-12,DICIND,468.2000122070313,487.9500122070313,465.25,479.8999938964844,2973
2024-06-13,DICIND,482.3999938964844,493.0,468.0499877929688,475.5499877929688,6499
2024-06-14,DICIND,476.5,512.4000244140625,471.5499877929688,497.6000061035156,27099
2024-06-18,DICIND,509.9500122070313,519.9000244140625,497.6000061035156,510.5,22972
2024-06-19,DICIND,513.2000122070312,525.0,504.0,520.1500244140625,12680
2024-06-20,DICIND,534.0,579.0,524.5999755859375,553.6500244140625,91488
2024-06-21,DICIND,569.0,569.0,545.7999877929688,561.5499877929688,23499
2024-06-24,DICIND,562.4500122070312,564.5,547.0999755859375,554.3499755859375,14075
2024-06-25,DICIND,551.5499877929688,561.0,546.5,551.9500122070312,16838
2024-06-26,DICIND,551.2999877929688,557.9500122070312,535.0,537.2000122070312,13260
2024-06-27,DICIND,540.0,553.5999755859375,532.5499877929688,537.75,17738
2024-06-28,DICIND,538.9500122070312,548.0,527.0999755859375,532.3499755859375,11089
2024-06-03,DIGIDRIVE,34.79999923706055,35.20000076293945,33.79999923706055,34.150001525878906,43501
2024-06-04,DIGIDRIVE,34.900001525878906,34.900001525878906,32.45000076293945,32.45000076293945,46166
2024-06-05,DIGIDRIVE,31.100000381469727,32.849998474121094,30.850000381469727,31.64999961853028,69868
2024-06-06,DIGIDRIVE,32.70000076293945,33.20000076293945,32.29999923706055,33.04999923706055,57318
2024-06-07,DIGIDRIVE,33.900001525878906,34.54999923706055,32.79999923706055,33.849998474121094,42611
2024-06-10,DIGIDRIVE,34.900001525878906,34.900001525878906,32.79999923706055,32.97999954223633,60873
2024-06-11,DIGIDRIVE,32.900001525878906,33.47999954223633,31.5,31.88999938964844,176167
2024-06-12,DIGIDRIVE,32.599998474121094,32.81999969482422,31.5,32.060001373291016,99627
2024-06-13,DIGIDRIVE,32.060001373291016,33.65999984741211,31.5,33.65999984741211,189878
2024-06-14,DIGIDRIVE,34.79999923706055,35.34000015258789,33.9900016784668,35.34000015258789,69556
2024-06-18,DIGIDRIVE,37.09999847412109,37.09999847412109,35.650001525878906,37.09999847412109,197764
2024-06-19,DIGIDRIVE,38.45000076293945,38.75,37.0,37.84999847412109,185387
2024-06-20,DIGIDRIVE,37.900001525878906,39.7400016784668,37.900001525878906,39.7400016784668,116369
2024-06-21,DIGIDRIVE,38.93999862670898,38.93999862670898,38.93999862670898,38.93999862670898,126548
2024-06-24,DIGIDRIVE,38.15999984741211,38.15999984741211,38.15999984741211,38.15999984741211,8397
2024-06-25,DIGIDRIVE,37.38999938964844,37.38999938964844,37.38999938964844,37.38999938964844,6608
2024-06-26,DIGIDRIVE,36.650001525878906,37.0099983215332,36.63999938964844,36.650001525878906,135400
2024-06-27,DIGIDRIVE,35.90999984741211,36.75,35.90999984741211,35.90999984741211,13005
2024-06-28,DIGIDRIVE,36.619998931884766,36.619998931884766,36.0,36.619998931884766,25562
2024-06-03,DIGISPICE,29.299999237060547,29.299999237060547,27.200000762939453,27.350000381469727,118591
2024-06-04,DIGISPICE,27.450000762939453,27.450000762939453,24.75,26.049999237060547,135850
2024-06-05,DIGISPICE,26.799999237060547,27.89999961853028,25.549999237060547,26.299999237060547,86737
2024-06-06,DIGISPICE,26.299999237060547,28.549999237060547,26.299999237060547,28.200000762939453,226288
2024-06-07,DIGISPICE,28.89999961853028,29.700000762939453,28.799999237060547,29.350000381469727,145269
2024-06-10,DIGISPICE,30.049999237060547,30.84000015258789,28.559999465942383,28.93000030517578,100203
2024-06-11,DIGISPICE,29.600000381469727,29.600000381469727,28.709999084472656,29.1299991607666,107508
2024-06-12,DIGISPICE,29.1299991607666,34.95000076293945,29.1299991607666,34.95000076293945,1543435
2024-06-13,DIGISPICE,35.70000076293945,39.790000915527344,34.119998931884766,34.7599983215332,3796631
2024-06-14,DIGISPICE,34.97999954223633,34.97999954223633,33.0,33.72999954223633,589787
2024-06-18,DIGISPICE,34.38999938964844,38.75,34.38999938964844,37.65999984741211,2910333
2024-06-19,DIGISPICE,38.88999938964844,39.20000076293945,36.0099983215332,36.43000030517578,1232872
2024-06-20,DIGISPICE,37.0,37.29999923706055,35.5,36.02999877929688,249046
2024-06-21,DIGISPICE,36.7400016784668,36.7400016784668,34.849998474121094,35.209999084472656,520956
2024-06-24,DIGISPICE,36.45000076293945,41.59999847412109,35.91999816894531,37.34000015258789,5222016
2024-06-25,DIGISPICE,37.880001068115234,39.97999954223633,37.41999816894531,39.25,1764163
2024-06-26,DIGISPICE,39.59000015258789,41.459999084472656,38.59000015258789,38.9900016784668,944171
2024-06-27,DIGISPICE,39.0,40.36000061035156,39.0,39.380001068115234,781245
2024-06-28,DIGISPICE,39.41999816894531,46.400001525878906,39.41999816894531,45.38999938964844,6281922
2024-06-03,DIGJAMLMTD,87.0,87.0,82.75,85.5,2004
2024-06-04,DIGJAMLMTD,85.19999694824219,85.19999694824219,82.0999984741211,82.0999984741211,1725
2024-06-05,DIGJAMLMTD,82.1500015258789,84.0,82.0,83.8499984741211,2025
2024-06-06,DIGJAMLMTD,83.9000015258789,85.0,83.0,83.0999984741211,665
2024-06-07,DIGJAMLMTD,83.4000015258789,84.94999694824219,80.8499984741211,83.94999694824219,1302
2024-06-10,DIGJAMLMTD,83.94999694824219,84.12000274658203,80.0,82.08999633789062,3003
2024-06-11,DIGJAMLMTD,82.0,83.98999786376953,82.0,82.23999786376953,1526
2024-06-12,DIGJAMLMTD,83.0,84.0,80.05000305175781,82.22000122070312,4031
2024-06-13,DIGJAMLMTD,82.22000122070312,84.0,81.5,83.13999938964844,1656
2024-06-14,DIGJAMLMTD,83.13999938964844,85.98999786376953,81.5,83.0199966430664,1741
2024-06-18,DIGJAMLMTD,83.0999984741211,85.0,83.0999984741211,83.66000366210938,2369
2024-06-19,DIGJAMLMTD,83.0,84.97000122070312,83.0,83.36000061035156,604
2024-06-20,DIGJAMLMTD,84.9800033569336,84.9800033569336,81.76000213623047,84.48999786376953,2358
2024-06-21,DIGJAMLMTD,82.5999984741211,85.5,82.25,83.56999969482422,752
2024-06-24,DIGJAMLMTD,83.56999969482422,85.37999725341797,82.11000061035156,82.87999725341797,1139
2024-06-25,DIGJAMLMTD,85.69000244140625,85.69000244140625,82.05000305175781,84.36000061035156,910
2024-06-26,DIGJAMLMTD,80.5999984741211,85.0,80.5999984741211,84.69999694824219,2939
2024-06-27,DIGJAMLMTD,83.18000030517578,84.63999938964844,82.52999877929688,82.5999984741211,1248
2024-06-28,DIGJAMLMTD,82.5999984741211,84.38999938964844,81.5999984741211,82.25,451
2024-06-03,DISHTV,15.600000381469728,15.800000190734863,15.0,15.100000381469728,21468310
2024-06-04,DISHTV,15.0,15.050000190734863,12.850000381469728,13.850000381469728,32238644
2024-06-05,DISHTV,14.0,14.399999618530272,13.5,14.199999809265137,18333273
2024-06-06,DISHTV,14.300000190734863,15.0,14.300000190734863,14.649999618530272,20316845
2024-06-07,DISHTV,14.75,15.050000190734863,14.5,14.949999809265137,18233204
2024-06-10,DISHTV,15.100000381469728,15.199999809265137,14.800000190734863,14.899999618530272,18970774
2024-06-11,DISHTV,15.0,15.380000114440918,14.81999969482422,15.210000038146973,20442301
2024-06-12,DISHTV,15.210000038146973,17.280000686645508,15.15999984741211,17.0,95826606
2024-06-13,DISHTV,17.139999389648438,17.239999771118164,16.40999984741211,16.540000915527344,37192991
2024-06-14,DISHTV,16.610000610351562,16.850000381469727,16.399999618530273,16.59000015258789,22297406
2024-06-18,DISHTV,16.600000381469727,16.65999984741211,16.200000762939453,16.270000457763672,14758344
2024-06-19,DISHTV,16.309999465942383,16.450000762939453,15.779999732971191,16.100000381469727,19089074
2024-06-20,DISHTV,16.100000381469727,16.239999771118164,15.90999984741211,15.970000267028809,11816086
2024-06-21,DISHTV,15.949999809265137,16.649999618530273,15.869999885559082,16.18000030517578,32469940
2024-06-24,DISHTV,16.25,16.280000686645508,16.0,16.040000915527344,12333710
2024-06-25,DISHTV,16.139999389648438,16.229999542236328,15.800000190734863,15.90999984741211,11758462
2024-06-26,DISHTV,15.90999984741211,16.100000381469727,15.68000030517578,15.729999542236328,24669446
2024-06-27,DISHTV,15.75,15.829999923706056,15.25,15.380000114440918,17181071
2024-06-28,DISHTV,15.449999809265137,15.6899995803833,15.380000114440918,15.5,14404167
2024-06-03,DIVGIITTS,721.0,746.0,690.9500122070312,709.9000244140625,61595
2024-06-04,DIVGIITTS,701.1500244140625,711.0,649.0,674.1500244140625,30298
2024-06-05,DIVGIITTS,678.0499877929688,711.9000244140625,656.25,682.0499877929688,21453
2024-06-06,DIVGIITTS,688.0,710.6500244140625,682.0499877929688,699.7999877929688,15242
2024-06-07,DIVGIITTS,703.1500244140625,729.5,703.1500244140625,724.0999755859375,15067
2024-06-10,DIVGIITTS,715.0999755859375,735.0,702.3499755859375,706.0499877929688,23572
2024-06-11,DIVGIITTS,709.9000244140625,717.5499877929688,702.0,708.75,16399
2024-06-12,DIVGIITTS,711.2000122070312,723.0499877929688,708.0499877929688,711.1500244140625,10525
2024-06-13,DIVGIITTS,718.2999877929688,722.0,696.0,700.5999755859375,25379
2024-06-14,DIVGIITTS,706.75,706.75,680.0499877929688,684.75,69978
2024-06-18,DIVGIITTS,693.7999877929688,697.9000244140625,681.9000244140625,686.3499755859375,31870
2024-06-19,DIVGIITTS,688.0,689.75,651.0,654.5499877929688,147249
2024-06-20,DIVGIITTS,664.0,679.75,639.1500244140625,648.6500244140625,267889
2024-06-21,DIVGIITTS,658.4000244140625,668.0,655.0,658.5999755859375,90553
2024-06-24,DIVGIITTS,663.25,678.5,656.7999877929688,666.5,67865
2024-06-25,DIVGIITTS,673.9500122070312,673.9500122070312,658.0,664.2999877929688,27205
2024-06-26,DIVGIITTS,669.8499755859375,673.8499755859375,656.5,662.9500122070312,39233
2024-06-27,DIVGIITTS,661.5,672.75,655.2000122070312,658.3499755859375,25704
2024-06-28,DIVGIITTS,661.1500244140625,669.7999877929688,656.2999877929688,664.5499877929688,27275
2024-06-03,DIVISLAB,4400.0,4435.5,4292.9501953125,4321.89990234375,515368
2024-06-04,DIVISLAB,4323.39990234375,4422.60009765625,4180.5,4324.14990234375,847809
2024-06-05,DIVISLAB,4334.35009765625,4525.0,4306.75,4502.7001953125,1077221
2024-06-06,DIVISLAB,4500.0,4500.0,4366.60009765625,4448.89990234375,790310
2024-06-07,DIVISLAB,4450.7998046875,4540.39990234375,4438.7998046875,4524.0498046875,432970
2024-06-10,DIVISLAB,4524.0498046875,4579.60009765625,4515.0498046875,4536.25,462274
2024-06-11,DIVISLAB,4560.0,4585.0,4462.2998046875,4475.4501953125,264078
2024-06-12,DIVISLAB,4504.0,4515.0,4433.89990234375,4452.35009765625,296209
2024-06-13,DIVISLAB,4501.2998046875,4617.0,4496.85009765625,4593.5,1275865
2024-06-14,DIVISLAB,4595.0,4627.9501953125,4559.10009765625,4588.60009765625,281968
2024-06-18,DIVISLAB,4521.0,4583.89990234375,4521.0,4564.5,241254
2024-06-19,DIVISLAB,4565.0,4581.2998046875,4466.0,4479.7001953125,223028
2024-06-20,DIVISLAB,4486.0,4522.25,4439.7001953125,4504.0498046875,412934
2024-06-21,DIVISLAB,4500.0,4575.9501953125,4489.75,4522.14990234375,583517
2024-06-24,DIVISLAB,4512.60009765625,4555.4501953125,4488.5,4519.5498046875,188506
2024-06-25,DIVISLAB,4515.0,4597.4501953125,4488.0498046875,4539.2998046875,353120
2024-06-26,DIVISLAB,4546.4501953125,4568.89990234375,4512.5,4545.35009765625,203886
2024-06-27,DIVISLAB,4545.35009765625,4556.0498046875,4500.10009765625,4522.35009765625,531345
2024-06-28,DIVISLAB,4522.35009765625,4648.4501953125,4522.35009765625,4596.4501953125,391476
2024-06-03,DIXON,9639.900390625,9949.4501953125,9537.7998046875,9886.0,493881
2024-06-04,DIXON,9850.0,9850.0,8453.0,8851.400390625,838141
2024-06-05,DIXON,9100.0,9547.150390625,8700.0,9470.2998046875,605785
2024-06-06,DIXON,9549.0,9857.9501953125,9458.900390625,9762.0,381934
2024-06-07,DIXON,9949.9501953125,10088.099609375,9870.0,9985.099609375,608213
2024-06-10,DIXON,10059.400390625,10263.0,10007.5498046875,10085.5498046875,406529
2024-06-11,DIXON,10090.25,10221.9501953125,10065.2001953125,10140.5,229467
2024-06-12,DIXON,10190.0,10347.9501953125,10160.0498046875,10317.5,327954
2024-06-13,DIXON,10398.0,10888.7998046875,10354.400390625,10855.7001953125,626786
2024-06-14,DIXON,10959.0,11458.900390625,10864.849609375,11242.849609375,1264875
2024-06-18,DIXON,11335.0,11569.599609375,11140.0,11546.849609375,558513
2024-06-19,DIXON,11546.849609375,11546.849609375,11304.099609375,11336.349609375,383979
2024-06-20,DIXON,11400.0,11578.849609375,11180.0,11485.400390625,359637
2024-06-21,DIXON,11485.400390625,11679.900390625,11480.9501953125,11539.099609375,384213
2024-06-24,DIXON,11500.0,11659.5498046875,11412.849609375,11605.150390625,236601
2024-06-25,DIXON,11649.900390625,11745.849609375,11580.0,11684.25,242691
2024-06-26,DIXON,11700.0,11723.0,11376.2001953125,11398.0498046875,340002
2024-06-27,DIXON,11400.0,11948.5,11372.150390625,11760.7998046875,765244
2024-06-28,DIXON,11760.7998046875,12149.0,11650.0498046875,11971.2998046875,506059
2024-06-03,DJML,114.66666412353516,115.66666412353516,110.0999984741211,112.8000030517578,41604
2024-06-04,DJML,116.63333129882812,117.33333587646484,107.16666412353516,111.11666870117188,66234
2024-06-05,DJML,113.66666412353516,113.66666412353516,106.0,111.1500015258789,45474
2024-06-06,DJML,114.93333435058594,114.93333435058594,109.08333587646484,111.6999969482422,42036
2024-06-07,DJML,111.8499984741211,115.33333587646484,110.33333587646484,113.6999969482422,72111
2024-06-10,DJML,119.33333587646484,119.33333587646484,112.03333282470705,114.25,76251
2024-06-11,DJML,119.9499969482422,119.9499969482422,116.01666259765624,118.08333587646484,107079
2024-06-12,DJML,119.6500015258789,121.1999969482422,116.8499984741211,119.11666870117188,69561
2024-06-13,DJML,122.66666412353516,122.66666412353516,118.0,121.63333129882812,43038
2024-06-14,DJML,121.66666412353516,122.0,118.43333435058594,121.36666870117188,46869
2024-06-18,DJML,118.9499969482422,118.9499969482422,118.9499969482422,118.9499969482422,19308
2024-06-19,DJML,121.31666564941406,121.31666564941406,116.58333587646484,121.31666564941406,38919
2024-06-20,DJML,120.66666412353516,121.0,120.66666412353516,120.66666412353516,10863
2024-06-21,DJML,118.66666412353516,120.66666412353516,118.66666412353516,118.66666412353516,21588
2024-06-24,DJML,116.66666412353516,118.66666412353516,116.66666412353516,116.66666412353516,14238
2024-06-25,DJML,114.33333587646484,115.46666717529295,114.33333587646484,114.33333587646484,17103
2024-06-26,DJML,112.0500030517578,112.0500030517578,112.0500030517578,112.0500030517578,11250
2024-06-27,DJML,109.81666564941406,109.81666564941406,109.81666564941406,109.81666564941406,12132
2024-06-28,DJML,107.63333129882812,107.63333129882812,107.63333129882812,107.63333129882812,6918
2024-06-03,DLF,855.9000244140625,873.0,835.0,869.1500244140625,9999975
2024-06-04,DLF,880.0,880.0,687.0499877929688,763.0,12437434
2024-06-05,DLF,777.0,799.0,747.0,796.0499877929688,7296308
2024-06-06,DLF,799.0999755859375,835.9500122070312,799.0,829.1500244140625,5439648
2024-06-07,DLF,829.1500244140625,848.75,822.2999877929688,843.4500122070312,4266992
2024-06-10,DLF,845.9500122070312,856.75,838.0,847.5999755859375,3204208
2024-06-11,DLF,853.9500122070312,869.5999755859375,849.25,856.0,3639409
2024-06-12,DLF,857.0,865.9000244140625,850.25,859.75,3293555
2024-06-13,DLF,863.7999877929688,880.4500122070312,858.2000122070312,874.0499877929688,4081481
2024-06-14,DLF,877.4000244140625,883.6500244140625,871.9000244140625,878.5999755859375,3033968
2024-06-18,DLF,881.0,887.9000244140625,872.7999877929688,878.7999877929688,2186628
2024-06-19,DLF,881.3499755859375,882.5499877929688,850.5999755859375,859.7999877929688,4384765
2024-06-20,DLF,861.75,876.6500244140625,857.0,874.5,1952972
2024-06-21,DLF,875.0,879.7000122070312,854.0,856.0999755859375,2496508
2024-06-24,DLF,849.5,849.5,833.5,840.4500122070312,4054032
2024-06-25,DLF,841.0,843.5,814.2999877929688,824.6500244140625,6394175
2024-06-26,DLF,825.4500122070312,836.0,822.0999755859375,825.7000122070312,4869959
2024-06-27,DLF,826.5,830.9500122070312,811.7999877929688,816.75,6534966
2024-06-28,DLF,817.0,829.9000244140625,813.0,824.75,3751351
2024-06-03,DLINKINDIA,433.0,436.0,412.25,417.2000122070313,274919
2024-06-04,DLINKINDIA,416.9500122070313,416.9500122070313,363.0499877929688,383.3500061035156,603250
2024-06-05,DLINKINDIA,386.0,414.7999877929688,375.1000061035156,412.1499938964844,355003
2024-06-06,DLINKINDIA,419.9500122070313,427.0,411.0,422.8500061035156,237696
2024-06-07,DLINKINDIA,425.0,449.0,419.5499877929688,441.9500122070313,784677
2024-06-10,DLINKINDIA,445.5,464.3999938964844,427.1000061035156,438.1499938964844,1296093
2024-06-11,DLINKINDIA,441.0,487.3999938964844,435.1000061035156,469.5499877929688,1827801
2024-06-12,DLINKINDIA,480.0,491.5,472.0,476.9500122070313,1045868
2024-06-13,DLINKINDIA,478.7999877929688,480.1000061035156,460.0,466.9500122070313,372410
2024-06-14,DLINKINDIA,470.0,474.3999938964844,461.1499938964844,466.0499877929688,284322
2024-06-18,DLINKINDIA,469.7999877929688,469.7999877929688,440.7999877929688,446.0,909318
2024-06-19,DLINKINDIA,450.0,450.0,435.1000061035156,441.7000122070313,242249
2024-06-20,DLINKINDIA,444.7999877929688,449.2000122070313,441.0,444.0,162554
2024-06-21,DLINKINDIA,447.0,449.8999938964844,437.0,439.3999938964844,200157
2024-06-24,DLINKINDIA,439.9500122070313,493.5,436.0,481.2000122070313,1876820
2024-06-25,DLINKINDIA,491.9500122070313,498.0,473.0,479.8999938964844,651965
2024-06-26,DLINKINDIA,482.0,482.0,467.8999938964844,469.7999877929688,224967
2024-06-27,DLINKINDIA,473.0499877929688,481.0499877929688,459.0,463.5499877929688,288941
2024-06-28,DLINKINDIA,466.0,473.4500122070313,459.0499877929688,467.2000122070313,206370
2024-06-03,DMART,4392.9501953125,4400.0,4301.0,4349.35009765625,279797
2024-06-04,DMART,4399.0,4590.0,4355.64990234375,4548.75,1093378
2024-06-05,DMART,4590.0,4900.0,4562.2001953125,4862.25,1495770
2024-06-06,DMART,4861.9501953125,4861.9501953125,4675.25,4687.0498046875,664303
2024-06-07,DMART,4700.0,4806.35009765625,4690.75,4747.25,352969
2024-06-10,DMART,4769.0498046875,4812.0,4688.0,4778.39990234375,276907
2024-06-11,DMART,4800.0,4829.89990234375,4676.0,4701.4501953125,266806
2024-06-12,DMART,4710.0498046875,4740.0,4645.0,4666.75,555091
2024-06-13,DMART,4697.25,4739.9501953125,4640.0498046875,4656.64990234375,238268
2024-06-14,DMART,4692.0,4759.9501953125,4671.0498046875,4739.9501953125,258982
2024-06-18,DMART,4739.9501953125,5080.0,4734.7998046875,5039.2998046875,2054168
2024-06-19,DMART,5079.0,5219.0,4901.35009765625,4933.89990234375,1438750
2024-06-20,DMART,4947.4501953125,5022.5,4832.2001953125,4861.7001953125,577843
2024-06-21,DMART,4928.0,5082.9501953125,4763.0,4804.85009765625,726519
2024-06-24,DMART,4792.0,4875.0,4765.85009765625,4833.7001953125,356824
2024-06-25,DMART,4850.0,4905.0,4755.0,4783.35009765625,376890
2024-06-26,DMART,4775.0,4823.9501953125,4690.0,4801.0,546313
2024-06-27,DMART,4819.9501953125,4960.0,4738.0,4900.10009765625,503719
2024-06-28,DMART,4900.0,4921.9501953125,4680.0,4716.75,685009
2024-06-03,DMCC,323.8999938964844,341.0,319.3999938964844,325.45001220703125,89789
2024-06-04,DMCC,324.0,324.0,275.0,298.8500061035156,74512
2024-06-05,DMCC,298.8500061035156,315.8999938964844,288.5,312.20001220703125,50894
2024-06-06,DMCC,316.0,319.95001220703125,309.04998779296875,311.20001220703125,27820
2024-06-07,DMCC,312.70001220703125,319.04998779296875,308.54998779296875,315.95001220703125,26722
2024-06-10,DMCC,317.0,324.20001220703125,314.20001220703125,319.8999938964844,23685
2024-06-11,DMCC,320.04998779296875,327.0,319.1000061035156,323.0,38431
2024-06-12,DMCC,324.6499938964844,332.04998779296875,317.79998779296875,318.8999938964844,42065
2024-06-13,DMCC,319.0,324.95001220703125,319.0,323.79998779296875,21353
2024-06-14,DMCC,325.5,327.95001220703125,319.5,322.20001220703125,29031
2024-06-18,DMCC,322.20001220703125,325.6000061035156,316.0,317.45001220703125,25529
2024-06-19,DMCC,318.1000061035156,322.0,313.1000061035156,313.75,20647
2024-06-20,DMCC,315.25,333.1000061035156,315.25,325.6499938964844,80178
2024-06-21,DMCC,332.5,332.5,315.0,317.6000061035156,25285
2024-06-24,DMCC,322.0,322.0,311.04998779296875,315.20001220703125,41965
2024-06-25,DMCC,315.25,320.75,310.3500061035156,314.3500061035156,18835
2024-06-26,DMCC,314.29998779296875,319.1000061035156,311.79998779296875,313.25,20991
2024-06-27,DMCC,314.75,320.0,313.04998779296875,318.20001220703125,19970
2024-06-28,DMCC,318.25,318.5,313.20001220703125,314.45001220703125,14657
2024-06-03,DNAMEDIA,4.599999904632568,4.599999904632568,4.550000190734863,4.599999904632568,325626
2024-06-04,DNAMEDIA,4.550000190734863,4.699999809265137,4.400000095367432,4.400000095367432,269470
2024-06-05,DNAMEDIA,4.550000190734863,4.599999904632568,4.199999809265137,4.550000190734863,214849
2024-06-06,DNAMEDIA,4.699999809265137,4.699999809265137,4.400000095367432,4.550000190734863,98521
2024-06-07,DNAMEDIA,4.400000095367432,4.800000190734863,4.400000095367432,4.599999904632568,62579
2024-06-10,DNAMEDIA,4.75,4.75,4.139999866485596,4.440000057220459,247586
2024-06-11,DNAMEDIA,4.449999809265137,4.690000057220459,4.159999847412109,4.440000057220459,46873
2024-06-12,DNAMEDIA,4.53000020980835,4.650000095367432,4.25,4.579999923706055,122981
2024-06-13,DNAMEDIA,4.599999904632568,4.75,4.510000228881836,4.590000152587891,106262
2024-06-14,DNAMEDIA,4.590000152587891,5.039999961853027,4.409999847412109,5.039999961853027,297823
2024-06-18,DNAMEDIA,5.489999771118164,5.539999961853027,5.380000114440918,5.539999961853027,308968
2024-06-19,DNAMEDIA,6.090000152587891,6.090000152587891,6.090000152587891,6.090000152587891,240278
2024-06-20,DNAMEDIA,6.199999809265137,6.389999866485596,5.809999942779541,6.28000020980835,2104362
2024-06-21,DNAMEDIA,6.099999904632568,6.539999961853027,6.099999904632568,6.179999828338623,586720
2024-06-24,DNAMEDIA,6.380000114440918,6.380000114440918,5.900000095367432,5.960000038146973,163500
2024-06-25,DNAMEDIA,6.190000057220459,6.190000057220459,5.659999847412109,5.690000057220459,225195
2024-06-26,DNAMEDIA,5.690000057220459,5.949999809265137,5.400000095367432,5.449999809265137,184459
2024-06-27,DNAMEDIA,5.449999809265137,5.650000095367432,5.170000076293945,5.199999809265137,486344
2024-06-28,DNAMEDIA,5.199999809265137,5.269999980926514,4.960000038146973,5.0,194880
2024-06-03,DODLA,916.9500122070312,916.9500122070312,863.5999755859375,871.4000244140625,51915
2024-06-04,DODLA,868.9000244140625,880.0,821.25,842.25,38353
2024-06-05,DODLA,841.0,920.5,826.0499877929688,905.2000122070312,469705
2024-06-06,DODLA,920.0,941.4500122070312,919.4500122070312,932.7000122070312,83155
2024-06-07,DODLA,935.2000122070312,980.6500244140624,922.6500244140624,974.9000244140624,132137
2024-06-10,DODLA,974.9000244140624,1015.0,966.7000122070312,998.5,100766
2024-06-11,DODLA,992.0,1061.449951171875,978.0499877929688,1044.0,401146
2024-06-12,DODLA,1040.5,1048.0,1014.0,1034.9000244140625,125711
2024-06-13,DODLA,1034.9000244140625,1065.0,1032.050048828125,1061.199951171875,221008
2024-06-14,DODLA,1062.1500244140625,1083.0,1040.0,1044.5999755859375,118193
2024-06-18,DODLA,1045.0999755859375,1059.800048828125,1042.300048828125,1052.300048828125,89651
2024-06-19,DODLA,1062.800048828125,1062.800048828125,1025.0999755859375,1047.25,47498
2024-06-20,DODLA,1047.300048828125,1057.449951171875,1022.5999755859376,1030.75,70536
2024-06-21,DODLA,1034.1500244140625,1058.449951171875,1019.75,1038.949951171875,87348
2024-06-24,DODLA,1049.199951171875,1056.0,1028.0999755859375,1042.5,55390
2024-06-25,DODLA,1062.800048828125,1078.0,999.9500122070312,1018.75,1153146
2024-06-26,DODLA,1015.0,1050.0,1011.2000122070312,1043.800048828125,68094
2024-06-27,DODLA,1043.800048828125,1048.75,982.5,987.0499877929688,102748
2024-06-28,DODLA,995.9500122070312,1019.3499755859376,989.5,1014.9500122070312,85433
2024-06-03,DOLATALGO,143.0,145.4499969482422,138.10000610351562,142.35000610351562,790309
2024-06-04,DOLATALGO,142.64999389648438,142.64999389648438,115.75,123.6500015258789,1886502
2024-06-05,DOLATALGO,125.0,138.85000610351562,120.75,137.39999389648438,1475232
2024-06-06,DOLATALGO,139.0,142.3000030517578,133.75,137.4499969482422,777701
2024-06-07,DOLATALGO,137.89999389648438,152.5,137.89999389648438,148.14999389648438,2721481
2024-06-10,DOLATALGO,149.19000244140625,151.49000549316406,143.10000610351562,144.85000610351562,928481
2024-06-11,DOLATALGO,146.0,153.39999389648438,143.5,149.07000732421875,1035110
2024-06-12,DOLATALGO,149.1199951171875,155.89999389648438,149.1199951171875,152.00999450683594,1184003
2024-06-13,DOLATALGO,153.60000610351562,154.60000610351562,147.3000030517578,148.3000030517578,707508
2024-06-14,DOLATALGO,149.00999450683594,150.1699981689453,140.91000366210938,142.9199981689453,835313
2024-06-18,DOLATALGO,144.0,145.44000244140625,140.3000030517578,141.7100067138672,581661
2024-06-19,DOLATALGO,142.5500030517578,146.47999572753906,138.6300048828125,141.2100067138672,705748
2024-06-20,DOLATALGO,142.0399932861328,146.0,141.10000610351562,141.9199981689453,569762
2024-06-21,DOLATALGO,142.60000610351562,142.97000122070312,137.1999969482422,140.5,475504
2024-06-24,DOLATALGO,138.99000549316406,144.89999389648438,137.0,140.22000122070312,703512
2024-06-25,DOLATALGO,141.0,143.47999572753906,138.0,138.22999572753906,389086
2024-06-26,DOLATALGO,138.5,139.10000610351562,133.55999755859375,134.22000122070312,617597
2024-06-27,DOLATALGO,134.10000610351562,137.1300048828125,130.0500030517578,131.14999389648438,520325
2024-06-28,DOLATALGO,131.9199981689453,139.77999877929688,131.0399932861328,135.80999755859375,728210
2024-06-03,DOLLAR,578.0,578.0,551.25,554.4500122070312,161793
2024-06-04,DOLLAR,559.7999877929688,559.7999877929688,505.0,515.8499755859375,247153
2024-06-05,DOLLAR,528.7000122070312,538.0,495.1000061035156,534.9500122070312,121432
2024-06-06,DOLLAR,536.2999877929688,559.2000122070312,533.1500244140625,548.7999877929688,73414
2024-06-07,DOLLAR,552.1500244140625,559.7000122070312,545.9500122070312,555.1500244140625,79773
2024-06-10,DOLLAR,561.5,565.0,551.9000244140625,561.0499877929688,55567
2024-06-11,DOLLAR,564.9000244140625,568.0499877929688,553.5499877929688,558.3499755859375,54002
2024-06-12,DOLLAR,584.0,595.0,557.0999755859375,559.5,498776
2024-06-13,DOLLAR,566.0,572.2999877929688,561.25,568.2999877929688,144562
2024-06-14,DOLLAR,584.4000244140625,584.4000244140625,573.5,577.9500122070312,209586
2024-06-18,DOLLAR,584.0,584.0,570.5999755859375,573.0999755859375,104221
2024-06-19,DOLLAR,580.0,580.0,559.0,564.6500244140625,74685
2024-06-20,DOLLAR,567.4000244140625,583.75,564.4500122070312,572.9000244140625,190102
2024-06-21,DOLLAR,574.7000122070312,579.5499877929688,566.1500244140625,569.4000244140625,190940
2024-06-24,DOLLAR,565.0,571.25,562.7000122070312,568.2000122070312,38015
2024-06-25,DOLLAR,568.6500244140625,572.5999755859375,550.0,555.7000122070312,149501
2024-06-26,DOLLAR,556.0,559.1500244140625,550.0499877929688,553.5999755859375,80248
2024-06-27,DOLLAR,554.0,557.9000244140625,536.0,539.3499755859375,124106
2024-06-28,DOLLAR,541.2999877929688,548.9000244140625,533.3499755859375,540.9500122070312,152348
2024-06-03,DOLPHIN,753.7999877929688,791.0,716.1500244140625,719.4500122070312,11845
2024-06-04,DOLPHIN,719.4000244140625,719.4000244140625,683.5,683.5,4388
2024-06-05,DOLPHIN,649.9000244140625,669.9000244140625,649.3499755859375,649.5,5597
2024-06-06,DOLPHIN,657.7999877929688,681.9500122070312,657.5999755859375,681.9500122070312,9481
2024-06-07,DOLPHIN,716.0,716.0,716.0,716.0,2581
2024-06-10,DOLPHIN,751.7999877929688,751.7999877929688,751.7999877929688,751.7999877929688,2553
2024-06-11,DOLPHIN,789.3499755859375,789.3499755859375,789.3499755859375,789.3499755859375,3558
2024-06-12,DOLPHIN,828.7999877929688,828.7999877929688,790.0,822.8499755859375,17911
2024-06-13,DOLPHIN,854.0,854.0,781.7000122070312,783.9000244140625,10245
2024-06-14,DOLPHIN,783.9000244140625,783.9000244140625,746.5499877929688,765.3499755859375,9138
2024-06-18,DOLPHIN,745.0,758.4500122070312,727.0999755859375,732.7000122070312,9751
2024-06-19,DOLPHIN,740.0,752.0,710.0,748.0999755859375,7885
2024-06-20,DOLPHIN,748.0999755859375,784.0,720.0,732.25,7668
2024-06-21,DOLPHIN,746.8499755859375,746.8499755859375,720.0,726.0999755859375,3555
2024-06-24,DOLPHIN,726.0,739.0,715.0,721.5499877929688,4331
2024-06-25,DOLPHIN,721.9500122070312,741.9500122070312,709.0,737.0999755859375,6949
2024-06-26,DOLPHIN,743.5,743.5,707.0499877929688,721.2000122070312,5996
2024-06-27,DOLPHIN,723.0,723.0,700.0,710.7999877929688,5238
2024-06-28,DOLPHIN,711.1500244140625,715.0,695.0999755859375,702.75,4634
2024-06-03,DOMS,1950.0,1950.0,1849.699951171875,1860.050048828125,128633
2024-06-04,DOMS,1887.949951171875,1887.949951171875,1696.25,1765.699951171875,113438
2024-06-05,DOMS,1775.0,1859.5999755859373,1719.0,1849.0,66998
2024-06-06,DOMS,1895.0,1950.0,1850.0,1928.0,170312
2024-06-07,DOMS,1928.300048828125,1950.0,1895.0,1900.699951171875,52860
2024-06-10,DOMS,1928.0,1928.0,1881.0,1886.800048828125,32701
2024-06-11,DOMS,1890.0,1975.0,1881.0999755859373,1954.75,107181
2024-06-12,DOMS,1975.0,1975.0,1929.4000244140625,1943.4000244140625,52963
2024-06-13,DOMS,1944.0,1954.0,1894.0999755859373,1898.1500244140625,79994
2024-06-14,DOMS,1909.949951171875,1934.550048828125,1886.0,1923.25,48957
2024-06-18,DOMS,1930.0,2134.5,1917.050048828125,1977.199951171875,698834
2024-06-19,DOMS,1989.949951171875,1998.9000244140625,1928.9000244140625,1954.8499755859373,80567
2024-06-20,DOMS,1954.949951171875,1984.949951171875,1940.0,1966.5999755859373,31401
2024-06-21,DOMS,1967.1500244140625,2037.0,1967.1500244140625,2016.6500244140625,124177
2024-06-24,DOMS,2016.0999755859373,2035.0,1990.3499755859373,2026.75,60407
2024-06-25,DOMS,2028.6500244140625,2032.8499755859373,2000.199951171875,2005.25,33744
2024-06-26,DOMS,2001.699951171875,2023.75,1987.4000244140625,1994.300048828125,24397
2024-06-27,DOMS,1999.199951171875,2010.0,1970.0,1989.3499755859373,141265
2024-06-28,DOMS,2019.949951171875,2064.85009765625,1985.0,2040.199951171875,108309
2024-06-03,DONEAR,106.9000015258789,107.0500030517578,104.5,105.4499969482422,129951
2024-06-04,DONEAR,105.1999969482422,105.1999969482422,96.0,99.75,173035
2024-06-05,DONEAR,101.9000015258789,103.5999984741211,98.4000015258789,101.5,95232
2024-06-06,DONEAR,102.4000015258789,109.0,101.25,105.1500015258789,256025
2024-06-07,DONEAR,105.6500015258789,107.25,103.5,106.5500030517578,87531
2024-06-10,DONEAR,106.5500030517578,121.5,106.5500030517578,118.01000213623048,1520235
2024-06-11,DONEAR,123.5,130.85000610351562,121.4499969482422,123.0500030517578,3707377
2024-06-12,DONEAR,124.6999969482422,133.99000549316406,123.26000213623048,129.24000549316406,2104340
2024-06-13,DONEAR,130.5,130.5,126.0199966430664,127.63999938964844,554096
2024-06-14,DONEAR,127.5500030517578,132.38999938964844,127.5,129.5399932861328,485470
2024-06-18,DONEAR,131.0,134.64999389648438,130.1999969482422,131.64999389648438,568670
2024-06-19,DONEAR,132.0500030517578,132.7100067138672,126.97000122070312,129.7899932861328,385146
2024-06-20,DONEAR,130.89999389648438,133.8000030517578,128.61000061035156,129.9199981689453,281906
2024-06-21,DONEAR,131.39999389648438,143.6999969482422,130.5,139.07000732421875,2866200
2024-06-24,DONEAR,139.07000732421875,141.72999572753906,135.1999969482422,136.6999969482422,604184
2024-06-25,DONEAR,137.41000366210938,140.0,134.25,135.27000427246094,338147
2024-06-26,DONEAR,135.27000427246094,145.58999633789062,133.99000549316406,140.0800018310547,1125632
2024-06-27,DONEAR,142.89999389648438,146.1999969482422,129.5,133.91000366210938,757796
2024-06-28,DONEAR,135.39999389648438,139.14999389648438,134.97000122070312,135.74000549316406,390652
2024-06-03,DPABHUSHAN,1250.050048828125,1290.0,1235.050048828125,1247.1500244140625,17466
2024-06-04,DPABHUSHAN,1251.449951171875,1252.1500244140625,1121.0,1181.699951171875,26469
2024-06-05,DPABHUSHAN,1224.0,1276.1500244140625,1190.0999755859375,1241.550048828125,21242
2024-06-06,DPABHUSHAN,1274.949951171875,1291.949951171875,1252.550048828125,1278.4000244140625,22460
2024-06-07,DPABHUSHAN,1289.3499755859375,1312.0,1260.050048828125,1269.75,19279
2024-06-10,DPABHUSHAN,1269.75,1299.949951171875,1256.1500244140625,1268.0999755859375,13163
2024-06-11,DPABHUSHAN,1284.949951171875,1284.949951171875,1245.0,1249.949951171875,5188
2024-06-12,DPABHUSHAN,1251.1500244140625,1274.550048828125,1247.550048828125,1250.050048828125,9164
2024-06-13,DPABHUSHAN,1254.300048828125,1271.0,1241.1500244140625,1245.699951171875,5344
2024-06-14,DPABHUSHAN,1249.25,1269.9000244140625,1233.0999755859375,1245.4000244140625,7730
2024-06-18,DPABHUSHAN,1249.550048828125,1261.800048828125,1220.050048828125,1224.050048828125,8857
2024-06-19,DPABHUSHAN,1226.4000244140625,1229.800048828125,1195.199951171875,1203.75,8069
2024-06-20,DPABHUSHAN,1221.800048828125,1267.8499755859375,1207.0,1231.9000244140625,23530
2024-06-21,DPABHUSHAN,1249.949951171875,1260.5999755859375,1210.0,1224.25,10707
2024-06-24,DPABHUSHAN,1230.0,1252.300048828125,1217.4000244140625,1242.75,9101
2024-06-25,DPABHUSHAN,1261.4000244140625,1261.4000244140625,1229.0999755859375,1235.0999755859375,9179
2024-06-26,DPABHUSHAN,1247.449951171875,1262.550048828125,1238.050048828125,1245.449951171875,8347
2024-06-27,DPABHUSHAN,1248.0,1359.449951171875,1245.0999755859375,1304.800048828125,100781
2024-06-28,DPABHUSHAN,1385.0,1420.0,1351.050048828125,1374.5999755859375,163380
2024-06-03,DPSCLTD,17.75,17.899999618530273,16.899999618530273,17.049999237060547,880920
2024-06-04,DPSCLTD,17.0,17.149999618530273,16.200000762939453,16.5,791817
2024-06-05,DPSCLTD,16.850000381469727,17.100000381469727,15.899999618530272,16.700000762939453,424051
2024-06-06,DPSCLTD,17.0,17.350000381469727,16.799999237060547,16.899999618530273,422938
2024-06-07,DPSCLTD,17.200000762939453,17.25,17.0,17.200000762939453,280219
2024-06-10,DPSCLTD,17.5,17.540000915527344,17.200000762939453,17.290000915527344,543529
2024-06-11,DPSCLTD,17.469999313354492,17.469999313354492,16.989999771118164,17.09000015258789,645678
2024-06-12,DPSCLTD,17.34000015258789,18.790000915527344,17.030000686645508,18.76000022888184,4105589
2024-06-13,DPSCLTD,19.0,19.0,17.0,18.31999969482422,1979030
2024-06-14,DPSCLTD,18.690000534057617,18.75,18.200000762939453,18.350000381469727,714361
2024-06-18,DPSCLTD,18.799999237060547,18.799999237060547,18.100000381469727,18.15999984741211,1380769
2024-06-19,DPSCLTD,18.5,19.450000762939453,18.299999237060547,18.530000686645508,3086187
2024-06-20,DPSCLTD,18.950000762939453,19.0,18.530000686645508,18.65999984741211,792364
2024-06-21,DPSCLTD,19.030000686645508,19.18000030517578,18.5,18.549999237060547,932343
2024-06-24,DPSCLTD,18.5,18.850000381469727,18.38999938964844,18.440000534057617,718033
2024-06-25,DPSCLTD,18.600000381469727,19.0,18.25,18.299999237060547,887191
2024-06-26,DPSCLTD,18.200000762939453,18.5,18.059999465942383,18.25,582805
2024-06-27,DPSCLTD,18.200000762939453,18.39999961853028,17.809999465942383,17.989999771118164,461650
2024-06-28,DPSCLTD,18.200000762939453,18.239999771118164,16.75,17.309999465942383,946364
2024-06-03,DPWIRES,480.0,489.8500061035156,456.7999877929688,463.2999877929688,49736
2024-06-04,DPWIRES,459.8999938964844,460.7999877929688,420.8999938964844,446.0499877929688,43230
2024-06-05,DPWIRES,449.2000122070313,463.0,431.0499877929688,455.0499877929688,28891
2024-06-06,DPWIRES,455.2000122070313,469.9500122070313,455.0,458.8999938964844,41050
2024-06-07,DPWIRES,457.6000061035156,465.0,452.0,460.25,36162
2024-06-10,DPWIRES,463.5,469.9500122070313,460.3500061035156,463.7999877929688,22511
2024-06-11,DPWIRES,465.0,469.9500122070313,449.0,456.3500061035156,80919
2024-06-12,DPWIRES,459.5,469.7999877929688,457.8500061035156,459.0499877929688,38709
2024-06-13,DPWIRES,462.2999877929688,464.6499938964844,455.2000122070313,459.4500122070313,26136
2024-06-14,DPWIRES,462.0,465.0,457.3999938964844,460.9500122070313,24311
2024-06-18,DPWIRES,462.8500061035156,469.9500122070313,458.0499877929688,461.75,33106
2024-06-19,DPWIRES,461.7999877929688,464.9500122070313,453.0,455.9500122070313,25547
2024-06-20,DPWIRES,456.0,464.0,454.6000061035156,458.5,28210
2024-06-21,DPWIRES,463.4500122070313,463.4500122070313,451.5499877929688,454.0,36706
2024-06-24,DPWIRES,452.0499877929688,458.0499877929688,442.0,444.2999877929688,60439
2024-06-25,DPWIRES,448.0,454.0,442.0,445.8500061035156,33768
2024-06-26,DPWIRES,447.75,454.9500122070313,442.0,443.7999877929688,31340
2024-06-27,DPWIRES,443.7999877929688,452.9500122070313,440.5,443.1000061035156,38122
2024-06-28,DPWIRES,444.5499877929688,449.75,440.0,444.5,24604
2024-06-03,DRCSYSTEMS,23.350000381469727,23.350000381469727,20.100000381469727,20.5,445453
2024-06-04,DRCSYSTEMS,20.799999237060547,20.799999237060547,18.549999237060547,19.39999961853028,274539
2024-06-05,DRCSYSTEMS,19.89999961853028,20.600000381469727,19.64999961853028,20.39999961853028,161848
2024-06-06,DRCSYSTEMS,20.39999961853028,21.299999237060547,20.39999961853028,20.950000762939453,140101
2024-06-07,DRCSYSTEMS,21.25,21.89999961853028,20.549999237060547,20.75,197818
2024-06-10,DRCSYSTEMS,21.049999237060547,22.0,20.76000022888184,21.6299991607666,209197
2024-06-11,DRCSYSTEMS,20.64999961853028,21.96999931335449,20.64999961853028,21.76000022888184,185834
2024-06-12,DRCSYSTEMS,22.0,22.13999938964844,21.5,21.76000022888184,615562
2024-06-13,DRCSYSTEMS,21.76000022888184,26.11000061035156,21.6299991607666,26.11000061035156,918221
2024-06-14,DRCSYSTEMS,29.020000457763672,31.32999992370605,28.26000022888184,30.59000015258789,6730463
2024-06-18,DRCSYSTEMS,28.799999237060547,33.439998626708984,27.530000686645508,30.71999931335449,5816993
2024-06-19,DRCSYSTEMS,33.70000076293945,33.70000076293945,30.799999237060547,30.96999931335449,2060110
2024-06-20,DRCSYSTEMS,31.989999771118164,32.0,30.0,30.489999771118164,520409
2024-06-21,DRCSYSTEMS,31.57999992370605,31.57999992370605,28.959999084472656,29.88999938964844,533877
2024-06-24,DRCSYSTEMS,29.959999084472656,29.96999931335449,28.38999938964844,28.43000030517578,288508
2024-06-25,DRCSYSTEMS,28.43000030517578,29.799999237060547,27.309999465942383,29.15999984741211,252748
2024-06-26,DRCSYSTEMS,30.5,30.5,28.5,29.290000915527344,283051
2024-06-27,DRCSYSTEMS,29.600000381469727,30.25,28.200000762939453,29.770000457763672,246926
2024-06-28,DRCSYSTEMS,30.0,30.0,28.5,28.61000061035156,202368
2024-06-03,DREAMFOLKS,482.0,482.0,463.0,472.6499938964844,317450
2024-06-04,DREAMFOLKS,478.0,478.0,442.0499877929688,454.6499938964844,505105
2024-06-05,DREAMFOLKS,451.0,464.2000122070313,440.0,457.1499938964844,305153
2024-06-06,DREAMFOLKS,465.0,468.7999877929688,460.5,465.2000122070313,188223
2024-06-07,DREAMFOLKS,469.8999938964844,478.8999938964844,468.0,474.0,111624
2024-06-10,DREAMFOLKS,477.8999938964844,482.0,474.75,478.0499877929688,96590
2024-06-11,DREAMFOLKS,483.0499877929688,484.9500122070313,474.0499877929688,475.7999877929688,183153
2024-06-12,DREAMFOLKS,477.0,483.6499938964844,475.2999877929688,482.2999877929688,109768
2024-06-13,DREAMFOLKS,486.7999877929688,486.7999877929688,479.2000122070313,479.9500122070313,128224
2024-06-14,DREAMFOLKS,484.5,484.5,480.1000061035156,480.9500122070313,127571
2024-06-18,DREAMFOLKS,481.0499877929688,486.0,479.0,480.0,217393
2024-06-19,DREAMFOLKS,482.0,485.3999938964844,479.0,479.5,144895
2024-06-20,DREAMFOLKS,482.3500061035156,488.3500061035156,479.0,482.3500061035156,131254
2024-06-21,DREAMFOLKS,483.8500061035156,488.5,482.9500122070313,484.6000061035156,112548
2024-06-24,DREAMFOLKS,484.6499938964844,494.0,483.0,487.1000061035156,176280
2024-06-25,DREAMFOLKS,488.7999877929688,494.8999938964844,487.0,490.0,130408
2024-06-26,DREAMFOLKS,488.0,499.0,485.0,495.2000122070313,174279
2024-06-27,DREAMFOLKS,495.2000122070313,497.4500122070313,482.1000061035156,484.3999938964844,113509
2024-06-28,DREAMFOLKS,484.3999938964844,487.2000122070313,476.5499877929688,477.6000061035156,165417
2024-06-03,DREDGECORP,934.7000122070312,934.7000122070312,900.3499755859375,934.7000122070312,220473
2024-06-04,DREDGECORP,917.9000244140624,917.9000244140624,888.0,888.0,76763
2024-06-05,DREDGECORP,843.5999755859375,843.5999755859375,843.5999755859375,843.5999755859375,18199
2024-06-06,DREDGECORP,854.0,885.75,854.0,878.4000244140625,182948
2024-06-07,DREDGECORP,881.9000244140625,891.0,849.5499877929688,866.9000244140625,149358
2024-06-10,DREDGECORP,867.0499877929688,953.5499877929688,867.0499877929688,953.5499877929688,171107
2024-06-11,DREDGECORP,969.2000122070312,1048.9000244140625,931.0,1026.550048828125,337033
2024-06-12,DREDGECORP,1129.199951171875,1129.199951171875,1081.8499755859375,1129.199951171875,887784
2024-06-13,DREDGECORP,1149.0,1149.0,1072.75,1081.5,343864
2024-06-14,DREDGECORP,1088.949951171875,1109.699951171875,1055.0,1069.449951171875,148860
2024-06-18,DREDGECORP,1089.0,1122.9000244140625,1070.0,1122.9000244140625,76389
2024-06-19,DREDGECORP,1177.6500244140625,1179.0,1100.0,1129.8499755859375,246877
2024-06-20,DREDGECORP,1134.300048828125,1186.300048828125,1110.050048828125,1186.300048828125,267658
2024-06-21,DREDGECORP,1195.0,1212.0,1127.0,1132.0,157591
2024-06-24,DREDGECORP,1127.949951171875,1188.5999755859375,1080.0,1144.199951171875,294059
2024-06-25,DREDGECORP,1158.699951171875,1158.699951171875,1126.0,1138.300048828125,66080
2024-06-26,DREDGECORP,1136.0,1174.0,1130.0999755859375,1141.75,104582
2024-06-27,DREDGECORP,1152.0,1169.0,1101.0,1126.0,93475
2024-06-28,DREDGECORP,1144.0,1147.8499755859375,1090.050048828125,1102.550048828125,60965
2024-06-03,DRREDDY,1187.5799560546875,1187.5799560546875,1155.4300537109375,1156.6600341796875,2087555
2024-06-04,DRREDDY,1161.4000244140625,1165.469970703125,1120.0,1146.1600341796875,3287175
2024-06-05,DRREDDY,1147.5799560546875,1176.3399658203125,1145.1600341796875,1164.8299560546875,2542820
2024-06-06,DRREDDY,1167.0,1185.199951171875,1156.3199462890625,1178.18994140625,3598380
2024-06-07,DRREDDY,1178.18994140625,1216.8199462890625,1175.25,1212.260009765625,3747525
2024-06-10,DRREDDY,1212.260009765625,1231.530029296875,1200.81005859375,1221.22998046875,3148275
2024-06-11,DRREDDY,1217.0,1220.050048828125,1205.5999755859375,1207.8499755859375,2581810
2024-06-12,DRREDDY,1212.0,1217.0,1198.199951171875,1212.010009765625,1932925
2024-06-13,DRREDDY,1223.97998046875,1223.97998046875,1206.300048828125,1219.1700439453125,2191150
2024-06-14,DRREDDY,1219.199951171875,1223.699951171875,1207.02001953125,1217.050048828125,1985020
2024-06-18,DRREDDY,1209.5999755859375,1212.4000244140625,1196.0,1198.25,3076985
2024-06-19,DRREDDY,1198.3900146484375,1199.9300537109375,1184.0,1191.239990234375,3056645
2024-06-20,DRREDDY,1185.0,1199.199951171875,1177.5999755859375,1194.1600341796875,2489735
2024-06-21,DRREDDY,1194.199951171875,1211.0,1191.030029296875,1202.2900390625,2150475
2024-06-24,DRREDDY,1199.5999755859375,1220.0,1194.5999755859375,1210.989990234375,1624525
2024-06-25,DRREDDY,1218.0,1219.0400390625,1203.2099609375,1215.6800537109375,1977490
2024-06-26,DRREDDY,1212.699951171875,1218.9300537109375,1205.06005859375,1214.010009765625,1958240
2024-06-27,DRREDDY,1200.0,1249.8900146484375,1199.0,1247.1800537109375,12168270
2024-06-28,DRREDDY,1251.0899658203125,1284.0,1250.2099609375,1280.469970703125,5118295
2024-06-03,DSKULKARNI,13.550000190734863,13.550000190734863,13.550000190734863,13.550000190734863,0
2024-06-04,DSKULKARNI,13.550000190734863,13.550000190734863,13.550000190734863,13.550000190734863,0
2024-06-05,DSKULKARNI,13.550000190734863,13.550000190734863,13.550000190734863,13.550000190734863,0
2024-06-06,DSKULKARNI,13.550000190734863,13.550000190734863,13.550000190734863,13.550000190734863,0
2024-06-07,DSKULKARNI,13.550000190734863,13.550000190734863,13.550000190734863,13.550000190734863,0
2024-06-10,DSKULKARNI,13.550000190734863,13.550000190734863,13.550000190734863,13.550000190734863,0
2024-06-11,DSKULKARNI,13.550000190734863,13.550000190734863,13.550000190734863,13.550000190734863,0
2024-06-12,DSKULKARNI,13.550000190734863,13.550000190734863,13.550000190734863,13.550000190734863,0
2024-06-13,DSKULKARNI,13.550000190734863,13.550000190734863,13.550000190734863,13.550000190734863,0
2024-06-14,DSKULKARNI,13.550000190734863,13.550000190734863,13.550000190734863,13.550000190734863,0
2024-06-18,DSKULKARNI,13.550000190734863,13.550000190734863,13.550000190734863,13.550000190734863,0
2024-06-19,DSKULKARNI,13.550000190734863,13.550000190734863,13.550000190734863,13.550000190734863,0
2024-06-20,DSKULKARNI,13.550000190734863,13.550000190734863,13.550000190734863,13.550000190734863,0
2024-06-21,DSKULKARNI,13.550000190734863,13.550000190734863,13.550000190734863,13.550000190734863,0
2024-06-24,DSKULKARNI,13.550000190734863,13.550000190734863,13.550000190734863,13.550000190734863,0
2024-06-25,DSKULKARNI,13.550000190734863,13.550000190734863,13.550000190734863,13.550000190734863,0
2024-06-26,DSKULKARNI,13.550000190734863,13.550000190734863,13.550000190734863,13.550000190734863,0
2024-06-27,DSKULKARNI,13.550000190734863,13.550000190734863,13.550000190734863,13.550000190734863,0
2024-06-28,DSKULKARNI,13.550000190734863,13.550000190734863,13.550000190734863,13.550000190734863,0
2024-06-03,DSSL,1230.0,1267.949951171875,1126.300048828125,1172.949951171875,85397
2024-06-04,DSSL,1174.0999755859375,1174.0999755859375,1055.6500244140625,1077.4000244140625,43638
2024-06-05,DSSL,1123.9000244140625,1150.0,1051.050048828125,1111.199951171875,44338
2024-06-06,DSSL,1170.0,1185.0,1155.050048828125,1159.300048828125,21269
2024-06-07,DSSL,1172.949951171875,1200.0,1160.75,1185.25,24630
2024-06-10,DSSL,1211.949951171875,1244.9000244140625,1185.0,1193.6500244140625,27825
2024-06-11,DSSL,1175.050048828125,1197.0,1174.1500244140625,1182.699951171875,21192
2024-06-12,DSSL,1184.5,1229.0,1180.0,1190.25,18135
2024-06-13,DSSL,1204.0,1219.800048828125,1180.0,1194.75,23400
2024-06-14,DSSL,1194.699951171875,1206.0,1174.0999755859375,1186.8499755859375,38199
2024-06-18,DSSL,1185.0,1190.199951171875,1125.5999755859375,1152.0999755859375,40052
2024-06-19,DSSL,1158.1500244140625,1195.0,1121.1500244140625,1138.300048828125,32348
2024-06-20,DSSL,1154.699951171875,1154.699951171875,1104.9000244140625,1122.3499755859375,37399
2024-06-21,DSSL,1128.300048828125,1140.0,1092.75,1112.25,28639
2024-06-24,DSSL,1110.0,1223.449951171875,1105.0,1160.0999755859375,145603
2024-06-25,DSSL,1181.0,1184.9000244140625,1140.949951171875,1151.050048828125,39814
2024-06-26,DSSL,1157.0999755859375,1164.949951171875,1144.0,1148.4000244140625,12626
2024-06-27,DSSL,1153.0,1163.25,1111.0,1130.8499755859375,20695
2024-06-28,DSSL,1136.800048828125,1162.949951171875,1126.0,1133.800048828125,17002
2024-06-03,DTIL,197.0,197.0,189.0,190.0,8235
2024-06-04,DTIL,195.4499969482422,195.4499969482422,174.89999389648438,180.6499938964844,14350
2024-06-05,DTIL,185.6499938964844,190.0,179.3000030517578,187.0,7390
2024-06-06,DTIL,190.6499938964844,193.0,187.6999969482422,190.1000061035156,4117
2024-06-07,DTIL,193.8500061035156,196.8000030517578,191.0500030517578,195.1499938964844,3434
2024-06-10,DTIL,197.8500061035156,198.6699981689453,193.2100067138672,194.25,2730
2024-06-11,DTIL,195.27999877929688,197.9900054931641,192.1000061035156,194.8500061035156,4881
2024-06-12,DTIL,195.8999938964844,205.0,194.0,198.44000244140625,19319
2024-06-13,DTIL,202.3500061035156,210.0,199.88999938964844,208.2700042724609,26888
2024-06-14,DTIL,209.3500061035156,224.8000030517578,205.009994506836,216.6000061035156,67580
2024-06-18,DTIL,217.6999969482422,219.58999633789065,210.3600006103516,212.509994506836,18817
2024-06-19,DTIL,213.0,217.13999938964844,205.0200042724609,211.52999877929688,11820
2024-06-20,DTIL,211.3099975585937,212.6000061035156,206.5500030517578,209.1999969482422,6402
2024-06-21,DTIL,207.3699951171875,211.5399932861328,205.1000061035156,207.2700042724609,10560
2024-06-24,DTIL,205.3999938964844,217.88999938964844,205.3999938964844,213.08999633789065,22312
2024-06-25,DTIL,216.0,217.19000244140625,206.92999267578125,208.6499938964844,9505
2024-06-26,DTIL,209.4600067138672,214.4199981689453,207.0,210.9100036621093,11386
2024-06-27,DTIL,212.0,217.9900054931641,204.9600067138672,206.0599975585937,30488
2024-06-28,DTIL,207.0800018310547,217.8999938964844,207.0800018310547,215.8999938964844,16007
2024-06-03,DUCON,6.849999904632568,6.949999809265137,6.849999904632568,6.849999904632568,175969
2024-06-04,DUCON,6.75,6.75,6.75,6.75,35659
2024-06-05,DUCON,6.650000095367432,6.650000095367432,6.650000095367432,6.650000095367432,120027
2024-06-06,DUCON,6.699999809265137,6.75,6.699999809265137,6.699999809265137,320442
2024-06-07,DUCON,6.800000190734863,6.800000190734863,6.699999809265137,6.800000190734863,85343
2024-06-10,DUCON,6.929999828338623,6.929999828338623,6.929999828338623,6.929999828338623,33154
2024-06-11,DUCON,7.059999942779541,7.059999942779541,7.059999942779541,7.059999942779541,48492
2024-06-12,DUCON,7.199999809265137,7.199999809265137,7.179999828338623,7.199999809265137,150654
2024-06-13,DUCON,7.289999961853027,7.340000152587891,7.289999961853027,7.289999961853027,101722
2024-06-14,DUCON,7.400000095367432,7.400000095367432,7.300000190734863,7.400000095367432,113713
2024-06-18,DUCON,7.539999961853027,7.539999961853027,7.409999847412109,7.539999961853027,54516
2024-06-19,DUCON,7.690000057220459,7.690000057220459,7.690000057220459,7.690000057220459,219570
2024-06-20,DUCON,7.829999923706055,7.840000152587891,7.829999923706055,7.829999923706055,153702
2024-06-21,DUCON,7.699999809265137,7.699999809265137,7.699999809265137,7.699999809265137,210251
2024-06-24,DUCON,7.849999904632568,7.849999904632568,7.699999809265137,7.849999904632568,517411
2024-06-25,DUCON,8.0,8.0,8.0,8.0,211818
2024-06-26,DUCON,8.15999984741211,8.15999984741211,8.15999984741211,8.15999984741211,222518
2024-06-27,DUCON,8.319999694824219,8.319999694824219,8.289999961853027,8.319999694824219,287131
2024-06-28,DUCON,8.300000190734863,8.399999618530273,8.300000190734863,8.300000190734863,342047
2024-06-03,DVL,342.29998779296875,342.29998779296875,328.20001220703125,329.29998779296875,31329
2024-06-04,DVL,335.25,335.45001220703125,312.8500061035156,315.70001220703125,60683
2024-06-05,DVL,315.04998779296875,317.45001220703125,302.20001220703125,313.20001220703125,86421
2024-06-06,DVL,317.0,328.8500061035156,314.1499938964844,328.8500061035156,46253
2024-06-07,DVL,337.75,355.0,334.20001220703125,349.29998779296875,189986
2024-06-10,DVL,352.79998779296875,357.0,342.54998779296875,346.3500061035156,45197
2024-06-11,DVL,343.5,352.0,341.29998779296875,344.3999938964844,41633
2024-06-12,DVL,345.0,348.0,342.75,344.04998779296875,36081
2024-06-13,DVL,347.0,353.25,343.1499938964844,346.45001220703125,48980
2024-06-14,DVL,346.6000061035156,365.0,346.6000061035156,349.54998779296875,64385
2024-06-18,DVL,350.5,354.29998779296875,345.1499938964844,347.70001220703125,46398
2024-06-19,DVL,349.04998779296875,351.29998779296875,344.20001220703125,346.8999938964844,54075
2024-06-20,DVL,346.8999938964844,362.0,339.1000061035156,354.25,133714
2024-06-21,DVL,354.29998779296875,368.0,354.20001220703125,360.6000061035156,156761
2024-06-24,DVL,358.25,385.7999877929688,347.79998779296875,378.7000122070313,316469
2024-06-25,DVL,395.7000122070313,404.3999938964844,381.5,384.7000122070313,334689
2024-06-26,DVL,385.1499938964844,388.0,372.8999938964844,374.7999877929688,92179
2024-06-27,DVL,374.7999877929688,387.0,352.8500061035156,358.95001220703125,151904
2024-06-28,DVL,354.0,373.2000122070313,354.0,364.5,88915
2024-06-03,DWARKESH,72.0,72.25,68.94999694824219,69.25,813594
2024-06-04,DWARKESH,69.94999694824219,69.94999694824219,62.0,65.5,1181838
2024-06-05,DWARKESH,66.6500015258789,68.0,64.8499984741211,67.5,793420
2024-06-06,DWARKESH,68.0999984741211,69.4000015258789,67.94999694824219,68.80000305175781,623415
2024-06-07,DWARKESH,69.0,71.75,68.55000305175781,71.25,1459001
2024-06-10,DWARKESH,71.5,72.5,71.41000366210938,71.9800033569336,877569
2024-06-11,DWARKESH,72.33999633789062,74.94999694824219,71.20999908447266,74.33000183105469,4564582
2024-06-12,DWARKESH,74.9000015258789,75.76000213623047,74.61000061035156,74.69000244140625,1986131
2024-06-13,DWARKESH,76.0,81.0,74.7699966430664,78.43000030517578,19114268
2024-06-14,DWARKESH,79.1500015258789,81.79000091552734,78.30000305175781,78.66000366210938,8536661
2024-06-18,DWARKESH,79.98999786376953,79.98999786376953,75.94999694824219,76.3499984741211,2648704
2024-06-19,DWARKESH,76.6500015258789,79.80000305175781,74.80000305175781,78.08000183105469,9591655
2024-06-20,DWARKESH,78.11000061035156,79.7699966430664,77.6500015258789,77.93000030517578,3238769
2024-06-21,DWARKESH,78.0999984741211,80.80000305175781,77.0999984741211,77.9000015258789,4547543
2024-06-24,DWARKESH,77.0,78.19999694824219,76.2699966430664,76.43000030517578,2114071
2024-06-25,DWARKESH,77.4000015258789,78.83000183105469,76.5999984741211,76.66000366210938,2065078
2024-06-26,DWARKESH,76.80000305175781,77.11000061035156,76.01000213623047,76.2300033569336,1394039
2024-06-27,DWARKESH,76.79000091552734,76.79000091552734,72.44999694824219,73.12999725341797,2289008
2024-06-28,DWARKESH,73.98999786376953,74.69999694824219,73.33999633789062,73.80000305175781,1666365
2024-06-03,DYCL,285.95001220703125,286.67498779296875,275.0249938964844,282.92498779296875,178720
2024-06-04,DYCL,281.0,287.5,254.6499938964844,258.45001220703125,390696
2024-06-05,DYCL,260.25,274.5,249.5249938964844,271.6499938964844,234890
2024-06-06,DYCL,288.9750061035156,288.9750061035156,274.7250061035156,280.5,121546
2024-06-07,DYCL,290.0,296.3999938964844,284.0249938964844,287.5249938964844,287906
2024-06-10,DYCL,292.5,299.5,250.0,284.42498779296875,148708
2024-06-11,DYCL,284.42498779296875,315.0,279.125,301.375,980198
2024-06-12,DYCL,308.95001220703125,340.0,308.4750061035156,322.0,2150970
2024-06-13,DYCL,324.2749938964844,324.9750061035156,310.5249938964844,311.9750061035156,397580
2024-06-14,DYCL,313.3500061035156,317.2250061035156,303.5,305.04998779296875,345040
2024-06-18,DYCL,309.95001220703125,309.95001220703125,290.07501220703125,294.1000061035156,478814
2024-06-19,DYCL,296.3500061035156,302.0,285.54998779296875,301.07501220703125,447546
2024-06-20,DYCL,304.0,304.0,295.29998779296875,296.20001220703125,175896
2024-06-21,DYCL,296.75,314.8999938964844,290.5,305.1499938964844,487614
2024-06-24,DYCL,306.82501220703125,313.1499938964844,302.1499938964844,310.125,283116
2024-06-25,DYCL,315.0,329.5,295.875,297.875,518660
2024-06-26,DYCL,297.8999938964844,303.70001220703125,296.5,297.6499938964844,104560
2024-06-27,DYCL,300.6000061035156,300.6000061035156,288.0,291.1000061035156,172314
2024-06-28,DYCL,291.1000061035156,295.125,288.0,289.25,97380
2024-06-03,DYNAMATECH,7990.0,8030.0,7701.0,7720.2998046875,11266
2024-06-04,DYNAMATECH,7719.0,7719.0498046875,6176.25,7147.75,35629
2024-06-05,DYNAMATECH,7100.0,7258.35009765625,6678.5,7019.7001953125,39350
2024-06-06,DYNAMATECH,7143.35009765625,7560.0,7040.14990234375,7505.64990234375,14921
2024-06-07,DYNAMATECH,7451.2001953125,7784.60009765625,7403.10009765625,7709.7001953125,9837
2024-06-10,DYNAMATECH,7690.0,7975.0,7690.0,7905.25,11315
2024-06-11,DYNAMATECH,7920.85009765625,7985.0498046875,7707.0,7813.10009765625,4757
2024-06-12,DYNAMATECH,7813.10009765625,7892.2998046875,7690.0,7716.39990234375,4791
2024-06-13,DYNAMATECH,7739.9501953125,7919.39990234375,7547.7998046875,7599.35009765625,26315
2024-06-14,DYNAMATECH,7599.64990234375,7762.4501953125,7489.0,7553.64990234375,11956
2024-06-18,DYNAMATECH,7650.0,8049.89990234375,7605.0498046875,7874.85009765625,16092
2024-06-19,DYNAMATECH,7937.85009765625,8010.0,7569.64990234375,7768.5498046875,12778
2024-06-20,DYNAMATECH,7839.9501953125,7839.9501953125,7725.0,7730.39990234375,4806
2024-06-21,DYNAMATECH,7750.0,7805.5,7671.0,7727.5498046875,2732
2024-06-24,DYNAMATECH,7788.89990234375,7788.89990234375,7599.9501953125,7648.14990234375,14051
2024-06-25,DYNAMATECH,7648.14990234375,7703.7001953125,7580.0,7609.85009765625,4005
2024-06-26,DYNAMATECH,7585.0,7670.0,7396.0,7436.35009765625,9163
2024-06-27,DYNAMATECH,7437.0,7525.0,7350.0,7387.64990234375,28075
2024-06-28,DYNAMATECH,7450.0,7478.7998046875,7311.0,7346.25,3923
2024-06-03,DYNPRO,273.0,275.95001220703125,259.95001220703125,262.45001220703125,21456
2024-06-04,DYNPRO,262.45001220703125,267.0,235.0,254.8000030517578,44975
2024-06-05,DYNPRO,246.0,271.20001220703125,246.0,266.95001220703125,38555
2024-06-06,DYNPRO,267.0,276.0,267.0,272.0,25318
2024-06-07,DYNPRO,264.20001220703125,281.3999938964844,264.20001220703125,279.6000061035156,41631
2024-06-10,DYNPRO,279.6000061035156,283.6499938964844,257.5,260.54998779296875,117228
2024-06-11,DYNPRO,264.8999938964844,273.0,259.95001220703125,266.29998779296875,43395
2024-06-12,DYNPRO,266.29998779296875,270.0,261.0,263.1000061035156,29707
2024-06-13,DYNPRO,264.0,270.5,263.70001220703125,269.45001220703125,47446
2024-06-14,DYNPRO,265.70001220703125,272.29998779296875,265.70001220703125,270.75,21484
2024-06-18,DYNPRO,270.75,273.1499938964844,264.0,265.8500061035156,38163
2024-06-19,DYNPRO,269.8500061035156,291.8500061035156,266.0,284.25,152097
2024-06-20,DYNPRO,286.45001220703125,300.0,281.5,284.3500061035156,70140
2024-06-21,DYNPRO,285.1499938964844,287.79998779296875,277.3999938964844,279.6499938964844,42251
2024-06-24,DYNPRO,279.6000061035156,286.79998779296875,273.95001220703125,284.8999938964844,25745
2024-06-25,DYNPRO,285.79998779296875,285.79998779296875,277.70001220703125,279.1000061035156,14042
2024-06-26,DYNPRO,280.5,281.75,274.79998779296875,276.45001220703125,17039
2024-06-27,DYNPRO,276.04998779296875,279.8999938964844,265.6000061035156,269.5,44464
2024-06-28,DYNPRO,277.8500061035156,309.0,276.5,288.8999938964844,300403
2024-06-03,E2E,137.0,137.00999450683594,133.15499877929688,137.00999450683594,548220
2024-06-04,E2E,142.5,143.86000061035156,132.00999450683594,143.86000061035156,1325570
2024-06-05,E2E,151.0500030517578,151.0500030517578,150.3350067138672,151.0500030517578,343550
2024-06-06,E2E,158.60000610351562,158.60000610351562,158.60000610351562,158.60000610351562,171950
2024-06-07,E2E,166.52999877929688,166.52999877929688,151.10000610351562,166.51499938964844,745600
2024-06-10,E2E,173.6699981689453,174.83999633789062,170.0050048828125,174.83999633789062,174800
2024-06-11,E2E,183.5800018310547,183.5800018310547,183.5800018310547,183.5800018310547,77600
2024-06-12,E2E,192.7550048828125,192.7550048828125,184.5,192.72999572753903,620740
2024-06-13,E2E,200.0,200.0,183.09500122070312,183.09500122070312,562310
2024-06-14,E2E,173.94000244140625,173.94000244140625,173.94000244140625,173.94000244140625,160690
2024-06-18,E2E,166.0,182.634994506836,166.0,182.375,1090340
2024-06-19,E2E,182.1999969482422,182.1999969482422,173.25999450683594,175.60499572753906,446120
2024-06-20,E2E,184.384994506836,184.384994506836,178.60000610351562,182.4250030517578,594520
2024-06-21,E2E,182.4250030517578,190.0,178.0,181.2050018310547,245310
2024-06-24,E2E,180.0,190.26499938964844,180.0,190.26499938964844,373140
2024-06-25,E2E,199.5,199.7749938964844,180.8000030517578,182.3950042724609,765920
2024-06-26,E2E,180.0,181.8999938964844,173.27499389648438,173.27499389648438,986250
2024-06-27,E2E,170.0,170.0,164.61500549316406,164.61500549316406,553980
2024-06-28,E2E,164.61000061035156,172.84500122070312,161.125,172.84500122070312,263030
2024-06-03,EASEMYTRIP,21.75,21.89999961853028,20.975000381469727,21.125,29980818
2024-06-04,EASEMYTRIP,21.225000381469727,21.225000381469727,19.0,19.89999961853028,30256088
2024-06-05,EASEMYTRIP,20.200000762939453,20.424999237060547,19.725000381469727,20.27499961853028,15189904
2024-06-06,EASEMYTRIP,20.5,20.975000381469727,20.475000381469727,20.64999961853028,15158040
2024-06-07,EASEMYTRIP,20.725000381469727,20.950000762939453,20.575000762939453,20.875,16711716
2024-06-10,EASEMYTRIP,21.100000381469727,21.27499961853028,20.924999237060547,20.950000762939453,17194422
2024-06-11,EASEMYTRIP,21.174999237060547,21.280000686645508,20.90999984741211,21.05500030517578,9753690
2024-06-12,EASEMYTRIP,21.104999542236328,21.295000076293945,21.06999969482422,21.19499969482422,11993112
2024-06-13,EASEMYTRIP,21.299999237060547,21.375,21.0049991607666,21.165000915527344,12344754
2024-06-14,EASEMYTRIP,21.23500061035156,21.25,21.065000534057617,21.114999771118164,10746254
2024-06-18,EASEMYTRIP,21.200000762939453,22.100000381469727,21.01499938964844,21.709999084472656,42904752
2024-06-19,EASEMYTRIP,21.75,21.895000457763672,21.350000381469727,21.44499969482422,15603828
2024-06-20,EASEMYTRIP,21.520000457763672,21.59000015258789,21.309999465942383,21.44499969482422,12277314
2024-06-21,EASEMYTRIP,21.450000762939453,21.575000762939453,21.290000915527344,21.420000076293945,11895240
2024-06-24,EASEMYTRIP,21.3799991607666,21.459999084472656,21.155000686645508,21.30500030517578,8789520
2024-06-25,EASEMYTRIP,21.395000457763672,21.5,21.15999984741211,21.26000022888184,10849212
2024-06-26,EASEMYTRIP,21.174999237060547,21.31999969482422,20.77499961853028,20.854999542236328,14849258
2024-06-27,EASEMYTRIP,20.8700008392334,20.959999084472656,20.43000030517578,20.600000381469727,18063884
2024-06-28,EASEMYTRIP,20.7450008392334,20.795000076293945,20.52499961853028,20.600000381469727,6721890
2024-06-03,EASTSILK,1.7999999523162842,1.7999999523162842,1.7999999523162842,1.7999999523162842,0
2024-06-04,EASTSILK,1.7999999523162842,1.7999999523162842,1.7999999523162842,1.7999999523162842,0
2024-06-05,EASTSILK,1.7999999523162842,1.7999999523162842,1.7999999523162842,1.7999999523162842,0
2024-06-06,EASTSILK,1.7999999523162842,1.7999999523162842,1.7999999523162842,1.7999999523162842,0
2024-06-07,EASTSILK,1.7999999523162842,1.7999999523162842,1.7999999523162842,1.7999999523162842,0
2024-06-10,EASTSILK,1.7999999523162842,1.7999999523162842,1.7999999523162842,1.7999999523162842,0
2024-06-11,EASTSILK,1.7999999523162842,1.7999999523162842,1.7999999523162842,1.7999999523162842,0
2024-06-12,EASTSILK,1.7999999523162842,1.7999999523162842,1.7999999523162842,1.7999999523162842,0
2024-06-13,EASTSILK,1.7999999523162842,1.7999999523162842,1.7999999523162842,1.7999999523162842,0
2024-06-14,EASTSILK,1.7999999523162842,1.7999999523162842,1.7999999523162842,1.7999999523162842,0
2024-06-18,EASTSILK,1.7999999523162842,1.7999999523162842,1.7999999523162842,1.7999999523162842,0
2024-06-19,EASTSILK,1.7999999523162842,1.7999999523162842,1.7999999523162842,1.7999999523162842,0
2024-06-20,EASTSILK,1.7999999523162842,1.7999999523162842,1.7999999523162842,1.7999999523162842,0
2024-06-21,EASTSILK,1.7999999523162842,1.7999999523162842,1.7999999523162842,1.7999999523162842,0
2024-06-24,EASTSILK,1.7999999523162842,1.7999999523162842,1.7999999523162842,1.7999999523162842,0
2024-06-25,EASTSILK,1.7999999523162842,1.7999999523162842,1.7999999523162842,1.7999999523162842,0
2024-06-26,EASTSILK,1.7999999523162842,1.7999999523162842,1.7999999523162842,1.7999999523162842,0
2024-06-27,EASTSILK,1.7999999523162842,1.7999999523162842,1.7999999523162842,1.7999999523162842,0
2024-06-28,EASTSILK,1.7999999523162842,1.7999999523162842,1.7999999523162842,1.7999999523162842,0
2024-06-03,ECLERX,1120.0,1122.5,1089.5,1095.675048828125,95170
2024-06-04,ECLERX,1098.9000244140625,1114.9000244140625,1066.0999755859375,1081.625,151460
2024-06-05,ECLERX,1087.0,1092.7249755859375,1057.0,1064.574951171875,277166
2024-06-06,ECLERX,1075.125,1116.0,1075.125,1110.5250244140625,168852
2024-06-07,ECLERX,1116.5,1170.0,1111.75,1159.300048828125,244294
2024-06-10,ECLERX,1171.0,1215.925048828125,1160.5,1203.324951171875,432620
2024-06-11,ECLERX,1203.0250244140625,1213.574951171875,1185.050048828125,1201.425048828125,147982
2024-06-12,ECLERX,1204.0,1207.425048828125,1190.0,1193.449951171875,65846
2024-06-13,ECLERX,1199.425048828125,1212.199951171875,1194.0,1206.074951171875,73052
2024-06-14,ECLERX,1205.375,1205.375,1189.125,1190.074951171875,72852
2024-06-18,ECLERX,1196.0999755859375,1224.5,1182.4749755859375,1184.6500244140625,154396
2024-06-19,ECLERX,1188.0250244140625,1196.0,1175.0,1191.0999755859375,95126
2024-06-20,ECLERX,1190.0,1198.5,1169.25,1187.550048828125,251570
2024-06-21,ECLERX,1200.0,1256.0,1192.5250244140625,1203.25,438412
2024-06-24,ECLERX,1203.0999755859375,1208.5,1174.75,1181.2249755859375,249806
2024-06-25,ECLERX,1199.0,1208.324951171875,1179.0,1182.949951171875,213838
2024-06-26,ECLERX,1194.699951171875,1216.8499755859375,1191.5250244140625,1204.3499755859375,120410
2024-06-27,ECLERX,1210.0,1214.5,1192.550048828125,1197.9000244140625,98964
2024-06-28,ECLERX,1205.0,1215.4000244140625,1202.5,1209.550048828125,66482
2024-06-03,EDELWEISS,74.0,75.0999984741211,70.75,73.69999694824219,5768784
2024-06-04,EDELWEISS,73.19999694824219,73.19999694824219,63.04999923706055,69.4000015258789,7958620
2024-06-05,EDELWEISS,70.0,70.0,64.5,65.94999694824219,9001019
2024-06-06,EDELWEISS,66.6500015258789,69.3499984741211,66.6500015258789,68.9000015258789,3377450
2024-06-07,EDELWEISS,68.5999984741211,69.6500015258789,67.80000305175781,69.0999984741211,5165217
2024-06-10,EDELWEISS,70.4000015258789,72.5,69.8499984741211,71.11000061035156,3932516
2024-06-11,EDELWEISS,71.3499984741211,71.4000015258789,68.80999755859375,69.05999755859375,4655533
2024-06-12,EDELWEISS,69.0999984741211,69.5199966430664,68.43000030517578,69.23999786376953,3246858
2024-06-13,EDELWEISS,69.58000183105469,70.69000244140625,69.25,69.94000244140625,3246897
2024-06-14,EDELWEISS,70.05999755859375,70.5999984741211,69.41999816894531,69.98999786376953,2285523
2024-06-18,EDELWEISS,70.05999755859375,70.44999694824219,69.1500015258789,70.31999969482422,2708444
2024-06-19,EDELWEISS,70.5,70.55000305175781,68.43000030517578,69.0999984741211,2459298
2024-06-20,EDELWEISS,68.0,70.0999984741211,68.0,69.48999786376953,2883731
2024-06-21,EDELWEISS,70.37000274658203,70.37000274658203,68.80999755859375,69.05000305175781,1932435
2024-06-24,EDELWEISS,68.5,68.5,67.05000305175781,68.06999969482422,2076933
2024-06-25,EDELWEISS,68.23999786376953,68.23999786376953,67.0,67.29000091552734,2528536
2024-06-26,EDELWEISS,67.26000213623047,67.87000274658203,66.51000213623047,67.31999969482422,1762182
2024-06-27,EDELWEISS,67.19000244140625,67.30999755859375,65.77999877929688,66.30000305175781,2665538
2024-06-28,EDELWEISS,66.30000305175781,66.6500015258789,65.01000213623047,65.19999694824219,2739188
2024-06-03,EICHERMOT,4800.0,4800.0,4640.0,4670.85009765625,1070710
2024-06-04,EICHERMOT,4679.89990234375,4706.85009765625,4253.85009765625,4495.39990234375,920927
2024-06-05,EICHERMOT,4539.10009765625,4647.4501953125,4495.0,4579.0,468061
2024-06-06,EICHERMOT,4579.0,4727.0,4538.2998046875,4719.75,748915
2024-06-07,EICHERMOT,4700.0,4769.0,4670.10009765625,4762.0,419417
2024-06-10,EICHERMOT,4769.60009765625,4800.0,4757.0,4782.75,301649
2024-06-11,EICHERMOT,4810.0,4811.9501953125,4744.0498046875,4758.64990234375,733966
2024-06-12,EICHERMOT,4765.0,4873.4501953125,4745.0,4850.64990234375,523152
2024-06-13,EICHERMOT,4886.9501953125,4889.60009765625,4768.0,4801.5,840780
2024-06-14,EICHERMOT,4817.5,4945.0,4801.5,4935.10009765625,549131
2024-06-18,EICHERMOT,4940.0,4976.0,4912.5498046875,4936.10009765625,706641
2024-06-19,EICHERMOT,4940.0,4963.7001953125,4850.0,4880.75,652617
2024-06-20,EICHERMOT,4885.35009765625,4924.89990234375,4843.0498046875,4876.89990234375,637364
2024-06-21,EICHERMOT,4876.89990234375,4925.2998046875,4820.0,4845.5,414677
2024-06-24,EICHERMOT,4838.0,4888.7001953125,4794.2001953125,4870.89990234375,302473
2024-06-25,EICHERMOT,4870.89990234375,4896.0,4762.0498046875,4775.0498046875,660144
2024-06-26,EICHERMOT,4775.0498046875,4807.39990234375,4720.0,4739.7001953125,600784
2024-06-27,EICHERMOT,4722.0,4766.4501953125,4682.0498046875,4713.7998046875,1087487
2024-06-28,EICHERMOT,4713.7998046875,4733.9501953125,4655.2998046875,4672.9501953125,939279
2024-06-03,EIDPARRY,699.0,699.0,670.25,680.2000122070312,585245
2024-06-04,EIDPARRY,684.0,684.0,638.2000122070312,648.0,1265262
2024-06-05,EIDPARRY,650.0,725.0,640.75,693.0499877929688,1382319
2024-06-06,EIDPARRY,700.0499877929688,714.4000244140625,695.5,708.0999755859375,686364
2024-06-07,EIDPARRY,717.0,722.0,701.9000244140625,705.3499755859375,694659
2024-06-10,EIDPARRY,709.9000244140625,733.2999877929688,704.5499877929688,715.0999755859375,1416208
2024-06-11,EIDPARRY,721.9000244140625,723.2000122070312,708.4500122070312,708.9500122070312,404234
2024-06-12,EIDPARRY,713.2000122070312,717.3499755859375,704.0999755859375,705.9000244140625,424158
2024-06-13,EIDPARRY,710.0,733.0999755859375,701.0,720.4000244140625,3198498
2024-06-14,EIDPARRY,727.9500122070312,749.9000244140625,716.0499877929688,728.0,1601287
2024-06-18,EIDPARRY,749.8499755859375,750.5,717.1500244140625,733.3499755859375,1096705
2024-06-19,EIDPARRY,735.0,833.0,733.0999755859375,814.7999877929688,8569691
2024-06-20,EIDPARRY,814.7999877929688,823.0,791.5999755859375,802.5999755859375,2955505
2024-06-21,EIDPARRY,803.9500122070312,805.5999755859375,778.6500244140625,783.7000122070312,981984
2024-06-24,EIDPARRY,770.0499877929688,791.2999877929688,767.25,772.7999877929688,740385
2024-06-25,EIDPARRY,786.4000244140625,794.75,765.0,767.5,761619
2024-06-26,EIDPARRY,770.0,775.25,759.4000244140625,761.5,327919
2024-06-27,EIDPARRY,765.0,767.0,741.5499877929688,753.4000244140625,500042
2024-06-28,EIDPARRY,753.0999755859375,775.0,752.2000122070312,763.75,940955
2024-06-03,EIFFL,133.14999389648438,135.64999389648438,128.6999969482422,131.4499969482422,31951
2024-06-04,EIFFL,132.39999389648438,133.85000610351562,129.0,129.4499969482422,37965
2024-06-05,EIFFL,132.10000610351562,134.0,130.64999389648438,131.4499969482422,4734
2024-06-06,EIFFL,131.0,134.5500030517578,131.0,133.6999969482422,32680
2024-06-07,EIFFL,132.0500030517578,136.4499969482422,131.75,133.85000610351562,38959
2024-06-10,EIFFL,133.08999633789062,136.41000366210938,130.8000030517578,133.08999633789062,19448
2024-06-11,EIFFL,133.3000030517578,135.89999389648438,132.0,135.22999572753906,22199
2024-06-12,EIFFL,134.19000244140625,135.89999389648438,132.00999450683594,134.77000427246094,21009
2024-06-13,EIFFL,136.35000610351562,136.35000610351562,132.32000732421875,133.7899932861328,19739
2024-06-14,EIFFL,132.60000610351562,135.1300048828125,132.60000610351562,134.25999450683594,20274
2024-06-18,EIFFL,135.0,136.22999572753906,133.05999755859375,134.75,41688
2024-06-19,EIFFL,135.5,135.5,133.1199951171875,134.6699981689453,33192
2024-06-20,EIFFL,133.39999389648438,135.5,132.4600067138672,134.57000732421875,14818
2024-06-21,EIFFL,134.61000061035156,136.02000427246094,132.5,132.67999267578125,20205
2024-06-24,EIFFL,132.19000244140625,135.5,131.86000061035156,134.1300048828125,18121
2024-06-25,EIFFL,134.66000366210938,134.77000427246094,131.8699951171875,132.72999572753906,21294
2024-06-26,EIFFL,133.39999389648438,134.99000549316406,131.5,133.91000366210938,20503
2024-06-27,EIFFL,134.60000610351562,134.60000610351562,130.0500030517578,130.85000610351562,19571
2024-06-28,EIFFL,131.5,145.99000549316406,128.07000732421875,141.67999267578125,67432
2024-06-03,EIHAHOTELS,365.0,369.0,356.2749938964844,361.375,42694
2024-06-04,EIHAHOTELS,361.375,361.375,330.67498779296875,338.54998779296875,105388
2024-06-05,EIHAHOTELS,340.0,354.95001220703125,330.25,339.3999938964844,80972
2024-06-06,EIHAHOTELS,344.5,354.82501220703125,338.79998779296875,347.07501220703125,93010
2024-06-07,EIHAHOTELS,347.5,370.3999938964844,347.5,360.9249877929688,141376
2024-06-10,EIHAHOTELS,409.5,419.0,395.25,409.8250122070313,1477116
2024-06-11,EIHAHOTELS,412.6499938964844,418.9750061035156,408.2000122070313,416.5,248354
2024-06-12,EIHAHOTELS,417.3999938964844,432.0,408.5,424.7250061035156,192734
2024-06-13,EIHAHOTELS,430.7250061035156,432.7749938964844,421.0,422.8999938964844,149014
2024-06-14,EIHAHOTELS,424.5,462.5,424.5,453.0750122070313,1276674
2024-06-18,EIHAHOTELS,460.0,473.0,448.5,463.125,412560
2024-06-19,EIHAHOTELS,464.0,464.0,451.2749938964844,457.0,83816
2024-06-20,EIHAHOTELS,457.7749938964844,462.5,455.5,461.625,67164
2024-06-21,EIHAHOTELS,462.5,470.4750061035156,460.7999877929688,468.5249938964844,91348
2024-06-24,EIHAHOTELS,469.375,473.9750061035156,459.7749938964844,467.6499938964844,79510
2024-06-25,EIHAHOTELS,468.0,472.375,463.5,464.8500061035156,42476
2024-06-26,EIHAHOTELS,465.5249938964844,467.5,460.2000122070313,462.5750122070313,28248
2024-06-27,EIHAHOTELS,463.0249938964844,464.2000122070313,455.0,457.2749938964844,33112
2024-06-28,EIHAHOTELS,459.3999938964844,465.7000122070313,457.75,459.875,46252
2024-06-03,EIHOTEL,444.0,444.3999938964844,418.25,422.25,900609
2024-06-04,EIHOTEL,424.3999938964844,425.0,377.3500061035156,408.4500122070313,1085869
2024-06-05,EIHOTEL,408.4500122070313,436.8999938964844,390.2000122070313,420.8999938964844,1540865
2024-06-06,EIHOTEL,421.9500122070313,430.25,415.1000061035156,418.5,887259
2024-06-07,EIHOTEL,420.0499877929688,444.2999877929688,420.0499877929688,438.7000122070313,1055100
2024-06-10,EIHOTEL,448.0,454.7000122070313,431.0499877929688,436.75,1204214
2024-06-11,EIHOTEL,439.2000122070313,439.7999877929688,425.9500122070313,428.5,684085
2024-06-12,EIHOTEL,430.3999938964844,432.7999877929688,420.7999877929688,423.9500122070313,678114
2024-06-13,EIHOTEL,421.0,429.8999938964844,418.9500122070313,426.8999938964844,975069
2024-06-14,EIHOTEL,428.3999938964844,446.0,426.75,442.4500122070313,1188870
2024-06-18,EIHOTEL,446.0,454.3999938964844,438.5,449.0499877929688,855876
2024-06-19,EIHOTEL,451.8999938964844,451.8999938964844,440.5,445.1499938964844,397699
2024-06-20,EIHOTEL,446.5,455.0,442.0499877929688,451.8999938964844,441931
2024-06-21,EIHOTEL,453.5,460.7000122070313,442.0,445.9500122070313,1124479
2024-06-24,EIHOTEL,445.4500122070313,451.6000061035156,442.25,448.1000061035156,270061
2024-06-25,EIHOTEL,450.3500061035156,460.0,440.1499938964844,442.8999938964844,602277
2024-06-26,EIHOTEL,442.8999938964844,444.8999938964844,436.0499877929688,438.75,371705
2024-06-27,EIHOTEL,439.0,440.0,425.7999877929688,433.3999938964844,364886
2024-06-28,EIHOTEL,433.3999938964844,448.4500122070313,426.1000061035156,429.2999877929688,711835
2024-06-03,EIMCOELECO,2023.9000244140625,2023.9000244140625,1942.0,1996.1500244140625,8873
2024-06-04,EIMCOELECO,1996.0,1997.0,1896.3499755859373,1896.3499755859373,6452
2024-06-05,EIMCOELECO,1801.550048828125,1938.0,1801.550048828125,1823.5,10113
2024-06-06,EIMCOELECO,1851.8499755859373,1914.6500244140625,1801.300048828125,1914.550048828125,9735
2024-06-07,EIMCOELECO,1914.6500244140625,2007.9000244140625,1880.0,1991.800048828125,6601
2024-06-10,EIMCOELECO,1989.0,2039.0,1950.0,1981.199951171875,2931
2024-06-11,EIMCOELECO,1981.199951171875,2015.0,1912.199951171875,2002.699951171875,4646
2024-06-12,EIMCOELECO,1999.9000244140625,2102.800048828125,1999.9000244140625,2102.800048828125,9740
2024-06-13,EIMCOELECO,2150.0,2205.0,2070.0,2154.449951171875,6225
2024-06-14,EIMCOELECO,2148.0,2200.0,2090.0,2132.5,4794
2024-06-18,EIMCOELECO,2140.0,2153.75,2025.9000244140625,2050.25,9622
2024-06-19,EIMCOELECO,2100.0,2100.0,2030.0,2055.050048828125,3628
2024-06-20,EIMCOELECO,2145.0,2157.800048828125,2138.449951171875,2157.800048828125,4269
2024-06-21,EIMCOELECO,2265.64990234375,2265.64990234375,2165.10009765625,2265.64990234375,32880
2024-06-24,EIMCOELECO,2378.89990234375,2378.89990234375,2335.35009765625,2378.89990234375,12010
2024-06-25,EIMCOELECO,2483.199951171875,2497.800048828125,2345.050048828125,2497.800048828125,38774
2024-06-26,EIMCOELECO,2600.0,2622.64990234375,2508.550048828125,2622.64990234375,24133
2024-06-27,EIMCOELECO,2600.050048828125,2600.050048828125,2491.550048828125,2491.550048828125,15325
2024-06-28,EIMCOELECO,2401.0,2458.0,2367.0,2375.89990234375,15925
2024-06-03,EKC,128.6999969482422,130.3000030517578,123.6500015258789,124.75,539222
2024-06-04,EKC,124.5,124.6500015258789,112.0,116.5,623991
2024-06-05,EKC,118.8000030517578,124.4000015258789,115.0500030517578,123.5,346938
2024-06-06,EKC,125.0,126.9499969482422,119.5500030517578,121.25,886090
2024-06-07,EKC,121.5,129.35000610351562,121.5,126.8499984741211,1384156
2024-06-10,EKC,128.0500030517578,136.89999389648438,128.0500030517578,135.0800018310547,2517519
2024-06-11,EKC,137.10000610351562,139.89999389648438,135.4499969482422,138.57000732421875,857378
2024-06-12,EKC,140.0,140.60000610351562,135.0500030517578,136.3699951171875,572257
2024-06-13,EKC,136.1999969482422,140.0,131.6999969482422,136.75999450683594,874973
2024-06-14,EKC,137.10000610351562,142.3000030517578,136.1999969482422,136.8000030517578,1159528
2024-06-18,EKC,137.89999389648438,138.25,134.5,135.0399932861328,577995
2024-06-19,EKC,135.0,135.89999389648438,127.62999725341795,128.6699981689453,1373491
2024-06-20,EKC,129.49000549316406,130.25,127.9000015258789,128.85000610351562,899909
2024-06-21,EKC,129.8000030517578,130.74000549316406,128.1999969482422,128.9600067138672,698017
2024-06-24,EKC,128.0,130.0,125.61000061035156,128.0500030517578,569042
2024-06-25,EKC,129.32000732421875,130.0,127.5,127.86000061035156,301816
2024-06-26,EKC,128.0,129.60000610351562,126.3000030517578,127.04000091552734,419354
2024-06-27,EKC,126.80999755859376,128.89999389648438,126.05999755859376,126.66000366210938,260515
2024-06-28,EKC,127.58999633789062,127.58999633789062,125.66000366210938,125.94000244140624,260533
2024-06-03,ELDEHSG,955.0,975.0,955.0,961.7000122070312,3317
2024-06-04,ELDEHSG,950.4500122070312,953.3499755859376,882.0999755859375,900.5499877929688,4237
2024-06-05,ELDEHSG,883.3499755859375,952.0,881.0999755859375,903.6500244140624,5409
2024-06-06,ELDEHSG,903.7000122070312,965.0,895.0,936.5,2570
2024-06-07,ELDEHSG,955.0,989.9000244140624,939.9000244140624,976.2000122070312,3897
2024-06-10,ELDEHSG,979.9500122070312,1020.0,955.5499877929688,988.5999755859376,4394
2024-06-11,ELDEHSG,993.7999877929688,1020.3499755859376,986.0499877929688,1010.4500122070312,2887
2024-06-12,ELDEHSG,1009.2000122070312,1060.0,1009.2000122070312,1042.0999755859375,4163
2024-06-13,ELDEHSG,1042.199951171875,1069.1500244140625,1020.0,1056.5,4390
2024-06-14,ELDEHSG,1060.0,1105.0,1056.050048828125,1092.800048828125,6517
2024-06-18,ELDEHSG,1095.0,1119.949951171875,1081.5,1091.8499755859375,3381
2024-06-19,ELDEHSG,1083.4000244140625,1085.199951171875,1041.550048828125,1053.6500244140625,1531
2024-06-20,ELDEHSG,1055.550048828125,1064.9000244140625,1040.6500244140625,1049.699951171875,1805
2024-06-21,ELDEHSG,1055.199951171875,1100.0,1049.800048828125,1083.949951171875,2970
2024-06-24,ELDEHSG,1085.0,1098.5,1042.9000244140625,1070.9000244140625,1918
2024-06-25,ELDEHSG,1070.949951171875,1072.550048828125,1060.0,1065.449951171875,334
2024-06-26,ELDEHSG,1068.3499755859375,1068.3499755859375,1041.1500244140625,1041.5999755859375,3617
2024-06-27,ELDEHSG,1047.0999755859375,1062.3499755859375,1003.9500122070312,1013.2999877929688,1403
2024-06-28,ELDEHSG,1018.0999755859376,1031.25,1011.7000122070312,1013.9000244140624,828
2024-06-03,ELECON,590.0,590.0,564.2000122070312,575.2249755859375,799186
2024-06-04,ELECON,570.0,570.0,477.0,515.1749877929688,897156
2024-06-05,ELECON,516.0,533.2249755859375,487.1499938964844,501.9500122070313,1091548
2024-06-06,ELECON,509.7000122070313,534.0999755859375,509.7000122070313,523.125,612734
2024-06-07,ELECON,525.0250244140625,560.0,525.0250244140625,551.7750244140625,512098
2024-06-10,ELECON,555.4500122070312,581.4749755859375,551.7750244140625,577.9000244140625,703132
2024-06-11,ELECON,581.5,592.9249877929688,578.6500244140625,588.7750244140625,395898
2024-06-12,ELECON,593.25,677.75,592.3499755859375,669.2000122070312,14721430
2024-06-13,ELECON,675.0,675.0,638.5,658.8250122070312,3447012
2024-06-14,ELECON,661.1500244140625,674.0,645.6500244140625,660.8250122070312,1018030
2024-06-18,ELECON,664.9249877929688,667.4249877929688,648.5,650.2249755859375,420818
2024-06-19,ELECON,654.2249755859375,657.5,635.0,651.2999877929688,334376
2024-06-20,ELECON,651.5,666.5750122070312,639.2999877929688,651.0,469360
2024-06-21,ELECON,656.2249755859375,660.9500122070312,646.3499755859375,654.1749877929688,645412
2024-06-24,ELECON,659.0499877929688,690.0,642.8499755859375,657.25,1496400
2024-06-25,ELECON,665.0,683.0,661.5250244140625,666.2999877929688,663184
2024-06-26,ELECON,667.2000122070312,674.4000244140625,662.0499877929688,666.7000122070312,484760
2024-06-27,ELECON,664.9749755859375,669.375,655.2000122070312,662.1500244140625,560218
2024-06-28,ELECON,656.4000244140625,668.7000122070312,655.0,661.0499877929688,297124
2024-06-03,ELECTCAST,174.39999389648438,174.39999389648438,161.14999389648438,165.85000610351562,3229948
2024-06-04,ELECTCAST,164.0,164.89999389648438,135.0,144.10000610351562,4086902
2024-06-05,ELECTCAST,148.9499969482422,157.5,139.0,156.60000610351562,1681690
2024-06-06,ELECTCAST,160.0,161.9499969482422,155.85000610351562,159.10000610351562,1229687
2024-06-07,ELECTCAST,160.6999969482422,165.0,158.5,164.25,1239156
2024-06-10,ELECTCAST,165.89999389648438,168.0,159.1199951171875,166.60000610351562,1235675
2024-06-11,ELECTCAST,168.0,171.41000366210938,166.14999389648438,167.60000610351562,1078223
2024-06-12,ELECTCAST,168.89999389648438,170.85000610351562,165.57000732421875,167.02999877929688,973869
2024-06-13,ELECTCAST,168.10000610351562,170.0,166.6999969482422,169.58999633789062,792139
2024-06-14,ELECTCAST,172.49000549316406,177.67999267578125,171.75999450683594,172.11000061035156,2340906
2024-06-18,ELECTCAST,173.5,175.75,169.75,170.2100067138672,1183084
2024-06-19,ELECTCAST,171.25,171.38999938964844,165.0,165.58999633789062,1080893
2024-06-20,ELECTCAST,165.9499969482422,178.89999389648438,165.00999450683594,177.5800018310547,3790616
2024-06-21,ELECTCAST,179.0,182.0,174.9499969482422,178.24000549316406,3032947
2024-06-24,ELECTCAST,178.0,184.0,176.50999450683594,180.0399932861328,1660822
2024-06-25,ELECTCAST,181.25,183.8000030517578,177.10000610351562,177.80999755859375,877582
2024-06-26,ELECTCAST,178.5500030517578,182.6000061035156,175.61000061035156,176.85000610351562,1089848
2024-06-27,ELECTCAST,176.5,181.0,172.86000061035156,173.94000244140625,1001367
2024-06-28,ELECTCAST,174.4199981689453,177.67999267578125,171.36000061035156,173.44000244140625,653618
2024-06-03,ELECTHERM,779.4000244140625,779.4000244140625,705.2000122070312,705.2000122070312,50930
2024-06-04,ELECTHERM,669.9500122070312,669.9500122070312,669.9500122070312,669.9500122070312,10104
2024-06-05,ELECTHERM,636.4500122070312,636.4500122070312,636.4500122070312,636.4500122070312,3357
2024-06-06,ELECTHERM,604.6500244140625,668.25,604.6500244140625,668.25,31352
2024-06-07,ELECTHERM,701.6500244140625,701.6500244140625,701.6500244140625,701.6500244140625,3564
2024-06-10,ELECTHERM,736.7000122070312,736.7000122070312,701.6500244140625,736.7000122070312,24978
2024-06-11,ELECTHERM,750.0,773.5,736.7000122070312,773.5,19946
2024-06-12,ELECTHERM,812.1500244140625,812.1500244140625,774.0,800.4000244140625,16761
2024-06-13,ELECTHERM,784.4000244140625,784.4000244140625,784.4000244140625,784.4000244140625,1731
2024-06-14,ELECTHERM,768.75,768.75,768.75,768.75,1920
2024-06-18,ELECTHERM,753.4000244140625,768.75,753.4000244140625,753.4000244140625,13208
2024-06-19,ELECTHERM,738.3499755859375,738.3499755859375,738.3499755859375,738.3499755859375,2735
2024-06-20,ELECTHERM,753.0999755859375,753.0999755859375,723.5999755859375,753.0999755859375,8901
2024-06-21,ELECTHERM,768.1500244140625,768.1500244140625,768.1500244140625,768.1500244140625,1925
2024-06-24,ELECTHERM,783.5,783.5,783.5,783.5,4942
2024-06-25,ELECTHERM,799.1500244140625,799.1500244140625,799.1500244140625,799.1500244140625,3994
2024-06-26,ELECTHERM,815.0999755859375,815.0999755859375,799.1500244140625,815.0999755859375,22909
2024-06-27,ELECTHERM,798.7999877929688,819.7000122070312,798.7999877929688,798.7999877929688,3661
2024-06-28,ELECTHERM,805.0,814.0,782.8499755859375,805.0,8409
2024-06-03,ELGIEQUIP,632.0,632.0,599.2999877929688,601.8499755859375,123351
2024-06-04,ELGIEQUIP,603.25,603.25,540.1500244140625,564.5999755859375,248880
2024-06-05,ELGIEQUIP,574.9500122070312,601.2000122070312,557.0999755859375,589.6500244140625,139987
2024-06-06,ELGIEQUIP,590.0,619.0,590.0,609.9000244140625,1654805
2024-06-07,ELGIEQUIP,609.9000244140625,612.0,596.0,599.5999755859375,417367
2024-06-10,ELGIEQUIP,604.0,612.9000244140625,599.2999877929688,609.0499877929688,144079
2024-06-11,ELGIEQUIP,611.0999755859375,615.25,607.3499755859375,609.75,228511
2024-06-12,ELGIEQUIP,612.5999755859375,617.7999877929688,602.9000244140625,604.25,242463
2024-06-13,ELGIEQUIP,605.0,663.0,605.0,657.8499755859375,1694119
2024-06-14,ELGIEQUIP,657.8499755859375,694.9000244140625,650.0,687.7000122070312,1627027
2024-06-18,ELGIEQUIP,699.0,699.0,677.2999877929688,696.5,711980
2024-06-19,ELGIEQUIP,698.4500122070312,705.0,685.0,701.0499877929688,366823
2024-06-20,ELGIEQUIP,701.0499877929688,750.0,697.5999755859375,743.8499755859375,1807481
2024-06-21,ELGIEQUIP,740.0,748.0,730.5,736.2999877929688,272210
2024-06-24,ELGIEQUIP,737.5,798.9500122070312,735.7999877929688,769.2000122070312,1689708
2024-06-25,ELGIEQUIP,764.4000244140625,767.7999877929688,737.9000244140625,743.2999877929688,207269
2024-06-26,ELGIEQUIP,745.0,749.1500244140625,722.0,724.9500122070312,200276
2024-06-27,ELGIEQUIP,725.8499755859375,732.0,707.0,716.1500244140625,135532
2024-06-28,ELGIEQUIP,716.8499755859375,738.0,712.0,718.4500122070312,161459
2024-06-03,ELGIRUBCO,72.30000305175781,72.30000305175781,65.44999694824219,69.1500015258789,276265
2024-06-04,ELGIRUBCO,68.0999984741211,68.75,65.69999694824219,65.69999694824219,62544
2024-06-05,ELGIRUBCO,62.45000076293945,68.94999694824219,62.45000076293945,68.6500015258789,79553
2024-06-06,ELGIRUBCO,69.30000305175781,72.05000305175781,68.8499984741211,72.05000305175781,86221
2024-06-07,ELGIRUBCO,74.80000305175781,75.6500015258789,71.0,75.6500015258789,154445
2024-06-10,ELGIRUBCO,76.98999786376953,79.43000030517578,76.0,79.27999877929688,165568
2024-06-11,ELGIRUBCO,81.87999725341797,83.0,77.0999984741211,80.3499984741211,232335
2024-06-12,ELGIRUBCO,80.4000015258789,83.9000015258789,78.30000305175781,82.0999984741211,302337
2024-06-13,ELGIRUBCO,80.44999694824219,81.44999694824219,80.44999694824219,80.44999694824219,16389
2024-06-14,ELGIRUBCO,78.83999633789062,79.0,78.83999633789062,78.83999633789062,25642
2024-06-18,ELGIRUBCO,77.26000213623047,77.26000213623047,77.26000213623047,77.26000213623047,39962
2024-06-19,ELGIRUBCO,75.70999908447266,76.98999786376953,75.70999908447266,75.70999908447266,28297
2024-06-20,ELGIRUBCO,74.19000244140625,74.19000244140625,74.19000244140625,74.19000244140625,51232
2024-06-21,ELGIRUBCO,73.5,73.55000305175781,72.69999694824219,73.5,22773
2024-06-24,ELGIRUBCO,72.44999694824219,73.0,72.44999694824219,72.44999694824219,13438
2024-06-25,ELGIRUBCO,73.80000305175781,73.8499984741211,71.5999984741211,73.80000305175781,16883
2024-06-26,ELGIRUBCO,72.31999969482422,73.80000305175781,72.31999969482422,72.31999969482422,4331
2024-06-27,ELGIRUBCO,72.5,72.5,72.0,72.5,51302
2024-06-28,ELGIRUBCO,73.94999694824219,73.94999694824219,73.94999694824219,73.94999694824219,18972
2024-06-03,ELIN,170.0,170.8000030517578,160.39999389648438,162.4499969482422,372111
2024-06-04,ELIN,158.0,158.85000610351562,145.14999389648438,151.10000610351562,337301
2024-06-05,ELIN,152.9499969482422,154.25,145.64999389648438,152.85000610351562,155496
2024-06-06,ELIN,152.9499969482422,158.89999389648438,152.85000610351562,155.5500030517578,102285
2024-06-07,ELIN,156.39999389648438,162.14999389648438,154.8000030517578,158.6999969482422,185266
2024-06-10,ELIN,161.0,167.9600067138672,159.07000732421875,165.8000030517578,230210
2024-06-11,ELIN,166.5,171.0,165.36000061035156,169.19000244140625,375187
2024-06-12,ELIN,169.1199951171875,172.0,165.39999389648438,167.47000122070312,199409
2024-06-13,ELIN,168.8000030517578,170.9499969482422,165.0,169.3000030517578,197387
2024-06-14,ELIN,169.5,186.0,169.5,181.4499969482422,1915278
2024-06-18,ELIN,185.1000061035156,189.0,183.0,185.02999877929688,1108484
2024-06-19,ELIN,185.3500061035156,186.3999938964844,177.8699951171875,180.4600067138672,405990
2024-06-20,ELIN,180.0,188.0,179.66000366210938,187.08999633789065,781598
2024-06-21,ELIN,188.3099975585937,216.5500030517578,188.0,208.32000732421875,5142497
2024-06-24,ELIN,210.0,221.8000030517578,210.0,212.5800018310547,2038172
2024-06-25,ELIN,213.6999969482422,215.0,199.0,202.8500061035156,622318
2024-06-26,ELIN,203.8999938964844,207.6000061035156,200.009994506836,202.5800018310547,353253
2024-06-27,ELIN,203.3999938964844,205.33999633789065,195.009994506836,197.4499969482422,327731
2024-06-28,ELIN,199.0,209.0,195.0,207.5500030517578,541804
2024-06-03,EMAMILTD,640.0,649.9000244140625,617.5499877929688,634.0999755859375,1939673
2024-06-04,EMAMILTD,630.0,663.5,603.9500122070312,628.3499755859375,2971089
2024-06-05,EMAMILTD,630.6500244140625,745.0,630.6500244140625,699.0,8431074
2024-06-06,EMAMILTD,700.1500244140625,711.2000122070312,676.2000122070312,707.5,2688323
2024-06-07,EMAMILTD,707.5,762.0,698.0999755859375,722.25,2789719
2024-06-10,EMAMILTD,721.0,739.75,698.0,732.25,625565
2024-06-11,EMAMILTD,730.0,754.9000244140625,702.2000122070312,715.75,739817
2024-06-12,EMAMILTD,713.9000244140625,719.7000122070312,702.0,716.5,301701
2024-06-13,EMAMILTD,718.8499755859375,723.9500122070312,699.0,706.4000244140625,372730
2024-06-14,EMAMILTD,715.0,719.9500122070312,702.75,710.0,242862
2024-06-18,EMAMILTD,712.0,748.7999877929688,710.25,740.7000122070312,844551
2024-06-19,EMAMILTD,748.9000244140625,749.0,714.0,719.1500244140625,531341
2024-06-20,EMAMILTD,723.0,732.75,697.5999755859375,708.4500122070312,439537
2024-06-21,EMAMILTD,704.7999877929688,721.2999877929688,696.0499877929688,701.0499877929688,818858
2024-06-24,EMAMILTD,704.3499755859375,732.5999755859375,703.0499877929688,720.6500244140625,750175
2024-06-25,EMAMILTD,720.6500244140625,726.9000244140625,700.0499877929688,711.3499755859375,395260
2024-06-26,EMAMILTD,717.8499755859375,725.0,700.5,704.8499755859375,478867
2024-06-27,EMAMILTD,712.0,716.4000244140625,681.0499877929688,686.8499755859375,594094
2024-06-28,EMAMILTD,694.9000244140625,711.4500122070312,683.4500122070312,689.2999877929688,462892
2024-06-03,EMAMIREAL,111.4000015258789,111.4000015258789,102.25,103.25,42467
2024-06-04,EMAMIREAL,103.5999984741211,104.9499969482422,92.9499969482422,94.4000015258789,126334
2024-06-05,EMAMIREAL,95.9499969482422,102.1999969482422,89.5,100.6500015258789,59956
2024-06-06,EMAMIREAL,102.8000030517578,103.6500015258789,100.0500030517578,101.75,39305
2024-06-07,EMAMIREAL,101.8499984741211,104.9499969482422,100.5999984741211,101.8499984741211,26646
2024-06-10,EMAMIREAL,101.8499984741211,104.9000015258789,101.0500030517578,101.7300033569336,43007
2024-06-11,EMAMIREAL,102.88999938964844,107.58000183105467,102.4499969482422,103.76000213623048,40510
2024-06-12,EMAMIREAL,103.76000213623048,106.0199966430664,103.0,103.87999725341795,27557
2024-06-13,EMAMIREAL,105.73999786376952,105.75,101.8000030517578,102.87000274658205,48704
2024-06-14,EMAMIREAL,103.0,109.98999786376952,103.0,107.06999969482422,86597
2024-06-18,EMAMIREAL,107.6999969482422,109.6500015258789,103.1500015258789,108.36000061035156,125725
2024-06-19,EMAMIREAL,110.0,112.0,106.72000122070312,110.36000061035156,124756
2024-06-20,EMAMIREAL,108.1999969482422,112.0,108.1999969482422,111.41999816894533,61382
2024-06-21,EMAMIREAL,110.1500015258789,113.5999984741211,108.0500030517578,109.02999877929688,56305
2024-06-24,EMAMIREAL,110.23999786376952,110.23999786376952,105.0,106.37999725341795,63342
2024-06-25,EMAMIREAL,108.9499969482422,113.88999938964844,102.1999969482422,103.4000015258789,131145
2024-06-26,EMAMIREAL,103.5,105.75,101.0500030517578,102.52999877929688,37620
2024-06-27,EMAMIREAL,103.0,106.5,103.0,105.2300033569336,74556
2024-06-28,EMAMIREAL,103.5,105.8499984741211,101.8499984741211,102.45999908447266,47803
2024-06-03,EMBDL,140.0,140.0,135.0500030517578,135.8000030517578,13057210
2024-06-04,EMBDL,136.0,136.0,109.0,116.8000030517578,28952000
2024-06-05,EMBDL,119.0,127.3499984741211,113.5999984741211,126.8000030517578,13192633
2024-06-06,EMBDL,127.75,133.35000610351562,127.5,130.75,9895545
2024-06-07,EMBDL,131.0,133.3000030517578,129.64999389648438,132.5500030517578,8419900
2024-06-10,EMBDL,133.25,135.0,133.00999450683594,134.07000732421875,8643896
2024-06-11,EMBDL,134.91000366210938,136.1999969482422,134.1999969482422,135.25,9492343
2024-06-12,EMBDL,135.9499969482422,137.6999969482422,134.60000610351562,136.38999938964844,8881168
2024-06-13,EMBDL,137.19000244140625,139.14999389648438,135.75,136.4600067138672,8393790
2024-06-14,EMBDL,137.0500030517578,140.5,134.4199981689453,138.82000732421875,14784058
2024-06-18,EMBDL,139.64999389648438,140.60000610351562,136.72000122070312,137.4199981689453,9385097
2024-06-19,EMBDL,138.0,138.10000610351562,133.5,136.9199981689453,9832078
2024-06-20,EMBDL,136.97000122070312,161.0,136.25999450683594,154.92999267578125,87811190
2024-06-21,EMBDL,156.6999969482422,162.9199981689453,154.2100067138672,156.41000366210938,31686544
2024-06-24,EMBDL,155.0,164.36000061035156,153.10000610351562,160.35000610351562,30243945
2024-06-25,EMBDL,160.50999450683594,161.02999877929688,152.1999969482422,153.9499969482422,15138775
2024-06-26,EMBDL,153.99000549316406,157.5,153.10000610351562,154.25999450683594,11192784
2024-06-27,EMBDL,153.66000366210938,153.99000549316406,143.22999572753906,144.57000732421875,26756893
2024-06-28,EMBDL,143.0,147.75,142.22000122070312,145.05999755859375,19361504
2024-06-03,EMIL,204.8000030517578,220.0,196.5,211.5500030517578,805940
2024-06-04,EMIL,206.0,209.8000030517578,190.3999938964844,200.6999969482422,511837
2024-06-05,EMIL,202.9499969482422,220.0,196.0,214.0,736698
2024-06-06,EMIL,215.0,219.0,212.25,213.25,305532
2024-06-07,EMIL,212.5,216.8500061035156,212.0500030517578,214.0500030517578,165736
2024-06-10,EMIL,212.0,220.0,210.1999969482422,219.009994506836,307956
2024-06-11,EMIL,221.1999969482422,240.9100036621093,221.1999969482422,233.1499938964844,1798209
2024-06-12,EMIL,236.8500061035156,250.0,234.1000061035156,242.75,1353342
2024-06-13,EMIL,245.0,247.8800048828125,236.8800048828125,239.44000244140625,643965
2024-06-14,EMIL,241.0,249.3500061035156,238.1600036621093,240.19000244140625,640796
2024-06-18,EMIL,246.97999572753903,248.0,235.0,239.22000122070312,455724
2024-06-19,EMIL,241.5,244.97999572753903,235.0,237.8999938964844,816211
2024-06-20,EMIL,237.75,244.3699951171875,235.47000122070312,237.4600067138672,355972
2024-06-21,EMIL,238.0,240.44000244140625,221.02999877929688,230.9199981689453,438192
2024-06-24,EMIL,228.009994506836,234.9499969482422,224.6000061035156,226.08999633789065,243969
2024-06-25,EMIL,227.92999267578125,232.0,223.1499938964844,225.3000030517578,230286
2024-06-26,EMIL,225.8000030517578,245.0,225.13999938964844,239.58999633789065,557000
2024-06-27,EMIL,242.77999877929688,245.0,228.0,230.0599975585937,499329
2024-06-28,EMIL,231.88999938964844,235.0,227.5,229.4100036621093,433047
2024-06-03,EMKAY,164.9499969482422,166.9499969482422,154.3000030517578,158.0500030517578,62861
2024-06-04,EMKAY,157.0,158.0,142.25,142.85000610351562,58898
2024-06-05,EMKAY,145.35000610351562,157.10000610351562,142.35000610351562,157.10000610351562,55566
2024-06-06,EMKAY,164.8000030517578,164.8000030517578,153.0500030517578,155.5500030517578,80145
2024-06-07,EMKAY,157.89999389648438,163.5,156.0500030517578,159.75,58541
2024-06-10,EMKAY,162.0,191.6999969482422,159.22000122070312,187.5500030517578,701863
2024-06-11,EMKAY,196.8500061035156,197.8099975585937,184.8999938964844,187.42999267578125,927061
2024-06-12,EMKAY,185.25,187.8000030517578,173.61000061035156,175.49000549316406,240731
2024-06-13,EMKAY,176.64999389648438,195.4499969482422,171.0,192.3099975585937,327669
2024-06-14,EMKAY,193.0,193.0,182.69000244140625,182.69000244140625,50922
2024-06-18,EMKAY,182.69000244140625,184.7400054931641,175.0,177.77999877929688,25549
2024-06-19,EMKAY,175.33999633789062,181.6999969482422,173.2100067138672,174.97000122070312,26621
2024-06-20,EMKAY,174.97000122070312,182.0,172.0500030517578,174.66000366210938,22456
2024-06-21,EMKAY,175.0,176.8000030517578,170.0500030517578,174.3800048828125,29183
2024-06-24,EMKAY,176.75,176.75,168.25,171.4199981689453,48643
2024-06-25,EMKAY,170.8000030517578,172.8000030517578,165.0,168.0,23077
2024-06-26,EMKAY,169.39999389648438,169.39999389648438,165.0,165.69000244140625,28395
2024-06-27,EMKAY,167.3800048828125,168.5,160.25,163.3800048828125,28995
2024-06-28,EMKAY,161.3000030517578,165.88999938964844,161.3000030517578,162.3000030517578,63989
2024-06-03,EMMBI,104.9000015258789,104.9000015258789,98.3499984741211,99.8499984741211,65804
2024-06-04,EMMBI,99.8499984741211,99.8499984741211,93.6500015258789,96.1500015258789,85944
2024-06-05,EMMBI,96.0,99.0,96.0,98.6999969482422,52846
2024-06-06,EMMBI,99.0500030517578,100.5999984741211,98.0,98.8000030517578,49270
2024-06-07,EMMBI,99.0,103.75,99.0,101.0,65967
2024-06-10,EMMBI,101.9000015258789,104.0,101.43000030517578,101.9499969482422,34237
2024-06-11,EMMBI,102.41000366210938,103.5999984741211,101.01000213623048,101.8000030517578,25943
2024-06-12,EMMBI,102.0,104.51000213623048,102.0,104.01000213623048,32983
2024-06-13,EMMBI,104.20999908447266,106.08999633789062,103.04000091552734,105.16000366210938,91757
2024-06-14,EMMBI,106.0,106.0,103.5,103.9000015258789,30155
2024-06-18,EMMBI,103.9000015258789,105.87999725341795,102.72000122070312,103.72000122070312,36546
2024-06-19,EMMBI,104.19000244140624,104.63999938964844,102.1999969482422,102.6500015258789,31935
2024-06-20,EMMBI,103.5,111.4499969482422,103.0,110.4499969482422,186630
2024-06-21,EMMBI,111.9000015258789,114.0,108.7699966430664,111.91000366210938,140576
2024-06-24,EMMBI,111.98999786376952,111.98999786376952,107.0,107.6999969482422,64868
2024-06-25,EMMBI,108.87999725341795,113.8499984741211,108.01000213623048,112.0500030517578,161115
2024-06-26,EMMBI,115.69000244140624,116.8000030517578,110.9000015258789,115.1500015258789,253514
2024-06-27,EMMBI,113.5999984741211,117.1500015258789,111.1999969482422,111.76000213623048,122940
2024-06-28,EMMBI,113.4000015258789,113.4000015258789,107.5999984741211,110.0999984741211,103498
2024-06-03,EMSLIMITED,504.0,504.0,483.6499938964844,490.2999877929688,359556
2024-06-04,EMSLIMITED,487.0,489.0,392.25,419.7999877929688,959839
2024-06-05,EMSLIMITED,426.0,474.3999938964844,415.4500122070313,464.75,429471
2024-06-06,EMSLIMITED,469.0499877929688,481.75,465.0,472.6499938964844,316496
2024-06-07,EMSLIMITED,476.0,493.5499877929688,473.0,491.2000122070313,621114
2024-06-10,EMSLIMITED,492.3999938964844,535.2000122070312,492.3999938964844,531.7999877929688,988764
2024-06-11,EMSLIMITED,538.7000122070312,545.7000122070312,529.1500244140625,543.7000122070312,457348
2024-06-12,EMSLIMITED,546.0,548.9000244140625,527.0,530.4500122070312,384692
2024-06-13,EMSLIMITED,529.8499755859375,534.3499755859375,521.0,528.9500122070312,188066
2024-06-14,EMSLIMITED,528.9500122070312,545.0499877929688,527.4500122070312,536.75,377162
2024-06-18,EMSLIMITED,543.4500122070312,544.0,513.0999755859375,517.0,421246
2024-06-19,EMSLIMITED,520.0,572.0,507.3999938964844,558.9500122070312,1599075
2024-06-20,EMSLIMITED,564.5999755859375,568.9000244140625,549.8499755859375,555.9000244140625,494997
2024-06-21,EMSLIMITED,560.0499877929688,560.9000244140625,545.3499755859375,556.5,276614
2024-06-24,EMSLIMITED,556.5,589.3499755859375,546.0,579.0999755859375,1006268
2024-06-25,EMSLIMITED,585.0,605.9500122070312,581.1500244140625,590.0999755859375,1199387
2024-06-26,EMSLIMITED,600.0,653.5,586.0999755859375,641.25,3151501
2024-06-27,EMSLIMITED,656.0999755859375,675.0,630.0,640.2999877929688,1630297
2024-06-28,EMSLIMITED,650.0,651.9500122070312,635.0,642.9500122070312,586372
2024-06-03,EMUDHRA,779.8499755859375,782.5999755859375,748.0,773.9000244140625,152541
2024-06-04,EMUDHRA,766.9000244140625,767.25,673.8499755859375,750.75,265928
2024-06-05,EMUDHRA,750.0,774.7999877929688,714.0,765.2000122070312,134768
2024-06-06,EMUDHRA,768.7999877929688,804.9000244140625,767.25,796.4500122070312,220540
2024-06-07,EMUDHRA,810.0,815.0,775.0499877929688,781.0499877929688,230450
2024-06-10,EMUDHRA,787.0,799.9500122070312,778.1500244140625,792.75,92548
2024-06-11,EMUDHRA,809.9500122070312,898.0,795.0499877929688,859.25,1439330
2024-06-12,EMUDHRA,864.8499755859375,892.7000122070312,856.0499877929688,884.6500244140625,522597
2024-06-13,EMUDHRA,881.5499877929688,885.0,851.5,857.7000122070312,193341
2024-06-14,EMUDHRA,861.9500122070312,883.2999877929688,855.4000244140625,866.4000244140625,160535
2024-06-18,EMUDHRA,878.7999877929688,913.75,867.0,882.1500244140625,458055
2024-06-19,EMUDHRA,884.6500244140625,884.6500244140625,834.8499755859375,852.4000244140625,240906
2024-06-20,EMUDHRA,856.7999877929688,880.0,842.0499877929688,874.2000122070312,123336
2024-06-21,EMUDHRA,880.0,901.0,842.2000122070312,855.9500122070312,189357
2024-06-24,EMUDHRA,870.9500122070312,872.5499877929688,853.0,855.5499877929688,76166
2024-06-25,EMUDHRA,868.0,915.9000244140624,855.0,888.5999755859375,482917
2024-06-26,EMUDHRA,895.7999877929688,895.7999877929688,865.0499877929688,871.2000122070312,119208
2024-06-27,EMUDHRA,878.9000244140625,890.0,851.9500122070312,866.25,137397
2024-06-28,EMUDHRA,866.2999877929688,874.9000244140625,854.9500122070312,856.4500122070312,73097
2024-06-03,ENDURANCE,2294.64990234375,2310.0,2217.85009765625,2238.25,369457
2024-06-04,ENDURANCE,2234.0,2234.0,2066.949951171875,2202.64990234375,148948
2024-06-05,ENDURANCE,2244.0,2476.699951171875,2190.0,2364.89990234375,331970
2024-06-06,ENDURANCE,2382.5,2499.0,2347.050048828125,2419.199951171875,455501
2024-06-07,ENDURANCE,2419.199951171875,2464.64990234375,2410.10009765625,2420.449951171875,311950
2024-06-10,ENDURANCE,2439.89990234375,2486.35009765625,2415.5,2447.64990234375,314609
2024-06-11,ENDURANCE,2445.5,2520.0,2440.0,2472.550048828125,167376
2024-06-12,ENDURANCE,2479.949951171875,2513.0,2440.14990234375,2502.10009765625,153940
2024-06-13,ENDURANCE,2520.300048828125,2585.0,2500.050048828125,2551.10009765625,89463
2024-06-14,ENDURANCE,2578.39990234375,3061.300048828125,2555.0,2694.10009765625,987066
2024-06-18,ENDURANCE,2696.050048828125,2762.60009765625,2696.050048828125,2729.60009765625,217751
2024-06-19,ENDURANCE,2738.60009765625,2752.39990234375,2575.0,2593.60009765625,172872
2024-06-20,ENDURANCE,2612.10009765625,2766.39990234375,2605.550048828125,2698.5,358467
2024-06-21,ENDURANCE,2760.0,2770.949951171875,2641.85009765625,2664.300048828125,183556
2024-06-24,ENDURANCE,2654.25,2718.0,2625.949951171875,2667.300048828125,68798
2024-06-25,ENDURANCE,2681.300048828125,2759.10009765625,2654.550048828125,2664.89990234375,138085
2024-06-26,ENDURANCE,2689.25,2720.0,2610.050048828125,2641.60009765625,94443
2024-06-27,ENDURANCE,2666.550048828125,2738.0,2621.550048828125,2647.5,181959
2024-06-28,ENDURANCE,2651.050048828125,2725.0,2651.050048828125,2678.14990234375,95189
2024-06-03,ENERGYDEV,21.950000762939453,22.350000381469727,21.549999237060547,22.350000381469727,150124
2024-06-04,ENERGYDEV,22.700000762939453,22.700000762939453,21.25,21.25,164155
2024-06-05,ENERGYDEV,21.049999237060547,21.950000762939453,20.299999237060547,20.950000762939453,124269
2024-06-06,ENERGYDEV,21.75,21.950000762939453,21.299999237060547,21.600000381469727,77080
2024-06-07,ENERGYDEV,22.39999961853028,22.64999961853028,22.0,22.600000381469727,109886
2024-06-10,ENERGYDEV,22.89999961853028,22.940000534057617,22.0,22.1299991607666,117822
2024-06-11,ENERGYDEV,22.450000762939453,22.489999771118164,22.0,22.26000022888184,69112
2024-06-12,ENERGYDEV,22.299999237060547,23.3700008392334,22.299999237060547,23.3700008392334,190365
2024-06-13,ENERGYDEV,23.5,23.739999771118164,22.799999237060547,22.950000762939453,117115
2024-06-14,ENERGYDEV,23.350000381469727,23.350000381469727,22.5,22.76000022888184,107252
2024-06-18,ENERGYDEV,22.850000381469727,22.940000534057617,22.51000022888184,22.6200008392334,81504
2024-06-19,ENERGYDEV,22.6200008392334,22.90999984741211,22.209999084472656,22.559999465942383,117560
2024-06-20,ENERGYDEV,22.540000915527344,23.549999237060547,22.39999961853028,22.780000686645508,116475
2024-06-21,ENERGYDEV,22.600000381469727,23.0,22.31999969482422,22.8700008392334,90624
2024-06-24,ENERGYDEV,23.290000915527344,23.290000915527344,22.709999084472656,23.040000915527344,138301
2024-06-25,ENERGYDEV,23.440000534057617,23.440000534057617,22.89999961853028,22.96999931335449,77908
2024-06-26,ENERGYDEV,23.0,23.450000762939453,22.51000022888184,22.670000076293945,84064
2024-06-27,ENERGYDEV,22.989999771118164,23.190000534057617,22.56999969482422,22.86000061035156,70259
2024-06-28,ENERGYDEV,23.25,23.88999938964844,22.93000030517578,23.65999984741211,261469
2024-06-03,ENGINERSIN,263.25,272.1499938964844,256.20001220703125,268.8999938964844,15177765
2024-06-04,ENGINERSIN,268.0,272.0,215.1499938964844,222.3500061035156,18831647
2024-06-05,ENGINERSIN,222.0,229.3500061035156,190.1999969482422,216.8000030517578,27093204
2024-06-06,ENGINERSIN,219.8999938964844,238.4499969482422,219.1999969482422,228.75,16936578
2024-06-07,ENGINERSIN,230.0,234.1999969482422,226.1499938964844,232.3999938964844,7542409
2024-06-10,ENGINERSIN,234.3500061035156,236.9499969482422,228.1999969482422,230.22999572753903,5255004
2024-06-11,ENGINERSIN,232.25,253.6999969482422,231.25,246.7700042724609,20554612
2024-06-12,ENGINERSIN,247.8000030517578,258.2900085449219,245.6100006103516,255.9499969482422,15558157
2024-06-13,ENGINERSIN,257.0,260.0,250.1000061035156,253.8099975585937,7139453
2024-06-14,ENGINERSIN,254.3000030517578,267.70001220703125,250.7100067138672,265.70001220703125,13054706
2024-06-18,ENGINERSIN,265.70001220703125,274.7900085449219,261.3099975585937,270.9200134277344,12838669
2024-06-19,ENGINERSIN,272.3699951171875,272.7900085449219,260.0,264.19000244140625,7194433
2024-06-20,ENGINERSIN,263.0,268.5,256.29998779296875,257.67999267578125,8558551
2024-06-21,ENGINERSIN,258.79998779296875,264.1300048828125,255.1000061035156,256.8500061035156,5596945
2024-06-24,ENGINERSIN,254.8000030517578,258.0,245.6999969482422,247.58999633789065,7436876
2024-06-25,ENGINERSIN,250.3999938964844,258.25,249.52999877929688,252.77999877929688,5365816
2024-06-26,ENGINERSIN,252.47999572753903,253.3099975585937,247.1100006103516,247.8000030517578,4192181
2024-06-27,ENGINERSIN,248.0,253.1000061035156,245.1000061035156,251.9199981689453,5995722
2024-06-28,ENGINERSIN,252.9499969482422,255.27999877929688,249.3500061035156,250.83999633789065,3358645
2024-06-03,ENIL,231.0,231.0,216.8999938964844,218.1499938964844,49815
2024-06-04,ENIL,218.0,218.0,197.9499969482422,206.8999938964844,98688
2024-06-05,ENIL,207.0,213.0,198.5,210.1000061035156,84249
2024-06-06,ENIL,211.9499969482422,224.5,211.1000061035156,216.4499969482422,80823
2024-06-07,ENIL,217.25,226.0,214.0,223.6999969482422,64190
2024-06-10,ENIL,224.9499969482422,227.1699981689453,217.8500061035156,218.8999938964844,65280
2024-06-11,ENIL,218.1000061035156,229.5,218.1000061035156,224.58999633789065,115932
2024-06-12,ENIL,225.3999938964844,234.7899932861328,224.6999969482422,225.8500061035156,140666
2024-06-13,ENIL,228.0500030517578,229.9499969482422,220.0,221.1000061035156,106993
2024-06-14,ENIL,219.3500061035156,235.0,219.3500061035156,230.6600036621093,153969
2024-06-18,ENIL,229.0,232.92999267578125,224.9199981689453,225.75,65799
2024-06-19,ENIL,226.1000061035156,227.9499969482422,217.509994506836,223.6100006103516,66284
2024-06-20,ENIL,225.8500061035156,226.97999572753903,222.72000122070312,225.67999267578125,33177
2024-06-21,ENIL,225.6999969482422,243.0,225.1100006103516,239.97999572753903,305534
2024-06-24,ENIL,240.0,273.3800048828125,240.0,255.58999633789065,1246898
2024-06-25,ENIL,253.4499969482422,253.5,241.94000244140625,242.9100036621093,156781
2024-06-26,ENIL,244.4499969482422,251.8800048828125,241.8000030517578,245.42999267578125,115698
2024-06-27,ENIL,245.3500061035156,245.3500061035156,236.0200042724609,238.0399932861328,75033
2024-06-28,ENIL,238.5,251.7899932861328,238.5,243.5500030517578,106187
2024-06-03,ENTERO,1035.0999755859375,1043.949951171875,1017.0,1029.449951171875,35960
2024-06-04,ENTERO,1016.0,1033.550048828125,991.0999755859376,1028.300048828125,105753
2024-06-05,ENTERO,1037.0,1037.0,999.0,1031.699951171875,30921
2024-06-06,ENTERO,1031.699951171875,1044.949951171875,1023.3499755859376,1040.0,25598
2024-06-07,ENTERO,1038.949951171875,1044.75,1030.5,1035.5,22352
2024-06-10,ENTERO,1064.0,1064.0,1040.0,1044.9000244140625,50306
2024-06-11,ENTERO,1044.3499755859375,1045.5,1017.5499877929688,1024.3499755859375,41957
2024-06-12,ENTERO,1023.6500244140624,1035.0,1009.0,1018.8499755859376,104570
2024-06-13,ENTERO,1022.9500122070312,1027.5,1010.0499877929688,1021.5499877929688,39986
2024-06-14,ENTERO,1025.5,1040.0,1021.5499877929688,1027.5999755859375,38800
2024-06-18,ENTERO,1027.5999755859375,1053.8499755859375,1024.5,1047.5999755859375,270426
2024-06-19,ENTERO,1068.949951171875,1069.0,1045.550048828125,1053.800048828125,82149
2024-06-20,ENTERO,1050.0,1062.0,1045.0,1056.8499755859375,29881
2024-06-21,ENTERO,1055.0,1060.0,1031.050048828125,1040.5,74072
2024-06-24,ENTERO,1041.0,1060.0,1039.050048828125,1057.0999755859375,19648
2024-06-25,ENTERO,1057.0999755859375,1074.5999755859375,1055.0,1057.0,24090
2024-06-26,ENTERO,1080.0,1081.0,1056.0,1062.699951171875,79771
2024-06-27,ENTERO,1062.0,1065.0,1051.0,1054.25,61866
2024-06-28,ENTERO,1054.949951171875,1058.949951171875,1031.5999755859375,1040.199951171875,25240
2024-06-03,EPACK,183.0,183.0,175.25,180.5,683696
2024-06-04,EPACK,179.64999389648438,179.64999389648438,157.89999389648438,166.64999389648438,766761
2024-06-05,EPACK,167.8000030517578,172.3000030517578,161.5500030517578,170.10000610351562,559042
2024-06-06,EPACK,172.25,179.10000610351562,171.75,174.1999969482422,314245
2024-06-07,EPACK,175.1999969482422,178.0,174.5,176.5,333007
2024-06-10,EPACK,178.0,201.1600036621093,176.35000610351562,196.6999969482422,2733447
2024-06-11,EPACK,199.75,210.8000030517578,197.6999969482422,206.08999633789065,3608483
2024-06-12,EPACK,207.0,220.5,207.0,216.2400054931641,5578097
2024-06-13,EPACK,218.88999938964844,219.75,213.0200042724609,214.1100006103516,1530141
2024-06-14,EPACK,215.8000030517578,218.6999969482422,211.25,212.1199951171875,737986
2024-06-18,EPACK,214.1499938964844,228.0,213.0200042724609,223.77999877929688,3457100
2024-06-19,EPACK,225.3999938964844,238.6000061035156,219.2700042724609,233.8099975585937,4517845
2024-06-20,EPACK,235.0,237.8999938964844,227.1000061035156,228.72999572753903,1853467
2024-06-21,EPACK,229.6999969482422,235.5500030517578,223.6499938964844,225.57000732421875,1629843
2024-06-24,EPACK,226.44000244140625,234.5,224.4100036621093,229.4199981689453,1299817
2024-06-25,EPACK,230.9900054931641,232.8999938964844,228.0,228.4900054931641,837843
2024-06-26,EPACK,229.8999938964844,255.3099975585937,228.6300048828125,243.0800018310547,7620776
2024-06-27,EPACK,244.0,253.5,237.5,242.2400054931641,2496006
2024-06-28,EPACK,244.0,250.0,241.509994506836,243.7400054931641,1354964
2024-06-03,EPIGRAL,1249.9000244140625,1249.9000244140625,1201.0,1210.199951171875,52847
2024-06-04,EPIGRAL,1215.0,1219.949951171875,1110.050048828125,1152.0,90415
2024-06-05,EPIGRAL,1165.0,1204.8499755859375,1119.0999755859375,1195.0,61778
2024-06-06,EPIGRAL,1215.0,1290.0,1205.0,1270.300048828125,84072
2024-06-07,EPIGRAL,1270.300048828125,1345.0,1267.050048828125,1338.449951171875,120214
2024-06-10,EPIGRAL,1339.0,1368.949951171875,1308.0999755859375,1329.1500244140625,78915
2024-06-11,EPIGRAL,1329.1500244140625,1339.0,1316.9000244140625,1322.550048828125,37818
2024-06-12,EPIGRAL,1314.699951171875,1340.449951171875,1300.050048828125,1305.9000244140625,45562
2024-06-13,EPIGRAL,1300.0,1390.0,1299.949951171875,1379.8499755859375,170873
2024-06-14,EPIGRAL,1382.800048828125,1382.800048828125,1329.0999755859375,1335.1500244140625,98029
2024-06-18,EPIGRAL,1337.4000244140625,1362.6500244140625,1312.050048828125,1348.449951171875,71009
2024-06-19,EPIGRAL,1345.800048828125,1365.0,1312.75,1331.3499755859375,57874
2024-06-20,EPIGRAL,1335.699951171875,1431.0,1334.300048828125,1409.0,274730
2024-06-21,EPIGRAL,1410.050048828125,1436.0,1373.1500244140625,1385.6500244140625,82240
2024-06-24,EPIGRAL,1385.6500244140625,1399.449951171875,1350.0,1353.5,64409
2024-06-25,EPIGRAL,1373.75,1398.050048828125,1345.0,1354.1500244140625,46024
2024-06-26,EPIGRAL,1354.5,1390.0,1342.25,1350.0,54735
2024-06-27,EPIGRAL,1351.5,1359.949951171875,1301.8499755859375,1314.25,77069
2024-06-28,EPIGRAL,1317.949951171875,1347.300048828125,1317.9000244140625,1324.8499755859375,32280
2024-06-03,EPL,186.8999938964844,186.8999938964844,181.3000030517578,182.0,1306365
2024-06-04,EPL,183.6999969482422,183.6999969482422,171.0,174.39999389648438,714060
2024-06-05,EPL,177.39999389648438,181.8999938964844,169.60000610351562,179.0,696971
2024-06-06,EPL,182.0,183.8999938964844,178.8000030517578,180.3500061035156,1027673
2024-06-07,EPL,180.75,183.75,179.5500030517578,182.1000061035156,565604
2024-06-10,EPL,183.1499938964844,189.1000061035156,182.3099975585937,188.27999877929688,867585
2024-06-11,EPL,190.0,192.25,185.0,190.3099975585937,1267730
2024-06-12,EPL,191.259994506836,197.25,191.0,194.92999267578125,1334777
2024-06-13,EPL,196.0,196.6699981689453,192.25,192.9900054931641,716139
2024-06-14,EPL,193.4499969482422,197.0,192.2700042724609,195.6600036621093,596031
2024-06-18,EPL,198.0,198.88999938964844,192.6499938964844,194.1100006103516,1093569
2024-06-19,EPL,195.0,195.88999938964844,192.5,192.83999633789065,548410
2024-06-20,EPL,192.8500061035156,194.5,191.42999267578125,192.0500030517578,727023
2024-06-21,EPL,192.75,202.1999969482422,191.7700042724609,194.07000732421875,2430116
2024-06-24,EPL,194.759994506836,198.9499969482422,191.0,191.8000030517578,1303388
2024-06-25,EPL,196.19000244140625,197.0,192.8000030517578,193.47000122070312,589403
2024-06-26,EPL,194.4600067138672,195.0,192.6000061035156,193.97999572753903,388785
2024-06-27,EPL,193.8999938964844,204.25,193.009994506836,199.2700042724609,4481168
2024-06-28,EPL,200.1000061035156,202.88999938964844,197.19000244140625,198.0500030517578,1305888
2024-06-03,EQUIPPP,26.0,28.100000381469727,26.0,27.049999237060547,17220
2024-06-04,EQUIPPP,26.549999237060547,27.39999961853028,25.700000762939453,25.700000762939453,28498
2024-06-05,EQUIPPP,26.39999961853028,26.39999961853028,24.850000381469727,25.299999237060547,23691
2024-06-06,EQUIPPP,26.0,26.0,25.0,25.549999237060547,40328
2024-06-07,EQUIPPP,25.549999237060547,26.39999961853028,25.100000381469727,26.299999237060547,7844
2024-06-10,EQUIPPP,27.14999961853028,27.25,26.299999237060547,26.850000381469727,2865
2024-06-11,EQUIPPP,27.200000762939453,27.200000762939453,26.76000022888184,26.76000022888184,7003
2024-06-12,EQUIPPP,26.76000022888184,27.200000762939453,25.809999465942383,27.200000762939453,5779
2024-06-13,EQUIPPP,26.600000381469727,27.100000381469727,26.31999969482422,26.600000381469727,9867
2024-06-14,EQUIPPP,26.989999771118164,26.989999771118164,26.0,26.63999938964844,10488
2024-06-18,EQUIPPP,27.0,27.0,26.0,26.25,7849
2024-06-19,EQUIPPP,26.700000762939453,26.71999931335449,25.75,26.049999237060547,24961
2024-06-20,EQUIPPP,26.049999237060547,26.5,25.01000022888184,25.96999931335449,24101
2024-06-21,EQUIPPP,26.0,26.799999237060547,25.5,26.059999465942383,14694
2024-06-24,EQUIPPP,26.739999771118164,26.799999237060547,25.6200008392334,26.1200008392334,12243
2024-06-25,EQUIPPP,26.0,26.5,25.799999237060547,26.190000534057617,18659
2024-06-26,EQUIPPP,26.01000022888184,27.0,25.81999969482422,26.68000030517578,29083
2024-06-27,EQUIPPP,27.540000915527344,27.540000915527344,25.61000061035156,26.13999938964844,13901
2024-06-28,EQUIPPP,26.39999961853028,26.39999961853028,24.82999992370605,25.280000686645508,8643
2024-06-03,EQUITASBNK,96.8000030517578,96.8000030517578,94.0999984741211,95.75,2966643
2024-06-04,EQUITASBNK,96.5,96.5,89.0,90.9499969482422,5188614
2024-06-05,EQUITASBNK,92.5,96.4499969482422,89.5,93.1500015258789,4751341
2024-06-06,EQUITASBNK,94.0,97.4499969482422,94.0,96.6999969482422,3104297
2024-06-07,EQUITASBNK,97.0500030517578,97.6500015258789,93.6500015258789,97.25,4949520
2024-06-10,EQUITASBNK,98.0,98.4000015258789,96.58999633789062,97.27999877929688,3542190
2024-06-11,EQUITASBNK,97.27999877929688,99.4000015258789,96.72000122070312,98.19000244140624,3740686
2024-06-12,EQUITASBNK,98.19000244140624,98.5999984741211,97.05999755859376,97.43000030517578,2344939
2024-06-13,EQUITASBNK,97.9499969482422,100.4499969482422,97.94000244140624,100.20999908447266,5152165
2024-06-14,EQUITASBNK,101.0,102.73999786376952,100.4499969482422,101.79000091552734,6926191
2024-06-18,EQUITASBNK,102.3499984741211,102.9000015258789,101.5,102.41999816894533,3178543
2024-06-19,EQUITASBNK,102.41999816894533,105.9499969482422,100.3499984741211,105.08000183105467,12498837
2024-06-20,EQUITASBNK,106.0,107.8000030517578,104.12999725341795,107.29000091552734,11680565
2024-06-21,EQUITASBNK,107.27999877929688,107.27999877929688,103.0999984741211,104.54000091552734,4584614
2024-06-24,EQUITASBNK,103.6999969482422,104.83000183105467,101.5199966430664,102.47000122070312,3017670
2024-06-25,EQUITASBNK,103.0,105.25,102.0500030517578,103.62000274658205,3732545
2024-06-26,EQUITASBNK,104.5,105.4499969482422,103.01000213623048,103.33999633789062,2719184
2024-06-27,EQUITASBNK,103.3000030517578,103.38999938964844,97.9499969482422,98.27999877929688,7659772
2024-06-28,EQUITASBNK,98.3499984741211,100.4000015258789,96.75,97.16000366210938,4276295
2024-06-03,ERIS,926.0,926.0,901.5,914.75,66221
2024-06-04,ERIS,914.75,925.0,815.8499755859375,910.4500122070312,161244
2024-06-05,ERIS,896.7999877929688,950.0,885.2999877929688,917.3499755859376,208042
2024-06-06,ERIS,932.7000122070312,992.25,920.0,977.8499755859376,768455
2024-06-07,ERIS,990.0,1008.0,977.0,994.4500122070312,604562
2024-06-10,ERIS,1015.0,1053.9000244140625,998.5,1015.8499755859376,505556
2024-06-11,ERIS,1027.8499755859375,1040.0,997.0,1005.1500244140624,338387
2024-06-12,ERIS,1013.9500122070312,1027.550048828125,1008.0499877929688,1014.75,74964
2024-06-13,ERIS,1014.75,1030.0,1004.75,1023.25,54371
2024-06-14,ERIS,1030.300048828125,1030.9000244140625,1001.0,1008.7999877929688,103201
2024-06-18,ERIS,1009.0,1050.0,1009.0,1048.449951171875,220587
2024-06-19,ERIS,1050.0,1066.300048828125,1033.5,1042.800048828125,231038
2024-06-20,ERIS,1044.6500244140625,1046.550048828125,1030.0,1031.800048828125,35927
2024-06-21,ERIS,1031.800048828125,1050.699951171875,1031.800048828125,1042.9000244140625,51485
2024-06-24,ERIS,1042.9000244140625,1066.9000244140625,1035.0,1040.199951171875,136742
2024-06-25,ERIS,1040.300048828125,1045.4000244140625,1010.9500122070312,1014.75,60181
2024-06-26,ERIS,1019.2999877929688,1055.0,1003.9000244140624,1043.0999755859375,136297
2024-06-27,ERIS,1047.9000244140625,1059.949951171875,1013.1500244140624,1030.449951171875,114221
2024-06-28,ERIS,1035.6500244140625,1049.3499755859375,1015.6500244140624,1023.4500122070312,55740
2024-06-03,ESABINDIA,5649.0,5890.0,5425.5498046875,5821.60009765625,18951
2024-06-04,ESABINDIA,5825.0,6006.60009765625,5430.0,5738.35009765625,27580
2024-06-05,ESABINDIA,5688.35009765625,5738.0,5442.35009765625,5585.64990234375,10814
2024-06-06,ESABINDIA,5607.9501953125,5788.7001953125,5602.39990234375,5673.64990234375,4875
2024-06-07,ESABINDIA,5673.7001953125,5782.10009765625,5621.0498046875,5640.0498046875,4942
2024-06-10,ESABINDIA,5650.0,5890.0,5645.0,5792.89990234375,5716
2024-06-11,ESABINDIA,5879.9501953125,5950.0,5801.0,5826.2998046875,7418
2024-06-12,ESABINDIA,5913.7001953125,5918.0,5712.35009765625,5780.14990234375,5491
2024-06-13,ESABINDIA,5803.25,5883.9501953125,5674.39990234375,5696.64990234375,8637
2024-06-14,ESABINDIA,5714.0,5930.89990234375,5704.85009765625,5915.0498046875,17460
2024-06-18,ESABINDIA,5934.7998046875,6300.0,5920.10009765625,6245.2998046875,33710
2024-06-19,ESABINDIA,6299.4501953125,6299.4501953125,6037.14990234375,6094.5498046875,11678
2024-06-20,ESABINDIA,6105.25,6235.7998046875,5981.4501953125,6166.7001953125,11862
2024-06-21,ESABINDIA,6294.0,6294.0,6056.7001953125,6115.2998046875,4979
2024-06-24,ESABINDIA,6190.0,6190.0,6063.5,6096.39990234375,2582
2024-06-25,ESABINDIA,6110.7001953125,6167.0,6035.0,6047.2998046875,3487
2024-06-26,ESABINDIA,6071.39990234375,6210.0,5970.25,6179.2998046875,8261
2024-06-27,ESABINDIA,6204.0,6650.0,6100.7001953125,6164.39990234375,37769
2024-06-28,ESABINDIA,6230.89990234375,6350.0,6011.9501953125,6075.39990234375,10021
2024-06-03,ESAFSFB,54.29999923706055,54.5,53.45000076293945,53.75,807770
2024-06-04,ESAFSFB,54.0,54.0,49.0,51.900001525878906,1736174
2024-06-05,ESAFSFB,52.79999923706055,52.95000076293945,51.0,52.59999847412109,617496
2024-06-06,ESAFSFB,52.84999847412109,53.0,52.650001525878906,52.95000076293945,691183
2024-06-07,ESAFSFB,52.84999847412109,53.400001525878906,52.84999847412109,52.95000076293945,1007158
2024-06-10,ESAFSFB,53.2599983215332,53.66999816894531,52.79999923706055,52.9900016784668,949882
2024-06-11,ESAFSFB,53.400001525878906,53.400001525878906,52.65999984741211,52.88999938964844,928201
2024-06-12,ESAFSFB,53.0,53.09000015258789,52.709999084472656,52.9900016784668,676306
2024-06-13,ESAFSFB,53.0,53.33000183105469,52.86000061035156,53.0,974029
2024-06-14,ESAFSFB,53.45000076293945,53.95000076293945,53.0,53.540000915527344,1346455
2024-06-18,ESAFSFB,54.34999847412109,55.150001525878906,53.2599983215332,53.540000915527344,2644213
2024-06-19,ESAFSFB,53.84000015258789,57.0,53.400001525878906,56.36000061035156,4310379
2024-06-20,ESAFSFB,56.54999923706055,56.9900016784668,54.93000030517578,55.16999816894531,2379930
2024-06-21,ESAFSFB,56.0,56.0,54.33000183105469,54.47999954223633,1061651
2024-06-24,ESAFSFB,54.68000030517578,54.68000030517578,53.709999084472656,53.810001373291016,938620
2024-06-25,ESAFSFB,53.810001373291016,55.470001220703125,53.720001220703125,53.83000183105469,1037697
2024-06-26,ESAFSFB,53.95000076293945,54.4900016784668,53.810001373291016,53.90999984741211,528652
2024-06-27,ESAFSFB,54.2400016784668,54.2400016784668,53.400001525878906,53.84000015258789,730581
2024-06-28,ESAFSFB,54.0,54.27999877929688,53.7599983215332,53.90999984741211,668147
2024-06-03,ESCORTS,3845.0,3929.199951171875,3818.0,3890.35009765625,196258
2024-06-04,ESCORTS,3860.0,3929.25,3556.449951171875,3802.5,339748
2024-06-05,ESCORTS,3802.5,4019.89990234375,3753.10009765625,3908.949951171875,483715
2024-06-06,ESCORTS,3919.0,4038.85009765625,3910.050048828125,4011.0,407715
2024-06-07,ESCORTS,4020.0,4050.0,3974.949951171875,3988.14990234375,224597
2024-06-10,ESCORTS,3999.89990234375,4104.0,3966.0,4051.89990234375,269834
2024-06-11,ESCORTS,4072.199951171875,4169.60009765625,4055.949951171875,4126.35009765625,372033
2024-06-12,ESCORTS,4130.0,4147.0498046875,4062.0,4122.60009765625,180890
2024-06-13,ESCORTS,4123.5498046875,4260.4501953125,4123.5498046875,4247.64990234375,368758
2024-06-14,ESCORTS,4230.10009765625,4309.9501953125,4140.0,4292.10009765625,288391
2024-06-18,ESCORTS,4292.10009765625,4353.2001953125,4272.0,4302.10009765625,255721
2024-06-19,ESCORTS,4300.0,4302.0,4204.25,4216.0498046875,98830
2024-06-20,ESCORTS,4239.7998046875,4257.5,4180.0,4188.64990234375,130232
2024-06-21,ESCORTS,4180.0,4409.5498046875,4180.0,4334.5,668815
2024-06-24,ESCORTS,4332.5,4356.5,4243.0498046875,4249.64990234375,215127
2024-06-25,ESCORTS,4267.60009765625,4290.25,4165.75,4198.7001953125,191797
2024-06-26,ESCORTS,4206.60009765625,4264.7998046875,4156.0498046875,4250.9501953125,167078
2024-06-27,ESCORTS,4260.0,4288.9501953125,4129.75,4146.0,442128
2024-06-28,ESCORTS,4146.0,4239.89990234375,4132.0,4146.5,193623
2024-06-03,ESSARSHPNG,32.0,32.349998474121094,27.200000762939453,29.049999237060547,1062729
2024-06-04,ESSARSHPNG,29.89999961853028,29.89999961853028,26.14999961853028,27.100000381469727,1074278
2024-06-05,ESSARSHPNG,27.799999237060547,28.600000381469727,25.850000381469727,28.14999961853028,801840
2024-06-06,ESSARSHPNG,28.89999961853028,30.950000762939453,28.75,30.049999237060547,900189
2024-06-07,ESSARSHPNG,30.89999961853028,31.799999237060547,30.14999961853028,31.25,786718
2024-06-10,ESSARSHPNG,31.799999237060547,37.5,31.299999237060547,37.5,4601212
2024-06-11,ESSARSHPNG,40.0,45.0,39.22999954223633,45.0,12105857
2024-06-12,ESSARSHPNG,46.900001525878906,47.91999816894531,43.15999984741211,46.290000915527344,9038595
2024-06-13,ESSARSHPNG,46.2599983215332,47.68000030517578,45.59999847412109,46.630001068115234,2173775
2024-06-14,ESSARSHPNG,46.630001068115234,46.88999938964844,44.09999847412109,44.68000030517578,1522739
2024-06-18,ESSARSHPNG,46.29999923706055,49.13999938964844,45.15999984741211,49.13999938964844,2602133
2024-06-19,ESSARSHPNG,50.400001525878906,54.04999923706055,50.38999938964844,54.04999923706055,7423531
2024-06-20,ESSARSHPNG,57.18999862670898,59.45000076293945,53.5,58.06999969482422,7824713
2024-06-21,ESSARSHPNG,58.5,58.95000076293945,52.2599983215332,53.15999984741211,4863615
2024-06-24,ESSARSHPNG,52.900001525878906,56.54999923706055,50.20000076293945,53.45000076293945,1865581
2024-06-25,ESSARSHPNG,54.0,55.40999984741211,49.630001068115234,50.95000076293945,1491930
2024-06-26,ESSARSHPNG,51.68000030517578,53.95000076293945,50.310001373291016,50.68999862670898,1186950
2024-06-27,ESSARSHPNG,50.70000076293945,53.0,50.29999923706055,51.09999847412109,1171150
2024-06-28,ESSARSHPNG,51.400001525878906,52.09999847412109,49.20000076293945,49.43000030517578,811566
2024-06-03,ESSENTIA,3.549999952316284,3.5999999046325684,3.549999952316284,3.549999952316284,1638046
2024-06-04,ESSENTIA,3.5,3.5,3.5,3.5,636699
2024-06-05,ESSENTIA,3.450000047683716,3.450000047683716,3.450000047683716,3.450000047683716,952320
2024-06-06,ESSENTIA,3.400000095367432,3.450000047683716,3.400000095367432,3.400000095367432,1942502
2024-06-07,ESSENTIA,3.400000095367432,3.400000095367432,3.400000095367432,3.400000095367432,1038254
2024-06-10,ESSENTIA,3.490000009536743,3.569999933242798,3.490000009536743,3.569999933242798,2032345
2024-06-11,ESSENTIA,3.740000009536743,3.740000009536743,3.740000009536743,3.740000009536743,1548387
2024-06-12,ESSENTIA,3.920000076293945,3.920000076293945,3.920000076293945,3.920000076293945,1191825
2024-06-13,ESSENTIA,4.110000133514404,4.110000133514404,4.110000133514404,4.110000133514404,1772575
2024-06-14,ESSENTIA,4.179999828338623,4.309999942779541,3.9700000286102295,4.309999942779541,21933258
2024-06-18,ESSENTIA,4.519999980926514,4.519999980926514,4.519999980926514,4.519999980926514,3985530
2024-06-19,ESSENTIA,4.739999771118164,4.739999771118164,4.739999771118164,4.739999771118164,8777532
2024-06-20,ESSENTIA,4.639999866485596,4.639999866485596,4.639999866485596,4.639999866485596,5258135
2024-06-21,ESSENTIA,4.539999961853027,4.539999961853027,4.539999961853027,4.539999961853027,1524898
2024-06-24,ESSENTIA,4.440000057220459,4.449999809265137,4.440000057220459,4.440000057220459,7223085
2024-06-25,ESSENTIA,4.349999904632568,4.349999904632568,4.349999904632568,4.349999904632568,1298154
2024-06-26,ESSENTIA,4.260000228881836,4.260000228881836,4.260000228881836,4.260000228881836,927420
2024-06-27,ESSENTIA,4.170000076293945,4.170000076293945,4.170000076293945,4.170000076293945,904498
2024-06-28,ESSENTIA,4.079999923706055,4.079999923706055,4.079999923706055,4.079999923706055,947073
2024-06-03,ESTER,115.0,118.0,111.3000030517578,113.8000030517578,265264
2024-06-04,ESTER,113.6999969482422,115.0999984741211,98.0,101.8000030517578,499469
2024-06-05,ESTER,103.3499984741211,110.5,103.3000030517578,107.4000015258789,238349
2024-06-06,ESTER,107.4000015258789,114.1500015258789,107.4000015258789,111.8499984741211,155666
2024-06-07,ESTER,112.8499984741211,113.5500030517578,110.8499984741211,111.5,152661
2024-06-10,ESTER,113.1500015258789,114.5999984741211,111.3000030517578,112.1999969482422,137212
2024-06-11,ESTER,112.1999969482422,116.0,112.1999969482422,113.97000122070312,110471
2024-06-12,ESTER,114.25,115.41000366210938,112.0500030517578,113.29000091552734,89790
2024-06-13,ESTER,114.0,117.0,113.70999908447266,116.45999908447266,158164
2024-06-14,ESTER,116.8499984741211,121.0,116.0199966430664,118.6500015258789,263699
2024-06-18,ESTER,118.9000015258789,120.88999938964844,116.61000061035156,117.54000091552734,103698
2024-06-19,ESTER,117.75,120.4000015258789,114.8000030517578,115.36000061035156,160223
2024-06-20,ESTER,115.0,122.4499969482422,115.0,119.54000091552734,511220
2024-06-21,ESTER,119.54000091552734,122.75,114.1999969482422,115.01000213623048,377675
2024-06-24,ESTER,115.3000030517578,115.9000015258789,112.41999816894533,113.56999969482422,175372
2024-06-25,ESTER,114.0999984741211,118.19000244140624,113.5,116.0500030517578,241766
2024-06-26,ESTER,116.0500030517578,117.5999984741211,115.2300033569336,116.3000030517578,126264
2024-06-27,ESTER,116.3000030517578,118.8000030517578,112.55999755859376,116.0500030517578,524809
2024-06-28,ESTER,116.04000091552734,118.3499984741211,114.0999984741211,114.83000183105467,146402
2024-06-03,ETERNAL,184.5,185.5,175.0,175.4499969482422,53437123
2024-06-04,ETERNAL,176.5,176.5,146.3000030517578,172.0,75272859
2024-06-05,ETERNAL,175.0,185.3000030517578,166.75,183.8000030517578,57213537
2024-06-06,ETERNAL,185.0,185.8000030517578,182.5,183.6499938964844,20887553
2024-06-07,ETERNAL,182.5,187.0,180.6999969482422,184.0,33175407
2024-06-10,ETERNAL,184.0,186.5,181.5599975585937,182.1600036621093,33163473
2024-06-11,ETERNAL,182.6000061035156,186.0,180.10000610351562,184.0200042724609,41803815
2024-06-12,ETERNAL,184.38999938964844,184.8800048828125,179.3300018310547,179.64999389648438,42830411
2024-06-13,ETERNAL,183.8000030517578,185.8000030517578,180.1499938964844,184.94000244140625,47891484
2024-06-14,ETERNAL,185.6999969482422,186.6000061035156,184.0500030517578,186.2400054931641,29823712
2024-06-18,ETERNAL,187.5,189.1000061035156,184.8000030517578,188.6100006103516,40633379
2024-06-19,ETERNAL,190.0,201.0,189.5599975585937,198.4900054931641,112274897
2024-06-20,ETERNAL,199.9900054931641,201.8000030517578,195.0,197.0500030517578,44395214
2024-06-21,ETERNAL,197.8999938964844,199.9499969482422,193.0500030517578,193.9499969482422,37841138
2024-06-24,ETERNAL,193.8999938964844,199.8000030517578,191.9499969482422,198.9199981689453,34201378
2024-06-25,ETERNAL,201.75,204.6999969482422,200.0,202.2700042724609,60670560
2024-06-26,ETERNAL,202.5599975585937,203.47999572753903,196.0,197.25,38934432
2024-06-27,ETERNAL,198.1999969482422,201.5,196.0,200.1499938964844,32535933
2024-06-28,ETERNAL,201.3000030517578,203.9199981689453,199.1000061035156,200.5599975585937,37287397
2024-06-03,ETHOSLTD,2575.0,2579.0,2421.64990234375,2448.949951171875,27452
2024-06-04,ETHOSLTD,2400.0,2462.39990234375,2197.25,2305.5,149310
2024-06-05,ETHOSLTD,2307.0,2524.0,2225.25,2448.85009765625,59175
2024-06-06,ETHOSLTD,2449.0,2499.0,2395.0,2446.10009765625,35654
2024-06-07,ETHOSLTD,2460.0,2624.39990234375,2426.14990234375,2567.39990234375,39465
2024-06-10,ETHOSLTD,2599.89990234375,2629.0,2514.800048828125,2558.199951171875,25190
2024-06-11,ETHOSLTD,2554.5,2565.0,2520.0,2550.25,21122
2024-06-12,ETHOSLTD,2551.0,2570.0,2514.300048828125,2525.300048828125,23096
2024-06-13,ETHOSLTD,2530.0,2564.89990234375,2491.699951171875,2554.25,22684
2024-06-14,ETHOSLTD,2554.25,2570.0,2506.300048828125,2519.550048828125,15886
2024-06-18,ETHOSLTD,2519.550048828125,2693.5,2513.0,2643.75,69406
2024-06-19,ETHOSLTD,2691.699951171875,2703.39990234375,2571.25,2595.25,51359
2024-06-20,ETHOSLTD,2595.25,2660.449951171875,2552.199951171875,2639.699951171875,50488
2024-06-21,ETHOSLTD,2626.699951171875,2799.64990234375,2615.0,2783.699951171875,78341
2024-06-24,ETHOSLTD,2795.39990234375,2815.0,2705.0,2804.300048828125,32969
2024-06-25,ETHOSLTD,2810.39990234375,2835.0,2734.0,2739.39990234375,29490
2024-06-26,ETHOSLTD,2740.0,2798.0,2701.949951171875,2775.550048828125,44925
2024-06-27,ETHOSLTD,2789.300048828125,2918.800048828125,2745.0,2819.050048828125,78553
2024-06-28,ETHOSLTD,2829.949951171875,2899.0,2776.949951171875,2811.64990234375,31880
2024-06-03,EUROBOND,187.0,187.0,184.0,184.3500061035156,7000
2024-06-04,EUROBOND,180.0,180.0,171.0,175.0,10000
2024-06-05,EUROBOND,175.0,189.8999938964844,175.0,183.3500061035156,35000
2024-06-06,EUROBOND,188.0,189.0,181.0,183.8500061035156,16000
2024-06-07,EUROBOND,182.0500030517578,182.1000061035156,182.0,182.0,4000
2024-06-10,EUROBOND,182.0,182.0,182.0,182.0,0
2024-06-11,EUROBOND,185.0,213.0,185.0,207.3500061035156,216000
2024-06-12,EUROBOND,206.6499938964844,207.9499969482422,199.0,199.5500030517578,22000
2024-06-13,EUROBOND,204.0,207.0,195.3000030517578,203.9499969482422,61000
2024-06-14,EUROBOND,198.0500030517578,204.8999938964844,198.0500030517578,202.3999938964844,6000
2024-06-18,EUROBOND,204.75,204.75,197.6000061035156,197.6000061035156,3000
2024-06-19,EUROBOND,197.6000061035156,197.6000061035156,192.1000061035156,193.0,15000
2024-06-20,EUROBOND,193.8000030517578,193.8000030517578,188.5,190.1499938964844,11000
2024-06-21,EUROBOND,191.0,200.5,187.0,195.1499938964844,23000
2024-06-24,EUROBOND,202.3999938964844,209.8999938964844,198.75,204.0,27000
2024-06-25,EUROBOND,205.0,210.0,200.0,201.75,19000
2024-06-26,EUROBOND,195.1499938964844,230.0,195.1499938964844,209.8000030517578,155000
2024-06-27,EUROBOND,203.0,214.8000030517578,192.6000061035156,199.3999938964844,102000
2024-06-28,EUROBOND,205.0,208.8000030517578,200.0,203.8999938964844,15000
2024-06-03,EUROTEXIND,12.949999809265137,12.949999809265137,12.399999618530272,12.949999809265137,2479
2024-06-04,EUROTEXIND,12.949999809265137,12.949999809265137,12.300000190734863,12.300000190734863,505
2024-06-05,EUROTEXIND,12.300000190734863,12.300000190734863,11.75,12.100000381469728,3030
2024-06-06,EUROTEXIND,12.25,12.25,11.550000190734863,12.25,717
2024-06-07,EUROTEXIND,12.25,12.25,11.75,12.25,690
2024-06-10,EUROTEXIND,12.25,12.800000190734863,11.81999969482422,12.789999961853027,1162
2024-06-11,EUROTEXIND,12.199999809265137,13.399999618530272,12.149999618530272,12.970000267028809,4482
2024-06-12,EUROTEXIND,13.5600004196167,13.5600004196167,12.399999618530272,13.5,1834
2024-06-13,EUROTEXIND,12.829999923706056,13.890000343322754,12.829999923706056,13.880000114440918,4614
2024-06-14,EUROTEXIND,14.510000228881836,14.510000228881836,13.18000030517578,14.329999923706056,4308
2024-06-18,EUROTEXIND,14.350000381469728,14.350000381469728,13.609999656677246,14.039999961853027,3646
2024-06-19,EUROTEXIND,13.800000190734863,14.59000015258789,13.329999923706056,13.359999656677246,3412
2024-06-20,EUROTEXIND,13.359999656677246,14.020000457763672,13.359999656677246,13.8100004196167,4593
2024-06-21,EUROTEXIND,13.84000015258789,14.300000190734863,13.800000190734863,14.300000190734863,1826
2024-06-24,EUROTEXIND,13.600000381469728,15.0,13.600000381469728,14.0600004196167,4418
2024-06-25,EUROTEXIND,14.109999656677246,14.640000343322754,14.100000381469728,14.4399995803833,962
2024-06-26,EUROTEXIND,14.729999542236328,14.989999771118164,13.710000038146973,14.470000267028809,14088
2024-06-27,EUROTEXIND,14.470000267028809,15.0,13.90999984741211,14.300000190734863,4250
2024-06-28,EUROTEXIND,14.300000190734863,14.56999969482422,14.270000457763672,14.289999961853027,588
2024-06-03,EVEREADY,335.0,335.79998779296875,329.75,332.75,100060
2024-06-04,EVEREADY,335.0,335.0,295.04998779296875,303.0,311852
2024-06-05,EVEREADY,308.29998779296875,320.25,300.1499938964844,313.79998779296875,144073
2024-06-06,EVEREADY,315.79998779296875,335.5,315.79998779296875,328.54998779296875,160410
2024-06-07,EVEREADY,328.8500061035156,336.25,327.8500061035156,333.45001220703125,200070
2024-06-10,EVEREADY,333.5,342.0,333.0,335.54998779296875,142288
2024-06-11,EVEREADY,337.45001220703125,343.0,335.20001220703125,338.54998779296875,101587
2024-06-12,EVEREADY,338.70001220703125,342.0,334.04998779296875,335.79998779296875,114809
2024-06-13,EVEREADY,337.0,339.75,331.79998779296875,335.6499938964844,111496
2024-06-14,EVEREADY,335.6499938964844,343.3999938964844,334.5,339.04998779296875,182552
2024-06-18,EVEREADY,336.79998779296875,340.95001220703125,336.29998779296875,337.54998779296875,116147
2024-06-19,EVEREADY,337.54998779296875,344.0,335.8500061035156,337.6000061035156,164634
2024-06-20,EVEREADY,345.04998779296875,352.95001220703125,343.75,348.45001220703125,552752
2024-06-21,EVEREADY,352.6000061035156,355.75,344.0,345.45001220703125,314441
2024-06-24,EVEREADY,344.75,348.6000061035156,340.0,346.1000061035156,95381
2024-06-25,EVEREADY,344.3999938964844,371.4500122070313,344.3999938964844,356.3999938964844,1172533
2024-06-26,EVEREADY,356.5,365.6499938964844,348.6499938964844,351.8500061035156,348784
2024-06-27,EVEREADY,352.70001220703125,360.0,345.20001220703125,347.8500061035156,180463
2024-06-28,EVEREADY,349.45001220703125,352.25,343.95001220703125,348.45001220703125,259575
2024-06-03,EVERESTIND,1130.0,1138.050048828125,1084.199951171875,1086.8499755859375,14407
2024-06-04,EVERESTIND,1089.199951171875,1107.949951171875,1024.0,1033.75,14419
2024-06-05,EVERESTIND,1015.3499755859376,1090.0,935.7999877929688,1065.9000244140625,22202
2024-06-06,EVERESTIND,1085.0,1110.0,1066.0,1074.5,8015
2024-06-07,EVERESTIND,1074.5,1112.050048828125,1068.050048828125,1090.5999755859375,10110
2024-06-10,EVERESTIND,1090.550048828125,1105.449951171875,1035.050048828125,1085.550048828125,62113
2024-06-11,EVERESTIND,1085.0,1100.699951171875,1068.050048828125,1092.449951171875,13263
2024-06-12,EVERESTIND,1094.0,1115.8499755859375,1080.550048828125,1095.1500244140625,10105
2024-06-13,EVERESTIND,1095.0,1125.0,1083.050048828125,1107.0999755859375,12802
2024-06-14,EVERESTIND,1115.0,1123.699951171875,1086.0,1095.6500244140625,11665
2024-06-18,EVERESTIND,1095.6500244140625,1174.6500244140625,1089.3499755859375,1142.0,37142
2024-06-19,EVERESTIND,1142.0,1151.0999755859375,1105.5,1113.300048828125,10652
2024-06-20,EVERESTIND,1120.0,1144.0,1105.0,1111.4000244140625,17628
2024-06-21,EVERESTIND,1112.800048828125,1145.0,1105.300048828125,1109.800048828125,10474
2024-06-24,EVERESTIND,1113.5,1162.0,1105.449951171875,1148.949951171875,23463
2024-06-25,EVERESTIND,1144.949951171875,1179.0,1135.5,1155.449951171875,19323
2024-06-26,EVERESTIND,1151.949951171875,1199.0,1144.3499755859375,1181.6500244140625,27914
2024-06-27,EVERESTIND,1169.9000244140625,1221.0,1160.550048828125,1175.8499755859375,25270
2024-06-28,EVERESTIND,1179.9000244140625,1209.5999755859375,1166.199951171875,1176.5,12004
2024-06-03,EXCELINDUS,1089.0,1100.0,1035.0,1083.8499755859375,109426
2024-06-04,EXCELINDUS,1081.0,1081.0,925.0,982.0499877929688,92661
2024-06-05,EXCELINDUS,1000.0,1024.9000244140625,968.0,1014.3499755859376,23533
2024-06-06,EXCELINDUS,1014.3499755859376,1052.0,1014.3499755859376,1044.550048828125,17049
2024-06-07,EXCELINDUS,1060.199951171875,1060.199951171875,1036.5999755859375,1051.75,15988
2024-06-10,EXCELINDUS,1050.0,1057.449951171875,1023.0499877929688,1029.75,19161
2024-06-11,EXCELINDUS,1025.050048828125,1090.0,1025.050048828125,1079.199951171875,32114
2024-06-12,EXCELINDUS,1079.75,1144.550048828125,1040.0,1097.1500244140625,76160
2024-06-13,EXCELINDUS,1085.0,1121.949951171875,1085.0,1113.050048828125,33244
2024-06-14,EXCELINDUS,1121.0,1238.9000244140625,1121.0,1191.5,244164
2024-06-18,EXCELINDUS,1181.0,1238.0,1179.5999755859375,1205.6500244140625,80333
2024-06-19,EXCELINDUS,1216.9000244140625,1249.800048828125,1173.9000244140625,1224.949951171875,170463
2024-06-20,EXCELINDUS,1231.0999755859375,1237.75,1212.1500244140625,1229.800048828125,33879
2024-06-21,EXCELINDUS,1248.0,1264.199951171875,1201.0999755859375,1204.5999755859375,36318
2024-06-24,EXCELINDUS,1210.6500244140625,1240.0,1193.0,1221.8499755859375,21522
2024-06-25,EXCELINDUS,1219.949951171875,1224.0,1188.0,1196.949951171875,12840
2024-06-26,EXCELINDUS,1197.0,1217.199951171875,1192.949951171875,1205.300048828125,16071
2024-06-27,EXCELINDUS,1193.25,1241.449951171875,1165.0,1173.6500244140625,27883
2024-06-28,EXCELINDUS,1177.0,1193.8499755859375,1166.25,1172.8499755859375,10250
2024-06-03,EXICOM,336.20001220703125,337.95001220703125,301.25,303.1499938964844,3234941
2024-06-04,EXICOM,299.0,301.95001220703125,252.0500030517578,276.29998779296875,3557605
2024-06-05,EXICOM,280.0,303.0,268.0,297.8999938964844,2554935
2024-06-06,EXICOM,300.79998779296875,317.3500061035156,297.20001220703125,303.3999938964844,2761500
2024-06-07,EXICOM,303.3999938964844,310.6000061035156,301.54998779296875,304.1000061035156,2162736
2024-06-10,EXICOM,310.0,325.0,305.5,312.04998779296875,2397309
2024-06-11,EXICOM,314.0,321.5,310.54998779296875,316.6499938964844,1291618
2024-06-12,EXICOM,317.79998779296875,330.0,317.79998779296875,322.1499938964844,2334727
2024-06-13,EXICOM,326.0,329.25,312.70001220703125,315.95001220703125,1058252
2024-06-14,EXICOM,316.0,326.79998779296875,313.0,319.04998779296875,1447492
2024-06-18,EXICOM,322.0,339.8500061035156,319.29998779296875,329.79998779296875,3337311
2024-06-19,EXICOM,338.0,361.7000122070313,324.45001220703125,351.45001220703125,7593244
2024-06-20,EXICOM,353.95001220703125,400.0,350.95001220703125,387.9500122070313,7290882
2024-06-21,EXICOM,391.7000122070313,424.2000122070313,382.0,405.1499938964844,8716547
2024-06-24,EXICOM,394.9500122070313,461.5,387.5,446.25,11813059
2024-06-25,EXICOM,446.0,452.0,417.1000061035156,430.5499877929688,3735883
2024-06-26,EXICOM,432.2999877929688,432.2999877929688,406.5,414.1000061035156,1458585
2024-06-27,EXICOM,414.7999877929688,452.0,414.3500061035156,435.2999877929688,3762987
2024-06-28,EXICOM,440.0,459.7000122070313,432.1000061035156,454.0,2637904
2024-06-03,EXIDEIND,512.7000122070312,516.0,493.1000061035156,504.8999938964844,6117134
2024-06-04,EXIDEIND,504.8999938964844,504.8999938964844,429.2000122070313,455.4500122070313,10982923
2024-06-05,EXIDEIND,462.9500122070313,496.5,450.7999877929688,491.0499877929688,9047361
2024-06-06,EXIDEIND,493.6499938964844,536.7000122070312,492.1000061035156,527.8499755859375,15257519
2024-06-07,EXIDEIND,532.0,533.9000244140625,521.0,527.0499877929688,10807984
2024-06-10,EXIDEIND,530.0,536.5,522.3499755859375,525.7999877929688,7592659
2024-06-11,EXIDEIND,525.0,540.6500244140625,523.0,528.8499755859375,6050148
2024-06-12,EXIDEIND,530.4000244140625,546.0,529.7999877929688,540.7000122070312,8303195
2024-06-13,EXIDEIND,549.9000244140625,549.9000244140625,541.1500244140625,542.2999877929688,7311854
2024-06-14,EXIDEIND,545.0,547.9000244140625,539.2000122070312,542.25,4633973
2024-06-18,EXIDEIND,544.7000122070312,566.4000244140625,543.2000122070312,564.5499877929688,9249847
2024-06-19,EXIDEIND,567.0,567.3499755859375,549.2999877929688,560.3499755859375,5371061
2024-06-20,EXIDEIND,561.0499877929688,576.2000122070312,558.5499877929688,572.25,6213481
2024-06-21,EXIDEIND,574.9000244140625,576.0,567.0,569.7000122070312,4370512
2024-06-24,EXIDEIND,567.0,576.8499755859375,557.3499755859375,573.8499755859375,3836291
2024-06-25,EXIDEIND,575.0,620.3499755859375,574.5499877929688,579.6500244140625,41296482
2024-06-26,EXIDEIND,582.0,589.0,566.3499755859375,568.0999755859375,10419619
2024-06-27,EXIDEIND,568.0999755859375,573.4000244140625,557.25,566.25,5425029
2024-06-28,EXIDEIND,566.9500122070312,575.5,559.2000122070312,564.5,8329177
2024-06-03,EXPLEOSOL,1234.949951171875,1244.0,1199.0,1202.3499755859375,41210
2024-06-04,EXPLEOSOL,1200.0,1208.300048828125,1145.9000244140625,1162.199951171875,102031
2024-06-05,EXPLEOSOL,1173.0999755859375,1204.8499755859375,1151.050048828125,1196.699951171875,17509
2024-06-06,EXPLEOSOL,1223.949951171875,1225.0,1197.8499755859375,1208.5,20456
2024-06-07,EXPLEOSOL,1210.8499755859375,1239.0,1203.0,1234.5999755859375,22624
2024-06-10,EXPLEOSOL,1234.5999755859375,1244.0,1216.5999755859375,1229.949951171875,20979
2024-06-11,EXPLEOSOL,1227.300048828125,1234.199951171875,1218.0,1221.75,16746
2024-06-12,EXPLEOSOL,1223.0,1280.0,1221.0,1271.75,37304
2024-06-13,EXPLEOSOL,1273.550048828125,1279.1500244140625,1247.800048828125,1262.949951171875,13645
2024-06-14,EXPLEOSOL,1247.0,1282.5999755859375,1247.0,1276.550048828125,18121
2024-06-18,EXPLEOSOL,1276.550048828125,1284.0,1257.949951171875,1259.6500244140625,19643
2024-06-19,EXPLEOSOL,1259.699951171875,1261.800048828125,1245.0,1254.5,8409
2024-06-20,EXPLEOSOL,1256.6500244140625,1270.0,1250.0,1267.1500244140625,10128
2024-06-21,EXPLEOSOL,1267.550048828125,1295.5,1252.6500244140625,1278.0,21982
2024-06-24,EXPLEOSOL,1278.0,1284.75,1253.8499755859375,1277.800048828125,16733
2024-06-25,EXPLEOSOL,1265.3499755859375,1273.0,1251.0,1261.9000244140625,19364
2024-06-26,EXPLEOSOL,1262.0,1273.0999755859375,1252.050048828125,1260.0999755859375,9051
2024-06-27,EXPLEOSOL,1251.5,1267.050048828125,1245.0,1257.5999755859375,17443
2024-06-28,EXPLEOSOL,1261.6500244140625,1265.0,1238.9000244140625,1249.8499755859375,17245
2024-06-03,EXXARO,9.899999618530272,9.9399995803833,9.5,9.56999969482422,1019010
2024-06-04,EXXARO,9.5,9.550000190734863,9.100000381469728,9.140000343322754,1079990
2024-06-05,EXXARO,9.274999618530272,9.31999969482422,9.09000015258789,9.210000038146973,1200830
2024-06-06,EXXARO,9.295000076293944,9.56999969482422,9.295000076293944,9.470000267028809,728330
2024-06-07,EXXARO,9.600000381469728,9.65999984741211,9.4399995803833,9.55500030517578,672150
2024-06-10,EXXARO,9.614999771118164,9.6899995803833,9.529999732971191,9.574999809265137,1455710
2024-06-11,EXXARO,9.600000381469728,9.600000381469728,9.51099967956543,9.58899974822998,1444150
2024-06-12,EXXARO,9.595000267028809,9.600000381469728,9.5,9.54300022125244,1160330
2024-06-13,EXXARO,9.5649995803833,9.598999977111816,9.449999809265137,9.534000396728516,842260
2024-06-14,EXXARO,9.53499984741211,9.598999977111816,9.199999809265137,9.56700038909912,1024370
2024-06-18,EXXARO,9.597000122070312,9.600000381469728,8.960000038146973,9.262999534606934,2879010
2024-06-19,EXXARO,9.354999542236328,9.394000053405762,9.239999771118164,9.300999641418455,668010
2024-06-20,EXXARO,9.31999969482422,9.600000381469728,9.210000038146973,9.319000244140623,4093850
2024-06-21,EXXARO,9.350000381469728,9.515000343322754,9.335000038146973,9.404999732971191,732660
2024-06-24,EXXARO,9.404999732971191,9.597999572753906,9.33899974822998,9.487000465393066,1360490
2024-06-25,EXXARO,9.529999732971191,9.529999732971191,9.390000343322754,9.454999923706056,676780
2024-06-26,EXXARO,9.454999923706056,9.468999862670898,9.333999633789062,9.36299991607666,780310
2024-06-27,EXXARO,9.279999732971191,9.385000228881836,9.199999809265137,9.234999656677246,640000
2024-06-28,EXXARO,9.279999732971191,9.309000015258787,9.199999809265137,9.230999946594238,764330
2024-06-03,FACT,699.0,712.0,682.0999755859375,701.75,440417
2024-06-04,FACT,701.0,702.0,579.7999877929688,638.25,300298
2024-06-05,FACT,644.5999755859375,665.5,625.2999877929688,656.0499877929688,267688
2024-06-06,FACT,670.0,705.4000244140625,669.9500122070312,695.4500122070312,399641
2024-06-07,FACT,695.9500122070312,707.25,690.0,700.0499877929688,229651
2024-06-10,FACT,705.0,810.0,700.0499877929688,802.7000122070312,10801714
2024-06-11,FACT,805.0,805.0,771.0,776.0,1809814
2024-06-12,FACT,778.5,801.5,769.1500244140625,772.3499755859375,1368136
2024-06-13,FACT,777.4500122070312,788.3499755859375,765.5,772.4000244140625,890729
2024-06-14,FACT,776.75,803.0499877929688,768.0,779.9000244140625,1108189
2024-06-18,FACT,784.4000244140625,885.0,772.0,866.7999877929688,9810914
2024-06-19,FACT,884.0,942.5,882.0,908.6500244140624,9758371
2024-06-20,FACT,908.25,1090.3499755859375,892.5499877929688,1090.3499755859375,15399792
2024-06-21,FACT,1130.0,1187.0,1062.0999755859375,1134.449951171875,11102873
2024-06-24,FACT,1071.0,1104.0,1021.0,1021.0,3229907
2024-06-25,FACT,1014.75,1042.4000244140625,984.0,999.0499877929688,1993322
2024-06-26,FACT,1008.0,1054.0,990.6500244140624,1008.0499877929688,2497634
2024-06-27,FACT,1015.0,1018.0999755859376,950.0,960.0499877929688,928994
2024-06-28,FACT,973.9500122070312,994.9500122070312,957.0499877929688,986.75,1662740
2024-06-03,FAIRCHEMOR,1260.0,1279.800048828125,1223.0,1250.75,22770
2024-06-04,FAIRCHEMOR,1231.800048828125,1258.8499755859375,1170.0,1204.0,20072
2024-06-05,FAIRCHEMOR,1230.0,1253.550048828125,1205.050048828125,1240.949951171875,10326
2024-06-06,FAIRCHEMOR,1230.5,1271.3499755859375,1229.0,1259.25,6518
2024-06-07,FAIRCHEMOR,1252.5999755859375,1273.25,1245.0,1257.9000244140625,11232
2024-06-10,FAIRCHEMOR,1265.0999755859375,1329.0,1247.550048828125,1304.75,23145
2024-06-11,FAIRCHEMOR,1305.0,1333.5,1300.050048828125,1314.5,13271
2024-06-12,FAIRCHEMOR,1314.9000244140625,1356.0,1314.9000244140625,1350.199951171875,24249
2024-06-13,FAIRCHEMOR,1352.1500244140625,1378.0,1340.050048828125,1371.949951171875,14369
2024-06-14,FAIRCHEMOR,1365.0,1383.699951171875,1351.4000244140625,1370.75,18238
2024-06-18,FAIRCHEMOR,1370.75,1410.0,1340.050048828125,1396.050048828125,21358
2024-06-19,FAIRCHEMOR,1390.0,1436.949951171875,1389.0,1397.449951171875,30846
2024-06-20,FAIRCHEMOR,1396.300048828125,1425.699951171875,1396.300048828125,1400.1500244140625,14270
2024-06-21,FAIRCHEMOR,1398.0,1416.0,1348.699951171875,1374.6500244140625,13230
2024-06-24,FAIRCHEMOR,1374.6500244140625,1409.0,1362.949951171875,1389.3499755859375,12581
2024-06-25,FAIRCHEMOR,1400.0,1405.6500244140625,1317.050048828125,1351.75,13624
2024-06-26,FAIRCHEMOR,1352.0,1413.699951171875,1330.050048828125,1367.449951171875,11440
2024-06-27,FAIRCHEMOR,1361.0,1401.949951171875,1345.0,1349.699951171875,120806
2024-06-28,FAIRCHEMOR,1362.0,1380.0,1354.25,1376.8499755859375,16057
2024-06-03,FAZE3Q,404.0,409.7999877929688,398.5499877929688,406.3999938964844,14579
2024-06-04,FAZE3Q,412.0,412.0,348.8500061035156,374.2999877929688,34597
2024-06-05,FAZE3Q,375.0,395.0,373.5499877929688,385.9500122070313,11768
2024-06-06,FAZE3Q,382.6000061035156,400.0,382.6000061035156,393.5499877929688,8276
2024-06-07,FAZE3Q,395.6000061035156,409.8999938964844,390.3500061035156,397.4500122070313,20534
2024-06-10,FAZE3Q,397.0,422.7999877929688,395.5499877929688,410.3500061035156,34064
2024-06-11,FAZE3Q,410.0499877929688,430.0,407.3500061035156,424.6499938964844,34541
2024-06-12,FAZE3Q,423.5,432.0,419.1499938964844,422.7000122070313,16362
2024-06-13,FAZE3Q,420.25,448.0,420.25,441.9500122070313,83809
2024-06-14,FAZE3Q,444.2999877929688,454.5,435.1000061035156,438.6000061035156,73575
2024-06-18,FAZE3Q,435.0,452.0,430.8500061035156,445.1499938964844,47004
2024-06-19,FAZE3Q,447.5,447.5,429.5499877929688,437.0,66813
2024-06-20,FAZE3Q,435.0499877929688,438.9500122070313,418.0499877929688,419.5,48228
2024-06-21,FAZE3Q,423.0,425.1000061035156,412.5499877929688,415.1000061035156,13286
2024-06-24,FAZE3Q,413.0,452.7000122070313,411.6499938964844,431.3500061035156,41484
2024-06-25,FAZE3Q,432.1499938964844,440.0,429.8999938964844,431.2000122070313,20808
2024-06-26,FAZE3Q,428.0,443.5499877929688,428.0,433.5,47196
2024-06-27,FAZE3Q,433.0,439.6000061035156,421.2999877929688,424.5499877929688,18449
2024-06-28,FAZE3Q,426.7999877929688,431.3999938964844,419.1499938964844,422.0,19803
2024-06-03,FCL,36.59999847412109,37.09999847412109,35.0099983215332,35.29499816894531,4071320
2024-06-04,FCL,35.79999923706055,35.79999923706055,30.3799991607666,32.68000030517578,5542990
2024-06-05,FCL,33.70000076293945,34.97999954223633,32.404998779296875,34.6150016784668,3303320
2024-06-06,FCL,34.70000076293945,35.775001525878906,34.54499816894531,35.1349983215332,2298000
2024-06-07,FCL,35.400001525878906,35.900001525878906,34.83000183105469,35.70500183105469,2712600
2024-06-10,FCL,36.025001525878906,36.900001525878906,35.415000915527344,36.56999969482422,3426940
2024-06-11,FCL,36.82500076293945,37.0,36.3650016784668,36.58000183105469,1729640
2024-06-12,FCL,36.63999938964844,36.869998931884766,35.54999923706055,35.97999954223633,2723470
2024-06-13,FCL,36.02000045776367,36.375,35.5099983215332,35.70500183105469,2020100
2024-06-14,FCL,35.79999923706055,36.20500183105469,35.439998626708984,35.88999938964844,1498530
2024-06-18,FCL,36.0,36.16999816894531,35.45000076293945,35.599998474121094,2220990
2024-06-19,FCL,35.75,36.51499938964844,35.494998931884766,35.96500015258789,2661940
2024-06-20,FCL,35.974998474121094,37.880001068115234,35.78499984741211,37.65999984741211,9022100
2024-06-21,FCL,39.19499969482422,40.400001525878906,38.72499847412109,39.01499938964844,18680290
2024-06-24,FCL,39.01499938964844,39.64500045776367,37.845001220703125,39.26499938964844,5846630
2024-06-25,FCL,39.58000183105469,40.4900016784668,38.70500183105469,38.90999984741211,7919630
2024-06-26,FCL,39.02000045776367,39.96500015258789,38.72999954223633,39.310001373291016,4035430
2024-06-27,FCL,39.41999816894531,39.5,38.06999969482422,38.65499877929688,4009680
2024-06-28,FCL,38.66999816894531,39.119998931884766,38.005001068115234,38.30500030517578,2288800
2024-06-03,FCSSOFT,3.950000047683716,4.0,3.849999904632568,3.849999904632568,5280201
2024-06-04,FCSSOFT,3.900000095367432,3.900000095367432,3.650000095367432,3.700000047683716,9705347
2024-06-05,FCSSOFT,3.700000047683716,3.75,3.549999952316284,3.5999999046325684,6796295
2024-06-06,FCSSOFT,3.650000095367432,3.75,3.5999999046325684,3.75,4549249
2024-06-07,FCSSOFT,3.849999904632568,4.0,3.799999952316284,3.950000047683716,12302848
2024-06-10,FCSSOFT,4.0,4.050000190734863,3.849999904632568,3.869999885559082,6091370
2024-06-11,FCSSOFT,3.900000095367432,3.900000095367432,3.809999942779541,3.839999914169312,4045955
2024-06-12,FCSSOFT,3.869999885559082,4.03000020980835,3.7899999618530273,3.900000095367432,15792699
2024-06-13,FCSSOFT,3.940000057220459,3.990000009536743,3.819999933242798,3.869999885559082,7589499
2024-06-14,FCSSOFT,3.890000104904175,3.930000066757202,3.849999904632568,3.880000114440918,5967632
2024-06-18,FCSSOFT,3.920000076293945,3.930000066757202,3.849999904632568,3.849999904632568,5079750
2024-06-19,FCSSOFT,3.849999904632568,3.869999885559082,3.809999942779541,3.829999923706055,6023742
2024-06-20,FCSSOFT,3.859999895095825,3.9600000381469727,3.839999914169312,3.890000104904175,10336126
2024-06-21,FCSSOFT,3.950000047683716,4.269999980926514,3.920000076293945,4.260000228881836,44277273
2024-06-24,FCSSOFT,4.300000190734863,4.570000171661377,4.25,4.28000020980835,19451482
2024-06-25,FCSSOFT,4.320000171661377,4.340000152587891,4.090000152587891,4.110000133514404,9450830
2024-06-26,FCSSOFT,4.159999847412109,4.239999771118164,4.050000190734863,4.079999923706055,8521012
2024-06-27,FCSSOFT,4.079999923706055,4.150000095367432,4.0,4.019999980926514,5455201
2024-06-28,FCSSOFT,4.070000171661377,4.079999923706055,3.9800000190734863,4.0,5181329
2024-06-03,FDC,438.0,442.2000122070313,429.6000061035156,432.6000061035156,411393
2024-06-04,FDC,436.6499938964844,436.6499938964844,405.0,423.5499877929688,167926
2024-06-05,FDC,427.8500061035156,437.8500061035156,418.3500061035156,433.2000122070313,293118
2024-06-06,FDC,437.2000122070313,441.0499877929688,432.3500061035156,435.4500122070313,131580
2024-06-07,FDC,436.8999938964844,444.0,434.0499877929688,442.9500122070313,397160
2024-06-10,FDC,444.7999877929688,457.9500122070313,443.0,448.6499938964844,108584
2024-06-11,FDC,450.6499938964844,453.4500122070313,446.0,450.2000122070313,56690
2024-06-12,FDC,451.3500061035156,464.1499938964844,451.1499938964844,458.7999877929688,141451
2024-06-13,FDC,461.2000122070313,465.0,455.0499877929688,457.2999877929688,84066
2024-06-14,FDC,458.4500122070313,468.4500122070313,454.0,461.25,121438
2024-06-18,FDC,461.3500061035156,469.0,456.0,457.9500122070313,119061
2024-06-19,FDC,459.7999877929688,465.7999877929688,456.9500122070313,461.1499938964844,78461
2024-06-20,FDC,462.3500061035156,462.3500061035156,451.6499938964844,458.4500122070313,98525
2024-06-21,FDC,458.5,462.5,456.0,460.7000122070313,76383
2024-06-24,FDC,459.8999938964844,473.0,457.5499877929688,460.2000122070313,172012
2024-06-25,FDC,461.0,466.2999877929688,460.7999877929688,463.2000122070313,81617
2024-06-26,FDC,464.0,466.75,461.1000061035156,462.2000122070313,108850
2024-06-27,FDC,465.1000061035156,469.5499877929688,452.0,457.6499938964844,877787
2024-06-28,FDC,456.8999938964844,473.6499938964844,455.6000061035156,462.0499877929688,176996
2024-06-03,FEDERALBNK,165.25,167.0,163.5500030517578,164.35000610351562,20720708
2024-06-04,FEDERALBNK,165.10000610351562,165.35000610351562,148.0,154.64999389648438,19975571
2024-06-05,FEDERALBNK,156.0,167.0500030517578,150.89999389648438,166.0500030517578,39670558
2024-06-06,FEDERALBNK,167.6999969482422,169.10000610351562,163.75,164.5500030517578,10103459
2024-06-07,FEDERALBNK,165.0,167.0500030517578,164.25,165.0500030517578,9139816
2024-06-10,FEDERALBNK,165.89999389648438,166.64999389648438,162.77000427246094,164.85000610351562,18888960
2024-06-11,FEDERALBNK,166.00999450683594,168.5399932861328,164.4499969482422,167.58999633789062,11979407
2024-06-12,FEDERALBNK,167.8000030517578,174.55999755859375,166.4499969482422,173.86000061035156,31959137
2024-06-13,FEDERALBNK,175.00999450683594,175.10000610351562,171.60000610351562,172.25999450683594,11800445
2024-06-14,FEDERALBNK,173.25999450683594,174.88999938964844,172.39999389648438,174.39999389648438,11108163
2024-06-18,FEDERALBNK,174.89999389648438,176.1999969482422,173.25,175.08999633789062,10019555
2024-06-19,FEDERALBNK,175.08999633789062,177.4499969482422,173.41000366210938,174.5500030517578,29598134
2024-06-20,FEDERALBNK,175.9499969482422,179.4600067138672,175.0,178.8800048828125,13690057
2024-06-21,FEDERALBNK,179.72999572753906,179.72999572753906,175.6999969482422,176.52000427246094,9510818
2024-06-24,FEDERALBNK,175.74000549316406,177.0,172.1300048828125,175.83999633789062,16360199
2024-06-25,FEDERALBNK,176.9499969482422,177.63999938964844,175.0500030517578,176.0,6501716
2024-06-26,FEDERALBNK,176.0,179.19000244140625,174.60000610351562,177.1699981689453,10907675
2024-06-27,FEDERALBNK,176.6999969482422,179.1999969482422,175.4600067138672,177.02000427246094,12594627
2024-06-28,FEDERALBNK,178.0,179.39999389648438,176.8000030517578,177.25,5586121
2024-06-03,FEDFINA,122.5,122.75,118.5,119.0,207550
2024-06-04,FEDFINA,120.0,120.75,111.0,114.1999969482422,469742
2024-06-05,FEDFINA,115.0,118.5999984741211,113.5,117.5500030517578,264399
2024-06-06,FEDFINA,118.25,121.4499969482422,118.25,120.9000015258789,191403
2024-06-07,FEDFINA,120.9000015258789,122.9000015258789,120.0,122.1999969482422,288620
2024-06-10,FEDFINA,122.3000030517578,123.11000061035156,121.51000213623048,121.66999816894533,130770
2024-06-11,FEDFINA,121.8000030517578,122.88999938964844,120.0,120.56999969482422,287862
2024-06-12,FEDFINA,122.0,124.66000366210938,120.8000030517578,123.6999969482422,920434
2024-06-13,FEDFINA,124.76000213623048,124.76000213623048,121.7300033569336,123.0,325429
2024-06-14,FEDFINA,123.5,123.5199966430664,121.2300033569336,121.88999938964844,348133
2024-06-18,FEDFINA,123.1999969482422,123.30999755859376,121.11000061035156,121.51000213623048,351107
2024-06-19,FEDFINA,121.63999938964844,123.44000244140624,121.63999938964844,122.3499984741211,338066
2024-06-20,FEDFINA,122.54000091552734,125.8000030517578,121.6999969482422,122.08999633789062,1120587
2024-06-21,FEDFINA,123.29000091552734,123.4000015258789,121.47000122070312,122.25,522737
2024-06-24,FEDFINA,122.0199966430664,123.0,120.51000213623048,122.56999969482422,250204
2024-06-25,FEDFINA,122.5999984741211,123.5,121.0500030517578,121.27999877929688,198732
2024-06-26,FEDFINA,121.6999969482422,122.18000030517578,121.06999969482422,121.56999969482422,152134
2024-06-27,FEDFINA,122.0,122.5,121.01000213623048,121.7699966430664,242077
2024-06-28,FEDFINA,122.5,123.19000244140624,121.0,121.70999908447266,405163
2024-06-03,FEL,0.800000011920929,0.800000011920929,0.75,0.75,485223
2024-06-04,FEL,0.75,0.800000011920929,0.75,0.75,268844
2024-06-05,FEL,0.800000011920929,0.800000011920929,0.699999988079071,0.75,750288
2024-06-06,FEL,0.75,0.800000011920929,0.699999988079071,0.75,731689
2024-06-07,FEL,0.75,0.800000011920929,0.75,0.800000011920929,295674
2024-06-10,FEL,0.800000011920929,0.800000011920929,0.7799999713897705,0.7900000214576721,532703
2024-06-11,FEL,0.800000011920929,0.800000011920929,0.7699999809265137,0.7699999809265137,329804
2024-06-12,FEL,0.7699999809265137,0.7799999713897705,0.7599999904632568,0.7799999713897705,127833
2024-06-13,FEL,0.7900000214576721,0.7900000214576721,0.7799999713897705,0.7799999713897705,214384
2024-06-14,FEL,0.7900000214576721,0.7900000214576721,0.7799999713897705,0.7900000214576721,191866
2024-06-18,FEL,0.7900000214576721,0.800000011920929,0.7799999713897705,0.7900000214576721,197370
2024-06-19,FEL,0.7900000214576721,0.800000011920929,0.7799999713897705,0.7799999713897705,195669
2024-06-20,FEL,0.7799999713897705,0.7900000214576721,0.7799999713897705,0.7900000214576721,207122
2024-06-21,FEL,0.7799999713897705,0.800000011920929,0.7799999713897705,0.7900000214576721,303558
2024-06-24,FEL,0.800000011920929,0.800000011920929,0.7699999809265137,0.7699999809265137,307954
2024-06-25,FEL,0.7799999713897705,0.7799999713897705,0.7799999713897705,0.7799999713897705,175870
2024-06-26,FEL,0.7900000214576721,0.7900000214576721,0.7799999713897705,0.7799999713897705,266539
2024-06-27,FEL,0.7900000214576721,0.7900000214576721,0.7799999713897705,0.7900000214576721,192830
2024-06-28,FEL,0.7900000214576721,0.800000011920929,0.7799999713897705,0.7799999713897705,129012
2024-06-03,FELDVR,5.900000095367432,5.900000095367432,5.800000190734863,5.900000095367432,44742
2024-06-04,FELDVR,5.900000095367432,5.949999809265137,5.599999904632568,5.599999904632568,18199
2024-06-05,FELDVR,5.650000095367432,5.800000190734863,5.349999904632568,5.550000190734863,5287
2024-06-06,FELDVR,5.349999904632568,5.699999809265137,5.300000190734863,5.300000190734863,15210
2024-06-07,FELDVR,5.5,5.550000190734863,5.199999809265137,5.5,18123
2024-06-10,FELDVR,5.550000190734863,5.599999904632568,5.21999979019165,5.289999961853027,16048
2024-06-11,FELDVR,5.289999961853027,5.550000190734863,5.019999980926514,5.210000038146973,6854
2024-06-12,FELDVR,5.21999979019165,5.46999979019165,5.21999979019165,5.460000038146973,31806
2024-06-13,FELDVR,5.199999809265137,5.730000019073486,5.199999809265137,5.659999847412109,12916
2024-06-14,FELDVR,5.659999847412109,5.889999866485596,5.380000114440918,5.610000133514404,50774
2024-06-18,FELDVR,5.619999885559082,5.849999904632568,5.610000133514404,5.659999847412109,3114
2024-06-19,FELDVR,5.420000076293945,5.940000057220459,5.420000076293945,5.730000019073486,29298
2024-06-20,FELDVR,5.699999809265137,5.96999979019165,5.570000171661377,5.809999942779541,14877
2024-06-21,FELDVR,6.0,6.099999904632568,5.599999904632568,6.090000152587891,26643
2024-06-24,FELDVR,6.389999866485596,6.389999866485596,6.300000190734863,6.369999885559082,39515
2024-06-25,FELDVR,6.369999885559082,6.679999828338623,6.070000171661377,6.329999923706055,73291
2024-06-26,FELDVR,6.639999866485596,6.639999866485596,6.059999942779541,6.170000076293945,19223
2024-06-27,FELDVR,5.869999885559082,6.46999979019165,5.869999885559082,6.449999809265137,16547
2024-06-28,FELDVR,6.449999809265137,6.449999809265137,6.119999885559082,6.139999866485596,15984
2024-06-03,FIBERWEB,42.45000076293945,43.5,39.150001525878906,39.75,151683
2024-06-04,FIBERWEB,40.34999847412109,40.34999847412109,35.099998474121094,36.20000076293945,124575
2024-06-05,FIBERWEB,36.59999847412109,38.900001525878906,36.59999847412109,38.09999847412109,130242
2024-06-06,FIBERWEB,38.650001525878906,39.900001525878906,38.09999847412109,39.400001525878906,98886
2024-06-07,FIBERWEB,39.95000076293945,40.900001525878906,39.0,40.25,128547
2024-06-10,FIBERWEB,40.84999847412109,40.84999847412109,38.400001525878906,39.31999969482422,143804
2024-06-11,FIBERWEB,39.25,41.79999923706055,38.54999923706055,40.380001068115234,125638
2024-06-12,FIBERWEB,40.29999923706055,41.630001068115234,39.5099983215332,39.84000015258789,153216
2024-06-13,FIBERWEB,40.34999847412109,42.0,37.77000045776367,40.84000015258789,379095
2024-06-14,FIBERWEB,40.79999923706055,41.77999877929688,39.220001220703125,40.0099983215332,123091
2024-06-18,FIBERWEB,40.04999923706055,40.79999923706055,39.29999923706055,40.380001068115234,85204
2024-06-19,FIBERWEB,40.900001525878906,41.79999923706055,39.38999938964844,40.02999877929688,90493
2024-06-20,FIBERWEB,39.5,41.5,39.5,40.25,137441
2024-06-21,FIBERWEB,40.5,40.90999984741211,39.11000061035156,39.52999877929688,113250
2024-06-24,FIBERWEB,39.25,40.09999847412109,38.70000076293945,38.900001525878906,112452
2024-06-25,FIBERWEB,39.380001068115234,40.34999847412109,38.70000076293945,39.04999923706055,96513
2024-06-26,FIBERWEB,39.4900016784668,46.86000061035156,39.20000076293945,46.86000061035156,2985905
2024-06-27,FIBERWEB,47.5,48.880001068115234,43.77000045776367,44.650001525878906,2225529
2024-06-28,FIBERWEB,45.0099983215332,45.93999862670898,43.900001525878906,44.16999816894531,437782
2024-06-03,FIEMIND,1221.1500244140625,1313.949951171875,1146.0,1241.9000244140625,1527650
2024-06-04,FIEMIND,1224.050048828125,1224.050048828125,1120.0,1161.0,146747
2024-06-05,FIEMIND,1180.0,1288.0,1144.550048828125,1245.800048828125,313325
2024-06-06,FIEMIND,1260.0,1276.300048828125,1226.050048828125,1235.5,215205
2024-06-07,FIEMIND,1237.050048828125,1312.0,1236.0,1300.800048828125,659673
2024-06-10,FIEMIND,1320.0,1325.800048828125,1245.5999755859375,1279.300048828125,428806
2024-06-11,FIEMIND,1285.0,1318.0,1285.0,1292.449951171875,227716
2024-06-12,FIEMIND,1315.0,1322.550048828125,1261.5,1271.6500244140625,318829
2024-06-13,FIEMIND,1284.75,1310.0,1270.0,1278.6500244140625,168580
2024-06-14,FIEMIND,1300.0,1314.0,1239.0,1253.800048828125,298336
2024-06-18,FIEMIND,1253.800048828125,1356.5999755859375,1224.0,1319.949951171875,1747779
2024-06-19,FIEMIND,1335.9000244140625,1339.25,1275.8499755859375,1282.9000244140625,182311
2024-06-20,FIEMIND,1292.4000244140625,1300.0,1250.0,1270.5,293699
2024-06-21,FIEMIND,1275.5999755859375,1307.4000244140625,1271.0,1281.3499755859375,88931
2024-06-24,FIEMIND,1286.3499755859375,1312.4000244140625,1272.0,1276.050048828125,213610
2024-06-25,FIEMIND,1279.25,1309.800048828125,1276.0,1280.300048828125,165880
2024-06-26,FIEMIND,1285.0,1336.0,1280.0999755859375,1323.050048828125,238848
2024-06-27,FIEMIND,1336.3499755859375,1340.0,1295.0,1298.300048828125,213996
2024-06-28,FIEMIND,1305.0,1315.0,1272.25,1277.8499755859375,187887
2024-06-03,FILATEX,56.0,56.0,52.84999847412109,54.25,1345615
2024-06-04,FILATEX,54.5,54.54999923706055,48.0,50.84999847412109,1731684
2024-06-05,FILATEX,51.5,52.5,48.75,50.79999923706055,1135263
2024-06-06,FILATEX,51.34999847412109,53.59999847412109,51.29999923706055,52.34999847412109,1091583
2024-06-07,FILATEX,52.95000076293945,55.59999847412109,52.34999847412109,53.84999847412109,2238623
2024-06-10,FILATEX,54.25,55.400001525878906,53.52999877929688,53.68999862670898,1720568
2024-06-11,FILATEX,53.7599983215332,54.650001525878906,53.09999847412109,53.4900016784668,1159691
2024-06-12,FILATEX,53.88999938964844,55.810001373291016,53.83000183105469,54.38999938964844,2762714
2024-06-13,FILATEX,55.0,56.20000076293945,54.0099983215332,54.25,1836139
2024-06-14,FILATEX,54.34999847412109,55.59000015258789,54.34999847412109,54.880001068115234,1046334
2024-06-18,FILATEX,55.09999847412109,55.369998931884766,53.790000915527344,54.220001220703125,1301274
2024-06-19,FILATEX,54.43000030517578,54.880001068115234,53.150001525878906,53.59999847412109,1501296
2024-06-20,FILATEX,53.59999847412109,55.66999816894531,53.59999847412109,55.0,1750654
2024-06-21,FILATEX,54.9900016784668,59.5,54.84000015258789,58.15999984741211,8916391
2024-06-24,FILATEX,58.15999984741211,58.400001525878906,56.470001220703125,57.41999816894531,2034152
2024-06-25,FILATEX,57.630001068115234,61.02000045776367,57.630001068115234,58.40999984741211,7225226
2024-06-26,FILATEX,58.7599983215332,60.45000076293945,58.0099983215332,59.79999923706055,2920011
2024-06-27,FILATEX,60.0,60.63999938964844,57.22999954223633,57.86000061035156,2006955
2024-06-28,FILATEX,58.09999847412109,58.540000915527344,57.2599983215332,57.7599983215332,1471235
2024-06-03,FILATFASH,2.4800000190734863,2.4800000190734863,2.0899999141693115,2.119999885559082,69943855
2024-06-04,FILATFASH,2.140000104904175,2.25,1.7000000476837158,2.039999961853028,43747455
2024-06-05,FILATFASH,2.0999999046325684,2.140000104904175,1.9299999475479128,2.049999952316284,13053360
2024-06-06,FILATFASH,2.0999999046325684,2.220000028610229,2.059999942779541,2.190000057220459,18046465
2024-06-07,FILATFASH,2.200000047683716,2.289999961853028,2.109999895095825,2.140000104904175,15891110
2024-06-10,FILATFASH,2.200000047683716,2.25,2.0980000495910645,2.194000005722046,14558035
2024-06-11,FILATFASH,2.2160000801086426,2.2300000190734863,2.115999937057495,2.191999912261963,13545440
2024-06-12,FILATFASH,2.220000028610229,2.400000095367432,2.078000068664551,2.125999927520752,74628615
2024-06-13,FILATFASH,2.140000104904175,2.2219998836517334,2.138000011444092,2.1559998989105225,15547040
2024-06-14,FILATFASH,2.191999912261963,2.25,2.0980000495910645,2.134000062942505,78008800
2024-06-18,FILATFASH,2.180000066757202,2.187999963760376,2.063999891281128,2.075999975204468,28389280
2024-06-19,FILATFASH,2.0840001106262207,2.1700000762939453,1.9700000286102293,1.99399995803833,64426010
2024-06-20,FILATFASH,2.0160000324249268,2.059999942779541,1.906000018119812,1.9119999408721924,70279840
2024-06-21,FILATFASH,1.940000057220459,1.940000057220459,1.7699999809265137,1.7920000553131104,84953545
2024-06-24,FILATFASH,1.7960000038146973,1.8179999589920044,1.684000015258789,1.6959999799728394,61192100
2024-06-25,FILATFASH,1.694000005722046,1.7979999780654907,1.6200000047683716,1.7400000095367432,94332375
2024-06-26,FILATFASH,1.77400004863739,1.8459999561309808,1.631999969482422,1.6419999599456787,83062325
2024-06-27,FILATFASH,1.6660000085830688,1.6660000085830688,1.52400004863739,1.5499999523162842,73322985
2024-06-28,FILATFASH,1.559999942779541,1.690000057220459,1.5499999523162842,1.6440000534057615,73243785
2024-06-03,FINCABLES,1500.0,1500.0,1430.0,1468.5,338800
2024-06-04,FINCABLES,1468.5,1470.0,1330.0,1366.300048828125,323229
2024-06-05,FINCABLES,1370.0,1405.0,1300.050048828125,1399.25,206771
2024-06-06,FINCABLES,1409.800048828125,1541.8499755859375,1409.800048828125,1519.300048828125,646976
2024-06-07,FINCABLES,1532.0,1532.0,1460.699951171875,1473.800048828125,486803
2024-06-10,FINCABLES,1502.5,1586.699951171875,1471.949951171875,1560.800048828125,684489
2024-06-11,FINCABLES,1549.0,1584.699951171875,1525.0,1557.5,545139
2024-06-12,FINCABLES,1569.449951171875,1595.0,1537.5,1556.3499755859375,272831
2024-06-13,FINCABLES,1557.050048828125,1575.0,1546.0,1566.699951171875,183667
2024-06-14,FINCABLES,1578.699951171875,1629.949951171875,1568.0,1594.550048828125,291500
2024-06-18,FINCABLES,1608.0,1623.25,1552.0,1574.25,169268
2024-06-19,FINCABLES,1580.0,1601.0,1550.0,1565.8499755859375,119093
2024-06-20,FINCABLES,1554.949951171875,1575.0,1510.050048828125,1570.449951171875,250009
2024-06-21,FINCABLES,1584.949951171875,1620.0,1540.0,1568.4000244140625,340397
2024-06-24,FINCABLES,1561.5,1635.0,1545.4000244140625,1611.75,238390
2024-06-25,FINCABLES,1623.0,1700.0,1620.300048828125,1641.699951171875,395728
2024-06-26,FINCABLES,1640.0,1657.199951171875,1597.0,1607.75,139343
2024-06-27,FINCABLES,1608.5999755859375,1624.9000244140625,1565.0,1573.5,142189
2024-06-28,FINCABLES,1587.9000244140625,1599.5,1551.050048828125,1559.4000244140625,110326
2024-06-03,FINEORG,4550.0,4550.0,4377.0,4398.4501953125,25981
2024-06-04,FINEORG,4398.4501953125,4432.85009765625,4230.0,4370.64990234375,44666
2024-06-05,FINEORG,4370.64990234375,4450.0,4280.0,4391.39990234375,20279
2024-06-06,FINEORG,4391.0,4491.2998046875,4361.0,4457.0,12471
2024-06-07,FINEORG,4482.9501953125,4578.0,4457.0498046875,4487.10009765625,19865
2024-06-10,FINEORG,4510.0,4652.25,4487.0,4604.4501953125,41859
2024-06-11,FINEORG,4629.9501953125,4770.0,4607.2001953125,4674.4501953125,57054
2024-06-12,FINEORG,4721.2001953125,4730.0,4601.2001953125,4712.2001953125,32382
2024-06-13,FINEORG,4691.2998046875,4719.0,4650.0498046875,4697.5,21249
2024-06-14,FINEORG,4670.0498046875,4735.0,4662.5498046875,4673.4501953125,49843
2024-06-18,FINEORG,4673.4501953125,4699.9501953125,4630.0498046875,4661.39990234375,20729
2024-06-19,FINEORG,4684.75,4873.89990234375,4642.5498046875,4721.7001953125,65443
2024-06-20,FINEORG,4749.9501953125,4870.0,4705.4501953125,4810.5498046875,45994
2024-06-21,FINEORG,4859.0,4859.39990234375,4720.0,4742.4501953125,28004
2024-06-24,FINEORG,4742.4501953125,4829.4501953125,4700.0,4757.2001953125,31440
2024-06-25,FINEORG,4774.0,4865.35009765625,4770.0,4788.5498046875,27059
2024-06-26,FINEORG,4788.0,4942.0,4742.10009765625,4892.2001953125,63274
2024-06-27,FINEORG,4937.0,4937.0,4832.64990234375,4893.7001953125,70895
2024-06-28,FINEORG,4895.0,4922.0,4760.0,4890.0498046875,50476
2024-06-03,FINOPB,276.0,278.0,267.95001220703125,276.70001220703125,88771
2024-06-04,FINOPB,276.70001220703125,277.8999938964844,251.3000030517578,255.1499938964844,100355
2024-06-05,FINOPB,260.29998779296875,263.70001220703125,253.3999938964844,257.3999938964844,62121
2024-06-06,FINOPB,261.25,276.6499938964844,261.25,272.54998779296875,70995
2024-06-07,FINOPB,274.0,277.5,272.79998779296875,274.5,32135
2024-06-10,FINOPB,274.0,284.95001220703125,274.0,282.3999938964844,93991
2024-06-11,FINOPB,283.3999938964844,287.0,276.04998779296875,280.0,98523
2024-06-12,FINOPB,280.3500061035156,289.0,280.3500061035156,282.75,119208
2024-06-13,FINOPB,282.75,290.5,280.0,282.3999938964844,131204
2024-06-14,FINOPB,284.8999938964844,287.3999938964844,281.5,284.95001220703125,42088
2024-06-18,FINOPB,287.79998779296875,292.0,283.8500061035156,285.04998779296875,48544
2024-06-19,FINOPB,288.04998779296875,342.04998779296875,288.04998779296875,342.04998779296875,6220330
2024-06-20,FINOPB,349.45001220703125,363.0,340.8999938964844,345.3500061035156,5762030
2024-06-21,FINOPB,344.6499938964844,373.9500122070313,316.6499938964844,329.70001220703125,4378914
2024-06-24,FINOPB,322.1000061035156,328.0,305.54998779296875,312.45001220703125,1194540
2024-06-25,FINOPB,314.70001220703125,319.0,307.5,316.54998779296875,502357
2024-06-26,FINOPB,317.45001220703125,317.45001220703125,298.5,300.3500061035156,385244
2024-06-27,FINOPB,303.0,307.6000061035156,297.0,300.45001220703125,338597
2024-06-28,FINOPB,297.5,303.6499938964844,291.6000061035156,293.54998779296875,220040
2024-06-03,FINPIPE,320.0,341.0,316.1000061035156,335.8999938964844,3142916
2024-06-04,FINPIPE,325.8999938964844,346.3999938964844,307.1000061035156,322.6499938964844,4122053
2024-06-05,FINPIPE,328.3500061035156,349.0,316.1000061035156,341.0,1828884
2024-06-06,FINPIPE,350.0,350.0,337.75,341.54998779296875,1079944
2024-06-07,FINPIPE,342.6000061035156,355.8999938964844,337.0,350.29998779296875,2755154
2024-06-10,FINPIPE,350.0,354.70001220703125,343.29998779296875,347.04998779296875,1020291
2024-06-11,FINPIPE,347.04998779296875,349.5,338.1000061035156,340.3999938964844,834171
2024-06-12,FINPIPE,344.45001220703125,344.45001220703125,337.0,339.25,662870
2024-06-13,FINPIPE,340.95001220703125,346.95001220703125,335.20001220703125,335.79998779296875,771974
2024-06-14,FINPIPE,338.0,338.0,331.0,332.45001220703125,501937
2024-06-18,FINPIPE,338.29998779296875,338.29998779296875,327.29998779296875,331.3999938964844,686488
2024-06-19,FINPIPE,333.0,333.0,325.20001220703125,329.1499938964844,514109
2024-06-20,FINPIPE,330.54998779296875,331.79998779296875,324.5,326.1499938964844,533499
2024-06-21,FINPIPE,326.1499938964844,338.0,322.79998779296875,332.79998779296875,2552207
2024-06-24,FINPIPE,333.75,335.70001220703125,327.20001220703125,332.8999938964844,906555
2024-06-25,FINPIPE,334.5,340.0,329.8999938964844,334.70001220703125,1359007
2024-06-26,FINPIPE,333.1000061035156,341.0,329.8999938964844,333.6000061035156,948681
2024-06-27,FINPIPE,334.79998779296875,334.79998779296875,323.04998779296875,327.70001220703125,520563
2024-06-28,FINPIPE,329.1499938964844,329.25,316.5,325.45001220703125,842750
2024-06-03,FIVESTAR,772.0,780.0,735.75,748.5999755859375,493021
2024-06-04,FIVESTAR,740.0499877929688,776.5,714.7000122070312,740.5999755859375,1502752
2024-06-05,FIVESTAR,759.0,760.0,725.5499877929688,740.3499755859375,250128
2024-06-06,FIVESTAR,741.9000244140625,775.2999877929688,741.9000244140625,772.25,397433
2024-06-07,FIVESTAR,788.0,862.75,785.0,791.0999755859375,3600238
2024-06-10,FIVESTAR,791.0999755859375,822.75,791.0999755859375,812.1500244140625,619078
2024-06-11,FIVESTAR,812.4000244140625,824.2000122070312,791.9500122070312,796.8499755859375,477694
2024-06-12,FIVESTAR,796.8499755859375,803.2000122070312,790.9500122070312,796.2999877929688,225547
2024-06-13,FIVESTAR,797.0,822.9500122070312,792.2000122070312,797.0499877929688,468695
2024-06-14,FIVESTAR,797.0499877929688,823.7000122070312,797.0499877929688,809.9000244140625,550842
2024-06-18,FIVESTAR,822.5,831.9000244140625,796.2999877929688,803.9500122070312,384732
2024-06-19,FIVESTAR,805.9500122070312,823.8499755859375,801.0,813.9000244140625,454254
2024-06-20,FIVESTAR,816.0,834.0,805.25,821.5499877929688,342042
2024-06-21,FIVESTAR,830.2000122070312,837.9000244140625,814.0,823.1500244140625,233737
2024-06-24,FIVESTAR,824.5,824.5,794.4500122070312,799.4000244140625,187554
2024-06-25,FIVESTAR,800.0999755859375,805.3499755859375,789.7999877929688,794.0999755859375,157215
2024-06-26,FIVESTAR,794.0,808.7999877929688,779.5499877929688,804.9000244140625,237921
2024-06-27,FIVESTAR,806.5,824.5,782.6500244140625,792.9000244140625,317831
2024-06-28,FIVESTAR,792.9000244140625,798.9500122070312,784.5,793.25,235416
2024-06-03,FLAIR,289.75,296.8999938964844,285.1499938964844,290.1000061035156,77879
2024-06-04,FLAIR,290.1000061035156,297.54998779296875,282.29998779296875,285.45001220703125,333701
2024-06-05,FLAIR,285.45001220703125,292.75,284.0,286.25,100425
2024-06-06,FLAIR,288.0,295.6000061035156,286.54998779296875,289.25,76943
2024-06-07,FLAIR,293.0,293.0,288.20001220703125,288.95001220703125,63798
2024-06-10,FLAIR,292.0,295.3999938964844,289.0,290.29998779296875,81563
2024-06-11,FLAIR,290.54998779296875,299.04998779296875,290.54998779296875,293.8500061035156,103098
2024-06-12,FLAIR,298.95001220703125,298.95001220703125,294.79998779296875,296.79998779296875,58448
2024-06-13,FLAIR,298.95001220703125,302.79998779296875,293.8500061035156,296.6499938964844,91365
2024-06-14,FLAIR,300.0,300.0,291.54998779296875,293.0,93413
2024-06-18,FLAIR,295.0,297.8999938964844,288.45001220703125,290.29998779296875,346604
2024-06-19,FLAIR,291.04998779296875,298.6000061035156,289.29998779296875,295.79998779296875,130979
2024-06-20,FLAIR,295.79998779296875,297.8999938964844,290.0,292.45001220703125,97634
2024-06-21,FLAIR,293.79998779296875,298.54998779296875,293.0,294.6499938964844,78018
2024-06-24,FLAIR,296.95001220703125,303.25,293.29998779296875,300.25,151445
2024-06-25,FLAIR,302.0,302.0,296.0,299.0,267722
2024-06-26,FLAIR,298.0,303.8500061035156,297.0,297.1499938964844,69239
2024-06-27,FLAIR,297.1499938964844,302.70001220703125,295.04998779296875,300.1499938964844,77308
2024-06-28,FLAIR,300.1499938964844,306.0,298.20001220703125,300.20001220703125,130576
2024-06-03,FLEXITUFF,31.549999237060547,31.75,30.0,31.0,12015
2024-06-04,FLEXITUFF,31.0,31.450000762939453,29.450000762939453,29.450000762939453,5282
2024-06-05,FLEXITUFF,29.64999961853028,30.350000381469727,29.0,30.299999237060547,9336
2024-06-06,FLEXITUFF,31.200000762939453,31.75,30.299999237060547,30.799999237060547,35607
2024-06-07,FLEXITUFF,30.0,32.0,30.0,31.0,26498
2024-06-10,FLEXITUFF,31.3799991607666,32.54999923706055,31.25,32.2400016784668,5636
2024-06-11,FLEXITUFF,32.2400016784668,32.9900016784668,31.350000381469727,31.64999961853028,12966
2024-06-12,FLEXITUFF,31.64999961853028,32.0,31.0,31.059999465942383,34637
2024-06-13,FLEXITUFF,31.68000030517578,31.89999961853028,31.0,31.520000457763672,8699
2024-06-14,FLEXITUFF,31.989999771118164,31.989999771118164,31.200000762939453,31.88999938964844,3330
2024-06-18,FLEXITUFF,31.88999938964844,32.0,30.32999992370605,30.989999771118164,16141
2024-06-19,FLEXITUFF,30.989999771118164,32.25,30.200000762939453,31.0,8009
2024-06-20,FLEXITUFF,30.5,31.5,30.5,30.93000030517578,8924
2024-06-21,FLEXITUFF,31.549999237060547,31.549999237060547,30.049999237060547,30.479999542236328,15206
2024-06-24,FLEXITUFF,30.5,30.799999237060547,30.200000762939453,30.309999465942383,4352
2024-06-25,FLEXITUFF,30.5,31.0,29.549999237060547,30.11000061035156,2977
2024-06-26,FLEXITUFF,29.01000022888184,31.5,29.01000022888184,30.46999931335449,6462
2024-06-27,FLEXITUFF,30.5,30.89999961853028,29.64999961853028,30.520000457763672,4707
2024-06-28,FLEXITUFF,30.520000457763672,30.520000457763672,30.0,30.200000762939453,3838
2024-06-03,FLFL,2.0999999046325684,2.150000095367432,2.0,2.049999952316284,65910
2024-06-04,FLFL,2.0999999046325684,2.0999999046325684,1.950000047683716,1.950000047683716,84815
2024-06-05,FLFL,2.0,2.0,1.850000023841858,1.950000047683716,126337
2024-06-06,FLFL,2.0,2.0,1.899999976158142,1.950000047683716,42106
2024-06-07,FLFL,1.899999976158142,2.0,1.899999976158142,2.0,74989
2024-06-10,FLFL,2.049999952316284,2.0999999046325684,2.0,2.0899999141693115,58655
2024-06-11,FLFL,2.0899999141693115,2.190000057220459,2.0899999141693115,2.190000057220459,115853
2024-06-12,FLFL,2.289999961853028,2.289999961853028,2.190000057220459,2.2799999713897705,101516
2024-06-13,FLFL,2.390000104904175,2.390000104904175,2.299999952316284,2.380000114440918,99539
2024-06-14,FLFL,2.4800000190734863,2.490000009536743,2.390000104904175,2.4800000190734863,159125
2024-06-18,FLFL,2.5899999141693115,2.5999999046325684,2.5,2.5899999141693115,140853
2024-06-19,FLFL,2.5999999046325684,2.7100000381469727,2.5999999046325684,2.690000057220459,247504
2024-06-20,FLFL,2.7100000381469727,2.7799999713897705,2.549999952316284,2.549999952316284,251148
2024-06-21,FLFL,2.549999952316284,2.5999999046325684,2.4200000762939453,2.4200000762939453,72212
2024-06-24,FLFL,2.5,2.5,2.299999952316284,2.4100000858306885,102740
2024-06-25,FLFL,2.369999885559082,2.470000028610229,2.2799999713897705,2.289999961853028,93880
2024-06-26,FLFL,2.240000009536743,2.3499999046325684,2.2100000381469727,2.240000009536743,39927
2024-06-27,FLFL,2.3399999141693115,2.3499999046325684,2.259999990463257,2.3399999141693115,71712
2024-06-28,FLFL,2.299999952316284,2.440000057220459,2.299999952316284,2.4100000858306885,91556
2024-06-03,FLUOROCHEM,3200.0,3200.0,3054.300048828125,3079.75,46226
2024-06-04,FLUOROCHEM,3118.0,3119.85009765625,2476.0,2782.39990234375,366408
2024-06-05,FLUOROCHEM,2897.949951171875,2990.0,2762.64990234375,2930.050048828125,94464
2024-06-06,FLUOROCHEM,2946.35009765625,2993.64990234375,2871.800048828125,2906.89990234375,153455
2024-06-07,FLUOROCHEM,2918.85009765625,3030.0,2917.75,2972.550048828125,74649
2024-06-10,FLUOROCHEM,3014.449951171875,3111.0,2991.949951171875,3080.449951171875,65071
2024-06-11,FLUOROCHEM,3098.699951171875,3232.75,3047.5,3187.89990234375,107415
2024-06-12,FLUOROCHEM,3184.050048828125,3368.0,3129.449951171875,3222.85009765625,414398
2024-06-13,FLUOROCHEM,3250.0,3299.0,3223.0,3290.75,127784
2024-06-14,FLUOROCHEM,3310.0,3314.0,3246.449951171875,3266.85009765625,50464
2024-06-18,FLUOROCHEM,3263.64990234375,3266.5,3161.300048828125,3196.14990234375,132846
2024-06-19,FLUOROCHEM,3190.0,3278.0,3138.89990234375,3259.800048828125,99518
2024-06-20,FLUOROCHEM,3273.89990234375,3499.949951171875,3237.0,3394.89990234375,462128
2024-06-21,FLUOROCHEM,3448.0,3450.0,3311.35009765625,3377.60009765625,1796741
2024-06-24,FLUOROCHEM,3360.0,3375.0,3281.0,3305.199951171875,113941
2024-06-25,FLUOROCHEM,3309.0,3369.89990234375,3288.050048828125,3332.25,56572
2024-06-26,FLUOROCHEM,3348.449951171875,3405.60009765625,3280.050048828125,3320.10009765625,96101
2024-06-27,FLUOROCHEM,3320.10009765625,3336.699951171875,3189.050048828125,3223.5,92976
2024-06-28,FLUOROCHEM,3236.14990234375,3260.0,3180.449951171875,3192.35009765625,84828
2024-06-03,FMGOETZE,395.0,404.0,388.0499877929688,396.5,720189
2024-06-04,FMGOETZE,397.0,397.0499877929688,365.0,375.6000061035156,391007
2024-06-05,FMGOETZE,379.0,385.7000122070313,367.0,383.5,119554
2024-06-06,FMGOETZE,384.1000061035156,393.1499938964844,381.1000061035156,390.7000122070313,144015
2024-06-07,FMGOETZE,390.6499938964844,397.5499877929688,388.7999877929688,393.0,282068
2024-06-10,FMGOETZE,395.0,420.5,393.9500122070313,407.9500122070313,818380
2024-06-11,FMGOETZE,411.0499877929688,429.0,411.0,419.3500061035156,640816
2024-06-12,FMGOETZE,423.3999938964844,427.7000122070313,415.1499938964844,416.7999877929688,208231
2024-06-13,FMGOETZE,421.0,425.0,415.1499938964844,419.7999877929688,173751
2024-06-14,FMGOETZE,423.9500122070313,444.0,418.6499938964844,435.75,785167
2024-06-18,FMGOETZE,438.0,444.8500061035156,431.3999938964844,435.1000061035156,231710
2024-06-19,FMGOETZE,441.6000061035156,451.1499938964844,436.3999938964844,444.0499877929688,601263
2024-06-20,FMGOETZE,447.0,453.1000061035156,440.1000061035156,443.1499938964844,223592
2024-06-21,FMGOETZE,446.6000061035156,448.2000122070313,434.7999877929688,437.2000122070313,156487
2024-06-24,FMGOETZE,435.9500122070313,458.6000061035156,428.5,451.6000061035156,351776
2024-06-25,FMGOETZE,444.6499938964844,448.9500122070313,441.6000061035156,445.2999877929688,171279
2024-06-26,FMGOETZE,445.2999877929688,449.0,442.0,445.1000061035156,109140
2024-06-27,FMGOETZE,445.1000061035156,454.5,429.0,435.1000061035156,248551
2024-06-28,FMGOETZE,437.7000122070313,444.6000061035156,434.8500061035156,441.7000122070313,91703
2024-06-03,FMNL,7.849999904632568,7.849999904632568,7.849999904632568,7.849999904632568,69807
2024-06-04,FMNL,8.199999809265137,8.199999809265137,7.449999809265137,7.449999809265137,376441
2024-06-05,FMNL,7.300000190734863,7.400000095367432,7.099999904632568,7.099999904632568,232845
2024-06-06,FMNL,7.050000190734863,7.400000095367432,6.75,6.75,201879
2024-06-07,FMNL,6.900000095367432,7.050000190734863,6.800000190734863,6.949999809265137,173938
2024-06-10,FMNL,7.28000020980835,7.28000020980835,7.0,7.090000152587891,123906
2024-06-11,FMNL,7.389999866485596,7.400000095367432,6.909999847412109,6.940000057220459,138072
2024-06-12,FMNL,6.940000057220459,7.239999771118164,6.610000133514404,6.769999980926514,355303
2024-06-13,FMNL,7.090000152587891,7.090000152587891,6.809999942779541,6.949999809265137,118219
2024-06-14,FMNL,6.860000133514404,7.199999809265137,6.860000133514404,6.949999809265137,164568
2024-06-18,FMNL,7.230000019073486,7.230000019073486,6.599999904632568,7.010000228881836,162865
2024-06-19,FMNL,7.139999866485596,7.139999866485596,6.730000019073486,6.829999923706055,114524
2024-06-20,FMNL,7.070000171661377,7.070000171661377,6.820000171661377,7.010000228881836,54995
2024-06-21,FMNL,7.150000095367432,7.150000095367432,6.75,6.949999809265137,99608
2024-06-24,FMNL,7.130000114440918,7.130000114440918,6.800000190734863,6.849999904632568,86829
2024-06-25,FMNL,6.960000038146973,7.03000020980835,6.71999979019165,6.889999866485596,85996
2024-06-26,FMNL,6.889999866485596,6.889999866485596,6.75,6.760000228881836,39873
2024-06-27,FMNL,6.699999809265137,6.889999866485596,6.420000076293945,6.53000020980835,218247
2024-06-28,FMNL,6.820000171661377,6.820000171661377,6.420000076293945,6.570000171661377,149026
2024-06-03,FOCUS,159.0,160.0,151.1999969482422,153.64999389648438,581686
2024-06-04,FOCUS,152.10000610351562,155.9499969482422,140.0,149.89999389648438,438179
2024-06-05,FOCUS,148.4499969482422,160.89999389648438,148.4499969482422,157.25,603112
2024-06-06,FOCUS,159.60000610351562,163.0,157.8000030517578,159.89999389648438,776927
2024-06-07,FOCUS,162.0,163.0,159.0500030517578,160.39999389648438,415676
2024-06-10,FOCUS,161.5,165.89999389648438,159.88999938964844,161.0500030517578,541455
2024-06-11,FOCUS,163.0,163.0,157.0,157.47999572753906,1016114
2024-06-12,FOCUS,156.0,159.39999389648438,156.0,158.63999938964844,121556
2024-06-13,FOCUS,159.75,159.75,153.0500030517578,154.00999450683594,918438
2024-06-14,FOCUS,155.0,157.3000030517578,153.85000610351562,156.0500030517578,554151
2024-06-18,FOCUS,156.0500030517578,158.39999389648438,151.02000427246094,153.08999633789062,863252
2024-06-19,FOCUS,153.6999969482422,155.0,151.00999450683594,151.82000732421875,210489
2024-06-20,FOCUS,152.8699951171875,154.38999938964844,151.80999755859375,153.6199951171875,96730
2024-06-21,FOCUS,153.60000610351562,156.0,153.0,154.11000061035156,88261
2024-06-24,FOCUS,156.9600067138672,156.9600067138672,153.02000427246094,153.9499969482422,238823
2024-06-25,FOCUS,155.0399932861328,155.4600067138672,152.00999450683594,152.97999572753906,119420
2024-06-26,FOCUS,154.07000732421875,154.07000732421875,150.10000610351562,151.9499969482422,258502
2024-06-27,FOCUS,152.1999969482422,152.1999969482422,149.74000549316406,151.16000366210938,250702
2024-06-28,FOCUS,151.8000030517578,152.94000244140625,149.0,150.2100067138672,152634
2024-06-03,FOODSIN,149.89999389648438,150.35000610351562,142.8000030517578,143.5500030517578,335219
2024-06-04,FOODSIN,142.3000030517578,142.75,133.0,138.25,482618
2024-06-05,FOODSIN,135.10000610351562,148.64999389648438,135.0500030517578,144.10000610351562,287702
2024-06-06,FOODSIN,147.25,147.25,144.0,144.4499969482422,186935
2024-06-07,FOODSIN,145.35000610351562,150.5,145.1999969482422,147.3000030517578,289461
2024-06-10,FOODSIN,148.8000030517578,153.6999969482422,146.5,149.6699981689453,231000
2024-06-11,FOODSIN,149.89999389648438,152.0,148.5,150.9199981689453,113236
2024-06-12,FOODSIN,150.89999389648438,155.97999572753906,150.0800018310547,150.85000610351562,163964
2024-06-13,FOODSIN,151.66000366210938,151.66000366210938,148.36000061035156,150.0,119424
2024-06-14,FOODSIN,150.67999267578125,154.0,147.6999969482422,149.72999572753906,238092
2024-06-18,FOODSIN,150.25,151.0399932861328,147.60000610351562,149.27000427246094,128164
2024-06-19,FOODSIN,149.60000610351562,153.0,147.0,148.02999877929688,185604
2024-06-20,FOODSIN,148.5500030517578,152.99000549316406,148.5500030517578,150.47999572753906,258842
2024-06-21,FOODSIN,151.25,154.60000610351562,150.50999450683594,154.1999969482422,312817
2024-06-24,FOODSIN,154.35000610351562,155.88999938964844,150.60000610351562,151.42999267578125,167738
2024-06-25,FOODSIN,152.14999389648438,152.63999938964844,148.2100067138672,149.50999450683594,176074
2024-06-26,FOODSIN,150.0,150.7899932861328,148.3300018310547,148.6699981689453,140098
2024-06-27,FOODSIN,148.0,149.4499969482422,146.30999755859375,146.97000122070312,168305
2024-06-28,FOODSIN,147.75,149.0500030517578,146.16000366210938,147.14999389648438,99511
2024-06-03,IRCTC,1084.949951171875,1084.949951171875,1038.199951171875,1054.25,3598463
2024-06-04,IRCTC,1056.0,1056.0,845.2999877929688,912.0499877929688,11464052
2024-06-05,IRCTC,945.0,945.0,858.0,918.9000244140624,8798437
2024-06-06,IRCTC,942.9000244140624,984.8499755859376,925.7000122070312,973.2999877929688,5451521
2024-06-07,IRCTC,978.0,982.5999755859376,965.0,977.75,2476737
2024-06-10,IRCTC,990.0,990.8499755859376,972.5999755859376,977.9000244140624,2242074
2024-06-11,IRCTC,985.0999755859376,1036.0,982.5999755859376,1020.0499877929688,8695834
2024-06-12,IRCTC,1027.0,1034.0,1015.0999755859376,1026.949951171875,4385975
2024-06-13,IRCTC,1037.0,1037.0,1013.5,1017.5499877929688,1996303
2024-06-14,IRCTC,1024.0,1027.699951171875,1014.6500244140624,1018.2000122070312,1511522
2024-06-18,IRCTC,1019.0,1038.6500244140625,1018.7000122070312,1032.4000244140625,2486989
2024-06-19,IRCTC,1035.8499755859375,1037.0,1002.9000244140624,1014.6500244140624,2550530
2024-06-20,IRCTC,1017.3499755859376,1027.0,1007.2000122070312,1015.5999755859376,1694557
2024-06-21,IRCTC,1018.7999877929688,1046.0,1008.2000122070312,1012.2999877929688,5664314
2024-06-24,IRCTC,1020.0,1037.949951171875,1007.5999755859376,1010.25,4131226
2024-06-25,IRCTC,1014.0,1018.7999877929688,987.0999755859376,995.0999755859376,3163136
2024-06-26,IRCTC,1000.0,1002.75,988.0,990.4500122070312,3137677
2024-06-27,IRCTC,991.0,1002.3499755859376,983.3499755859376,991.25,2402997
2024-06-28,IRCTC,995.7000122070312,1007.5,988.0,989.25,3777772
2024-06-03,IREDA,200.0,200.25,189.3999938964844,191.8999938964844,45427419
2024-06-04,IREDA,190.0,190.0,154.0,167.4499969482422,87754131
2024-06-05,IREDA,168.0,174.6999969482422,155.0,172.6999969482422,43855047
2024-06-06,IREDA,176.5,182.0,175.75,178.3000030517578,22320317
2024-06-07,IREDA,178.64999389648438,182.5,174.85000610351562,180.8500061035156,19795848
2024-06-10,IREDA,182.25,182.6999969482422,178.0,178.5500030517578,14840898
2024-06-11,IREDA,180.6999969482422,183.0,178.60000610351562,180.22999572753903,16956779
2024-06-12,IREDA,180.4499969482422,186.13999938964844,179.9199981689453,182.5800018310547,20214465
2024-06-13,IREDA,183.5,184.0,179.25999450683594,180.05999755859375,12309733
2024-06-14,IREDA,180.259994506836,182.3000030517578,177.5,179.11000061035156,15913225
2024-06-18,IREDA,180.1999969482422,181.759994506836,177.7100067138672,178.02999877929688,14305706
2024-06-19,IREDA,178.75999450683594,178.7899932861328,173.22000122070312,175.77999877929688,10800398
2024-06-20,IREDA,176.63999938964844,180.9900054931641,174.8000030517578,177.49000549316406,14018198
2024-06-21,IREDA,178.25,191.0,178.25,187.5399932861328,94311893
2024-06-24,IREDA,192.0,195.3999938964844,188.3999938964844,189.63999938964844,35818533
2024-06-25,IREDA,190.3999938964844,190.8000030517578,184.5,185.0500030517578,16110541
2024-06-26,IREDA,185.0500030517578,199.44000244140625,183.1000061035156,194.69000244140625,100559239
2024-06-27,IREDA,196.0,205.1000061035156,192.259994506836,193.3800048828125,66090155
2024-06-28,IREDA,195.3000030517578,195.6999969482422,188.759994506836,190.44000244140625,24355673
2024-06-03,IRFC,200.0,200.0,186.3000030517578,188.9499969482422,112293004
2024-06-04,IRFC,189.0,189.0,151.1999969482422,164.9499969482422,198103673
2024-06-05,IRFC,168.0,175.0,153.10000610351562,166.4499969482422,114119168
2024-06-06,IRFC,172.0,177.89999389648438,167.8000030517578,173.0500030517578,70250205
2024-06-07,IRFC,173.0,176.4499969482422,170.10000610351562,173.60000610351562,45402104
2024-06-10,IRFC,176.5500030517578,179.3000030517578,172.0,173.00999450683594,47647958
2024-06-11,IRFC,175.39999389648438,178.0,173.66000366210938,176.1999969482422,66680300
2024-06-12,IRFC,176.9499969482422,178.89999389648438,176.2100067138672,177.69000244140625,46384387
2024-06-13,IRFC,178.6999969482422,178.9499969482422,174.5500030517578,175.1300048828125,31750295
2024-06-14,IRFC,175.6999969482422,176.60000610351562,173.1999969482422,174.8000030517578,28398761
2024-06-18,IRFC,176.0,178.60000610351562,175.0500030517578,175.7100067138672,38754538
2024-06-19,IRFC,176.17999267578125,176.19000244140625,171.3300018310547,173.22000122070312,26756319
2024-06-20,IRFC,173.19000244140625,174.17999267578125,171.6999969482422,172.3000030517578,17539484
2024-06-21,IRFC,172.39999389648438,180.5,171.60000610351562,176.32000732421875,96727451
2024-06-24,IRFC,176.0,180.9900054931641,174.3300018310547,176.8699951171875,50588329
2024-06-25,IRFC,177.60000610351562,178.60000610351562,175.0800018310547,175.61000061035156,23352075
2024-06-26,IRFC,175.69000244140625,177.25,174.1999969482422,175.0399932861328,22765762
2024-06-27,IRFC,175.5,177.8000030517578,172.5,173.1699981689453,27461491
2024-06-28,IRFC,174.1999969482422,175.9499969482422,173.0,173.80999755859375,23860432
2024-06-03,NTPC,385.0,393.2000122070313,373.4500122070313,391.7999877929688,39261174
2024-06-04,NTPC,391.8999938964844,391.8999938964844,313.95001220703125,331.25,84042244
2024-06-05,NTPC,340.0,342.25,315.29998779296875,341.0,46418629
2024-06-06,NTPC,347.79998779296875,359.75,345.0,349.75,33171039
2024-06-07,NTPC,352.0,362.0,347.70001220703125,360.6000061035156,23930193
2024-06-10,NTPC,365.0,370.1000061035156,361.7999877929688,364.8999938964844,16072588
2024-06-11,NTPC,368.75,371.9500122070313,364.8999938964844,367.3999938964844,11235777
2024-06-12,NTPC,369.5499877929688,374.0,365.3999938964844,371.2999877929688,12134524
2024-06-13,NTPC,376.3999938964844,376.3999938964844,367.9500122070313,369.9500122070313,11243702
2024-06-14,NTPC,370.0,370.8500061035156,366.1000061035156,368.4500122070313,10298434
2024-06-18,NTPC,371.7999877929688,372.25,368.7000122070313,369.6499938964844,10228382
2024-06-19,NTPC,369.7999877929688,370.8999938964844,361.5499877929688,362.5,8337334
2024-06-20,NTPC,362.5,364.8999938964844,357.04998779296875,357.6499938964844,14338604
2024-06-21,NTPC,359.95001220703125,362.9500122070313,356.75,359.79998779296875,17931844
2024-06-24,NTPC,357.6000061035156,364.6499938964844,355.54998779296875,362.75,9335598
2024-06-25,NTPC,364.25,364.7000122070313,357.75,360.8500061035156,14983828
2024-06-26,NTPC,363.0,366.8999938964844,359.6499938964844,365.0499877929688,15918394
2024-06-27,NTPC,365.0499877929688,381.1000061035156,364.1000061035156,377.1499938964844,55378829
2024-06-28,NTPC,377.9500122070313,389.5,376.7000122070313,378.3500061035156,25141039
2024-06-03,PALASHSECU,133.5,141.5,133.0,133.75,6552
2024-06-04,PALASHSECU,132.0500030517578,132.0500030517578,113.8499984741211,125.4000015258789,9286
2024-06-05,PALASHSECU,135.89999389648438,135.89999389648438,124.1500015258789,130.8000030517578,11510
2024-06-06,PALASHSECU,137.89999389648438,137.9499969482422,131.5500030517578,135.75,19439
2024-06-07,PALASHSECU,135.25,141.5,132.85000610351562,134.6999969482422,15216
2024-06-10,PALASHSECU,136.13999938964844,136.13999938964844,133.52000427246094,134.35000610351562,6419
2024-06-11,PALASHSECU,135.9199981689453,138.5,135.61000061035156,135.88999938964844,3888
2024-06-12,PALASHSECU,135.8000030517578,135.8000030517578,131.3000030517578,132.38999938964844,14700
2024-06-13,PALASHSECU,134.75,135.5399932861328,133.1199951171875,133.47999572753906,6899
2024-06-14,PALASHSECU,133.11000061035156,137.5800018310547,132.8699951171875,135.17999267578125,7572
2024-06-18,PALASHSECU,137.0,137.0,134.1999969482422,134.60000610351562,7713
2024-06-19,PALASHSECU,136.52999877929688,139.41000366210938,133.3300018310547,134.57000732421875,13480
2024-06-20,PALASHSECU,136.1199951171875,141.0,133.5,138.97000122070312,22701
2024-06-21,PALASHSECU,140.52999877929688,144.8000030517578,137.92999267578125,140.86000061035156,11945
2024-06-24,PALASHSECU,144.0,144.0,137.77999877929688,141.69000244140625,11719
2024-06-25,PALASHSECU,142.99000549316406,145.02000427246094,135.0,137.41000366210938,10178
2024-06-26,PALASHSECU,136.0,143.33999633789062,136.0,140.6699981689453,19959
2024-06-27,PALASHSECU,141.3300018310547,143.1999969482422,137.00999450683594,138.05999755859375,21792
2024-06-28,PALASHSECU,137.0,141.99000549316406,137.0,139.94000244140625,3990
2024-06-03,RELIANCE,1483.0,1514.5,1459.0,1510.324951171875,21527942
2024-06-04,RELIANCE,1498.050048828125,1498.050048828125,1359.300048828125,1397.2750244140625,36709098
2024-06-05,RELIANCE,1422.0,1431.1500244140625,1384.0999755859375,1420.75,17464890
2024-06-06,RELIANCE,1435.0,1443.699951171875,1421.3499755859375,1431.5999755859375,17855722
2024-06-07,RELIANCE,1428.5,1472.0,1426.5,1469.949951171875,18558696
2024-06-10,RELIANCE,1469.949951171875,1493.3499755859375,1468.074951171875,1471.4000244140625,9251760
2024-06-11,RELIANCE,1469.0,1473.675048828125,1454.675048828125,1456.675048828125,11774902
2024-06-12,RELIANCE,1457.5,1476.0,1455.175048828125,1463.324951171875,10081742
2024-06-13,RELIANCE,1472.0,1472.25,1460.0999755859375,1465.25,9181160
2024-06-14,RELIANCE,1470.0,1479.675048828125,1457.2249755859375,1477.550048828125,8157998
2024-06-18,RELIANCE,1487.3499755859375,1487.4000244140625,1471.3499755859375,1481.0250244140625,7196766
2024-06-19,RELIANCE,1487.5,1487.5,1456.0,1458.6500244140625,8725874
2024-06-20,RELIANCE,1459.0,1482.8499755859375,1450.0999755859375,1473.699951171875,16113776
2024-06-21,RELIANCE,1473.625,1474.699951171875,1440.574951171875,1454.199951171875,31170360
2024-06-24,RELIANCE,1445.5250244140625,1449.5,1437.5,1441.4749755859375,8878386
2024-06-25,RELIANCE,1443.0,1455.925048828125,1441.0,1454.1500244140625,7045386
2024-06-26,RELIANCE,1446.050048828125,1518.9749755859375,1445.125,1514.0250244140625,22014882
2024-06-27,RELIANCE,1513.75,1537.5,1506.0,1530.550048828125,28383030
2024-06-28,RELIANCE,1531.0250244140625,1581.0,1531.0250244140625,1565.4000244140625,28957336
2024-06-03,RPOWER,25.75,25.75,25.200000762939453,25.75,26919726
2024-06-04,RPOWER,25.450000762939453,25.450000762939453,24.5,24.5,19131713
2024-06-05,RPOWER,23.299999237060547,23.950000762939453,23.299999237060547,23.5,42860301
2024-06-06,RPOWER,24.049999237060547,24.64999961853028,23.850000381469727,24.549999237060547,30501221
2024-06-07,RPOWER,24.950000762939453,25.549999237060547,24.5,25.0,22458559
2024-06-10,RPOWER,25.350000381469727,26.75,25.25,26.07999992370605,37086161
2024-06-11,RPOWER,27.989999771118164,28.68000030517578,27.14999961853028,28.68000030517578,140165379
2024-06-12,RPOWER,29.700000762939453,31.540000915527344,29.559999465942383,31.540000915527344,150557787
2024-06-13,RPOWER,33.0,33.11000061035156,30.559999465942383,31.07999992370605,199703725
2024-06-14,RPOWER,31.280000686645508,32.40999984741211,30.299999237060547,31.31999969482422,76469832
2024-06-18,RPOWER,32.04999923706055,32.29999923706055,30.86000061035156,30.959999084472656,43147340
2024-06-19,RPOWER,31.239999771118164,31.979999542236328,29.82999992370605,30.82999992370605,50994259
2024-06-20,RPOWER,30.81999969482422,31.709999084472656,30.5,30.63999938964844,32822472
2024-06-21,RPOWER,30.780000686645508,31.15999984741211,29.75,29.8700008392334,37995144
2024-06-24,RPOWER,29.799999237060547,30.40999984741211,29.39999961853028,29.700000762939453,26884108
2024-06-25,RPOWER,29.940000534057617,30.290000915527344,29.5,29.549999237060547,17356323
2024-06-26,RPOWER,29.51000022888184,29.790000915527344,29.239999771118164,29.280000686645508,17936077
2024-06-27,RPOWER,29.280000686645508,29.56999969482422,28.520000457763672,28.81999969482422,21336897
2024-06-28,RPOWER,29.049999237060547,30.26000022888184,28.770000457763672,28.93000030517578,36540632
2024-06-03,SEPC,20.0,20.14999961853028,18.64999961853028,18.850000381469727,7722890
2024-06-04,SEPC,18.75,18.75,17.0,17.0,15877125
2024-06-05,SEPC,17.149999618530273,17.649999618530273,16.0,17.200000762939453,7918153
2024-06-06,SEPC,17.350000381469727,18.89999961853028,17.299999237060547,18.850000381469727,9670944
2024-06-07,SEPC,19.049999237060547,20.850000381469727,19.049999237060547,20.200000762939453,27489813
2024-06-10,SEPC,20.540000915527344,23.239999771118164,20.540000915527344,22.479999542236328,51329871
2024-06-11,SEPC,23.350000381469727,23.350000381469727,21.799999237060547,22.18000030517578,20676148
2024-06-12,SEPC,22.14999961853028,22.89999961853028,21.850000381469727,22.13999938964844,15347785
2024-06-13,SEPC,22.299999237060547,22.39999961853028,21.39999961853028,21.89999961853028,10583064
2024-06-14,SEPC,21.780000686645508,22.39999961853028,21.59000015258789,21.959999084472656,8620493
2024-06-18,SEPC,21.40382575988769,21.673784255981445,19.7744369506836,20.574668884277344,8281561
2024-06-19,SEPC,20.71928977966309,21.885894775390625,20.025110244750977,21.12422752380371,22497711
2024-06-20,SEPC,21.21099853515625,21.394184112548828,20.246862411499023,20.333635330200195,11595942
2024-06-21,SEPC,20.603593826293945,20.66144180297852,19.668380737304688,19.89013290405273,12614670
2024-06-24,SEPC,19.89013290405273,20.05403518676757,19.57196617126465,19.72622871398925,11684888
2024-06-25,SEPC,19.68000030517578,20.049999237060547,19.190000534057617,19.280000686645508,9760764
2024-06-26,SEPC,19.1200008392334,19.489999771118164,18.799999237060547,18.920000076293945,8256955
2024-06-27,SEPC,18.850000381469727,19.479999542236328,18.75,19.170000076293945,6185892
2024-06-28,SEPC,19.270000457763672,19.280000686645508,18.799999237060547,18.84000015258789,5118840
2024-06-03,SJVN,153.0,153.0,141.35000610351562,143.14999389648438,47119535
2024-06-04,SJVN,143.0,143.0,114.5500030517578,123.1999969482422,91763944
2024-06-05,SJVN,126.9499969482422,128.35000610351562,116.8000030517578,126.25,26386273
2024-06-06,SJVN,128.8000030517578,133.8000030517578,128.5,131.1999969482422,20232853
2024-06-07,SJVN,131.0,134.6999969482422,129.10000610351562,133.35000610351562,17454204
2024-06-10,SJVN,135.0,135.39999389648438,131.92999267578125,132.38999938964844,14138283
2024-06-11,SJVN,133.5,135.39999389648438,132.1999969482422,133.61000061035156,12882797
2024-06-12,SJVN,134.3000030517578,136.58999633789062,133.5500030517578,134.1300048828125,12171563
2024-06-13,SJVN,135.0,135.38999938964844,132.44000244140625,133.1199951171875,8994923
2024-06-14,SJVN,133.74000549316406,138.85000610351562,131.85000610351562,135.02999877929688,19486439
2024-06-18,SJVN,135.5,136.24000549316406,133.75,134.1300048828125,9005824
2024-06-19,SJVN,134.0,134.5,130.5,131.91000366210938,9063500
2024-06-20,SJVN,132.39999389648438,134.3800048828125,131.22000122070312,132.27999877929688,8799777
2024-06-21,SJVN,132.0,134.1999969482422,131.25999450683594,131.94000244140625,11534887
2024-06-24,SJVN,131.94000244140625,132.60000610351562,130.72000122070312,131.19000244140625,6611342
2024-06-25,SJVN,131.72999572753906,132.5,128.69000244140625,129.33999633789062,5687103
2024-06-26,SJVN,130.0,132.25,128.30999755859375,129.6699981689453,10653386
2024-06-27,SJVN,131.0,133.41000366210938,129.6999969482422,132.36000061035156,16665695
2024-06-28,SJVN,132.5,133.27999877929688,130.5,131.6300048828125,9005418
2024-06-03,STARCEMENT,216.0,219.9499969482422,213.1999969482422,215.1499938964844,357273
2024-06-04,STARCEMENT,219.0,219.0,189.5500030517578,203.5500030517578,939087
2024-06-05,STARCEMENT,203.3000030517578,212.6999969482422,201.75,211.6000061035156,289274
2024-06-06,STARCEMENT,210.4499969482422,218.0,210.4499969482422,213.25,566391
2024-06-07,STARCEMENT,211.75,220.3999938964844,210.5,219.0500030517578,725708
2024-06-10,STARCEMENT,217.6999969482422,223.47999572753903,215.509994506836,222.1600036621093,730487
2024-06-11,STARCEMENT,224.0,224.0,218.2899932861328,220.5500030517578,500710
2024-06-12,STARCEMENT,220.0,223.5,217.0,219.9600067138672,681467
2024-06-13,STARCEMENT,221.0,221.0,217.1000061035156,219.13999938964844,662593
2024-06-14,STARCEMENT,219.009994506836,225.9900054931641,217.8000030517578,223.0800018310547,1109897
2024-06-18,STARCEMENT,225.8000030517578,225.8000030517578,218.6000061035156,219.2400054931641,473879
2024-06-19,STARCEMENT,219.75,222.22999572753903,215.3000030517578,217.22000122070312,342080
2024-06-20,STARCEMENT,216.3000030517578,218.8999938964844,214.3999938964844,216.1300048828125,402172
2024-06-21,STARCEMENT,217.509994506836,217.509994506836,214.5,215.77999877929688,322795
2024-06-24,STARCEMENT,214.0,215.38999938964844,212.0,212.7899932861328,407500
2024-06-25,STARCEMENT,213.1999969482422,214.1999969482422,207.1000061035156,208.22999572753903,414312
2024-06-26,STARCEMENT,207.52999877929688,216.0,207.3600006103516,210.44000244140625,1845319
2024-06-27,STARCEMENT,212.0,216.8699951171875,210.02999877929688,210.8699951171875,1171095
2024-06-28,STARCEMENT,211.75,212.6499938964844,209.8300018310547,211.1100006103516,353514
2024-06-03,TATAPOWER,460.0,460.0,447.3500061035156,456.5499877929688,25033120
2024-06-04,TATAPOWER,458.8999938964844,458.8999938964844,371.6499938964844,399.6000061035156,58989328
2024-06-05,TATAPOWER,417.0,424.4500122070313,390.0,422.7999877929688,25587086
2024-06-06,TATAPOWER,430.0,438.3999938964844,425.75,431.5499877929688,13644903
2024-06-07,TATAPOWER,430.0,445.7000122070313,427.0,443.5499877929688,15039562
2024-06-10,TATAPOWER,446.6000061035156,458.75,445.1499938964844,448.0,20554460
2024-06-11,TATAPOWER,448.0,453.75,446.75,448.3999938964844,9802063
2024-06-12,TATAPOWER,451.0,453.8500061035156,448.5499877929688,449.6499938964844,7066407
2024-06-13,TATAPOWER,457.0,458.0,449.6499938964844,451.8999938964844,12208021
2024-06-14,TATAPOWER,452.3999938964844,453.6000061035156,447.5,448.6499938964844,7858446
2024-06-18,TATAPOWER,449.75,454.25,448.1499938964844,451.7000122070313,6522944
2024-06-19,TATAPOWER,452.0,452.6499938964844,441.6499938964844,442.3500061035156,8981273
2024-06-20,TATAPOWER,443.0,446.5,436.5499877929688,443.6499938964844,8058795
2024-06-21,TATAPOWER,443.6499938964844,445.2000122070313,437.6499938964844,438.7000122070313,16109190
2024-06-24,TATAPOWER,436.0,439.5,432.0499877929688,435.6000061035156,7878288
2024-06-25,TATAPOWER,436.0,437.9500122070313,429.3999938964844,430.75,7140628
2024-06-26,TATAPOWER,430.3500061035156,435.7999877929688,429.0499877929688,432.2000122070313,9323979
2024-06-27,TATAPOWER,432.2000122070313,443.0,426.5,439.4500122070313,18716207
2024-06-28,TATAPOWER,439.4500122070313,444.4500122070313,438.2999877929688,440.6000061035156,11339346
2024-06-03,VEDL,472.0,472.2000122070313,452.3999938964844,457.8500061035156,14471274
2024-06-04,VEDL,458.0,458.0,366.2999877929688,417.8500061035156,30797125
2024-06-05,VEDL,419.0,446.0,401.6499938964844,440.7000122070313,16642007
2024-06-06,VEDL,451.0,458.0,446.2999877929688,449.8999938964844,13579110
2024-06-07,VEDL,454.3999938964844,462.9500122070313,451.8500061035156,460.6499938964844,11283521
2024-06-10,VEDL,455.5,455.5,441.25,444.1000061035156,13920775
2024-06-11,VEDL,444.0,455.7999877929688,442.2999877929688,443.75,10546091
2024-06-12,VEDL,447.25,453.6499938964844,442.6000061035156,444.25,11163309
2024-06-13,VEDL,449.0,449.9500122070313,439.0,439.7999877929688,11641274
2024-06-14,VEDL,441.1000061035156,451.8999938964844,440.0,447.6000061035156,9634670
2024-06-18,VEDL,449.9500122070313,454.7999877929688,447.6000061035156,452.2999877929688,8601634
2024-06-19,VEDL,452.5499877929688,455.6000061035156,446.0499877929688,448.4500122070313,6416994
2024-06-20,VEDL,450.0,479.0,449.1499938964844,469.9500122070313,28530186
2024-06-21,VEDL,472.75,474.6000061035156,464.0,470.25,17801714
2024-06-24,VEDL,460.0499877929688,471.5,457.2000122070313,463.3500061035156,7716484
2024-06-25,VEDL,465.2000122070313,468.5499877929688,451.0,454.0499877929688,8309097
2024-06-26,VEDL,436.6499938964844,446.8500061035156,426.0499877929688,442.1000061035156,162210828
2024-06-27,VEDL,442.0,446.1000061035156,433.5499877929688,443.2999877929688,20922873
2024-06-28,VEDL,444.6000061035156,458.6499938964844,443.8500061035156,454.0,15248617
2024-06-03,WIPRO,225.1000061035156,225.2749938964844,220.7749938964844,222.0500030517578,8964424
2024-06-04,WIPRO,222.9499969482422,222.9499969482422,208.5,219.0749969482422,17730732
2024-06-05,WIPRO,219.8500061035156,227.5,219.5249938964844,225.75,12267428
2024-06-06,WIPRO,227.4750061035156,231.0,226.3000030517578,230.5,15425568
2024-06-07,WIPRO,235.0,243.1999969482422,234.1499938964844,242.2749938964844,72672440
2024-06-10,WIPRO,244.1999969482422,244.1999969482422,236.6750030517578,237.625,18311752
2024-06-11,WIPRO,239.6000061035156,239.6000061035156,237.1750030517578,238.0249938964844,9371714
2024-06-12,WIPRO,239.0,242.1999969482422,237.7749938964844,238.4499969482422,13875116
2024-06-13,WIPRO,240.0,242.6750030517578,239.0749969482422,241.3000030517578,12995932
2024-06-14,WIPRO,242.5,242.8000030517578,238.1000061035156,238.75,11322596
2024-06-18,WIPRO,240.5,246.5,240.0249938964844,245.9250030517578,31870984
2024-06-19,WIPRO,246.125,248.5749969482422,243.375,247.875,20880284
2024-06-20,WIPRO,248.75,248.75,244.125,245.1999969482422,12571126
2024-06-21,WIPRO,248.9750061035156,250.4750061035156,244.5500030517578,245.2749938964844,95171176
2024-06-24,WIPRO,245.0500030517578,247.4499969482422,244.7250061035156,245.2749938964844,9934518
2024-06-25,WIPRO,245.2749938964844,249.0,244.6499938964844,248.4250030517578,9258210
2024-06-26,WIPRO,248.4250030517578,249.9499969482422,246.8999938964844,247.6000061035156,12812090
2024-06-27,WIPRO,246.0749969482422,255.9750061035156,244.6000061035156,255.3999938964844,42137138
2024-06-28,WIPRO,256.0,258.1499938964844,252.9250030517578,257.42498779296875,16405832
2024-06-03,YESBANK,24.39999961853028,24.64999961853028,23.39999961853028,23.549999237060547,258942118
2024-06-04,YESBANK,23.5,23.5,21.0,21.850000381469727,360722855
2024-06-05,YESBANK,22.299999237060547,22.89999961853028,21.600000381469727,22.64999961853028,214221272
2024-06-06,YESBANK,22.850000381469727,23.299999237060547,22.799999237060547,22.89999961853028,172088732
2024-06-07,YESBANK,22.89999961853028,23.350000381469727,22.64999961853028,23.14999961853028,151028965
2024-06-10,YESBANK,23.39999961853028,24.5,23.209999084472656,23.8700008392334,283340418
2024-06-11,YESBANK,23.989999771118164,24.1200008392334,23.549999237060547,23.6200008392334,164913524
2024-06-12,YESBANK,23.75,24.3799991607666,23.71999931335449,24.1200008392334,187828351
2024-06-13,YESBANK,24.350000381469727,24.5,23.709999084472656,23.799999237060547,130415960
2024-06-14,YESBANK,23.979999542236328,23.979999542236328,23.71999931335449,23.809999465942383,85042765
2024-06-18,YESBANK,23.88999938964844,24.11000061035156,23.729999542236328,23.799999237060547,93571771
2024-06-19,YESBANK,23.850000381469727,24.13999938964844,23.5,23.809999465942383,152776153
2024-06-20,YESBANK,23.850000381469727,24.64999961853028,23.780000686645508,23.959999084472656,169935306
2024-06-21,YESBANK,24.09000015258789,24.13999938964844,23.75,23.84000015258789,115877428
2024-06-24,YESBANK,23.88999938964844,24.100000381469727,23.64999961853028,23.959999084472656,111001042
2024-06-25,YESBANK,24.100000381469727,24.450000762939453,23.950000762939453,24.020000457763672,133033834
2024-06-26,YESBANK,24.030000686645508,24.229999542236328,23.709999084472656,23.790000915527344,128300377
2024-06-27,YESBANK,23.8700008392334,23.93000030517578,23.31999969482422,23.51000022888184,103940384
2024-06-28,YESBANK,23.600000381469727,24.06999969482422,23.549999237060547,23.690000534057617,127903732
