Date,Symbol,Open,High,Low,Close,Volume
2026-09-01,20MICRONS,216.5,219.5800018310547,211.3699951171875,213.0,137611
2026-09-02,20MICRONS,212.0,216.38999938964844,207.0,211.3600006103516,90223
2026-09-03,20MICRONS,211.3999938964844,224.0,211.3999938964844,217.82000732421875,179448
2026-09-04,20MICRONS,218.9100036621093,224.8999938964844,216.5,222.4900054931641,174812
2026-09-07,20MICRONS,224.8999938964844,231.9900054931641,220.7100067138672,224.8000030517578,373719
2026-09-08,20MICRONS,226.0,227.22999572753903,218.7899932861328,219.27999877929688,108094
2026-09-09,20MICRONS,219.0,220.9900054931641,216.75,219.0,63546
2026-09-01,21STCENMGM,40.29999923706055,40.29999923706055,39.540000915527344,39.59999847412109,4172
2026-09-02,21STCENMGM,40.38999938964844,40.38999938964844,38.810001373291016,38.84999847412109,5812
2026-09-03,21STCENMGM,39.2400016784668,39.2400016784668,38.08000183105469,38.09999847412109,6902
2026-09-04,21STCENMGM,38.4900016784668,38.70000076293945,37.36000061035156,38.130001068115234,2056
2026-09-07,21STCENMGM,38.400001525878906,38.84999847412109,37.470001220703125,38.27999877929688,8675
2026-09-08,21STCENMGM,38.70000076293945,39.040000915527344,38.290000915527344,38.59000015258789,4103
2026-09-09,21STCENMGM,38.97999954223633,39.34000015258789,38.310001373291016,39.0,1628
2026-09-01,360ONE,1175.0,1184.300048828125,1147.5,1165.5999755859375,2175285
2026-09-02,360ONE,1156.4000244140625,1181.300048828125,1128.5999755859375,1181.300048828125,666823
2026-09-03,360ONE,1168.5999755859375,1171.5,1149.9000244140625,1155.0,483291
2026-09-04,360ONE,1149.0999755859375,1156.0999755859375,1127.0999755859375,1137.0,603451
2026-09-07,360ONE,1141.800048828125,1143.5,1127.199951171875,1136.9000244140625,406991
2026-09-08,360ONE,1125.0,1128.199951171875,1104.300048828125,1110.0,1123388
2026-09-09,360ONE,1104.4000244140625,1109.199951171875,1095.199951171875,1101.4000244140625,502630
2026-09-01,3BBLACKBIO,1455.0,1546.800048828125,1451.0999755859375,1523.5,40078
2026-09-02,3BBLACKBIO,1528.5,1588.9000244140625,1469.0999755859375,1478.5999755859375,50928
2026-09-03,3BBLACKBIO,1500.0,1550.0,1481.0,1486.199951171875,20142
2026-09-04,3BBLACKBIO,1508.5,1513.9000244140625,1411.199951171875,1460.0999755859375,19626
2026-09-07,3BBLACKBIO,1486.0,1530.199951171875,1470.199951171875,1521.300048828125,14265
2026-09-08,3BBLACKBIO,1563.0,1569.5,1428.0999755859375,1455.300048828125,26241
2026-09-09,3BBLACKBIO,1490.0,1499.0,1448.0999755859375,1475.199951171875,7329
2026-09-01,3IINFOLTD,22.68000030517578,23.5,22.450000762939453,22.670000076293945,138454
2026-09-02,3IINFOLTD,22.799999237060547,22.989999771118164,22.01000022888184,22.43000030517578,131772
2026-09-03,3IINFOLTD,22.43000030517578,22.5,21.700000762939453,21.790000915527344,163620
2026-09-04,3IINFOLTD,21.989999771118164,22.5,21.989999771118164,22.3700008392334,161133
2026-09-07,3IINFOLTD,22.5,22.739999771118164,21.75,22.06999969482422,111578
2026-09-08,3IINFOLTD,22.700000762939453,22.700000762939453,22.100000381469727,22.31999969482422,189516
2026-09-09,3IINFOLTD,22.31999969482422,22.57999992370605,22.100000381469727,22.5,106262
2026-09-01,3MINDIA,33470.0,33695.0,32980.0,33315.0,2999
2026-09-02,3MINDIA,33205.0,33290.0,32805.0,32895.0,1858
2026-09-03,3MINDIA,32995.0,33050.0,32665.0,32820.0,1978
2026-09-04,3MINDIA,32730.0,32965.0,32680.0,32845.0,932
2026-09-07,3MINDIA,32700.0,32985.0,32480.0,32840.0,1326
2026-09-08,3MINDIA,32840.0,33330.0,32620.0,33145.0,2158
2026-09-09,3MINDIA,33145.0,33145.0,32745.0,33005.0,986
2026-09-01,3PLAND,31.89999961853028,31.89999961853028,31.299999237060547,31.799999237060547,829
2026-09-02,3PLAND,31.799999237060547,33.970001220703125,31.51000022888184,32.75,911
2026-09-03,3PLAND,32.75,33.529998779296875,31.75,32.45000076293945,2151
2026-09-04,3PLAND,32.29999923706055,32.45000076293945,30.75,32.38999938964844,11543
2026-09-07,3PLAND,32.38999938964844,32.38999938964844,31.670000076293945,32.150001525878906,1703
2026-09-08,3PLAND,32.150001525878906,32.5,31.799999237060547,32.400001525878906,3698
2026-09-09,3PLAND,31.549999237060547,32.5099983215332,31.549999237060547,32.5,1748
2026-09-01,5PAISA,353.0,362.5499877929688,341.1000061035156,344.8500061035156,86636
2026-09-02,5PAISA,344.25,344.79998779296875,335.0,336.54998779296875,26993
2026-09-03,5PAISA,337.6000061035156,344.3999938964844,337.5,342.45001220703125,18209
2026-09-04,5PAISA,342.45001220703125,367.8999938964844,336.3500061035156,342.1000061035156,258086
2026-09-07,5PAISA,339.0,344.8500061035156,337.04998779296875,339.8500061035156,29942
2026-09-08,5PAISA,337.0,342.0,335.0,337.3999938964844,16944
2026-09-09,5PAISA,337.20001220703125,338.95001220703125,327.54998779296875,335.3999938964844,46359
2026-09-01,63MOONS,778.0499877929688,784.0,768.5499877929688,775.5499877929688,121930
2026-09-02,63MOONS,777.75,820.0,775.0,805.0999755859375,444235
2026-09-03,63MOONS,809.7999877929688,855.7999877929688,801.2000122070312,851.25,628941
2026-09-04,63MOONS,867.9500122070312,903.0,853.2999877929688,876.5,1136718
2026-09-07,63MOONS,882.5499877929688,882.6500244140625,860.0499877929688,872.7000122070312,249299
2026-09-08,63MOONS,881.4000244140625,899.4000244140625,860.2000122070312,868.25,536543
2026-09-09,63MOONS,864.0,883.3499755859375,845.2000122070312,868.5999755859375,481448
2026-09-01,A2ZINFRA,16.25,16.979999542236328,16.25,16.65999984741211,97461
2026-09-02,A2ZINFRA,16.15999984741211,16.799999237060547,16.110000610351562,16.399999618530273,167484
2026-09-03,A2ZINFRA,16.399999618530273,16.889999389648438,15.949999809265137,15.979999542236328,336137
2026-09-04,A2ZINFRA,15.979999542236328,16.239999771118164,15.329999923706056,15.609999656677246,308540
2026-09-07,A2ZINFRA,15.609999656677246,16.049999237060547,15.399999618530272,15.760000228881836,96495
2026-09-08,A2ZINFRA,15.5600004196167,16.0,15.5,15.800000190734863,117039
2026-09-09,A2ZINFRA,16.149999618530273,16.149999618530273,15.199999809265137,15.359999656677246,364261
2026-09-01,AAATECH,95.37999725341795,96.44000244140624,93.6500015258789,93.72000122070312,15904
2026-09-02,AAATECH,93.79000091552734,95.7699966430664,93.01000213623048,93.06999969482422,9744
2026-09-03,AAATECH,93.04000091552734,94.18000030517578,92.8000030517578,93.16999816894533,2783
2026-09-04,AAATECH,93.16999816894533,93.98999786376952,91.0999984741211,91.73999786376952,11314
2026-09-07,AAATECH,91.0,93.95999908447266,91.0,92.06999969482422,10152
2026-09-08,AAATECH,92.06999969482422,93.41999816894533,91.6500015258789,92.63999938964844,6650
2026-09-09,AAATECH,92.97000122070312,92.97000122070312,91.51000213623048,91.8000030517578,6180
2026-09-01,AADHARHFC,468.1000061035156,479.5,463.7999877929688,476.4500122070313,289606
2026-09-02,AADHARHFC,478.5,478.5,465.0,475.3999938964844,240290
2026-09-03,AADHARHFC,479.0,480.6000061035156,471.0,478.6499938964844,273006
2026-09-04,AADHARHFC,478.7000122070313,488.0,477.7000122070313,483.5499877929688,197998
2026-09-07,AADHARHFC,483.5,485.0,471.0,478.9500122070313,270755
2026-09-08,AADHARHFC,477.1499938964844,482.9500122070313,468.2000122070313,479.6499938964844,279151
2026-09-09,AADHARHFC,479.6499938964844,481.6499938964844,470.0499877929688,473.6000061035156,173365
2026-09-01,AAKASH,8.720000267028809,8.800000190734863,8.520000457763672,8.680000305175781,28034
2026-09-02,AAKASH,8.800000190734863,8.869999885559082,8.520000457763672,8.670000076293945,72356
2026-09-03,AAKASH,8.670000076293945,8.890000343322754,8.609999656677246,8.770000457763672,90898
2026-09-04,AAKASH,8.880000114440918,8.890000343322754,8.6899995803833,8.75,139620
2026-09-07,AAKASH,8.6899995803833,8.880000114440918,8.180000305175781,8.59000015258789,251561
2026-09-08,AAKASH,8.699999809265137,8.699999809265137,8.25,8.489999771118164,73817
2026-09-09,AAKASH,8.479999542236328,8.600000381469727,8.270000457763672,8.460000038146973,70110
2026-09-01,AAREYDRUGS,89.66999816894531,92.62000274658205,86.41000366210938,92.48999786376952,716181
2026-09-02,AAREYDRUGS,92.5,94.0,91.0,91.72000122070312,146358
2026-09-03,AAREYDRUGS,95.0,95.0,91.91000366210938,94.44000244140624,146325
2026-09-04,AAREYDRUGS,96.0,96.98999786376952,93.5500030517578,95.79000091552734,109417
2026-09-07,AAREYDRUGS,94.0999984741211,98.5,94.0999984741211,97.30999755859376,218466
2026-09-08,AAREYDRUGS,98.47000122070312,99.1999969482422,94.20999908447266,98.02999877929688,142470
2026-09-09,AAREYDRUGS,99.8000030517578,100.3000030517578,98.0,98.6999969482422,139177
2026-09-01,AARNAV,32.38999938964844,33.630001068115234,31.229999542236328,33.630001068115234,44159
2026-09-02,AARNAV,33.599998474121094,33.599998474121094,32.04999923706055,32.099998474121094,6179
2026-09-03,AARNAV,32.099998474121094,32.95000076293945,31.040000915527344,32.220001220703125,4159
2026-09-04,AARNAV,32.220001220703125,32.95000076293945,32.099998474121094,32.16999816894531,2300
2026-09-07,AARNAV,32.16999816894531,32.16999816894531,31.290000915527344,31.450000762939453,1446
2026-09-08,AARNAV,31.5,33.0099983215332,31.14999961853028,31.59000015258789,12653
2026-09-09,AARNAV,32.88999938964844,32.88999938964844,30.020000457763672,31.850000381469727,12833
2026-09-01,AARON,128.1999969482422,131.0,126.1999969482422,127.58999633789062,8935
2026-09-02,AARON,127.5999984741211,130.0,124.68000030517578,125.9499969482422,8560
2026-09-03,AARON,125.9499969482422,131.00999450683594,125.9499969482422,128.97999572753906,13550
2026-09-04,AARON,131.0,131.0,127.0,128.4499969482422,4376
2026-09-07,AARON,129.0,129.0,125.0,125.54000091552734,4586
2026-09-08,AARON,123.3499984741211,126.0199966430664,123.3499984741211,125.01000213623048,6054
2026-09-09,AARON,125.0,141.99000549316406,123.6500015258789,132.11000061035156,19232
2026-09-01,AARTECH,48.56999969482422,49.650001525878906,47.150001525878906,48.93999862670898,59269
2026-09-02,AARTECH,48.0,50.0,48.0,49.810001373291016,68063
2026-09-03,AARTECH,50.29999923706055,50.880001068115234,48.5,49.15999984741211,43226
2026-09-04,AARTECH,49.5,49.5,48.5,48.63999938964844,13250
2026-09-07,AARTECH,49.47999954223633,49.97999954223633,48.2599983215332,49.52999877929688,24982
2026-09-08,AARTECH,49.52999877929688,51.70000076293945,48.5099983215332,51.380001068115234,111245
2026-09-09,AARTECH,51.0,52.5,50.380001068115234,51.709999084472656,28427
2026-09-01,AARTIDRUGS,411.8500061035156,430.0,410.2999877929688,427.1000061035156,254941
2026-09-02,AARTIDRUGS,430.0,430.0,415.8500061035156,417.7999877929688,170806
2026-09-03,AARTIDRUGS,420.8500061035156,440.6000061035156,419.5,425.8500061035156,379789
2026-09-04,AARTIDRUGS,429.25,443.75,426.2000122070313,431.6499938964844,250307
2026-09-07,AARTIDRUGS,433.25,434.7000122070313,419.25,423.0,94377
2026-09-08,AARTIDRUGS,421.5,427.8999938964844,419.2000122070313,421.5,60730
2026-09-09,AARTIDRUGS,421.5,429.0,421.5,424.2000122070313,65113
2026-09-01,AARTIIND,527.0,529.75,518.0999755859375,524.8499755859375,637770
2026-09-02,AARTIIND,520.0,520.9000244140625,503.0499877929688,505.2000122070313,917705
2026-09-03,AARTIIND,507.0,511.8500061035156,499.7000122070313,501.8999938964844,529276
2026-09-04,AARTIIND,503.6000061035156,509.8999938964844,490.0,492.0499877929688,767774
2026-09-07,AARTIIND,493.25,495.75,487.3500061035156,490.7000122070313,518834
2026-09-08,AARTIIND,490.7000122070313,504.75,486.5,503.7000122070313,766682
2026-09-09,AARTIIND,503.7000122070313,503.7000122070313,495.0499877929688,499.4500122070313,273421
2026-09-01,AARTIPHARM,845.0,874.8499755859375,836.0,865.2000122070312,513635
2026-09-02,AARTIPHARM,866.0,879.4000244140625,859.5,867.25,343720
2026-09-03,AARTIPHARM,867.25,886.9500122070312,854.5,868.0999755859375,378950
2026-09-04,AARTIPHARM,872.0,879.75,854.0999755859375,858.7999877929688,463265
2026-09-07,AARTIPHARM,861.0,894.7000122070312,856.3499755859375,862.6500244140625,744585
2026-09-08,AARTIPHARM,866.9000244140625,889.7000122070312,861.5499877929688,867.0,452908
2026-09-09,AARTIPHARM,866.0,873.0,820.5,832.8499755859375,425125
2026-09-01,AARTISURF,518.9000244140625,528.7999877929688,494.6000061035156,514.4500122070312,18525
2026-09-02,AARTISURF,507.0,539.9000244140625,502.0,526.0499877929688,22238
2026-09-03,AARTISURF,526.4000244140625,546.0,510.2000122070313,544.25,13975
2026-09-04,AARTISURF,549.9000244140625,554.9000244140625,540.0,548.5,9195
2026-09-07,AARTISURF,548.5,549.9000244140625,530.0,546.7999877929688,8263
2026-09-08,AARTISURF,549.9000244140625,550.0,525.2000122070312,538.75,11047
2026-09-09,AARTISURF,536.0,536.0,511.8500061035156,524.7999877929688,14663
2026-09-01,AARVI,141.17999267578125,155.3800048828125,139.7100067138672,148.9199981689453,109670
2026-09-02,AARVI,148.94000244140625,149.0,142.1999969482422,143.0800018310547,29676
2026-09-03,AARVI,143.8800048828125,145.22000122070312,140.91000366210938,141.35000610351562,8501
2026-09-04,AARVI,139.61000061035156,143.9600067138672,139.61000061035156,141.9199981689453,7773
2026-09-07,AARVI,140.5,145.49000549316406,140.3000030517578,143.36000061035156,10492
2026-09-08,AARVI,143.02000427246094,143.9600067138672,140.6699981689453,142.16000366210938,16061
2026-09-09,AARVI,142.0,143.3800048828125,141.64999389648438,142.00999450683594,6314
2026-09-01,AASTHA,82.98999786376953,85.0,79.41999816894531,83.01000213623047,741120
2026-09-02,AASTHA,82.95999908447266,82.95999908447266,78.0999984741211,79.19000244140625,304911
2026-09-03,AASTHA,80.98999786376953,81.0,78.12999725341797,80.05000305175781,540815
2026-09-04,AASTHA,79.55999755859375,80.87000274658203,77.91999816894531,78.12000274658203,228188
2026-09-07,AASTHA,79.25,79.25,76.41999816894531,77.36000061035156,177179
2026-09-08,AASTHA,76.51000213623047,78.70999908447266,75.22000122070312,76.8499984741211,387228
2026-09-09,AASTHA,77.26000213623047,83.87999725341797,75.0999984741211,81.23999786376953,1592056
2026-09-01,AAVAS,1261.699951171875,1270.4000244140625,1235.699951171875,1248.4000244140625,172413
2026-09-02,AAVAS,1248.5,1287.5999755859375,1234.199951171875,1258.699951171875,229811
2026-09-03,AAVAS,1264.9000244140625,1304.5,1262.0,1297.800048828125,230500
2026-09-04,AAVAS,1298.300048828125,1318.0,1298.300048828125,1304.199951171875,60456
2026-09-07,AAVAS,1291.0,1311.4000244140625,1285.199951171875,1306.199951171875,82506
2026-09-08,AAVAS,1300.0,1314.800048828125,1290.0,1293.5,35994
2026-09-09,AAVAS,1290.0,1305.5,1280.0,1293.699951171875,55938
2026-09-01,ABAN,14.829999923706056,14.829999923706056,14.539999961853027,14.539999961853027,24637
2026-09-02,ABAN,14.539999961853027,14.829999923706056,14.25,14.829999923706056,60782
2026-09-03,ABAN,14.829999923706056,15.119999885559082,14.550000190734863,14.779999732971191,41138
2026-09-04,ABAN,14.899999618530272,15.050000190734863,14.489999771118164,14.989999771118164,36824
2026-09-07,ABAN,14.989999771118164,15.100000381469728,14.699999809265137,14.84000015258789,20900
2026-09-08,ABAN,14.979999542236328,14.979999542236328,14.550000190734863,14.550000190734863,13036
2026-09-09,ABAN,14.550000190734863,14.8100004196167,14.260000228881836,14.8100004196167,13249
2026-09-01,ABANSENT,27.290000915527344,28.350000381469727,26.809999465942383,27.93000030517578,9830
2026-09-02,ABANSENT,27.93000030517578,27.93000030517578,26.6299991607666,27.57999992370605,14689
2026-09-03,ABANSENT,27.850000381469727,27.850000381469727,27.0,27.450000762939453,5425
2026-09-04,ABANSENT,28.39999961853028,28.39999961853028,27.200000762939453,27.86000061035156,6398
2026-09-07,ABANSENT,27.5,28.989999771118164,27.0,28.38999938964844,4724
2026-09-08,ABANSENT,28.38999938964844,28.38999938964844,27.209999084472656,27.770000457763672,2970
2026-09-09,ABANSENT,27.770000457763672,29.0,27.5,27.75,5384
2026-09-01,ABB,7521.5,7524.5,7331.5,7396.0,253254
2026-09-02,ABB,7348.5,7447.5,7258.0,7447.5,163580
2026-09-03,ABB,7438.0,7475.0,7405.0,7432.0,153649
2026-09-04,ABB,7445.5,7470.0,7376.0,7410.0,150500
2026-09-07,ABB,7410.0,7459.5,7327.0,7434.0,111094
2026-09-08,ABB,7389.0,7472.0,7340.0,7387.0,167057
2026-09-09,ABB,7377.0,7480.0,7361.0,7428.0,249438
2026-09-01,ABBOTINDIA,25880.0,26215.0,25710.0,26135.0,8754
2026-09-02,ABBOTINDIA,26185.0,26265.0,25810.0,26045.0,7827
2026-09-03,ABBOTINDIA,26175.0,26175.0,25905.0,25945.0,3151
2026-09-04,ABBOTINDIA,25945.0,26365.0,25810.0,26065.0,8803
2026-09-07,ABBOTINDIA,26150.0,26195.0,25810.0,25940.0,5392
2026-09-08,ABBOTINDIA,25860.0,26065.0,25440.0,25555.0,11086
2026-09-09,ABBOTINDIA,25555.0,25705.0,25355.0,25460.0,2924
2026-09-01,ABCAPITAL,404.5,404.8500061035156,390.2999877929688,394.4500122070313,2580254
2026-09-02,ABCAPITAL,390.0,397.0499877929688,385.1000061035156,397.0499877929688,4883439
2026-09-03,ABCAPITAL,398.1000061035156,402.0,396.9500122070313,402.0,1903527
2026-09-04,ABCAPITAL,400.2000122070313,407.3999938964844,400.2000122070313,404.8999938964844,2167785
2026-09-07,ABCAPITAL,404.0,404.75,399.5,403.25,2451986
2026-09-08,ABCAPITAL,400.0,401.0,394.4500122070313,396.9500122070313,3482938
2026-09-09,ABCAPITAL,396.8500061035156,402.0499877929688,393.5499877929688,402.0,1621078
2026-09-01,ABCOTS,218.8999938964844,219.5,208.8300018310547,213.1100006103516,3782
2026-09-02,ABCOTS,215.8999938964844,215.8999938964844,208.0,209.57000732421875,2466
2026-09-03,ABCOTS,213.8999938964844,214.75,205.9900054931641,207.4600067138672,1315
2026-09-04,ABCOTS,209.6999969482422,217.9900054931641,206.3000030517578,208.1499938964844,4500
2026-09-07,ABCOTS,208.8000030517578,223.4499969482422,208.1000061035156,212.009994506836,10187
2026-09-08,ABCOTS,214.6999969482422,214.6999969482422,203.1000061035156,207.9900054931641,5726
2026-09-09,ABCOTS,214.1999969482422,214.1999969482422,204.0,207.8000030517578,1076
2026-09-01,ABDL,628.7999877929688,628.7999877929688,613.0,617.2000122070312,230238
2026-09-02,ABDL,614.0,614.9000244140625,603.3499755859375,604.4000244140625,125467
2026-09-03,ABDL,609.9500122070312,615.2999877929688,602.2999877929688,609.4000244140625,127184
2026-09-04,ABDL,603.25,614.1500244140625,603.25,609.9500122070312,114222
2026-09-07,ABDL,609.9000244140625,610.4000244140625,596.8499755859375,600.0,428345
2026-09-08,ABDL,600.9500122070312,603.0,591.3499755859375,594.5,204726
2026-09-09,ABDL,594.5,605.0,586.5499877929688,600.5999755859375,246838
2026-09-01,ABFRL,52.09999847412109,52.470001220703125,50.59999847412109,51.09999847412109,3376116
2026-09-02,ABFRL,51.09999847412109,51.290000915527344,50.20000076293945,50.470001220703125,4428051
2026-09-03,ABFRL,50.86000061035156,51.70000076293945,50.20000076293945,50.40999984741211,3271761
2026-09-04,ABFRL,50.7599983215332,53.5,50.45000076293945,52.970001220703125,8157673
2026-09-07,ABFRL,52.95000076293945,55.11000061035156,51.9900016784668,53.209999084472656,10440736
2026-09-08,ABFRL,53.06999969482422,53.06999969482422,51.630001068115234,52.2400016784668,2646472
2026-09-09,ABFRL,52.18999862670898,52.220001220703125,51.25,51.54999923706055,1627065
2026-09-01,ABINFRA,11.40999984741211,11.779999732971191,11.010000228881836,11.31999969482422,458824
2026-09-02,ABINFRA,11.029999732971191,11.390000343322754,11.029999732971191,11.270000457763672,87389
2026-09-03,ABINFRA,11.050000190734863,11.699999809265137,11.050000190734863,11.18000030517578,166257
2026-09-04,ABINFRA,11.149999618530272,11.59000015258789,10.949999809265137,11.350000381469728,234755
2026-09-07,ABINFRA,11.449999809265137,11.449999809265137,11.010000228881836,11.399999618530272,282685
2026-09-08,ABINFRA,11.369999885559082,11.600000381469728,11.15999984741211,11.510000228881836,1291691
2026-09-09,ABINFRA,11.520000457763672,11.539999961853027,11.149999618530272,11.449999809265137,107802
2026-09-01,ABLBL,86.70999908447266,87.0,84.1500015258789,85.33000183105469,667788
2026-09-02,ABLBL,84.5999984741211,84.69999694824219,82.61000061035156,82.77999877929688,860340
2026-09-03,ABLBL,82.80000305175781,83.98999786376953,82.69999694824219,83.48999786376953,615778
2026-09-04,ABLBL,84.18000030517578,86.9000015258789,83.72000122070312,86.06999969482422,852050
2026-09-07,ABLBL,86.9000015258789,87.4000015258789,84.98999786376953,85.55000305175781,543434
2026-09-08,ABLBL,85.29000091552734,85.55999755859375,84.05000305175781,84.5199966430664,303800
2026-09-09,ABLBL,84.5199966430664,85.5999984741211,83.79000091552734,84.20999908447266,394375
2026-09-01,ABMINTLLTD,55.0,55.18000030517578,54.11000061035156,55.0,915
2026-09-02,ABMINTLLTD,56.09999847412109,56.09999847412109,55.0,56.09999847412109,132
2026-09-03,ABMINTLLTD,57.0,57.220001220703125,57.0,57.0,77
2026-09-04,ABMINTLLTD,55.86000061035156,55.86000061035156,55.86000061035156,55.86000061035156,338
2026-09-08,ABMINTLLTD,54.75,54.75,54.75,54.75,9
2026-09-09,ABMINTLLTD,53.65999984741211,53.70000076293945,53.65999984741211,53.70000076293945,18
2026-09-01,ABMKNO,197.0,197.0,186.0200042724609,186.7400054931641,775
2026-09-02,ABMKNO,190.9100036621093,191.8600006103516,190.0,190.8999938964844,1070
2026-09-03,ABMKNO,193.0,193.0,187.5,188.0,295
2026-09-04,ABMKNO,193.6000061035156,193.6000061035156,188.0,189.8999938964844,556
2026-09-07,ABMKNO,186.0,189.9900054931641,185.0,189.63999938964844,2557
2026-09-08,ABMKNO,189.97999572753903,189.97999572753903,183.6000061035156,187.1300048828125,913
2026-09-09,ABMKNO,187.1300048828125,190.8000030517578,180.0,180.5,598
2026-09-01,ABREL,1355.5,1377.5999755859375,1335.5999755859375,1357.0,154550
2026-09-02,ABREL,1350.300048828125,1350.300048828125,1318.699951171875,1331.0999755859375,84555
2026-09-03,ABREL,1340.699951171875,1386.9000244140625,1340.699951171875,1376.9000244140625,242377
2026-09-04,ABREL,1376.9000244140625,1400.9000244140625,1362.5,1373.5999755859375,68679
2026-09-07,ABREL,1373.5999755859375,1384.0,1356.0999755859375,1377.800048828125,65234
2026-09-08,ABREL,1379.800048828125,1380.0,1358.0999755859375,1372.0999755859375,53092
2026-09-09,ABREL,1372.0,1372.0,1336.4000244140625,1340.199951171875,63777
2026-09-01,ABSLAMC,1051.9000244140625,1053.300048828125,1012.0999755859376,1029.0999755859375,303733
2026-09-02,ABSLAMC,1025.300048828125,1036.4000244140625,1007.5,1022.0,398572
2026-09-03,ABSLAMC,1026.0,1049.9000244140625,1018.2000122070312,1045.199951171875,201804
2026-09-04,ABSLAMC,1047.699951171875,1065.0,1036.0999755859375,1062.300048828125,127937
2026-09-07,ABSLAMC,1062.300048828125,1064.0999755859375,1035.0,1041.9000244140625,197790
2026-09-08,ABSLAMC,1040.0,1045.5999755859375,1024.0999755859375,1037.800048828125,65423
2026-09-09,ABSLAMC,1035.0,1050.9000244140625,1012.0,1048.0,141313
2026-09-01,ACC,1287.9000244140625,1288.4000244140625,1270.9000244140625,1272.300048828125,98545
2026-09-02,ACC,1271.0,1272.199951171875,1252.9000244140625,1266.5999755859375,146429
2026-09-03,ACC,1269.0,1280.0,1268.0,1272.0,93466
2026-09-04,ACC,1277.0,1289.300048828125,1272.0,1283.800048828125,101446
2026-09-07,ACC,1287.0,1288.5,1265.5,1268.699951171875,90302
2026-09-08,ACC,1267.9000244140625,1268.0,1255.699951171875,1262.800048828125,116616
2026-09-09,ACC,1260.0,1272.0,1258.0,1258.0,91238
2026-09-01,ACCELYA,1125.4000244140625,1146.199951171875,1121.0,1132.300048828125,7470
2026-09-02,ACCELYA,1137.9000244140625,1143.800048828125,1125.5999755859375,1135.0999755859375,4566
2026-09-03,ACCELYA,1141.199951171875,1142.0,1125.0,1129.5999755859375,4291
2026-09-04,ACCELYA,1130.699951171875,1139.199951171875,1125.699951171875,1131.0,2359
2026-09-07,ACCELYA,1131.0,1135.800048828125,1120.0,1127.0999755859375,5455
2026-09-08,ACCELYA,1122.4000244140625,1133.0,1121.0,1124.4000244140625,4962
2026-09-09,ACCELYA,1129.0,1131.4000244140625,1115.0,1123.5999755859375,3824
2026-09-01,ACCURACY,4.429999828338623,4.539999961853027,4.210000038146973,4.210000038146973,126149
2026-09-02,ACCURACY,4.289999961853027,4.289999961853027,4.159999847412109,4.260000228881836,57458
2026-09-03,ACCURACY,4.239999771118164,4.309999942779541,4.059999942779541,4.21999979019165,48044
2026-09-04,ACCURACY,4.269999980926514,4.340000152587891,4.269999980926514,4.309999942779541,25313
2026-09-07,ACCURACY,4.329999923706055,4.409999847412109,4.199999809265137,4.329999923706055,34746
2026-09-08,ACCURACY,4.380000114440918,4.380000114440918,4.159999847412109,4.289999961853027,28210
2026-09-09,ACCURACY,4.159999847412109,4.389999866485596,4.159999847412109,4.340000152587891,25179
2026-09-01,ACE,1110.9000244140625,1121.9000244140625,1085.9000244140625,1093.800048828125,183768
2026-09-02,ACE,1087.0,1099.9000244140625,1073.800048828125,1090.9000244140625,159180
2026-09-03,ACE,1091.0,1155.0,1088.5,1145.5,330531
2026-09-04,ACE,1148.4000244140625,1189.0,1117.0999755859375,1125.4000244140625,557111
2026-09-07,ACE,1125.4000244140625,1131.0,1111.0,1113.199951171875,109006
2026-09-08,ACE,1122.199951171875,1148.0,1105.0,1121.199951171875,238152
2026-09-09,ACE,1122.0,1163.0,1120.0,1126.5,454668
2026-09-01,ACEINTEG,17.100000381469727,19.799999237060547,17.100000381469727,17.6299991607666,11819
2026-09-02,ACEINTEG,17.450000762939453,17.670000076293945,17.010000228881836,17.270000457763672,5445
2026-09-03,ACEINTEG,17.8700008392334,17.8700008392334,16.809999465942383,17.020000457763672,1304
2026-09-04,ACEINTEG,17.399999618530273,18.700000762939453,17.290000915527344,17.829999923706055,17975
2026-09-07,ACEINTEG,18.57999992370605,18.57999992370605,17.520000457763672,17.540000915527344,2039
2026-09-08,ACEINTEG,17.170000076293945,18.38999938964844,17.170000076293945,17.3700008392334,1771
2026-09-09,ACEINTEG,18.36000061035156,18.36000061035156,17.209999084472656,17.850000381469727,307
2026-09-01,ACGL,1800.0,1800.0,1777.0999755859375,1787.800048828125,1923
2026-09-02,ACGL,1795.0,1809.800048828125,1756.0,1760.0,629
2026-09-03,ACGL,1799.800048828125,1799.800048828125,1765.0,1790.9000244140625,309
2026-09-04,ACGL,1799.800048828125,1842.9000244140625,1761.800048828125,1797.5999755859375,616
2026-09-07,ACGL,1799.0,1839.0,1780.0,1799.4000244140625,1000
2026-09-08,ACGL,1822.0,1822.0,1762.699951171875,1780.5,245
2026-09-09,ACGL,1780.5,1799.800048828125,1760.0999755859375,1797.5,273
2026-09-01,ACI,487.3500061035156,508.6499938964844,482.3999938964844,492.6499938964844,1602730
2026-09-02,ACI,490.0,501.0,484.1499938964844,494.1000061035156,635843
2026-09-03,ACI,499.0,510.8500061035156,489.3500061035156,495.2000122070313,666712
2026-09-04,ACI,501.0,512.7000122070312,495.0,504.2000122070313,640010
2026-09-07,ACI,504.3999938964844,513.5999755859375,496.0,509.3500061035156,619983
2026-09-08,ACI,512.0,512.0,483.6499938964844,484.7000122070313,688998
2026-09-09,ACI,485.8999938964844,486.6499938964844,477.0,484.0,213909
2026-09-01,ACL,43.9900016784668,44.0,43.5099983215332,43.93999862670898,4249
2026-09-02,ACL,44.09999847412109,44.20000076293945,43.130001068115234,43.91999816894531,8724
2026-09-03,ACL,43.91999816894531,43.9900016784668,43.02000045776367,43.58000183105469,11113
2026-09-04,ACL,43.58000183105469,43.59000015258789,43.0,43.36000061035156,18265
2026-09-07,ACL,43.36000061035156,43.9900016784668,43.02000045776367,43.4900016784668,7960
2026-09-08,ACL,43.959999084472656,43.970001220703125,42.0,42.290000915527344,29632
2026-09-09,ACL,42.95000076293945,43.4900016784668,42.5,43.40999984741211,5032
2026-09-01,ACMESOLAR,398.0,406.7999877929688,394.25,403.7000122070313,1454893
2026-09-02,ACMESOLAR,395.0,411.1499938964844,391.1000061035156,398.25,2449655
2026-09-03,ACMESOLAR,398.4500122070313,404.8999938964844,396.8500061035156,401.8999938964844,854705
2026-09-04,ACMESOLAR,402.8999938964844,430.5,399.5499877929688,418.0,6203953
2026-09-07,ACMESOLAR,422.7999877929688,423.3999938964844,409.0,413.1499938964844,1367600
2026-09-08,ACMESOLAR,413.1499938964844,417.6499938964844,404.4500122070313,412.6000061035156,1281765
2026-09-09,ACMESOLAR,406.0,417.0,406.0,407.25,508204
2026-09-01,ACSTECH,52.0,52.0,50.0,50.93999862670898,82349
2026-09-02,ACSTECH,50.93999862670898,51.5,50.02000045776367,51.25,59299
2026-09-03,ACSTECH,51.20000076293945,52.45000076293945,50.25,50.68999862670898,229078
2026-09-04,ACSTECH,51.900001525878906,52.0,51.0,51.83000183105469,124987
2026-09-07,ACSTECH,52.400001525878906,54.41999816894531,51.400001525878906,54.41999816894531,308737
2026-09-08,ACSTECH,56.0,57.13999938964844,55.0,57.13999938964844,653499
2026-09-09,ACSTECH,57.5,59.9900016784668,57.5,59.9900016784668,447129
2026-09-01,ACUTAAS,3163.39990234375,3238.800048828125,3150.0,3174.300048828125,333584
2026-09-02,ACUTAAS,3161.10009765625,3195.60009765625,3120.0,3134.89990234375,190272
2026-09-03,ACUTAAS,3149.699951171875,3211.60009765625,3149.699951171875,3201.0,211905
2026-09-04,ACUTAAS,3211.10009765625,3228.800048828125,3156.300048828125,3168.5,149850
2026-09-07,ACUTAAS,3168.5,3212.699951171875,3160.0,3181.60009765625,141224
2026-09-08,ACUTAAS,3181.60009765625,3235.5,3161.5,3182.10009765625,174805
2026-09-09,ACUTAAS,3182.10009765625,3270.0,3181.5,3216.800048828125,196899
2026-09-01,ADANIENSOL,1435.0,1444.4000244140625,1373.300048828125,1382.0,8161918
2026-09-02,ADANIENSOL,1374.5999755859375,1401.0,1348.0,1396.5999755859375,4214587
2026-09-03,ADANIENSOL,1398.0,1412.800048828125,1378.0,1385.699951171875,1939729
2026-09-04,ADANIENSOL,1385.5999755859375,1412.699951171875,1376.699951171875,1409.5999755859375,1386991
2026-09-07,ADANIENSOL,1412.699951171875,1418.5,1387.800048828125,1390.4000244140625,1342576
2026-09-08,ADANIENSOL,1390.4000244140625,1412.0,1370.0,1407.699951171875,1308434
2026-09-09,ADANIENSOL,1406.0,1446.0,1396.5,1440.699951171875,1564249
2026-09-01,ADANIENT,2910.0,2942.5,2846.0,2863.89990234375,3862408
2026-09-02,ADANIENT,2859.800048828125,2905.0,2830.5,2891.800048828125,1642492
2026-09-03,ADANIENT,2905.0,2920.5,2885.199951171875,2901.0,816124
2026-09-04,ADANIENT,2900.0,2965.0,2882.800048828125,2938.0,1060844
2026-09-07,ADANIENT,2940.0,2964.39990234375,2918.5,2950.0,981218
2026-09-08,ADANIENT,2933.0,2968.800048828125,2918.0,2953.10009765625,971133
2026-09-09,ADANIENT,2959.89990234375,3142.0,2935.199951171875,3101.0,4705659
2026-09-01,ADANIGREEN,1220.0,1271.199951171875,1217.0,1265.0,4309378
2026-09-02,ADANIGREEN,1244.0,1303.0,1236.4000244140625,1296.0,2634560
2026-09-03,ADANIGREEN,1300.0,1310.300048828125,1278.5999755859375,1283.4000244140625,1133280
2026-09-04,ADANIGREEN,1288.0,1304.5,1278.199951171875,1301.300048828125,768437
2026-09-07,ADANIGREEN,1301.199951171875,1309.800048828125,1285.0,1288.0,685684
2026-09-08,ADANIGREEN,1288.0,1301.300048828125,1275.5,1292.0,678003
2026-09-09,ADANIGREEN,1290.5,1339.699951171875,1290.0,1328.0,2240459
2026-09-01,ADANIPORTS,1625.0,1655.5999755859375,1625.0,1647.5,3770354
2026-09-02,ADANIPORTS,1637.0999755859375,1676.699951171875,1632.0999755859375,1672.699951171875,2338937
2026-09-03,ADANIPORTS,1694.9000244140625,1710.800048828125,1681.800048828125,1706.5,3370497
2026-09-04,ADANIPORTS,1699.9000244140625,1716.9000244140625,1692.4000244140625,1707.300048828125,1281968
2026-09-07,ADANIPORTS,1714.0,1716.4000244140625,1685.9000244140625,1694.300048828125,1175177
2026-09-08,ADANIPORTS,1694.0,1713.0999755859375,1685.199951171875,1710.0,1217135
2026-09-09,ADANIPORTS,1719.0,1780.0,1706.0,1779.5,4190651
2026-09-01,ADANIPOWER,202.0,205.7899932861328,201.3099975585937,204.3600006103516,38032254
2026-09-02,ADANIPOWER,202.58999633789065,207.6999969482422,200.1199951171875,207.6999969482422,18174608
2026-09-03,ADANIPOWER,209.0,211.3300018310547,206.63999938964844,208.2899932861328,17538881
2026-09-04,ADANIPOWER,208.2899932861328,208.9900054931641,206.75,207.1999969482422,9328145
2026-09-07,ADANIPOWER,207.1000061035156,208.6499938964844,204.1600036621093,204.4900054931641,9839611
2026-09-08,ADANIPOWER,205.1999969482422,209.3999938964844,204.1199951171875,208.3999938964844,17837173
2026-09-09,ADANIPOWER,207.1000061035156,216.1000061035156,206.5,215.2899932861328,27766183
2026-09-01,ADDIND,80.0,83.9000015258789,76.94999694824219,81.44000244140625,373
2026-09-02,ADDIND,83.5,90.0,83.5,85.29000091552734,595
2026-09-03,ADDIND,86.9000015258789,88.0,75.0,76.69000244140625,2206
2026-09-04,ADDIND,81.55000305175781,83.68000030517578,79.0,79.33999633789062,486
2026-09-07,ADDIND,79.33999633789062,85.0,78.94999694824219,80.80999755859375,2067
2026-09-08,ADDIND,82.9000015258789,83.0,75.26000213623047,79.87000274658203,279
2026-09-01,ADFFOODS,268.70001220703125,272.0,259.6499938964844,265.1499938964844,135582
2026-09-02,ADFFOODS,263.0,269.0,258.79998779296875,267.70001220703125,107626
2026-09-03,ADFFOODS,269.0,269.95001220703125,263.8500061035156,267.5,59722
2026-09-04,ADFFOODS,267.5,269.1499938964844,262.3999938964844,264.79998779296875,78833
2026-09-07,ADFFOODS,263.1499938964844,269.0,259.0,266.1499938964844,120114
2026-09-08,ADFFOODS,267.0,274.3500061035156,261.8500061035156,273.70001220703125,228769
2026-09-09,ADFFOODS,274.79998779296875,276.95001220703125,268.3500061035156,275.8999938964844,136508
2026-09-01,ADL,75.0,75.98999786376953,70.79000091552734,75.41999816894531,753
2026-09-02,ADL,76.93000030517578,76.93000030517578,71.75,76.4000015258789,1341
2026-09-03,ADL,76.0,76.0,72.01000213623047,72.79000091552734,776
2026-09-04,ADL,75.0,75.0,71.0,72.0,757
2026-09-07,ADL,71.4000015258789,74.0,71.4000015258789,72.56999969482422,646
2026-09-08,ADL,74.8499984741211,75.0,72.55000305175781,74.69000244140625,176
2026-09-09,ADL,74.0,74.0,71.20999908447266,73.0,1436
2026-09-01,ADOR,1730.0,1733.4000244140625,1672.0,1700.800048828125,51304
2026-09-02,ADOR,1706.0,1744.800048828125,1670.800048828125,1730.300048828125,71667
2026-09-03,ADOR,1730.300048828125,1739.9000244140625,1708.0,1714.5999755859375,22575
2026-09-04,ADOR,1720.0,1731.0,1662.199951171875,1674.4000244140625,26990
2026-09-07,ADOR,1674.4000244140625,1681.9000244140625,1624.0999755859375,1644.0999755859375,37401
2026-09-08,ADOR,1645.0,1650.0,1600.0,1626.199951171875,44867
2026-09-09,ADOR,1645.0,1697.5,1629.300048828125,1643.0999755859375,46964
2026-09-01,ADROITINFO,10.479999542236328,10.800000190734863,10.220000267028809,10.460000038146973,15956
2026-09-02,ADROITINFO,10.529999732971191,10.550000190734863,10.020000457763672,10.260000228881836,7962
2026-09-03,ADROITINFO,10.609999656677246,10.609999656677246,10.260000228881836,10.3100004196167,10043
2026-09-04,ADROITINFO,10.199999809265137,10.600000381469728,10.199999809265137,10.3100004196167,10874
2026-09-07,ADROITINFO,10.3100004196167,10.729999542236328,10.25,10.3100004196167,24445
2026-09-08,ADROITINFO,10.25,11.25,9.760000228881836,10.630000114440918,123641
2026-09-09,ADROITINFO,10.600000381469728,11.399999618530272,10.270000457763672,10.789999961853027,47984
2026-09-01,ADSL,105.0,105.88999938964844,103.12000274658205,103.94000244140624,85703
2026-09-02,ADSL,103.8000030517578,104.94000244140624,100.6500015258789,103.9000015258789,60736
2026-09-03,ADSL,104.16000366210938,105.81999969482422,103.01000213623048,104.8499984741211,77592
2026-09-04,ADSL,105.23999786376952,105.72000122070312,103.5,104.12999725341795,63640
2026-09-07,ADSL,103.08000183105467,103.98999786376952,100.20999908447266,101.45999908447266,126207
2026-09-08,ADSL,101.5500030517578,102.0,99.75,101.2300033569336,91732
2026-09-09,ADSL,101.56999969482422,102.37999725341795,99.5999984741211,99.80999755859376,54701
2026-09-01,ADVAIT,2170.0,2181.0,2087.10009765625,2121.0,46878
2026-09-02,ADVAIT,2095.0,2160.0,2080.0,2139.0,49312
2026-09-03,ADVAIT,2159.0,2236.10009765625,2115.5,2210.89990234375,56826
2026-09-04,ADVAIT,2230.0,2244.89990234375,2136.0,2151.300048828125,66736
2026-09-07,ADVAIT,2151.300048828125,2159.39990234375,2070.199951171875,2096.39990234375,49298
2026-09-08,ADVAIT,2111.89990234375,2172.89990234375,2084.699951171875,2153.89990234375,66017
2026-09-09,ADVAIT,2164.0,2164.0,2090.0,2106.60009765625,31945
2026-09-01,ADVANCE,117.0,118.5999984741211,115.4000015258789,116.22000122070312,90717
2026-09-02,ADVANCE,116.62000274658205,121.08999633789062,115.0999984741211,117.88999938964844,331320
2026-09-03,ADVANCE,118.88999938964844,121.0,116.8499984741211,118.52999877929688,99888
2026-09-04,ADVANCE,119.75,119.76000213623048,116.86000061035156,117.43000030517578,118344
2026-09-07,ADVANCE,117.43000030517578,119.8000030517578,115.9000015258789,116.43000030517578,95430
2026-09-08,ADVANCE,118.13999938964844,118.13999938964844,114.58000183105467,115.52999877929688,79416
2026-09-09,ADVANCE,115.98999786376952,116.19000244140624,113.30999755859376,113.98999786376952,61998
2026-09-01,ADVANIHOTR,49.880001068115234,49.9900016784668,49.45000076293945,49.54999923706055,12199
2026-09-02,ADVANIHOTR,49.59999847412109,50.0,49.29999923706055,49.43000030517578,27794
2026-09-03,ADVANIHOTR,49.5,50.0,49.08000183105469,49.18000030517578,22473
2026-09-04,ADVANIHOTR,49.25,49.9900016784668,49.0,49.45000076293945,22126
2026-09-07,ADVANIHOTR,49.45000076293945,49.97999954223633,49.0,49.119998931884766,19626
2026-09-08,ADVANIHOTR,49.79999923706055,49.79999923706055,49.0,49.13999938964844,27336
2026-09-09,ADVANIHOTR,49.560001373291016,49.560001373291016,47.630001068115234,48.70000076293945,14265
2026-09-01,ADVENTHTL,138.9499969482422,139.85000610351562,133.5,135.72000122070312,84873
2026-09-02,ADVENTHTL,134.5500030517578,137.97999572753906,133.41000366210938,136.88999938964844,48518
2026-09-03,ADVENTHTL,136.4499969482422,137.75,134.2100067138672,134.97999572753906,86090
2026-09-04,ADVENTHTL,135.25,135.6999969482422,132.80999755859375,134.57000732421875,78410
2026-09-07,ADVENTHTL,134.5,135.64999389648438,132.0,133.19000244140625,123600
2026-09-08,ADVENTHTL,132.19000244140625,134.24000549316406,129.0,132.77999877929688,300842
2026-09-09,ADVENTHTL,132.38999938964844,132.8800048828125,131.0,131.88999938964844,30860
2026-09-01,ADVENZYMES,294.1000061035156,298.20001220703125,291.5,295.3500061035156,161643
2026-09-02,ADVENZYMES,295.3500061035156,296.6000061035156,292.25,292.8999938964844,188103
2026-09-03,ADVENZYMES,293.79998779296875,298.0,293.79998779296875,296.0,118836
2026-09-04,ADVENZYMES,297.1000061035156,300.79998779296875,292.1000061035156,293.20001220703125,257142
2026-09-07,ADVENZYMES,293.20001220703125,298.5,292.20001220703125,297.8500061035156,151606
2026-09-08,ADVENZYMES,297.75,301.75,296.29998779296875,298.8500061035156,179746
2026-09-09,ADVENZYMES,298.45001220703125,302.8999938964844,296.0,302.0,113493
2026-09-01,ADVIKCA,1.1699999570846558,1.1699999570846558,1.1399999856948853,1.149999976158142,289220
2026-09-02,ADVIKCA,1.159999966621399,1.2599999904632568,1.1100000143051147,1.149999976158142,899571
2026-09-03,ADVIKCA,1.1699999570846558,1.1699999570846558,1.100000023841858,1.1299999952316284,325275
2026-09-04,ADVIKCA,1.149999976158142,1.159999966621399,1.1100000143051147,1.1200000047683716,329513
2026-09-07,ADVIKCA,1.1200000047683716,1.1299999952316284,1.100000023841858,1.100000023841858,337126
2026-09-08,ADVIKCA,1.100000023841858,1.100000023841858,1.059999942779541,1.0700000524520874,819602
2026-09-09,ADVIKCA,1.0700000524520874,1.090000033378601,1.059999942779541,1.0800000429153442,106268
2026-09-01,AEGISLOG,1265.0999755859375,1271.0,1180.0,1219.300048828125,1344809
2026-09-02,AEGISLOG,1202.0,1252.9000244140625,1200.0,1241.800048828125,722924
2026-09-03,AEGISLOG,1255.0,1294.9000244140625,1235.5,1287.199951171875,754823
2026-09-04,AEGISLOG,1288.0999755859375,1327.300048828125,1265.0,1270.199951171875,665965
2026-09-07,AEGISLOG,1274.5999755859375,1278.699951171875,1238.0,1253.699951171875,378402
2026-09-08,AEGISLOG,1253.800048828125,1273.9000244140625,1232.0,1268.0999755859375,315995
2026-09-09,AEGISLOG,1270.5999755859375,1358.699951171875,1268.5999755859375,1339.0,1687792
2026-09-01,AEGISVOPAK,267.8999938964844,272.0,260.70001220703125,270.1000061035156,711022
2026-09-02,AEGISVOPAK,268.45001220703125,288.29998779296875,266.29998779296875,286.29998779296875,3128778
2026-09-03,AEGISVOPAK,288.0,298.70001220703125,283.1499938964844,286.8500061035156,1926863
2026-09-04,AEGISVOPAK,286.5,294.1000061035156,283.1000061035156,284.5,788218
2026-09-07,AEGISVOPAK,281.6499938964844,287.0,279.54998779296875,285.3500061035156,615354
2026-09-08,AEGISVOPAK,285.0,291.79998779296875,284.0,290.6499938964844,584529
2026-09-09,AEGISVOPAK,291.0,299.3999938964844,288.79998779296875,296.54998779296875,1556369
2026-09-01,AEPL,15.5600004196167,15.5600004196167,14.899999618530272,15.09000015258789,965192
2026-09-02,AEPL,15.869999885559082,15.869999885559082,15.0,15.079999923706056,478365
2026-09-03,AEPL,15.479999542236328,18.09000015258789,15.100000381469728,17.09000015258789,268429
2026-09-04,AEPL,16.809999465942383,18.200000762939453,16.0,17.5,170886
2026-09-07,AEPL,17.850000381469727,18.25,17.260000228881836,18.020000457763672,99702
2026-09-08,AEPL,18.100000381469727,18.5,17.079999923706055,18.11000061035156,46457
2026-09-09,AEPL,18.5,18.5,17.200000762939453,17.75,34070
2026-09-01,AEQUS,244.33999633789065,248.6300048828125,241.3500061035156,247.47000122070312,2245052
2026-09-02,AEQUS,245.0,248.1499938964844,241.02999877929688,245.6199951171875,1668299
2026-09-03,AEQUS,246.5,256.20001220703125,244.6100006103516,247.22999572753903,5020432
2026-09-04,AEQUS,247.8999938964844,249.0,241.0,242.17999267578125,1802739
2026-09-07,AEQUS,242.4199981689453,242.72000122070312,233.0,233.8600006103516,2461232
2026-09-08,AEQUS,233.8600006103516,239.75,229.6999969482422,231.8999938964844,2864307
2026-09-09,AEQUS,232.0,235.41000366210932,228.6499938964844,231.97000122070312,2118907
2026-09-01,AEROENTER,138.0,148.8000030517578,137.64999389648438,143.38999938964844,1336212
2026-09-02,AEROENTER,142.0,143.58999633789062,139.41000366210938,140.4600067138672,413196
2026-09-03,AEROENTER,141.39999389648438,147.44000244140625,140.4600067138672,142.86000061035156,671011
2026-09-04,AEROENTER,143.8800048828125,145.19000244140625,140.1999969482422,141.80999755859375,477542
2026-09-07,AEROENTER,143.22999572753906,156.0,142.5500030517578,154.72999572753906,3260028
2026-09-08,AEROENTER,157.0,159.60000610351562,150.25,152.64999389648438,1601272
2026-09-09,AEROENTER,151.80999755859375,152.5500030517578,144.91000366210938,146.77999877929688,869121
2026-09-01,AEROFLEX,526.7999877929688,570.5,515.5499877929688,552.0499877929688,2920944
2026-09-02,AEROFLEX,548.2000122070312,561.4500122070312,536.2999877929688,540.75,1124008
2026-09-03,AEROFLEX,545.0499877929688,547.9000244140625,536.1500244140625,542.1500244140625,731290
2026-09-04,AEROFLEX,544.0,552.9500122070312,527.0999755859375,537.4500122070312,1026759
2026-09-07,AEROFLEX,538.0499877929688,561.7000122070312,536.2000122070312,558.1500244140625,1428124
2026-09-08,AEROFLEX,561.6500244140625,584.1500244140625,545.0999755859375,573.5,1971688
2026-09-09,AEROFLEX,572.0,573.4000244140625,554.0499877929688,561.5,726747
2026-09-01,AERONEU,80.06999969482422,81.58000183105469,77.51000213623047,77.97000122070312,37739
2026-09-02,AERONEU,79.87000274658203,84.69999694824219,77.80000305175781,80.69999694824219,72398
2026-09-03,AERONEU,81.5999984741211,82.5,78.5999984741211,78.98999786376953,38951
2026-09-04,AERONEU,78.25,87.69999694824219,77.70999908447266,80.56999969482422,80348
2026-09-07,AERONEU,80.56999969482422,80.56999969482422,77.0,77.27999877929688,36220
2026-09-08,AERONEU,76.0,78.0,73.25,74.12999725341797,46937
2026-09-09,AERONEU,73.0,76.0,70.20999908447266,70.55000305175781,27301
2026-09-01,AEROPLANE,176.0,178.0,172.0,174.19000244140625,228243
2026-09-02,AEROPLANE,173.9499969482422,182.32000732421875,172.6300048828125,179.25,711360
2026-09-03,AEROPLANE,180.10000610351562,188.2100067138672,177.07000732421875,188.07000732421875,633269
2026-09-04,AEROPLANE,188.0,197.0,187.1499938964844,194.2899932861328,724408
2026-09-07,AEROPLANE,198.38999938964844,202.3000030517578,195.0,198.02999877929688,994634
2026-09-08,AEROPLANE,197.0,202.0,193.3600006103516,199.3099975585937,592502
2026-09-09,AEROPLANE,199.3099975585937,204.0,196.5200042724609,200.1499938964844,188903
2026-09-01,AETHER,1700.0,1700.0,1667.4000244140625,1683.699951171875,102406
2026-09-02,AETHER,1685.0,1693.699951171875,1641.0999755859375,1646.4000244140625,232941
2026-09-03,AETHER,1662.699951171875,1692.800048828125,1650.199951171875,1654.699951171875,137904
2026-09-04,AETHER,1660.0999755859375,1666.300048828125,1614.300048828125,1625.5999755859375,205632
2026-09-07,AETHER,1621.0,1635.0,1604.800048828125,1619.5,122482
2026-09-08,AETHER,1622.0,1647.5999755859375,1592.5999755859375,1642.9000244140625,130630
2026-09-09,AETHER,1640.0,1678.800048828125,1627.0999755859375,1638.199951171875,120782
2026-09-01,AFCONS,284.8999938964844,287.5,283.25,285.25,324859
2026-09-02,AFCONS,282.04998779296875,286.25,280.5,285.1000061035156,402500
2026-09-03,AFCONS,285.1000061035156,296.0,285.0,294.70001220703125,973217
2026-09-04,AFCONS,295.04998779296875,297.3999938964844,291.3500061035156,292.79998779296875,400459
2026-09-07,AFCONS,291.54998779296875,296.20001220703125,290.5,293.20001220703125,425086
2026-09-08,AFCONS,292.04998779296875,294.75,279.3500061035156,280.25,828684
2026-09-09,AFCONS,280.0,283.8500061035156,273.5,273.79998779296875,787154
2026-09-01,AFFLE,1590.0,1596.800048828125,1556.0,1565.0999755859375,149381
2026-09-02,AFFLE,1561.0,1561.0,1509.0,1517.9000244140625,443298
2026-09-03,AFFLE,1540.0,1540.199951171875,1489.199951171875,1519.199951171875,1325612
2026-09-04,AFFLE,1529.0,1645.0,1521.0,1616.5,3213241
2026-09-07,AFFLE,1630.0,1654.5,1605.699951171875,1623.199951171875,423624
2026-09-08,AFFLE,1622.199951171875,1647.699951171875,1593.0999755859375,1609.4000244140625,146343
2026-09-09,AFFLE,1597.5999755859375,1613.5999755859375,1576.300048828125,1588.5999755859375,75555
2026-09-01,AFFORDABLE,160.0500030517578,163.9600067138672,155.00999450683594,157.07000732421875,16546
2026-09-02,AFFORDABLE,160.99000549316406,161.8000030517578,157.0500030517578,159.41000366210938,7436
2026-09-03,AFFORDABLE,163.8800048828125,163.8800048828125,159.0,159.67999267578125,12094
2026-09-04,AFFORDABLE,164.92999267578125,164.92999267578125,155.14999389648438,157.47000122070312,21622
2026-09-07,AFFORDABLE,156.10000610351562,162.0,155.7100067138672,160.02999877929688,23084
2026-09-08,AFFORDABLE,160.5500030517578,168.02999877929688,159.32000732421875,164.22999572753906,38881
2026-09-09,AFFORDABLE,166.0,166.0,157.2100067138672,160.02999877929688,19884
2026-09-01,AFIL,9.5,9.6899995803833,9.40999984741211,9.43000030517578,131859
2026-09-02,AFIL,9.3100004196167,9.579999923706056,9.3100004196167,9.390000343322754,196038
2026-09-03,AFIL,9.5,9.600000381469728,9.289999961853027,9.3100004196167,313894
2026-09-04,AFIL,9.5,9.539999961853027,9.1899995803833,9.220000267028809,579665
2026-09-07,AFIL,9.25,9.390000343322754,9.0600004196167,9.140000343322754,552669
2026-09-08,AFIL,9.149999618530272,9.279999732971191,9.020000457763672,9.06999969482422,338110
2026-09-09,AFIL,9.449999809265137,9.449999809265137,8.899999618530273,8.989999771118164,317755
2026-09-01,AFSL,212.1000061035156,215.8800048828125,202.1999969482422,207.72999572753903,5139
2026-09-02,AFSL,205.0,215.0,202.25,210.47000122070312,6924
2026-09-03,AFSL,214.0,214.0,206.0,208.7700042724609,3310
2026-09-04,AFSL,211.8000030517578,211.8000030517578,201.3000030517578,202.07000732421875,9724
2026-09-07,AFSL,202.07000732421875,207.8000030517578,201.25,202.77999877929688,3949
2026-09-08,AFSL,202.5,205.6999969482422,201.0,201.1600036621093,15736
2026-09-09,AFSL,201.7400054931641,204.3999938964844,201.1300048828125,202.19000244140625,2161
2026-09-01,AGARIND,456.0,457.2999877929688,438.1000061035156,442.7999877929688,70393
2026-09-02,AGARIND,439.5,454.7000122070313,432.0499877929688,450.5499877929688,49700
2026-09-03,AGARIND,451.8999938964844,456.2000122070313,439.1499938964844,440.5,41157
2026-09-04,AGARIND,441.4500122070313,455.0,440.0,450.7999877929688,56050
2026-09-07,AGARIND,450.9500122070313,452.1000061035156,437.0,440.2000122070313,45036
2026-09-08,AGARIND,436.75,449.6499938964844,432.1000061035156,440.8999938964844,47842
2026-09-09,AGARIND,439.8999938964844,449.0,435.3500061035156,443.8999938964844,21740
2026-09-01,AGARWALEYE,513.75,518.5,506.1499938964844,508.7000122070313,139334
2026-09-02,AGARWALEYE,508.1499938964844,524.5,508.1499938964844,514.25,640862
2026-09-03,AGARWALEYE,514.0,522.9000244140625,505.8999938964844,511.4500122070313,755505
2026-09-04,AGARWALEYE,511.6000061035156,515.9500122070312,507.7999877929688,514.0999755859375,81568
2026-09-07,AGARWALEYE,514.0999755859375,528.7999877929688,513.7999877929688,518.25,402398
2026-09-08,AGARWALEYE,518.25,523.7999877929688,512.7999877929688,519.7000122070312,424854
2026-09-09,AGARWALEYE,522.0999755859375,522.0999755859375,510.2000122070313,514.5,79036
2026-09-01,AGI,780.9500122070312,788.0,770.0499877929688,782.25,124438
2026-09-02,AGI,776.0,778.3499755859375,748.0,749.4500122070312,199603
2026-09-03,AGI,754.5,762.1500244140625,739.0999755859375,742.2000122070312,149192
2026-09-04,AGI,746.5,753.9000244140625,731.25,735.25,98049
2026-09-07,AGI,732.5,744.2000122070312,730.0,732.6500244140625,98095
2026-09-08,AGI,730.0,786.8499755859375,730.0,783.7999877929688,359947
2026-09-09,AGI,781.0,794.0999755859375,770.2000122070312,777.5999755859375,160548
2026-09-01,AGIIL,285.0,289.0,281.20001220703125,286.1000061035156,271445
2026-09-02,AGIIL,284.70001220703125,285.0,276.5,280.75,231029
2026-09-03,AGIIL,282.8500061035156,287.0,275.75,278.29998779296875,901682
2026-09-04,AGIIL,279.0,284.8999938964844,277.75,283.70001220703125,261176
2026-09-07,AGIIL,286.3999938964844,291.0,275.54998779296875,277.1499938964844,1078054
2026-09-08,AGIIL,276.54998779296875,276.54998779296875,270.04998779296875,271.6499938964844,297101
2026-09-09,AGIIL,273.0,302.6499938964844,269.04998779296875,288.04998779296875,8119698
2026-09-01,AGL,13.850000381469728,13.93000030517578,13.510000228881836,13.59000015258789,3355300
2026-09-02,AGL,13.5600004196167,13.949999809265137,13.279999732971191,13.789999961853027,1532028
2026-09-03,AGL,13.789999961853027,13.829999923706056,13.520000457763672,13.65999984741211,1278727
2026-09-04,AGL,13.609999656677246,13.970000267028809,13.609999656677246,13.649999618530272,978529
2026-09-07,AGL,13.600000381469728,13.710000038146973,13.460000038146973,13.579999923706056,8294166
2026-09-08,AGL,13.56999969482422,16.229999542236328,13.550000190734863,16.020000457763672,54467549
2026-09-09,AGL,15.729999542236328,16.3799991607666,15.550000190734863,15.640000343322754,6165837
2026-09-01,AGRITECH,106.5999984741211,106.5999984741211,100.5999984741211,101.16000366210938,3000
2026-09-02,AGRITECH,102.37000274658205,104.9000015258789,100.5999984741211,100.9000015258789,3722
2026-09-03,AGRITECH,102.0,102.0,101.0,101.0999984741211,2440
2026-09-04,AGRITECH,101.0999984741211,103.8000030517578,99.8499984741211,101.20999908447266,3474
2026-09-07,AGRITECH,103.4499969482422,103.4499969482422,99.0,100.06999969482422,921
2026-09-08,AGRITECH,104.4000015258789,104.4000015258789,98.01000213623048,99.75,4390
2026-09-09,AGRITECH,100.0,101.88999938964844,96.0999984741211,99.9000015258789,1300
2026-09-01,AGROPHOS,26.479999542236328,26.790000915527344,25.299999237060547,25.600000381469727,20769
2026-09-02,AGROPHOS,25.6299991607666,26.440000534057617,24.809999465942383,24.989999771118164,33087
2026-09-03,AGROPHOS,25.75,27.0,25.100000381469727,26.190000534057617,33501
2026-09-04,AGROPHOS,26.190000534057617,26.88999938964844,25.5,25.770000457763672,12923
2026-09-07,AGROPHOS,25.770000457763672,26.39999961853028,24.0,24.81999969482422,35970
2026-09-08,AGROPHOS,25.0,25.479999542236328,23.030000686645508,23.440000534057617,114226
2026-09-09,AGROPHOS,23.450000762939453,23.88999938964844,22.549999237060547,23.09000015258789,40275
2026-09-01,AGSTRA,2.0299999713897705,2.039999961853028,1.9700000286102293,2.009999990463257,111822
2026-09-02,AGSTRA,1.9900000095367432,2.039999961853028,1.9600000381469729,1.9800000190734863,89045
2026-09-03,AGSTRA,1.9600000381469729,2.039999961853028,1.9600000381469729,1.9800000190734863,72282
2026-09-04,AGSTRA,2.0,2.0199999809265137,1.909999966621399,1.9900000095367432,146893
2026-09-07,AGSTRA,1.9900000095367432,1.9900000095367432,1.899999976158142,1.940000057220459,281354
2026-09-08,AGSTRA,1.940000057220459,2.0199999809265137,1.909999966621399,1.9600000381469729,155492
2026-09-09,AGSTRA,1.899999976158142,1.950000047683716,1.870000004768372,1.899999976158142,300463
2026-09-01,AHCL,15.93000030517578,15.970000267028809,15.369999885559082,15.489999771118164,1880199
2026-09-02,AHCL,15.489999771118164,15.760000228881836,15.31999969482422,15.5600004196167,1668193
2026-09-03,AHCL,15.470000267028809,16.25,15.470000267028809,15.600000381469728,5112726
2026-09-04,AHCL,15.68000030517578,15.890000343322754,15.539999961853027,15.68000030517578,2049674
2026-09-07,AHCL,15.739999771118164,15.850000381469728,15.40999984741211,15.479999542236328,2176718
2026-09-08,AHCL,15.539999961853027,15.6899995803833,15.40999984741211,15.609999656677246,1454613
2026-09-09,AHCL,15.619999885559082,16.68000030517578,15.619999885559082,15.979999542236328,12349854
2026-09-01,AHLADA,38.869998931884766,38.869998931884766,37.11000061035156,37.310001373291016,6566
2026-09-02,AHLADA,37.25,38.369998931884766,36.70000076293945,37.27000045776367,2566
2026-09-03,AHLADA,38.29999923706055,38.29999923706055,37.02000045776367,37.5099983215332,2175
2026-09-04,AHLADA,36.5099983215332,38.5,35.5099983215332,37.290000915527344,11371
2026-09-07,AHLADA,37.290000915527344,37.290000915527344,35.7400016784668,36.79999923706055,20508
2026-09-08,AHLADA,37.0,37.7400016784668,36.0,36.29999923706055,14208
2026-09-09,AHLADA,36.290000915527344,36.9900016784668,35.529998779296875,36.900001525878906,14894
2026-09-01,AHLEAST,138.10000610351562,143.89999389648438,137.14999389648438,142.1999969482422,4748
2026-09-02,AHLEAST,138.8000030517578,143.0,138.50999450683594,142.00999450683594,1209
2026-09-03,AHLEAST,143.3000030517578,144.1999969482422,135.0,135.86000061035156,7776
2026-09-04,AHLEAST,135.0500030517578,139.0,135.0,136.50999450683594,987
2026-09-07,AHLEAST,139.89999389648438,139.89999389648438,135.22000122070312,135.82000732421875,1897
2026-09-08,AHLEAST,137.00999450683594,138.50999450683594,134.25,135.3800048828125,10422
2026-09-09,AHLEAST,137.0,137.8800048828125,135.39999389648438,135.66000366210938,1858
2026-09-01,AHLUCONT,620.7000122070312,627.9000244140625,606.7000122070312,612.5,70430
2026-09-02,AHLUCONT,606.0499877929688,611.6500244140625,590.0,602.2000122070312,107402
2026-09-03,AHLUCONT,602.75,608.9000244140625,591.3499755859375,595.4500122070312,58695
2026-09-04,AHLUCONT,599.9000244140625,611.9000244140625,592.5999755859375,599.0499877929688,225666
2026-09-07,AHLUCONT,602.0,609.5999755859375,594.7999877929688,597.0499877929688,80482
2026-09-08,AHLUCONT,595.0,609.0,592.0999755859375,607.1500244140625,45142
2026-09-09,AHLUCONT,605.9000244140625,619.0,598.5999755859375,603.0,45619
2026-09-01,AHLWEST,530.3499755859375,547.7000122070312,525.0,534.6500244140625,1223
2026-09-02,AHLWEST,511.0499877929688,535.0,511.0,535.0,330
2026-09-03,AHLWEST,530.0,535.0,510.1000061035156,512.0499877929688,393
2026-09-04,AHLWEST,511.25,530.9000244140625,487.0,530.8499755859375,442
2026-09-07,AHLWEST,530.0,530.0,530.0,530.0,10
2026-09-08,AHLWEST,515.0,522.0,505.0499877929688,515.5,1174
2026-09-09,AHLWEST,506.0,533.7999877929688,506.0,533.7999877929688,586
2026-09-01,AIAENG,4240.0,4256.7998046875,4210.2998046875,4243.2001953125,20642
2026-09-02,AIAENG,4243.2001953125,4260.0,4141.0,4159.7001953125,51399
2026-09-03,AIAENG,4201.2001953125,4320.0,4182.10009765625,4272.39990234375,121873
2026-09-04,AIAENG,4250.0,4272.39990234375,4206.0,4231.2001953125,117943
2026-09-07,AIAENG,4231.2001953125,4249.0,4180.0,4224.0,15736
2026-09-08,AIAENG,4246.0,4283.39990234375,4200.0,4259.0,25850
2026-09-09,AIAENG,4229.5,4259.10009765625,4178.5,4192.39990234375,11565
2026-09-01,AIIL,568.9500122070312,568.9500122070312,536.2000122070312,539.2999877929688,523103
2026-09-02,AIIL,538.0,541.0499877929688,504.8500061035156,507.4500122070313,1027128
2026-09-03,AIIL,514.5999755859375,522.1500244140625,508.25,519.0499877929688,263000
2026-09-04,AIIL,521.9000244140625,528.0,518.0,519.9000244140625,145614
2026-09-07,AIIL,517.75,519.5,509.0,514.9500122070312,136349
2026-09-08,AIIL,517.0,529.5999755859375,510.5499877929688,526.2000122070312,142504
2026-09-09,AIIL,524.5,524.6500244140625,513.0499877929688,517.3499755859375,74275
2026-09-01,AIRAN,15.0,15.18000030517578,14.859999656677246,14.920000076293944,34343
2026-09-02,AIRAN,14.920000076293944,15.050000190734863,14.5,14.829999923706056,68092
2026-09-03,AIRAN,15.109999656677246,15.109999656677246,14.670000076293944,14.800000190734863,37237
2026-09-04,AIRAN,15.130000114440918,15.550000190734863,14.899999618530272,15.4399995803833,208770
2026-09-07,AIRAN,15.4399995803833,16.600000381469727,15.199999809265137,16.440000534057617,428162
2026-09-08,AIRAN,16.670000076293945,17.950000762939453,16.25,17.149999618530273,568993
2026-09-09,AIRAN,17.200000762939453,18.0,17.200000762939453,17.600000381469727,309327
2026-09-01,AIROLAM,88.0,89.0,86.5,86.68000030517578,3467
2026-09-02,AIROLAM,86.68000030517578,88.5,86.5,86.51000213623047,3469
2026-09-03,AIROLAM,86.51000213623047,89.0,86.06999969482422,86.33999633789062,495
2026-09-04,AIROLAM,88.0,88.0,86.20999908447266,86.45999908447266,797
2026-09-07,AIROLAM,90.0,90.0,86.04000091552734,86.22000122070312,1008
2026-09-08,AIROLAM,88.80000305175781,90.5,86.0,88.66999816894531,11457
2026-09-09,AIROLAM,88.5,88.5,88.48999786376953,88.48999786376953,112
2026-09-01,AJANTPHARM,3623.0,3630.699951171875,3467.0,3504.800048828125,87584
2026-09-02,AJANTPHARM,3504.800048828125,3544.0,3425.0,3481.699951171875,99445
2026-09-03,AJANTPHARM,3462.60009765625,3536.699951171875,3456.10009765625,3521.10009765625,42779
2026-09-04,AJANTPHARM,3503.5,3521.10009765625,3455.300048828125,3464.800048828125,65346
2026-09-07,AJANTPHARM,3445.0,3539.0,3438.0,3513.60009765625,72590
2026-09-08,AJANTPHARM,3513.39990234375,3597.0,3483.300048828125,3579.300048828125,112842
2026-09-09,AJANTPHARM,3605.0,3609.0,3520.800048828125,3539.0,32047
2026-09-01,AJAXENGG,574.5,575.7000122070312,566.7000122070312,573.9500122070312,34918
2026-09-02,AJAXENGG,569.0,582.0,565.0,570.6500244140625,62498
2026-09-03,AJAXENGG,573.5,584.75,567.5499877929688,579.75,50089
2026-09-04,AJAXENGG,577.0,588.0,571.0,582.4500122070312,74192
2026-09-07,AJAXENGG,582.4500122070312,607.0,579.1500244140625,596.2000122070312,123620
2026-09-08,AJAXENGG,605.0,612.9000244140625,583.0999755859375,594.0999755859375,126111
2026-09-09,AJAXENGG,599.2999877929688,599.5,576.9500122070312,578.5499877929688,49294
2026-09-01,AJMERA,116.5,117.16000366210938,115.13999938964844,115.66999816894533,147515
2026-09-02,AJMERA,114.8000030517578,117.01000213623048,113.79000091552734,115.69000244140624,326215
2026-09-03,AJMERA,115.0,118.54000091552734,114.0,115.4499969482422,355294
2026-09-04,AJMERA,116.0,121.0,116.0,117.76000213623048,443302
2026-09-07,AJMERA,117.5999984741211,118.5999984741211,116.02999877929688,117.54000091552734,184338
2026-09-08,AJMERA,116.43000030517578,119.9000015258789,116.0199966430664,118.0999984741211,329675
2026-09-09,AJMERA,118.0999984741211,118.2699966430664,115.3000030517578,117.69000244140624,435934
2026-09-01,AJOONI,3.819999933242798,3.849999904632568,3.740000009536743,3.75,450753
2026-09-02,AJOONI,3.740000009536743,3.799999952316284,3.700000047683716,3.7200000286102295,151345
2026-09-03,AJOONI,3.7200000286102295,3.7699999809265137,3.7100000381469727,3.7100000381469727,109004
2026-09-04,AJOONI,3.7300000190734863,3.759999990463257,3.680000066757202,3.7100000381469727,147021
2026-09-07,AJOONI,3.7100000381469727,3.799999952316284,3.470000028610229,3.490000009536743,1511024
2026-09-08,AJOONI,3.539999961853028,3.549999952316284,3.4100000858306885,3.440000057220459,693540
2026-09-09,AJOONI,3.4200000762939453,3.509999990463257,3.4200000762939453,3.509999990463257,144332
2026-09-01,AKASH,24.82999992370605,24.82999992370605,24.31999969482422,24.36000061035156,4258
2026-09-02,AKASH,24.700000762939453,26.0,24.520000457763672,25.200000762939453,5134
2026-09-03,AKASH,25.979999542236328,25.979999542236328,24.56999969482422,24.920000076293945,2153
2026-09-04,AKASH,25.100000381469727,25.96999931335449,24.670000076293945,25.600000381469727,5520
2026-09-07,AKASH,26.0,26.0,25.200000762939453,25.690000534057617,2451
2026-09-08,AKASH,25.690000534057617,25.690000534057617,25.0,25.09000015258789,6216
2026-09-09,AKASH,25.09000015258789,25.790000915527344,24.64999961853028,25.6200008392334,3112
2026-09-01,AKCAPIT,1718.4000244140625,1765.5999755859375,1666.9000244140625,1733.9000244140625,1648
2026-09-02,AKCAPIT,1729.699951171875,1729.699951171875,1682.0,1699.4000244140625,1057
2026-09-03,AKCAPIT,1699.4000244140625,1730.0,1676.5,1697.4000244140625,182
2026-09-04,AKCAPIT,1698.9000244140625,1740.0,1684.199951171875,1736.9000244140625,674
2026-09-07,AKCAPIT,1769.0,1775.0,1684.9000244140625,1733.5,1137
2026-09-08,AKCAPIT,1751.9000244140625,1775.0,1738.0999755859375,1772.199951171875,628
2026-09-09,AKCAPIT,1747.5999755859375,1750.199951171875,1701.699951171875,1735.0,1993
2026-09-01,AKG,9.289999961853027,9.289999961853027,9.100000381469728,9.1899995803833,7195
2026-09-02,AKG,9.1899995803833,9.260000228881836,9.020000457763672,9.210000038146973,14000
2026-09-03,AKG,9.890000343322754,9.890000343322754,9.199999809265137,9.34000015258789,23251
2026-09-04,AKG,9.399999618530272,9.789999961853027,9.199999809265137,9.59000015258789,37356
2026-09-07,AKG,9.260000228881836,9.630000114440918,9.260000228881836,9.380000114440918,18592
2026-09-08,AKG,9.390000343322754,9.949999809265137,9.380000114440918,9.829999923706056,13409
2026-09-09,AKG,10.06999969482422,10.729999542236328,9.550000190734863,10.489999771118164,58938
2026-09-01,AKI,4.070000171661377,4.739999771118164,4.050000190734863,4.570000171661377,1003297
2026-09-02,AKI,4.849999904632568,5.480000019073486,4.699999809265137,5.480000019073486,3044554
2026-09-03,AKI,6.570000171661377,6.570000171661377,6.570000171661377,6.570000171661377,1291990
2026-09-04,AKI,7.21999979019165,7.21999979019165,7.21999979019165,7.21999979019165,258805
2026-09-07,AKI,7.940000057220459,7.940000057220459,7.940000057220459,7.940000057220459,701339
2026-09-08,AKI,8.210000038146973,8.34000015258789,7.150000095367432,7.150000095367432,3982236
2026-09-09,AKI,7.150000095367432,7.349999904632568,6.800000190734863,6.800000190734863,107758
2026-09-01,AKSHAR,0.4199999868869781,0.4199999868869781,0.4000000059604645,0.4099999964237213,2436509
2026-09-02,AKSHAR,0.4199999868869781,0.4300000071525574,0.4099999964237213,0.4199999868869781,1428759
2026-09-03,AKSHAR,0.4199999868869781,0.4300000071525574,0.4199999868869781,0.4199999868869781,550317
2026-09-04,AKSHAR,0.4199999868869781,0.4399999976158142,0.4199999868869781,0.4199999868869781,1110421
2026-09-07,AKSHAR,0.4199999868869781,0.4399999976158142,0.4199999868869781,0.4199999868869781,1198508
2026-09-08,AKSHAR,0.4300000071525574,0.4399999976158142,0.4199999868869781,0.4199999868869781,1976805
2026-09-09,AKSHAR,0.4199999868869781,0.4300000071525574,0.4099999964237213,0.4099999964237213,1251920
2026-09-01,AKSHARCHEM,384.6499938964844,384.6499938964844,384.6499938964844,384.6499938964844,7294
2026-09-02,AKSHARCHEM,403.0,403.8500061035156,375.0,403.8500061035156,32662
2026-09-03,AKSHARCHEM,424.0,424.0,424.0,424.0,8564
2026-09-04,AKSHARCHEM,445.2000122070313,445.2000122070313,402.7999877929688,444.8500061035156,70539
2026-09-07,AKSHARCHEM,440.0,467.0499877929688,440.0,463.8999938964844,54450
2026-09-08,AKSHARCHEM,465.0,472.0,444.9500122070313,452.5,23994
2026-09-09,AKSHARCHEM,452.5,453.0,429.8999938964844,429.8999938964844,22362
2026-09-01,AKSHOPTFBR,7.360000133514404,7.440000057220459,7.059999942779541,7.420000076293945,205273
2026-09-02,AKSHOPTFBR,7.199999809265137,7.690000057220459,7.159999847412109,7.409999847412109,370249
2026-09-03,AKSHOPTFBR,7.489999771118164,7.489999771118164,7.050000190734863,7.079999923706055,271880
2026-09-04,AKSHOPTFBR,6.989999771118164,7.429999828338623,6.989999771118164,7.429999828338623,227194
2026-09-07,AKSHOPTFBR,7.800000190734863,7.800000190734863,7.699999809265137,7.800000190734863,722743
2026-09-08,AKSHOPTFBR,8.1899995803833,8.1899995803833,8.1899995803833,8.1899995803833,769466
2026-09-09,AKSHOPTFBR,8.59000015258789,8.59000015258789,8.59000015258789,8.59000015258789,361329
2026-09-01,AKUMS,780.5,796.5499877929688,771.2999877929688,779.0499877929688,461075
2026-09-02,AKUMS,778.0,794.9000244140625,768.2000122070312,770.25,750068
2026-09-03,AKUMS,764.3499755859375,788.0,760.5,780.5499877929688,335921
2026-09-04,AKUMS,784.4000244140625,785.0,748.3499755859375,765.75,338753
2026-09-07,AKUMS,765.75,772.9000244140625,751.5,754.6500244140625,120744
2026-09-08,AKUMS,754.0499877929688,757.75,733.1500244140625,736.5999755859375,199035
2026-09-09,AKUMS,737.0,769.0,737.0,745.9500122070312,320969
2026-09-01,ALANKIT,8.069999694824219,8.229999542236328,8.0,8.069999694824219,72141
2026-09-02,ALANKIT,8.100000381469727,8.15999984741211,7.849999904632568,7.960000038146973,82889
2026-09-03,ALANKIT,8.119999885559082,8.1899995803833,7.889999866485596,8.020000457763672,74600
2026-09-04,ALANKIT,8.050000190734863,8.1899995803833,7.949999809265137,8.140000343322754,76587
2026-09-07,ALANKIT,8.199999809265137,8.239999771118164,8.050000190734863,8.15999984741211,120164
2026-09-08,ALANKIT,8.039999961853027,8.229999542236328,7.849999904632568,7.989999771118164,95801
2026-09-09,ALANKIT,7.989999771118164,8.119999885559082,7.900000095367432,8.119999885559082,57265
2026-09-01,ALBERTDAVD,898.0,908.0,867.5499877929688,871.7000122070312,7074
2026-09-02,ALBERTDAVD,875.0999755859375,878.0,861.0,871.7000122070312,3973
2026-09-03,ALBERTDAVD,876.0,883.9000244140625,865.0,870.1500244140625,1783
2026-09-04,ALBERTDAVD,876.9000244140625,878.0,851.5999755859375,860.25,3339
2026-09-07,ALBERTDAVD,866.0999755859375,880.0,851.0999755859375,863.0,4061
2026-09-08,ALBERTDAVD,863.0,867.7999877929688,840.0,844.0499877929688,6478
2026-09-09,ALBERTDAVD,854.0,854.0,832.2999877929688,850.0,2735
2026-09-01,ALEMBICLTD,99.0,101.87000274658205,96.9499969482422,98.8499984741211,848069
2026-09-02,ALEMBICLTD,98.8499984741211,101.0,98.0,100.13999938964844,645226
2026-09-03,ALEMBICLTD,100.5199966430664,117.72000122070312,100.5199966430664,109.51000213623048,35036495
2026-09-04,ALEMBICLTD,111.5999984741211,114.8000030517578,109.80999755859376,111.41000366210938,5309246
2026-09-07,ALEMBICLTD,112.3000030517578,114.33999633789062,107.52999877929688,108.0500030517578,1721715
2026-09-08,ALEMBICLTD,109.0999984741211,112.08000183105467,107.23999786376952,109.7300033569336,1417726
2026-09-09,ALEMBICLTD,109.7300033569336,109.7300033569336,106.08000183105467,107.2300033569336,520041
2026-09-01,ALFREDHE,2947.300048828125,3049.89990234375,2860.89990234375,2889.800048828125,11
2026-09-02,ALFREDHE,2860.89990234375,2980.0,2860.89990234375,2884.0,310
2026-09-03,ALFREDHE,2900.0,3025.0,2799.89990234375,2898.300048828125,89
2026-09-04,ALFREDHE,2898.0,2900.0,2810.0,2898.89990234375,23
2026-09-07,ALFREDHE,2960.0,3020.0,2800.0,2945.0,126
2026-09-09,ALFREDHE,2878.0,2878.0,2877.89990234375,2877.89990234375,91
2026-09-01,ALGOQUANT,64.58999633789062,65.38999938964844,62.09999847412109,63.02000045776367,1083176
2026-09-02,ALGOQUANT,63.0,64.9000015258789,62.56999969482422,63.79999923706055,1328784
2026-09-03,ALGOQUANT,63.79999923706055,65.20999908447266,63.68999862670898,64.2699966430664,984808
2026-09-04,ALGOQUANT,64.2699966430664,64.88999938964844,64.02999877929688,64.5,1132524
2026-09-07,ALGOQUANT,64.5,66.0,63.5,63.88999938964844,1553966
2026-09-08,ALGOQUANT,63.88999938964844,64.4000015258789,63.5,63.70000076293945,926998
2026-09-09,ALGOQUANT,63.52000045776367,65.5,63.08000183105469,63.810001373291016,952328
2026-09-01,ALICON,665.0,671.5499877929688,652.0,659.6500244140625,18536
2026-09-02,ALICON,652.0,672.5499877929688,647.6500244140625,665.5,22999
2026-09-03,ALICON,678.9500122070312,687.9000244140625,666.0,684.5499877929688,18575
2026-09-04,ALICON,685.25,691.0,667.5499877929688,684.2000122070312,12867
2026-09-07,ALICON,684.2000122070312,691.5,670.5,681.75,8931
2026-09-08,ALICON,681.75,700.0,670.0,695.4500122070312,29919
2026-09-09,ALICON,695.4500122070312,743.0,663.0,735.0,87286
2026-09-01,ALIVUS,1414.0,1470.0,1407.9000244140625,1443.699951171875,395923
2026-09-02,ALIVUS,1438.0999755859375,1470.0999755859375,1398.0999755859375,1417.9000244140625,561531
2026-09-03,ALIVUS,1417.9000244140625,1439.4000244140625,1405.0,1418.800048828125,79310
2026-09-04,ALIVUS,1418.9000244140625,1446.9000244140625,1356.4000244140625,1366.300048828125,169642
2026-09-07,ALIVUS,1377.199951171875,1419.699951171875,1361.0,1388.9000244140625,128673
2026-09-08,ALIVUS,1390.699951171875,1399.800048828125,1364.5999755859375,1372.0,105791
2026-09-09,ALIVUS,1370.0,1436.4000244140625,1370.0,1396.4000244140625,151958
2026-09-01,ALKALI,64.88999938964844,67.41000366210938,64.88999938964844,67.41000366210938,6922
2026-09-02,ALKALI,70.44999694824219,70.44999694824219,66.5999984741211,68.86000061035156,5599
2026-09-03,ALKALI,69.5,69.5,66.01000213623047,66.5199966430664,2188
2026-09-04,ALKALI,66.5,68.8499984741211,65.25,65.55000305175781,5638
2026-09-07,ALKALI,69.98999786376953,78.66000366210938,68.0,78.66000366210938,72483
2026-09-08,ALKALI,86.98999786376953,93.9499969482422,85.0,87.33999633789062,516831
2026-09-09,ALKALI,91.1999969482422,91.1999969482422,86.11000061035156,87.5,61337
2026-09-01,ALKEM,5329.5,5358.0,5277.0,5300.0,88288
2026-09-02,ALKEM,5280.0,5289.5,5187.5,5210.0,218220
2026-09-03,ALKEM,5210.0,5233.5,5157.0,5193.0,95991
2026-09-04,ALKEM,5190.0,5210.5,5130.0,5190.0,63261
2026-09-07,ALKEM,5219.0,5242.5,5104.5,5242.5,139617
2026-09-08,ALKEM,5172.5,5206.5,5129.5,5181.0,75897
2026-09-09,ALKEM,5181.0,5222.0,5162.5,5179.0,71052
2026-09-01,ALKYLAMINE,1991.0,2059.0,1975.0,2011.0,80010
2026-09-02,ALKYLAMINE,1981.0999755859373,2044.5,1956.699951171875,1975.5,138950
2026-09-03,ALKYLAMINE,1981.800048828125,2021.9000244140625,1975.5,2003.199951171875,51387
2026-09-04,ALKYLAMINE,1999.0,2068.10009765625,1999.0,2020.9000244140625,97864
2026-09-07,ALKYLAMINE,2012.0,2090.300048828125,1950.0,1986.300048828125,126356
2026-09-08,ALKYLAMINE,1999.9000244140625,2015.0,1960.0999755859373,1970.699951171875,55726
2026-09-09,ALKYLAMINE,1966.0,1987.0999755859373,1952.0,1965.5,32472
2026-09-01,ALLCARGO,11.960000038146973,12.380000114440918,11.56999969482422,11.920000076293944,25577812
2026-09-02,ALLCARGO,11.920000076293944,12.369999885559082,11.739999771118164,12.270000457763672,16512418
2026-09-03,ALLCARGO,12.270000457763672,12.600000381469728,12.100000381469728,12.510000228881836,16724646
2026-09-04,ALLCARGO,12.770000457763672,12.770000457763672,12.220000267028809,12.4399995803833,12711642
2026-09-07,ALLCARGO,12.4399995803833,12.779999732971191,12.25,12.670000076293944,15107126
2026-09-08,ALLCARGO,12.670000076293944,13.239999771118164,12.600000381469728,13.020000457763672,25755090
2026-09-09,ALLCARGO,13.199999809265137,13.300000190734863,12.5,12.880000114440918,17820033
2026-09-01,ALLDIGI,817.5999755859375,818.5499877929688,804.0499877929688,807.7999877929688,4779
2026-09-02,ALLDIGI,811.9000244140625,811.9000244140625,788.5499877929688,796.5499877929688,10831
2026-09-03,ALLDIGI,796.5499877929688,804.5499877929688,790.0,801.6500244140625,4579
2026-09-04,ALLDIGI,805.5999755859375,810.0,797.0,805.8499755859375,2586
2026-09-07,ALLDIGI,809.0,817.4000244140625,802.5499877929688,810.2999877929688,8789
2026-09-08,ALLDIGI,810.2999877929688,813.5999755859375,801.5499877929688,804.9000244140625,4118
2026-09-09,ALLDIGI,809.0,818.5499877929688,801.0,804.3499755859375,3524
2026-09-01,ALLTIME,198.32000732421875,215.0,198.17999267578125,200.6000061035156,647970
2026-09-02,ALLTIME,200.0,202.83999633789065,197.4600067138672,199.6100006103516,180025
2026-09-03,ALLTIME,199.1000061035156,205.0,199.1000061035156,199.77999877929688,114574
2026-09-04,ALLTIME,201.97000122070312,210.0,200.5,206.0800018310547,171524
2026-09-07,ALLTIME,206.4900054931641,216.25,206.4900054931641,214.6499938964844,264900
2026-09-08,ALLTIME,215.0,216.0,209.5,211.4600067138672,38728
2026-09-09,ALLTIME,212.0,214.2899932861328,204.8099975585937,213.5200042724609,90874
2026-09-01,ALMONDZ,17.790000915527344,17.84000015258789,17.299999237060547,17.489999771118164,342019
2026-09-02,ALMONDZ,17.020000457763672,17.899999618530273,16.799999237060547,17.43000030517578,286311
2026-09-03,ALMONDZ,17.43000030517578,17.989999771118164,17.43000030517578,17.65999984741211,284483
2026-09-04,ALMONDZ,17.799999237060547,18.09000015258789,17.520000457763672,17.889999389648438,302678
2026-09-07,ALMONDZ,17.969999313354492,19.799999237060547,17.899999618530273,19.200000762939453,773910
2026-09-08,ALMONDZ,19.950000762939453,20.0,19.020000457763672,19.61000061035156,368472
2026-09-09,ALMONDZ,19.89999961853028,19.940000534057617,19.0,19.059999465942383,181368
2026-09-01,ALOKINDS,8.399999618530273,8.600000381469727,7.570000171661377,7.690000057220459,81881769
2026-09-02,ALOKINDS,7.599999904632568,8.1899995803833,7.059999942779541,7.730000019073486,117258835
2026-09-03,ALOKINDS,7.789999961853027,8.140000343322754,7.449999809265137,7.53000020980835,61782463
2026-09-04,ALOKINDS,7.559999942779541,8.279999732971191,7.539999961853027,7.829999923706055,65791332
2026-09-07,ALOKINDS,7.829999923706055,7.880000114440918,7.460000038146973,7.599999904632568,27359909
2026-09-08,ALOKINDS,7.639999866485596,7.889999866485596,7.380000114440918,7.460000038146973,28757241
2026-09-09,ALOKINDS,7.489999771118164,7.690000057220459,7.400000095367432,7.639999866485596,13904981
2026-09-01,ALPA,63.900001525878906,63.900001525878906,61.0,61.72999954223633,15807
2026-09-02,ALPA,61.72999954223633,65.0,61.34999847412109,63.130001068115234,18733
2026-09-03,ALPA,63.790000915527344,64.5999984741211,63.04999923706055,63.29999923706055,5832
2026-09-04,ALPA,64.0,64.0,61.5,62.709999084472656,9194
2026-09-07,ALPA,63.9900016784668,63.9900016784668,61.5,62.16999816894531,3393
2026-09-08,ALPA,62.0,65.0,61.70000076293945,63.16999816894531,28762
2026-09-09,ALPA,63.79999923706055,64.4000015258789,62.4900016784668,64.0,17443
2026-09-01,ALPHAGEO,292.0,292.8999938964844,280.0,286.45001220703125,17504
2026-09-02,ALPHAGEO,289.8999938964844,300.75,281.3500061035156,300.0,13023
2026-09-03,ALPHAGEO,308.0,315.0,302.20001220703125,315.0,13073
2026-09-04,ALPHAGEO,321.70001220703125,329.79998779296875,317.1000061035156,323.8500061035156,15099
2026-09-07,ALPHAGEO,325.0,332.0,318.20001220703125,324.54998779296875,18720
2026-09-08,ALPHAGEO,328.0,328.0,318.29998779296875,323.1000061035156,4182
2026-09-09,ALPHAGEO,329.8999938964844,329.8999938964844,310.29998779296875,322.6000061035156,7871
2026-09-01,ALPINETEX,53.400001525878906,54.29999923706055,51.5,51.95000076293945,163406
2026-09-02,ALPINETEX,51.68999862670898,52.380001068115234,50.459999084472656,51.09000015258789,293413
2026-09-03,ALPINETEX,51.119998931884766,59.34000015258789,51.119998931884766,57.16999816894531,1147753
2026-09-04,ALPINETEX,57.59999847412109,58.95000076293945,55.59999847412109,57.7599983215332,337604
2026-09-07,ALPINETEX,57.880001068115234,64.9000015258789,53.81999969482422,63.16999816894531,1259777
2026-09-08,ALPINETEX,63.16999816894531,64.75,62.0,62.59999847412109,266877
2026-09-09,ALPINETEX,61.95000076293945,62.900001525878906,60.75,61.09999847412109,125485
2026-09-01,ALUFLUOR,478.7000122070313,504.0,478.7000122070313,496.8999938964844,15472
2026-09-02,ALUFLUOR,509.8999938964844,509.8999938964844,491.8999938964844,502.5499877929688,11146
2026-09-03,ALUFLUOR,502.0,504.0499877929688,495.1000061035156,502.1499938964844,10453
2026-09-04,ALUFLUOR,505.0,505.0,496.0499877929688,499.0499877929688,4229
2026-09-07,ALUFLUOR,500.0499877929688,505.5,496.1499938964844,499.1499938964844,6241
2026-09-08,ALUFLUOR,502.5,506.0,498.0,503.75,5727
2026-09-09,ALUFLUOR,500.1000061035156,503.4500122070313,483.2999877929688,495.6000061035156,2041
2026-09-01,AMAGI,567.5,587.7000122070312,549.0,584.25,716012
2026-09-02,AMAGI,578.0,582.25,569.0,572.7999877929688,264517
2026-09-03,AMAGI,575.4500122070312,575.4500122070312,560.5,562.3499755859375,87295
2026-09-04,AMAGI,566.8499755859375,570.0,555.2999877929688,563.2999877929688,183462
2026-09-07,AMAGI,567.9500122070312,578.1500244140625,551.5999755859375,575.1500244140625,399014
2026-09-08,AMAGI,568.1500244140625,578.8499755859375,564.5,576.1500244140625,161239
2026-09-09,AMAGI,577.1500244140625,579.4000244140625,560.0,566.0,152518
2026-09-01,AMAL,755.0,759.5999755859375,741.5999755859375,753.0999755859375,6902
2026-09-02,AMAL,755.0,771.0,741.0,749.7000122070312,15022
2026-09-03,AMAL,764.9500122070312,764.9500122070312,747.0,749.7999877929688,2809
2026-09-04,AMAL,748.0,756.7000122070312,735.0,743.2000122070312,4940
2026-09-07,AMAL,741.0499877929688,764.9000244140625,741.0499877929688,758.8499755859375,4759
2026-09-08,AMAL,764.0,764.0,745.1500244140625,757.8499755859375,4498
2026-09-09,AMAL,761.9000244140625,763.9500122070312,736.4000244140625,745.8499755859375,5360
2026-09-01,AMANTA,190.0,191.0,190.0,190.0,28338
2026-09-02,AMANTA,186.5,190.0,186.5,186.5,24024
2026-09-03,AMANTA,190.22999572753903,190.22999572753903,190.22999572753903,190.22999572753903,19977
2026-09-04,AMANTA,194.02999877929688,194.02999877929688,194.02999877929688,194.02999877929688,11335
2026-09-07,AMANTA,197.91000366210932,197.91000366210932,197.91000366210932,197.91000366210932,19409
2026-09-08,AMANTA,201.8600006103516,201.8600006103516,201.8600006103516,201.8600006103516,50138
2026-09-09,AMANTA,205.88999938964844,205.88999938964844,205.88999938964844,205.88999938964844,31691
2026-09-01,AMARJOTHI,162.9499969482422,166.0,157.64999389648438,159.17999267578125,906
2026-09-02,AMARJOTHI,158.0,160.0,155.0,156.1300048828125,598
2026-09-03,AMARJOTHI,159.0,159.0,153.0500030517578,158.80999755859375,360
2026-09-04,AMARJOTHI,159.0,164.67999267578125,158.0,160.94000244140625,9739
2026-09-08,AMARJOTHI,161.0,162.89999389648438,161.0,161.0500030517578,574
2026-09-09,AMARJOTHI,163.0,163.0,161.0,161.0,803
2026-09-01,AMBALALSA,46.0,46.20000076293945,43.5,43.91999816894531,66453
2026-09-02,AMBALALSA,42.25,44.5,42.25,44.09999847412109,44130
2026-09-03,AMBALALSA,44.93999862670898,45.5,43.5099983215332,43.66999816894531,24304
2026-09-04,AMBALALSA,43.66999816894531,45.59999847412109,42.79999923706055,43.72999954223633,39962
2026-09-07,AMBALALSA,42.52000045776367,44.75,42.52000045776367,42.97999954223633,23823
2026-09-08,AMBALALSA,42.25,43.09999847412109,41.5,42.04999923706055,38625
2026-09-09,AMBALALSA,40.619998931884766,42.790000915527344,40.619998931884766,41.560001373291016,17311
2026-09-01,AMBER,7640.0,7644.5,7490.0,7508.0,100768
2026-09-02,AMBER,7470.0,7482.5,7281.5,7415.0,174407
2026-09-03,AMBER,7445.5,7473.0,7365.0,7410.0,95945
2026-09-04,AMBER,7428.0,7524.0,7380.0,7474.0,128335
2026-09-07,AMBER,7465.0,7473.5,7390.0,7439.0,122425
2026-09-08,AMBER,7405.5,7430.5,7278.0,7308.0,137462
2026-09-09,AMBER,7339.0,7362.5,7260.5,7279.5,62391
2026-09-01,AMBICAAGAR,24.229999542236328,24.979999542236328,24.15999984741211,24.75,6087
2026-09-02,AMBICAAGAR,25.489999771118164,25.5,24.26000022888184,24.75,26635
2026-09-03,AMBICAAGAR,25.290000915527344,27.489999771118164,24.36000061035156,26.32999992370605,75462
2026-09-04,AMBICAAGAR,27.690000534057617,28.350000381469727,25.540000915527344,27.209999084472656,520846
2026-09-07,AMBICAAGAR,27.0,27.780000686645508,26.01000022888184,26.82999992370605,23205
2026-09-08,AMBICAAGAR,27.0,27.200000762939453,25.01000022888184,25.440000534057617,42539
2026-09-09,AMBICAAGAR,25.88999938964844,25.88999938964844,25.0,25.65999984741211,24216
2026-09-01,AMBIKCO,1641.0,1669.9000244140625,1616.0,1625.0999755859375,12954
2026-09-02,AMBIKCO,1625.0999755859375,1648.800048828125,1614.4000244140625,1629.199951171875,9215
2026-09-03,AMBIKCO,1629.199951171875,1650.0,1625.5999755859375,1634.699951171875,5755
2026-09-04,AMBIKCO,1649.9000244140625,1650.0,1624.300048828125,1639.0999755859375,5906
2026-09-07,AMBIKCO,1631.0999755859375,1648.699951171875,1624.800048828125,1642.800048828125,7879
2026-09-08,AMBIKCO,1658.9000244140625,1658.9000244140625,1613.5,1631.9000244140625,19513
2026-09-09,AMBIKCO,1637.0999755859375,1640.800048828125,1624.0,1626.0999755859375,3492
2026-09-01,AMBUJACEM,404.0,407.1499938964844,401.0,402.2000122070313,1377257
2026-09-02,AMBUJACEM,400.0,402.7000122070313,395.0499877929688,402.7000122070313,1330391
2026-09-03,AMBUJACEM,404.0,405.0499877929688,401.7999877929688,405.0,918055
2026-09-04,AMBUJACEM,404.9500122070313,408.2000122070313,404.25,405.0,807422
2026-09-07,AMBUJACEM,403.0,405.3500061035156,398.6000061035156,398.6000061035156,879449
2026-09-08,AMBUJACEM,398.0,400.9500122070313,395.1499938964844,398.2999877929688,985482
2026-09-09,AMBUJACEM,396.2999877929688,400.7999877929688,395.0,397.6000061035156,610936
2026-09-01,AMDIND,56.650001525878906,59.650001525878906,55.75,57.02000045776367,66205
2026-09-02,AMDIND,57.02000045776367,58.5,55.54999923706055,57.38999938964844,42435
2026-09-03,AMDIND,57.400001525878906,60.9900016784668,56.61000061035156,58.5099983215332,160048
2026-09-04,AMDIND,58.0,61.75,58.0,60.31999969482422,73559
2026-09-07,AMDIND,61.880001068115234,62.88999938964844,58.02000045776367,60.29999923706055,70502
2026-09-08,AMDIND,61.9900016784668,61.9900016784668,59.0099983215332,60.02000045776367,34539
2026-09-09,AMDIND,60.02000045776367,61.59999847412109,57.709999084472656,57.77000045776367,44398
2026-09-01,AMJLAND,39.900001525878906,39.900001525878906,38.29999923706055,38.45000076293945,5193
2026-09-02,AMJLAND,39.0,39.38999938964844,38.33000183105469,38.61000061035156,5934
2026-09-03,AMJLAND,38.650001525878906,39.97999954223633,38.650001525878906,39.59999847412109,9245
2026-09-04,AMJLAND,39.790000915527344,39.91999816894531,38.630001068115234,39.470001220703125,3541
2026-09-07,AMJLAND,39.0,39.43000030517578,38.34000015258789,39.08000183105469,9260
2026-09-08,AMJLAND,39.70000076293945,39.709999084472656,37.29999923706055,39.04999923706055,19625
2026-09-09,AMJLAND,39.220001220703125,39.59000015258789,38.5,38.709999084472656,1464
2026-09-01,AMNPLST,184.38999938964844,185.92999267578125,178.61000061035156,181.1699981689453,5501
2026-09-02,AMNPLST,184.0,185.0,180.0,180.32000732421875,5863
2026-09-03,AMNPLST,181.0,181.0,173.61000061035156,176.07000732421875,4307
2026-09-04,AMNPLST,179.9499969482422,179.9499969482422,172.8000030517578,172.88999938964844,5639
2026-09-07,AMNPLST,172.8000030517578,173.83999633789062,166.35000610351562,168.22000122070312,4663
2026-09-08,AMNPLST,173.6999969482422,173.6999969482422,165.52000427246094,167.82000732421875,5113
2026-09-09,AMNPLST,168.0,169.97000122070312,166.10000610351562,167.9499969482422,2020
2026-09-01,AMRUTANJAN,513.0,514.0,493.2000122070313,498.3500061035156,50017
2026-09-02,AMRUTANJAN,499.5,510.8999938964844,499.5,500.25,33541
2026-09-03,AMRUTANJAN,502.75,515.4500122070312,502.75,507.3500061035156,67870
2026-09-04,AMRUTANJAN,509.0,516.0,500.1000061035156,505.4500122070313,41069
2026-09-07,AMRUTANJAN,505.3999938964844,505.4500122070313,495.6000061035156,500.2999877929688,63397
2026-09-08,AMRUTANJAN,503.0,503.8500061035156,493.0,500.4500122070313,42167
2026-09-09,AMRUTANJAN,500.4500122070313,512.0,494.0,505.2999877929688,61221
2026-09-01,ANANDRATHI,2213.39990234375,2235.39990234375,2185.0,2197.0,213203
2026-09-02,ANANDRATHI,2200.0,2212.0,2182.0,2198.300048828125,183620
2026-09-03,ANANDRATHI,2205.0,2224.199951171875,2189.89990234375,2205.300048828125,130218
2026-09-04,ANANDRATHI,2213.0,2224.0,2201.0,2215.89990234375,119776
2026-09-07,ANANDRATHI,2217.0,2255.0,2210.800048828125,2224.0,270160
2026-09-08,ANANDRATHI,2235.0,2235.0,2202.89990234375,2229.5,119559
2026-09-09,ANANDRATHI,2219.0,2222.300048828125,2165.0,2186.89990234375,153726
2026-09-01,ANANTRAJ,603.9000244140625,604.75,584.5999755859375,587.7999877929688,1114268
2026-09-02,ANANTRAJ,583.0,594.8499755859375,571.3499755859375,588.8499755859375,1282254
2026-09-03,ANANTRAJ,598.0,640.25,598.0,628.2999877929688,22186819
2026-09-04,ANANTRAJ,633.0,646.4000244140625,622.0999755859375,625.4500122070312,4215356
2026-09-07,ANANTRAJ,622.0,644.7999877929688,615.2000122070312,638.25,5173652
2026-09-08,ANANTRAJ,641.0,641.0,623.0499877929688,625.8499755859375,1005063
2026-09-09,ANANTRAJ,622.0,625.7999877929688,613.0,618.8499755859375,1256856
2026-09-01,ANDHRAPAP,61.09000015258789,61.709999084472656,60.0,60.54999923706055,270667
2026-09-02,ANDHRAPAP,60.5,61.29999923706055,60.20000076293945,61.09000015258789,234449
2026-09-03,ANDHRAPAP,61.11000061035156,65.0,61.11000061035156,63.290000915527344,750331
2026-09-04,ANDHRAPAP,63.79999923706055,64.9800033569336,62.220001220703125,64.44999694824219,342517
2026-09-07,ANDHRAPAP,64.0999984741211,77.33999633789062,61.9900016784668,72.19999694824219,27336653
2026-09-08,ANDHRAPAP,73.91000366210938,79.79000091552734,67.0,72.08999633789062,29596575
2026-09-09,ANDHRAPAP,69.16000366210938,71.55999755859375,67.70999908447266,68.51000213623047,2383799
2026-09-01,ANDHRSUGAR,99.63999938964844,99.9000015258789,96.1500015258789,96.48999786376952,388648
2026-09-02,ANDHRSUGAR,96.87000274658205,99.8000030517578,96.11000061035156,99.1999969482422,490982
2026-09-03,ANDHRSUGAR,99.98999786376952,102.4000015258789,97.5,101.29000091552734,1156631
2026-09-04,ANDHRSUGAR,102.19000244140624,102.70999908447266,98.75,99.51000213623048,477164
2026-09-07,ANDHRSUGAR,100.3000030517578,101.88999938964844,98.81999969482422,99.4000015258789,443882
2026-09-08,ANDHRSUGAR,99.98999786376952,100.98999786376952,97.01000213623048,98.79000091552734,505286
2026-09-09,ANDHRSUGAR,99.4000015258789,99.56999969482422,97.0999984741211,98.08999633789062,236896
2026-09-01,ANDREWYU,27.88999938964844,28.64999961853028,27.799999237060547,28.11000061035156,100589
2026-09-02,ANDREWYU,27.65999984741211,28.350000381469727,27.51000022888184,28.14999961853028,123709
2026-09-03,ANDREWYU,28.350000381469727,28.850000381469727,27.809999465942383,27.979999542236328,80346
2026-09-04,ANDREWYU,28.0,28.5,27.790000915527344,27.93000030517578,42562
2026-09-08,ANDREWYU,27.350000381469727,27.790000915527344,26.799999237060547,27.18000030517578,60113
2026-09-09,ANDREWYU,26.89999961853028,27.979999542236328,26.700000762939453,27.14999961853028,39535
2026-09-01,ANGELONE,286.8999938964844,288.25,280.5,281.54998779296875,2909391
2026-09-02,ANGELONE,280.25,280.8500061035156,275.25,279.25,4437022
2026-09-03,ANGELONE,280.3500061035156,288.0,280.3500061035156,286.0,4732927
2026-09-04,ANGELONE,295.1000061035156,308.3500061035156,294.75,299.79998779296875,29274355
2026-09-07,ANGELONE,300.8999938964844,307.0,298.04998779296875,303.79998779296875,7522409
2026-09-08,ANGELONE,303.79998779296875,304.1499938964844,296.5,298.0,2591770
2026-09-09,ANGELONE,297.95001220703125,301.45001220703125,291.6000061035156,300.29998779296875,5344461
2026-09-01,ANIKINDS,47.84999847412109,47.84999847412109,45.09999847412109,45.88999938964844,13921
2026-09-02,ANIKINDS,44.75,46.470001220703125,44.11000061035156,44.77000045776367,4037
2026-09-03,ANIKINDS,46.70000076293945,46.70000076293945,43.959999084472656,44.9900016784668,9572
2026-09-04,ANIKINDS,45.20000076293945,46.95000076293945,45.0,45.0,2038
2026-09-07,ANIKINDS,45.0,46.95000076293945,43.0,44.77000045776367,15794
2026-09-08,ANIKINDS,44.77000045776367,45.900001525878906,44.5099983215332,45.209999084472656,7198
2026-09-09,ANIKINDS,45.0,45.70000076293945,44.02000045776367,45.0,1442
2026-09-01,ANKITMETAL,1.7699999809265137,1.7699999809265137,1.7100000381469729,1.7200000286102295,23412
2026-09-02,ANKITMETAL,1.7100000381469729,1.7200000286102295,1.690000057220459,1.7100000381469729,8722
2026-09-03,ANKITMETAL,1.7000000476837158,1.7400000095367432,1.6799999475479126,1.690000057220459,10419
2026-09-04,ANKITMETAL,1.690000057220459,1.7000000476837158,1.659999966621399,1.7000000476837158,6585
2026-09-07,ANKITMETAL,1.7300000190734863,1.7300000190734863,1.6699999570846558,1.6699999570846558,3534
2026-09-08,ANKITMETAL,1.7000000476837158,1.7000000476837158,1.6399999856948853,1.6399999856948853,4722
2026-09-09,ANKITMETAL,1.6100000143051147,1.659999966621399,1.6100000143051147,1.659999966621399,14282
2026-09-01,ANMOL,10.050000190734863,10.239999771118164,9.960000038146973,10.020000457763672,36429
2026-09-02,ANMOL,10.06999969482422,10.359999656677246,9.90999984741211,9.970000267028809,61224
2026-09-03,ANMOL,10.140000343322754,10.140000343322754,9.970000267028809,10.039999961853027,23283
2026-09-04,ANMOL,10.0,10.199999809265137,9.699999809265137,10.079999923706056,48326
2026-09-07,ANMOL,10.0,11.489999771118164,10.0,10.09000015258789,167944
2026-09-08,ANMOL,10.489999771118164,11.479999542236328,10.0,11.380000114440918,221539
2026-09-09,ANMOL,11.479999542236328,13.649999618530272,11.050000190734863,13.649999618530272,1814021
2026-09-01,ANNAPURNA,147.3000030517578,148.47999572753906,143.0500030517578,145.75999450683594,35855
2026-09-02,ANNAPURNA,144.0399932861328,146.5800018310547,141.5,143.72999572753906,26855
2026-09-03,ANNAPURNA,146.0,149.0,144.02000427246094,147.77999877929688,21152
2026-09-04,ANNAPURNA,151.4499969482422,151.4499969482422,139.0,140.1999969482422,96996
2026-09-07,ANNAPURNA,143.0,145.0,137.0,143.8000030517578,101805
2026-09-08,ANNAPURNA,143.8000030517578,143.86000061035156,138.58999633789062,139.89999389648438,41394
2026-09-09,ANNAPURNA,140.25,140.25,136.92999267578125,138.30999755859375,20701
2026-09-02,ANNU,72.0,75.5999984741211,70.0,75.5999984741211,6333016
2026-09-03,ANNU,74.80000305175781,74.80000305175781,71.81999969482422,71.81999969482422,2067647
2026-09-04,ANNU,68.2300033569336,69.0,68.2300033569336,68.2300033569336,412335
2026-09-07,ANNU,64.81999969482422,64.81999969482422,64.81999969482422,64.81999969482422,124866
2026-09-08,ANNU,61.58000183105469,61.58000183105469,61.58000183105469,61.58000183105469,166981
2026-09-09,ANNU,58.5099983215332,58.5099983215332,58.5099983215332,58.5099983215332,179970
2026-09-01,ANSALAPI,3.200000047683716,3.289999961853028,3.200000047683716,3.200000047683716,13762
2026-09-02,ANSALAPI,3.259999990463257,3.259999990463257,3.240000009536743,3.259999990463257,3398
2026-09-03,ANSALAPI,3.25,3.319999933242798,3.2300000190734863,3.309999942779541,11824
2026-09-04,ANSALAPI,3.309999942779541,3.319999933242798,3.259999990463257,3.309999942779541,8384
2026-09-07,ANSALAPI,3.369999885559082,3.369999885559082,3.3399999141693115,3.3499999046325684,20632
2026-09-08,ANSALAPI,3.400000095367432,3.4100000858306885,3.400000095367432,3.4100000858306885,11676
2026-09-09,ANSALAPI,3.400000095367432,3.4600000381469727,3.400000095367432,3.450000047683716,38151
2026-09-01,ANSALBU,85.0,92.4000015258789,76.5,78.56999969482422,46059
2026-09-02,ANSALBU,82.0,82.0,76.0999984741211,78.91000366210938,1443
2026-09-03,ANSALBU,78.91000366210938,81.4000015258789,75.01000213623047,76.3499984741211,925
2026-09-04,ANSALBU,75.0,83.0,75.0,80.68000030517578,905
2026-09-07,ANSALBU,84.9000015258789,84.9000015258789,76.33999633789062,79.23999786376953,1438
2026-09-08,ANSALBU,89.98999786376953,89.98999786376953,80.0,82.5,1815
2026-09-09,ANSALBU,82.5,82.5,82.48999786376953,82.48999786376953,101
2026-09-01,ANTELOPUS,780.0999755859375,799.0,780.0499877929688,792.6500244140625,47544
2026-09-02,ANTELOPUS,813.0,951.1500244140624,807.0999755859375,951.1500244140624,12446135
2026-09-03,ANTELOPUS,985.0,1075.0999755859375,965.4000244140624,1013.2999877929688,19196421
2026-09-04,ANTELOPUS,1001.0,1028.800048828125,925.2000122070312,957.1500244140624,4816181
2026-09-07,ANTELOPUS,960.0,1024.0,930.0,985.2999877929688,2854173
2026-09-08,ANTELOPUS,987.5,1127.5,971.4000244140624,1099.1500244140625,9400911
2026-09-09,ANTELOPUS,1116.800048828125,1218.300048828125,1107.449951171875,1173.4000244140625,11004216
2026-09-01,ANTGRAPHIC,0.7799999713897705,0.7799999713897705,0.75,0.75,199813
2026-09-02,ANTGRAPHIC,0.75,0.7699999809265137,0.7200000286102295,0.7300000190734863,415805
2026-09-03,ANTGRAPHIC,0.7400000095367432,0.7599999904632568,0.7300000190734863,0.75,91374
2026-09-04,ANTGRAPHIC,0.75,0.7599999904632568,0.7300000190734863,0.7300000190734863,202908
2026-09-07,ANTGRAPHIC,0.7300000190734863,0.75,0.7099999785423279,0.7300000190734863,207125
2026-09-08,ANTGRAPHIC,0.75,0.75,0.7099999785423279,0.7200000286102295,360294
2026-09-09,ANTGRAPHIC,0.7300000190734863,0.7300000190734863,0.7099999785423279,0.7200000286102295,144595
2026-09-01,ANTHEM,893.2000122070312,939.0,893.2000122070312,924.5,1326412
2026-09-02,ANTHEM,920.0,952.7999877929688,915.6500244140624,934.5,1484697
2026-09-03,ANTHEM,940.0,955.0,932.0,950.7000122070312,701484
2026-09-04,ANTHEM,970.0,973.5,926.7999877929688,934.0499877929688,872940
2026-09-07,ANTHEM,940.0499877929688,958.8499755859376,931.0999755859376,933.5,667717
2026-09-08,ANTHEM,939.2000122070312,959.9000244140624,920.0,957.7999877929688,898686
2026-09-09,ANTHEM,957.7000122070312,977.5499877929688,951.0999755859376,951.6500244140624,663030
2026-09-01,ANUHPHR,83.68000030517578,83.68000030517578,80.91999816894531,81.43000030517578,61758
2026-09-02,ANUHPHR,81.43000030517578,81.93000030517578,78.4000015258789,78.94000244140625,138379
2026-09-03,ANUHPHR,79.30000305175781,81.69999694824219,78.0999984741211,79.68000030517578,93225
2026-09-04,ANUHPHR,80.75,82.3499984741211,79.69999694824219,81.0999984741211,80373
2026-09-07,ANUHPHR,82.69999694824219,91.8000030517578,82.0,90.29000091552734,1069062
2026-09-08,ANUHPHR,92.0,99.5,91.79000091552734,95.52999877929688,1749719
2026-09-09,ANUHPHR,96.0,99.5,96.0,98.61000061035156,523280
2026-09-01,ANUP,1793.5,1823.9000244140625,1770.0,1810.199951171875,23575
2026-09-02,ANUP,1800.0,1816.0,1767.0999755859375,1799.800048828125,18045
2026-09-03,ANUP,1801.4000244140625,1820.0,1780.0,1808.0,16507
2026-09-04,ANUP,1820.0,1820.0,1781.0,1785.800048828125,10691
2026-09-07,ANUP,1784.0,1791.199951171875,1766.0,1770.5999755859375,11158
2026-09-08,ANUP,1768.300048828125,1775.9000244140625,1717.0,1725.5999755859375,22344
2026-09-09,ANUP,1721.0,1760.0,1710.0999755859375,1751.0999755859375,13696
2026-09-01,ANURAS,1269.0,1270.800048828125,1255.0,1259.800048828125,219299
2026-09-02,ANURAS,1259.0999755859375,1260.0,1232.0999755859375,1240.300048828125,282041
2026-09-03,ANURAS,1240.300048828125,1248.9000244140625,1235.0,1240.199951171875,82580
2026-09-04,ANURAS,1240.0,1246.0999755859375,1234.0,1238.699951171875,82271
2026-09-07,ANURAS,1258.800048828125,1266.300048828125,1227.0999755859375,1233.5999755859375,286021
2026-09-08,ANURAS,1243.9000244140625,1245.5,1222.5,1233.4000244140625,137762
2026-09-09,ANURAS,1235.0,1238.5,1223.5,1227.9000244140625,118214
2026-09-01,APARINDS,17776.0,17919.0,17301.0,17400.0,88375
2026-09-02,APARINDS,17401.0,17444.0,16500.0,16813.0,94227
2026-09-03,APARINDS,16941.0,17772.0,16940.0,17704.0,208669
2026-09-04,APARINDS,17689.0,17895.0,17365.0,17421.0,93101
2026-09-07,APARINDS,17501.0,17793.0,17307.0,17728.0,73360
2026-09-08,APARINDS,17789.0,17812.0,17372.0,17635.0,114178
2026-09-09,APARINDS,17639.0,18132.0,17350.0,17458.0,85262
2026-09-01,APCL,101.0,102.5,100.1500015258789,100.19000244140624,5140
2026-09-02,APCL,100.5,100.5,98.9000015258789,100.0,7960
2026-09-03,APCL,100.1500015258789,101.48999786376952,100.0,100.0999984741211,3882
2026-09-04,APCL,102.5,102.5,100.11000061035156,101.41999816894533,4976
2026-09-07,APCL,103.3000030517578,103.3000030517578,99.02999877929688,99.93000030517578,7097
2026-09-08,APCL,100.0,101.95999908447266,100.0,100.31999969482422,5545
2026-09-09,APCL,98.5,102.8000030517578,98.5,101.0,2767
2026-09-01,APCOTEXIND,649.5499877929688,660.0,625.75,639.2000122070312,228646
2026-09-02,APCOTEXIND,638.0,642.4000244140625,617.0499877929688,628.6500244140625,107750
2026-09-03,APCOTEXIND,632.2999877929688,658.0,627.6500244140625,650.4000244140625,349149
2026-09-04,APCOTEXIND,658.0,665.0,632.7000122070312,635.5,172649
2026-09-07,APCOTEXIND,639.9000244140625,640.0,625.0,631.5999755859375,96161
2026-09-08,APCOTEXIND,630.0499877929688,633.0499877929688,601.0,612.1500244140625,262125
2026-09-09,APCOTEXIND,610.1500244140625,615.0,606.0499877929688,613.4500122070312,48213
2026-09-01,APEX,381.2999877929688,389.0,371.5,374.7000122070313,171058
2026-09-02,APEX,374.7000122070313,379.0,363.8999938964844,367.25,140115
2026-09-03,APEX,370.0,381.6000061035156,363.2999877929688,376.75,224093
2026-09-04,APEX,378.0,383.6000061035156,373.2000122070313,375.1499938964844,99807
2026-09-07,APEX,374.9500122070313,377.0499877929688,364.7999877929688,368.2000122070313,114359
2026-09-08,APEX,366.5,387.9500122070313,366.0499877929688,384.2000122070313,296358
2026-09-09,APEX,385.3999938964844,385.9500122070313,376.0,381.3500061035156,70927
2026-09-01,APLAPOLLO,2228.699951171875,2258.800048828125,2214.0,2234.0,642035
2026-09-02,APLAPOLLO,2219.199951171875,2228.5,2186.699951171875,2210.0,786402
2026-09-03,APLAPOLLO,2230.0,2232.0,2136.5,2159.39990234375,1385174
2026-09-04,APLAPOLLO,2154.60009765625,2281.0,2150.39990234375,2250.0,955928
2026-09-07,APLAPOLLO,2250.0,2255.0,2198.800048828125,2215.0,709214
2026-09-08,APLAPOLLO,2204.60009765625,2204.800048828125,2165.0,2185.0,922545
2026-09-09,APLAPOLLO,2182.0,2194.89990234375,2165.0,2189.39990234375,220008
2026-09-01,APLLTD,835.0,847.8499755859375,825.5499877929688,843.8499755859375,114428
2026-09-02,APLLTD,845.0,859.0,823.25,826.9000244140625,172875
2026-09-03,APLLTD,833.5,833.5,801.0999755859375,803.6500244140625,163761
2026-09-04,APLLTD,805.0,811.75,792.5999755859375,808.2000122070312,174296
2026-09-07,APLLTD,808.0,828.0999755859375,797.4000244140625,799.5499877929688,171271
2026-09-08,APLLTD,802.0,810.9500122070312,792.5999755859375,808.5,200271
2026-09-09,APLLTD,804.5,818.2999877929688,799.0999755859375,814.7999877929688,46294
2026-09-01,APOLLO,387.0,388.6499938964844,377.3999938964844,379.5,3505166
2026-09-02,APOLLO,378.75,389.1000061035156,374.3500061035156,382.6499938964844,4275794
2026-09-03,APOLLO,384.0,389.75,380.7999877929688,383.25,3215994
2026-09-04,APOLLO,383.5,392.9500122070313,383.5,388.8999938964844,4500219
2026-09-07,APOLLO,391.0,407.3999938964844,390.2999877929688,403.9500122070313,11691954
2026-09-08,APOLLO,408.0,424.0,405.7999877929688,417.8999938964844,15479622
2026-09-09,APOLLO,419.3999938964844,427.9500122070313,415.1000061035156,422.6000061035156,8621214
2026-09-01,APOLLOHOSP,8854.5,8867.5,8704.5,8755.0,153262
2026-09-02,APOLLOHOSP,8680.0,8746.5,8640.0,8719.0,169190
2026-09-03,APOLLOHOSP,8690.0,8785.5,8655.5,8692.0,241427
2026-09-04,APOLLOHOSP,8702.5,8740.0,8641.0,8650.0,288351
2026-09-07,APOLLOHOSP,8682.0,8840.5,8650.0,8760.0,303793
2026-09-08,APOLLOHOSP,8761.5,8850.0,8745.0,8837.5,324826
2026-09-09,APOLLOHOSP,8825.0,8974.5,8803.5,8950.5,272081
2026-09-01,APOLLOPIPE,631.0,633.75,600.9000244140625,609.8499755859375,288698
2026-09-02,APOLLOPIPE,588.6500244140625,612.0,588.5999755859375,599.0499877929688,159504
2026-09-03,APOLLOPIPE,598.0999755859375,619.7999877929688,595.0999755859375,614.5499877929688,162498
2026-09-04,APOLLOPIPE,617.0,617.0,600.5499877929688,605.0999755859375,76562
2026-09-07,APOLLOPIPE,609.6500244140625,611.2999877929688,597.0,601.0,115502
2026-09-08,APOLLOPIPE,600.5999755859375,603.9500122070312,586.2000122070312,591.2000122070312,87697
2026-09-09,APOLLOPIPE,592.0,593.5,578.8499755859375,581.6500244140625,103348
2026-09-01,APOLLOTYRE,441.0,443.7000122070313,438.1499938964844,442.7000122070313,276871
2026-09-02,APOLLOTYRE,439.25,440.75,432.2000122070313,434.1499938964844,333100
2026-09-03,APOLLOTYRE,435.7000122070313,439.7999877929688,433.1000061035156,433.8500061035156,197622
2026-09-04,APOLLOTYRE,433.8500061035156,435.1499938964844,428.25,429.5499877929688,407526
2026-09-07,APOLLOTYRE,428.0,430.0,419.0,420.7999877929688,438180
2026-09-08,APOLLOTYRE,420.7999877929688,421.2000122070313,410.0499877929688,411.5,568041
2026-09-09,APOLLOTYRE,410.0,421.8500061035156,408.0,420.7000122070313,329741
2026-09-01,APOLSINHOT,1238.0,1238.199951171875,1206.0,1219.5,1038
2026-09-02,APOLSINHOT,1213.4000244140625,1234.699951171875,1201.199951171875,1221.199951171875,1311
2026-09-03,APOLSINHOT,1238.9000244140625,1239.0,1212.0,1233.0999755859375,697
2026-09-04,APOLSINHOT,1233.0999755859375,1248.0,1212.0,1218.0999755859375,625
2026-09-07,APOLSINHOT,1218.0999755859375,1220.0,1200.0999755859375,1204.9000244140625,969
2026-09-08,APOLSINHOT,1204.9000244140625,1218.9000244140625,1201.4000244140625,1209.0999755859375,372
2026-09-09,APOLSINHOT,1221.5,1225.0,1208.5999755859375,1221.199951171875,679
2026-09-01,APOORVA,26.56999969482422,26.56999969482422,26.56999969482422,26.56999969482422,0
2026-09-02,APOORVA,26.57999992370605,26.57999992370605,25.25,25.25,500
2026-09-03,APOORVA,25.25,25.25,25.25,25.25,0
2026-09-04,APOORVA,25.25,25.25,25.25,25.25,0
2026-09-07,APOORVA,25.25,25.25,25.25,25.25,0
2026-09-08,APOORVA,25.25,26.51000022888184,25.0,25.299999237060547,1205
2026-09-09,APOORVA,26.51000022888184,26.51000022888184,26.51000022888184,26.51000022888184,100
2026-09-01,APTECHT,93.66999816894533,93.66999816894533,90.75,91.41000366210938,30218
2026-09-02,APTECHT,91.41000366210938,92.75,89.0,90.77999877929688,42019
2026-09-03,APTECHT,90.0999984741211,92.9499969482422,90.0999984741211,90.97000122070312,45018
2026-09-04,APTECHT,91.0,91.98999786376952,88.25,89.12999725341797,128869
2026-09-07,APTECHT,90.9800033569336,90.9800033569336,89.0,89.47000122070312,60244
2026-09-08,APTECHT,90.48999786376952,90.48999786376952,88.05000305175781,89.69000244140625,60790
2026-09-09,APTECHT,89.69000244140625,90.4000015258789,88.20999908447266,88.55000305175781,41081
2026-09-01,APTUS,249.0,254.07000732421875,247.1499938964844,253.3600006103516,731329
2026-09-02,APTUS,252.0,256.6099853515625,249.1999969482422,254.27999877929688,466564
2026-09-03,APTUS,255.5500030517578,260.19000244140625,253.6000061035156,257.3099975585937,1420310
2026-09-04,APTUS,257.3099975585937,261.9599914550781,256.20001220703125,258.8500061035156,1203338
2026-09-07,APTUS,258.0,258.8500061035156,252.3500061035156,256.8900146484375,1460350
2026-09-08,APTUS,256.0,257.8599853515625,252.1000061035156,256.9599914550781,511661
2026-09-09,APTUS,256.0,259.989990234375,251.6300048828125,257.8500061035156,850189
2026-09-01,AQYLON,19.959999084472656,22.049999237060547,19.959999084472656,21.690000534057617,5615935
2026-09-02,AQYLON,21.5,22.049999237060547,20.61000061035156,20.61000061035156,684411
2026-09-03,AQYLON,19.799999237060547,21.63999938964844,19.65999984741211,21.59000015258789,1582720
2026-09-04,AQYLON,22.18000030517578,22.65999984741211,21.76000022888184,22.459999084472656,555317
2026-09-07,AQYLON,22.790000915527344,23.57999992370605,22.64999961853028,23.540000915527344,522202
2026-09-08,AQYLON,23.530000686645508,24.64999961853028,22.3700008392334,23.100000381469727,2178820
2026-09-09,AQYLON,22.6200008392334,23.100000381469727,22.549999237060547,22.71999931335449,157420
2026-09-01,ARCHIDPLY,105.0,105.19000244140624,101.16999816894533,101.72000122070312,20540
2026-09-02,ARCHIDPLY,102.0500030517578,107.6500015258789,102.0199966430664,106.5199966430664,33961
2026-09-03,ARCHIDPLY,106.5199966430664,108.0,103.5999984741211,105.98999786376952,19078
2026-09-04,ARCHIDPLY,107.98999786376952,107.98999786376952,103.6500015258789,104.88999938964844,17295
2026-09-07,ARCHIDPLY,104.1999969482422,104.9000015258789,102.18000030517578,103.62000274658205,16124
2026-09-08,ARCHIDPLY,104.66000366210938,105.25,102.0,103.7699966430664,24405
2026-09-09,ARCHIDPLY,104.3499984741211,104.43000030517578,102.16000366210938,102.31999969482422,3182
2026-09-01,ARCHIES,13.18000030517578,13.600000381469728,13.15999984741211,13.399999618530272,13064
2026-09-02,ARCHIES,13.460000038146973,13.460000038146973,12.649999618530272,12.9399995803833,27463
2026-09-03,ARCHIES,13.020000457763672,13.31999969482422,12.850000381469728,12.90999984741211,9243
2026-09-04,ARCHIES,13.0,13.199999809265137,12.800000190734863,12.899999618530272,10318
2026-09-07,ARCHIES,13.34000015258789,13.34000015258789,12.630000114440918,12.880000114440918,8213
2026-09-08,ARCHIES,12.949999809265137,13.220000267028809,12.890000343322754,13.140000343322754,11407
2026-09-09,ARCHIES,13.0,13.899999618530272,12.260000228881836,13.899999618530272,44041
2026-09-01,ARCL,230.0,235.0,225.8999938964844,233.0,124
2026-09-02,ARCL,225.0,230.0,221.3500061035156,230.0,248
2026-09-03,ARCL,230.0,235.0,224.1000061035156,228.3000030517578,58
2026-09-04,ARCL,238.25,238.25,216.88999938964844,225.0,998
2026-09-07,ARCL,228.8000030517578,236.25,224.0500030517578,233.8699951171875,1534
2026-09-08,ARCL,222.1999969482422,239.8000030517578,222.1999969482422,224.9199981689453,905
2026-09-09,ARCL,231.8999938964844,234.8999938964844,229.0,234.0,178
2026-09-01,ARDEE,58.0,58.61000061035156,55.900001525878906,56.20000076293945,3590794
2026-09-02,ARDEE,56.45000076293945,57.4900016784668,55.709999084472656,56.400001525878906,2698066
2026-09-03,ARDEE,56.790000915527344,57.72999954223633,54.47999954223633,54.84000015258789,4822946
2026-09-04,ARDEE,55.970001220703125,56.13999938964844,55.20000076293945,55.65999984741211,2239330
2026-09-07,ARDEE,55.65999984741211,57.70000076293945,54.65999984741211,56.09000015258789,4068340
2026-09-08,ARDEE,56.20000076293945,56.20000076293945,54.5099983215332,54.7400016784668,3009161
2026-09-09,ARDEE,54.630001068115234,55.0,52.650001525878906,53.08000183105469,2847101
2026-09-01,ARE&M,894.0,907.2000122070312,878.0,879.9000244140625,439607
2026-09-02,ARE&M,878.0,882.2999877929688,864.1500244140625,871.25,410795
2026-09-03,ARE&M,873.7000122070312,879.4000244140625,858.0,860.4000244140625,352946
2026-09-04,ARE&M,861.2999877929688,868.9500122070312,855.0499877929688,864.2000122070312,363791
2026-09-07,ARE&M,864.2000122070312,864.2000122070312,836.5,842.9500122070312,694840
2026-09-08,ARE&M,842.9500122070312,845.0999755859375,834.1500244140625,837.7999877929688,289450
2026-09-09,ARE&M,836.2999877929688,842.4000244140625,833.1500244140625,839.0499877929688,216416
2026-09-01,ARENTERP,36.970001220703125,36.970001220703125,35.099998474121094,35.310001373291016,872
2026-09-02,ARENTERP,34.599998474121094,36.400001525878906,34.5,34.70000076293945,1644
2026-09-03,ARENTERP,34.900001525878906,35.099998474121094,34.5,35.060001373291016,635
2026-09-04,ARENTERP,36.0,36.0,34.599998474121094,34.650001525878906,597
2026-09-07,ARENTERP,34.650001525878906,35.0,30.049999237060547,34.7599983215332,1895
2026-09-08,ARENTERP,34.70000076293945,36.0,32.29999923706055,33.34000015258789,1192
2026-09-09,ARENTERP,33.220001220703125,34.0,33.0,33.9900016784668,839
2026-09-01,ARFIN,86.79000091552734,87.95999908447266,85.0,85.5,934707
2026-09-02,ARFIN,85.5,88.5,85.5,87.87000274658203,1010679
2026-09-03,ARFIN,88.29000091552734,89.6500015258789,87.05000305175781,89.08999633789062,1004336
2026-09-04,ARFIN,89.0199966430664,89.0199966430664,85.88999938964844,87.23999786376953,1136109
2026-09-07,ARFIN,88.69999694824219,98.86000061035156,87.72000122070312,95.2699966430664,4760846
2026-09-08,ARFIN,97.0,97.16000366210938,91.02999877929688,91.36000061035156,1199300
2026-09-09,ARFIN,92.9499969482422,92.98999786376952,89.69999694824219,89.72000122070312,500406
2026-09-01,ARIES,480.3500061035156,480.3500061035156,442.0,458.8500061035156,103326
2026-09-02,ARIES,461.6000061035156,510.25,461.5499877929688,495.3500061035156,480377
2026-09-03,ARIES,500.0,507.2000122070313,488.5,496.6000061035156,60328
2026-09-04,ARIES,496.5499877929688,506.9500122070313,486.2999877929688,500.1000061035156,59836
2026-09-07,ARIES,501.5,524.75,484.2000122070313,485.9500122070313,113664
2026-09-08,ARIES,481.9500122070313,498.0,461.7000122070313,483.1499938964844,16353
2026-09-09,ARIES,482.0,493.25,470.0,489.0,28972
2026-09-01,ARIHANT,902.0,929.3499755859376,882.0,900.0,2202
2026-09-02,ARIHANT,909.0,914.4500122070312,878.0,900.2999877929688,2447
2026-09-03,ARIHANT,890.0,959.3499755859376,890.0,920.6500244140624,2144
2026-09-04,ARIHANT,959.0,994.7999877929688,920.5,953.1500244140624,1172
2026-09-07,ARIHANT,979.9000244140624,985.25,935.7999877929688,961.25,1341
2026-09-08,ARIHANT,932.5499877929688,959.2999877929688,910.4000244140624,919.5499877929688,922
2026-09-09,ARIHANT,917.7999877929688,918.0,860.0999755859375,885.0,769
2026-09-01,ARIHANTCAP,77.5,80.6500015258789,77.0999984741211,80.02999877929688,272914
2026-09-02,ARIHANTCAP,79.80000305175781,79.9800033569336,77.62999725341797,78.4800033569336,132223
2026-09-03,ARIHANTCAP,78.68000030517578,79.9800033569336,77.56999969482422,78.5199966430664,163522
2026-09-04,ARIHANTCAP,78.87999725341797,80.4000015258789,78.3499984741211,79.69000244140625,235293
2026-09-07,ARIHANTCAP,80.5,80.5,78.22000122070312,78.36000061035156,162170
2026-09-08,ARIHANTCAP,78.69999694824219,78.87999725341797,77.18000030517578,78.54000091552734,80820
2026-09-09,ARIHANTCAP,78.01000213623047,78.38999938964844,77.19999694824219,77.20999908447266,71048
2026-09-01,ARIHANTSUP,251.1000061035156,253.8000030517578,244.6000061035156,250.1499938964844,5622
2026-09-02,ARIHANTSUP,245.1999969482422,251.8999938964844,245.1999969482422,247.75,3340
2026-09-03,ARIHANTSUP,249.0,249.0,231.3500061035156,236.1499938964844,30352
2026-09-04,ARIHANTSUP,239.0,239.0,228.0,229.5,37696
2026-09-07,ARIHANTSUP,229.5,238.0,229.0500030517578,233.75,26550
2026-09-08,ARIHANTSUP,234.1000061035156,239.1000061035156,231.6499938964844,232.6000061035156,1802
2026-09-09,ARIHANTSUP,231.4499969482422,231.4499969482422,217.0,217.0,22315
2026-09-01,ARIS,142.60000610351562,142.60000610351562,127.70999908447266,131.67999267578125,5907678
2026-09-02,ARIS,130.99000549316406,131.02999877929688,125.86000061035156,128.30999755859375,897946
2026-09-03,ARIS,128.5,132.88999938964844,127.0,129.42999267578125,1628246
2026-09-04,ARIS,130.0,132.88999938964844,127.0999984741211,128.55999755859375,1642011
2026-09-07,ARIS,129.35000610351562,129.5,126.0999984741211,126.31999969482422,539906
2026-09-08,ARIS,134.52000427246094,134.52000427246094,126.0,127.22000122070312,3066716
2026-09-09,ARIS,127.26000213623048,129.8000030517578,126.4000015258789,128.1199951171875,515867
2026-09-01,ARKADE,123.9800033569336,123.9800033569336,120.0199966430664,120.72000122070312,186349
2026-09-02,ARKADE,120.72000122070312,121.08000183105467,117.11000061035156,117.93000030517578,231541
2026-09-03,ARKADE,119.0,124.69000244140624,119.0,124.16999816894533,374251
2026-09-04,ARKADE,125.4000015258789,126.4499969482422,121.77999877929688,125.22000122070312,285467
2026-09-07,ARKADE,125.7699966430664,125.7699966430664,123.8499984741211,124.81999969482422,121170
2026-09-08,ARKADE,124.0,125.98999786376952,122.5,123.08999633789062,94801
2026-09-09,ARKADE,123.9000015258789,126.8499984741211,122.5999984741211,123.23999786376952,196677
2026-09-01,ARMANFIN,1980.0,1990.0,1935.0999755859373,1952.300048828125,23217
2026-09-02,ARMANFIN,1945.0,1994.0,1927.0,1947.199951171875,21151
2026-09-03,ARMANFIN,1954.5,2004.9000244140625,1945.0,1991.9000244140625,21713
2026-09-04,ARMANFIN,1987.199951171875,2083.0,1987.199951171875,2069.300048828125,42583
2026-09-07,ARMANFIN,2068.0,2068.0,1998.0,2033.800048828125,25672
2026-09-08,ARMANFIN,2025.0,2050.10009765625,2001.0,2037.5,14516
2026-09-09,ARMANFIN,2034.0,2072.699951171875,2010.0999755859373,2032.800048828125,18467
2026-09-01,AROGRANITE,24.75,25.39999961853028,24.15999984741211,24.450000762939453,16003
2026-09-02,AROGRANITE,24.450000762939453,25.049999237060547,24.450000762939453,24.61000061035156,4239
2026-09-03,AROGRANITE,24.5,25.049999237060547,24.5,24.96999931335449,2282
2026-09-04,AROGRANITE,25.049999237060547,25.049999237060547,24.39999961853028,24.549999237060547,5191
2026-09-07,AROGRANITE,24.950000762939453,25.049999237060547,23.950000762939453,24.290000915527344,25353
2026-09-08,AROGRANITE,24.5,24.950000762939453,23.86000061035156,24.100000381469727,10845
2026-09-09,AROGRANITE,24.690000534057617,24.690000534057617,24.0,24.049999237060547,2202
2026-09-01,ARROWGREEN,701.7999877929688,736.6500244140625,701.25,734.5,17114
2026-09-02,ARROWGREEN,746.0,771.2000122070312,735.0499877929688,771.2000122070312,26675
2026-09-03,ARROWGREEN,773.0,796.9000244140625,771.0,777.4000244140625,38395
2026-09-04,ARROWGREEN,777.4000244140625,816.0,775.8499755859375,814.0999755859375,41808
2026-09-07,ARROWGREEN,814.0999755859375,829.0,785.5,805.0999755859375,19575
2026-09-08,ARROWGREEN,824.0,824.0,791.0,800.7000122070312,14571
2026-09-09,ARROWGREEN,800.7000122070312,810.0,792.5,795.0,8074
2026-09-01,ARSHIYA,0.7400000095367432,0.7400000095367432,0.7400000095367432,0.7400000095367432,125326
2026-09-02,ARSHIYA,0.7099999785423279,0.7099999785423279,0.7099999785423279,0.7099999785423279,72444
2026-09-03,ARSHIYA,0.6800000071525574,0.7400000095367432,0.6800000071525574,0.7300000190734863,594134
2026-09-04,ARSHIYA,0.75,0.7599999904632568,0.699999988079071,0.7300000190734863,349656
2026-09-07,ARSHIYA,0.7200000286102295,0.7400000095367432,0.699999988079071,0.7099999785423279,277427
2026-09-08,ARSHIYA,0.6800000071525574,0.7400000095367432,0.6800000071525574,0.7300000190734863,541000
2026-09-09,ARSHIYA,0.75,0.75,0.7099999785423279,0.7400000095367432,228535
2026-09-01,ARSSBL,507.0,516.8499755859375,502.2999877929688,508.7999877929688,183696
2026-09-02,ARSSBL,500.0,514.2000122070312,500.0,508.2999877929688,199206
2026-09-03,ARSSBL,511.8999938964844,520.0,508.0499877929688,514.9500122070312,106069
2026-09-04,ARSSBL,520.6500244140625,529.4000244140625,513.3499755859375,515.0499877929688,153131
2026-09-07,ARSSBL,515.0,524.7000122070312,508.2999877929688,516.2999877929688,133960
2026-09-08,ARSSBL,513.0499877929688,515.5499877929688,508.3999938964844,513.6500244140625,101733
2026-09-09,ARSSBL,510.0499877929688,513.0,505.7999877929688,507.1000061035156,57820
2026-09-01,ARTEMISMED,317.45001220703125,335.0,315.5,327.95001220703125,546257
2026-09-02,ARTEMISMED,328.0,332.3999938964844,320.0,320.70001220703125,226615
2026-09-03,ARTEMISMED,322.0,324.3999938964844,317.5,319.8500061035156,95982
2026-09-04,ARTEMISMED,321.0,339.29998779296875,318.29998779296875,332.79998779296875,885338
2026-09-07,ARTEMISMED,337.5,344.6000061035156,332.1499938964844,343.5,782569
2026-09-08,ARTEMISMED,347.5,350.0,338.6000061035156,342.04998779296875,474334
2026-09-09,ARTEMISMED,340.95001220703125,353.25,336.3999938964844,352.04998779296875,519128
2026-09-01,ARTNIRMAN,41.400001525878906,41.400001525878906,38.2599983215332,40.70000076293945,950
2026-09-02,ARTNIRMAN,40.70000076293945,41.09999847412109,39.09999847412109,40.25,1607
2026-09-03,ARTNIRMAN,40.45000076293945,41.08000183105469,39.04999923706055,40.43000030517578,396
2026-09-04,ARTNIRMAN,40.79999923706055,40.9900016784668,40.630001068115234,40.630001068115234,172
2026-09-07,ARTNIRMAN,40.630001068115234,40.630001068115234,39.11000061035156,40.209999084472656,1820
2026-09-08,ARTNIRMAN,40.40999984741211,41.09999847412109,40.40999984741211,40.40999984741211,6
2026-09-09,ARTNIRMAN,40.61000061035156,40.61000061035156,40.25,40.25,5059
2026-09-01,ARVEE,168.47999572753906,168.5,163.8000030517578,164.2100067138672,1150
2026-09-02,ARVEE,164.00999450683594,166.8000030517578,163.38999938964844,165.80999755859375,962
2026-09-03,ARVEE,167.4600067138672,173.3699951171875,165.0,165.0,1083
2026-09-04,ARVEE,165.61000061035156,171.89999389648438,163.0,165.10000610351562,790
2026-09-07,ARVEE,162.1999969482422,169.14999389648438,162.1999969482422,163.5,697
2026-09-08,ARVEE,164.74000549316406,196.7100067138672,163.61000061035156,193.7400054931641,59040
2026-09-09,ARVEE,206.0,224.9900054931641,206.0,212.1000061035156,138664
2026-09-01,ARVIND,555.6500244140625,564.7000122070312,552.0499877929688,557.0999755859375,486221
2026-09-02,ARVIND,552.9500122070312,578.0,548.2000122070312,574.0499877929688,790352
2026-09-03,ARVIND,575.0,575.0,562.0,567.0,455606
2026-09-04,ARVIND,563.0999755859375,566.0,550.0,552.9500122070312,308497
2026-09-07,ARVIND,546.2000122070312,567.3499755859375,546.1500244140625,564.5,478679
2026-09-08,ARVIND,560.6500244140625,584.2999877929688,555.7999877929688,581.3499755859375,1015825
2026-09-09,ARVIND,585.0,607.1500244140625,575.0,577.8499755859375,1336784
2026-09-01,ARVINDFASN,450.0499877929688,462.4500122070313,445.0,458.7999877929688,205486
2026-09-02,ARVINDFASN,454.0,463.0,448.3999938964844,461.1499938964844,203097
2026-09-03,ARVINDFASN,461.1499938964844,461.2000122070313,449.8999938964844,454.2999877929688,132745
2026-09-04,ARVINDFASN,456.6000061035156,458.0499877929688,445.0,446.5,75363
2026-09-07,ARVINDFASN,446.3999938964844,447.25,438.0,439.2000122070313,81565
2026-09-08,ARVINDFASN,441.2999877929688,443.0499877929688,430.0,440.3500061035156,107507
2026-09-09,ARVINDFASN,440.5,447.2000122070313,437.2999877929688,447.0,70711
2026-09-01,ARVSMART,670.2999877929688,670.2999877929688,652.0,656.0,46238
2026-09-02,ARVSMART,650.2000122070312,656.0,638.75,642.4000244140625,79766
2026-09-03,ARVSMART,644.9500122070312,648.9500122070312,635.5499877929688,639.0,23247
2026-09-04,ARVSMART,645.5999755859375,653.7999877929688,640.0499877929688,642.5,28414
2026-09-07,ARVSMART,643.7000122070312,652.0,640.0,646.7999877929688,27106
2026-09-08,ARVSMART,648.2000122070312,653.5499877929688,626.0,629.6500244140625,40077
2026-09-09,ARVSMART,626.0,628.5,610.1500244140625,612.5499877929688,35360
2026-09-01,ARYAMAN,635.0,635.0,625.0,625.0,26
2026-09-02,ARYAMAN,635.0,640.0,620.0,639.9500122070312,229
2026-09-03,ARYAMAN,622.4000244140625,638.0,605.0,626.5,532
2026-09-04,ARYAMAN,615.0,626.3499755859375,615.0,620.2000122070312,129
2026-09-07,ARYAMAN,620.2000122070312,630.0,610.2000122070312,630.0,34
2026-09-08,ARYAMAN,639.0,639.0,639.0,639.0,1
2026-09-09,ARYAMAN,639.0,639.0,620.0,639.0,436
2026-09-01,ASAHIINDIA,950.0,956.9000244140624,949.5,951.2000122070312,74285
2026-09-02,ASAHIINDIA,950.0,964.7000122070312,936.0499877929688,951.0499877929688,213328
2026-09-03,ASAHIINDIA,955.7000122070312,965.0,949.5,962.25,118263
2026-09-04,ASAHIINDIA,962.9500122070312,969.7999877929688,952.9500122070312,955.9000244140624,256318
2026-09-07,ASAHIINDIA,960.0,960.4000244140624,949.0,954.6500244140624,105915
2026-09-08,ASAHIINDIA,954.9500122070312,963.9000244140624,950.0,955.5999755859376,89970
2026-09-09,ASAHIINDIA,955.0999755859376,984.7000122070312,950.0,971.9000244140624,186064
2026-09-01,ASAHISONG,379.7000122070313,385.0,371.1000061035156,374.5499877929688,7685
2026-09-02,ASAHISONG,364.1499938964844,374.5499877929688,364.0,367.8999938964844,12724
2026-09-03,ASAHISONG,374.2999877929688,380.0,368.0499877929688,368.7999877929688,14633
2026-09-04,ASAHISONG,372.0,377.0,367.1000061035156,372.6499938964844,18001
2026-09-07,ASAHISONG,373.2000122070313,391.25,373.2000122070313,391.1499938964844,43329
2026-09-08,ASAHISONG,388.0,389.0,381.2000122070313,385.3500061035156,16905
2026-09-09,ASAHISONG,385.3500061035156,391.0,380.0,389.9500122070313,12633
2026-09-01,ASAL,476.0,485.2000122070313,471.2000122070313,473.6000061035156,19429
2026-09-02,ASAL,469.8999938964844,478.6499938964844,463.5499877929688,473.3999938964844,13648
2026-09-03,ASAL,474.5,488.0,474.5,486.2999877929688,13566
2026-09-04,ASAL,486.5,486.5,466.0499877929688,473.75,23916
2026-09-07,ASAL,473.0,479.7000122070313,459.0,470.1000061035156,18318
2026-09-08,ASAL,470.0,472.0,466.0,468.4500122070313,10901
2026-09-09,ASAL,463.0,474.1000061035156,463.0,471.7000122070313,3751
2026-09-01,ASALCBR,701.0,706.9500122070312,690.0,693.7000122070312,17898
2026-09-02,ASALCBR,694.7000122070312,705.0,690.4500122070312,703.7999877929688,14509
2026-09-03,ASALCBR,708.2999877929688,712.0,690.0,696.0499877929688,22698
2026-09-04,ASALCBR,696.0499877929688,710.0,696.0499877929688,706.3499755859375,14302
2026-09-07,ASALCBR,705.8499755859375,712.0,701.4000244140625,707.7999877929688,16434
2026-09-08,ASALCBR,708.0,710.2000122070312,689.9500122070312,696.1500244140625,38235
2026-09-09,ASALCBR,698.5,698.5,689.4500122070312,691.4500122070312,16152
2026-09-01,ASHAPURMIN,560.5,577.0,551.25,555.5,329674
2026-09-02,ASHAPURMIN,555.7000122070312,561.0,549.3499755859375,550.5,226693
2026-09-03,ASHAPURMIN,554.7999877929688,562.6500244140625,545.8499755859375,547.9500122070312,284037
2026-09-04,ASHAPURMIN,549.8499755859375,559.9500122070312,546.0,551.0,275733
2026-09-07,ASHAPURMIN,551.0,554.5,536.5999755859375,538.1500244140625,296446
2026-09-08,ASHAPURMIN,535.9000244140625,559.9500122070312,535.9000244140625,549.3499755859375,373033
2026-09-09,ASHAPURMIN,548.5999755859375,574.6500244140625,542.7000122070312,555.8499755859375,590737
2026-09-01,ASHIANA,365.8999938964844,369.75,360.1000061035156,363.6499938964844,26448
2026-09-02,ASHIANA,367.25,368.9500122070313,361.1000061035156,368.2999877929688,38619
2026-09-03,ASHIANA,369.7999877929688,371.0,366.0,366.5499877929688,14643
2026-09-04,ASHIANA,366.2000122070313,370.3999938964844,358.20001220703125,359.54998779296875,40739
2026-09-07,ASHIANA,360.6000061035156,361.5499877929688,346.8500061035156,349.75,71117
2026-09-08,ASHIANA,350.3999938964844,350.8500061035156,345.0,346.29998779296875,18213
2026-09-09,ASHIANA,346.1000061035156,349.95001220703125,345.04998779296875,349.3500061035156,12372
2026-09-01,ASHIKAG,427.4500122070313,434.0,415.0,429.9500122070313,72675
2026-09-02,ASHIKAG,429.0,429.0,420.0,425.9500122070313,34573
2026-09-03,ASHIKAG,425.9500122070313,433.8999938964844,420.3500061035156,429.25,7207
2026-09-04,ASHIKAG,443.8500061035156,443.8500061035156,421.0,426.8500061035156,82968
2026-09-07,ASHIKAG,426.8500061035156,436.8500061035156,418.0,420.1000061035156,54529
2026-09-08,ASHIKAG,420.0,429.3999938964844,415.0,419.5,62251
2026-09-09,ASHIKAG,411.0,424.3999938964844,411.0,414.9500122070313,59480
2026-09-01,ASHIMASYN,18.540000915527344,18.989999771118164,17.600000381469727,17.670000076293945,80364
2026-09-02,ASHIMASYN,17.670000076293945,18.89999961853028,17.200000762939453,17.829999923706055,71620
2026-09-03,ASHIMASYN,18.25,18.25,17.6200008392334,17.8799991607666,34870
2026-09-04,ASHIMASYN,17.600000381469727,18.34000015258789,17.5,17.889999389648438,207276
2026-09-07,ASHIMASYN,17.899999618530273,17.899999618530273,17.649999618530273,17.75,35393
2026-09-08,ASHIMASYN,17.600000381469727,17.610000610351562,17.299999237060547,17.360000610351562,100643
2026-09-09,ASHIMASYN,17.350000381469727,18.39999961853028,17.110000610351562,17.450000762939453,76043
2026-09-01,ASHOKA,121.48999786376952,124.75,119.51000213623048,121.75,9607922
2026-09-02,ASHOKA,119.70999908447266,120.0,116.48999786376952,117.38999938964844,2169165
2026-09-03,ASHOKA,117.38999938964844,118.44000244140624,116.1500015258789,117.31999969482422,964821
2026-09-04,ASHOKA,117.25,118.18000030517578,115.0,115.5500030517578,998292
2026-09-07,ASHOKA,115.5999984741211,117.29000091552734,114.5199966430664,115.5,581090
2026-09-08,ASHOKA,115.45999908447266,115.5999984741211,113.55999755859376,114.2699966430664,633687
2026-09-09,ASHOKA,113.5999984741211,114.08999633789062,113.27999877929688,113.6999969482422,328925
2026-09-01,ASHOKAMET,13.779999732971191,13.9399995803833,13.520000457763672,13.630000114440918,7113
2026-09-02,ASHOKAMET,13.630000114440918,13.630000114440918,13.34000015258789,13.489999771118164,18438
2026-09-03,ASHOKAMET,14.149999618530272,14.149999618530272,13.199999809265137,13.470000267028809,13117
2026-09-04,ASHOKAMET,13.949999809265137,13.989999771118164,13.380000114440918,13.579999923706056,17200
2026-09-07,ASHOKAMET,13.579999923706056,15.239999771118164,13.56999969482422,14.300000190734863,152039
2026-09-08,ASHOKAMET,14.5,15.25,14.039999961853027,14.4399995803833,61968
2026-09-09,ASHOKAMET,14.869999885559082,14.869999885559082,14.220000267028809,14.699999809265137,12378
2026-09-01,ASHOKLEY,176.5,176.5,168.52999877929688,170.52999877929688,16860146
2026-09-02,ASHOKLEY,169.11000061035156,169.2899932861328,165.02000427246094,167.89999389648438,16412854
2026-09-03,ASHOKLEY,168.5,169.35000610351562,166.0500030517578,169.35000610351562,9119654
2026-09-04,ASHOKLEY,168.97999572753906,173.2899932861328,168.17999267578125,169.0,13509881
2026-09-07,ASHOKLEY,170.0,172.1300048828125,168.39999389648438,170.0,10426646
2026-09-08,ASHOKLEY,170.0,170.1699981689453,167.75,169.0,7997004
2026-09-09,ASHOKLEY,167.1199951171875,169.27000427246094,166.22000122070312,168.0,5248201
2026-09-01,ASIANENE,475.8500061035156,492.5,467.6000061035156,488.3999938964844,398711
2026-09-02,ASIANENE,490.1000061035156,516.1500244140625,483.1000061035156,504.1000061035156,919172
2026-09-03,ASIANENE,509.4500122070313,528.4000244140625,499.5,523.0,855583
2026-09-04,ASIANENE,527.0499877929688,538.0,509.0,517.4500122070312,476280
2026-09-07,ASIANENE,521.5999755859375,521.5999755859375,498.0499877929688,511.7999877929688,356710
2026-09-08,ASIANENE,519.0,565.7000122070312,507.6000061035156,553.5499877929688,1715686
2026-09-09,ASIANENE,552.9000244140625,562.0,539.7999877929688,544.8499755859375,385542
2026-09-01,ASIANHOTNR,352.0,389.4500122070313,346.54998779296875,369.2000122070313,214552
2026-09-02,ASIANHOTNR,369.2000122070313,386.0,360.1000061035156,379.8999938964844,26364
2026-09-03,ASIANHOTNR,380.3999938964844,389.0,373.9500122070313,383.8500061035156,23687
2026-09-04,ASIANHOTNR,389.9500122070313,390.8500061035156,378.5499877929688,384.75,10682
2026-09-07,ASIANHOTNR,388.0,388.8999938964844,379.8500061035156,382.6499938964844,22793
2026-09-08,ASIANHOTNR,388.7999877929688,423.7999877929688,384.7999877929688,405.75,142759
2026-09-09,ASIANHOTNR,415.0,419.2000122070313,393.0499877929688,404.1000061035156,22169
2026-09-01,ASIANPAINT,2645.300048828125,2645.300048828125,2545.199951171875,2575.5,1046523
2026-09-02,ASIANPAINT,2548.0,2548.0,2510.699951171875,2527.5,497889
2026-09-03,ASIANPAINT,2530.0,2544.0,2515.10009765625,2541.60009765625,589499
2026-09-04,ASIANPAINT,2540.0,2553.89990234375,2519.800048828125,2527.300048828125,399368
2026-09-07,ASIANPAINT,2511.10009765625,2523.5,2489.699951171875,2500.89990234375,240336
2026-09-08,ASIANPAINT,2499.0,2499.0,2474.10009765625,2481.60009765625,372890
2026-09-09,ASIANPAINT,2459.10009765625,2481.10009765625,2457.39990234375,2479.800048828125,236785
2026-09-01,ASIANTILES,50.150001525878906,50.54999923706055,49.7599983215332,50.2599983215332,8205021
2026-09-02,ASIANTILES,50.290000915527344,51.18000030517578,48.84999847412109,50.15999984741211,5231296
2026-09-03,ASIANTILES,50.290000915527344,50.34999847412109,49.470001220703125,49.959999084472656,5861094
2026-09-04,ASIANTILES,49.79999923706055,50.5,49.560001373291016,50.2599983215332,2049363
2026-09-07,ASIANTILES,50.400001525878906,51.220001220703125,49.31999969482422,49.84999847412109,2616485
2026-09-08,ASIANTILES,49.45000076293945,50.5,49.40999984741211,50.040000915527344,2076110
2026-09-09,ASIANTILES,49.560001373291016,50.25,49.2599983215332,49.880001068115234,1464944
2026-09-01,ASIANTNE,10.220000267028809,10.649999618530272,9.720000267028809,10.170000076293944,13782
2026-09-02,ASIANTNE,10.170000076293944,10.170000076293944,9.75,9.829999923706056,3443
2026-09-03,ASIANTNE,10.149999618530272,10.149999618530272,9.670000076293944,9.760000228881836,3167
2026-09-04,ASIANTNE,9.5,9.760000228881836,9.34000015258789,9.739999771118164,16866
2026-09-07,ASIANTNE,10.0,10.0,9.199999809265137,9.5,12163
2026-09-08,ASIANTNE,9.890000343322754,9.890000343322754,9.369999885559082,9.6899995803833,1503
2026-09-09,ASIANTNE,9.699999809265137,9.789999961853027,9.390000343322754,9.770000457763672,1408
2026-09-01,ASKAUTOLTD,660.0,660.0,631.7000122070312,635.6500244140625,197446
2026-09-02,ASKAUTOLTD,638.0499877929688,638.0499877929688,618.0499877929688,623.8499755859375,134316
2026-09-03,ASKAUTOLTD,624.0,639.5,620.2000122070312,632.2000122070312,205122
2026-09-04,ASKAUTOLTD,639.0,639.0,615.1500244140625,618.8499755859375,164992
2026-09-07,ASKAUTOLTD,619.9500122070312,621.9500122070312,604.0499877929688,611.5,121536
2026-09-08,ASKAUTOLTD,609.0,621.0,601.2000122070312,610.1500244140625,464451
2026-09-09,ASKAUTOLTD,610.0,634.0,609.7999877929688,630.2999877929688,242279
2026-09-01,ASMS,7.019999980926514,7.380000114440918,7.0,7.239999771118164,447967
2026-09-02,ASMS,7.150000095367432,7.329999923706055,6.909999847412109,7.010000228881836,323359
2026-09-03,ASMS,7.019999980926514,7.360000133514404,6.920000076293945,7.110000133514404,194582
2026-09-04,ASMS,7.110000133514404,7.230000019073486,7.010000228881836,7.070000171661377,65281
2026-09-07,ASMS,7.03000020980835,7.150000095367432,6.920000076293945,7.010000228881836,234125
2026-09-08,ASMS,6.920000076293945,7.050000190734863,6.900000095367432,6.920000076293945,196931
2026-09-09,ASMS,7.019999980926514,7.099999904632568,6.900000095367432,7.0,101293
2026-09-01,ASPINWALL,263.0,266.5,257.3999938964844,260.04998779296875,1722
2026-09-02,ASPINWALL,260.04998779296875,264.95001220703125,256.29998779296875,259.8500061035156,1099
2026-09-03,ASPINWALL,258.0,264.0,252.0,257.54998779296875,4005
2026-09-04,ASPINWALL,257.6499938964844,265.0,257.54998779296875,259.25,2331
2026-09-07,ASPINWALL,260.5,264.0,254.1999969482422,264.0,2192
2026-09-08,ASPINWALL,255.0500030517578,256.95001220703125,253.8000030517578,254.1499938964844,416
2026-09-09,ASPINWALL,254.1499938964844,254.1999969482422,249.0,252.0,769
2026-09-01,ASSAMENT,857.75,857.75,777.5,800.0,14
2026-09-02,ASSAMENT,828.0,828.0,763.0,819.0,3
2026-09-03,ASSAMENT,831.0,831.0,831.0,831.0,1
2026-09-04,ASSAMENT,826.8499755859375,830.0,826.8499755859375,830.0,16
2026-09-07,ASSAMENT,833.7999877929688,833.7999877929688,790.0,790.0,6
2026-09-01,ASTAR,599.9000244140625,599.9000244140625,599.9000244140625,599.9000244140625,0
2026-09-02,ASTAR,600.0,600.0,590.0,590.0,124
2026-09-03,ASTAR,581.1500244140625,590.0,577.0,578.5,23
2026-09-04,ASTAR,590.0,597.9000244140625,585.0,585.0,9
2026-09-07,ASTAR,590.0,597.9000244140625,586.0,597.9000244140625,11
2026-09-08,ASTAR,590.0,597.0,590.0,596.9500122070312,18
2026-09-09,ASTAR,594.9000244140625,594.9000244140625,575.0,589.9000244140625,26
2026-09-01,ASTEC,560.0,576.5999755859375,555.2999877929688,562.4000244140625,22629
2026-09-02,ASTEC,556.9500122070312,584.9000244140625,553.0499877929688,572.5499877929688,37649
2026-09-03,ASTEC,571.0999755859375,581.0,570.0999755859375,573.25,10624
2026-09-04,ASTEC,581.7999877929688,581.7999877929688,552.0999755859375,554.4500122070312,43913
2026-09-07,ASTEC,555.0,559.2999877929688,540.0,552.3499755859375,41084
2026-09-08,ASTEC,551.2000122070312,662.7999877929688,551.2000122070312,662.7999877929688,1270593
2026-09-09,ASTEC,691.0,779.3499755859375,690.0,759.3499755859375,4649355
2026-09-01,ASTERDM,758.5,763.2999877929688,752.3499755859375,757.7999877929688,967322
2026-09-02,ASTERDM,761.7000122070312,768.0,745.0499877929688,759.9000244140625,1275385
2026-09-03,ASTERDM,768.0,789.0,754.0499877929688,787.0,3077930
2026-09-04,ASTERDM,790.8499755859375,792.0499877929688,780.3499755859375,785.75,1157850
2026-09-07,ASTERDM,786.0,798.7999877929688,781.75,795.6500244140625,881617
2026-09-08,ASTERDM,795.6500244140625,795.6500244140625,782.5999755859375,790.3499755859375,537709
2026-09-09,ASTERDM,786.0,792.2999877929688,776.1500244140625,778.0999755859375,1158226
2026-09-01,ASTRAL,1537.5,1538.0,1493.0999755859375,1507.0,726492
2026-09-02,ASTRAL,1502.0,1516.4000244140625,1476.699951171875,1487.0,1046620
2026-09-03,ASTRAL,1493.0,1497.0,1476.699951171875,1495.199951171875,640757
2026-09-04,ASTRAL,1489.800048828125,1509.9000244140625,1484.0,1492.9000244140625,658868
2026-09-07,ASTRAL,1482.699951171875,1501.5,1482.199951171875,1498.199951171875,742451
2026-09-08,ASTRAL,1498.199951171875,1507.4000244140625,1485.0,1500.800048828125,613596
2026-09-09,ASTRAL,1492.800048828125,1507.0,1466.199951171875,1473.9000244140625,455763
2026-09-01,ASTRAMICRO,1666.800048828125,1705.0,1656.4000244140625,1686.4000244140625,292436
2026-09-02,ASTRAMICRO,1678.0,1678.0,1631.0,1641.800048828125,220101
2026-09-03,ASTRAMICRO,1650.0,1684.0,1645.0999755859375,1665.0999755859375,162924
2026-09-04,ASTRAMICRO,1666.0999755859375,1741.0,1666.0999755859375,1729.0,502645
2026-09-07,ASTRAMICRO,1740.0,1771.5999755859375,1705.0,1711.5999755859375,471255
2026-09-08,ASTRAMICRO,1748.0,1783.300048828125,1708.300048828125,1757.300048828125,793737
2026-09-09,ASTRAMICRO,1767.800048828125,1794.0,1707.5999755859375,1717.0,419456
2026-09-01,ASTRAZEN,6995.0,7014.5,6885.5,6917.0,3552
2026-09-02,ASTRAZEN,6930.0,6940.0,6835.0,6868.0,4789
2026-09-03,ASTRAZEN,6868.0,6960.0,6835.5,6940.5,4139
2026-09-04,ASTRAZEN,6999.0,7062.0,6900.0,6944.0,6489
2026-09-07,ASTRAZEN,6945.0,6994.0,6830.0,6851.0,5460
2026-09-08,ASTRAZEN,6860.0,6924.0,6830.0,6875.5,2698
2026-09-09,ASTRAZEN,6870.0,6943.5,6801.0,6908.5,3765
2026-09-01,ASTRON,3.0999999046325684,3.0999999046325684,2.970000028610229,3.069999933242798,7496
2026-09-02,ASTRON,3.0,3.0999999046325684,2.950000047683716,2.9800000190734863,20922
2026-09-03,ASTRON,3.049999952316284,3.0999999046325684,2.9200000762939453,3.0,29095
2026-09-04,ASTRON,3.0,3.140000104904175,2.880000114440918,3.059999942779541,45331
2026-09-07,ASTRON,3.0,3.049999952316284,2.940000057220459,3.0,22636
2026-09-08,ASTRON,3.0,3.119999885559082,2.869999885559082,2.9600000381469727,12423
2026-09-09,ASTRON,2.970000028610229,3.0899999141693115,2.869999885559082,3.0,43850
2026-09-01,ATALREAL,33.0099983215332,33.470001220703125,26.64999961853028,26.64999961853028,18612147
2026-09-02,ATALREAL,25.01000022888184,26.84000015258789,25.01000022888184,25.530000686645508,33201247
2026-09-03,ATALREAL,26.1299991607666,26.450000762939453,25.75,25.89999961853028,9781101
2026-09-04,ATALREAL,26.09000015258789,26.39999961853028,26.040000915527344,26.21999931335449,13883610
2026-09-07,ATALREAL,26.600000381469727,26.89999961853028,26.489999771118164,26.5,27481151
2026-09-08,ATALREAL,26.01000022888184,26.06999969482422,21.200000762939453,21.200000762939453,10577296
2026-09-09,ATALREAL,16.959999084472656,16.959999084472656,16.959999084472656,16.959999084472656,660308
2026-09-01,ATAM,56.79999923706055,56.79999923706055,54.09000015258789,55.900001525878906,15123
2026-09-02,ATAM,55.20000076293945,56.29999923706055,54.09000015258789,54.77999877929688,8221
2026-09-03,ATAM,54.400001525878906,56.38999938964844,54.25,54.790000915527344,5818
2026-09-04,ATAM,55.9900016784668,58.400001525878906,50.0,52.9900016784668,42586
2026-09-07,ATAM,53.0,55.66999816894531,53.0,54.27000045776367,17563
2026-09-08,ATAM,54.54999923706055,55.97999954223633,54.540000915527344,55.34000015258789,7609
2026-09-09,ATAM,56.45000076293945,56.45000076293945,54.18000030517578,55.59000015258789,3061
2026-09-01,ATGL,621.6500244140625,629.7000122070312,610.0,613.6500244140625,730043
2026-09-02,ATGL,613.9500122070312,624.9500122070312,604.2999877929688,614.9500122070312,776942
2026-09-03,ATGL,618.7999877929688,622.0,612.9500122070312,614.0499877929688,486903
2026-09-04,ATGL,614.0,619.7999877929688,610.5499877929688,612.3499755859375,445851
2026-09-07,ATGL,613.0499877929688,617.0,601.9000244140625,603.7000122070312,415843
2026-09-08,ATGL,604.4000244140625,612.0,602.0,609.4000244140625,458452
2026-09-09,ATGL,610.9000244140625,624.4000244140625,608.5499877929688,617.4000244140625,719189
2026-09-01,ATHERENERG,1694.0,1744.0,1671.5999755859375,1725.5999755859375,9562596
2026-09-02,ATHERENERG,1722.0,1737.0,1641.0,1686.0999755859375,6312532
2026-09-03,ATHERENERG,1673.4000244140625,1675.0,1629.9000244140625,1638.9000244140625,4163125
2026-09-04,ATHERENERG,1644.0,1644.5,1560.9000244140625,1584.0,5585636
2026-09-07,ATHERENERG,1575.0,1618.0,1561.0999755859375,1599.300048828125,3789386
2026-09-08,ATHERENERG,1607.300048828125,1613.4000244140625,1568.0,1578.0,2413864
2026-09-09,ATHERENERG,1577.0,1599.5999755859375,1572.800048828125,1587.300048828125,1306939
2026-09-01,ATL,26.440000534057617,26.5,25.0,25.32999992370605,266188
2026-09-02,ATL,25.299999237060547,25.299999237060547,23.5,23.799999237060547,782831
2026-09-03,ATL,23.770000457763672,24.88999938964844,23.770000457763672,24.26000022888184,163316
2026-09-04,ATL,24.489999771118164,25.64999961853028,24.31999969482422,25.309999465942383,220494
2026-09-07,ATL,25.799999237060547,25.799999237060547,24.84000015258789,25.030000686645508,187311
2026-09-08,ATL,25.450000762939453,26.440000534057617,24.850000381469727,25.81999969482422,362819
2026-09-09,ATL,25.299999237060547,25.780000686645508,24.709999084472656,25.030000686645508,127963
2026-09-01,ATLANTAA,39.45000076293945,41.900001525878906,38.5099983215332,40.68000030517578,121504
2026-09-02,ATLANTAA,40.470001220703125,40.959999084472656,39.0,39.209999084472656,53579
2026-09-03,ATLANTAA,39.29999923706055,39.959999084472656,39.20000076293945,39.86000061035156,27112
2026-09-04,ATLANTAA,41.27999877929688,41.27999877929688,39.0,39.150001525878906,20793
2026-09-07,ATLANTAA,39.41999816894531,39.959999084472656,37.119998931884766,37.65999984741211,73904
2026-09-08,ATLANTAA,37.79999923706055,39.02000045776367,36.91999816894531,38.29999923706055,71064
2026-09-09,ATLANTAA,38.4900016784668,38.84000015258789,37.02000045776367,38.38999938964844,18895
2026-09-01,ATLANTAELE,1832.699951171875,1874.5,1813.0999755859373,1823.5999755859373,169455
2026-09-02,ATLANTAELE,1816.9000244140625,1846.9000244140625,1784.9000244140625,1838.9000244140625,70238
2026-09-03,ATLANTAELE,1860.0,1925.0,1817.9000244140625,1886.4000244140625,253182
2026-09-04,ATLANTAELE,1905.9000244140625,1920.0,1847.9000244140625,1881.699951171875,102999
2026-09-07,ATLANTAELE,1898.0999755859373,1958.0,1890.300048828125,1938.0999755859373,141076
2026-09-08,ATLANTAELE,1940.0999755859373,1948.0,1882.300048828125,1922.300048828125,151162
2026-09-09,ATLANTAELE,1912.0,1932.800048828125,1881.0,1903.199951171875,44642
2026-09-01,ATLASCYCLE,95.5,100.5,94.0500030517578,95.37000274658205,14972
2026-09-02,ATLASCYCLE,95.4000015258789,98.5500030517578,92.6999969482422,95.0500030517578,6678
2026-09-03,ATLASCYCLE,96.4000015258789,98.48999786376952,94.51000213623048,95.44000244140624,2994
2026-09-04,ATLASCYCLE,96.44000244140624,96.44000244140624,93.5,96.18000030517578,3691
2026-09-07,ATLASCYCLE,96.18000030517578,96.30999755859376,93.5500030517578,94.48999786376952,2973
2026-09-08,ATLASCYCLE,95.5999984741211,113.37999725341795,95.0,113.02999877929688,1077562
2026-09-09,ATLASCYCLE,116.0,116.0,107.3000030517578,108.04000091552734,150280
2026-09-01,ATUL,6392.0,6464.0,6371.0,6452.0,12419
2026-09-02,ATUL,6430.0,6499.0,6358.0,6485.5,22848
2026-09-03,ATUL,6486.0,6642.5,6446.0,6469.0,54621
2026-09-04,ATUL,6476.0,6515.5,6370.5,6386.0,18343
2026-09-07,ATUL,6351.5,6400.0,6302.5,6312.5,21154
2026-09-08,ATUL,6335.0,6356.5,6305.0,6314.5,12986
2026-09-09,ATUL,6295.0,6321.5,6240.0,6251.0,12841
2026-09-01,ATULAUTO,490.0,500.0,474.1000061035156,476.0499877929688,454055
2026-09-02,ATULAUTO,476.0499877929688,476.7000122070313,464.7000122070313,466.3999938964844,124489
2026-09-03,ATULAUTO,467.2999877929688,470.7999877929688,457.5,461.2999877929688,161354
2026-09-04,ATULAUTO,462.0,467.2000122070313,458.3500061035156,465.1499938964844,88513
2026-09-07,ATULAUTO,462.0,465.4500122070313,458.1000061035156,459.1000061035156,58661
2026-09-08,ATULAUTO,460.0499877929688,463.8999938964844,457.2999877929688,458.8999938964844,80227
2026-09-09,ATULAUTO,458.2999877929688,460.0,455.0,456.6000061035156,33880
2026-09-01,AUBANK,1083.800048828125,1088.800048828125,1067.5999755859375,1079.199951171875,1068952
2026-09-02,AUBANK,1073.0999755859375,1077.9000244140625,1063.4000244140625,1077.9000244140625,864436
2026-09-03,AUBANK,1082.0,1083.300048828125,1066.0999755859375,1072.0,506657
2026-09-04,AUBANK,1071.9000244140625,1074.0999755859375,1060.4000244140625,1065.0,602949
2026-09-07,AUBANK,1065.0,1066.800048828125,1046.9000244140625,1053.0,939647
2026-09-08,AUBANK,1055.699951171875,1074.800048828125,1051.4000244140625,1073.699951171875,1353321
2026-09-09,AUBANK,1070.9000244140625,1077.9000244140625,1061.0,1071.5,868189
2026-09-01,AUGMONT,899.4500122070312,899.9500122070312,851.0,866.25,3757111
2026-09-02,AUGMONT,865.0,952.8499755859376,857.0499877929688,952.8499755859376,4700620
2026-09-03,AUGMONT,975.0,979.9500122070312,912.0,922.7000122070312,3652464
2026-09-04,AUGMONT,922.7000122070312,940.0999755859376,894.0,901.5,942895
2026-09-07,AUGMONT,908.7999877929688,931.4000244140624,878.0999755859375,891.5999755859375,1669696
2026-09-08,AUGMONT,899.0,909.9500122070312,882.7999877929688,893.4000244140625,693093
2026-09-09,AUGMONT,885.5,926.2000122070312,885.5,898.5,1013113
2026-09-01,AURIONPRO,714.0,715.3499755859375,692.0,694.7000122070312,231981
2026-09-02,AURIONPRO,692.0,700.25,684.0,693.0,170519
2026-09-03,AURIONPRO,693.0,704.0,684.0,686.4500122070312,170083
2026-09-04,AURIONPRO,691.0,697.2999877929688,686.0,689.7000122070312,98258
2026-09-07,AURIONPRO,682.4000244140625,694.0,665.1500244140625,668.7000122070312,203606
2026-09-08,AURIONPRO,673.0,684.2999877929688,667.75,672.0999755859375,115133
2026-09-09,AURIONPRO,676.5,676.5,665.0,669.5,82724
2026-09-01,AUROPHARMA,1700.0,1700.0999755859375,1671.0999755859375,1683.300048828125,608791
2026-09-02,AUROPHARMA,1675.0,1695.0,1639.5999755859375,1648.199951171875,816419
2026-09-03,AUROPHARMA,1656.0999755859375,1666.5999755859375,1626.5999755859375,1637.300048828125,920206
2026-09-04,AUROPHARMA,1637.300048828125,1661.5,1622.5999755859375,1653.0999755859375,573938
2026-09-07,AUROPHARMA,1646.0,1668.0,1646.0,1660.0,536717
2026-09-08,AUROPHARMA,1660.5,1698.800048828125,1655.0,1692.0,1055813
2026-09-09,AUROPHARMA,1685.0,1704.0,1672.0,1684.0,422267
2026-09-01,AURUM,234.0,234.5,220.1000061035156,223.92999267578125,120342
2026-09-02,AURUM,225.25,227.1100006103516,218.8500061035156,224.9499969482422,179857
2026-09-03,AURUM,224.9499969482422,228.8500061035156,224.009994506836,224.759994506836,45123
2026-09-04,AURUM,226.6999969482422,228.5500030517578,223.6999969482422,225.1600036621093,88743
2026-09-07,AURUM,224.0,228.0,223.0,225.13999938964844,45681
2026-09-08,AURUM,225.8500061035156,228.0,223.77999877929688,227.259994506836,56616
2026-09-09,AURUM,228.7400054931641,228.75,220.0,221.9900054931641,101665
2026-09-01,AURUS,4.690000057220459,4.78000020980835,4.650000095367432,4.659999847412109,1850
2026-09-02,AURUS,4.71999979019165,4.71999979019165,4.510000228881836,4.639999866485596,22489
2026-09-03,AURUS,4.550000190734863,4.690000057220459,4.550000190734863,4.619999885559082,8380
2026-09-04,AURUS,4.699999809265137,4.949999809265137,4.570000171661377,4.840000152587891,26293
2026-09-07,AURUS,4.989999771118164,4.989999771118164,4.650000095367432,4.940000057220459,64024
2026-09-08,AURUS,4.940000057220459,4.940000057220459,4.730000019073486,4.78000020980835,24602
2026-09-09,AURUS,4.78000020980835,4.96999979019165,4.78000020980835,4.949999809265137,14792
2026-09-01,AUSOMENT,149.72999572753906,151.67999267578125,146.64999389648438,149.77000427246094,9500
2026-09-02,AUSOMENT,148.0,157.25,147.10000610351562,156.4499969482422,19464
2026-09-03,AUSOMENT,162.0,162.0,153.50999450683594,159.9499969482422,15371
2026-09-04,AUSOMENT,162.0,166.58999633789062,155.1999969482422,161.7899932861328,18928
2026-09-07,AUSOMENT,162.8000030517578,163.4499969482422,155.14999389648438,156.2100067138672,7654
2026-09-08,AUSOMENT,161.0,161.0,152.55999755859375,155.86000061035156,6145
2026-09-09,AUSOMENT,154.00999450683594,155.9499969482422,153.50999450683594,153.77999877929688,189
2026-09-01,AUSTENG,121.5,125.94000244140624,120.5999984741211,122.72000122070312,705
2026-09-02,AUSTENG,125.9000015258789,125.9000015258789,121.3499984741211,121.4000015258789,59
2026-09-03,AUSTENG,125.0,125.0,122.0999984741211,124.6999969482422,263
2026-09-04,AUSTENG,124.6999969482422,124.6999969482422,121.3000030517578,124.6999969482422,951
2026-09-07,AUSTENG,125.9499969482422,131.0,125.0,125.0,5309
2026-09-08,AUSTENG,125.9499969482422,129.5,121.0,121.41000366210938,11791
2026-09-09,AUSTENG,125.9499969482422,125.9499969482422,118.0,123.0,392
2026-09-01,AUTOAXLES,1729.300048828125,1756.0,1670.0,1690.9000244140625,15397
2026-09-02,AUTOAXLES,1686.0,1744.5,1674.0999755859375,1732.5,9452
2026-09-03,AUTOAXLES,1749.0,1749.0,1692.5999755859375,1705.4000244140625,4117
2026-09-04,AUTOAXLES,1710.0,1717.800048828125,1684.0999755859375,1688.699951171875,7212
2026-09-07,AUTOAXLES,1690.0,1707.699951171875,1651.0999755859375,1666.5999755859375,7960
2026-09-08,AUTOAXLES,1666.5999755859375,1685.0,1658.0999755859375,1664.4000244140625,4754
2026-09-09,AUTOAXLES,1666.0,1667.9000244140625,1652.0,1667.199951171875,3211
2026-09-01,AUTOIND,87.81999969482422,88.4800033569336,83.55000305175781,85.58999633789062,142696
2026-09-02,AUTOIND,85.8499984741211,86.80000305175781,83.5999984741211,84.68000030517578,193816
2026-09-03,AUTOIND,84.45999908447266,98.4000015258789,84.45999908447266,92.75,1837130
2026-09-04,AUTOIND,94.0,95.9000015258789,85.20999908447266,86.44999694824219,600314
2026-09-07,AUTOIND,86.88999938964844,86.88999938964844,83.0,84.7300033569336,302191
2026-09-08,AUTOIND,85.0,87.77999877929688,84.20999908447266,87.02999877929688,227265
2026-09-09,AUTOIND,87.02999877929688,87.02999877929688,85.19999694824219,86.0,80925
2026-09-01,AVADHSUGAR,855.2999877929688,868.0,805.0499877929688,823.2999877929688,134076
2026-09-02,AVADHSUGAR,823.0,845.0,806.0,811.7000122070312,120202
2026-09-03,AVADHSUGAR,814.75,845.0,812.0499877929688,831.0999755859375,152917
2026-09-04,AVADHSUGAR,827.0,827.0,801.0,809.5,97497
2026-09-07,AVADHSUGAR,811.0,858.0,811.0,839.7000122070312,187486
2026-09-08,AVADHSUGAR,839.7000122070312,844.5,825.0,836.25,59362
2026-09-09,AVADHSUGAR,842.9000244140625,843.0,805.0,825.5499877929688,102148
2026-09-01,AVALON,2370.10009765625,2393.0,2294.199951171875,2318.60009765625,301080
2026-09-02,AVALON,2295.0,2348.0,2166.60009765625,2189.60009765625,662674
2026-09-03,AVALON,2235.39990234375,2265.39990234375,2139.300048828125,2248.60009765625,462178
2026-09-04,AVALON,2320.0,2347.699951171875,2175.0,2196.60009765625,683759
2026-09-07,AVALON,2262.0,2424.0,2250.10009765625,2352.5,1652695
2026-09-08,AVALON,2350.0,2360.0,2280.800048828125,2290.300048828125,355629
2026-09-09,AVALON,2290.0,2334.0,2267.0,2297.800048828125,168933
2026-09-01,AVANCE,0.8700000047683716,0.8799999952316284,0.8100000023841858,0.8199999928474426,9823178
2026-09-02,AVANCE,0.8299999833106995,0.8500000238418579,0.800000011920929,0.8199999928474426,17145793
2026-09-03,AVANCE,0.8299999833106995,0.8399999737739563,0.8199999928474426,0.8199999928474426,4293598
2026-09-04,AVANCE,0.8299999833106995,0.8299999833106995,0.8199999928474426,0.8199999928474426,2992770
2026-09-07,AVANCE,0.8199999928474426,0.8500000238418579,0.8199999928474426,0.8299999833106995,3867349
2026-09-08,AVANCE,0.8399999737739563,0.8500000238418579,0.8299999833106995,0.8399999737739563,3518500
2026-09-09,AVANCE,0.8299999833106995,0.8500000238418579,0.8299999833106995,0.8399999737739563,3321592
2026-09-01,AVANTEL,161.3000030517578,161.9499969482422,156.0,156.6699981689453,746978
2026-09-02,AVANTEL,156.6699981689453,157.82000732421875,155.5,156.80999755859375,611755
2026-09-03,AVANTEL,157.08999633789062,158.85000610351562,156.0,156.5,469993
2026-09-04,AVANTEL,156.60000610351562,158.3800048828125,154.4600067138672,154.9600067138672,546755
2026-09-07,AVANTEL,154.97999572753906,157.6999969482422,153.64999389648438,156.74000549316406,676368
2026-09-08,AVANTEL,156.97000122070312,160.60000610351562,156.0,156.44000244140625,942769
2026-09-09,AVANTEL,156.49000549316406,161.5,156.49000549316406,158.25,704675
2026-09-01,AVANTIFEED,824.7000122070312,842.9000244140625,815.4000244140625,833.75,278974
2026-09-02,AVANTIFEED,830.0,830.0,800.0,801.2000122070312,400361
2026-09-03,AVANTIFEED,805.9000244140625,810.0,791.9000244140625,795.8499755859375,274215
2026-09-04,AVANTIFEED,797.0999755859375,805.7999877929688,795.5,798.5999755859375,208229
2026-09-07,AVANTIFEED,798.5999755859375,804.25,782.25,786.5499877929688,183898
2026-09-08,AVANTIFEED,786.9500122070312,847.9000244140625,784.75,837.1500244140625,1080144
2026-09-09,AVANTIFEED,842.0,842.0,806.0999755859375,810.25,301057
2026-09-01,AVG,175.25,175.25,171.0,174.6300048828125,13337
2026-09-02,AVG,174.89999389648438,174.89999389648438,170.10000610351562,171.4199981689453,7867
2026-09-03,AVG,171.39999389648438,174.97999572753906,170.1999969482422,171.3000030517578,13721
2026-09-04,AVG,171.3000030517578,173.0,165.0500030517578,166.0399932861328,38132
2026-09-07,AVG,165.10000610351562,167.0399932861328,162.36000061035156,165.0399932861328,13412
2026-09-08,AVG,165.0399932861328,165.89999389648438,164.0,165.57000732421875,4128
2026-09-09,AVG,166.38999938964844,169.0,163.89999389648438,169.0,12734
2026-09-01,AVL,603.3499755859375,606.8499755859375,591.7999877929688,604.0999755859375,86864
2026-09-02,AVL,601.0,607.5999755859375,593.1500244140625,599.8499755859375,315136
2026-09-03,AVL,600.0499877929688,618.3499755859375,597.0999755859375,600.4000244140625,183361
2026-09-04,AVL,604.0,604.0,590.4000244140625,600.0499877929688,226161
2026-09-07,AVL,600.0,604.8499755859375,593.1500244140625,599.25,168049
2026-09-08,AVL,604.0,617.0,589.9500122070312,614.5999755859375,157929
2026-09-09,AVL,618.0,632.7999877929688,608.2000122070312,620.2999877929688,523005
2026-09-01,AVONMORE,14.0,14.0,13.199999809265137,13.34000015258789,185858
2026-09-02,AVONMORE,13.300000190734863,13.300000190734863,12.850000381469728,13.100000381469728,194160
2026-09-03,AVONMORE,12.949999809265137,13.789999961853027,12.850000381469728,13.119999885559082,262918
2026-09-04,AVONMORE,13.739999771118164,13.739999771118164,12.93000030517578,13.020000457763672,310318
2026-09-07,AVONMORE,13.06999969482422,14.220000267028809,13.06999969482422,14.100000381469728,647927
2026-09-08,AVONMORE,14.350000381469728,14.350000381469728,14.0,14.0600004196167,152135
2026-09-09,AVONMORE,14.25,14.25,13.539999961853027,14.09000015258789,164064
2026-09-01,AVROIND,9.289999961853027,9.289999961853027,8.510000228881836,8.640000343322754,223687
2026-09-02,AVROIND,8.6899995803833,9.25,8.569999694824219,9.130000114440918,422890
2026-09-03,AVROIND,9.25,9.600000381469728,8.050000190734863,8.970000267028809,1477571
2026-09-04,AVROIND,8.779999732971191,8.960000038146973,8.600000381469727,8.720000267028809,390578
2026-09-07,AVROIND,8.84000015258789,8.850000381469727,8.300000190734863,8.5,339333
2026-09-08,AVROIND,8.399999618530273,8.880000114440918,8.1899995803833,8.579999923706055,820338
2026-09-09,AVROIND,8.550000190734863,8.550000190734863,8.350000381469727,8.420000076293945,378032
2026-09-01,AVTNPL,94.6999969482422,94.6999969482422,87.0999984741211,88.41000366210938,376944
2026-09-02,AVTNPL,88.4000015258789,88.4000015258789,86.1500015258789,87.16000366210938,99085
2026-09-03,AVTNPL,87.36000061035156,97.0,87.3499984741211,91.63999938964844,1865936
2026-09-04,AVTNPL,93.66000366210938,93.66000366210938,90.4499969482422,91.0199966430664,309025
2026-09-07,AVTNPL,91.5,91.88999938964844,89.61000061035156,90.0999984741211,126113
2026-09-08,AVTNPL,90.95999908447266,91.58000183105467,88.9000015258789,90.3499984741211,162418
2026-09-09,AVTNPL,90.0,92.8499984741211,90.0,91.0,212271
2026-09-01,AWFIS,257.04998779296875,268.29998779296875,255.5500030517578,262.79998779296875,317406
2026-09-02,AWFIS,260.0,261.29998779296875,255.1000061035156,256.3999938964844,135933
2026-09-03,AWFIS,257.0,259.3999938964844,254.8999938964844,256.5,157192
2026-09-04,AWFIS,258.0,262.95001220703125,256.54998779296875,260.79998779296875,118804
2026-09-07,AWFIS,262.0,264.0,254.1499938964844,255.1999969482422,304253
2026-09-08,AWFIS,254.0,255.8500061035156,250.1000061035156,253.0,167070
2026-09-09,AWFIS,253.75,254.3000030517578,251.0500030517578,253.6000061035156,83680
2026-09-01,AWHCL,380.0499877929688,383.3999938964844,375.5,377.3500061035156,64871
2026-09-02,AWHCL,375.0,375.0,370.1000061035156,372.9500122070313,63740
2026-09-03,AWHCL,373.0,376.25,371.0,371.3999938964844,39713
2026-09-04,AWHCL,372.2000122070313,374.8500061035156,367.0499877929688,370.7999877929688,64504
2026-09-07,AWHCL,368.8999938964844,376.0,367.7999877929688,370.5,66405
2026-09-08,AWHCL,370.5,372.4500122070313,361.0,365.75,73249
2026-09-09,AWHCL,362.6499938964844,376.9500122070313,362.5499877929688,376.9500122070313,55258
2026-09-01,AWL,192.009994506836,195.5,192.009994506836,194.3800048828125,3175886
2026-09-02,AWL,194.009994506836,194.0200042724609,189.7100067138672,191.25,2934970
2026-09-03,AWL,192.0,193.19000244140625,190.1000061035156,190.7899932861328,1055619
2026-09-04,AWL,191.1100006103516,191.8999938964844,186.1999969482422,187.2899932861328,2987354
2026-09-07,AWL,187.2899932861328,189.08999633789065,185.2100067138672,188.2700042724609,1401560
2026-09-08,AWL,187.9499969482422,188.3099975585937,186.0,187.5200042724609,819445
2026-09-09,AWL,187.5200042724609,187.77999877929688,185.1000061035156,187.009994506836,934344
2026-09-01,AXISBANK,1274.9000244140625,1275.0999755859375,1255.0,1258.0,5588158
2026-09-02,AXISBANK,1254.5999755859375,1266.9000244140625,1250.0,1253.9000244140625,6437250
2026-09-03,AXISBANK,1265.0,1278.9000244140625,1260.199951171875,1267.0,3309215
2026-09-04,AXISBANK,1270.300048828125,1280.699951171875,1262.0,1273.0,3810611
2026-09-07,AXISBANK,1271.0,1271.9000244140625,1261.5999755859375,1266.0,1592584
2026-09-08,AXISBANK,1262.800048828125,1264.9000244140625,1239.5,1244.9000244140625,3623260
2026-09-09,AXISBANK,1236.0,1257.4000244140625,1234.699951171875,1254.300048828125,5353142
2026-09-01,AXISCADES,1675.0,1682.800048828125,1614.4000244140625,1644.199951171875,158188
2026-09-02,AXISCADES,1657.0,1723.0,1625.300048828125,1689.699951171875,290857
2026-09-03,AXISCADES,1709.9000244140625,1745.0,1679.0,1730.4000244140625,204487
2026-09-04,AXISCADES,1735.199951171875,1765.0,1701.699951171875,1711.5999755859375,168634
2026-09-07,AXISCADES,1711.5999755859375,1785.0,1711.5999755859375,1778.0,192175
2026-09-08,AXISCADES,1778.0,1861.0,1778.0,1848.5999755859373,309618
2026-09-09,AXISCADES,1870.0,1939.0,1850.0,1864.9000244140625,303337
2026-09-01,AXITA,8.050000190734863,8.199999809265137,7.949999809265137,7.960000038146973,944524
2026-09-02,AXITA,8.069999694824219,8.079999923706055,7.96999979019165,7.96999979019165,668683
2026-09-03,AXITA,8.010000228881836,8.529999732971191,8.010000228881836,8.010000228881836,1959553
2026-09-04,AXITA,8.109999656677246,8.140000343322754,8.010000228881836,8.010000228881836,356179
2026-09-07,AXITA,8.050000190734863,8.09000015258789,8.0,8.0,564573
2026-09-08,AXITA,8.029999732971191,8.039999961853027,7.96999979019165,7.989999771118164,573246
2026-09-09,AXITA,8.039999961853027,8.25,8.0,8.0,471862
2026-09-01,AXTEL,392.5,398.5,385.4500122070313,397.6499938964844,3246
2026-09-02,AXTEL,395.0,398.5,392.0,396.75,1840
2026-09-03,AXTEL,397.0,397.0,394.7999877929688,394.7999877929688,2503
2026-09-04,AXTEL,388.6000061035156,396.7000122070313,388.6000061035156,394.5,1470
2026-09-07,AXTEL,390.1499938964844,397.9500122070313,390.1499938964844,391.6499938964844,1357
2026-09-08,AXTEL,390.0,411.8500061035156,388.0,408.8500061035156,2822
2026-09-09,AXTEL,452.0,454.7999877929688,425.0,441.0,20882
2026-09-01,AYE,178.3000030517578,179.1999969482422,171.00999450683594,171.6999969482422,1443202
2026-09-02,AYE,171.0,172.74000549316406,168.27999877929688,171.33999633789062,1770200
2026-09-03,AYE,172.9499969482422,183.5,170.08999633789062,180.6100006103516,1898393
2026-09-04,AYE,182.0500030517578,188.9499969482422,180.83999633789065,184.8099975585937,1223851
2026-09-07,AYE,185.0,192.0,182.9600067138672,184.0599975585937,1370435
2026-09-08,AYE,185.3699951171875,188.8300018310547,183.509994506836,184.77999877929688,556286
2026-09-09,AYE,184.8000030517578,185.77999877929688,178.1999969482422,180.8699951171875,602996
2026-09-01,AYMSYNTEX,275.8500061035156,306.8999938964844,271.25,294.20001220703125,652034
2026-09-02,AYMSYNTEX,294.20001220703125,318.79998779296875,288.0,312.5,601939
2026-09-03,AYMSYNTEX,312.0,325.0,308.54998779296875,317.25,177069
2026-09-04,AYMSYNTEX,317.25,323.45001220703125,305.1000061035156,310.70001220703125,124761
2026-09-07,AYMSYNTEX,314.70001220703125,321.8999938964844,310.04998779296875,315.20001220703125,78696
2026-09-08,AYMSYNTEX,316.8500061035156,330.0,311.3999938964844,320.1000061035156,137241
2026-09-09,AYMSYNTEX,322.0,328.0,304.6000061035156,313.1000061035156,70283
2026-09-01,AZAD,2880.0,2919.0,2815.10009765625,2844.300048828125,440243
2026-09-02,AZAD,2820.10009765625,2853.5,2754.89990234375,2785.800048828125,254104
2026-09-03,AZAD,2800.0,2827.800048828125,2741.199951171875,2766.89990234375,265346
2026-09-04,AZAD,2770.0,2824.300048828125,2753.39990234375,2777.300048828125,224210
2026-09-07,AZAD,2777.300048828125,2898.0,2773.300048828125,2868.0,492492
2026-09-08,AZAD,2885.0,2885.800048828125,2800.0,2822.10009765625,256205
2026-09-09,AZAD,2822.300048828125,2868.0,2762.0,2809.5,215161
2026-09-01,AZADIND,91.98999786376952,91.98999786376952,89.48999786376953,90.37000274658205,35851
2026-09-02,AZADIND,91.98999786376952,91.98999786376952,88.1500015258789,89.08999633789062,19649
2026-09-03,AZADIND,89.55000305175781,91.0,87.20999908447266,90.31999969482422,20933
2026-09-04,AZADIND,90.31999969482422,90.97000122070312,89.0,89.58999633789062,36841
2026-09-07,AZADIND,91.9800033569336,91.9800033569336,89.0,89.87999725341797,66631
2026-09-08,AZADIND,90.25,91.0,89.0,89.86000061035156,43050
2026-09-09,AZADIND,90.0,90.9499969482422,89.0,89.08999633789062,19242
2026-09-01,BAFNAPH,307.0,318.5,301.0,312.6000061035156,28133
2026-09-02,BAFNAPH,308.0,308.0,306.3500061035156,308.0,7525
2026-09-03,BAFNAPH,301.8500061035156,307.5,301.8500061035156,301.8500061035156,4454
2026-09-04,BAFNAPH,295.8500061035156,296.6000061035156,295.8500061035156,295.8500061035156,4794
2026-09-07,BAFNAPH,301.75,301.75,301.0,301.75,3079
2026-09-08,BAFNAPH,307.75,307.75,307.75,307.75,6169
2026-09-09,BAFNAPH,301.6000061035156,301.6000061035156,301.6000061035156,301.6000061035156,3241
2026-09-01,BAGFILMS,4.400000095367432,4.440000057220459,4.320000171661377,4.360000133514404,46601
2026-09-02,BAGFILMS,4.320000171661377,4.46999979019165,4.300000190734863,4.320000171661377,85276
2026-09-03,BAGFILMS,4.369999885559082,4.400000095367432,4.199999809265137,4.320000171661377,82008
2026-09-04,BAGFILMS,4.349999904632568,4.599999904632568,4.289999961853027,4.510000228881836,225253
2026-09-07,BAGFILMS,4.619999885559082,5.059999942779541,4.510000228881836,4.809999942779541,596328
2026-09-08,BAGFILMS,4.809999942779541,4.880000114440918,4.639999866485596,4.699999809265137,121873
2026-09-09,BAGFILMS,4.789999961853027,4.789999961853027,4.519999980926514,4.599999904632568,98529
2026-09-01,BAIDFIN,10.050000190734863,10.3100004196167,9.899999618530272,10.149999618530272,75869
2026-09-02,BAIDFIN,10.149999618530272,10.15999984741211,9.93000030517578,9.989999771118164,18429
2026-09-03,BAIDFIN,9.989999771118164,10.149999618530272,9.949999809265137,10.100000381469728,63798
2026-09-04,BAIDFIN,10.229999542236328,10.229999542236328,9.90999984741211,10.119999885559082,43775
2026-09-07,BAIDFIN,10.020000457763672,11.420000076293944,10.020000457763672,10.890000343322754,194252
2026-09-08,BAIDFIN,11.050000190734863,12.949999809265137,11.020000457763672,12.050000190734863,1091523
2026-09-09,BAIDFIN,12.279999732971191,12.75,12.0,12.119999885559082,228091
2026-09-01,BAJAJ-AUTO,12180.0,12470.0,12090.0,12361.0,495029
2026-09-02,BAJAJ-AUTO,12211.0,12275.0,11925.0,12130.0,333619
2026-09-03,BAJAJ-AUTO,12191.0,12191.0,11920.0,11920.0,304296
2026-09-04,BAJAJ-AUTO,12005.0,12025.0,11873.0,11919.0,154199
2026-09-07,BAJAJ-AUTO,11810.0,11860.0,11727.0,11800.0,106111
2026-09-08,BAJAJ-AUTO,11727.0,11883.0,11716.0,11880.0,192942
2026-09-09,BAJAJ-AUTO,11841.0,11896.0,11763.0,11807.0,77547
2026-09-01,BAJAJCON,481.3500061035156,492.3999938964844,469.3999938964844,471.9500122070313,1247518
2026-09-02,BAJAJCON,472.0,498.0,465.6000061035156,484.5499877929688,2420197
2026-09-03,BAJAJCON,488.0,511.9500122070313,484.75,508.9500122070313,1590658
2026-09-04,BAJAJCON,512.0,519.7999877929688,507.5,517.5499877929688,1279757
2026-09-07,BAJAJCON,515.0999755859375,528.5,506.5499877929688,526.0,1128780
2026-09-08,BAJAJCON,526.0,527.5999755859375,512.0,514.0999755859375,589132
2026-09-09,BAJAJCON,514.0999755859375,523.0,509.0,521.4000244140625,572320
2026-09-01,BAJAJELEC,323.75,330.6000061035156,323.0,325.8500061035156,126133
2026-09-02,BAJAJELEC,322.6000061035156,327.0,320.1000061035156,323.6000061035156,100313
2026-09-03,BAJAJELEC,324.0,336.0,324.0,334.20001220703125,146224
2026-09-04,BAJAJELEC,334.0,337.1499938964844,330.0,331.1499938964844,73439
2026-09-07,BAJAJELEC,335.0,345.0,331.1499938964844,342.1000061035156,243527
2026-09-08,BAJAJELEC,341.04998779296875,341.8500061035156,335.0,339.95001220703125,97393
2026-09-09,BAJAJELEC,336.54998779296875,340.0,335.70001220703125,337.5,65402
2026-09-01,BAJAJFINSV,1998.699951171875,2004.0999755859373,1960.0999755859373,1972.0,788344
2026-09-02,BAJAJFINSV,1951.5,1990.0,1939.199951171875,1990.0,730988
2026-09-03,BAJAJFINSV,1998.0,1998.0,1970.0,1992.0999755859373,440070
2026-09-04,BAJAJFINSV,1985.0,1994.199951171875,1970.0,1970.0,437793
2026-09-07,BAJAJFINSV,1968.0,1973.0,1938.5999755859373,1938.5999755859373,502611
2026-09-08,BAJAJFINSV,1938.5999755859373,1951.9000244140625,1933.0,1938.0999755859373,707710
2026-09-09,BAJAJFINSV,1939.0999755859373,1951.9000244140625,1927.5999755859373,1942.4000244140625,312184
2026-09-01,BAJAJHCARE,333.70001220703125,334.20001220703125,324.1000061035156,329.0,78501
2026-09-02,BAJAJHCARE,330.95001220703125,332.0,325.8500061035156,329.0,43921
2026-09-03,BAJAJHCARE,330.0,339.8999938964844,324.6000061035156,325.20001220703125,159404
2026-09-04,BAJAJHCARE,327.79998779296875,331.8999938964844,319.8500061035156,321.45001220703125,458849
2026-09-07,BAJAJHCARE,323.95001220703125,333.0,320.1000061035156,328.79998779296875,184124
2026-09-08,BAJAJHCARE,328.8500061035156,338.70001220703125,328.8500061035156,336.70001220703125,196328
2026-09-09,BAJAJHCARE,339.20001220703125,339.20001220703125,331.25,334.5,66217
2026-09-01,BAJAJHFL,84.0,84.0999984741211,82.5999984741211,82.8499984741211,3146554
2026-09-02,BAJAJHFL,82.81999969482422,83.05999755859375,81.70999908447266,82.77999877929688,2276868
2026-09-03,BAJAJHFL,82.95999908447266,83.47000122070312,82.5,82.94999694824219,2477489
2026-09-04,BAJAJHFL,83.0,83.55000305175781,82.93000030517578,83.08000183105469,1824719
2026-09-07,BAJAJHFL,82.91000366210938,84.9800033569336,82.5,84.04000091552734,3878435
2026-09-08,BAJAJHFL,83.51000213623047,84.19999694824219,82.58000183105469,84.01000213623047,3509185
2026-09-09,BAJAJHFL,84.0999984741211,84.0999984741211,82.83000183105469,83.16000366210938,1300202
2026-09-01,BAJAJHIND,22.46999931335449,22.540000915527344,21.46999931335449,21.920000076293945,32102812
2026-09-02,BAJAJHIND,21.84000015258789,22.32999992370605,21.56999969482422,21.84000015258789,28951286
2026-09-03,BAJAJHIND,21.90999984741211,22.549999237060547,21.850000381469727,22.07999992370605,37086853
2026-09-04,BAJAJHIND,22.18000030517578,22.18000030517578,21.5,21.86000061035156,21280859
2026-09-07,BAJAJHIND,22.14999961853028,23.13999938964844,22.14999961853028,22.770000457763672,47854998
2026-09-08,BAJAJHIND,22.799999237060547,23.170000076293945,22.39999961853028,22.65999984741211,22885945
2026-09-09,BAJAJHIND,22.670000076293945,22.670000076293945,21.350000381469727,21.520000457763672,21075692
2026-09-01,BAJAJHLDNG,11480.0,11500.0,11282.0,11310.0,44566
2026-09-02,BAJAJHLDNG,11210.0,11247.0,11059.0,11100.0,32382
2026-09-03,BAJAJHLDNG,11070.0,11260.0,11028.0,11165.0,114534
2026-09-04,BAJAJHLDNG,11102.0,11355.0,11100.0,11162.0,37106
2026-09-07,BAJAJHLDNG,11200.0,11200.0,10956.0,10956.0,40066
2026-09-08,BAJAJHLDNG,11094.0,11124.0,10970.0,11046.0,28503
2026-09-09,BAJAJHLDNG,11049.0,11133.0,11001.0,11080.0,11046
2026-09-01,BAJAJINDEF,218.1000061035156,228.0,218.1000061035156,224.509994506836,11276
2026-09-02,BAJAJINDEF,224.47999572753903,226.6000061035156,220.509994506836,221.33999633789065,10094
2026-09-03,BAJAJINDEF,221.33999633789065,226.0,220.0,220.83999633789065,10047
2026-09-04,BAJAJINDEF,221.3000030517578,224.8999938964844,220.52999877929688,222.69000244140625,30501
2026-09-07,BAJAJINDEF,225.0,227.3800048828125,221.7100067138672,222.259994506836,10012
2026-09-08,BAJAJINDEF,225.6000061035156,226.88999938964844,220.0200042724609,220.9499969482422,7155
2026-09-09,BAJAJINDEF,221.3099975585937,222.5800018310547,220.1000061035156,220.1199951171875,5274
2026-09-01,BAJAJST,357.3999938964844,361.75,350.3500061035156,351.54998779296875,5847
2026-09-02,BAJAJST,355.0,355.0,347.0,352.0,5216
2026-09-03,BAJAJST,350.04998779296875,374.9500122070313,350.0,361.5,22260
2026-09-04,BAJAJST,366.7000122070313,366.8500061035156,361.7000122070313,362.9500122070313,4966
2026-09-07,BAJAJST,360.0,368.5,360.0,366.3999938964844,16911
2026-09-08,BAJAJST,365.6000061035156,369.7000122070313,361.75,365.0,3242
2026-09-09,BAJAJST,365.0,377.4500122070313,363.0,365.8999938964844,3162
2026-09-01,BAJEL,193.1100006103516,193.6000061035156,185.0,186.1699981689453,174373
2026-09-02,BAJEL,186.8999938964844,187.94000244140625,183.9900054931641,185.3000030517578,100603
2026-09-03,BAJEL,186.0,187.6699981689453,183.1000061035156,185.69000244140625,149050
2026-09-04,BAJEL,185.69000244140625,188.1199951171875,182.52999877929688,183.82000732421875,94742
2026-09-07,BAJEL,182.5,187.9199981689453,182.4100036621093,187.4499969482422,535172
2026-09-08,BAJEL,187.3000030517578,187.3000030517578,182.1199951171875,183.6199951171875,105180
2026-09-09,BAJEL,184.4900054931641,184.8999938964844,182.0,183.42999267578125,72946
2026-09-01,BAJFINANCE,1065.0,1067.0,1047.0,1053.9000244140625,4813301
2026-09-02,BAJFINANCE,1044.199951171875,1061.0,1034.800048828125,1055.9000244140625,6234288
2026-09-03,BAJFINANCE,1057.0999755859375,1059.699951171875,1043.199951171875,1049.0,6626755
2026-09-04,BAJFINANCE,1050.5999755859375,1063.5999755859375,1049.699951171875,1060.5,5952048
2026-09-07,BAJFINANCE,1064.0,1070.0,1054.300048828125,1060.0,3586860
2026-09-08,BAJFINANCE,1058.800048828125,1059.5999755859375,1050.0,1054.0999755859375,3608327
2026-09-09,BAJFINANCE,1045.0999755859375,1060.0999755859375,1041.0999755859375,1047.0,6750526
2026-09-01,BALAJEE,26.18000030517578,26.700000762939453,26.0,26.059999465942383,20852
2026-09-02,BALAJEE,26.270000457763672,26.440000534057617,25.809999465942383,26.25,16711
2026-09-03,BALAJEE,26.979999542236328,26.979999542236328,26.0,26.14999961853028,28150
2026-09-04,BALAJEE,26.64999961853028,26.64999961853028,26.11000061035156,26.15999984741211,17375
2026-09-07,BALAJEE,26.65999984741211,26.65999984741211,25.64999961853028,25.729999542236328,12936
2026-09-08,BALAJEE,26.489999771118164,26.489999771118164,25.11000061035156,25.459999084472656,31665
2026-09-09,BALAJEE,25.88999938964844,25.89999961853028,25.06999969482422,25.32999992370605,22268
2026-09-01,BALAJITELE,91.75,92.5,90.91999816894533,92.26000213623048,70769
2026-09-02,BALAJITELE,90.91999816894533,92.56999969482422,89.95999908447266,91.08999633789062,133306
2026-09-03,BALAJITELE,91.48999786376952,92.79000091552734,90.3499984741211,91.30999755859376,48642
2026-09-04,BALAJITELE,91.25,95.6999969482422,88.36000061035156,93.16999816894533,1526021
2026-09-07,BALAJITELE,96.0,96.01000213623048,90.0999984741211,91.80999755859376,181918
2026-09-08,BALAJITELE,92.81999969482422,95.0,91.9000015258789,93.41999816894533,310416
2026-09-09,BALAJITELE,93.5999984741211,93.5999984741211,91.9000015258789,92.1999969482422,42414
2026-09-01,BALAMINES,2347.199951171875,2457.5,2295.10009765625,2409.699951171875,262817
2026-09-02,BALAMINES,2415.199951171875,2506.0,2371.5,2390.10009765625,455466
2026-09-03,BALAMINES,2400.0,2432.0,2375.10009765625,2417.800048828125,113802
2026-09-04,BALAMINES,2432.0,2550.0,2432.0,2525.199951171875,608894
2026-09-07,BALAMINES,2575.0,2629.800048828125,2478.800048828125,2566.800048828125,490283
2026-09-08,BALAMINES,2575.0,2581.199951171875,2452.0,2475.39990234375,201673
2026-09-09,BALAMINES,2475.39990234375,2487.10009765625,2350.5,2357.300048828125,210287
2026-09-01,BALAXI,22.350000381469727,23.100000381469727,22.350000381469727,22.770000457763672,22106
2026-09-02,BALAXI,22.450000762939453,25.040000915527344,22.450000762939453,25.01000022888184,302797
2026-09-03,BALAXI,26.989999771118164,26.989999771118164,24.40999984741211,25.799999237060547,222864
2026-09-04,BALAXI,26.600000381469727,26.600000381469727,24.93000030517578,25.3700008392334,50780
2026-09-07,BALAXI,26.0,26.0,23.5,24.239999771118164,69369
2026-09-08,BALAXI,24.239999771118164,24.75,23.200000762939453,23.34000015258789,67891
2026-09-09,BALAXI,24.18000030517578,25.049999237060547,22.700000762939453,23.82999992370605,65694
2026-09-01,BALKRISHNA,17.010000228881836,17.43000030517578,16.40999984741211,16.969999313354492,20202
2026-09-02,BALKRISHNA,17.290000915527344,17.290000915527344,16.5,16.700000762939453,3958
2026-09-03,BALKRISHNA,17.0,17.889999389648438,17.0,17.479999542236328,24679
2026-09-04,BALKRISHNA,17.5,17.5,17.0,17.079999923706055,6016
2026-09-07,BALKRISHNA,17.5,17.5,16.809999465942383,16.899999618530273,28940
2026-09-08,BALKRISHNA,17.399999618530273,17.399999618530273,16.799999237060547,17.030000686645508,27420
2026-09-09,BALKRISHNA,17.059999465942383,17.290000915527344,16.15999984741211,16.6200008392334,20130
2026-09-01,BALKRISIND,2300.89990234375,2352.0,2295.0,2331.800048828125,511138
2026-09-02,BALKRISIND,2310.199951171875,2338.5,2273.0,2329.10009765625,343301
2026-09-03,BALKRISIND,2333.60009765625,2385.0,2305.199951171875,2327.300048828125,435290
2026-09-04,BALKRISIND,2330.0,2346.300048828125,2264.0,2284.60009765625,324489
2026-09-07,BALKRISIND,2273.0,2295.0,2242.60009765625,2287.10009765625,364043
2026-09-08,BALKRISIND,2279.39990234375,2305.5,2237.199951171875,2258.0,360643
2026-09-09,BALKRISIND,2220.0,2248.5,2192.10009765625,2208.5,305810
2026-09-01,BALMLAWRIE,175.49000549316406,177.72000122070312,172.3000030517578,176.1300048828125,241856
2026-09-02,BALMLAWRIE,174.50999450683594,176.94000244140625,173.91000366210938,176.05999755859375,97753
2026-09-03,BALMLAWRIE,176.5,177.41000366210938,176.5,176.92999267578125,78208
2026-09-04,BALMLAWRIE,177.75,178.44000244140625,177.3000030517578,177.97999572753906,106907
2026-09-07,BALMLAWRIE,178.5500030517578,179.10000610351562,176.9199981689453,177.97999572753906,164226
2026-09-08,BALMLAWRIE,177.97999572753906,177.97999572753906,175.7100067138672,176.3800048828125,143222
2026-09-09,BALMLAWRIE,177.0,177.0,175.4199981689453,175.85000610351562,90681
2026-09-01,BALPHARMA,85.0,87.69999694824219,84.22000122070312,85.44999694824219,23149
2026-09-02,BALPHARMA,84.0999984741211,88.87999725341797,84.0999984741211,85.6500015258789,14659
2026-09-03,BALPHARMA,85.5,90.5,85.12999725341797,87.70999908447266,55530
2026-09-04,BALPHARMA,87.69999694824219,89.69000244140625,87.0999984741211,87.7300033569336,8210
2026-09-07,BALPHARMA,87.7300033569336,95.0,86.0,92.69000244140624,156982
2026-09-08,BALPHARMA,93.77999877929688,97.5999984741211,93.0,95.37999725341795,126694
2026-09-09,BALPHARMA,95.0999984741211,114.4499969482422,95.0999984741211,114.4499969482422,779405
2026-09-01,BALRAMCHIN,695.9500122070312,695.9500122070312,658.0,668.8499755859375,5571019
2026-09-02,BALRAMCHIN,667.2000122070312,675.0,638.5999755859375,669.75,4012425
2026-09-03,BALRAMCHIN,670.5,722.0,665.0499877929688,704.3499755859375,8596034
2026-09-04,BALRAMCHIN,697.0,702.0,682.5,690.5999755859375,2232338
2026-09-07,BALRAMCHIN,695.0,722.0,695.0,711.5499877929688,5509645
2026-09-08,BALRAMCHIN,712.0499877929688,742.0,702.7999877929688,711.4500122070312,3169872
2026-09-09,BALRAMCHIN,710.0499877929688,710.0499877929688,689.0,700.75,1032467
2026-09-01,BALUFORGE,630.9000244140625,638.0,613.0,621.9000244140625,1369121
2026-09-02,BALUFORGE,618.0499877929688,628.25,574.0999755859375,578.4000244140625,2344406
2026-09-03,BALUFORGE,588.0,622.0,563.2000122070312,570.3499755859375,3284539
2026-09-04,BALUFORGE,572.5,585.3499755859375,563.5999755859375,574.0999755859375,1304593
2026-09-07,BALUFORGE,576.0,581.3499755859375,540.9000244140625,557.5999755859375,2264071
2026-09-08,BALUFORGE,552.2999877929688,557.7000122070312,540.0999755859375,541.6500244140625,787147
2026-09-09,BALUFORGE,539.7999877929688,554.9000244140625,528.3499755859375,545.5999755859375,857736
2026-09-01,BANARBEADS,114.0999984741211,117.0,113.0500030517578,116.4000015258789,795
2026-09-02,BANARBEADS,113.1999969482422,117.5,113.1999969482422,114.1500015258789,355
2026-09-03,BANARBEADS,113.0999984741211,116.5,112.0500030517578,114.8499984741211,1785
2026-09-04,BANARBEADS,114.01000213623048,115.88999938964844,113.5199966430664,113.9000015258789,1302
2026-09-07,BANARBEADS,115.0,115.0,109.58999633789062,111.12999725341795,2888
2026-09-08,BANARBEADS,112.0,113.9499969482422,109.0500030517578,109.98999786376952,539
2026-09-09,BANARBEADS,110.4800033569336,112.8000030517578,110.0,112.62999725341795,293
2026-09-01,BANARISUG,3897.0,3934.699951171875,3745.0,3766.199951171875,1473
2026-09-02,BANARISUG,3769.10009765625,3897.89990234375,3768.0,3864.800048828125,2140
2026-09-03,BANARISUG,3884.800048828125,3969.0,3850.0,3874.699951171875,1510
2026-09-04,BANARISUG,3878.199951171875,3883.0,3774.0,3803.300048828125,857
2026-09-07,BANARISUG,3825.199951171875,3924.300048828125,3785.10009765625,3832.300048828125,2346
2026-09-08,BANARISUG,3824.60009765625,3824.60009765625,3720.10009765625,3743.60009765625,1142
2026-09-09,BANARISUG,3748.0,3749.89990234375,3646.0,3650.199951171875,881
2026-09-01,BANCOINDIA,624.9500122070312,629.9500122070312,616.0,620.1500244140625,84843
2026-09-02,BANCOINDIA,620.0999755859375,621.0,610.1500244140625,613.5999755859375,81619
2026-09-03,BANCOINDIA,621.0,622.0,613.5999755859375,616.9000244140625,66260
2026-09-04,BANCOINDIA,618.4000244140625,629.0999755859375,616.5,623.5,77773
2026-09-07,BANCOINDIA,623.0999755859375,631.0,620.0999755859375,626.9500122070312,82486
2026-09-08,BANCOINDIA,625.0,631.7000122070312,622.6500244140625,628.2999877929688,76891
2026-09-09,BANCOINDIA,628.0,649.0,624.25,637.0499877929688,192628
2026-09-01,BANDHANBNK,163.60000610351562,164.64999389648438,161.64999389648438,162.89999389648438,5214696
2026-09-02,BANDHANBNK,161.0,162.32000732421875,159.24000549316406,161.52000427246094,6396488
2026-09-03,BANDHANBNK,163.49000549316406,168.17999267578125,162.66000366210938,164.22999572753906,6048725
2026-09-04,BANDHANBNK,165.11000061035156,166.74000549316406,164.5,164.9499969482422,2928918
2026-09-07,BANDHANBNK,164.9499969482422,166.4199981689453,161.6699981689453,164.6999969482422,5204215
2026-09-08,BANDHANBNK,165.9499969482422,172.39999389648438,163.3000030517578,171.5800018310547,20828794
2026-09-09,BANDHANBNK,170.60000610351562,174.9600067138672,168.64999389648438,172.05999755859375,8666970
2026-09-01,BANG,34.7599983215332,35.79999923706055,34.0099983215332,34.27000045776367,178597
2026-09-02,BANG,34.70000076293945,34.70000076293945,33.11000061035156,33.4900016784668,28337
2026-09-03,BANG,34.34000015258789,34.84000015258789,33.400001525878906,34.16999816894531,52743
2026-09-04,BANG,34.15999984741211,34.970001220703125,33.29999923706055,34.790000915527344,78335
2026-09-07,BANG,35.400001525878906,35.400001525878906,34.0,34.61000061035156,18690
2026-09-08,BANG,34.11000061035156,34.650001525878906,33.45000076293945,33.52000045776367,11655
2026-09-09,BANG,34.25,34.25,33.04999923706055,33.79999923706055,23676
2026-09-01,BANKA,77.0999984741211,80.0,77.0999984741211,78.75,1216
2026-09-02,BANKA,79.75,79.75,77.19999694824219,77.19999694824219,1069
2026-09-03,BANKA,81.0,81.0,74.11000061035156,75.2699966430664,3118
2026-09-04,BANKA,79.0,79.0,77.25,79.0,5253
2026-09-07,BANKA,80.98999786376953,82.01000213623047,78.30000305175781,82.0,9023
2026-09-08,BANKA,82.0,83.5,78.5199966430664,79.0999984741211,2035
2026-09-09,BANKA,76.20999908447266,82.38999938964844,75.1500015258789,77.88999938964844,11662
2026-09-01,BANKBARODA,238.0,240.1999969482422,236.67999267578125,237.6999969482422,13131444
2026-09-02,BANKBARODA,237.5,241.25,235.83999633789065,241.1999969482422,9638977
2026-09-03,BANKBARODA,241.57000732421875,244.1600036621093,240.1600036621093,240.44000244140625,4789865
2026-09-04,BANKBARODA,242.3699951171875,242.3699951171875,239.0,239.0,7816984
2026-09-07,BANKBARODA,240.0,240.8999938964844,235.1999969482422,237.0,6824391
2026-09-08,BANKBARODA,236.8000030517578,237.6999969482422,234.5399932861328,236.6000061035156,7992697
2026-09-09,BANKBARODA,236.6499938964844,237.1499938964844,234.6000061035156,235.47999572753903,11076174
2026-09-01,BANKINDIA,142.2899932861328,143.64999389648438,141.39999389648438,142.35000610351562,3406860
2026-09-02,BANKINDIA,141.5,143.36000061035156,140.22999572753906,143.10000610351562,5132803
2026-09-03,BANKINDIA,143.89999389648438,146.14999389648438,142.5,145.0,8139407
2026-09-04,BANKINDIA,144.8000030517578,145.8000030517578,144.11000061035156,145.0,2902558
2026-09-07,BANKINDIA,145.0,145.5,141.44000244140625,142.02000427246094,3604727
2026-09-08,BANKINDIA,142.0399932861328,142.38999938964844,139.72999572753906,140.86000061035156,4588957
2026-09-09,BANKINDIA,140.3800048828125,142.4499969482422,139.8000030517578,141.55999755859375,4440073
2026-09-01,BANSALWIRE,315.1499938964844,321.70001220703125,315.1499938964844,319.75,43459
2026-09-02,BANSALWIRE,316.1000061035156,321.6000061035156,316.1000061035156,319.75,39275
2026-09-03,BANSALWIRE,322.8999938964844,322.8999938964844,316.79998779296875,319.0,61033
2026-09-04,BANSALWIRE,319.0,322.75,313.25,315.0,63070
2026-09-07,BANSALWIRE,315.0,321.6499938964844,315.0,317.3999938964844,51358
2026-09-08,BANSALWIRE,320.0,321.0,312.45001220703125,314.8999938964844,77638
2026-09-09,BANSALWIRE,312.0,318.6499938964844,304.1499938964844,309.04998779296875,184193
2026-09-01,BANSWRAS,117.5,117.98999786376952,113.76000213623048,115.54000091552734,39803
2026-09-02,BANSWRAS,115.8000030517578,119.6999969482422,114.6500015258789,118.98999786376952,41871
2026-09-03,BANSWRAS,119.63999938964844,122.5,116.6500015258789,117.77999877929688,31789
2026-09-04,BANSWRAS,119.37999725341795,120.0,116.26000213623048,117.0500030517578,31201
2026-09-07,BANSWRAS,117.0500030517578,117.0500030517578,114.5199966430664,115.31999969482422,29695
2026-09-08,BANSWRAS,115.9499969482422,116.0,113.0999984741211,115.0,23714
2026-09-09,BANSWRAS,115.83000183105467,116.88999938964844,112.54000091552734,113.9000015258789,16808
2026-09-01,BASF,3811.300048828125,3811.300048828125,3740.0,3760.800048828125,13391
2026-09-02,BASF,3742.0,3845.89990234375,3728.0,3811.0,15322
2026-09-03,BASF,3829.89990234375,3897.89990234375,3810.199951171875,3832.39990234375,12087
2026-09-04,BASF,3835.0,3907.0,3829.39990234375,3864.89990234375,30319
2026-09-07,BASF,3875.0,3879.800048828125,3780.0,3788.0,20383
2026-09-08,BASF,3785.199951171875,3811.39990234375,3744.199951171875,3788.800048828125,25345
2026-09-09,BASF,3760.0,3820.0,3760.0,3795.10009765625,10150
2026-09-01,BASML,25.71999931335449,25.88999938964844,25.3799991607666,25.56999969482422,19383
2026-09-02,BASML,25.059999465942383,25.729999542236328,24.75,25.0,64332
2026-09-03,BASML,24.770000457763672,25.39999961853028,24.770000457763672,25.020000457763672,24384
2026-09-04,BASML,24.90999984741211,25.450000762939453,24.90999984741211,25.40999984741211,39871
2026-09-07,BASML,25.01000022888184,25.39999961853028,24.5,24.82999992370605,53236
2026-09-08,BASML,24.75,25.0,24.01000022888184,24.459999084472656,80278
2026-09-09,BASML,24.89999961853028,24.89999961853028,23.920000076293945,24.59000015258789,38904
2026-09-01,BATAINDIA,682.4000244140625,689.25,675.0,677.3499755859375,149599
2026-09-02,BATAINDIA,677.5,677.9500122070312,666.8499755859375,670.4500122070312,87033
2026-09-03,BATAINDIA,671.4500122070312,680.25,671.0999755859375,677.4000244140625,88601
2026-09-04,BATAINDIA,677.4500122070312,682.0,671.0,672.75,89939
2026-09-07,BATAINDIA,672.75,675.0,667.5,669.4500122070312,68230
2026-09-08,BATAINDIA,669.0,670.4000244140625,659.9000244140625,663.8499755859375,107016
2026-09-09,BATAINDIA,664.0,666.9500122070312,656.4000244140625,661.6500244140625,94626
2026-09-01,BATLIBOI,84.69999694824219,86.95999908447266,84.69999694824219,85.0999984741211,25746
2026-09-02,BATLIBOI,85.0999984741211,94.97000122070312,85.0999984741211,93.56999969482422,122105
2026-09-03,BATLIBOI,93.98999786376952,93.98999786376952,87.0,88.38999938964844,65800
2026-09-04,BATLIBOI,89.9000015258789,91.94000244140624,88.87999725341797,90.80999755859376,25336
2026-09-07,BATLIBOI,92.27999877929688,92.27999877929688,88.0,88.83000183105469,71900
2026-09-08,BATLIBOI,89.58999633789062,89.5999984741211,86.41999816894531,87.62999725341797,41906
2026-09-09,BATLIBOI,86.8499984741211,89.66000366210938,86.26000213623047,87.16000366210938,33525
2026-09-01,BAYERCROP,3970.89990234375,4003.699951171875,3951.0,3987.60009765625,14746
2026-09-02,BAYERCROP,3987.60009765625,3994.89990234375,3935.0,3979.5,16833
2026-09-03,BAYERCROP,3998.89990234375,4009.0,3936.0,3960.800048828125,19211
2026-09-04,BAYERCROP,3960.800048828125,3998.89990234375,3960.800048828125,3989.89990234375,9989
2026-09-07,BAYERCROP,4009.800048828125,4010.800048828125,3966.0,3987.39990234375,7323
2026-09-08,BAYERCROP,3980.0,3997.800048828125,3972.5,3984.89990234375,8993
2026-09-09,BAYERCROP,3990.0,3999.800048828125,3945.0,3950.10009765625,7037
2026-09-01,BBL,2376.5,2376.5,2305.60009765625,2319.199951171875,11521
2026-09-02,BBL,2322.800048828125,2328.5,2278.60009765625,2288.199951171875,18647
2026-09-03,BBL,2311.0,2329.60009765625,2289.199951171875,2298.300048828125,22074
2026-09-04,BBL,2309.699951171875,2315.89990234375,2280.0,2289.300048828125,26842
2026-09-07,BBL,2265.60009765625,2300.0,2233.10009765625,2239.10009765625,26756
2026-09-08,BBL,2250.199951171875,2291.699951171875,2219.89990234375,2240.10009765625,33928
2026-09-09,BBL,2221.0,2281.89990234375,2221.0,2252.0,12690
2026-09-01,BBOX,742.4500122070312,742.4500122070312,711.25,719.9500122070312,445043
2026-09-02,BBOX,722.0,728.0,709.1500244140625,725.2000122070312,207783
2026-09-03,BBOX,732.8499755859375,737.4000244140625,718.5499877929688,720.9000244140625,236720
2026-09-04,BBOX,722.0,731.2000122070312,710.0,712.25,198315
2026-09-07,BBOX,721.8499755859375,780.5,711.0,774.25,1254584
2026-09-08,BBOX,780.0,781.1500244140625,756.25,770.9000244140625,344888
2026-09-09,BBOX,769.6500244140625,777.5,755.0,768.4500122070312,193102
2026-09-01,BBTC,1512.0999755859375,1545.800048828125,1496.0,1539.0,197902
2026-09-02,BBTC,1524.0999755859375,1538.300048828125,1490.199951171875,1492.699951171875,76820
2026-09-03,BBTC,1504.5,1515.0999755859375,1495.0,1501.5999755859375,54804
2026-09-04,BBTC,1513.9000244140625,1513.9000244140625,1495.0999755859375,1496.800048828125,43404
2026-09-07,BBTC,1517.5999755859375,1524.5,1468.0999755859375,1471.9000244140625,58433
2026-09-08,BBTC,1476.199951171875,1490.0,1469.0,1477.5,36956
2026-09-09,BBTC,1480.0,1485.0999755859375,1446.0,1448.5,33271
2026-09-01,BBTCL,225.0,225.0,218.8500061035156,220.6199951171875,7436
2026-09-02,BBTCL,222.1499938964844,229.69000244140625,217.77999877929688,223.4499969482422,9290
2026-09-03,BBTCL,224.3300018310547,234.5,224.3300018310547,233.7700042724609,6752
2026-09-04,BBTCL,236.0,236.0,227.0,230.22000122070312,3429
2026-09-07,BBTCL,232.5200042724609,235.25,230.3000030517578,231.6000061035156,3577
2026-09-08,BBTCL,229.5500030517578,235.0,225.5500030517578,229.88999938964844,4569
2026-09-09,BBTCL,235.0,235.0,225.25,231.5500030517578,5783
2026-09-01,BCG,9.09000015258789,9.109999656677246,8.979999542236328,9.0,2958794
2026-09-02,BCG,9.010000228881836,9.020000457763672,8.899999618530273,8.920000076293945,3198107
2026-09-03,BCG,8.979999542236328,9.09000015258789,8.9399995803833,9.0,2582976
2026-09-04,BCG,9.029999732971191,9.0600004196167,8.90999984741211,8.979999542236328,2648978
2026-09-07,BCG,9.050000190734863,9.789999961853027,9.050000190734863,9.619999885559082,18043444
2026-09-08,BCG,9.699999809265137,11.18000030517578,9.670000076293944,10.56999969482422,67429127
2026-09-09,BCG,10.75,10.93000030517578,10.130000114440918,10.220000267028809,13900972
2026-09-01,BCLIND,36.58000183105469,37.04999923706055,36.0,36.18999862670898,532349
2026-09-02,BCLIND,36.38999938964844,36.720001220703125,35.970001220703125,36.06999969482422,473912
2026-09-03,BCLIND,36.27000045776367,36.68999862670898,36.06999969482422,36.220001220703125,304892
2026-09-04,BCLIND,36.369998931884766,37.95000076293945,36.040000915527344,36.619998931884766,526260
2026-09-07,BCLIND,36.77999877929688,36.9900016784668,36.220001220703125,36.47999954223633,419893
2026-09-08,BCLIND,36.47999954223633,36.880001068115234,35.77000045776367,36.0,353778
2026-09-09,BCLIND,35.90999984741211,35.9900016784668,34.900001525878906,35.5,462527
2026-09-01,BCONCEPTS,165.0800018310547,167.77000427246094,160.25,162.75,10683
2026-09-02,BCONCEPTS,158.57000732421875,168.8000030517578,158.57000732421875,165.27000427246094,7512
2026-09-03,BCONCEPTS,165.0,168.0,160.5,165.42999267578125,13611
2026-09-04,BCONCEPTS,166.0,176.42999267578125,165.0,167.3300018310547,11790
2026-09-07,BCONCEPTS,170.8000030517578,176.0,167.3699951171875,173.97999572753906,8363
2026-09-08,BCONCEPTS,173.5500030517578,173.75999450683594,164.8300018310547,166.3300018310547,10320
2026-09-09,BCONCEPTS,167.0,167.0,157.5,163.17999267578125,15602
2026-09-01,BCPL,68.27999877929688,69.7699966430664,67.30000305175781,68.58000183105469,7059
2026-09-02,BCPL,68.58000183105469,68.98999786376953,67.1500015258789,67.8499984741211,4322
2026-09-03,BCPL,68.0,68.0,67.33999633789062,67.7699966430664,5527
2026-09-04,BCPL,67.7699966430664,72.0,67.25,68.44999694824219,15587
2026-09-07,BCPL,69.5,69.94999694824219,67.55000305175781,68.38999938964844,8075
2026-09-08,BCPL,70.55999755859375,74.0,68.05999755859375,71.04000091552734,72707
2026-09-09,BCPL,71.98999786376953,73.0,68.75,71.80000305175781,7970
2026-09-01,BDL,1272.0,1273.800048828125,1245.199951171875,1250.0,1100052
2026-09-02,BDL,1242.0999755859375,1258.0,1231.0,1253.699951171875,578257
2026-09-03,BDL,1253.699951171875,1271.9000244140625,1250.0,1257.699951171875,600045
2026-09-04,BDL,1253.0,1293.0,1253.0,1255.0,1391949
2026-09-07,BDL,1258.0,1267.0,1240.0,1241.699951171875,807385
2026-09-08,BDL,1250.0999755859375,1262.0,1234.300048828125,1242.5,1571035
2026-09-09,BDL,1241.0,1248.0,1209.5,1227.5,1061491
2026-09-01,BEARDSELL,25.36000061035156,26.440000534057617,25.209999084472656,25.790000915527344,4436
2026-09-02,BEARDSELL,25.700000762939453,26.39999961853028,24.75,24.940000534057617,22548
2026-09-03,BEARDSELL,25.39999961853028,26.3799991607666,24.89999961853028,25.40999984741211,11874
2026-09-04,BEARDSELL,25.290000915527344,26.31999969482422,24.6200008392334,25.309999465942383,7642
2026-09-07,BEARDSELL,26.25,26.25,24.799999237060547,24.989999771118164,12167
2026-09-08,BEARDSELL,25.200000762939453,25.25,24.059999465942383,24.770000457763672,44012
2026-09-09,BEARDSELL,24.770000457763672,25.479999542236328,24.450000762939453,24.950000762939453,10504
2026-09-01,BECTORFOOD,227.009994506836,234.0599975585937,223.22000122070312,227.75,2607751
2026-09-02,BECTORFOOD,228.0,229.8000030517578,222.13999938964844,228.3099975585937,963048
2026-09-03,BECTORFOOD,231.44000244140625,231.7899932861328,223.19000244140625,229.4100036621093,1222039
2026-09-04,BECTORFOOD,230.009994506836,231.6999969482422,225.1600036621093,225.9600067138672,493507
2026-09-07,BECTORFOOD,225.1000061035156,234.9900054931641,223.3800048828125,230.6499938964844,1048506
2026-09-08,BECTORFOOD,230.69000244140625,232.6499938964844,227.92999267578125,230.3500061035156,650172
2026-09-09,BECTORFOOD,230.1000061035156,234.9900054931641,225.6100006103516,234.8300018310547,620340
2026-09-01,BEDMUTHA,105.70999908447266,107.83000183105467,105.01000213623048,106.61000061035156,4441
2026-09-02,BEDMUTHA,107.5,108.0,105.38999938964844,107.95999908447266,3679
2026-09-03,BEDMUTHA,106.4000015258789,113.0,104.0999984741211,112.2300033569336,11259
2026-09-04,BEDMUTHA,108.5,115.0,108.5,112.37000274658205,7077
2026-09-07,BEDMUTHA,115.79000091552734,115.79000091552734,107.4000015258789,107.76000213623048,1518
2026-09-08,BEDMUTHA,108.0,111.98999786376952,107.79000091552734,108.0,2251
2026-09-09,BEDMUTHA,108.01000213623048,110.0,106.33000183105467,108.4000015258789,1173
2026-09-01,BEEKAY,403.1000061035156,403.1000061035156,392.25,396.8500061035156,824
2026-09-02,BEEKAY,390.2000122070313,413.9500122070313,390.2000122070313,404.2999877929688,3760
2026-09-03,BEEKAY,404.0,420.0,404.0,419.5499877929688,2983
2026-09-04,BEEKAY,419.5499877929688,421.0,406.8500061035156,417.3999938964844,4726
2026-09-07,BEEKAY,405.1000061035156,430.0,405.1000061035156,428.2999877929688,2437
2026-09-08,BEEKAY,429.9500122070313,435.6499938964844,420.25,427.6000061035156,3407
2026-09-09,BEEKAY,426.8999938964844,429.0,420.2999877929688,426.75,1018
2026-09-01,BEL,414.4500122070313,414.4500122070313,409.3500061035156,411.2000122070313,5628444
2026-09-02,BEL,407.5,408.0,402.8999938964844,405.75,11919117
2026-09-03,BEL,406.0499877929688,410.2999877929688,405.1499938964844,408.6000061035156,7803527
2026-09-04,BEL,409.25,413.1000061035156,405.3500061035156,405.3500061035156,8354982
2026-09-07,BEL,406.3500061035156,409.25,404.0,404.0,5965784
2026-09-08,BEL,408.0,416.0,406.5,410.5499877929688,23225496
2026-09-09,BEL,411.5499877929688,413.8500061035156,406.6000061035156,408.6000061035156,8019958
2026-09-01,BELLACASA,237.5500030517578,260.0,234.009994506836,248.5800018310547,13499
2026-09-02,BELLACASA,248.1499938964844,253.0,240.0,242.8999938964844,8193
2026-09-03,BELLACASA,247.8600006103516,247.8600006103516,236.0,239.509994506836,31365
2026-09-04,BELLACASA,241.8999938964844,246.9499969482422,240.0200042724609,242.8500061035156,4050
2026-09-07,BELLACASA,240.009994506836,248.8000030517578,240.009994506836,240.8699951171875,7879
2026-09-08,BELLACASA,243.0,243.0,239.3999938964844,241.17999267578125,4006
2026-09-09,BELLACASA,245.0,245.5800018310547,240.0,243.94000244140625,5851
2026-09-01,BELRISE,233.3000030517578,233.8000030517578,228.6000061035156,230.72999572753903,2926112
2026-09-02,BELRISE,229.1999969482422,235.0,227.7400054931641,234.3099975585937,3569979
2026-09-03,BELRISE,236.8600006103516,239.1999969482422,235.3699951171875,238.1100006103516,3416101
2026-09-04,BELRISE,238.1499938964844,239.25,233.5200042724609,236.8600006103516,1873911
2026-09-07,BELRISE,235.0,238.3999938964844,229.25,230.2899932861328,3431122
2026-09-08,BELRISE,230.4100036621093,230.9499969482422,225.0,227.1699981689453,5392903
2026-09-09,BELRISE,227.5,231.5399932861328,227.5,228.92999267578125,914179
2026-09-01,BEML,1940.0,1979.0,1930.0,1970.199951171875,304165
2026-09-02,BEML,1973.800048828125,2047.800048828125,1955.0999755859373,2032.4000244140625,966324
2026-09-03,BEML,2050.0,2090.0,2031.5999755859373,2079.39990234375,801498
2026-09-04,BEML,2082.0,2127.0,2045.0,2057.800048828125,687676
2026-09-07,BEML,2067.0,2125.0,2060.699951171875,2097.199951171875,487014
2026-09-08,BEML,2120.0,2205.0,2095.10009765625,2105.60009765625,1462432
2026-09-09,BEML,2105.0,2146.0,2069.800048828125,2125.199951171875,363808
2026-09-01,BENARAS,10200.0,10349.0,10141.0,10312.0,74
2026-09-02,BENARAS,10201.0,10300.0,10008.0,10155.0,44
2026-09-03,BENARAS,10200.0,10249.0,10160.0,10200.0,96
2026-09-04,BENARAS,10270.0,10270.0,10200.0,10200.0,107
2026-09-07,BENARAS,10248.0,10399.0,10052.0,10134.0,39
2026-09-08,BENARAS,10120.0,10250.0,10120.0,10250.0,57
2026-09-09,BENARAS,10148.0,10250.0,10070.0,10200.0,107
2026-09-01,BENGALASM,6438.0,6700.0,6422.0,6661.5,1001
2026-09-02,BENGALASM,6630.0,6688.5,6263.0,6474.0,336
2026-09-03,BENGALASM,6470.0,6600.0,6212.0,6375.0,2123
2026-09-04,BENGALASM,6445.0,6499.0,6271.0,6332.5,362
2026-09-07,BENGALASM,6277.0,6490.0,6226.0,6302.0,438
2026-09-08,BENGALASM,6349.5,6350.0,6206.0,6222.0,252
2026-09-09,BENGALASM,6206.5,6300.0,6202.0,6212.0,6293
2026-09-01,BEPL,122.3000030517578,128.8000030517578,122.0999984741211,127.16000366210938,3436941
2026-09-02,BEPL,127.16000366210938,129.1999969482422,125.0,127.29000091552734,1468903
2026-09-03,BEPL,127.5,131.5,127.41999816894533,129.74000549316406,2284069
2026-09-04,BEPL,130.0,131.1999969482422,126.0999984741211,127.5,1190325
2026-09-07,BEPL,126.91000366210938,128.57000732421875,125.01000213623048,126.83999633789062,1042410
2026-09-08,BEPL,125.8000030517578,134.5,125.75,133.83999633789062,5773995
2026-09-09,BEPL,135.14999389648438,136.0,131.8000030517578,133.39999389648438,2056608
2026-09-01,BERGEPAINT,500.8999938964844,501.1000061035156,490.0,490.8500061035156,134383
2026-09-02,BERGEPAINT,488.7999877929688,489.8999938964844,478.75,488.0499877929688,225836
2026-09-03,BERGEPAINT,489.0,497.0,485.3999938964844,491.3999938964844,188441
2026-09-04,BERGEPAINT,494.0,496.7000122070313,484.0,485.2999877929688,277300
2026-09-07,BERGEPAINT,485.3999938964844,488.9500122070313,480.5499877929688,484.5,305409
2026-09-08,BERGEPAINT,484.5,485.6499938964844,476.1499938964844,479.4500122070313,224801
2026-09-09,BERGEPAINT,483.8999938964844,483.8999938964844,473.0499877929688,474.2000122070313,280956
2026-09-01,BESTAGRO,17.15999984741211,17.399999618530273,16.799999237060547,17.110000610351562,351441
2026-09-02,BESTAGRO,18.39999961853028,18.81999969482422,18.0,18.81999969482422,2169874
2026-09-03,BESTAGRO,20.0,20.700000762939453,19.86000061035156,20.34000015258789,4461640
2026-09-04,BESTAGRO,20.989999771118164,21.200000762939453,18.82999992370605,19.290000915527344,2082129
2026-09-07,BESTAGRO,19.459999084472656,20.21999931335449,19.31999969482422,20.06999969482422,1602936
2026-09-08,BESTAGRO,20.39999961853028,20.39999961853028,19.40999984741211,19.600000381469727,802602
2026-09-09,BESTAGRO,19.690000534057617,19.93000030517578,19.15999984741211,19.690000534057617,482476
2026-09-01,BETA,2277.0,2277.0,2180.0,2206.800048828125,12964
2026-09-02,BETA,2208.5,2208.5,2076.0,2137.0,44647
2026-09-03,BETA,2145.0,2285.0,2145.0,2258.89990234375,27003
2026-09-04,BETA,2258.0,2275.699951171875,2190.10009765625,2218.5,13251
2026-09-07,BETA,2204.0,2204.0,2087.89990234375,2123.89990234375,42831
2026-09-08,BETA,2115.0,2173.89990234375,2115.0,2139.800048828125,13277
2026-09-09,BETA,2150.5,2163.89990234375,2105.0,2115.10009765625,6607
2026-09-01,BFINVEST,437.2999877929688,448.0,437.2999877929688,444.3999938964844,16151
2026-09-02,BFINVEST,447.75,454.75,438.0,452.9500122070313,30551
2026-09-03,BFINVEST,456.8999938964844,488.0,452.6499938964844,469.4500122070313,195623
2026-09-04,BFINVEST,475.0,475.0,464.1000061035156,469.3500061035156,33149
2026-09-07,BFINVEST,472.0,472.0,455.5499877929688,458.9500122070313,14548
2026-09-08,BFINVEST,458.0,460.9500122070313,445.25,451.1499938964844,25262
2026-09-09,BFINVEST,448.0,455.5,448.0,451.7999877929688,10392
2026-09-01,BFUTILITIE,502.8999938964844,505.5,498.7999877929688,504.7000122070313,32870
2026-09-02,BFUTILITIE,501.5,504.0,495.3500061035156,500.6499938964844,23073
2026-09-03,BFUTILITIE,500.0499877929688,585.7999877929688,500.0499877929688,544.0,4460017
2026-09-04,BFUTILITIE,543.0499877929688,561.5499877929688,537.0,542.4500122070312,272295
2026-09-07,BFUTILITIE,542.4000244140625,542.4500122070312,525.2999877929688,529.4000244140625,68085
2026-09-08,BFUTILITIE,526.0,537.2000122070312,523.0,526.5499877929688,40778
2026-09-09,BFUTILITIE,527.5999755859375,537.7999877929688,521.5999755859375,523.0499877929688,26591
2026-09-01,BGRENERGY,246.9600067138672,248.0,231.8500061035156,233.1199951171875,91121
2026-09-02,BGRENERGY,234.0,244.7700042724609,230.0200042724609,244.7700042724609,61270
2026-09-03,BGRENERGY,246.5,246.5,232.5399932861328,238.44000244140625,96478
2026-09-04,BGRENERGY,238.44000244140625,247.8000030517578,235.6999969482422,246.259994506836,42914
2026-09-07,BGRENERGY,247.3999938964844,258.54998779296875,238.0,258.489990234375,78117
2026-09-08,BGRENERGY,257.0,265.0,248.3000030517578,257.0599975585937,21204
2026-09-09,BGRENERGY,258.79998779296875,260.0,248.0,248.1300048828125,22588
2026-09-01,BHAGCHEM,280.1000061035156,281.0,267.04998779296875,269.04998779296875,146689
2026-09-02,BHAGCHEM,266.6000061035156,270.45001220703125,265.1000061035156,268.1000061035156,70506
2026-09-03,BHAGCHEM,269.70001220703125,269.70001220703125,264.75,266.29998779296875,38601
2026-09-04,BHAGCHEM,266.6000061035156,269.79998779296875,263.1000061035156,264.6000061035156,34606
2026-09-07,BHAGCHEM,264.6000061035156,267.20001220703125,259.3999938964844,260.75,62090
2026-09-08,BHAGCHEM,259.3999938964844,261.6000061035156,258.3500061035156,259.04998779296875,67906
2026-09-09,BHAGCHEM,258.0,265.0,256.6000061035156,262.0,24867
2026-09-01,BHAGERIA,263.20001220703125,263.20001220703125,263.20001220703125,263.20001220703125,88629
2026-09-02,BHAGERIA,273.0,276.3500061035156,253.0500030517578,276.3500061035156,613964
2026-09-03,BHAGERIA,284.8999938964844,290.1499938964844,277.0,290.1499938964844,390157
2026-09-04,BHAGERIA,288.0,304.6499938964844,286.0,304.6499938964844,218809
2026-09-07,BHAGERIA,319.8500061035156,319.8500061035156,319.8500061035156,319.8500061035156,141581
2026-09-08,BHAGERIA,335.79998779296875,335.79998779296875,321.0,335.79998779296875,263023
2026-09-09,BHAGERIA,339.0,342.0,319.04998779296875,319.04998779296875,166634
2026-09-01,BHAGYANGR,381.2999877929688,388.9500122070313,377.0,380.0,80991
2026-09-02,BHAGYANGR,379.8999938964844,386.0,368.1499938964844,380.3999938964844,140035
2026-09-03,BHAGYANGR,385.2000122070313,385.2000122070313,371.2000122070313,373.4500122070313,83095
2026-09-04,BHAGYANGR,373.0499877929688,381.7999877929688,369.0,370.4500122070313,77510
2026-09-07,BHAGYANGR,370.7999877929688,378.0,363.5499877929688,373.3999938964844,88451
2026-09-08,BHAGYANGR,385.8999938964844,392.0499877929688,380.0,392.0499877929688,194589
2026-09-09,BHAGYANGR,398.9500122070313,411.6499938964844,391.0,411.6499938964844,464706
2026-09-01,BHANDARI,3.009999990463257,3.009999990463257,2.950000047683716,2.9600000381469727,69915
2026-09-02,BHANDARI,2.970000028610229,3.0999999046325684,2.940000057220459,2.9800000190734863,198728
2026-09-03,BHANDARI,2.9800000190734863,3.059999942779541,2.9200000762939453,3.0,171835
2026-09-04,BHANDARI,3.0199999809265137,3.049999952316284,3.0,3.0299999713897705,101595
2026-09-07,BHANDARI,3.0799999237060547,3.0799999237060547,2.950000047683716,2.9800000190734863,145915
2026-09-08,BHANDARI,3.0,3.039999961853028,2.970000028610229,3.009999990463257,113119
2026-09-09,BHANDARI,3.049999952316284,3.049999952316284,2.9200000762939453,3.0299999713897705,156950
2026-09-01,BHARATCOAL,33.849998474121094,34.040000915527344,33.2599983215332,33.34000015258789,3510944
2026-09-02,BHARATCOAL,33.33000183105469,34.83000183105469,33.0,33.91999816894531,12235859
2026-09-03,BHARATCOAL,34.41999816894531,34.43000030517578,33.75,33.79999923706055,3742097
2026-09-04,BHARATCOAL,33.79999923706055,34.04999923706055,33.599998474121094,33.810001373291016,3546055
2026-09-07,BHARATCOAL,33.72999954223633,34.400001525878906,33.650001525878906,33.75,4263312
2026-09-08,BHARATCOAL,33.70000076293945,33.88999938964844,33.5,33.5099983215332,2353977
2026-09-09,BHARATCOAL,34.0,34.5,33.59000015258789,33.95000076293945,4561986
2026-09-01,BHARATFORG,2076.0,2076.10009765625,2040.0,2052.199951171875,976086
2026-09-02,BHARATFORG,2046.0999755859373,2046.0999755859373,2006.300048828125,2031.800048828125,1341071
2026-09-03,BHARATFORG,2025.0,2033.0,1978.300048828125,1981.0,1921003
2026-09-04,BHARATFORG,1997.5999755859373,1997.5999755859373,1951.0,1956.0,1526364
2026-09-07,BHARATFORG,1953.0,1955.9000244140625,1927.300048828125,1955.0,1414192
2026-09-08,BHARATFORG,1954.5,2027.5,1930.5,2003.699951171875,1947343
2026-09-09,BHARATFORG,1995.5,2005.0,1970.5999755859373,1981.5999755859373,387722
2026-09-01,BHARATGEAR,102.87999725341795,102.87999725341795,100.0500030517578,100.3000030517578,11151
2026-09-02,BHARATGEAR,101.3000030517578,102.98999786376952,99.0500030517578,102.08000183105467,8134
2026-09-03,BHARATGEAR,102.58999633789062,106.0,102.08999633789062,104.48999786376952,20885
2026-09-04,BHARATGEAR,104.48999786376952,106.4800033569336,102.0500030517578,102.93000030517578,18094
2026-09-07,BHARATGEAR,103.5,103.5,102.5,102.79000091552734,16153
2026-09-08,BHARATGEAR,103.0500030517578,104.25,102.5,102.77999877929688,10450
2026-09-09,BHARATGEAR,101.5999984741211,103.4499969482422,101.5,102.0199966430664,6424
2026-09-01,BHARATRAS,1252.199951171875,1257.800048828125,1226.0999755859375,1233.0,9653
2026-09-02,BHARATRAS,1239.9000244140625,1247.9000244140625,1190.5,1203.300048828125,25627
2026-09-03,BHARATRAS,1217.0,1218.9000244140625,1179.0,1184.199951171875,33577
2026-09-04,BHARATRAS,1190.0999755859375,1207.0,1165.199951171875,1171.800048828125,25242
2026-09-07,BHARATRAS,1173.9000244140625,1186.9000244140625,1148.0999755859375,1161.0,19157
2026-09-08,BHARATRAS,1166.0999755859375,1176.9000244140625,1152.0,1159.5,8773
2026-09-09,BHARATRAS,1159.800048828125,1175.0,1154.0,1169.5,6170
2026-09-01,BHARATSE,227.9900054931641,227.9900054931641,215.2100067138672,219.25,154435
2026-09-02,BHARATSE,219.25,220.9900054931641,212.02999877929688,214.0,180073
2026-09-03,BHARATSE,213.88999938964844,217.0,212.0200042724609,213.69000244140625,91773
2026-09-04,BHARATSE,213.69000244140625,214.6999969482422,210.5,211.69000244140625,93907
2026-09-07,BHARATSE,211.9900054931641,232.0,209.0,227.6499938964844,737108
2026-09-08,BHARATSE,227.6499938964844,228.7899932861328,221.75,226.8500061035156,230364
2026-09-09,BHARATSE,227.4900054931641,227.83999633789065,222.0,222.27999877929688,43957
2026-09-01,BHARATWIRE,181.1000061035156,183.1000061035156,172.14999389648438,174.17999267578125,385775
2026-09-02,BHARATWIRE,172.39999389648438,180.5,169.6300048828125,175.75999450683594,247468
2026-09-03,BHARATWIRE,175.5,181.9900054931641,175.5,180.4199981689453,114006
2026-09-04,BHARATWIRE,179.50999450683594,182.58999633789065,178.97000122070312,181.32000732421875,141594
2026-09-07,BHARATWIRE,180.4199981689453,182.1600036621093,178.00999450683594,180.0,99052
2026-09-08,BHARATWIRE,179.1999969482422,179.58999633789062,175.0,176.19000244140625,68007
2026-09-09,BHARATWIRE,176.0,177.8800048828125,174.00999450683594,174.22999572753906,61481
2026-09-01,BHARTIARTL,1852.0,1877.199951171875,1848.5,1877.199951171875,9900740
2026-09-02,BHARTIARTL,1869.0,1873.0,1854.9000244140625,1862.800048828125,4125938
2026-09-03,BHARTIARTL,1855.5999755859373,1869.0,1855.5999755859373,1869.0,3700992
2026-09-04,BHARTIARTL,1868.0999755859373,1870.699951171875,1840.0,1840.0,3614328
2026-09-07,BHARTIARTL,1845.0,1855.5,1830.4000244140625,1854.0,5972458
2026-09-08,BHARTIARTL,1846.199951171875,1848.800048828125,1829.0,1844.0,4169706
2026-09-09,BHARTIARTL,1830.5,1834.800048828125,1813.0,1829.5999755859373,4219606
2026-09-01,BHARTIHEXA,1545.0,1545.0,1500.0,1511.699951171875,54396
2026-09-02,BHARTIHEXA,1512.0,1547.300048828125,1498.199951171875,1531.0999755859375,70741
2026-09-03,BHARTIHEXA,1524.0,1534.9000244140625,1501.0,1505.5999755859375,54312
2026-09-04,BHARTIHEXA,1507.0,1520.199951171875,1490.0,1495.4000244140625,37216
2026-09-07,BHARTIHEXA,1502.800048828125,1534.5999755859375,1498.0,1528.699951171875,83814
2026-09-08,BHARTIHEXA,1519.0,1558.0,1519.0,1549.300048828125,66216
2026-09-09,BHARTIHEXA,1549.300048828125,1562.0,1526.0999755859375,1552.5999755859375,58477
2026-09-01,BHEL,437.25,437.25,423.2000122070313,426.5499877929688,7144021
2026-09-02,BHEL,423.5499877929688,427.5,417.3500061035156,427.5,5742323
2026-09-03,BHEL,428.5,432.7000122070313,424.0499877929688,431.7999877929688,5980404
2026-09-04,BHEL,433.0,439.2000122070313,429.2000122070313,431.1000061035156,5925391
2026-09-07,BHEL,432.8999938964844,434.9500122070313,418.5499877929688,421.4500122070313,4092933
2026-09-08,BHEL,422.5,426.7000122070313,419.8500061035156,422.1499938964844,4160694
2026-09-09,BHEL,422.1499938964844,436.0,421.6499938964844,433.3500061035156,6335046
2026-09-01,BI,90.8000030517578,91.5999984741211,86.26000213623047,87.26000213623047,35725
2026-09-02,BI,87.0,91.5,85.0,87.04000091552734,46584
2026-09-03,BI,88.88999938964844,91.38999938964844,87.04000091552734,91.29000091552734,25313
2026-09-04,BI,93.56999969482422,95.8499984741211,91.5199966430664,95.8499984741211,89587
2026-09-07,BI,100.63999938964844,100.63999938964844,100.5999984741211,100.63999938964844,207087
2026-09-08,BI,104.9000015258789,104.9000015258789,95.61000061035156,96.11000061035156,191760
2026-09-09,BI,92.61000061035156,94.0,92.0999984741211,92.98999786376952,20331
2026-09-01,BIGBLOC,41.34999847412109,43.27000045776367,40.79999923706055,41.88999938964844,59739
2026-09-02,BIGBLOC,42.0099983215332,42.0099983215332,40.95000076293945,41.2400016784668,24121
2026-09-03,BIGBLOC,41.09999847412109,42.5,40.5099983215332,41.290000915527344,29104
2026-09-04,BIGBLOC,41.95000076293945,42.400001525878906,40.310001373291016,41.91999816894531,56466
2026-09-07,BIGBLOC,42.34999847412109,42.5,41.310001373291016,41.43000030517578,26885
2026-09-08,BIGBLOC,41.0,42.09999847412109,41.0,41.18999862670898,19372
2026-09-09,BIGBLOC,40.70000076293945,41.43000030517578,40.45000076293945,40.83000183105469,24854
2026-09-01,BIKAJI,610.2999877929688,619.5,592.0,598.2999877929688,626123
2026-09-02,BIKAJI,597.0,598.2999877929688,586.9000244140625,590.2000122070312,356630
2026-09-03,BIKAJI,595.0,595.3499755859375,584.2000122070312,587.1500244140625,218603
2026-09-04,BIKAJI,587.1500244140625,589.8499755859375,582.0,584.2000122070312,52134
2026-09-07,BIKAJI,585.0999755859375,587.0,577.0999755859375,580.25,73330
2026-09-08,BIKAJI,579.0,590.2000122070312,577.4000244140625,583.7000122070312,95487
2026-09-09,BIKAJI,580.0,584.0499877929688,573.0,573.5999755859375,41250
2026-09-01,BIL,865.0,949.0,858.0999755859375,885.4500122070312,64376
2026-09-02,BIL,938.0,938.0,885.4500122070312,893.2000122070312,18069
2026-09-03,BIL,862.7999877929688,930.0,862.7999877929688,915.8499755859376,21553
2026-09-04,BIL,924.0,924.0,899.9500122070312,907.8499755859376,8736
2026-09-07,BIL,930.0,955.0,907.0499877929688,931.1500244140624,20199
2026-09-08,BIL,947.0,947.0,907.0,936.8499755859376,14559
2026-09-09,BIL,938.4000244140624,976.9000244140624,915.0999755859376,976.9000244140624,18113
2026-09-01,BILVYAPAR,4.119999885559082,4.119999885559082,3.9600000381469727,3.990000009536743,5661
2026-09-02,BILVYAPAR,4.099999904632568,4.099999904632568,3.849999904632568,3.900000095367432,2096
2026-09-03,BILVYAPAR,3.920000076293945,4.079999923706055,3.910000085830689,3.9800000190734863,2400
2026-09-04,BILVYAPAR,3.9800000190734863,4.090000152587891,3.910000085830689,4.039999961853027,6223
2026-09-07,BILVYAPAR,4.059999942779541,4.239999771118164,3.920000076293945,4.070000171661377,6685
2026-09-08,BILVYAPAR,4.150000095367432,4.239999771118164,4.019999980926514,4.099999904632568,9760
2026-09-09,BILVYAPAR,4.050000190734863,4.25,4.050000190734863,4.050000190734863,2244
2026-09-01,BIMETAL,640.0,654.9500122070312,620.0,640.0499877929688,326
2026-09-02,BIMETAL,640.0,641.0,633.0,638.9000244140625,329
2026-09-03,BIMETAL,640.9500122070312,641.0,621.0,630.4500122070312,392
2026-09-04,BIMETAL,633.5,635.5,633.5,635.0,107
2026-09-07,BIMETAL,635.0,635.0,575.7999877929688,620.0999755859375,567
2026-09-08,BIMETAL,606.0,628.5,606.0,612.5,91
2026-09-09,BIMETAL,612.6500244140625,627.9500122070312,611.0,615.5,47
2026-09-01,BIOCON,407.1499938964844,407.9500122070313,400.3500061035156,401.0499877929688,2120745
2026-09-02,BIOCON,400.0,402.3999938964844,397.8999938964844,401.0,1433504
2026-09-03,BIOCON,402.5,405.7000122070313,400.6000061035156,402.0,1279896
2026-09-04,BIOCON,404.0,404.8999938964844,396.2000122070313,397.3999938964844,3108555
2026-09-07,BIOCON,396.5,397.3500061035156,388.6499938964844,391.3999938964844,2488189
2026-09-08,BIOCON,392.1499938964844,399.8999938964844,390.8999938964844,392.2999877929688,2791301
2026-09-09,BIOCON,394.0,403.9500122070313,393.0,397.8500061035156,8799047
2026-09-01,BIOFILCHEM,32.900001525878906,33.68000030517578,32.029998779296875,32.150001525878906,8734
2026-09-02,BIOFILCHEM,32.599998474121094,32.79999923706055,31.549999237060547,31.950000762939453,4881
2026-09-03,BIOFILCHEM,32.099998474121094,32.68000030517578,31.709999084472656,31.96999931335449,23209
2026-09-04,BIOFILCHEM,32.79999923706055,32.79999923706055,31.309999465942383,32.0,5543
2026-09-07,BIOFILCHEM,31.36000061035156,32.70000076293945,31.36000061035156,32.040000915527344,6935
2026-09-08,BIOFILCHEM,32.70000076293945,32.70000076293945,31.5,31.520000457763672,12623
2026-09-09,BIOFILCHEM,32.150001525878906,32.150001525878906,31.26000022888184,31.739999771118164,4120
2026-09-01,BIRLACABLE,314.0,325.3500061035156,312.0,325.3500061035156,234441
2026-09-02,BIRLACABLE,334.3999938964844,341.6000061035156,332.04998779296875,341.6000061035156,324909
2026-09-03,BIRLACABLE,347.79998779296875,358.6499938964844,347.20001220703125,358.6499938964844,172631
2026-09-04,BIRLACABLE,376.5499877929688,376.5499877929688,375.5499877929688,376.5499877929688,174752
2026-09-07,BIRLACABLE,395.0,395.0,357.75,357.75,780466
2026-09-08,BIRLACABLE,339.8999938964844,339.8999938964844,339.8999938964844,339.8999938964844,50175
2026-09-09,BIRLACABLE,326.0,356.8500061035156,326.0,356.8500061035156,1323962
2026-09-01,BIRLACORPN,872.7000122070312,891.2000122070312,870.0,879.5499877929688,33058
2026-09-02,BIRLACORPN,870.0,877.5999755859375,862.0,867.4000244140625,43993
2026-09-03,BIRLACORPN,880.0,886.0999755859375,866.5499877929688,880.9000244140625,28649
2026-09-04,BIRLACORPN,880.0,895.0,874.2999877929688,887.3499755859375,48723
2026-09-07,BIRLACORPN,892.0,892.0,859.7999877929688,868.1500244140625,86094
2026-09-08,BIRLACORPN,868.1500244140625,882.0,853.0,854.2999877929688,58996
2026-09-09,BIRLACORPN,861.1500244140625,861.1500244140625,837.5,838.5,57576
2026-09-01,BIRLAMONEY,126.75,129.88999938964844,126.5999984741211,127.0199966430664,26855
2026-09-02,BIRLAMONEY,127.0199966430664,129.0,125.62000274658205,126.47000122070312,11603
2026-09-03,BIRLAMONEY,126.5,129.0,126.48999786376952,127.1500015258789,14480
2026-09-04,BIRLAMONEY,126.7699966430664,129.19000244140625,123.5,126.37000274658205,62184
2026-09-07,BIRLAMONEY,127.8499984741211,127.8499984741211,125.01000213623048,125.95999908447266,20707
2026-09-08,BIRLAMONEY,125.8000030517578,125.93000030517578,124.25,124.8499984741211,23093
2026-09-09,BIRLAMONEY,126.0,126.9800033569336,122.62000274658205,123.20999908447266,30817
2026-09-01,BIRLANU,1444.0,1448.9000244140625,1425.0,1437.699951171875,5038
2026-09-02,BIRLANU,1443.5,1443.5,1403.0999755859375,1422.300048828125,3869
2026-09-03,BIRLANU,1427.0999755859375,1445.5,1420.0,1423.5,7403
2026-09-04,BIRLANU,1440.0,1451.0,1421.9000244140625,1448.0,5921
2026-09-07,BIRLANU,1459.800048828125,1470.0,1433.199951171875,1448.9000244140625,9598
2026-09-08,BIRLANU,1444.0,1457.300048828125,1425.0,1433.199951171875,6962
2026-09-09,BIRLANU,1430.0,1432.800048828125,1407.0,1417.9000244140625,3982
2026-09-01,BIRLAPREC,45.83000183105469,46.4900016784668,43.0099983215332,43.790000915527344,98098
2026-09-02,BIRLAPREC,43.79999923706055,44.88999938964844,43.0,43.11000061035156,52217
2026-09-03,BIRLAPREC,42.77000045776367,51.66999816894531,42.75,51.66999816894531,984427
2026-09-04,BIRLAPREC,53.25,59.790000915527344,52.72999954223633,57.91999816894531,2574084
2026-09-07,BIRLAPREC,59.650001525878906,61.400001525878906,57.7599983215332,58.119998931884766,892405
2026-09-08,BIRLAPREC,58.29999923706055,58.38999938964844,53.09999847412109,54.5,463466
2026-09-09,BIRLAPREC,54.11000061035156,55.4900016784668,51.77999877929688,54.70000076293945,94246
2026-09-01,BLACKBUCK,588.5999755859375,590.7000122070312,575.0499877929688,580.2999877929688,158533
2026-09-02,BLACKBUCK,578.2000122070312,584.7000122070312,570.0999755859375,581.6500244140625,232439
2026-09-03,BLACKBUCK,581.7000122070312,585.7999877929688,572.6500244140625,582.4000244140625,185027
2026-09-04,BLACKBUCK,582.0,588.9500122070312,580.0,586.0999755859375,157466
2026-09-07,BLACKBUCK,587.9500122070312,593.5999755859375,582.0499877929688,583.5999755859375,145511
2026-09-08,BLACKBUCK,583.5999755859375,583.5999755859375,572.0,573.4000244140625,216364
2026-09-09,BLACKBUCK,600.4000244140625,600.5,578.0999755859375,583.6500244140625,983353
2026-09-01,BLACKROSE,116.0,116.27999877929688,112.05999755859376,113.5999984741211,12991
2026-09-02,BLACKROSE,113.5999984741211,114.1999969482422,112.0,112.63999938964844,13715
2026-09-03,BLACKROSE,112.8000030517578,115.0,112.0999984741211,112.43000030517578,10041
2026-09-04,BLACKROSE,113.0,115.0,111.1500015258789,113.0199966430664,16624
2026-09-07,BLACKROSE,114.97000122070312,114.97000122070312,111.5,111.86000061035156,30178
2026-09-08,BLACKROSE,112.97000122070312,112.97000122070312,110.0999984741211,112.2699966430664,19396
2026-09-09,BLACKROSE,112.75,112.75,110.8000030517578,112.0,8409
2026-09-01,BLAL,165.8699951171875,166.49000549316406,164.8000030517578,164.8800048828125,26199
2026-09-02,BLAL,167.0,167.0,162.9199981689453,163.27000427246094,19000
2026-09-03,BLAL,164.97999572753906,165.22999572753906,161.80999755859375,161.92999267578125,32932
2026-09-04,BLAL,162.0,164.9499969482422,160.61000061035156,160.8800048828125,43253
2026-09-07,BLAL,161.02000427246094,163.4499969482422,158.61000061035156,158.97999572753906,25030
2026-09-08,BLAL,160.7899932861328,163.07000732421875,159.49000549316406,161.9199981689453,33224
2026-09-09,BLAL,163.39999389648438,163.4499969482422,160.0,162.47000122070312,7162
2026-09-01,BLBLIMITED,16.1200008392334,16.299999237060547,15.649999618530272,16.149999618530273,130303
2026-09-02,BLBLIMITED,16.25,17.5,15.81999969482422,17.110000610351562,361782
2026-09-03,BLBLIMITED,17.110000610351562,17.399999618530273,16.18000030517578,16.959999084472656,444496
2026-09-04,BLBLIMITED,17.0,17.100000381469727,16.420000076293945,16.68000030517578,117198
2026-09-07,BLBLIMITED,16.899999618530273,17.049999237060547,16.350000381469727,16.8700008392334,83422
2026-09-08,BLBLIMITED,16.899999618530273,16.940000534057617,16.420000076293945,16.8799991607666,119368
2026-09-09,BLBLIMITED,16.899999618530273,17.010000228881836,16.420000076293945,16.5,92267
2026-09-01,BLEL,441.2000122070313,447.0,432.0,436.3999938964844,1089456
2026-09-02,BLEL,434.0,452.7999877929688,431.1000061035156,445.25,1657322
2026-09-03,BLEL,448.7999877929688,465.5,443.2000122070313,454.25,1940745
2026-09-04,BLEL,454.25,458.7999877929688,448.0,453.1499938964844,823610
2026-09-07,BLEL,456.2999877929688,483.0,456.0,478.2999877929688,2567920
2026-09-08,BLEL,477.75,485.0,448.0,451.0499877929688,2671760
2026-09-09,BLEL,452.0,465.7999877929688,451.1499938964844,460.2000122070313,873593
2026-09-01,BLIL,72.30000305175781,72.48999786376953,72.0,72.18000030517578,54581
2026-09-02,BLIL,72.37999725341797,72.37999725341797,71.94000244140625,72.11000061035156,58245
2026-09-03,BLIL,72.11000061035156,72.94999694824219,71.91999816894531,72.47000122070312,91512
2026-09-04,BLIL,72.9800033569336,72.9800033569336,72.36000061035156,72.52999877929688,97501
2026-09-07,BLIL,72.66999816894531,73.4000015258789,72.55000305175781,72.79000091552734,106611
2026-09-08,BLIL,73.06999969482422,73.16999816894531,72.30000305175781,72.43000030517578,74366
2026-09-09,BLIL,72.3499984741211,72.43000030517578,71.5,72.25,100530
2026-09-01,BLISSGVS,614.0,635.0,601.0,630.4000244140625,414923
2026-09-02,BLISSGVS,624.0999755859375,659.0,616.0,648.6500244140625,541997
2026-09-03,BLISSGVS,660.0,665.0,635.0,639.3499755859375,124902
2026-09-04,BLISSGVS,630.0,671.2999877929688,607.4000244140625,671.0,347698
2026-09-07,BLISSGVS,670.0,704.5499877929688,660.5,691.3499755859375,581762
2026-09-08,BLISSGVS,720.0,725.9000244140625,686.0,722.2999877929688,433367
2026-09-09,BLISSGVS,722.2999877929688,725.0,694.0,700.0,272531
2026-09-01,BLKASHYAP,56.0,56.869998931884766,54.79999923706055,55.84000015258789,498024
2026-09-02,BLKASHYAP,55.79999923706055,57.88999938964844,54.79999923706055,55.75,682619
2026-09-03,BLKASHYAP,56.02999877929688,58.25,55.91999816894531,57.59999847412109,526293
2026-09-04,BLKASHYAP,57.59999847412109,62.45000076293945,57.040000915527344,59.34000015258789,2983058
2026-09-07,BLKASHYAP,59.68999862670898,59.7400016784668,55.900001525878906,56.84999847412109,615050
2026-09-08,BLKASHYAP,57.04999923706055,57.290000915527344,55.91999816894531,56.79999923706055,295619
2026-09-09,BLKASHYAP,56.79999923706055,57.52000045776367,55.0,55.59999847412109,307429
2026-09-01,BLS,241.1000061035156,242.2100067138672,236.3300018310547,238.19000244140625,1098843
2026-09-02,BLS,238.08999633789065,238.08999633789065,234.0,235.22000122070312,620128
2026-09-03,BLS,235.5,242.0,234.22999572753903,240.1499938964844,1230544
2026-09-04,BLS,240.1499938964844,241.25,237.0,238.7899932861328,646943
2026-09-07,BLS,239.0,244.07000732421875,238.1999969482422,239.1699981689453,877913
2026-09-08,BLS,238.5,240.1300048828125,236.0500030517578,237.6999969482422,495662
2026-09-09,BLS,237.6000061035156,239.0200042724609,235.1100006103516,237.259994506836,467773
2026-09-01,BLSE,330.95001220703125,331.0,322.54998779296875,327.70001220703125,231381
2026-09-02,BLSE,329.04998779296875,330.3999938964844,322.5,322.8500061035156,151988
2026-09-03,BLSE,325.0,325.6000061035156,319.6499938964844,323.6499938964844,148227
2026-09-04,BLSE,324.04998779296875,326.95001220703125,317.3500061035156,320.04998779296875,143302
2026-09-07,BLSE,318.8999938964844,330.75,317.29998779296875,319.45001220703125,384135
2026-09-08,BLSE,321.95001220703125,324.70001220703125,315.1000061035156,322.04998779296875,434327
2026-09-09,BLSE,322.04998779296875,328.5,320.1499938964844,322.70001220703125,148339
2026-09-01,BLUECLOUDS,20.26000022888184,20.280000686645508,19.89999961853028,19.989999771118164,1271193
2026-09-02,BLUECLOUDS,20.0,20.020000457763672,19.61000061035156,19.88999938964844,1134230
2026-09-03,BLUECLOUDS,20.01000022888184,20.34000015258789,19.690000534057617,19.89999961853028,1111985
2026-09-04,BLUECLOUDS,19.850000381469727,20.14999961853028,19.799999237060547,19.8799991607666,1013239
2026-09-07,BLUECLOUDS,19.920000076293945,20.15999984741211,19.6200008392334,19.690000534057617,826444
2026-09-08,BLUECLOUDS,19.850000381469727,20.100000381469727,19.559999465942383,19.75,1221004
2026-09-09,BLUECLOUDS,19.88999938964844,19.88999938964844,19.56999969482422,19.61000061035156,480703
2026-09-01,BLUECOAST,23.270000457763672,23.270000457763672,22.5,22.56999969482422,760
2026-09-02,BLUECOAST,21.5,22.5,21.5,22.06999969482422,1407
2026-09-03,BLUECOAST,22.01000022888184,23.170000076293945,22.01000022888184,23.15999984741211,1787
2026-09-04,BLUECOAST,22.57999992370605,24.200000762939453,22.01000022888184,23.489999771118164,892
2026-09-07,BLUECOAST,23.489999771118164,23.989999771118164,22.31999969482422,22.440000534057617,760
2026-09-08,BLUECOAST,22.65999984741211,22.65999984741211,21.5,22.100000381469727,2241
2026-09-09,BLUECOAST,22.209999084472656,23.0,22.100000381469727,22.100000381469727,276
2026-09-01,BLUEDART,4920.5,5159.5,4902.5,5105.0,29783
2026-09-02,BLUEDART,5061.0,5133.89990234375,4991.0,5017.5,23531
2026-09-03,BLUEDART,5008.5,5049.60009765625,4981.10009765625,5028.7998046875,4042
2026-09-04,BLUEDART,5034.0,5048.89990234375,4968.10009765625,4991.7001953125,5838
2026-09-07,BLUEDART,4991.7001953125,4996.60009765625,4953.0,4988.7998046875,4441
2026-09-08,BLUEDART,4988.7998046875,4996.0,4921.0,4987.2001953125,6858
2026-09-09,BLUEDART,4962.2998046875,4975.60009765625,4922.0,4937.0,3620
2026-09-01,BLUEJET,580.5,599.9000244140625,571.4000244140625,586.3499755859375,691675
2026-09-02,BLUEJET,586.2999877929688,586.2999877929688,576.5,580.3499755859375,275975
2026-09-03,BLUEJET,583.2000122070312,586.25,577.0,579.0,186895
2026-09-04,BLUEJET,582.0499877929688,584.0,565.5,569.7999877929688,442380
2026-09-07,BLUEJET,570.7999877929688,572.9000244140625,561.0,569.0499877929688,454178
2026-09-08,BLUEJET,570.7000122070312,584.7999877929688,565.0499877929688,581.5,529236
2026-09-09,BLUEJET,580.0999755859375,584.0,574.3499755859375,580.0,153359
2026-09-01,BLUESTARCO,1471.0,1499.0,1457.0,1490.9000244140625,259707
2026-09-02,BLUESTARCO,1491.0,1491.0,1432.5,1445.300048828125,657972
2026-09-03,BLUESTARCO,1458.800048828125,1508.9000244140625,1455.300048828125,1485.699951171875,480553
2026-09-04,BLUESTARCO,1485.699951171875,1514.699951171875,1475.0,1484.0,419549
2026-09-07,BLUESTARCO,1477.300048828125,1503.300048828125,1476.4000244140625,1496.0,503935
2026-09-08,BLUESTARCO,1490.0,1492.699951171875,1442.0999755859375,1460.9000244140625,1169742
2026-09-09,BLUESTARCO,1462.0,1470.5,1432.300048828125,1461.800048828125,539401
2026-09-01,BLUESTONE,816.0999755859375,816.0999755859375,786.75,813.25,570871
2026-09-02,BLUESTONE,810.0,819.0,794.5499877929688,813.4000244140625,351724
2026-09-03,BLUESTONE,813.4000244140625,827.9000244140625,798.0499877929688,804.9000244140625,349670
2026-09-04,BLUESTONE,802.0,848.0,800.0499877929688,842.75,1065449
2026-09-07,BLUESTONE,845.0,883.2999877929688,843.0499877929688,870.0,1212945
2026-09-08,BLUESTONE,872.0,884.7999877929688,850.0999755859375,868.7000122070312,627130
2026-09-09,BLUESTONE,868.7000122070312,881.25,831.0999755859375,874.0499877929688,798518
2026-09-01,BLUSPRING,127.3499984741211,128.92999267578125,120.5199966430664,121.47000122070312,297341
2026-09-02,BLUSPRING,121.87999725341795,133.61000061035156,120.70999908447266,132.44000244140625,1043522
2026-09-03,BLUSPRING,135.89999389648438,136.63999938964844,129.1999969482422,134.25,673766
2026-09-04,BLUSPRING,135.39999389648438,139.8000030517578,132.0,138.9600067138672,605059
2026-09-07,BLUSPRING,138.86000061035156,138.9600067138672,135.0500030517578,137.19000244140625,216374
2026-09-08,BLUSPRING,138.27999877929688,138.32000732421875,123.4800033569336,123.61000061035156,705528
2026-09-09,BLUSPRING,123.0,134.89999389648438,120.75,130.8300018310547,586193
2026-09-01,BMWVENTLTD,56.52999877929688,57.70000076293945,55.0,55.27999877929688,65868
2026-09-02,BMWVENTLTD,56.2400016784668,56.2400016784668,55.0,55.22999954223633,51206
2026-09-03,BMWVENTLTD,56.22999954223633,56.22999954223633,55.0099983215332,55.130001068115234,26435
2026-09-04,BMWVENTLTD,56.220001220703125,56.220001220703125,55.09999847412109,55.36000061035156,40922
2026-09-07,BMWVENTLTD,54.70000076293945,55.70000076293945,54.70000076293945,55.209999084472656,61090
2026-09-08,BMWVENTLTD,55.97999954223633,55.97999954223633,54.5,54.79999923706055,51841
2026-09-09,BMWVENTLTD,54.9900016784668,54.9900016784668,54.0,54.25,51245
2026-09-01,BNAGROCHEM,228.7700042724609,232.0,225.1000061035156,229.0,24252
2026-09-02,BNAGROCHEM,225.0500030517578,228.88999938964844,218.0,225.0,1745
2026-09-03,BNAGROCHEM,225.0,230.0,217.509994506836,226.72999572753903,15402
2026-09-04,BNAGROCHEM,226.27999877929688,227.69000244140625,215.3999938964844,216.72999572753903,1260
2026-09-07,BNAGROCHEM,224.0,224.0,208.0,213.4600067138672,3763
2026-09-08,BNAGROCHEM,203.009994506836,215.0,203.009994506836,214.0,1621
2026-09-01,BNALTD,369.0,371.0,361.0,362.0,4108
2026-09-02,BNALTD,360.0,360.0,355.1000061035156,355.1000061035156,394
2026-09-03,BNALTD,360.0,360.0,360.0,360.0,18
2026-09-04,BNALTD,360.0,360.0,360.0,360.0,42
2026-09-07,BNALTD,360.0,377.0,360.0,376.0,90
2026-09-08,BNALTD,361.2000122070313,382.0,361.2000122070313,375.0,155
2026-09-09,BNALTD,393.7000122070313,393.7000122070313,389.9500122070313,389.9500122070313,10
2026-09-01,BODALCHEM,122.0,131.25,120.3499984741211,126.76000213623048,10764398
2026-09-02,BODALCHEM,126.51000213623048,151.88999938964844,119.0,145.4499969482422,30271526
2026-09-03,BODALCHEM,145.88999938964844,159.99000549316406,145.8000030517578,150.75999450683594,10696354
2026-09-04,BODALCHEM,147.25999450683594,159.99000549316406,146.36000061035156,155.6199951171875,5050468
2026-09-07,BODALCHEM,168.0,171.17999267578125,162.8000030517578,171.17999267578125,4910182
2026-09-08,BODALCHEM,185.0,186.0,174.33999633789062,184.0500030517578,5497858
2026-09-09,BODALCHEM,186.3999938964844,189.67999267578125,174.85000610351562,174.85000610351562,3475804
2026-09-01,BOHRAIND,12.350000381469728,13.470000267028809,12.100000381469728,12.6899995803833,44696
2026-09-02,BOHRAIND,13.34000015258789,13.34000015258789,12.239999771118164,12.359999656677246,21139
2026-09-03,BOHRAIND,13.050000190734863,13.050000190734863,11.600000381469728,12.350000381469728,2562
2026-09-04,BOHRAIND,12.25,12.93000030517578,12.25,12.699999809265137,3714
2026-09-07,BOHRAIND,12.699999809265137,12.899999618530272,12.5,12.510000228881836,17811
2026-09-08,BOHRAIND,12.760000228881836,13.010000228881836,12.760000228881836,13.0,17513
2026-09-09,BOHRAIND,13.149999618530272,13.149999618530272,12.75,12.75,4607
2026-09-01,BOMDYEING,114.25,115.5,111.86000061035156,113.48999786376952,570890
2026-09-02,BOMDYEING,112.6999969482422,115.5,111.47000122070312,113.86000061035156,568186
2026-09-03,BOMDYEING,114.06999969482422,115.8000030517578,112.54000091552734,113.19000244140624,512234
2026-09-04,BOMDYEING,113.19000244140624,115.25,113.0500030517578,113.47000122070312,381464
2026-09-07,BOMDYEING,113.0500030517578,113.66000366210938,112.0,112.20999908447266,233902
2026-09-08,BOMDYEING,112.0,116.88999938964844,111.0500030517578,114.2699966430664,1292100
2026-09-09,BOMDYEING,113.9000015258789,113.9000015258789,112.5999984741211,112.83999633789062,203628
2026-09-01,BONLON,42.869998931884766,42.869998931884766,39.59999847412109,41.709999084472656,3949
2026-09-02,BONLON,41.90999984741211,42.88999938964844,40.0099983215332,40.2400016784668,4432
2026-09-03,BONLON,40.84999847412109,42.72999954223633,40.25,40.65999984741211,2507
2026-09-04,BONLON,40.7400016784668,41.869998931884766,40.04999923706055,40.130001068115234,3268
2026-09-07,BONLON,43.0,43.0,40.04999923706055,40.08000183105469,5106
2026-09-08,BONLON,41.5,41.93000030517578,40.09999847412109,40.880001068115234,1232
2026-09-09,BONLON,41.08000183105469,41.790000915527344,40.09999847412109,40.88999938964844,3217
2026-09-01,BORANA,308.5,315.0,306.0,309.1499938964844,21050
2026-09-02,BORANA,308.5,310.5,303.0,304.8999938964844,19418
2026-09-03,BORANA,308.25,309.8500061035156,290.0,300.3500061035156,24813
2026-09-04,BORANA,303.6499938964844,309.3999938964844,303.6499938964844,307.6000061035156,11240
2026-09-07,BORANA,304.6499938964844,339.0,304.6499938964844,325.25,103211
2026-09-08,BORANA,335.0,335.0,315.0,319.95001220703125,22287
2026-09-09,BORANA,314.20001220703125,319.04998779296875,313.04998779296875,317.6499938964844,6852
2026-09-01,BOROLTD,244.58999633789065,247.42999267578125,234.22999572753903,241.8500061035156,602776
2026-09-02,BOROLTD,241.1000061035156,253.7700042724609,236.509994506836,249.9199981689453,310915
2026-09-03,BOROLTD,249.9199981689453,252.8000030517578,246.8999938964844,248.6300048828125,156355
2026-09-04,BOROLTD,249.0,260.0,247.7899932861328,258.9599914550781,265545
2026-09-07,BOROLTD,259.0199890136719,262.0,252.5,254.2400054931641,123630
2026-09-08,BOROLTD,252.1699981689453,257.3999938964844,252.1699981689453,255.5399932861328,95659
2026-09-09,BOROLTD,254.0,255.4600067138672,252.13999938964844,254.97999572753903,43774
2026-09-01,BORORENEW,504.3999938964844,505.7999877929688,494.6000061035156,497.1499938964844,336371
2026-09-02,BORORENEW,493.0,499.0,487.7999877929688,495.75,172957
2026-09-03,BORORENEW,496.8999938964844,505.8500061035156,494.9500122070313,497.5,348456
2026-09-04,BORORENEW,495.0,505.5,491.6000061035156,499.1499938964844,271428
2026-09-07,BORORENEW,501.8999938964844,517.9500122070312,500.9500122070313,513.6500244140625,675793
2026-09-08,BORORENEW,510.0,513.9000244140625,501.2000122070313,503.3500061035156,342669
2026-09-09,BORORENEW,503.7999877929688,511.8999938964844,498.8999938964844,506.75,485378
2026-09-01,BOROSCI,123.1999969482422,129.9499969482422,123.1999969482422,127.6500015258789,89127
2026-09-02,BOROSCI,126.37000274658205,134.0,126.37000274658205,131.30999755859375,92825
2026-09-03,BOROSCI,132.60000610351562,138.10000610351562,131.80999755859375,134.92999267578125,103124
2026-09-04,BOROSCI,136.41000366210938,136.8000030517578,131.0,132.16000366210938,46065
2026-09-07,BOROSCI,130.58999633789062,133.32000732421875,129.2100067138672,130.64999389648438,30777
2026-09-08,BOROSCI,130.64999389648438,132.5,127.0,129.6300048828125,41466
2026-09-09,BOROSCI,129.25,130.5399932861328,126.98999786376952,127.5,24629
2026-09-01,BOSCH-HCIL,1747.5,1758.199951171875,1690.0,1745.5,41851
2026-09-02,BOSCH-HCIL,1746.5,1750.800048828125,1686.4000244140625,1733.9000244140625,29791
2026-09-03,BOSCH-HCIL,1733.9000244140625,1808.9000244140625,1724.800048828125,1777.699951171875,87526
2026-09-04,BOSCH-HCIL,1777.699951171875,1843.0,1756.199951171875,1818.800048828125,64153
2026-09-07,BOSCH-HCIL,1825.0,1891.300048828125,1802.300048828125,1849.0999755859373,64899
2026-09-08,BOSCH-HCIL,1854.0,1854.0,1786.5,1794.0,52669
2026-09-09,BOSCH-HCIL,1769.300048828125,1838.0,1769.300048828125,1788.4000244140625,22918
2026-09-01,BOSCHLTD,49400.0,49400.0,47805.0,48550.0,53609
2026-09-02,BOSCHLTD,47780.0,48090.0,46410.0,47250.0,50832
2026-09-03,BOSCHLTD,47230.0,47480.0,46720.0,47000.0,23197
2026-09-04,BOSCHLTD,47195.0,47200.0,46660.0,46820.0,16913
2026-09-07,BOSCHLTD,46750.0,48550.0,46535.0,48025.0,54963
2026-09-08,BOSCHLTD,48200.0,48955.0,48100.0,48785.0,33665
2026-09-09,BOSCHLTD,48475.0,48925.0,48360.0,48765.0,20405
2026-09-01,BPCL,317.3500061035156,319.70001220703125,313.0,317.6499938964844,6048491
2026-09-02,BPCL,312.1000061035156,319.6000061035156,312.1000061035156,319.6000061035156,8277464
2026-09-03,BPCL,318.3999938964844,321.95001220703125,317.20001220703125,320.04998779296875,4704414
2026-09-04,BPCL,319.3999938964844,320.6499938964844,315.70001220703125,315.70001220703125,1834819
2026-09-07,BPCL,314.8999938964844,316.70001220703125,311.20001220703125,312.8999938964844,2363459
2026-09-08,BPCL,311.1000061035156,314.25,301.3999938964844,303.8500061035156,4641011
2026-09-09,BPCL,300.1499938964844,306.5,298.6499938964844,304.70001220703125,3463574
2026-09-01,BPL,51.45000076293945,51.45000076293945,49.86000061035156,50.02000045776367,33259
2026-09-02,BPL,49.59999847412109,50.7400016784668,49.20000076293945,49.77999877929688,59833
2026-09-03,BPL,49.310001373291016,50.93999862670898,49.15999984741211,49.310001373291016,56854
2026-09-04,BPL,49.209999084472656,50.18000030517578,49.0,49.380001068115234,56301
2026-09-07,BPL,49.380001068115234,49.869998931884766,48.09999847412109,48.77000045776367,35621
2026-09-08,BPL,49.59999847412109,50.0,48.619998931884766,48.650001525878906,25319
2026-09-09,BPL,48.66999816894531,48.84000015258789,47.29999923706055,48.150001525878906,27431
2026-09-01,BPLPHARMA,1565.0,1585.800048828125,1496.0999755859375,1507.4000244140625,5388
2026-09-02,BPLPHARMA,1513.0,1532.9000244140625,1490.0,1518.199951171875,524
2026-09-03,BPLPHARMA,1568.300048828125,1568.300048828125,1512.4000244140625,1520.800048828125,897
2026-09-04,BPLPHARMA,1545.0,1568.800048828125,1520.0,1533.300048828125,586
2026-09-07,BPLPHARMA,1539.0,1575.0,1500.0,1548.699951171875,1034
2026-09-08,BPLPHARMA,1575.0,1575.0,1548.0,1568.800048828125,939
2026-09-09,BPLPHARMA,1570.0,1582.5,1520.0,1557.0,851
2026-09-01,BRAHMINFRA,162.0,162.77999877929688,156.0,157.41000366210938,8922
2026-09-02,BRAHMINFRA,162.0,167.99000549316406,159.99000549316406,164.9600067138672,46742
2026-09-03,BRAHMINFRA,167.5,167.97000122070312,160.02999877929688,162.1699981689453,11052
2026-09-04,BRAHMINFRA,160.0,167.88999938964844,160.0,163.82000732421875,26893
2026-09-07,BRAHMINFRA,162.97999572753906,163.82000732421875,156.0,158.66000366210938,14611
2026-09-08,BRAHMINFRA,162.99000549316406,162.99000549316406,156.75,159.1300048828125,8497
2026-09-09,BRAHMINFRA,155.6999969482422,159.58999633789062,155.6999969482422,156.07000732421875,9587
2026-09-01,BRIGADE,659.9000244140625,663.0999755859375,634.7000122070312,645.0999755859375,284854
2026-09-02,BRIGADE,639.7000122070312,658.0,622.5999755859375,640.0,258628
2026-09-03,BRIGADE,646.4500122070312,733.0,642.7000122070312,712.2999877929688,5390980
2026-09-04,BRIGADE,714.0,735.0,685.7999877929688,696.0999755859375,1980508
2026-09-07,BRIGADE,700.0,704.8499755859375,672.9000244140625,679.0499877929688,867898
2026-09-08,BRIGADE,675.7999877929688,689.9500122070312,669.0,687.0,319215
2026-09-09,BRIGADE,687.0,689.2999877929688,664.0499877929688,668.7000122070312,189704
2026-09-01,BRIGHOTEL,59.209999084472656,59.709999084472656,58.119998931884766,58.31999969482422,123274
2026-09-02,BRIGHOTEL,58.31999969482422,59.38999938964844,58.0099983215332,58.41999816894531,76485
2026-09-03,BRIGHOTEL,58.75,59.38999938964844,58.70000076293945,58.95000076293945,55314
2026-09-04,BRIGHOTEL,58.95000076293945,59.88999938964844,58.900001525878906,59.18999862670898,84277
2026-09-07,BRIGHOTEL,59.900001525878906,59.900001525878906,57.11000061035156,57.34000015258789,333568
2026-09-08,BRIGHOTEL,57.790000915527344,57.9900016784668,57.0,57.13999938964844,109899
2026-09-09,BRIGHOTEL,57.0099983215332,57.150001525878906,56.220001220703125,56.45000076293945,84811
2026-09-01,BRIGHTBR,255.0,260.0,255.0,260.0,3650
2026-09-02,BRIGHTBR,259.3999938964844,259.3999938964844,247.5500030517578,258.25,1199
2026-09-03,BRIGHTBR,257.95001220703125,260.0,250.0,254.6000061035156,2736
2026-09-04,BRIGHTBR,254.6000061035156,260.54998779296875,252.1000061035156,254.8000030517578,20221
2026-09-08,BRIGHTBR,255.8999938964844,265.0,250.0500030517578,259.25,357
2026-09-09,BRIGHTBR,260.0,260.0,252.0,252.0,210
2026-09-01,BRITANNIA,5230.0,5256.0,5145.5,5187.0,235479
2026-09-02,BRITANNIA,5135.0,5172.0,5046.0,5154.0,325672
2026-09-03,BRITANNIA,5131.5,5146.0,5079.0,5130.0,225559
2026-09-04,BRITANNIA,5155.0,5160.5,5089.5,5101.5,269673
2026-09-07,BRITANNIA,5126.0,5126.0,5005.5,5042.5,307760
2026-09-08,BRITANNIA,5036.0,5091.5,5012.0,5064.0,280231
2026-09-09,BRITANNIA,5064.0,5081.0,5023.0,5076.0,108406
2026-09-01,BRNL,17.600000381469727,17.600000381469727,17.100000381469727,17.280000686645508,8810
2026-09-02,BRNL,17.440000534057617,17.440000534057617,17.0,17.110000610351562,35170
2026-09-03,BRNL,17.479999542236328,17.479999542236328,17.0,17.1200008392334,12834
2026-09-04,BRNL,17.1299991607666,17.389999389648438,17.010000228881836,17.1200008392334,18030
2026-09-07,BRNL,17.040000915527344,17.280000686645508,17.030000686645508,17.09000015258789,11606
2026-09-08,BRNL,17.3799991607666,17.3799991607666,17.0,17.1200008392334,17393
2026-09-09,BRNL,17.0,17.1200008392334,16.5,16.809999465942383,27783
2026-09-01,BROOKS,67.94999694824219,67.94999694824219,64.5,66.47000122070312,15066
2026-09-02,BROOKS,66.0,66.0999984741211,64.0,65.0999984741211,23544
2026-09-03,BROOKS,65.1500015258789,65.94999694824219,64.0,64.1500015258789,24891
2026-09-04,BROOKS,65.94999694824219,66.68000030517578,64.0,66.06999969482422,12920
2026-09-07,BROOKS,66.69999694824219,70.80000305175781,66.5999984741211,67.69999694824219,25779
2026-09-08,BROOKS,69.69999694824219,69.75,61.52000045776367,63.29999923706055,64342
2026-09-09,BROOKS,64.61000061035156,65.5,63.29999923706055,64.79000091552734,5936
2026-09-01,BSE,3300.0,3305.0,3220.5,3242.0,3137016
2026-09-02,BSE,3222.60009765625,3265.0,3131.5,3168.0,6510791
2026-09-03,BSE,3199.89990234375,3316.5,3198.89990234375,3306.10009765625,6036100
2026-09-04,BSE,3400.0,3474.0,3391.699951171875,3409.800048828125,7975058
2026-09-07,BSE,3430.0,3474.5,3420.0,3446.199951171875,3952403
2026-09-08,BSE,3440.0,3442.199951171875,3362.0,3394.0,2850676
2026-09-09,BSE,3301.0,3319.89990234375,3268.199951171875,3293.39990234375,3691694
2026-09-01,BSHSL,90.0,91.9000015258789,89.0,89.02999877929688,6266
2026-09-02,BSHSL,89.02999877929688,90.88999938964844,89.02999877929688,89.91000366210938,3027
2026-09-03,BSHSL,91.8000030517578,91.8000030517578,89.0,89.45999908447266,10598
2026-09-04,BSHSL,89.45999908447266,94.1999969482422,88.5,91.4800033569336,15418
2026-09-07,BSHSL,91.4800033569336,93.9000015258789,90.0,92.51000213623048,16733
2026-09-08,BSHSL,93.0,93.0,89.0,91.16999816894533,7927
2026-09-09,BSHSL,91.16999816894533,93.0,89.41999816894531,91.79000091552734,1889
2026-09-01,BSL,122.0500030517578,125.0,122.0500030517578,123.25,1462
2026-09-02,BSL,122.88999938964844,123.0,121.0500030517578,122.12000274658205,1740
2026-09-03,BSL,124.0,132.97999572753906,121.6500015258789,123.22000122070312,53035
2026-09-04,BSL,124.0,124.98999786376952,122.75,123.58000183105467,1949
2026-09-07,BSL,123.8499984741211,124.75,120.3000030517578,122.62999725341795,12827
2026-09-08,BSL,122.0199966430664,124.98999786376952,120.3000030517578,123.33000183105467,3612
2026-09-09,BSL,125.98999786376952,125.98999786376952,122.9800033569336,124.4800033569336,919
2026-09-01,BSOFT,292.0,300.8500061035156,290.0,295.79998779296875,1358901
2026-09-02,BSOFT,294.6000061035156,299.45001220703125,291.79998779296875,294.3999938964844,1273310
2026-09-03,BSOFT,295.25,297.54998779296875,290.0,293.25,633327
2026-09-04,BSOFT,295.0,299.54998779296875,288.45001220703125,289.3500061035156,1083783
2026-09-07,BSOFT,289.3500061035156,289.3999938964844,281.1499938964844,282.45001220703125,1074663
2026-09-08,BSOFT,282.79998779296875,283.70001220703125,280.29998779296875,281.6499938964844,463798
2026-09-09,BSOFT,279.8500061035156,279.8500061035156,276.5,278.3999938964844,646577
2026-09-01,BTML,8.489999771118164,8.770000457763672,8.010000228881836,8.0600004196167,497677
2026-09-02,BTML,8.130000114440918,8.1899995803833,7.900000095367432,8.079999923706055,453815
2026-09-03,BTML,8.239999771118164,8.59000015258789,8.079999923706055,8.489999771118164,406000
2026-09-04,BTML,8.420000076293945,8.699999809265137,8.199999809265137,8.510000228881836,305536
2026-09-07,BTML,8.59000015258789,8.59000015258789,8.34000015258789,8.489999771118164,612293
2026-09-08,BTML,8.369999885559082,8.489999771118164,7.480000019073486,8.020000457763672,2821218
2026-09-09,BTML,8.0600004196167,8.199999809265137,7.769999980926514,7.900000095367432,101793
2026-09-01,BTTL,43.0,43.9900016784668,41.0,43.18999862670898,2186
2026-09-02,BTTL,43.0,43.0,41.20000076293945,42.09000015258789,8575
2026-09-03,BTTL,42.09000015258789,43.5,40.5,42.65999984741211,4578
2026-09-04,BTTL,43.08000183105469,43.4900016784668,41.0,41.52999877929688,4172
2026-09-07,BTTL,42.560001373291016,42.560001373291016,41.060001373291016,41.36000061035156,1309
2026-09-08,BTTL,41.5,42.45000076293945,41.0,42.36000061035156,5023
2026-09-09,BTTL,43.209999084472656,43.209999084472656,40.650001525878906,42.4900016784668,2717
2026-09-01,BUILDPRO,1249.9000244140625,1280.0,1245.800048828125,1272.4000244140625,31355
2026-09-02,BUILDPRO,1273.0,1298.0,1234.0999755859375,1261.800048828125,129285
2026-09-03,BUILDPRO,1270.0,1297.0,1261.300048828125,1288.800048828125,22417
2026-09-04,BUILDPRO,1288.800048828125,1305.0,1282.5,1298.199951171875,351369
2026-09-07,BUILDPRO,1300.0,1320.0,1255.0,1271.4000244140625,119206
2026-09-08,BUILDPRO,1281.5999755859375,1320.0,1221.699951171875,1301.0999755859375,139888
2026-09-09,BUILDPRO,1300.0,1309.9000244140625,1294.0,1307.0,19168
2026-09-01,BURNPUR,18.63999938964844,18.63999938964844,18.63999938964844,18.63999938964844,40109
2026-09-02,BURNPUR,19.56999969482422,19.56999969482422,18.049999237060547,19.56999969482422,467871
2026-09-03,BURNPUR,20.0,20.540000915527344,19.959999084472656,20.540000915527344,68591
2026-09-04,BURNPUR,21.559999465942383,21.559999465942383,21.559999465942383,21.559999465942383,55339
2026-09-07,BURNPUR,22.6299991607666,22.6299991607666,20.489999771118164,20.489999771118164,377775
2026-09-08,BURNPUR,19.46999931335449,19.46999931335449,19.46999931335449,19.46999931335449,58100
2026-09-09,BURNPUR,18.5,18.5,18.5,18.5,6809
2026-09-01,BUTTERFLY,627.9500122070312,633.3499755859375,621.0,624.3499755859375,14336
2026-09-02,BUTTERFLY,624.3499755859375,624.3499755859375,611.0999755859375,614.25,12254
2026-09-03,BUTTERFLY,616.5499877929688,617.9500122070312,608.0,613.5999755859375,12917
2026-09-04,BUTTERFLY,615.1500244140625,628.9000244140625,611.0499877929688,624.8499755859375,11660
2026-09-07,BUTTERFLY,624.7999877929688,624.8499755859375,613.0,614.9000244140625,8621
2026-09-08,BUTTERFLY,614.9000244140625,630.0,609.7000122070312,614.5499877929688,20105
2026-09-09,BUTTERFLY,614.1500244140625,619.4000244140625,611.0499877929688,612.9000244140625,3655
2026-09-01,BVCL,44.84000015258789,45.59999847412109,43.09999847412109,43.5,63845
2026-09-02,BVCL,43.09999847412109,43.77000045776367,42.20000076293945,42.93000030517578,6239
2026-09-03,BVCL,43.4900016784668,43.4900016784668,42.619998931884766,43.13999938964844,4724
2026-09-04,BVCL,44.70000076293945,44.70000076293945,43.16999816894531,43.47999954223633,85128
2026-09-07,BVCL,43.20000076293945,43.20000076293945,41.619998931884766,42.29999923706055,38507
2026-09-08,BVCL,42.20000076293945,43.790000915527344,41.900001525878906,42.68000030517578,55519
2026-09-09,BVCL,42.9900016784668,48.0,42.27999877929688,46.2400016784668,170375
2026-09-01,BYKE,32.27000045776367,32.849998474121094,31.21999931335449,31.8700008392334,20972
2026-09-02,BYKE,32.970001220703125,32.970001220703125,31.170000076293945,31.71999931335449,16685
2026-09-03,BYKE,31.729999542236328,32.0,31.0,31.89999961853028,35594
2026-09-04,BYKE,32.880001068115234,32.880001068115234,31.21999931335449,32.11000061035156,33009
2026-09-07,BYKE,32.79999923706055,32.79999923706055,32.0,32.0,99890
2026-09-08,BYKE,32.0,32.560001373291016,30.65999984741211,31.89999961853028,40242
2026-09-09,BYKE,31.75,31.88999938964844,31.049999237060547,31.76000022888184,18747
2026-09-01,CALSOFT,38.68999862670898,39.130001068115234,37.61000061035156,39.130001068115234,513118
2026-09-02,CALSOFT,40.4900016784668,41.08000183105469,40.11000061035156,41.08000183105469,283152
2026-09-03,CALSOFT,43.09000015258789,43.130001068115234,42.0,43.130001068115234,708394
2026-09-04,CALSOFT,43.0,43.0,40.97999954223633,40.97999954223633,155604
2026-09-07,CALSOFT,38.93999862670898,38.93999862670898,38.93999862670898,38.93999862670898,70769
2026-09-08,CALSOFT,37.0,37.0,37.0,37.0,43631
2026-09-09,CALSOFT,35.150001525878906,35.150001525878906,35.150001525878906,35.150001525878906,67444
2026-09-01,CAMLINFINE,102.75,103.1500015258789,101.0,102.13999938964844,453916
2026-09-02,CAMLINFINE,102.01000213623048,103.3000030517578,101.0,102.8000030517578,384536
2026-09-03,CAMLINFINE,103.5999984741211,105.0,99.0,102.27999877929688,1859508
2026-09-04,CAMLINFINE,102.9000015258789,105.37000274658205,102.0999984741211,103.12999725341795,689443
2026-09-07,CAMLINFINE,103.9000015258789,103.9000015258789,101.0999984741211,101.68000030517578,283654
2026-09-08,CAMLINFINE,102.6999969482422,106.62000274658205,101.62000274658205,104.1500015258789,1119448
2026-09-09,CAMLINFINE,104.1500015258789,105.1999969482422,102.83999633789062,104.7300033569336,272816
2026-09-01,CAMPUS,225.9900054931641,225.9900054931641,222.0,223.9199981689453,310687
2026-09-02,CAMPUS,223.5,223.5,220.1000061035156,220.8699951171875,248414
2026-09-03,CAMPUS,222.3999938964844,224.6999969482422,220.41000366210932,223.97000122070312,453448
2026-09-04,CAMPUS,223.97000122070312,225.0,220.509994506836,223.2400054931641,364174
2026-09-07,CAMPUS,222.9100036621093,222.9100036621093,217.1999969482422,218.7700042724609,487737
2026-09-08,CAMPUS,217.5,219.0200042724609,216.1999969482422,216.8099975585937,248017
2026-09-09,CAMPUS,217.0,218.0,214.67999267578125,214.9600067138672,230373
2026-09-01,CAMS,782.9500122070312,783.0,750.25,752.0,1008731
2026-09-02,CAMS,751.0,752.0,730.5499877929688,741.8499755859375,1271642
2026-09-03,CAMS,745.0,752.1500244140625,737.0,747.4000244140625,1321035
2026-09-04,CAMS,750.0,757.75,746.0499877929688,748.7999877929688,469646
2026-09-07,CAMS,748.0,748.7999877929688,736.5,736.5,452356
2026-09-08,CAMS,737.2000122070312,739.0,728.7000122070312,729.5,607807
2026-09-09,CAMS,729.0,730.0,711.2000122070312,719.0999755859375,1232162
2026-09-01,CANBK,126.87999725341795,127.06999969482422,125.16000366210938,125.5999984741211,9840419
2026-09-02,CANBK,125.3499984741211,126.98999786376952,124.37999725341795,126.3000030517578,13231733
2026-09-03,CANBK,126.77999877929688,128.69000244140625,125.70999908447266,125.8000030517578,13360020
2026-09-04,CANBK,126.3000030517578,127.3000030517578,125.5,125.5,12141084
2026-09-07,CANBK,125.8000030517578,126.3499984741211,124.0,124.0,9628580
2026-09-08,CANBK,124.0199966430664,124.83999633789062,123.8499984741211,124.68000030517578,8644820
2026-09-09,CANBK,124.41999816894533,125.37999725341795,124.12000274658205,124.86000061035156,6667204
2026-09-01,CANFINHOME,796.4000244140625,812.2999877929688,790.0,793.4000244140625,210620
2026-09-02,CANFINHOME,786.5,798.0,783.0,795.2999877929688,171636
2026-09-03,CANFINHOME,804.0,806.0999755859375,792.5999755859375,804.9500122070312,245608
2026-09-04,CANFINHOME,808.0,815.0,802.5999755859375,807.4000244140625,222474
2026-09-07,CANFINHOME,805.7999877929688,814.4000244140625,795.0,805.4500122070312,378816
2026-09-08,CANFINHOME,805.4500122070312,811.8499755859375,795.0,797.5999755859375,328192
2026-09-09,CANFINHOME,797.5999755859375,804.6500244140625,790.5,791.1500244140625,131447
2026-09-01,CANHLIFE,155.5,156.99000549316406,151.5,154.17999267578125,543430
2026-09-02,CANHLIFE,154.17999267578125,154.99000549316406,151.5500030517578,152.80999755859375,315187
2026-09-03,CANHLIFE,154.6699981689453,155.1999969482422,152.89999389648438,154.30999755859375,190371
2026-09-04,CANHLIFE,155.0800018310547,161.0500030517578,153.50999450683594,157.22999572753906,1086892
2026-09-07,CANHLIFE,158.5,158.5,152.9499969482422,153.97000122070312,1602353
2026-09-08,CANHLIFE,152.0,154.7100067138672,148.61000061035156,154.16000366210938,988311
2026-09-09,CANHLIFE,153.5,154.1199951171875,149.6199951171875,149.99000549316406,293972
2026-09-01,CANTABIL,242.4100036621093,247.33999633789065,240.0,241.9199981689453,670337
2026-09-02,CANTABIL,241.3999938964844,241.5800018310547,235.2100067138672,236.6000061035156,96859
2026-09-03,CANTABIL,238.1000061035156,240.1000061035156,237.5,237.7400054931641,54289
2026-09-04,CANTABIL,238.6999969482422,245.0,238.0,243.0500030517578,94452
2026-09-07,CANTABIL,242.8000030517578,243.6000061035156,238.009994506836,238.8300018310547,78096
2026-09-08,CANTABIL,238.6000061035156,239.27999877929688,235.3500061035156,236.8699951171875,59495
2026-09-09,CANTABIL,236.8699951171875,240.08999633789065,233.5,239.6199951171875,83758
2026-09-01,CAPACITE,213.8999938964844,214.6000061035156,206.57000732421875,208.63999938964844,178944
2026-09-02,CAPACITE,207.5,209.94000244140625,201.509994506836,205.0200042724609,471954
2026-09-03,CAPACITE,205.1000061035156,211.0,205.1000061035156,208.8800048828125,183326
2026-09-04,CAPACITE,209.9499969482422,217.8999938964844,208.22000122070312,216.22000122070312,373452
2026-09-07,CAPACITE,216.5,217.1000061035156,204.8000030517578,205.8000030517578,627171
2026-09-08,CAPACITE,205.0500030517578,206.82000732421875,198.6499938964844,199.72000122070312,572086
2026-09-09,CAPACITE,199.72000122070312,200.5800018310547,194.8999938964844,195.6000061035156,291631
2026-09-01,CAPILLARY,491.0,501.5,483.6499938964844,491.7999877929688,162807
2026-09-02,CAPILLARY,491.7999877929688,491.7999877929688,482.0,484.0,79393
2026-09-03,CAPILLARY,490.0,490.0,478.1000061035156,480.0499877929688,69647
2026-09-04,CAPILLARY,485.0,492.3500061035156,480.0,490.0499877929688,109289
2026-09-07,CAPILLARY,490.0499877929688,490.0499877929688,472.0,473.7999877929688,97805
2026-09-08,CAPILLARY,475.7000122070313,485.1000061035156,457.1000061035156,460.5499877929688,547944
2026-09-09,CAPILLARY,461.75,461.75,438.1499938964844,461.0,356808
2026-09-01,CAPITALSFB,280.6499938964844,286.8999938964844,280.6499938964844,284.3999938964844,16612
2026-09-02,CAPITALSFB,284.8500061035156,284.8999938964844,280.04998779296875,283.25,10917
2026-09-03,CAPITALSFB,281.95001220703125,284.8999938964844,280.5,281.8500061035156,38166
2026-09-04,CAPITALSFB,285.6000061035156,285.6000061035156,280.1000061035156,280.95001220703125,6864
2026-09-07,CAPITALSFB,285.0,286.5,273.8500061035156,277.8999938964844,38251
2026-09-08,CAPITALSFB,281.95001220703125,281.95001220703125,275.0,277.0,23273
2026-09-09,CAPITALSFB,280.0,280.5,276.45001220703125,279.3999938964844,10641
2026-09-01,CAPLIPOINT,2514.0,2750.0,2511.0,2711.199951171875,1992659
2026-09-02,CAPLIPOINT,2710.0,2735.800048828125,2650.0,2720.5,373618
2026-09-03,CAPLIPOINT,2712.0,2877.300048828125,2663.10009765625,2845.0,840705
2026-09-04,CAPLIPOINT,2845.0,2845.0,2759.60009765625,2810.800048828125,208526
2026-09-07,CAPLIPOINT,2797.10009765625,2836.0,2778.0,2814.0,111399
2026-09-08,CAPLIPOINT,2830.0,2850.39990234375,2747.10009765625,2770.10009765625,127677
2026-09-09,CAPLIPOINT,2789.89990234375,2798.89990234375,2710.5,2724.60009765625,84987
2026-09-01,CAPTRUST,19.459999084472656,19.690000534057617,18.559999465942383,18.81999969482422,15252
2026-09-02,CAPTRUST,18.600000381469727,19.76000022888184,18.600000381469727,19.76000022888184,26227
2026-09-03,CAPTRUST,19.76000022888184,19.989999771118164,19.100000381469727,19.76000022888184,48248
2026-09-04,CAPTRUST,20.0,20.700000762939453,19.440000534057617,20.040000915527344,37318
2026-09-07,CAPTRUST,20.040000915527344,20.209999084472656,19.6200008392334,19.88999938964844,19020
2026-09-08,CAPTRUST,19.89999961853028,19.89999961853028,18.89999961853028,19.46999931335449,11840
2026-09-09,CAPTRUST,19.5,19.5,18.5,18.89999961853028,31190
2026-09-01,CARBORUNIV,1107.0,1125.9000244140625,1091.0,1100.5,213988
2026-09-02,CARBORUNIV,1100.5,1107.5999755859375,1068.5,1071.5,146299
2026-09-03,CARBORUNIV,1077.0,1088.800048828125,1070.0,1078.0,73895
2026-09-04,CARBORUNIV,1078.699951171875,1140.9000244140625,1069.9000244140625,1130.5999755859375,338864
2026-09-07,CARBORUNIV,1139.4000244140625,1151.0,1095.0,1104.0,237087
2026-09-08,CARBORUNIV,1095.0999755859375,1126.800048828125,1087.4000244140625,1095.9000244140625,94132
2026-09-09,CARBORUNIV,1106.0,1106.0,1080.699951171875,1097.4000244140625,70030
2026-09-01,CARERATING,1758.0,1758.0,1689.4000244140625,1705.0,43401
2026-09-02,CARERATING,1694.0,1727.5,1675.199951171875,1683.0,101976
2026-09-03,CARERATING,1683.0,1718.800048828125,1678.300048828125,1708.4000244140625,25449
2026-09-04,CARERATING,1718.0,1762.9000244140625,1699.699951171875,1738.199951171875,354155
2026-09-07,CARERATING,1738.0999755859375,1809.0,1715.699951171875,1729.300048828125,92927
2026-09-08,CARERATING,1740.0,1742.800048828125,1705.0,1721.0999755859375,27991
2026-09-09,CARERATING,1735.699951171875,1735.699951171875,1705.0999755859375,1716.0999755859375,17812
2026-09-01,CARRARO,557.0,564.3499755859375,536.5,542.25,134604
2026-09-02,CARRARO,539.9500122070312,559.0,535.0,542.0,88463
2026-09-03,CARRARO,537.0,543.8499755859375,531.5,533.9500122070312,42953
2026-09-04,CARRARO,531.9000244140625,538.9500122070312,527.25,533.6500244140625,71136
2026-09-07,CARRARO,532.0,544.9000244140625,526.0,540.4500122070312,167274
2026-09-08,CARRARO,540.4000244140625,548.0,535.5499877929688,538.8499755859375,56002
2026-09-09,CARRARO,542.7999877929688,542.7999877929688,533.6500244140625,540.0,36212
2026-09-01,CARTRADE,2991.5,3043.5,2940.0,2970.10009765625,167127
2026-09-02,CARTRADE,2933.39990234375,2990.60009765625,2914.0,2932.300048828125,157344
2026-09-03,CARTRADE,2949.0,3024.0,2888.699951171875,2992.199951171875,333812
2026-09-04,CARTRADE,2997.0,3051.89990234375,2945.300048828125,3000.199951171875,315551
2026-09-07,CARTRADE,3004.0,3250.0,3004.0,3179.89990234375,1233149
2026-09-08,CARTRADE,3186.0,3225.699951171875,3110.0,3176.699951171875,308699
2026-09-09,CARTRADE,3157.39990234375,3167.39990234375,3037.0,3042.89990234375,183903
2026-09-01,CARYSIL,1133.199951171875,1142.699951171875,1108.9000244140625,1118.0,33593
2026-09-02,CARYSIL,1102.5999755859375,1147.800048828125,1102.5999755859375,1139.199951171875,43539
2026-09-03,CARYSIL,1139.199951171875,1165.800048828125,1129.699951171875,1157.0,58665
2026-09-04,CARYSIL,1161.9000244140625,1180.0,1136.5,1140.800048828125,72848
2026-09-07,CARYSIL,1136.0999755859375,1165.0,1105.0999755859375,1152.5999755859375,198641
2026-09-08,CARYSIL,1151.0,1194.0,1140.0,1155.0,147684
2026-09-09,CARYSIL,1163.5,1188.9000244140625,1156.0,1172.0999755859375,87365
2026-09-01,CASTROLIND,184.7400054931641,186.4499969482422,184.3999938964844,186.0200042724609,680714
2026-09-02,CASTROLIND,185.3999938964844,186.3999938964844,184.1999969482422,186.0800018310547,858851
2026-09-03,CASTROLIND,186.5,186.9499969482422,185.22000122070312,186.4199981689453,875113
2026-09-04,CASTROLIND,186.2100067138672,190.9499969482422,186.02999877929688,190.2700042724609,4231930
2026-09-07,CASTROLIND,191.8000030517578,191.8000030517578,188.1699981689453,189.009994506836,1639217
2026-09-08,CASTROLIND,189.009994506836,190.4499969482422,188.3000030517578,189.4600067138672,1388000
2026-09-09,CASTROLIND,188.9600067138672,189.8999938964844,188.3000030517578,189.6000061035156,697364
2026-09-01,CCAVENUE,15.039999961853027,15.640000343322754,15.029999732971191,15.3100004196167,12431519
2026-09-02,CCAVENUE,15.300000190734863,15.90999984741211,15.020000457763672,15.5,14217006
2026-09-03,CCAVENUE,15.619999885559082,15.789999961853027,15.279999732971191,15.399999618530272,13443200
2026-09-04,CCAVENUE,15.479999542236328,16.209999084472656,15.40999984741211,15.699999809265137,35876401
2026-09-07,CCAVENUE,15.760000228881836,16.270000457763672,15.420000076293944,15.9399995803833,16872867
2026-09-08,CCAVENUE,16.0,16.100000381469727,15.289999961853027,15.359999656677246,10150307
2026-09-09,CCAVENUE,15.329999923706056,15.600000381469728,15.199999809265137,15.470000267028809,5734814
2026-09-01,CCCL,14.739999771118164,14.75,14.3100004196167,14.449999809265137,218880
2026-09-02,CCCL,14.449999809265137,14.489999771118164,14.010000228881836,14.3100004196167,102155
2026-09-03,CCCL,14.3100004196167,14.5,14.050000190734863,14.1899995803833,112121
2026-09-04,CCCL,14.489999771118164,14.539999961853027,14.119999885559082,14.270000457763672,118802
2026-09-07,CCCL,14.600000381469728,14.619999885559082,13.90999984741211,14.140000343322754,124145
2026-09-08,CCCL,14.369999885559082,14.399999618530272,14.0,14.09000015258789,123596
2026-09-09,CCCL,14.289999961853027,14.289999961853027,13.949999809265137,14.15999984741211,173040
2026-09-01,CCHHL,12.600000381469728,12.989999771118164,12.520000457763672,12.770000457763672,7806
2026-09-02,CCHHL,12.899999618530272,12.899999618530272,12.220000267028809,12.420000076293944,20907
2026-09-03,CCHHL,12.40999984741211,12.6899995803833,12.40999984741211,12.640000343322754,5408
2026-09-04,CCHHL,12.699999809265137,12.949999809265137,12.399999618530272,12.609999656677246,42082
2026-09-07,CCHHL,12.699999809265137,12.979999542236328,12.609999656677246,12.649999618530272,21353
2026-09-08,CCHHL,12.649999618530272,12.989999771118164,12.420000076293944,12.6899995803833,29869
2026-09-09,CCHHL,12.699999809265137,12.989999771118164,12.43000030517578,12.729999542236328,3538
2026-09-01,CCL,1084.0999755859375,1106.4000244140625,1075.5999755859375,1100.0999755859375,99628
2026-09-02,CCL,1096.5999755859375,1106.5999755859375,1074.5,1086.0999755859375,145991
2026-09-03,CCL,1091.5999755859375,1119.5,1089.699951171875,1107.300048828125,164624
2026-09-04,CCL,1107.300048828125,1114.9000244140625,1079.699951171875,1106.199951171875,193825
2026-09-07,CCL,1103.800048828125,1109.9000244140625,1085.0,1097.4000244140625,151259
2026-09-08,CCL,1097.0,1137.0,1086.5,1130.5999755859375,160147
2026-09-09,CCL,1130.0,1130.0,1096.4000244140625,1097.0999755859375,71816
2026-09-01,CDSL,1400.0,1407.4000244140625,1376.0,1391.0,743240
2026-09-02,CDSL,1378.0,1379.699951171875,1355.9000244140625,1365.199951171875,858052
2026-09-03,CDSL,1370.0,1397.300048828125,1367.0,1394.0,921968
2026-09-04,CDSL,1400.0,1417.9000244140625,1391.5999755859375,1394.5999755859375,1117172
2026-09-07,CDSL,1392.0999755859375,1438.0,1383.800048828125,1414.9000244140625,2731025
2026-09-08,CDSL,1415.0,1417.0,1395.0,1400.0,975781
2026-09-09,CDSL,1393.0,1393.0,1360.0,1373.800048828125,1115358
2026-09-01,CEATLTD,3425.300048828125,3461.699951171875,3386.699951171875,3400.199951171875,43371
2026-09-02,CEATLTD,3381.60009765625,3382.300048828125,3337.0,3347.800048828125,47129
2026-09-03,CEATLTD,3355.0,3390.0,3310.10009765625,3315.300048828125,87197
2026-09-04,CEATLTD,3323.300048828125,3344.0,3291.199951171875,3333.199951171875,73368
2026-09-07,CEATLTD,3368.0,3368.0,3287.0,3336.10009765625,55616
2026-09-08,CEATLTD,3321.0,3346.300048828125,3304.0,3313.199951171875,33663
2026-09-09,CEATLTD,3302.0,3333.5,3284.300048828125,3299.800048828125,47515
2026-09-01,CEIGALL,342.6499938964844,349.8999938964844,339.1499938964844,344.70001220703125,452494
2026-09-02,CEIGALL,342.8999938964844,344.70001220703125,338.8999938964844,340.6000061035156,203190
2026-09-03,CEIGALL,341.04998779296875,357.5,337.54998779296875,347.54998779296875,2426828
2026-09-04,CEIGALL,359.8500061035156,359.8500061035156,351.0,355.79998779296875,949597
2026-09-07,CEIGALL,356.6000061035156,373.2000122070313,355.1499938964844,370.2999877929688,814931
2026-09-08,CEIGALL,371.3500061035156,381.7000122070313,371.3500061035156,374.8500061035156,891699
2026-09-09,CEIGALL,377.0,380.0,369.0,372.7000122070313,181834
2026-09-01,CEINSYS,710.0,720.9000244140625,700.0,704.4000244140625,45055
2026-09-02,CEINSYS,698.0,720.0,694.9500122070312,697.9000244140625,63889
2026-09-03,CEINSYS,701.3499755859375,713.7999877929688,675.0,678.6500244140625,82259
2026-09-04,CEINSYS,682.0,702.0,672.0,677.8499755859375,71954
2026-09-07,CEINSYS,680.9000244140625,724.0,680.9000244140625,708.75,149385
2026-09-08,CEINSYS,710.0,716.4500122070312,696.0999755859375,702.2000122070312,48187
2026-09-09,CEINSYS,703.25,710.4500122070312,693.0,693.0,16874
2026-09-01,CELEBRITY,6.840000152587891,6.840000152587891,6.590000152587891,6.739999771118164,12664
2026-09-02,CELEBRITY,6.699999809265137,6.900000095367432,6.460000038146973,6.75,10192
2026-09-03,CELEBRITY,6.75,6.849999904632568,6.610000133514404,6.739999771118164,13050
2026-09-04,CELEBRITY,6.829999923706055,6.829999923706055,6.599999904632568,6.800000190734863,23532
2026-09-07,CELEBRITY,6.800000190734863,6.800000190734863,6.659999847412109,6.71999979019165,10083
2026-09-08,CELEBRITY,6.599999904632568,6.840000152587891,6.599999904632568,6.739999771118164,36318
2026-09-09,CELEBRITY,6.840000152587891,6.840000152587891,6.53000020980835,6.78000020980835,4537
2026-09-01,CELLO,352.29998779296875,353.8500061035156,347.0,349.3999938964844,167515
2026-09-02,CELLO,349.3999938964844,349.3999938964844,343.1499938964844,347.6000061035156,201808
2026-09-03,CELLO,348.3999938964844,349.95001220703125,341.04998779296875,343.45001220703125,235746
2026-09-04,CELLO,344.8999938964844,345.54998779296875,339.79998779296875,342.0,189002
2026-09-07,CELLO,343.04998779296875,344.95001220703125,337.3500061035156,338.95001220703125,158668
2026-09-08,CELLO,340.25,348.95001220703125,336.0,343.95001220703125,285791
2026-09-09,CELLO,344.25,344.8999938964844,337.70001220703125,339.1000061035156,174005
2026-09-01,CEMPRO,1244.9000244140625,1252.9000244140625,1209.0,1244.0999755859375,165149
2026-09-02,CEMPRO,1244.0,1244.0999755859375,1213.4000244140625,1235.800048828125,188580
2026-09-03,CEMPRO,1242.0,1297.5,1227.5,1296.9000244140625,340226
2026-09-04,CEMPRO,1299.0,1314.699951171875,1270.0999755859375,1297.4000244140625,359470
2026-09-07,CEMPRO,1297.4000244140625,1355.0,1284.5999755859375,1316.9000244140625,401585
2026-09-08,CEMPRO,1319.0,1323.800048828125,1265.5,1285.0999755859375,280343
2026-09-09,CEMPRO,1290.0,1297.0,1265.4000244140625,1268.5,159183
2026-09-01,CENTENKA,544.1500244140625,554.4500122070312,542.0,544.0999755859375,16420
2026-09-02,CENTENKA,560.0,624.7999877929688,560.0,602.3499755859375,9590323
2026-09-03,CENTENKA,620.0,635.0,608.9500122070312,616.6500244140625,1862847
2026-09-04,CENTENKA,620.0,620.0,607.0499877929688,608.9000244140625,126471
2026-09-07,CENTENKA,618.2999877929688,624.9500122070312,602.0,607.0499877929688,131317
2026-09-08,CENTENKA,609.9500122070312,611.6500244140625,586.5499877929688,589.2000122070312,78032
2026-09-09,CENTENKA,593.7000122070312,596.9500122070312,572.0,572.5499877929688,100405
2026-09-01,CENTEXT,22.3700008392334,22.46999931335449,22.030000686645508,22.280000686645508,88903
2026-09-02,CENTEXT,22.229999542236328,22.90999984741211,21.809999465942383,22.489999771118164,184050
2026-09-03,CENTEXT,22.600000381469727,22.89999961853028,21.049999237060547,21.239999771118164,446705
2026-09-04,CENTEXT,21.290000915527344,22.200000762939453,19.75,20.190000534057617,957330
2026-09-07,CENTEXT,20.36000061035156,21.0,20.309999465942383,20.920000076293945,166389
2026-09-08,CENTEXT,20.940000534057617,21.559999465942383,20.600000381469727,21.38999938964844,124216
2026-09-09,CENTEXT,21.549999237060547,21.850000381469727,21.049999237060547,21.540000915527344,500784
2026-09-01,CENTRALBK,30.25,30.489999771118164,30.13999938964844,30.309999465942383,3583473
2026-09-02,CENTRALBK,30.190000534057617,30.530000686645508,29.88999938964844,30.3700008392334,6820964
2026-09-03,CENTRALBK,30.5,31.100000381469727,30.459999084472656,30.770000457763672,8184463
2026-09-04,CENTRALBK,30.850000381469727,31.18000030517578,30.780000686645508,31.07999992370605,5295221
2026-09-07,CENTRALBK,31.030000686645508,31.14999961853028,30.799999237060547,30.959999084472656,3821575
2026-09-08,CENTRALBK,30.959999084472656,31.040000915527344,30.780000686645508,30.959999084472656,3623098
2026-09-09,CENTRALBK,30.780000686645508,30.8799991607666,30.540000915527344,30.670000076293945,3548716
2026-09-01,CENTRUM,22.96999931335449,23.030000686645508,21.799999237060547,22.32999992370605,443047
2026-09-02,CENTRUM,22.299999237060547,23.100000381469727,22.049999237060547,22.89999961853028,201793
2026-09-03,CENTRUM,22.90999984741211,23.56999969482422,22.309999465942383,22.450000762939453,261942
2026-09-04,CENTRUM,22.3700008392334,22.75,22.0,22.549999237060547,180060
2026-09-07,CENTRUM,22.57999992370605,23.09000015258789,22.229999542236328,22.46999931335449,215222
2026-09-08,CENTRUM,22.46999931335449,22.850000381469727,22.25,22.56999969482422,122608
2026-09-09,CENTRUM,22.57999992370605,22.6299991607666,22.06999969482422,22.39999961853028,118107
2026-09-01,CENTUM,3445.5,3495.0,3405.89990234375,3420.10009765625,18815
2026-09-02,CENTUM,3467.699951171875,3595.0,3437.199951171875,3555.300048828125,117868
2026-09-03,CENTUM,3600.0,3798.800048828125,3585.10009765625,3776.10009765625,146069
2026-09-04,CENTUM,3746.300048828125,3800.0,3723.0,3767.300048828125,29156
2026-09-07,CENTUM,3778.199951171875,4420.0,3778.199951171875,4376.89990234375,827315
2026-09-08,CENTUM,4375.0,4400.0,4250.0,4287.39990234375,92524
2026-09-09,CENTUM,4287.89990234375,4450.0,4258.0,4330.89990234375,94254
2026-09-01,CENTURYPLY,761.4500122070312,763.0999755859375,749.75,755.4500122070312,32019
2026-09-02,CENTURYPLY,754.9500122070312,757.3499755859375,745.0999755859375,748.4500122070312,25519
2026-09-03,CENTURYPLY,748.4500122070312,755.75,744.0,749.2000122070312,21062
2026-09-04,CENTURYPLY,749.9000244140625,755.3499755859375,745.1500244140625,748.4500122070312,17510
2026-09-07,CENTURYPLY,750.25,760.0,736.0999755859375,739.2999877929688,37654
2026-09-08,CENTURYPLY,745.0,749.5,738.0,744.0999755859375,22632
2026-09-09,CENTURYPLY,746.9500122070312,746.9500122070312,736.5499877929688,740.0,27265
2026-09-01,CERA,5762.5,5762.5,5651.0,5717.5,4556
2026-09-02,CERA,5700.0,5712.0,5641.0,5662.5,2090
2026-09-03,CERA,5660.0,5708.5,5640.0,5683.5,2058
2026-09-04,CERA,5800.0,5889.5,5737.5,5787.5,19476
2026-09-07,CERA,5787.5,5799.0,5712.0,5743.5,2629
2026-09-08,CERA,5744.0,5788.0,5710.0,5761.5,3298
2026-09-09,CERA,5761.5,5761.5,5676.0,5688.0,3388
2026-09-01,CESC,146.16000366210938,146.5,144.00999450683594,145.14999389648438,1361771
2026-09-02,CESC,144.52000427246094,147.94000244140625,143.5500030517578,146.44000244140625,1227110
2026-09-03,CESC,147.5,151.11000061035156,147.0,147.9600067138672,1323923
2026-09-04,CESC,148.2899932861328,149.13999938964844,145.91000366210938,146.5,1448303
2026-09-07,CESC,146.5,150.0,145.0,145.44000244140625,1753991
2026-09-08,CESC,145.47000122070312,146.66000366210938,143.89999389648438,146.0500030517578,1580615
2026-09-09,CESC,145.7899932861328,153.4199981689453,145.2100067138672,149.91000366210938,6346511
2026-09-01,CEWATER,268.0,273.3999938964844,260.0,262.70001220703125,29779
2026-09-02,CEWATER,262.0,267.1000061035156,256.70001220703125,263.29998779296875,44650
2026-09-03,CEWATER,263.6499938964844,269.95001220703125,262.70001220703125,265.3999938964844,76096
2026-09-04,CEWATER,266.1499938964844,266.8999938964844,261.0,262.54998779296875,42011
2026-09-07,CEWATER,263.8500061035156,269.0,260.0,265.25,38769
2026-09-08,CEWATER,267.5,269.8999938964844,262.1499938964844,267.0,37639
2026-09-09,CEWATER,268.75,280.04998779296875,264.04998779296875,278.5,163452
2026-09-01,CFEL,30.0,31.89999961853028,29.0,30.8799991607666,69410
2026-09-02,CFEL,31.89999961853028,32.75,31.0,31.799999237060547,18100
2026-09-03,CFEL,31.799999237060547,32.75,31.799999237060547,32.04999923706055,14389
2026-09-04,CFEL,32.099998474121094,32.66999816894531,31.40999984741211,32.47999954223633,14038
2026-09-07,CFEL,31.850000381469727,32.75,31.850000381469727,32.47999954223633,13840
2026-09-08,CFEL,31.559999465942383,32.75,31.5,32.209999084472656,6645
2026-09-09,CFEL,32.5,38.650001525878906,32.04999923706055,38.650001525878906,145133
2026-09-01,CGCL,258.0,258.0,242.3000030517578,250.8999938964844,2645298
2026-09-02,CGCL,250.8500061035156,259.0,249.0,256.6000061035156,3713359
2026-09-03,CGCL,255.0,272.75,254.3000030517578,271.70001220703125,13362145
2026-09-04,CGCL,274.0,284.79998779296875,271.5,279.8999938964844,7594713
2026-09-07,CGCL,282.70001220703125,287.45001220703125,273.1000061035156,275.70001220703125,6271786
2026-09-08,CGCL,276.79998779296875,278.79998779296875,268.1499938964844,270.75,4044474
2026-09-09,CGCL,270.0,274.1000061035156,267.8999938964844,270.0,2170989
2026-09-01,CGPOWER,901.9500122070312,903.5499877929688,881.5999755859375,885.5,2969058
2026-09-02,CGPOWER,878.0499877929688,881.4000244140625,870.0,877.75,2061765
2026-09-03,CGPOWER,879.0,900.6500244140625,875.4000244140625,895.0,2285287
2026-09-04,CGPOWER,895.0,899.7999877929688,888.0499877929688,891.0,2159759
2026-09-07,CGPOWER,902.0,912.0499877929688,894.25,895.0,3937949
2026-09-08,CGPOWER,894.9000244140625,915.0,892.0,910.7000122070312,2618950
2026-09-09,CGPOWER,910.7000122070312,929.5999755859376,910.0,927.9500122070312,2650053
2026-09-01,CGVAK,158.6999969482422,158.6999969482422,151.00999450683594,152.99000549316406,1989
2026-09-02,CGVAK,150.00999450683594,152.97999572753906,148.0,148.92999267578125,1333
2026-09-03,CGVAK,158.0500030517578,158.0500030517578,147.02000427246094,148.00999450683594,1518
2026-09-04,CGVAK,155.0,155.0,148.0,148.2100067138672,1852
2026-09-07,CGVAK,148.1999969482422,152.0,144.0,147.27000427246094,1517
2026-09-08,CGVAK,147.27000427246094,152.99000549316406,144.0,146.5399932861328,3883
2026-09-09,CGVAK,146.5399932861328,151.99000549316406,144.02000427246094,148.52000427246094,369
2026-09-01,CHALET,903.0,939.9500122070312,891.0999755859375,897.5,988080
2026-09-02,CHALET,897.5499877929688,904.7000122070312,884.5,897.9500122070312,70205
2026-09-03,CHALET,905.0,905.0,889.5,890.75,44753
2026-09-04,CHALET,890.0,904.0,888.0499877929688,896.75,87842
2026-09-07,CHALET,900.0,913.4500122070312,893.0999755859375,908.75,144926
2026-09-08,CHALET,907.3499755859376,907.3499755859376,885.6500244140625,897.75,180659
2026-09-09,CHALET,890.0,899.25,885.0,889.8499755859375,40878
2026-09-01,CHAMBLFERT,408.0,413.8500061035156,405.25,412.2999877929688,755291
2026-09-02,CHAMBLFERT,412.3999938964844,414.6499938964844,407.25,411.4500122070313,739003
2026-09-03,CHAMBLFERT,412.6499938964844,423.6000061035156,412.6499938964844,418.2999877929688,933299
2026-09-04,CHAMBLFERT,419.8999938964844,422.9500122070313,418.0499877929688,419.0499877929688,329143
2026-09-07,CHAMBLFERT,420.0,421.9500122070313,416.4500122070313,418.0499877929688,364120
2026-09-08,CHAMBLFERT,416.8500061035156,420.2999877929688,415.0,418.6499938964844,398827
2026-09-09,CHAMBLFERT,414.6000061035156,417.9500122070313,414.5,416.6000061035156,339062
2026-09-01,CHEMBOND,176.9499969482422,176.9499969482422,166.60000610351562,168.99000549316406,5663
2026-09-02,CHEMBOND,174.44000244140625,174.44000244140625,165.61000061035156,167.6699981689453,3886
2026-09-03,CHEMBOND,173.4499969482422,182.7899932861328,170.0,173.02000427246094,26644
2026-09-04,CHEMBOND,178.9600067138672,178.9600067138672,169.00999450683594,170.89999389648438,6660
2026-09-07,CHEMBOND,174.6999969482422,192.0,168.50999450683594,184.3999938964844,33357
2026-09-08,CHEMBOND,190.0,199.0,187.1999969482422,197.72000122070312,63405
2026-09-09,CHEMBOND,204.6000061035156,236.8000030517578,200.5,232.2700042724609,286570
2026-09-01,CHEMBONDCH,255.3999938964844,269.0,255.0,267.6000061035156,6595
2026-09-02,CHEMBONDCH,269.0,276.8999938964844,260.04998779296875,261.3999938964844,8614
2026-09-03,CHEMBONDCH,269.45001220703125,272.0,255.5,259.0,3350
2026-09-04,CHEMBONDCH,261.6000061035156,267.45001220703125,252.0,254.4499969482422,5353
2026-09-07,CHEMBONDCH,259.95001220703125,267.1499938964844,253.0,267.1499938964844,9181
2026-09-08,CHEMBONDCH,272.0,274.0,256.20001220703125,259.95001220703125,6271
2026-09-09,CHEMBONDCH,259.95001220703125,265.95001220703125,258.0,260.0,8342
2026-09-01,CHEMCON,200.759994506836,203.0,196.8999938964844,199.32000732421875,26158
2026-09-02,CHEMCON,198.0,200.3699951171875,195.32000732421875,199.6100006103516,15863
2026-09-03,CHEMCON,202.25,202.25,196.0500030517578,201.2899932861328,23913
2026-09-04,CHEMCON,201.9499969482422,202.3999938964844,197.5500030517578,198.3800048828125,14633
2026-09-07,CHEMCON,200.0,201.8999938964844,196.0,199.5599975585937,24267
2026-09-08,CHEMCON,200.0,209.52999877929688,198.02999877929688,209.52999877929688,88574
2026-09-09,CHEMCON,212.52999877929688,220.0,212.0,220.0,125174
2026-09-01,CHEMCRUX,83.9000015258789,83.9000015258789,82.0,83.23999786376953,4029
2026-09-02,CHEMCRUX,83.23999786376953,83.8499984741211,80.23999786376953,81.5199966430664,3519
2026-09-03,CHEMCRUX,81.94999694824219,83.4000015258789,81.0999984741211,82.4800033569336,2775
2026-09-04,CHEMCRUX,82.0,83.19999694824219,80.05000305175781,82.16000366210938,5344
2026-09-07,CHEMCRUX,79.66000366210938,83.30000305175781,79.66000366210938,82.25,3553
2026-09-08,CHEMCRUX,81.3499984741211,85.19999694824219,81.3499984741211,83.5199966430664,3060
2026-09-09,CHEMCRUX,83.56999969482422,84.0,82.0,83.5,1481
2026-09-01,CHEMFAB,366.5,366.5,352.3999938964844,362.7999877929688,3614
2026-09-02,CHEMFAB,366.0,366.0,351.79998779296875,355.25,2940
2026-09-03,CHEMFAB,364.4500122070313,364.4500122070313,353.1000061035156,358.0,877
2026-09-04,CHEMFAB,364.4500122070313,364.4500122070313,356.04998779296875,360.1000061035156,4597
2026-09-07,CHEMFAB,360.1000061035156,365.8999938964844,350.0,356.04998779296875,2768
2026-09-08,CHEMFAB,364.4500122070313,364.4500122070313,350.1499938964844,354.8999938964844,2418
2026-09-09,CHEMFAB,364.4500122070313,398.1499938964844,351.3999938964844,375.2999877929688,14379
2026-09-01,CHEMPLASTS,175.0,178.4600067138672,167.5500030517578,170.35000610351562,398460
2026-09-02,CHEMPLASTS,171.1300048828125,172.3800048828125,167.61000061035156,169.8300018310547,128382
2026-09-03,CHEMPLASTS,170.0,173.6999969482422,166.14999389648438,167.02999877929688,180682
2026-09-04,CHEMPLASTS,168.0,173.5800018310547,168.0,170.2899932861328,198762
2026-09-07,CHEMPLASTS,170.0,196.9499969482422,169.82000732421875,185.52999877929688,17814333
2026-09-08,CHEMPLASTS,184.0,187.32000732421875,178.25,180.759994506836,811176
2026-09-09,CHEMPLASTS,180.5,180.91000366210932,174.1199951171875,177.83999633789062,265837
2026-09-01,CHENNPETRO,1380.0,1424.4000244140625,1364.199951171875,1387.0,2212980
2026-09-02,CHENNPETRO,1396.5999755859375,1423.5,1382.5,1414.0,1672746
2026-09-03,CHENNPETRO,1421.0999755859375,1470.800048828125,1411.300048828125,1440.0,1827672
2026-09-04,CHENNPETRO,1445.0999755859375,1463.9000244140625,1425.5,1452.199951171875,934269
2026-09-07,CHENNPETRO,1455.0,1461.4000244140625,1417.0,1430.199951171875,567726
2026-09-08,CHENNPETRO,1429.199951171875,1475.0,1415.0999755859375,1457.800048828125,1138754
2026-09-09,CHENNPETRO,1466.5,1604.0,1466.0,1593.199951171875,6372305
2026-09-01,CHEVIOT,1149.0,1159.0,1120.0,1124.5999755859375,572
2026-09-02,CHEVIOT,1112.0999755859375,1159.0,1101.0,1150.5999755859375,1549
2026-09-03,CHEVIOT,1132.199951171875,1155.0,1132.199951171875,1143.0999755859375,550
2026-09-04,CHEVIOT,1143.0,1166.0,1141.0,1159.4000244140625,1428
2026-09-07,CHEVIOT,1189.9000244140625,1244.0999755859375,1177.0,1217.0999755859375,14214
2026-09-08,CHEVIOT,1225.0,1234.9000244140625,1208.0,1214.5999755859375,2630
2026-09-09,CHEVIOT,1205.300048828125,1224.300048828125,1190.199951171875,1190.199951171875,1035
2026-09-01,CHOICEIN,779.7999877929688,784.5,772.0999755859375,774.7000122070312,257538
2026-09-02,CHOICEIN,773.0,774.75,760.0,763.4000244140625,203010
2026-09-03,CHOICEIN,764.9500122070312,772.7999877929688,764.0,768.4500122070312,231618
2026-09-04,CHOICEIN,768.9000244140625,781.2000122070312,756.5,760.9500122070312,567061
2026-09-07,CHOICEIN,762.0,768.9500122070312,751.8499755859375,755.6500244140625,290500
2026-09-08,CHOICEIN,755.9000244140625,757.9500122070312,750.0999755859375,753.4500122070312,291608
2026-09-09,CHOICEIN,752.8499755859375,755.4000244140625,748.0,750.5,168658
2026-09-01,CHOLAFIN,1851.0999755859373,1851.5,1794.0999755859375,1814.699951171875,1873461
2026-09-02,CHOLAFIN,1796.0,1825.9000244140625,1773.5,1825.9000244140625,853169
2026-09-03,CHOLAFIN,1826.0,1858.0,1826.0,1849.300048828125,805773
2026-09-04,CHOLAFIN,1841.0,1859.9000244140625,1828.0,1839.0,677118
2026-09-07,CHOLAFIN,1838.5999755859373,1848.199951171875,1798.300048828125,1848.199951171875,876048
2026-09-08,CHOLAFIN,1834.0,1834.0,1810.0,1823.4000244140625,1040914
2026-09-09,CHOLAFIN,1828.4000244140625,1843.4000244140625,1809.0,1834.9000244140625,673519
2026-09-01,CHOLAHLDNG,1485.0999755859375,1496.0999755859375,1455.0,1475.0,207051
2026-09-02,CHOLAHLDNG,1470.0,1501.0,1437.0,1489.0,143781
2026-09-03,CHOLAHLDNG,1499.699951171875,1509.800048828125,1470.300048828125,1502.800048828125,91933
2026-09-04,CHOLAHLDNG,1516.0,1532.699951171875,1498.300048828125,1525.699951171875,77666
2026-09-07,CHOLAHLDNG,1523.0,1533.0999755859375,1495.300048828125,1520.699951171875,60819
2026-09-08,CHOLAHLDNG,1510.800048828125,1533.300048828125,1500.0,1526.199951171875,134033
2026-09-09,CHOLAHLDNG,1530.0,1533.800048828125,1510.0,1528.0,25907
2026-09-01,CIEINDIA,388.0,393.2000122070313,387.5499877929688,390.8500061035156,267687
2026-09-02,CIEINDIA,392.0,392.0,383.8500061035156,385.0,191339
2026-09-03,CIEINDIA,386.9500122070313,389.0,382.2999877929688,383.9500122070313,322875
2026-09-04,CIEINDIA,387.0,387.0,382.25,385.3500061035156,185100
2026-09-07,CIEINDIA,390.0,390.0,382.2999877929688,383.5499877929688,224191
2026-09-08,CIEINDIA,386.0,386.3500061035156,382.5,383.3999938964844,126768
2026-09-09,CIEINDIA,383.3999938964844,386.5,382.0499877929688,382.6000061035156,162332
2026-09-01,CIFL,20.979999542236328,21.440000534057617,20.299999237060547,20.3799991607666,53100
2026-09-02,CIFL,20.309999465942383,20.63999938964844,20.299999237060547,20.40999984741211,8872
2026-09-03,CIFL,20.43000030517578,21.290000915527344,20.06999969482422,20.170000076293945,84302
2026-09-04,CIFL,20.59000015258789,21.100000381469727,19.799999237060547,19.979999542236328,231565
2026-09-07,CIFL,20.489999771118164,20.75,19.559999465942383,19.88999938964844,1286514
2026-09-08,CIFL,20.39999961853028,20.690000534057617,19.86000061035156,20.15999984741211,309086
2026-09-09,CIFL,20.489999771118164,20.489999771118164,19.89999961853028,20.0,79187
2026-09-01,CINELINE,89.9000015258789,90.0,87.37999725341797,88.94999694824219,11750
2026-09-02,CINELINE,88.9800033569336,89.58999633789062,88.0,88.18000030517578,8621
2026-09-03,CINELINE,89.05000305175781,90.0999984741211,88.0,89.83000183105469,35398
2026-09-04,CINELINE,91.4000015258789,99.4000015258789,90.0999984741211,95.2300033569336,308404
2026-09-07,CINELINE,98.4000015258789,104.4000015258789,95.2300033569336,98.70999908447266,332503
2026-09-08,CINELINE,99.4000015258789,99.4000015258789,94.04000091552734,95.38999938964844,72166
2026-09-09,CINELINE,95.01000213623048,97.3499984741211,93.01000213623048,93.68000030517578,23467
2026-09-01,CINEVISTA,14.350000381469728,14.789999961853027,14.350000381469728,14.380000114440918,9980
2026-09-02,CINEVISTA,14.779999732971191,15.09000015258789,13.960000038146973,14.399999618530272,11609
2026-09-03,CINEVISTA,14.75,14.75,14.119999885559082,14.1899995803833,1135
2026-09-04,CINEVISTA,14.489999771118164,14.979999542236328,14.199999809265137,14.239999771118164,2982
2026-09-07,CINEVISTA,14.520000457763672,14.989999771118164,14.170000076293944,14.25,8091
2026-09-08,CINEVISTA,14.350000381469728,14.81999969482422,14.100000381469728,14.210000038146973,16065
2026-09-09,CINEVISTA,14.699999809265137,14.699999809265137,14.119999885559082,14.3100004196167,4619
2026-09-01,CIPLA,1420.9000244140625,1425.699951171875,1406.5,1423.0,880100
2026-09-02,CIPLA,1414.0,1417.0,1401.199951171875,1412.800048828125,578260
2026-09-03,CIPLA,1414.0,1415.4000244140625,1389.4000244140625,1394.699951171875,549749
2026-09-04,CIPLA,1397.699951171875,1399.0999755859375,1375.5,1385.0,1326180
2026-09-07,CIPLA,1380.0,1395.699951171875,1376.800048828125,1395.0,606468
2026-09-08,CIPLA,1393.4000244140625,1398.4000244140625,1377.199951171875,1384.0,728795
2026-09-09,CIPLA,1380.0,1388.699951171875,1368.9000244140625,1371.300048828125,435299
2026-09-01,CLEAN,826.0,831.9000244140625,817.5499877929688,827.0999755859375,229094
2026-09-02,CLEAN,826.3499755859375,869.0999755859375,815.5,863.1500244140625,1112817
2026-09-03,CLEAN,868.0,874.7999877929688,850.2999877929688,852.9500122070312,582257
2026-09-04,CLEAN,853.5,855.9500122070312,834.0,836.1500244140625,297191
2026-09-07,CLEAN,831.9500122070312,858.7000122070312,829.5999755859375,844.4000244140625,386432
2026-09-08,CLEAN,846.0,849.7000122070312,827.9000244140625,830.25,165860
2026-09-09,CLEAN,831.5999755859375,834.2999877929688,821.0,829.8499755859375,124277
2026-09-01,CLEANMAX,1234.0,1257.0,1192.9000244140625,1249.5,258964
2026-09-02,CLEANMAX,1240.0,1267.0,1225.0999755859375,1257.5999755859375,104707
2026-09-03,CLEANMAX,1290.0,1359.0,1284.5,1298.699951171875,703259
2026-09-04,CLEANMAX,1306.0,1357.9000244140625,1289.699951171875,1347.9000244140625,256257
2026-09-07,CLEANMAX,1344.0,1418.9000244140625,1340.300048828125,1380.4000244140625,347544
2026-09-08,CLEANMAX,1390.0,1403.699951171875,1352.199951171875,1399.199951171875,90310
2026-09-09,CLEANMAX,1390.0,1433.9000244140625,1380.800048828125,1403.199951171875,106186
2026-09-01,CLEDUCATE,62.38999938964844,63.5,59.400001525878906,62.959999084472656,17733
2026-09-02,CLEDUCATE,63.0,63.0,60.209999084472656,60.959999084472656,16196
2026-09-03,CLEDUCATE,62.09999847412109,62.09999847412109,57.91999816894531,59.52999877929688,12557
2026-09-04,CLEDUCATE,58.9900016784668,59.75,56.650001525878906,58.08000183105469,12818
2026-09-07,CLEDUCATE,58.04999923706055,60.97999954223633,56.70000076293945,60.970001220703125,25262
2026-09-08,CLEDUCATE,62.470001220703125,62.470001220703125,58.09999847412109,59.11000061035156,12338
2026-09-09,CLEDUCATE,58.5,60.150001525878906,57.25,60.060001373291016,2427
2026-09-01,CLSEL,300.3999938964844,309.0,298.04998779296875,302.3999938964844,101722
2026-09-02,CLSEL,301.0,306.8500061035156,298.0,301.3999938964844,70678
2026-09-03,CLSEL,303.3999938964844,310.8999938964844,301.1499938964844,304.79998779296875,93210
2026-09-04,CLSEL,302.8999938964844,306.70001220703125,298.04998779296875,301.8999938964844,68370
2026-09-07,CLSEL,301.8999938964844,306.29998779296875,298.6000061035156,299.6499938964844,69317
2026-09-08,CLSEL,299.04998779296875,308.0,296.0,305.6499938964844,125406
2026-09-09,CLSEL,308.5,315.70001220703125,305.0,307.8500061035156,87160
2026-09-01,CMLL,504.3500061035156,508.4500122070313,497.0,501.3999938964844,206242
2026-09-02,CMLL,501.0,521.0,491.0,495.4500122070313,716590
2026-09-03,CMLL,499.0,514.0499877929688,495.6000061035156,501.3999938964844,656637
2026-09-04,CMLL,508.0,517.0499877929688,501.1000061035156,503.0499877929688,314875
2026-09-07,CMLL,504.0499877929688,506.8999938964844,483.6000061035156,490.25,495341
2026-09-08,CMLL,490.25,496.0,481.0,484.3500061035156,273491
2026-09-09,CMLL,487.0,493.3999938964844,481.3500061035156,486.6000061035156,158588
2026-09-01,CMPDI,230.9199981689453,231.8300018310547,221.1000061035156,222.67999267578125,2052412
2026-09-02,CMPDI,222.0,226.3000030517578,219.1999969482422,222.97000122070312,906471
2026-09-03,CMPDI,223.0,241.8999938964844,223.0,239.66000366210932,6449983
2026-09-04,CMPDI,239.38999938964844,244.5500030517578,236.6699981689453,243.9199981689453,2694037
2026-09-07,CMPDI,244.0,247.0,236.6000061035156,240.1199951171875,2756152
2026-09-08,CMPDI,239.5,243.9900054931641,236.1199951171875,236.8500061035156,1033476
2026-09-09,CMPDI,236.8500061035156,237.75,232.5,233.22999572753903,432574
2026-09-01,CMRGREEN,232.0,234.8000030517578,226.6699981689453,231.02999877929688,658143
2026-09-02,CMRGREEN,231.02999877929688,231.02999877929688,223.5800018310547,224.7100067138672,277896
2026-09-03,CMRGREEN,224.7899932861328,232.0,224.7899932861328,230.7400054931641,491856
2026-09-04,CMRGREEN,231.5500030517578,231.5500030517578,225.8099975585937,228.33999633789065,270377
2026-09-07,CMRGREEN,229.0,230.3800048828125,220.0,221.02999877929688,755435
2026-09-08,CMRGREEN,224.3999938964844,226.5,221.0,222.1600036621093,274736
2026-09-09,CMRGREEN,222.8999938964844,223.6999969482422,216.0399932861328,219.0,261655
2026-09-01,CMSINFO,242.6999969482422,248.9900054931641,242.3500061035156,247.6699981689453,623561
2026-09-02,CMSINFO,248.0,254.0,245.6199951171875,249.3000030517578,625944
2026-09-03,CMSINFO,249.3000030517578,251.2400054931641,243.5200042724609,244.8600006103516,318805
2026-09-04,CMSINFO,245.4499969482422,246.94000244140625,241.0,243.4600067138672,528852
2026-09-07,CMSINFO,243.4600067138672,244.97999572753903,238.1100006103516,239.0200042724609,454986
2026-09-08,CMSINFO,239.8999938964844,241.0,236.0,236.5800018310547,427822
2026-09-09,CMSINFO,236.0,236.0,229.0500030517578,229.1499938964844,878969
2026-09-01,CNL,1287.5999755859375,1300.0,1237.199951171875,1245.5,27761
2026-09-02,CNL,1246.0,1270.0,1225.0,1259.5999755859375,17267
2026-09-03,CNL,1265.9000244140625,1268.9000244140625,1235.0,1243.4000244140625,14325
2026-09-04,CNL,1246.5,1247.300048828125,1210.0,1215.5,12127
2026-09-07,CNL,1221.5,1244.9000244140625,1200.0,1209.5,20230
2026-09-08,CNL,1209.5,1215.0,1131.0,1149.199951171875,64047
2026-09-09,CNL,1194.800048828125,1194.800048828125,1150.0,1157.0,10446
2026-09-01,COALINDIA,401.75,407.2000122070313,399.3999938964844,401.6000061035156,6128444
2026-09-02,COALINDIA,408.2000122070313,422.3999938964844,406.5,417.8500061035156,34130970
2026-09-03,COALINDIA,422.0,428.5,416.7999877929688,420.0499877929688,15286175
2026-09-04,COALINDIA,418.0,418.0,412.5499877929688,415.3500061035156,6126850
2026-09-07,COALINDIA,416.6000061035156,420.2999877929688,413.2999877929688,418.8500061035156,13592701
2026-09-08,COALINDIA,418.1000061035156,423.6000061035156,416.0499877929688,420.25,5273145
2026-09-09,COALINDIA,420.8500061035156,435.3500061035156,419.7999877929688,433.0,19992990
2026-09-01,COASTCORP,40.959999084472656,41.0099983215332,39.34999847412109,39.84000015258789,70219
2026-09-02,COASTCORP,39.5,40.58000183105469,39.0,39.400001525878906,59914
2026-09-03,COASTCORP,39.959999084472656,42.0,39.91999816894531,41.93000030517578,124412
2026-09-04,COASTCORP,42.31999969482422,43.09000015258789,41.540000915527344,41.880001068115234,69707
2026-09-07,COASTCORP,41.880001068115234,41.880001068115234,40.11000061035156,40.43999862670898,47462
2026-09-08,COASTCORP,40.9900016784668,41.369998931884766,40.0,40.68999862670898,64164
2026-09-09,COASTCORP,40.959999084472656,40.9900016784668,40.310001373291016,40.63999938964844,20204
2026-09-01,COCHINSHIP,1509.9000244140625,1513.4000244140625,1465.5,1475.9000244140625,404766
2026-09-02,COCHINSHIP,1473.9000244140625,1473.9000244140625,1452.0999755859375,1463.0,327832
2026-09-03,COCHINSHIP,1466.0,1497.0999755859375,1465.0,1486.699951171875,465350
2026-09-04,COCHINSHIP,1488.9000244140625,1522.9000244140625,1486.0,1499.0999755859375,630573
2026-09-07,COCHINSHIP,1498.199951171875,1520.4000244140625,1490.0999755859375,1506.4000244140625,615515
2026-09-08,COCHINSHIP,1506.0,1531.5,1505.0,1528.199951171875,875111
2026-09-09,COCHINSHIP,1528.199951171875,1538.4000244140625,1502.0999755859375,1534.699951171875,537665
2026-09-01,COCKERILL,8171.0,8191.0,7900.0,7968.5,6824
2026-09-02,COCKERILL,7965.0,8049.0,7820.5,8005.0,4052
2026-09-03,COCKERILL,8070.5,8117.0,7950.0,8080.0,3086
2026-09-04,COCKERILL,8095.0,8230.0,8025.5,8193.5,4524
2026-09-07,COCKERILL,8193.0,8244.5,7908.0,8065.5,7820
2026-09-08,COCKERILL,8029.0,8409.0,8006.0,8325.5,11751
2026-09-09,COCKERILL,8305.5,8361.0,8161.0,8207.0,2739
2026-09-01,COFFEEDAY,29.5,30.0,28.549999237060547,29.07999992370605,430259
2026-09-02,COFFEEDAY,29.38999938964844,29.989999771118164,28.89999961853028,29.809999465942383,325805
2026-09-03,COFFEEDAY,29.600000381469727,31.299999237060547,28.559999465942383,31.299999237060547,1070286
2026-09-04,COFFEEDAY,32.20000076293945,32.86000061035156,31.920000076293945,32.86000061035156,1123239
2026-09-07,COFFEEDAY,33.099998474121094,34.2599983215332,31.0,31.1299991607666,2063142
2026-09-08,COFFEEDAY,31.0,34.2400016784668,30.700000762939453,34.2400016784668,2194138
2026-09-09,COFFEEDAY,35.20000076293945,35.34000015258789,32.52000045776367,33.7400016784668,1511344
2026-09-01,COFORGE,1985.300048828125,1994.199951171875,1961.199951171875,1988.9000244140625,2055771
2026-09-02,COFORGE,1970.0,1975.0,1942.0,1965.699951171875,1665060
2026-09-03,COFORGE,1975.0,1975.0,1921.800048828125,1971.800048828125,1898378
2026-09-04,COFORGE,1982.0,1992.9000244140625,1962.4000244140625,1972.800048828125,1108102
2026-09-07,COFORGE,1958.0,1958.5999755859373,1920.4000244140625,1935.0,1187703
2026-09-08,COFORGE,1935.0,1954.4000244140625,1914.0999755859373,1950.0,1594561
2026-09-09,COFORGE,1815.5,1877.5999755859373,1780.699951171875,1854.699951171875,8803974
2026-09-01,COHANCE,458.6000061035156,476.5,455.0,460.0,2194523
2026-09-02,COHANCE,460.0,469.6000061035156,452.2000122070313,458.2999877929688,417152
2026-09-03,COHANCE,462.0,464.75,457.7999877929688,460.8500061035156,540229
2026-09-04,COHANCE,463.2999877929688,470.0,453.6000061035156,456.6000061035156,572792
2026-09-07,COHANCE,450.0,458.2000122070313,443.5,449.5499877929688,843989
2026-09-08,COHANCE,451.7999877929688,460.5,448.1000061035156,451.6000061035156,1832192
2026-09-09,COHANCE,453.8500061035156,455.2000122070313,436.25,442.75,1166356
2026-09-01,COLPAL,1872.5,1873.0,1842.0,1859.800048828125,374486
2026-09-02,COLPAL,1848.800048828125,1862.5999755859373,1831.9000244140625,1861.5,274685
2026-09-03,COLPAL,1863.0,1871.9000244140625,1845.0,1850.0,338701
2026-09-04,COLPAL,1860.0,1863.9000244140625,1829.199951171875,1829.199951171875,562995
2026-09-07,COLPAL,1836.0,1838.9000244140625,1807.300048828125,1813.5,289793
2026-09-08,COLPAL,1814.0,1841.300048828125,1799.0999755859375,1819.9000244140625,214049
2026-09-09,COLPAL,1815.0,1815.0,1789.800048828125,1800.300048828125,380885
2026-09-01,COMFINTE,6.260000228881836,6.380000114440918,6.0,6.199999809265137,220246
2026-09-02,COMFINTE,6.300000190734863,6.300000190734863,6.150000095367432,6.230000019073486,116294
2026-09-03,COMFINTE,6.150000095367432,6.400000095367432,6.099999904632568,6.190000057220459,153288
2026-09-04,COMFINTE,6.150000095367432,6.260000228881836,6.070000171661377,6.210000038146973,114743
2026-09-07,COMFINTE,6.21999979019165,6.300000190734863,6.0,6.110000133514404,138631
2026-09-08,COMFINTE,6.130000114440918,6.28000020980835,6.010000228881836,6.110000133514404,47608
2026-09-09,COMFINTE,6.190000057220459,6.190000057220459,6.039999961853027,6.119999885559082,82123
2026-09-01,COMPEAU,360.0,365.0,355.0,359.6499938964844,2287
2026-09-02,COMPEAU,359.5,366.0,354.0,354.0,561
2026-09-03,COMPEAU,379.7000122070313,379.7000122070313,340.0,361.7999877929688,12987
2026-09-04,COMPEAU,368.7000122070313,379.9500122070313,353.0,371.7999877929688,2858
2026-09-07,COMPEAU,371.5,371.5,350.0,353.0,250
2026-09-08,COMPEAU,353.0,370.0,345.0,369.0,1017
2026-09-09,COMPEAU,361.0499877929688,368.0,355.0,367.0,1058
2026-09-01,COMPINFO,1.0700000524520874,1.1100000143051147,1.0399999618530271,1.1100000143051147,22469
2026-09-02,COMPINFO,1.1200000047683716,1.149999976158142,1.059999942779541,1.0700000524520874,11679
2026-09-03,COMPINFO,1.0700000524520874,1.1200000047683716,1.0399999618530271,1.0700000524520874,13144
2026-09-04,COMPINFO,1.0499999523162842,1.1100000143051147,1.0299999713897705,1.090000033378601,24498
2026-09-07,COMPINFO,1.090000033378601,1.100000023841858,1.059999942779541,1.059999942779541,10515
2026-09-08,COMPINFO,1.059999942779541,1.100000023841858,1.0099999904632568,1.0099999904632568,74562
2026-09-09,COMPINFO,1.0299999713897705,1.059999942779541,1.0299999713897705,1.0299999713897705,6416
2026-09-01,COMPUSOFT,13.489999771118164,13.649999618530272,13.300000190734863,13.479999542236328,19771
2026-09-02,COMPUSOFT,13.609999656677246,13.609999656677246,13.0,13.380000114440918,17899
2026-09-03,COMPUSOFT,13.460000038146973,13.470000267028809,12.829999923706056,12.890000343322754,46892
2026-09-04,COMPUSOFT,13.199999809265137,13.199999809265137,12.619999885559082,13.020000457763672,23203
2026-09-07,COMPUSOFT,13.039999961853027,13.260000228881836,13.020000457763672,13.15999984741211,32153
2026-09-08,COMPUSOFT,13.140000343322754,13.279999732971191,13.0,13.149999618530272,23530
2026-09-09,COMPUSOFT,13.199999809265137,13.199999809265137,13.100000381469728,13.199999809265137,4519
2026-09-01,COMSYN,299.0,309.8999938964844,290.0,304.3500061035156,1215635
2026-09-02,COMSYN,302.6000061035156,314.8500061035156,297.0,302.6499938964844,113506
2026-09-03,COMSYN,301.79998779296875,309.45001220703125,296.54998779296875,302.70001220703125,64663
2026-09-04,COMSYN,300.5,306.0,285.29998779296875,301.29998779296875,108742
2026-09-07,COMSYN,303.0,304.0,291.79998779296875,294.20001220703125,242835
2026-09-08,COMSYN,295.5,307.20001220703125,286.1000061035156,301.8500061035156,1546418
2026-09-09,COMSYN,305.29998779296875,307.0,298.29998779296875,301.3500061035156,576605
2026-09-01,CONCOR,516.9000244140625,518.75,510.5,514.0,1247573
2026-09-02,CONCOR,510.0,520.75,508.25,510.0,2202359
2026-09-03,CONCOR,511.0,516.0,507.25,508.8500061035156,495860
2026-09-04,CONCOR,508.7999877929688,509.6499938964844,502.0,508.0,1107962
2026-09-07,CONCOR,507.8999938964844,510.2999877929688,501.2999877929688,503.8999938964844,705152
2026-09-08,CONCOR,503.0,512.7999877929688,499.0499877929688,502.0,924971
2026-09-09,CONCOR,502.0,512.4500122070312,499.5,510.7999877929688,880306
2026-09-01,CONCORDBIO,1458.9000244140625,1499.4000244140625,1442.4000244140625,1484.300048828125,198238
2026-09-02,CONCORDBIO,1485.0,1492.800048828125,1440.9000244140625,1444.800048828125,90956
2026-09-03,CONCORDBIO,1450.9000244140625,1461.800048828125,1435.0,1447.699951171875,69958
2026-09-04,CONCORDBIO,1450.0,1450.4000244140625,1411.5999755859375,1417.0999755859375,59142
2026-09-07,CONCORDBIO,1417.0999755859375,1456.0999755859375,1417.0,1443.199951171875,62090
2026-09-08,CONCORDBIO,1443.199951171875,1492.0,1437.800048828125,1470.5,201946
2026-09-09,CONCORDBIO,1474.0,1474.0,1447.5999755859375,1464.0,93017
2026-09-01,CONFIPET,81.9000015258789,81.9000015258789,78.5999984741211,80.33999633789062,1499783
2026-09-02,CONFIPET,80.11000061035156,84.4000015258789,78.8499984741211,82.55000305175781,5113322
2026-09-03,CONFIPET,82.55000305175781,88.2699966430664,82.0,84.27999877929688,7328054
2026-09-04,CONFIPET,84.69999694824219,85.30000305175781,82.0,82.4800033569336,2371168
2026-09-07,CONFIPET,82.4800033569336,85.19999694824219,82.0,82.18000030517578,2942312
2026-09-08,CONFIPET,82.87999725341797,85.0,82.0,82.48999786376953,3653848
2026-09-09,CONFIPET,82.9800033569336,90.0,82.9800033569336,90.0,10645120
2026-09-01,CONSOFINVT,267.0,277.0,264.0,264.0,3589
2026-09-02,CONSOFINVT,276.8999938964844,276.8999938964844,266.0,266.25,1836
2026-09-03,CONSOFINVT,278.8999938964844,279.54998779296875,270.1000061035156,274.6000061035156,12659
2026-09-04,CONSOFINVT,288.29998779296875,288.29998779296875,288.29998779296875,288.29998779296875,21811
2026-09-07,CONSOFINVT,302.70001220703125,302.70001220703125,302.70001220703125,302.70001220703125,29631
2026-09-08,CONSOFINVT,317.79998779296875,317.79998779296875,292.0,317.45001220703125,88010
2026-09-09,CONSOFINVT,315.0,315.0,301.6000061035156,304.20001220703125,6263
2026-09-01,CONTROLPR,601.0,611.2000122070312,592.0,597.7999877929688,38147
2026-09-02,CONTROLPR,597.7999877929688,607.0,588.0,603.2999877929688,64466
2026-09-03,CONTROLPR,609.5,610.0,590.2000122070312,600.2999877929688,20772
2026-09-04,CONTROLPR,602.0,602.0,591.1500244140625,593.3499755859375,7641
2026-09-07,CONTROLPR,596.2999877929688,608.0,589.5499877929688,600.2000122070312,13181
2026-09-08,CONTROLPR,600.9500122070312,602.0,592.5,593.2999877929688,12773
2026-09-09,CONTROLPR,587.7000122070312,592.6500244140625,583.2000122070312,586.4500122070312,7763
2026-09-01,CORALFINAC,32.86000061035156,34.34000015258789,32.0,32.209999084472656,16429
2026-09-02,CORALFINAC,33.0,33.0,32.0099983215332,32.36000061035156,17316
2026-09-03,CORALFINAC,32.04999923706055,33.88999938964844,32.04999923706055,32.939998626708984,11902
2026-09-04,CORALFINAC,33.58000183105469,34.0,32.31999969482422,33.470001220703125,13197
2026-09-07,CORALFINAC,32.810001373291016,33.4900016784668,32.5099983215332,32.68000030517578,3658
2026-09-08,CORALFINAC,32.84000015258789,33.869998931884766,32.0,32.58000183105469,19540
2026-09-09,CORALFINAC,33.400001525878906,33.400001525878906,31.530000686645508,31.950000762939453,29566
2026-09-01,CORDELIA,103.6500015258789,104.8000030517578,100.8000030517578,103.91999816894533,1301291
2026-09-02,CORDELIA,103.8000030517578,103.8000030517578,100.8000030517578,101.88999938964844,1054722
2026-09-03,CORDELIA,101.38999938964844,103.29000091552734,101.0999984741211,101.87000274658205,635189
2026-09-04,CORDELIA,102.5,106.95999908447266,101.80999755859376,103.9000015258789,2698667
2026-09-07,CORDELIA,103.9000015258789,109.08999633789062,102.01000213623048,109.08000183105467,3042994
2026-09-08,CORDELIA,110.0,110.48999786376952,104.25,106.72000122070312,2061306
2026-09-09,CORDELIA,106.62000274658205,108.7699966430664,104.16000366210938,104.75,1033726
2026-09-01,CORDSCABLE,285.0,316.0,282.5,312.95001220703125,799500
2026-09-02,CORDSCABLE,319.8500061035156,329.29998779296875,305.5,315.5,516769
2026-09-03,CORDSCABLE,323.8999938964844,323.8999938964844,287.20001220703125,302.8999938964844,259816
2026-09-04,CORDSCABLE,306.0,330.0,306.0,317.0,264160
2026-09-07,CORDSCABLE,324.0,324.0,302.0,313.3500061035156,194076
2026-09-08,CORDSCABLE,314.8500061035156,376.0,303.0,372.75,1937988
2026-09-09,CORDSCABLE,379.7000122070313,394.8999938964844,341.6000061035156,365.3500061035156,1392932
2026-09-01,COROMANDEL,1908.0,1936.800048828125,1890.199951171875,1922.9000244140625,59054
2026-09-02,COROMANDEL,1916.0999755859373,1929.5,1890.0,1914.5999755859373,95960
2026-09-03,COROMANDEL,1916.0,1952.300048828125,1914.0999755859373,1931.300048828125,106307
2026-09-04,COROMANDEL,1927.0,1948.300048828125,1927.0,1938.800048828125,143726
2026-09-07,COROMANDEL,1937.0999755859373,1980.0,1925.0999755859373,1974.5999755859373,86472
2026-09-08,COROMANDEL,1979.0,1979.0999755859373,1940.5,1951.0999755859373,61408
2026-09-09,COROMANDEL,1946.0999755859373,1959.0,1918.0999755859373,1959.0,51824
2026-09-01,CORONA,2060.0,2061.10009765625,2021.0,2033.300048828125,32850
2026-09-02,CORONA,2031.0,2073.10009765625,2020.199951171875,2054.199951171875,9979
2026-09-03,CORONA,2063.0,2138.0,2041.800048828125,2127.800048828125,23122
2026-09-04,CORONA,2121.0,2150.39990234375,2090.800048828125,2100.10009765625,12081
2026-09-07,CORONA,2100.0,2108.60009765625,2056.699951171875,2071.39990234375,8419
2026-09-08,CORONA,2093.39990234375,2107.5,2054.800048828125,2093.199951171875,9813
2026-09-09,CORONA,2175.0,2246.89990234375,2150.0,2167.199951171875,224075
2026-09-01,COSMOFIRST,934.0,996.0,933.0,949.6500244140624,458088
2026-09-02,COSMOFIRST,950.2000122070312,966.0,938.8499755859376,952.8499755859376,136691
2026-09-03,COSMOFIRST,960.0,962.5499877929688,935.2000122070312,940.1500244140624,79402
2026-09-04,COSMOFIRST,938.7000122070312,943.0999755859376,916.0,919.8499755859376,66169
2026-09-07,COSMOFIRST,919.8499755859376,932.9000244140624,918.4000244140624,926.2999877929688,55031
2026-09-08,COSMOFIRST,935.4000244140624,935.4000244140624,905.0,909.1500244140624,40826
2026-09-09,COSMOFIRST,909.1500244140624,914.9000244140624,899.7999877929688,911.9500122070312,36782
2026-09-01,COUNCODOS,6.670000076293945,6.889999866485596,6.590000152587891,6.71999979019165,67780
2026-09-02,COUNCODOS,6.699999809265137,6.880000114440918,6.610000133514404,6.699999809265137,13720
2026-09-03,COUNCODOS,6.820000171661377,6.820000171661377,6.510000228881836,6.519999980926514,35217
2026-09-04,COUNCODOS,6.650000095367432,6.650000095367432,6.440000057220459,6.449999809265137,11466
2026-09-07,COUNCODOS,6.440000057220459,6.639999866485596,6.400000095367432,6.510000228881836,20948
2026-09-08,COUNCODOS,6.579999923706055,6.579999923706055,6.309999942779541,6.510000228881836,14203
2026-09-09,COUNCODOS,6.570000171661377,6.570000171661377,6.309999942779541,6.5,94356
2026-09-01,CPCAP,119.45999908447266,120.5,116.0,117.72000122070312,34895
2026-09-02,CPCAP,118.33000183105467,118.5,113.0,115.16000366210938,7926
2026-09-03,CPCAP,114.58999633789062,118.79000091552734,114.58999633789062,118.3000030517578,17059
2026-09-04,CPCAP,121.69000244140624,139.7899932861328,117.25,128.3300018310547,85391
2026-09-07,CPCAP,129.10000610351562,140.6999969482422,128.11000061035156,135.88999938964844,111085
2026-09-08,CPCAP,140.0,142.0,136.10000610351562,137.36000061035156,88590
2026-09-09,CPCAP,135.0500030517578,137.0500030517578,133.2100067138672,135.5,18235
2026-09-01,CPEDU,183.08999633789065,189.0,181.5,183.27999877929688,5989
2026-09-02,CPEDU,178.0,189.0,178.0,186.92999267578125,2202
2026-09-03,CPEDU,186.92999267578125,192.0500030517578,184.6300048828125,189.759994506836,3530
2026-09-04,CPEDU,190.38999938964844,195.009994506836,188.47999572753903,191.97000122070312,5928
2026-09-07,CPEDU,194.0,198.0,190.0,195.3099975585937,12394
2026-09-08,CPEDU,198.5,198.5,189.1999969482422,191.3500061035156,1581
2026-09-09,CPEDU,192.0,195.0,190.0,190.5,986
2026-09-01,CPL,63.09999847412109,65.7300033569336,63.09999847412109,64.2699966430664,123324
2026-09-02,CPL,63.060001373291016,65.16999816894531,61.52000045776367,61.869998931884766,144900
2026-09-03,CPL,62.16999816894531,63.9900016784668,62.0,62.400001525878906,118923
2026-09-04,CPL,62.400001525878906,62.900001525878906,61.45000076293945,62.11000061035156,138710
2026-09-07,CPL,62.59999847412109,63.4900016784668,62.09999847412109,62.27999877929688,117100
2026-09-08,CPL,62.34999847412109,67.80000305175781,62.34999847412109,66.77999877929688,201784
2026-09-09,CPL,66.77999877929688,68.48999786376953,65.5199966430664,68.2699966430664,122742
2026-09-01,CPPLUS,3566.0,3741.0,3491.10009765625,3726.89990234375,504187
2026-09-02,CPPLUS,3742.0,3787.60009765625,3665.199951171875,3721.39990234375,222182
2026-09-03,CPPLUS,3700.0,3770.10009765625,3616.10009765625,3751.300048828125,167204
2026-09-04,CPPLUS,3752.699951171875,3797.89990234375,3645.0,3704.60009765625,202259
2026-09-07,CPPLUS,3705.0,3803.10009765625,3705.0,3752.89990234375,170197
2026-09-08,CPPLUS,3762.5,3850.0,3690.0,3828.800048828125,169118
2026-09-09,CPPLUS,3850.0,3887.199951171875,3741.60009765625,3788.699951171875,123585
2026-09-01,CRAFTSMAN,11221.0,11498.0,11000.0,11253.0,144450
2026-09-02,CRAFTSMAN,11215.0,11215.0,10927.0,10999.0,43059
2026-09-03,CRAFTSMAN,11011.0,11315.0,11011.0,11220.0,35157
2026-09-04,CRAFTSMAN,11248.0,11539.0,11097.0,11398.0,28595
2026-09-07,CRAFTSMAN,11456.0,11456.0,11100.0,11297.0,27397
2026-09-08,CRAFTSMAN,11343.0,11542.0,11297.0,11406.0,22657
2026-09-09,CRAFTSMAN,11406.0,11694.0,11317.0,11638.0,24289
2026-09-01,CRAMC,259.1499938964844,259.6000061035156,254.0500030517578,255.3500061035156,370716
2026-09-02,CRAMC,255.0,255.0,251.5,252.8500061035156,166410
2026-09-03,CRAMC,252.8500061035156,254.6999969482422,250.0500030517578,251.1999969482422,292937
2026-09-04,CRAMC,252.1000061035156,254.0,250.0,251.5,177971
2026-09-07,CRAMC,253.0,253.9499969482422,248.1499938964844,249.25,153117
2026-09-08,CRAMC,246.8500061035156,247.1999969482422,238.0,242.25,1912939
2026-09-09,CRAMC,241.25,243.6000061035156,236.8500061035156,238.1999969482422,457495
2026-09-01,CRAVATEX,322.25,322.25,314.1000061035156,318.1000061035156,181
2026-09-02,CRAVATEX,339.0,339.0,339.0,339.0,1
2026-09-03,CRAVATEX,335.0,335.0,323.20001220703125,326.75,37
2026-09-04,CRAVATEX,326.75,339.8999938964844,314.95001220703125,329.5,1353
2026-09-07,CRAVATEX,335.0,335.0,320.20001220703125,322.04998779296875,207
2026-09-08,CRAVATEX,337.95001220703125,339.8999938964844,315.0,317.3500061035156,1220
2026-09-09,CRAVATEX,316.25,321.0,313.1000061035156,318.0,282
2026-09-01,CREATIVEYE,6.010000228881836,6.199999809265137,5.599999904632568,6.090000152587891,11781
2026-09-02,CREATIVEYE,6.179999828338623,6.179999828338623,6.0,6.150000095367432,1356
2026-09-03,CREATIVEYE,6.159999847412109,6.159999847412109,6.0,6.130000114440918,1136
2026-09-04,CREATIVEYE,6.150000095367432,6.25,5.889999866485596,6.190000057220459,16063
2026-09-07,CREATIVEYE,6.190000057220459,6.25,6.03000020980835,6.179999828338623,5428
2026-09-08,CREATIVEYE,6.010000228881836,6.230000019073486,5.949999809265137,6.090000152587891,7155
2026-09-09,CREATIVEYE,6.190000057220459,6.190000057220459,6.010000228881836,6.139999866485596,2080
2026-09-01,CREDITACC,1365.9000244140625,1413.0999755859375,1348.5999755859375,1393.300048828125,559605
2026-09-02,CREDITACC,1379.0,1410.9000244140625,1362.199951171875,1403.4000244140625,394282
2026-09-03,CREDITACC,1405.0,1449.0,1400.5,1437.4000244140625,236730
2026-09-04,CREDITACC,1453.9000244140625,1468.0,1438.0,1443.0999755859375,217925
2026-09-07,CREDITACC,1448.0,1448.5,1420.0,1427.199951171875,110842
2026-09-08,CREDITACC,1425.0,1429.9000244140625,1392.5,1417.0999755859375,105656
2026-09-09,CREDITACC,1417.0999755859375,1420.300048828125,1397.699951171875,1406.9000244140625,72228
2026-09-01,CREST,364.1000061035156,374.8999938964844,363.0,364.4500122070313,369
2026-09-02,CREST,357.0,370.0,357.0,364.9500122070313,4044
2026-09-03,CREST,360.6000061035156,374.0,359.0,365.2999877929688,5698
2026-09-04,CREST,369.8999938964844,369.8999938964844,356.20001220703125,359.0,1505
2026-09-07,CREST,357.3500061035156,375.0,351.75,370.6499938964844,5279
2026-09-08,CREST,366.0,368.0,356.5,362.3500061035156,7147
2026-09-09,CREST,356.0,364.2000122070313,354.1000061035156,360.0,2522
2026-09-01,CRISIL,4821.7998046875,4859.0,4760.10009765625,4829.5,60880
2026-09-02,CRISIL,4770.2998046875,4793.2001953125,4672.0,4701.7001953125,40753
2026-09-03,CRISIL,4725.2001953125,4800.0,4712.7998046875,4759.7001953125,37114
2026-09-04,CRISIL,4775.0,4872.0,4726.2998046875,4802.0,184833
2026-09-07,CRISIL,4800.0,4838.7001953125,4769.0,4786.60009765625,26082
2026-09-08,CRISIL,4786.60009765625,4819.89990234375,4603.10009765625,4754.5,26735
2026-09-09,CRISIL,4765.0,4765.0,4677.2001953125,4706.0,11223
2026-09-01,CRIZAC,165.89999389648438,167.2100067138672,162.11000061035156,164.6300048828125,435251
2026-09-02,CRIZAC,164.9499969482422,170.4199981689453,161.66000366210938,165.3000030517578,380389
2026-09-03,CRIZAC,165.99000549316406,166.5,162.0,162.27000427246094,220265
2026-09-04,CRIZAC,163.0,163.77000427246094,159.9499969482422,160.2899932861328,294106
2026-09-07,CRIZAC,160.30999755859375,164.7899932861328,160.11000061035156,162.14999389648438,199395
2026-09-08,CRIZAC,173.8000030517578,178.36000061035156,170.97000122070312,171.94000244140625,1555173
2026-09-09,CRIZAC,171.94000244140625,175.4499969482422,168.41000366210938,174.5,309312
2026-09-01,CROMPTON,235.7700042724609,235.7700042724609,230.1999969482422,231.1000061035156,3046723
2026-09-02,CROMPTON,230.8999938964844,230.8999938964844,226.0500030517578,227.72000122070312,3476670
2026-09-03,CROMPTON,228.0,229.6100006103516,226.0599975585937,226.509994506836,1839272
2026-09-04,CROMPTON,227.63999938964844,235.47000122070312,226.2700042724609,232.3999938964844,4443658
2026-09-07,CROMPTON,231.9900054931641,233.17999267578125,229.6300048828125,231.0200042724609,1668484
2026-09-08,CROMPTON,230.8000030517578,234.3999938964844,227.5599975585937,231.8999938964844,3241817
2026-09-09,CROMPTON,229.9499969482422,234.4199981689453,228.57000732421875,234.0,3067141
2026-09-01,CROWN,107.9000015258789,111.4000015258789,104.1999969482422,109.04000091552734,37268
2026-09-02,CROWN,110.9000015258789,112.0,107.20999908447266,108.2699966430664,7390
2026-09-03,CROWN,109.9000015258789,114.0,109.13999938964844,111.8000030517578,18026
2026-09-04,CROWN,114.4499969482422,114.69000244140624,110.02999877929688,112.83999633789062,37657
2026-09-07,CROWN,114.6999969482422,117.8000030517578,114.0,115.38999938964844,18928
2026-09-08,CROWN,117.3499984741211,117.3499984741211,114.01000213623048,115.58000183105467,11590
2026-09-09,CROWN,116.9000015258789,117.0,115.01000213623048,116.1500015258789,9698
2026-09-01,CRSL,2.809999942779541,2.880000114440918,2.809999942779541,2.880000114440918,348057
2026-09-02,CRSL,2.940000057220459,2.950000047683716,2.740000009536743,2.740000009536743,397232
2026-09-03,CRSL,2.609999895095825,2.609999895095825,2.609999895095825,2.609999895095825,156785
2026-09-04,CRSL,2.609999895095825,2.740000009536743,2.4800000190734863,2.7300000190734863,702306
2026-09-07,CRSL,2.759999990463257,2.8399999141693115,2.609999895095825,2.630000114440918,570828
2026-09-08,CRSL,2.609999895095825,2.6700000762939453,2.5,2.539999961853028,557743
2026-09-09,CRSL,2.5,2.6600000858306885,2.4600000381469727,2.619999885559082,283733
2026-09-01,CSBBANK,342.54998779296875,342.79998779296875,335.1499938964844,338.95001220703125,653928
2026-09-02,CSBBANK,337.1000061035156,338.0,328.70001220703125,331.6499938964844,340893
2026-09-03,CSBBANK,331.6499938964844,335.0,321.95001220703125,324.95001220703125,573086
2026-09-04,CSBBANK,325.1499938964844,331.6499938964844,320.79998779296875,328.54998779296875,658990
2026-09-07,CSBBANK,328.3999938964844,328.3999938964844,318.75,321.1499938964844,389782
2026-09-08,CSBBANK,323.0,323.0,311.1499938964844,312.8500061035156,634841
2026-09-09,CSBBANK,314.8999938964844,314.8999938964844,306.20001220703125,309.45001220703125,590709
2026-09-01,CSLFINANCE,240.0,244.42999267578125,236.0,236.9199981689453,55083
2026-09-02,CSLFINANCE,239.9499969482422,242.0,230.6499938964844,239.0500030517578,46180
2026-09-03,CSLFINANCE,243.9900054931641,245.58999633789065,240.6000061035156,243.8600006103516,28628
2026-09-04,CSLFINANCE,245.5800018310547,254.6999969482422,245.5800018310547,251.7700042724609,94290
2026-09-07,CSLFINANCE,254.8999938964844,258.0,237.67999267578125,243.6100006103516,136741
2026-09-08,CSLFINANCE,245.63999938964844,248.4600067138672,240.5,241.8500061035156,37446
2026-09-09,CSLFINANCE,241.8500061035156,246.38999938964844,238.41000366210932,241.6100006103516,55384
2026-09-01,CSM,96.3499984741211,96.79000091552734,93.20999908447266,94.48999786376952,121136
2026-09-02,CSM,94.48999786376952,96.3000030517578,93.12000274658205,95.94000244140624,130639
2026-09-03,CSM,96.0,96.41999816894533,93.1999969482422,94.0,52817
2026-09-04,CSM,93.98999786376952,94.77999877929688,93.4000015258789,94.36000061035156,80421
2026-09-07,CSM,94.0,95.0,92.66999816894533,93.56999969482422,104718
2026-09-08,CSM,95.0,95.23999786376952,93.0,94.12999725341795,51809
2026-09-09,CSM,94.9499969482422,94.9499969482422,92.8000030517578,92.9499969482422,27643
2026-09-01,CTE,45.369998931884766,46.95000076293945,43.310001373291016,44.77999877929688,18933
2026-09-02,CTE,44.0,44.5,42.70000076293945,43.15999984741211,6771
2026-09-03,CTE,43.15999984741211,43.15999984741211,41.0099983215332,41.02999877929688,32413
2026-09-04,CTE,41.0099983215332,42.7400016784668,39.5099983215332,41.81999969482422,11345
2026-09-07,CTE,42.65999984741211,43.4900016784668,40.66999816894531,41.84999847412109,8931
2026-09-08,CTE,42.2599983215332,42.2599983215332,41.09999847412109,41.77000045776367,4642
2026-09-09,CTE,41.77999877929688,43.0,41.209999084472656,42.84999847412109,3243
2026-09-01,CUB,228.009994506836,235.9900054931641,225.33999633789065,234.9900054931641,2919901
2026-09-02,CUB,231.8999938964844,231.8999938964844,226.3999938964844,230.6100006103516,2227407
2026-09-03,CUB,230.3999938964844,239.8800048828125,230.3999938964844,234.3600006103516,2859810
2026-09-04,CUB,234.0,242.8999938964844,233.69000244140625,236.009994506836,2621193
2026-09-07,CUB,235.5,248.8500061035156,234.1999969482422,238.47999572753903,6586154
2026-09-08,CUB,238.6000061035156,239.1699981689453,232.1600036621093,232.97000122070312,1107627
2026-09-09,CUB,232.9499969482422,235.57000732421875,230.22999572753903,232.3800048828125,685267
2026-09-01,CUBEXTUB,78.19999694824219,78.19999694824219,76.25,76.81999969482422,25269
2026-09-02,CUBEXTUB,76.80999755859375,76.95999908447266,75.5,76.06999969482422,22424
2026-09-03,CUBEXTUB,76.11000061035156,78.19999694824219,76.11000061035156,76.41000366210938,22051
2026-09-04,CUBEXTUB,76.5999984741211,78.66000366210938,75.94999694824219,76.80000305175781,48940
2026-09-07,CUBEXTUB,77.9800033569336,77.9800033569336,76.01000213623047,76.25,36300
2026-09-08,CUBEXTUB,76.81999969482422,80.0,76.81999969482422,78.87999725341797,63102
2026-09-09,CUBEXTUB,79.9000015258789,82.0,79.18000030517578,80.44000244140625,73843
2026-09-01,CUMMINSIND,5093.5,5115.0,5054.5,5105.0,430883
2026-09-02,CUMMINSIND,5089.0,5089.0,5001.0,5088.5,368600
2026-09-03,CUMMINSIND,5088.5,5118.0,5035.5,5071.0,180394
2026-09-04,CUMMINSIND,5071.0,5083.0,5013.0,5035.0,483825
2026-09-07,CUMMINSIND,5035.0,5072.0,4985.0,5030.0,201773
2026-09-08,CUMMINSIND,5007.0,5040.0,4965.0,5040.0,457631
2026-09-09,CUMMINSIND,5020.0,5182.5,5020.0,5171.5,313052
2026-09-01,CUPID,280.0,282.6499938964844,266.5,275.04998779296875,17011348
2026-09-02,CUPID,275.04998779296875,282.29998779296875,274.0,280.70001220703125,9328144
2026-09-03,CUPID,281.8500061035156,283.20001220703125,277.04998779296875,279.95001220703125,7090318
2026-09-04,CUPID,280.0,287.0,280.0,283.1499938964844,8434946
2026-09-07,CUPID,283.70001220703125,285.79998779296875,280.04998779296875,280.95001220703125,5517341
2026-09-08,CUPID,281.0,282.3500061035156,272.20001220703125,274.79998779296875,7752087
2026-09-09,CUPID,275.3999938964844,280.5,265.45001220703125,275.45001220703125,20702062
2026-09-01,CURAA,64.08000183105469,69.0,63.54999923706055,67.0,360
2026-09-02,CURAA,68.33999633789062,68.5,67.0,67.04000091552734,39
2026-09-03,CURAA,66.0999984741211,69.4000015258789,66.0,66.19999694824219,295
2026-09-04,CURAA,78.5,78.5,60.0,72.45999908447266,2020
2026-09-07,CURAA,76.0,80.0,76.0,77.95999908447266,2646
2026-09-08,CURAA,84.0,84.0,76.0,78.0,671
2026-09-09,CURAA,76.8499984741211,77.4000015258789,74.5,75.19999694824219,304
2026-09-01,CYBERMEDIA,18.36000061035156,19.989999771118164,18.100000381469727,18.65999984741211,96734
2026-09-02,CYBERMEDIA,19.0,20.049999237060547,18.11000061035156,19.89999961853028,83153
2026-09-03,CYBERMEDIA,20.86000061035156,23.8799991607666,20.799999237060547,23.8799991607666,323193
2026-09-04,CYBERMEDIA,25.89999961853028,28.450000762939453,22.200000762939453,26.39999961853028,2157521
2026-09-07,CYBERMEDIA,26.81999969482422,28.989999771118164,26.39999961853028,26.56999969482422,438940
2026-09-08,CYBERMEDIA,26.40999984741211,26.81999969482422,23.920000076293945,23.920000076293945,116773
2026-09-09,CYBERMEDIA,22.739999771118164,22.739999771118164,22.729999542236328,22.729999542236328,28484
2026-09-01,CYBERTECH,133.07000732421875,134.85000610351562,132.0,132.91000366210938,8575
2026-09-02,CYBERTECH,133.99000549316406,133.99000549316406,132.00999450683594,133.35000610351562,6781
2026-09-03,CYBERTECH,134.39999389648438,134.5,132.0,132.27000427246094,7945
2026-09-04,CYBERTECH,134.38999938964844,134.38999938964844,132.5,133.36000061035156,6933
2026-09-07,CYBERTECH,133.0,134.99000549316406,132.5,134.0,19142
2026-09-08,CYBERTECH,134.0,140.6999969482422,133.0,139.25999450683594,29551
2026-09-09,CYBERTECH,140.6999969482422,142.5,140.0,142.5,22065
2026-09-01,CYIENT,1219.0,1219.0,1145.5,1164.5999755859375,1708736
2026-09-02,CYIENT,1150.0,1150.0,1114.5,1122.199951171875,820374
2026-09-03,CYIENT,1121.0999755859375,1128.9000244140625,1100.0999755859375,1111.300048828125,370710
2026-09-04,CYIENT,1111.300048828125,1131.699951171875,1096.199951171875,1101.800048828125,327209
2026-09-07,CYIENT,1098.0999755859375,1117.5999755859375,1074.199951171875,1105.4000244140625,362143
2026-09-08,CYIENT,1100.0,1100.0,1078.0,1086.300048828125,261888
2026-09-09,CYIENT,1066.300048828125,1091.5999755859375,1058.4000244140625,1082.4000244140625,274971
2026-09-01,CYIENTDLM,846.0,869.9500122070312,837.7999877929688,857.2000122070312,1322733
2026-09-02,CYIENTDLM,852.0,865.0999755859375,836.0499877929688,854.75,581016
2026-09-03,CYIENTDLM,857.4000244140625,861.0,829.0499877929688,836.5499877929688,360250
2026-09-04,CYIENTDLM,833.7999877929688,894.0,830.0,856.9500122070312,1201568
2026-09-07,CYIENTDLM,856.0,873.9000244140625,851.9500122070312,865.3499755859375,271096
2026-09-08,CYIENTDLM,867.2999877929688,1009.0,867.2999877929688,976.25,3128714
2026-09-09,CYIENTDLM,980.0,989.9500122070312,944.5499877929688,962.0,584951
2026-09-01,DABUR,384.0,386.7999877929688,381.0,384.0,1394674
2026-09-02,DABUR,383.7000122070313,383.7000122070313,377.6000061035156,379.0,1597939
2026-09-03,DABUR,379.8999938964844,381.5499877929688,377.4500122070313,380.7000122070313,2062074
2026-09-04,DABUR,380.4500122070313,383.25,377.3500061035156,380.8999938964844,1702061
2026-09-07,DABUR,380.8999938964844,381.7999877929688,373.7999877929688,375.5,2530210
2026-09-08,DABUR,375.25,377.9500122070313,373.75,375.0,2107745
2026-09-09,DABUR,374.7000122070313,374.7000122070313,368.0499877929688,370.8500061035156,1974135
2026-09-01,DAICHI,339.6000061035156,344.0,337.0,339.0,4522
2026-09-02,DAICHI,337.79998779296875,355.95001220703125,331.5,352.29998779296875,18127
2026-09-03,DAICHI,355.95001220703125,369.8999938964844,355.95001220703125,369.75,27561
2026-09-04,DAICHI,374.7000122070313,374.7000122070313,359.79998779296875,364.7999877929688,5043
2026-09-07,DAICHI,363.2000122070313,380.0,352.0,370.6000061035156,3024
2026-09-08,DAICHI,370.0,370.0,355.1499938964844,367.0,1996
2026-09-09,DAICHI,367.0,367.0,348.6499938964844,359.5,1616
2026-09-01,DALBHARAT,1886.0,1886.0,1795.0,1806.5999755859373,85376
2026-09-02,DALBHARAT,1801.9000244140625,1802.0,1760.199951171875,1773.0999755859375,58918
2026-09-03,DALBHARAT,1790.0,1792.0,1763.0,1771.199951171875,53528
2026-09-04,DALBHARAT,1770.0999755859375,1778.9000244140625,1740.0,1749.300048828125,73496
2026-09-07,DALBHARAT,1750.0,1752.0999755859375,1701.199951171875,1713.9000244140625,81210
2026-09-08,DALBHARAT,1713.9000244140625,1739.199951171875,1671.800048828125,1700.5,143709
2026-09-09,DALBHARAT,1710.699951171875,1730.800048828125,1690.0,1730.800048828125,24483
2026-09-01,DALMIASUG,488.6499938964844,488.7999877929688,459.1000061035156,467.8500061035156,240866
2026-09-02,DALMIASUG,462.5,472.9500122070313,450.5,456.5499877929688,337632
2026-09-03,DALMIASUG,458.0,473.9500122070313,453.0499877929688,461.0499877929688,240047
2026-09-04,DALMIASUG,460.9500122070313,462.5,435.0499877929688,438.5499877929688,342704
2026-09-07,DALMIASUG,441.0,463.0,441.0,447.7999877929688,292054
2026-09-08,DALMIASUG,448.0499877929688,457.2000122070313,439.0,450.3500061035156,113787
2026-09-09,DALMIASUG,453.0,453.0,432.0,435.0,163877
2026-09-01,DAMCAPITAL,145.0,146.92999267578125,140.61000061035156,141.4499969482422,206946
2026-09-02,DAMCAPITAL,141.14999389648438,144.99000549316406,139.63999938964844,144.16000366210938,271119
2026-09-03,DAMCAPITAL,144.9499969482422,148.1999969482422,144.16000366210938,145.27999877929688,182008
2026-09-04,DAMCAPITAL,145.99000549316406,147.49000549316406,144.1699981689453,144.89999389648438,170224
2026-09-07,DAMCAPITAL,144.3000030517578,145.2100067138672,143.0,143.3800048828125,155993
2026-09-08,DAMCAPITAL,142.6699981689453,147.1999969482422,142.6699981689453,145.2899932861328,353726
2026-09-09,DAMCAPITAL,145.1999969482422,146.30999755859375,144.22000122070312,145.19000244140625,140041
2026-09-01,DAMODARIND,27.0,28.0,27.0,27.850000381469727,830
2026-09-02,DAMODARIND,27.979999542236328,28.89999961853028,26.51000022888184,28.709999084472656,3635
2026-09-03,DAMODARIND,28.950000762939453,29.0,28.01000022888184,28.979999542236328,3930
2026-09-04,DAMODARIND,29.1200008392334,29.1200008392334,28.21999931335449,28.450000762939453,1493
2026-09-07,DAMODARIND,28.450000762939453,29.299999237060547,28.01000022888184,29.299999237060547,2507
2026-09-08,DAMODARIND,29.299999237060547,29.299999237060547,28.350000381469727,29.11000061035156,1628
2026-09-09,DAMODARIND,29.0,29.63999938964844,28.0,29.63999938964844,6057
2026-09-01,DANGEE,2.8499999046325684,2.9200000762939453,2.539999961853028,2.7100000381469727,106577
2026-09-02,DANGEE,2.740000009536743,2.970000028610229,2.630000114440918,2.869999885559082,91306
2026-09-03,DANGEE,2.950000047683716,3.0999999046325684,2.880000114440918,2.940000057220459,142664
2026-09-04,DANGEE,2.940000057220459,2.9800000190734863,2.900000095367432,2.940000057220459,40836
2026-09-07,DANGEE,2.9800000190734863,3.0199999809265137,2.859999895095825,2.890000104904175,83815
2026-09-08,DANGEE,2.900000095367432,2.9600000381469727,2.7699999809265137,2.880000114440918,27055
2026-09-09,DANGEE,2.940000057220459,2.940000057220459,2.809999942779541,2.8399999141693115,9993
2026-09-01,DATAMATICS,781.9500122070312,784.5999755859375,764.5499877929688,771.0499877929688,47370
2026-09-02,DATAMATICS,767.7000122070312,769.4500122070312,760.1500244140625,763.9500122070312,29964
2026-09-03,DATAMATICS,764.0,782.0,750.2000122070312,774.8499755859375,140943
2026-09-04,DATAMATICS,771.4500122070312,785.0,762.2000122070312,764.9000244140625,55826
2026-09-07,DATAMATICS,762.2000122070312,769.0,752.0999755859375,756.2999877929688,38172
2026-09-08,DATAMATICS,752.0,760.8499755859375,733.8499755859375,739.0,113101
2026-09-09,DATAMATICS,732.0999755859375,758.0,732.0499877929688,754.25,62066
2026-09-01,DATAPATTNS,4525.0,4542.2998046875,4420.89990234375,4515.2001953125,421777
2026-09-02,DATAPATTNS,4505.2001953125,4543.60009765625,4454.0,4516.7001953125,292275
2026-09-03,DATAPATTNS,4525.10009765625,4644.7001953125,4525.10009765625,4587.2998046875,451510
2026-09-04,DATAPATTNS,4588.0,4666.0,4546.39990234375,4585.0,377845
2026-09-07,DATAPATTNS,4569.10009765625,4644.0,4554.2998046875,4590.7998046875,304255
2026-09-08,DATAPATTNS,4617.10009765625,4950.0,4617.10009765625,4932.2998046875,2894206
2026-09-09,DATAPATTNS,4932.5,4999.89990234375,4846.0,4904.2001953125,531087
2026-09-01,DAVANGERE,2.0899999141693115,2.150000095367432,1.9900000095367432,2.0799999237060547,15603255
2026-09-02,DAVANGERE,2.0999999046325684,2.130000114440918,2.059999942779541,2.0899999141693115,9326102
2026-09-03,DAVANGERE,2.130000114440918,2.130000114440918,2.039999961853028,2.039999961853028,7138915
2026-09-04,DAVANGERE,2.069999933242798,2.069999933242798,1.940000057220459,1.9600000381469729,15393852
2026-09-07,DAVANGERE,2.0199999809265137,2.049999952316284,1.950000047683716,1.9600000381469729,20523336
2026-09-08,DAVANGERE,2.0299999713897705,2.0299999713897705,1.919999957084656,1.9299999475479128,31289177
2026-09-09,DAVANGERE,1.9600000381469729,2.0199999809265137,1.7400000095367432,1.7999999523162842,144030224
2026-09-01,DBCORP,199.8800048828125,199.8800048828125,196.1499938964844,197.759994506836,39339
2026-09-02,DBCORP,197.1000061035156,199.0200042724609,193.0500030517578,194.2700042724609,97496
2026-09-03,DBCORP,194.2700042724609,197.0,192.3000030517578,193.77999877929688,91897
2026-09-04,DBCORP,195.7899932861328,197.08999633789065,193.7899932861328,195.6499938964844,43972
2026-09-07,DBCORP,196.8999938964844,197.82000732421875,193.5500030517578,195.2400054931641,61431
2026-09-08,DBCORP,194.6499938964844,195.509994506836,193.3999938964844,195.3000030517578,29713
2026-09-09,DBCORP,195.97999572753903,195.97999572753903,190.22000122070312,190.57000732421875,71495
2026-09-01,DBEIL,6.449999809265137,6.53000020980835,6.159999847412109,6.269999980926514,138184
2026-09-02,DBEIL,6.139999866485596,6.369999885559082,6.010000228881836,6.110000133514404,156716
2026-09-03,DBEIL,6.110000133514404,6.269999980926514,6.110000133514404,6.139999866485596,59400
2026-09-04,DBEIL,6.199999809265137,6.440000057220459,6.050000190734863,6.429999828338623,210682
2026-09-07,DBEIL,6.610000133514404,7.710000038146973,6.610000133514404,7.5,3371577
2026-09-08,DBEIL,7.559999942779541,7.690000057220459,6.769999980926514,7.260000228881836,719705
2026-09-09,DBEIL,7.429999828338623,7.440000057220459,7.159999847412109,7.329999923706055,176421
2026-09-01,DBL,404.8500061035156,405.8500061035156,392.25,394.7999877929688,110025
2026-09-02,DBL,394.7000122070313,396.6499938964844,390.5499877929688,395.0499877929688,58809
2026-09-03,DBL,396.0,402.9500122070313,396.0,398.5499877929688,50108
2026-09-04,DBL,402.75,404.0,398.0,401.0,58236
2026-09-07,DBL,398.0,403.0,390.0,391.8500061035156,124936
2026-09-08,DBL,392.0,394.9500122070313,390.1499938964844,393.5499877929688,49330
2026-09-09,DBL,393.1499938964844,399.7000122070313,391.7000122070313,393.7999877929688,54305
2026-09-01,DBOL,127.45999908447266,131.19000244140625,126.0,126.76000213623048,427906
2026-09-02,DBOL,126.5999984741211,130.9499969482422,125.6999969482422,128.17999267578125,136571
2026-09-03,DBOL,128.1699981689453,132.39999389648438,128.1699981689453,129.63999938964844,416415
2026-09-04,DBOL,128.9600067138672,128.9600067138672,124.0,124.98999786376952,232171
2026-09-07,DBOL,126.0,129.39999389648438,125.02999877929688,127.5199966430664,207123
2026-09-08,DBOL,126.8000030517578,127.5,125.01000213623048,126.12000274658205,83928
2026-09-09,DBOL,127.5,127.5,123.3000030517578,123.80999755859376,153790
2026-09-01,DBREALTY,104.11000061035156,107.8000030517578,102.3000030517578,102.9000015258789,837691
2026-09-02,DBREALTY,103.0,103.3499984741211,101.0,102.80999755859376,752185
2026-09-03,DBREALTY,103.31999969482422,105.9000015258789,101.5,103.0500030517578,759130
2026-09-04,DBREALTY,103.4000015258789,105.0,101.0,102.56999969482422,1439328
2026-09-07,DBREALTY,103.25,103.25,100.12000274658205,100.87999725341795,833894
2026-09-08,DBREALTY,101.0,103.3499984741211,100.87999725341795,101.19000244140624,799147
2026-09-09,DBREALTY,102.4499969482422,102.4499969482422,99.5,100.12999725341795,902627
2026-09-01,DBSTOCKBRO,29.0,30.46999931335449,28.90999984741211,30.459999084472656,14616
2026-09-02,DBSTOCKBRO,30.459999084472656,31.96999931335449,29.520000457763672,30.299999237060547,24139
2026-09-03,DBSTOCKBRO,29.799999237060547,29.84000015258789,29.0,29.06999969482422,17600
2026-09-04,DBSTOCKBRO,29.190000534057617,29.190000534057617,28.39999961853028,28.6299991607666,4158
2026-09-07,DBSTOCKBRO,28.39999961853028,28.959999084472656,28.39999961853028,28.61000061035156,1337
2026-09-08,DBSTOCKBRO,28.39999961853028,28.920000076293945,28.39999961853028,28.40999984741211,2598
2026-09-09,DBSTOCKBRO,28.39999961853028,28.799999237060547,27.51000022888184,28.01000022888184,3628
2026-09-01,DCAL,179.08999633789062,188.0,176.4199981689453,181.8300018310547,597409
2026-09-02,DCAL,182.0,183.6199951171875,174.82000732421875,176.85000610351562,225327
2026-09-03,DCAL,177.10000610351562,179.89999389648438,175.39999389648438,176.99000549316406,137643
2026-09-04,DCAL,178.5,178.5,173.1999969482422,174.3800048828125,122894
2026-09-07,DCAL,175.0,175.0,170.72000122070312,171.52999877929688,139366
2026-09-08,DCAL,172.0,174.88999938964844,170.50999450683594,173.97999572753906,138425
2026-09-09,DCAL,174.0,174.2899932861328,171.0,171.9600067138672,79416
2026-09-01,DCBBANK,217.5500030517578,225.6199951171875,215.1999969482422,224.38999938964844,3789148
2026-09-02,DCBBANK,224.38999938964844,224.38999938964844,218.5500030517578,222.33999633789065,2487065
2026-09-03,DCBBANK,223.1100006103516,228.9900054931641,219.6300048828125,222.1999969482422,2828120
2026-09-04,DCBBANK,222.3999938964844,223.8999938964844,220.1999969482422,220.7400054931641,539992
2026-09-07,DCBBANK,220.8999938964844,222.9900054931641,218.0500030517578,221.3099975585937,877083
2026-09-08,DCBBANK,221.0,234.8000030517578,219.9100036621093,229.5500030517578,6352270
2026-09-09,DCBBANK,229.0,231.9600067138672,224.9499969482422,229.83999633789065,1618763
2026-09-01,DCI,370.0,385.6499938964844,362.2999877929688,369.7000122070313,115858
2026-09-02,DCI,374.0,376.6000061035156,345.79998779296875,354.54998779296875,249417
2026-09-03,DCI,356.0,365.0,352.1499938964844,357.6499938964844,45235
2026-09-04,DCI,362.0,362.0,346.1000061035156,350.54998779296875,87942
2026-09-07,DCI,351.0,357.8500061035156,341.79998779296875,351.25,54966
2026-09-08,DCI,353.0,353.0,300.25,300.75,1111658
2026-09-09,DCI,301.95001220703125,302.04998779296875,271.1499938964844,271.6000061035156,1297943
2026-09-01,DCM,79.0,79.8499984741211,77.55999755859375,77.66999816894531,43818
2026-09-02,DCM,77.55999755859375,78.79000091552734,76.79000091552734,78.38999938964844,14889
2026-09-03,DCM,78.0,79.69999694824219,76.80000305175781,76.97000122070312,12362
2026-09-04,DCM,77.0,78.4000015258789,76.80000305175781,77.01000213623047,16163
2026-09-07,DCM,77.61000061035156,78.69999694824219,75.5,76.1500015258789,29267
2026-09-08,DCM,76.19999694824219,77.9000015258789,75.0,75.05999755859375,29183
2026-09-09,DCM,75.0999984741211,76.54000091552734,75.0999984741211,75.55000305175781,2697
2026-09-01,DCMFINSERV,5.349999904632568,5.349999904632568,5.199999809265137,5.21999979019165,8548
2026-09-02,DCMFINSERV,5.199999809265137,5.409999847412109,5.050000190734863,5.210000038146973,9021
2026-09-03,DCMFINSERV,5.059999942779541,5.289999961853027,4.880000114440918,5.090000152587891,21873
2026-09-04,DCMFINSERV,5.090000152587891,5.369999885559082,5.090000152587891,5.199999809265137,5995
2026-09-07,DCMFINSERV,5.199999809265137,5.349999904632568,5.039999961853027,5.329999923706055,3440
2026-09-08,DCMFINSERV,5.309999942779541,5.320000171661377,5.059999942779541,5.110000133514404,11363
2026-09-09,DCMFINSERV,5.110000133514404,5.329999923706055,5.059999942779541,5.190000057220459,7824
2026-09-01,DCMNVL,193.1000061035156,194.5399932861328,185.0,189.6699981689453,31283
2026-09-02,DCMNVL,189.72999572753903,193.0,185.0,185.47000122070312,31825
2026-09-03,DCMNVL,185.8699951171875,190.13999938964844,181.0,182.0399932861328,12770
2026-09-04,DCMNVL,188.94000244140625,191.13999938964844,183.25,184.9600067138672,16490
2026-09-07,DCMNVL,186.9900054931641,188.0,182.3500061035156,183.009994506836,14824
2026-09-08,DCMNVL,186.3000030517578,187.97999572753903,177.35000610351562,180.44000244140625,40184
2026-09-09,DCMNVL,184.0,184.8000030517578,177.0,179.0,14862
2026-09-01,DCMSHRIRAM,1017.0999755859376,1042.300048828125,1009.0999755859376,1030.4000244140625,122199
2026-09-02,DCMSHRIRAM,1033.0,1052.5,1021.0,1028.0,88712
2026-09-03,DCMSHRIRAM,1030.0,1045.9000244140625,1015.0,1019.2000122070312,102771
2026-09-04,DCMSHRIRAM,1024.9000244140625,1026.0999755859375,1014.0,1020.9000244140624,85914
2026-09-07,DCMSHRIRAM,1019.9000244140624,1025.4000244140625,1005.0,1011.2000122070312,56453
2026-09-08,DCMSHRIRAM,1008.0,1015.9000244140624,1005.7999877929688,1008.2000122070312,45553
2026-09-09,DCMSHRIRAM,1005.0,1014.9000244140624,996.0,1001.5999755859376,36277
2026-09-01,DCMSIL,72.05000305175781,73.79000091552734,69.0,70.9800033569336,85626
2026-09-02,DCMSIL,69.4800033569336,72.83000183105469,69.4800033569336,71.6500015258789,55181
2026-09-03,DCMSIL,71.6500015258789,71.79000091552734,69.0,70.29000091552734,74767
2026-09-04,DCMSIL,71.30000305175781,71.30000305175781,68.05999755859375,68.76000213623047,99773
2026-09-07,DCMSIL,68.56999969482422,69.79000091552734,67.0,67.41999816894531,65873
2026-09-08,DCMSIL,68.0,71.9800033569336,67.88999938964844,69.08999633789062,61329
2026-09-09,DCMSIL,69.44000244140625,71.4000015258789,68.69999694824219,70.88999938964844,39217
2026-09-01,DCMSRIND,48.68999862670898,49.02000045776367,46.209999084472656,46.61000061035156,104770
2026-09-02,DCMSRIND,45.97999954223633,47.47999954223633,45.97999954223633,46.810001373291016,170129
2026-09-03,DCMSRIND,46.810001373291016,47.900001525878906,46.0,46.5099983215332,239232
2026-09-04,DCMSRIND,46.59999847412109,46.630001068115234,44.09999847412109,44.90999984741211,182082
2026-09-07,DCMSRIND,45.970001220703125,47.459999084472656,44.0,44.52999877929688,523876
2026-09-08,DCMSRIND,44.9900016784668,45.09000015258789,43.11000061035156,43.77999877929688,167818
2026-09-09,DCMSRIND,43.59999847412109,43.88999938964844,42.25,42.40999984741211,133415
2026-09-01,DCW,45.52999877929688,45.63999938964844,44.04999923706055,44.58000183105469,1359355
2026-09-02,DCW,44.54999923706055,48.20000076293945,43.75,47.61000061035156,6153160
2026-09-03,DCW,47.5,47.5,45.650001525878906,46.29999923706055,2373414
2026-09-04,DCW,46.11000061035156,46.95000076293945,45.810001373291016,45.97999954223633,912734
2026-09-07,DCW,45.86000061035156,48.9900016784668,45.66999816894531,47.9900016784668,5474375
2026-09-08,DCW,47.9900016784668,49.25,46.84999847412109,47.650001525878906,2432635
2026-09-09,DCW,47.52999877929688,49.15999984741211,47.38999938964844,48.9900016784668,1690138
2026-09-01,DCXINDIA,171.89999389648438,174.5,171.0,173.50999450683594,225548
2026-09-02,DCXINDIA,173.0,173.0,169.6199951171875,171.22999572753906,215087
2026-09-03,DCXINDIA,172.22999572753906,176.0,168.60000610351562,169.57000732421875,449946
2026-09-04,DCXINDIA,170.14999389648438,172.35000610351562,168.10000610351562,168.8300018310547,328462
2026-09-07,DCXINDIA,168.63999938964844,175.6999969482422,168.5,173.6699981689453,1095543
2026-09-08,DCXINDIA,173.9499969482422,178.14999389648438,173.1699981689453,174.08999633789062,482549
2026-09-09,DCXINDIA,173.00999450683594,174.97000122070312,171.0399932861328,172.49000549316406,174547
2026-09-01,DDEVPLSTIK,278.0,280.95001220703125,275.0,278.75,117688
2026-09-02,DDEVPLSTIK,280.3999938964844,280.3999938964844,272.95001220703125,274.04998779296875,64985
2026-09-03,DDEVPLSTIK,276.95001220703125,277.79998779296875,270.0,272.5,54757
2026-09-04,DDEVPLSTIK,273.54998779296875,274.95001220703125,271.29998779296875,273.0,51629
2026-09-07,DDEVPLSTIK,275.0,278.95001220703125,272.29998779296875,274.75,102212
2026-09-08,DDEVPLSTIK,274.95001220703125,274.95001220703125,268.8999938964844,269.45001220703125,76761
2026-09-09,DDEVPLSTIK,268.1000061035156,268.8999938964844,265.0,268.04998779296875,50150
2026-09-01,DECCANCE,574.7999877929688,579.9000244140625,563.0,574.4000244140625,18213
2026-09-02,DECCANCE,567.0499877929688,573.7000122070312,567.0,571.2999877929688,2760
2026-09-03,DECCANCE,573.5999755859375,574.9500122070312,563.0499877929688,565.1500244140625,8957
2026-09-04,DECCANCE,569.7999877929688,579.9000244140625,564.3499755859375,569.75,29858
2026-09-07,DECCANCE,569.9000244140625,583.4500122070312,567.0999755859375,573.1500244140625,23294
2026-09-08,DECCANCE,570.8499755859375,578.1500244140625,564.0,567.75,11865
2026-09-09,DECCANCE,570.5499877929688,570.5499877929688,565.0999755859375,565.0999755859375,3439
2026-09-01,DECNGOLD,223.3999938964844,224.7700042724609,218.2100067138672,221.0500030517578,835236
2026-09-02,DECNGOLD,216.69000244140625,223.9900054931641,215.5,219.02999877929688,757656
2026-09-03,DECNGOLD,220.0,223.9900054931641,211.1499938964844,213.8000030517578,1232250
2026-09-04,DECNGOLD,215.0,219.3000030517578,212.42999267578125,213.8699951171875,959258
2026-09-07,DECNGOLD,213.97999572753903,217.8000030517578,212.1000061035156,215.7700042724609,636636
2026-09-08,DECNGOLD,215.7700042724609,224.5,214.0,223.22000122070312,1302537
2026-09-09,DECNGOLD,225.0,228.6999969482422,216.5399932861328,220.41000366210932,1516872
2026-09-01,DEEDEV,580.2999877929688,619.7999877929688,580.2999877929688,619.7999877929688,438089
2026-09-02,DEEDEV,619.0,650.75,617.2000122070312,643.8499755859375,530818
2026-09-03,DEEDEV,645.0499877929688,658.7000122070312,632.5999755859375,645.9000244140625,181285
2026-09-04,DEEDEV,645.7999877929688,673.7999877929688,642.0499877929688,658.25,327955
2026-09-07,DEEDEV,667.0,690.0,652.5,677.0499877929688,299886
2026-09-08,DEEDEV,682.5999755859375,710.0,663.6500244140625,701.5999755859375,328594
2026-09-09,DEEDEV,701.5999755859375,709.3499755859375,668.3499755859375,670.1500244140625,274080
2026-09-01,DEEP,36.0,37.79999923706055,35.65999984741211,36.09999847412109,5304
2026-09-02,DEEP,36.09999847412109,36.09999847412109,34.20000076293945,35.2400016784668,5874
2026-09-03,DEEP,36.0,37.59999847412109,35.220001220703125,36.0,2319
2026-09-04,DEEP,36.79999923706055,36.79999923706055,34.209999084472656,35.0,23168
2026-09-07,DEEP,34.599998474121094,35.70000076293945,34.599998474121094,35.56999969482422,14659
2026-09-08,DEEP,35.56999969482422,36.34999847412109,34.7599983215332,35.560001373291016,9971
2026-09-09,DEEP,36.720001220703125,38.0,35.599998474121094,37.59999847412109,25411
2026-09-08,DEEPA,221.0,222.0,193.0,194.3699951171875,50931963
2026-09-09,DEEPA,196.009994506836,203.3300018310547,194.3699951171875,201.0,11757186
2026-09-01,DEEPAKFERT,1407.0999755859375,1435.9000244140625,1399.800048828125,1427.5,143168
2026-09-02,DEEPAKFERT,1427.5,1433.199951171875,1404.699951171875,1416.699951171875,130758
2026-09-03,DEEPAKFERT,1385.0,1411.0,1351.0999755859375,1355.9000244140625,816334
2026-09-04,DEEPAKFERT,1362.699951171875,1395.0,1353.300048828125,1362.0999755859375,229112
2026-09-07,DEEPAKFERT,1362.0,1368.9000244140625,1337.199951171875,1344.199951171875,194978
2026-09-08,DEEPAKFERT,1349.9000244140625,1366.699951171875,1341.0,1345.9000244140625,238039
2026-09-09,DEEPAKFERT,1346.0,1363.800048828125,1333.5999755859375,1357.699951171875,152469
2026-09-01,DEEPAKNTR,1751.5999755859375,1820.0,1745.199951171875,1782.800048828125,1005828
2026-09-02,DEEPAKNTR,1784.0,1789.5,1717.800048828125,1734.0999755859375,389513
2026-09-03,DEEPAKNTR,1741.5999755859375,1757.800048828125,1717.0,1725.300048828125,225803
2026-09-04,DEEPAKNTR,1728.0,1743.699951171875,1705.699951171875,1712.4000244140625,196070
2026-09-07,DEEPAKNTR,1712.4000244140625,1728.300048828125,1636.5,1642.0999755859375,424897
2026-09-08,DEEPAKNTR,1642.0,1659.9000244140625,1620.0999755859375,1647.800048828125,310426
2026-09-09,DEEPAKNTR,1647.800048828125,1672.0,1630.0,1651.300048828125,206114
2026-09-01,DEEPINDS,703.7000122070312,704.9500122070312,660.0,665.0,333259
2026-09-02,DEEPINDS,666.8499755859375,704.5,655.0,693.6500244140625,450290
2026-09-03,DEEPINDS,712.0,749.0,704.0999755859375,744.8499755859375,1577916
2026-09-04,DEEPINDS,757.75,793.7000122070312,749.0,786.4500122070312,1324171
2026-09-07,DEEPINDS,790.0,799.5,765.0,785.2000122070312,735566
2026-09-08,DEEPINDS,789.5499877929688,823.0,771.4000244140625,818.7000122070312,946974
2026-09-09,DEEPINDS,825.0,825.0,781.4000244140625,793.1500244140625,489307
2026-09-01,DELHIVERY,462.6499938964844,464.3500061035156,457.2000122070313,460.7999877929688,1175474
2026-09-02,DELHIVERY,458.5,459.7000122070313,452.5,454.7999877929688,1061104
2026-09-03,DELHIVERY,455.0,464.9500122070313,449.5,464.3500061035156,2530860
2026-09-04,DELHIVERY,465.0,465.8999938964844,457.8999938964844,457.8999938964844,1936111
2026-09-07,DELHIVERY,456.0,458.75,450.3999938964844,453.7999877929688,583472
2026-09-08,DELHIVERY,452.7999877929688,458.2000122070313,450.25,454.8999938964844,2214615
2026-09-09,DELHIVERY,451.6499938964844,454.0,448.0,450.8999938964844,766413
2026-09-01,DELPHIFX,6.429999828338623,6.489999771118164,6.199999809265137,6.409999847412109,85867
2026-09-02,DELPHIFX,6.409999847412109,6.409999847412109,6.090000152587891,6.090000152587891,172651
2026-09-03,DELPHIFX,6.090000152587891,6.300000190734863,5.800000190734863,5.940000057220459,179783
2026-09-04,DELPHIFX,6.170000076293945,6.170000076293945,5.800000190734863,6.039999961853027,117604
2026-09-07,DELPHIFX,6.059999942779541,6.25,5.849999904632568,6.010000228881836,106241
2026-09-08,DELPHIFX,6.070000171661377,6.070000171661377,5.889999866485596,5.949999809265137,84790
2026-09-09,DELPHIFX,6.150000095367432,6.150000095367432,5.900000095367432,5.949999809265137,38334
2026-09-01,DELTACORP,58.47999954223633,61.0,56.5,57.40999984741211,1843770
2026-09-02,DELTACORP,57.29999923706055,57.5,56.59999847412109,56.95000076293945,647310
2026-09-03,DELTACORP,57.060001373291016,57.77000045776367,55.959999084472656,56.25,680701
2026-09-04,DELTACORP,56.790000915527344,57.400001525878906,55.560001373291016,56.119998931884766,1070574
2026-09-07,DELTACORP,56.25,56.79999923706055,56.0,56.20000076293945,457673
2026-09-08,DELTACORP,56.20000076293945,56.36000061035156,55.20000076293945,55.43999862670898,536646
2026-09-09,DELTACORP,55.47999954223633,55.91999816894531,54.79999923706055,55.16999816894531,510341
2026-09-01,DELTAMAGNT,59.400001525878906,59.400001525878906,57.0,58.45000076293945,820
2026-09-02,DELTAMAGNT,57.869998931884766,57.869998931884766,55.09999847412109,57.7400016784668,2805
2026-09-03,DELTAMAGNT,60.45000076293945,60.45000076293945,56.31999969482422,57.22999954223633,2575
2026-09-04,DELTAMAGNT,56.65999984741211,59.900001525878906,55.720001220703125,58.400001525878906,4124
2026-09-07,DELTAMAGNT,59.45000076293945,59.45000076293945,56.70000076293945,58.380001068115234,1235
2026-09-08,DELTAMAGNT,56.720001220703125,58.97999954223633,56.720001220703125,58.43999862670898,2793
2026-09-09,DELTAMAGNT,57.20000076293945,58.4900016784668,57.20000076293945,58.400001525878906,297
2026-09-01,DEN,28.350000381469727,28.350000381469727,27.51000022888184,27.770000457763672,409169
2026-09-02,DEN,27.89999961853028,27.93000030517578,27.32999992370605,27.850000381469727,304255
2026-09-03,DEN,28.0,28.280000686645508,27.61000061035156,27.8700008392334,162537
2026-09-04,DEN,27.65999984741211,28.100000381469727,27.65999984741211,27.96999931335449,211531
2026-09-07,DEN,27.700000762939453,28.06999969482422,27.700000762939453,27.89999961853028,188251
2026-09-08,DEN,27.89999961853028,27.989999771118164,26.549999237060547,27.18000030517578,335939
2026-09-09,DEN,27.46999931335449,27.700000762939453,27.07999992370605,27.34000015258789,187729
2026-09-01,DENORA,826.2000122070312,826.2000122070312,783.2999877929688,813.9000244140625,3462
2026-09-02,DENORA,802.0,824.0,802.0,816.9500122070312,1761
2026-09-03,DENORA,821.25,832.0,813.5,824.5499877929688,2029
2026-09-04,DENORA,822.2999877929688,836.0,810.0999755859375,812.2999877929688,2711
2026-09-07,DENORA,812.2999877929688,835.0,806.0499877929688,814.3499755859375,2607
2026-09-08,DENORA,825.1500244140625,833.9500122070312,800.1500244140625,805.9500122070312,5325
2026-09-09,DENORA,806.0,830.0,803.0499877929688,812.2999877929688,3503
2026-09-01,DENTA,265.0,275.8500061035156,265.0,270.3500061035156,99201
2026-09-02,DENTA,271.0,275.8999938964844,262.8999938964844,270.5,111326
2026-09-03,DENTA,270.8500061035156,276.5,269.8500061035156,270.3999938964844,65093
2026-09-04,DENTA,273.20001220703125,276.8999938964844,271.0,275.3500061035156,56286
2026-09-07,DENTA,275.3999938964844,283.25,272.6499938964844,280.6499938964844,128930
2026-09-08,DENTA,282.6000061035156,282.75,276.1499938964844,279.6499938964844,79481
2026-09-09,DENTA,279.6499938964844,296.45001220703125,279.6000061035156,284.25,272388
2026-09-01,DEVIT,24.82999992370605,25.549999237060547,24.299999237060547,25.020000457763672,21329
2026-09-02,DEVIT,24.61000061035156,25.09000015258789,24.600000381469727,24.63999938964844,12989
2026-09-03,DEVIT,24.989999771118164,24.989999771118164,24.450000762939453,24.520000457763672,16846
2026-09-04,DEVIT,24.89999961853028,25.5,23.61000061035156,24.209999084472656,69859
2026-09-07,DEVIT,24.1200008392334,25.0,24.049999237060547,24.270000457763672,60754
2026-09-08,DEVIT,24.38999938964844,24.38999938964844,23.89999961853028,23.989999771118164,36964
2026-09-09,DEVIT,23.989999771118164,24.799999237060547,23.600000381469727,23.979999542236328,21855
2026-09-01,DEVX,34.47999954223633,34.75,32.560001373291016,32.9900016784668,208331
2026-09-02,DEVX,33.400001525878906,34.68000030517578,32.79999923706055,33.0099983215332,114889
2026-09-03,DEVX,33.75,34.13999938964844,31.799999237060547,32.130001068115234,311584
2026-09-04,DEVX,32.900001525878906,33.38999938964844,32.65999984741211,33.290000915527344,40903
2026-09-07,DEVX,33.290000915527344,33.290000915527344,31.5,33.0,44383
2026-09-08,DEVX,33.060001373291016,34.5,33.0,33.75,85260
2026-09-09,DEVX,33.0,33.9900016784668,32.900001525878906,33.470001220703125,46801
2026-09-01,DEVYANI,139.0,139.64999389648438,136.50999450683594,138.69000244140625,1016965
2026-09-02,DEVYANI,137.39999389648438,138.5500030517578,135.35000610351562,138.07000732421875,1211173
2026-09-03,DEVYANI,139.30999755859375,140.14999389648438,136.3000030517578,138.0500030517578,1003158
2026-09-04,DEVYANI,138.0,142.86000061035156,137.3699951171875,139.27999877929688,2432975
2026-09-07,DEVYANI,138.92999267578125,140.57000732421875,137.11000061035156,138.8000030517578,1285709
2026-09-08,DEVYANI,138.6699981689453,139.7899932861328,135.8000030517578,137.99000549316406,868338
2026-09-09,DEVYANI,137.99000549316406,139.75999450683594,136.9600067138672,137.85000610351562,608480
2026-09-01,DGCONTENT,25.739999771118164,25.739999771118164,23.89999961853028,24.229999542236328,17491
2026-09-02,DGCONTENT,24.690000534057617,29.06999969482422,24.65999984741211,24.950000762939453,198027
2026-09-03,DGCONTENT,25.88999938964844,26.790000915527344,24.049999237060547,24.43000030517578,29382
2026-09-04,DGCONTENT,24.75,25.0,24.549999237060547,24.82999992370605,1564
2026-09-07,DGCONTENT,23.549999237060547,25.5,23.549999237060547,24.549999237060547,4499
2026-09-08,DGCONTENT,24.43000030517578,25.0,24.43000030517578,24.540000915527344,7305
2026-09-09,DGCONTENT,24.75,25.770000457763672,24.549999237060547,24.549999237060547,2705
2026-09-01,DHABRIYA,547.0,547.0,522.0,529.7999877929688,6566
2026-09-02,DHABRIYA,516.0499877929688,539.0,505.0,506.5,23368
2026-09-03,DHABRIYA,510.0,522.0,505.0,513.2999877929688,5261
2026-09-04,DHABRIYA,515.8499755859375,528.9000244140625,501.0,503.4500122070313,8802
2026-09-07,DHABRIYA,503.4500122070313,505.0,490.0,496.0499877929688,8513
2026-09-08,DHABRIYA,504.0,518.3499755859375,485.0,515.8499755859375,6148
2026-09-09,DHABRIYA,513.9000244140625,523.0,505.1000061035156,520.0,7469
2026-09-01,DHAMPURSUG,179.77999877929688,179.77999877929688,171.10000610351562,172.82000732421875,586402
2026-09-02,DHAMPURSUG,172.1999969482422,176.7899932861328,168.02999877929688,170.6699981689453,655398
2026-09-03,DHAMPURSUG,171.5,178.6699981689453,171.10000610351562,177.0500030517578,996614
2026-09-04,DHAMPURSUG,176.4499969482422,176.4499969482422,165.6300048828125,167.58999633789062,832821
2026-09-07,DHAMPURSUG,170.7899932861328,176.88999938964844,170.5,171.27999877929688,893333
2026-09-08,DHAMPURSUG,172.49000549316406,173.75,166.9499969482422,168.8800048828125,450077
2026-09-09,DHAMPURSUG,169.0,171.39999389648438,165.50999450683594,171.16000366210938,326514
2026-09-01,DHANBANK,32.18000030517578,32.41999816894531,31.950000762939453,32.04999923706055,327355
2026-09-02,DHANBANK,31.90999984741211,31.920000076293945,31.299999237060547,31.5,612773
2026-09-03,DHANBANK,31.600000381469727,32.130001068115234,31.600000381469727,31.71999931335449,524601
2026-09-04,DHANBANK,31.799999237060547,32.029998779296875,31.690000534057617,31.86000061035156,349043
2026-09-07,DHANBANK,31.920000076293945,31.989999771118164,30.96999931335449,31.36000061035156,691890
2026-09-08,DHANBANK,31.36000061035156,31.420000076293945,30.950000762939453,31.11000061035156,342786
2026-09-09,DHANBANK,31.11000061035156,31.1200008392334,30.5,30.729999542236328,256007
2026-09-01,DHANUKA,976.0,995.0,956.0,990.3499755859376,35231
2026-09-02,DHANUKA,980.0,999.7999877929688,972.7999877929688,995.7000122070312,17041
2026-09-03,DHANUKA,999.7000122070312,1016.0,991.7999877929688,1010.1500244140624,24589
2026-09-04,DHANUKA,1009.0,1014.0,994.7999877929688,1010.6500244140624,17124
2026-09-07,DHANUKA,1011.0,1030.0,1004.4000244140624,1023.7000122070312,28708
2026-09-08,DHANUKA,1028.0,1028.0,989.1500244140624,994.0499877929688,37513
2026-09-09,DHANUKA,998.4000244140624,998.4000244140624,976.8499755859376,983.7000122070312,19355
2026-09-01,DHARAN,0.1599999964237213,0.1599999964237213,0.1400000005960464,0.1400000005960464,9984437
2026-09-02,DHARAN,0.1500000059604644,0.1500000059604644,0.1299999952316284,0.1299999952316284,30671706
2026-09-03,DHARAN,0.1400000005960464,0.1400000005960464,0.1299999952316284,0.1299999952316284,26352664
2026-09-04,DHARAN,0.1400000005960464,0.1400000005960464,0.1299999952316284,0.1299999952316284,13130525
2026-09-07,DHARAN,0.1400000005960464,0.1400000005960464,0.1299999952316284,0.1299999952316284,13389174
2026-09-08,DHARAN,0.1400000005960464,0.1400000005960464,0.1299999952316284,0.1299999952316284,7901887
2026-09-09,DHARAN,0.1400000005960464,0.1400000005960464,0.1299999952316284,0.1400000005960464,7732243
2026-09-01,DHARMAJ,270.1499938964844,271.0,265.79998779296875,269.75,55826
2026-09-02,DHARMAJ,267.5,271.0,267.5,270.0,105881
2026-09-03,DHARMAJ,269.29998779296875,270.0,265.75,269.04998779296875,24316
2026-09-04,DHARMAJ,268.29998779296875,271.0,264.29998779296875,270.04998779296875,29203
2026-09-07,DHARMAJ,269.79998779296875,271.8500061035156,268.79998779296875,270.04998779296875,21811
2026-09-08,DHARMAJ,270.0,271.04998779296875,265.54998779296875,269.75,42227
2026-09-09,DHARMAJ,268.79998779296875,272.5,268.79998779296875,270.5,15213
2026-09-01,DHATRE,4.260000228881836,4.519999980926514,4.170000076293945,4.349999904632568,20130
2026-09-02,DHATRE,4.449999809265137,4.449999809265137,4.199999809265137,4.320000171661377,16175
2026-09-03,DHATRE,4.380000114440918,4.570000171661377,4.199999809265137,4.349999904632568,30291
2026-09-04,DHATRE,4.329999923706055,4.590000152587891,4.210000038146973,4.329999923706055,17330
2026-09-07,DHATRE,4.349999904632568,5.170000076293945,4.210000038146973,4.570000171661377,122265
2026-09-08,DHATRE,4.980000019073486,4.980000019073486,4.320000171661377,4.690000057220459,77720
2026-09-09,DHATRE,4.769999980926514,5.090000152587891,4.25,4.420000076293945,204245
2026-09-01,DHOOTTRANS,1490.199951171875,1510.0,1402.800048828125,1450.0999755859375,1671879
2026-09-02,DHOOTTRANS,1433.0999755859375,1595.0,1424.0,1522.0999755859375,4833587
2026-09-03,DHOOTTRANS,1525.0,1614.199951171875,1513.199951171875,1583.5,3630631
2026-09-04,DHOOTTRANS,1615.0,1665.0,1570.0999755859375,1615.699951171875,6047122
2026-09-07,DHOOTTRANS,1580.0,1584.0,1526.0999755859375,1551.699951171875,1799977
2026-09-08,DHOOTTRANS,1551.699951171875,1608.5,1537.0,1597.5999755859375,2321905
2026-09-09,DHOOTTRANS,1609.9000244140625,1609.9000244140625,1565.0999755859375,1578.0,777851
2026-09-01,DHRUV,23.729999542236328,23.84000015258789,22.89999961853028,23.5,4491
2026-09-02,DHRUV,23.5,23.850000381469727,23.01000022888184,23.39999961853028,4896
2026-09-03,DHRUV,23.049999237060547,23.84000015258789,22.5,23.450000762939453,3929
2026-09-04,DHRUV,23.450000762939453,23.450000762939453,22.290000915527344,22.31999969482422,7195
2026-09-07,DHRUV,23.0,23.38999938964844,22.31999969482422,22.799999237060547,6742
2026-09-08,DHRUV,22.799999237060547,23.39999961853028,22.799999237060547,23.39999961853028,391
2026-09-09,DHRUV,23.0,24.049999237060547,23.0,23.530000686645508,1104
2026-09-01,DHUNINV,988.5999755859376,1001.5,975.0,987.2999877929688,1224
2026-09-02,DHUNINV,987.9000244140624,1021.0,985.5,1016.6500244140624,2140
2026-09-03,DHUNINV,1011.5999755859376,1050.0,1011.5999755859376,1046.25,733
2026-09-04,DHUNINV,1046.25,1054.800048828125,1012.6500244140624,1019.1500244140624,1224
2026-09-07,DHUNINV,1017.9000244140624,1043.0,1017.3499755859376,1036.5,417
2026-09-08,DHUNINV,1041.6500244140625,1041.6500244140625,1008.75,1014.5,301
2026-09-09,DHUNINV,1016.7000122070312,1017.1500244140624,991.2000122070312,1000.0,509
2026-09-01,DIACABS,348.3999938964844,353.04998779296875,338.8500061035156,340.6000061035156,1102986
2026-09-02,DIACABS,340.6000061035156,340.6000061035156,328.0,330.8999938964844,857893
2026-09-03,DIACABS,335.0,338.0,316.0,322.8999938964844,2065691
2026-09-04,DIACABS,324.0,339.0,316.70001220703125,331.79998779296875,1146702
2026-09-07,DIACABS,340.0,340.0,325.20001220703125,332.6000061035156,904302
2026-09-08,DIACABS,332.8999938964844,344.29998779296875,326.5,336.25,645596
2026-09-09,DIACABS,336.25,340.3999938964844,330.0,336.70001220703125,402052
2026-09-01,DIAMINESQ,241.5,245.0,239.7400054931641,242.009994506836,8211
2026-09-02,DIAMINESQ,242.0,244.5,239.0,243.6499938964844,4583
2026-09-03,DIAMINESQ,245.8999938964844,246.0,240.7100067138672,244.759994506836,1720
2026-09-04,DIAMINESQ,243.5399932861328,245.38999938964844,240.0,240.9900054931641,3798
2026-09-07,DIAMINESQ,241.0599975585937,244.7700042724609,239.47999572753903,242.2899932861328,6892
2026-09-08,DIAMINESQ,240.0,247.4900054931641,240.0,245.07000732421875,7999
2026-09-09,DIAMINESQ,245.009994506836,253.0,245.0,252.47999572753903,7997
2026-09-01,DIAMONDYD,1147.0999755859375,1160.0999755859375,1127.5999755859375,1144.800048828125,27059
2026-09-02,DIAMONDYD,1135.0,1169.9000244140625,1102.300048828125,1155.199951171875,7145
2026-09-03,DIAMONDYD,1158.5,1163.800048828125,1144.0,1159.800048828125,22884
2026-09-04,DIAMONDYD,1162.300048828125,1162.300048828125,1147.5999755859375,1158.300048828125,5787
2026-09-07,DIAMONDYD,1162.199951171875,1168.300048828125,1130.0,1142.199951171875,23660
2026-09-08,DIAMONDYD,1148.699951171875,1168.300048828125,1125.0,1129.300048828125,30348
2026-09-09,DIAMONDYD,1128.5999755859375,1131.4000244140625,1121.9000244140625,1128.199951171875,1907
2026-09-01,DICIND,597.0,597.0,547.2999877929688,553.5999755859375,4851
2026-09-02,DICIND,579.0,591.9500122070312,557.0999755859375,576.5499877929688,4900
2026-09-03,DICIND,578.8499755859375,590.0499877929688,577.5999755859375,584.0,1685
2026-09-04,DICIND,596.0,638.9500122070312,589.75,618.5999755859375,45846
2026-09-07,DICIND,618.5999755859375,630.0,618.0499877929688,625.3499755859375,7885
2026-09-08,DICIND,613.0,638.2999877929688,613.0,622.8499755859375,6121
2026-09-09,DICIND,635.9000244140625,635.9000244140625,621.0,623.9500122070312,5047
2026-09-01,DIFFNKG,480.0499877929688,492.0,465.5,477.5,1746855
2026-09-02,DIFFNKG,476.5,486.7000122070313,467.0,476.7999877929688,306772
2026-09-03,DIFFNKG,476.0,482.7000122070313,469.2999877929688,477.6000061035156,163564
2026-09-04,DIFFNKG,487.0,519.9000244140625,470.0,474.8999938964844,2072376
2026-09-07,DIFFNKG,475.0,479.0,444.0,454.3999938964844,545618
2026-09-08,DIFFNKG,454.3999938964844,459.75,441.0,442.5,273120
2026-09-09,DIFFNKG,451.0,464.7999877929688,441.5,441.9500122070313,258433
2026-09-01,DIGIDRIVE,18.39999961853028,18.799999237060547,17.540000915527344,17.81999969482422,17897
2026-09-02,DIGIDRIVE,17.6200008392334,17.81999969482422,17.260000228881836,17.690000534057617,10459
2026-09-03,DIGIDRIVE,17.700000762939453,17.969999313354492,17.649999618530273,17.799999237060547,5889
2026-09-04,DIGIDRIVE,17.309999465942383,18.0,17.309999465942383,17.649999618530273,6628
2026-09-07,DIGIDRIVE,17.020000457763672,18.18000030517578,17.020000457763672,17.729999542236328,17456
2026-09-08,DIGIDRIVE,17.84000015258789,18.299999237060547,17.520000457763672,17.729999542236328,29631
2026-09-09,DIGIDRIVE,18.0,18.0,17.260000228881836,17.399999618530273,9509
2026-09-01,DIGISPICE,17.170000076293945,17.170000076293945,16.709999084472656,17.0,31061
2026-09-02,DIGISPICE,16.809999465942383,17.100000381469727,16.700000762939453,16.969999313354492,50007
2026-09-03,DIGISPICE,17.149999618530273,17.290000915527344,16.850000381469727,16.959999084472656,42290
2026-09-04,DIGISPICE,17.290000915527344,17.290000915527344,16.520000457763672,16.979999542236328,73604
2026-09-07,DIGISPICE,17.170000076293945,17.170000076293945,16.75,16.969999313354492,36898
2026-09-08,DIGISPICE,16.969999313354492,17.100000381469727,16.709999084472656,16.90999984741211,42404
2026-09-09,DIGISPICE,17.09000015258789,17.09000015258789,16.06999969482422,16.360000610351562,165533
2026-09-01,DIGITIDE,96.5,98.01000213623048,96.1999969482422,97.01000213623048,153441
2026-09-02,DIGITIDE,96.3000030517578,99.0,95.12000274658205,95.87999725341795,146462
2026-09-03,DIGITIDE,96.4499969482422,97.27999877929688,95.0,95.5199966430664,126363
2026-09-04,DIGITIDE,95.5500030517578,98.19000244140624,95.30999755859376,97.01000213623048,263762
2026-09-07,DIGITIDE,97.81999969482422,98.37000274658205,94.5,95.7699966430664,196958
2026-09-08,DIGITIDE,96.05999755859376,96.05999755859376,92.48999786376952,93.41999816894533,293637
2026-09-09,DIGITIDE,95.0,95.0,92.7300033569336,93.0999984741211,75445
2026-09-01,DIGJAMLMTD,51.2400016784668,51.2400016784668,48.5,49.16999816894531,5678
2026-09-02,DIGJAMLMTD,49.09999847412109,50.0,49.0,49.0099983215332,2110
2026-09-03,DIGJAMLMTD,49.20000076293945,50.0,49.20000076293945,49.400001525878906,3972
2026-09-04,DIGJAMLMTD,50.47999954223633,51.0,49.40999984741211,49.959999084472656,1422
2026-09-07,DIGJAMLMTD,50.959999084472656,50.959999084472656,48.34999847412109,49.93999862670898,578
2026-09-08,DIGJAMLMTD,51.18999862670898,54.0,51.18999862670898,51.77999877929688,20727
2026-09-09,DIGJAMLMTD,52.900001525878906,53.5,51.72999954223633,53.5,8572
2026-09-01,DISAQ,12037.0,12118.0,11652.0,11724.0,318
2026-09-02,DISAQ,12160.0,12160.0,11811.0,12008.0,342
2026-09-03,DISAQ,12070.0,12158.0,11700.0,11775.0,95
2026-09-04,DISAQ,11987.0,12119.0,11825.0,11990.0,61
2026-09-07,DISAQ,11950.0,12167.0,11621.0,11758.0,509
2026-09-08,DISAQ,11899.0,11994.0,11800.0,11926.0,492
2026-09-09,DISAQ,11813.0,11908.0,11733.0,11831.0,181
2026-09-01,DISHTV,2.740000009536743,2.740000009536743,2.6700000762939453,2.6700000762939453,805531
2026-09-02,DISHTV,2.6700000762939453,2.700000047683716,2.640000104904175,2.650000095367432,741311
2026-09-03,DISHTV,2.640000104904175,2.6700000762939453,2.609999895095825,2.609999895095825,1071320
2026-09-04,DISHTV,2.609999895095825,2.650000095367432,2.509999990463257,2.569999933242798,1807676
2026-09-07,DISHTV,2.569999933242798,2.569999933242798,2.509999990463257,2.5199999809265137,1384237
2026-09-08,DISHTV,2.5299999713897705,2.569999933242798,2.490000009536743,2.539999961853028,1298327
2026-09-09,DISHTV,2.559999942779541,2.559999942779541,2.4800000190734863,2.509999990463257,859976
2026-09-01,DIVGIITTS,1189.199951171875,1329.800048828125,1172.199951171875,1268.800048828125,649484
2026-09-02,DIVGIITTS,1268.800048828125,1277.300048828125,1220.0999755859375,1244.4000244140625,122025
2026-09-03,DIVGIITTS,1255.0,1309.5,1225.9000244140625,1235.199951171875,180476
2026-09-04,DIVGIITTS,1245.0999755859375,1268.300048828125,1211.199951171875,1235.800048828125,94690
2026-09-07,DIVGIITTS,1242.0,1285.199951171875,1155.199951171875,1175.9000244140625,213485
2026-09-08,DIVGIITTS,1175.9000244140625,1213.0,1152.300048828125,1189.300048828125,105696
2026-09-09,DIVGIITTS,1202.5999755859375,1202.5999755859375,1155.0999755859375,1160.4000244140625,82584
2026-09-01,DIVISLAB,9251.5,9262.5,9087.0,9165.0,485620
2026-09-02,DIVISLAB,9121.5,9299.0,9104.5,9220.0,403619
2026-09-03,DIVISLAB,9253.0,9282.0,9184.0,9250.0,497269
2026-09-04,DIVISLAB,9244.0,9269.0,9100.0,9100.0,250202
2026-09-07,DIVISLAB,9119.5,9315.0,9119.5,9315.0,502162
2026-09-08,DIVISLAB,9375.5,9588.0,9253.0,9575.0,838906
2026-09-09,DIVISLAB,9575.0,9615.0,9410.0,9464.5,276375
2026-09-01,DIXON,14780.0,14820.0,14450.0,14461.0,229903
2026-09-02,DIXON,14461.0,14620.0,14315.0,14590.0,216702
2026-09-03,DIXON,14581.0,14670.0,14380.0,14445.0,259362
2026-09-04,DIXON,14445.0,14463.0,14070.0,14240.0,350720
2026-09-07,DIXON,14227.0,14429.0,13937.0,14180.0,377556
2026-09-08,DIXON,14128.0,14229.0,14052.0,14100.0,129101
2026-09-09,DIXON,14100.0,14271.0,13907.0,13971.0,222701
2026-09-01,DJML,71.2300033569336,72.62999725341797,68.25,71.91999816894531,115318
2026-09-02,DJML,70.12000274658203,73.4800033569336,69.41000366210938,72.22000122070312,147754
2026-09-03,DJML,72.94000244140625,73.0,68.91000366210938,70.70999908447266,180069
2026-09-04,DJML,70.70999908447266,76.9000015258789,70.70999908447266,75.63999938964844,234263
2026-09-07,DJML,75.63999938964844,76.98999786376953,73.51000213623047,75.06999969482422,102035
2026-09-08,DJML,74.4800033569336,77.0,72.68000030517578,76.08000183105469,155991
2026-09-09,DJML,74.66999816894531,82.9000015258789,74.66999816894531,81.6500015258789,188522
2026-09-01,DLF,672.5999755859375,676.0,665.9500122070312,675.1500244140625,3403562
2026-09-02,DLF,666.0,673.5499877929688,651.2999877929688,673.5499877929688,3578778
2026-09-03,DLF,671.0,689.3499755859375,671.0,681.6500244140625,3400599
2026-09-04,DLF,681.6500244140625,689.75,680.7999877929688,681.9000244140625,1911967
2026-09-07,DLF,685.0,685.0,672.7000122070312,672.7000122070312,1252518
2026-09-08,DLF,672.4000244140625,676.4000244140625,665.0,675.0999755859375,2425538
2026-09-09,DLF,670.2000122070312,672.0999755859375,661.2999877929688,665.75,14982059
2026-09-01,DLINKINDIA,441.6000061035156,442.3999938964844,432.2999877929688,436.1000061035156,49405
2026-09-02,DLINKINDIA,436.0,456.8999938964844,430.0499877929688,447.8500061035156,411216
2026-09-03,DLINKINDIA,449.9500122070313,454.5499877929688,444.6000061035156,452.3500061035156,100221
2026-09-04,DLINKINDIA,453.0,455.8999938964844,448.3999938964844,451.1499938964844,67520
2026-09-07,DLINKINDIA,452.0,452.0,442.5499877929688,445.7000122070313,50148
2026-09-08,DLINKINDIA,449.9500122070313,449.9500122070313,440.0499877929688,443.0,31081
2026-09-09,DLINKINDIA,441.1000061035156,441.7000122070313,438.0,439.2000122070313,26680
2026-09-01,DMART,3850.0,3850.89990234375,3766.10009765625,3824.0,382602
2026-09-02,DMART,3790.0,3813.39990234375,3775.0,3813.39990234375,204007
2026-09-03,DMART,3824.10009765625,3824.10009765625,3752.0,3763.0,186192
2026-09-04,DMART,3765.0,3779.89990234375,3745.89990234375,3770.0,288600
2026-09-07,DMART,3757.0,3768.89990234375,3682.300048828125,3710.0,303872
2026-09-08,DMART,3697.10009765625,3743.0,3680.5,3720.199951171875,500898
2026-09-09,DMART,3710.0,3748.0,3705.0,3741.5,118871
2026-09-01,DMCC,288.5,293.95001220703125,283.6000061035156,286.79998779296875,31194
2026-09-02,DMCC,286.6000061035156,297.0,285.1000061035156,293.3500061035156,63510
2026-09-03,DMCC,294.0,302.20001220703125,292.25,295.5,60702
2026-09-04,DMCC,294.70001220703125,302.0,291.1000061035156,293.3500061035156,46455
2026-09-07,DMCC,296.0,297.0,291.79998779296875,293.29998779296875,24500
2026-09-08,DMCC,295.75,295.75,289.25,290.3999938964844,36317
2026-09-09,DMCC,290.3999938964844,293.79998779296875,287.45001220703125,291.8500061035156,16254
2026-09-01,DNAMEDIA,2.5799999237060547,2.7799999713897705,2.5799999237060547,2.5799999237060547,46628
2026-09-02,DNAMEDIA,2.549999952316284,2.690000057220459,2.5,2.5299999713897705,26237
2026-09-03,DNAMEDIA,2.5299999713897705,2.740000009536743,2.5299999713897705,2.630000114440918,36858
2026-09-04,DNAMEDIA,2.680000066757202,2.700000047683716,2.509999990463257,2.630000114440918,34439
2026-09-07,DNAMEDIA,2.6700000762939453,2.690000057220459,2.509999990463257,2.630000114440918,28920
2026-09-08,DNAMEDIA,2.619999885559082,2.789999961853028,2.5299999713897705,2.609999895095825,19650
2026-09-09,DNAMEDIA,2.559999942779541,2.5999999046325684,2.5,2.5299999713897705,56845
2026-09-01,DODLA,1081.0,1085.0,1057.199951171875,1066.199951171875,21297
2026-09-02,DODLA,1067.9000244140625,1084.300048828125,1056.300048828125,1065.300048828125,34781
2026-09-03,DODLA,1070.0,1090.800048828125,1065.0,1069.9000244140625,17534
2026-09-04,DODLA,1081.699951171875,1081.699951171875,1062.0,1066.800048828125,8579
2026-09-07,DODLA,1066.800048828125,1083.9000244140625,1056.5999755859375,1073.0999755859375,17288
2026-09-08,DODLA,1082.0999755859375,1087.9000244140625,1070.0,1081.699951171875,27293
2026-09-09,DODLA,1085.0,1116.5999755859375,1081.800048828125,1095.0999755859375,30079
2026-09-01,DOLATALGO,71.80000305175781,73.7699966430664,70.30000305175781,70.93000030517578,137305
2026-09-02,DOLATALGO,70.12999725341797,70.87999725341797,69.56999969482422,69.95999908447266,178494
2026-09-03,DOLATALGO,70.0999984741211,71.4000015258789,69.75,70.05000305175781,160330
2026-09-04,DOLATALGO,70.48999786376953,72.98999786376953,70.11000061035156,70.91000366210938,187699
2026-09-07,DOLATALGO,71.0,71.0,69.5,69.95999908447266,121207
2026-09-08,DOLATALGO,69.95999908447266,70.94999694824219,68.9000015258789,70.69999694824219,128937
2026-09-09,DOLATALGO,70.37000274658203,70.69999694824219,69.0,69.69000244140625,53843
2026-09-01,DOLLAR,268.0,271.6000061035156,266.0,266.6000061035156,54534
2026-09-02,DOLLAR,266.04998779296875,266.04998779296875,260.0,262.3500061035156,84900
2026-09-03,DOLLAR,263.70001220703125,268.45001220703125,261.0,265.0,58091
2026-09-04,DOLLAR,265.54998779296875,267.1000061035156,262.79998779296875,264.25,36786
2026-09-07,DOLLAR,262.1499938964844,265.0,261.0,262.04998779296875,78512
2026-09-08,DOLLAR,262.04998779296875,265.95001220703125,260.0,264.75,70009
2026-09-09,DOLLAR,263.79998779296875,274.0,261.1499938964844,270.29998779296875,95531
2026-09-01,DOLPHIN,586.8499755859375,598.4500122070312,582.2999877929688,583.2999877929688,23068
2026-09-02,DOLPHIN,598.0,608.0,565.5,603.4500122070312,34269
2026-09-03,DOLPHIN,615.5999755859375,635.7000122070312,603.4500122070312,619.5999755859375,49332
2026-09-04,DOLPHIN,625.0,681.5499877929688,623.2999877929688,674.0,169333
2026-09-07,DOLPHIN,687.0,741.4000244140625,660.0,720.4000244140625,400487
2026-09-08,DOLPHIN,726.9500122070312,731.0,680.3499755859375,687.75,73643
2026-09-09,DOLPHIN,682.7999877929688,714.9000244140625,679.75,684.2000122070312,54524
2026-09-01,DOMS,2226.0,2249.0,2221.199951171875,2229.0,14876
2026-09-02,DOMS,2220.0,2226.89990234375,2193.39990234375,2206.300048828125,29319
2026-09-03,DOMS,2207.10009765625,2215.699951171875,2194.0,2207.60009765625,25864
2026-09-04,DOMS,2205.0,2224.800048828125,2183.199951171875,2208.699951171875,77261
2026-09-07,DOMS,2203.0,2225.0,2195.0,2201.5,28632
2026-09-08,DOMS,2194.0,2215.300048828125,2170.0,2191.39990234375,38298
2026-09-09,DOMS,2170.0,2196.39990234375,2159.89990234375,2190.10009765625,137867
2026-09-01,DONEAR,85.5,85.5,83.5,84.0199966430664,10394
2026-09-02,DONEAR,84.4000015258789,85.3499984741211,83.01000213623047,83.45999908447266,8254
2026-09-03,DONEAR,83.30000305175781,90.98999786376952,83.0999984741211,88.55999755859375,59608
2026-09-04,DONEAR,90.38999938964844,93.47000122070312,89.0999984741211,92.25,106790
2026-09-07,DONEAR,93.9000015258789,94.48999786376952,88.30000305175781,89.12999725341797,78902
2026-09-08,DONEAR,88.69999694824219,91.48999786376952,86.16000366210938,86.79000091552734,60206
2026-09-09,DONEAR,89.4000015258789,89.4000015258789,85.01000213623047,86.0,12882
2026-09-01,DPABHUSHAN,1476.4000244140625,1479.9000244140625,1408.0,1416.0,24352
2026-09-02,DPABHUSHAN,1408.9000244140625,1408.9000244140625,1356.9000244140625,1370.4000244140625,24177
2026-09-03,DPABHUSHAN,1374.699951171875,1412.0999755859375,1355.0,1359.4000244140625,23548
2026-09-04,DPABHUSHAN,1362.800048828125,1445.0,1362.800048828125,1414.199951171875,36359
2026-09-07,DPABHUSHAN,1419.0,1488.800048828125,1406.199951171875,1424.699951171875,43118
2026-09-08,DPABHUSHAN,1424.800048828125,1437.9000244140625,1400.199951171875,1411.5999755859375,10352
2026-09-09,DPABHUSHAN,1402.800048828125,1410.800048828125,1381.0,1385.9000244140625,10713
2026-09-01,DPSCLTD,7.340000152587891,7.389999866485596,7.050000190734863,7.349999904632568,63999
2026-09-02,DPSCLTD,7.380000114440918,7.710000038146973,6.989999771118164,7.409999847412109,130408
2026-09-03,DPSCLTD,7.559999942779541,7.690000057220459,7.199999809265137,7.269999980926514,67713
2026-09-04,DPSCLTD,7.400000095367432,7.449999809265137,6.949999809265137,7.090000152587891,147130
2026-09-07,DPSCLTD,7.289999961853027,7.289999961853027,7.119999885559082,7.179999828338623,64844
2026-09-08,DPSCLTD,7.289999961853027,7.320000171661377,7.050000190734863,7.239999771118164,70892
2026-09-09,DPSCLTD,7.260000228881836,7.260000228881836,7.119999885559082,7.260000228881836,41667
2026-09-01,DPWIRES,157.6999969482422,160.0,153.4499969482422,158.02000427246094,11543
2026-09-02,DPWIRES,159.0,159.0,151.1999969482422,155.3000030517578,2189
2026-09-03,DPWIRES,154.99000549316406,158.10000610351562,153.0,153.99000549316406,3280
2026-09-04,DPWIRES,154.0,156.5,154.0,154.6199951171875,2489
2026-09-07,DPWIRES,154.6199951171875,156.49000549316406,154.1999969482422,155.97999572753906,5544
2026-09-08,DPWIRES,156.4600067138672,156.4600067138672,151.0,152.77000427246094,5275
2026-09-09,DPWIRES,152.75,155.75,152.0,154.0,1881
2026-09-01,DRAGARWQ,5295.0,5321.0,5255.0,5309.5,501
2026-09-02,DRAGARWQ,5319.0,5489.5,5260.5,5420.0,2319
2026-09-03,DRAGARWQ,5450.0,5500.0,5303.0,5339.0,1168
2026-09-04,DRAGARWQ,5339.0,5474.0,5302.0,5422.5,954
2026-09-07,DRAGARWQ,5475.0,5494.5,5280.0,5323.5,2556
2026-09-08,DRAGARWQ,5320.0,5351.0,5236.0,5267.5,898
2026-09-09,DRAGARWQ,5254.0,5300.5,5230.5,5250.5,486
2026-09-01,DRCSYSTEMS,14.0,14.449999809265137,13.619999885559082,13.760000228881836,106401
2026-09-02,DRCSYSTEMS,14.220000267028809,14.220000267028809,13.420000076293944,13.59000015258789,30334
2026-09-03,DRCSYSTEMS,13.859999656677246,14.100000381469728,13.170000076293944,13.420000076293944,56410
2026-09-04,DRCSYSTEMS,13.210000038146973,13.850000381469728,13.210000038146973,13.640000343322754,37863
2026-09-07,DRCSYSTEMS,13.779999732971191,14.18000030517578,13.199999809265137,13.25,84530
2026-09-08,DRCSYSTEMS,13.550000190734863,13.550000190734863,12.859999656677246,12.899999618530272,67911
2026-09-09,DRCSYSTEMS,12.729999542236328,13.300000190734863,12.619999885559082,12.880000114440918,60091
2026-09-01,DREAMFOLKS,66.19999694824219,67.4000015258789,66.19999694824219,66.36000061035156,26723
2026-09-02,DREAMFOLKS,67.6500015258789,67.6500015258789,65.80000305175781,66.38999938964844,26461
2026-09-03,DREAMFOLKS,67.48999786376953,67.80000305175781,65.0,66.33000183105469,33909
2026-09-04,DREAMFOLKS,66.0999984741211,67.47000122070312,66.06999969482422,66.93000030517578,38187
2026-09-07,DREAMFOLKS,66.01000213623047,66.95999908447266,65.44999694824219,65.94000244140625,37290
2026-09-08,DREAMFOLKS,65.12000274658203,66.3499984741211,64.95999908447266,65.13999938964844,44890
2026-09-09,DREAMFOLKS,64.4000015258789,70.9000015258789,64.4000015258789,69.2300033569336,130124
2026-09-01,DREDGECORP,1101.800048828125,1112.0,1062.5999755859375,1076.699951171875,84130
2026-09-02,DREDGECORP,1070.0999755859375,1084.800048828125,1056.199951171875,1060.9000244140625,43034
2026-09-03,DREDGECORP,1070.699951171875,1082.0,1063.699951171875,1074.699951171875,65497
2026-09-04,DREDGECORP,1074.699951171875,1117.5,1074.699951171875,1087.699951171875,128213
2026-09-07,DREDGECORP,1080.0,1096.0,1050.0999755859375,1054.199951171875,147392
2026-09-08,DREDGECORP,1054.199951171875,1068.0,1037.5,1049.0999755859375,90354
2026-09-09,DREDGECORP,1044.0,1066.0,1032.699951171875,1039.5999755859375,60201
2026-09-01,DRREDDY,1166.5,1179.9000244140625,1166.5,1171.0,556259
2026-09-02,DRREDDY,1165.0,1170.9000244140625,1156.5,1156.5,486542
2026-09-03,DRREDDY,1162.0,1164.300048828125,1155.0,1155.0,338274
2026-09-04,DRREDDY,1157.0,1166.800048828125,1151.0,1151.0,568461
2026-09-07,DRREDDY,1150.5,1163.199951171875,1141.800048828125,1144.199951171875,420952
2026-09-08,DRREDDY,1146.5,1154.5,1144.0,1151.0,587270
2026-09-09,DRREDDY,1146.0,1151.0,1136.4000244140625,1145.300048828125,310647
2026-09-01,DSFCL,26.93000030517578,26.93000030517578,26.01000022888184,26.06999969482422,30409
2026-09-02,DSFCL,26.01000022888184,26.530000686645508,25.559999465942383,26.229999542236328,24672
2026-09-03,DSFCL,25.799999237060547,26.489999771118164,25.309999465942383,25.75,30199
2026-09-04,DSFCL,25.790000915527344,26.239999771118164,25.5,25.809999465942383,66854
2026-09-07,DSFCL,25.809999465942383,26.38999938964844,25.25,25.989999771118164,43735
2026-09-08,DSFCL,26.0,26.89999961853028,26.0,26.739999771118164,72207
2026-09-09,DSFCL,26.93000030517578,26.93000030517578,26.020000457763672,26.11000061035156,12211
2026-09-01,DSKULKARNI,18.670000076293945,18.670000076293945,18.670000076293945,18.670000076293945,323
2026-09-02,DSKULKARNI,19.040000915527344,19.040000915527344,19.040000915527344,19.040000915527344,4
2026-09-03,DSKULKARNI,19.420000076293945,19.420000076293945,19.420000076293945,19.420000076293945,177
2026-09-04,DSKULKARNI,19.420000076293945,19.420000076293945,19.420000076293945,19.420000076293945,0
2026-09-07,DSKULKARNI,19.799999237060547,19.799999237060547,19.799999237060547,19.799999237060547,555
2026-09-08,DSKULKARNI,20.190000534057617,20.190000534057617,20.190000534057617,20.190000534057617,1
2026-09-01,DSSL,1065.0,1065.0,1018.0,1020.7999877929688,28727
2026-09-02,DSSL,1019.2999877929688,1039.5999755859375,1010.0,1016.0,36263
2026-09-03,DSSL,1016.0,1027.0,999.0,1003.0,40668
2026-09-04,DSSL,992.5999755859376,1053.0999755859375,990.0,1053.0999755859375,34708
2026-09-07,DSSL,1086.9000244140625,1096.9000244140625,1035.0,1040.4000244140625,51125
2026-09-08,DSSL,1041.300048828125,1082.0,1024.5999755859375,1061.699951171875,28453
2026-09-09,DSSL,1061.699951171875,1062.5999755859375,1019.2000122070312,1030.199951171875,18321
2026-09-01,DTIL,161.69000244140625,161.89999389648438,153.0,153.5,25172
2026-09-02,DTIL,153.5,153.5,148.5,149.9499969482422,11996
2026-09-03,DTIL,149.9600067138672,153.3800048828125,145.0,152.8699951171875,3612
2026-09-04,DTIL,153.6300048828125,153.6300048828125,146.60000610351562,150.63999938964844,6245
2026-09-07,DTIL,151.0,151.0,144.0,146.0800018310547,16459
2026-09-08,DTIL,146.0800018310547,148.49000549316406,140.0,142.0800018310547,3972
2026-09-09,DTIL,142.0800018310547,145.0,140.25,144.5,5638
2026-09-01,DUCON,1.8799999952316284,2.150000095367432,1.7899999618530271,2.069999933242798,1529775
2026-09-02,DUCON,2.150000095367432,2.150000095367432,1.919999957084656,2.0799999237060547,1030380
2026-09-03,DUCON,2.039999961853028,2.069999933242798,1.919999957084656,1.9299999475479128,1623096
2026-09-04,DUCON,1.919999957084656,1.9900000095367432,1.840000033378601,1.919999957084656,1709236
2026-09-07,DUCON,1.899999976158142,1.9700000286102293,1.7599999904632568,1.7899999618530271,2533778
2026-09-08,DUCON,1.7899999618530271,1.9800000190734863,1.7799999713897705,1.7999999523162842,2913978
2026-09-09,DUCON,1.830000042915344,1.850000023841858,1.7799999713897705,1.809999942779541,723808
2026-09-01,DVL,273.6000061035156,287.20001220703125,273.6000061035156,282.5,17456
2026-09-02,DVL,282.5,287.0,275.1000061035156,285.6499938964844,14922
2026-09-03,DVL,286.5,289.0,282.29998779296875,285.79998779296875,15949
2026-09-04,DVL,284.45001220703125,292.0,284.45001220703125,290.04998779296875,15605
2026-09-07,DVL,291.79998779296875,301.0,291.0,298.20001220703125,40018
2026-09-08,DVL,300.1000061035156,300.1000061035156,290.54998779296875,292.04998779296875,14067
2026-09-09,DVL,292.04998779296875,293.8500061035156,286.54998779296875,288.95001220703125,13327
2026-09-01,DWARKESH,52.470001220703125,52.5,48.33000183105469,49.13999938964844,3772601
2026-09-02,DWARKESH,49.150001525878906,50.75,48.119998931884766,48.77999877929688,3908597
2026-09-03,DWARKESH,49.09999847412109,50.25,48.709999084472656,49.31999969482422,3696590
2026-09-04,DWARKESH,49.40999984741211,49.40999984741211,47.0099983215332,47.310001373291016,2333510
2026-09-07,DWARKESH,47.790000915527344,49.619998931884766,47.0,47.380001068115234,3954322
2026-09-08,DWARKESH,47.5,48.54999923706055,46.61000061035156,47.959999084472656,2299108
2026-09-09,DWARKESH,48.0,48.0,46.400001525878906,46.93999862670898,920680
2026-09-01,DYCL,493.0,560.0,483.7000122070313,542.4000244140625,10973790
2026-09-02,DYCL,542.0,550.0,530.25,535.5499877929688,1090048
2026-09-03,DYCL,538.2000122070312,549.5,520.4500122070312,544.2999877929688,711940
2026-09-04,DYCL,541.9000244140625,546.7999877929688,484.0,487.8999938964844,1789647
2026-09-07,DYCL,487.8999938964844,494.7999877929688,452.7000122070313,461.0499877929688,1245587
2026-09-08,DYCL,462.9500122070313,475.0,452.3500061035156,460.6000061035156,1016331
2026-09-09,DYCL,460.7999877929688,468.8999938964844,449.0,459.7000122070313,354612
2026-09-01,DYNAMATECH,11981.0,11981.0,11535.0,11678.0,9545
2026-09-02,DYNAMATECH,11612.0,11612.0,11350.0,11425.0,9361
2026-09-03,DYNAMATECH,11400.0,11575.0,11215.0,11532.0,10815
2026-09-04,DYNAMATECH,11560.0,11775.0,11558.0,11654.0,8608
2026-09-07,DYNAMATECH,11654.0,11974.0,11483.0,11569.0,17282
2026-09-08,DYNAMATECH,11520.0,11689.0,11450.0,11584.0,10021
2026-09-09,DYNAMATECH,11495.0,11741.0,11394.0,11663.0,10886
2026-09-01,DYNPRO,228.57000732421875,235.0,228.0,230.19000244140625,5016
2026-09-02,DYNPRO,228.1000061035156,234.2100067138672,224.0,229.0599975585937,10344
2026-09-03,DYNPRO,228.1100006103516,246.3999938964844,228.1100006103516,237.8099975585937,56324
2026-09-04,DYNPRO,240.0,248.0,235.0,236.0599975585937,37117
2026-09-07,DYNPRO,239.5,239.5,228.94000244140625,233.1999969482422,13546
2026-09-08,DYNPRO,230.3000030517578,238.4499969482422,230.0,233.27999877929688,15809
2026-09-09,DYNPRO,232.3000030517578,240.0,231.0,236.3500061035156,16692
2026-09-01,E2E,649.6500244140625,649.6500244140625,611.0,620.9000244140625,1597894
2026-09-02,E2E,614.0,619.0,590.25,608.4500122070312,626317
2026-09-03,E2E,605.0,616.0,590.0,592.7000122070312,473248
2026-09-04,E2E,573.0999755859375,615.0,573.0999755859375,601.5499877929688,631973
2026-09-07,E2E,610.0,631.5999755859375,610.0,630.2000122070312,1248683
2026-09-08,E2E,618.75,627.7000122070312,601.0,617.5999755859375,909321
2026-09-09,E2E,627.0,627.0,606.0,609.75,565695
2026-09-01,EASEMYTRIP,6.099999904632568,6.159999847412109,5.960000038146973,5.989999771118164,28049247
2026-09-02,EASEMYTRIP,5.989999771118164,6.139999866485596,5.860000133514404,6.0,11843898
2026-09-03,EASEMYTRIP,6.050000190734863,6.099999904632568,5.960000038146973,5.96999979019165,8428899
2026-09-04,EASEMYTRIP,6.03000020980835,6.03000020980835,5.980000019073486,6.0,5002636
2026-09-07,EASEMYTRIP,6.0,6.050000190734863,5.949999809265137,6.010000228881836,7838657
2026-09-08,EASEMYTRIP,5.980000019073486,6.079999923706055,5.880000114440918,5.940000057220459,28001206
2026-09-09,EASEMYTRIP,5.900000095367432,6.059999942779541,5.860000133514404,5.960000038146973,13875921
2026-09-01,EASTSILK,64.0,64.0,58.66999816894531,63.68000030517578,819
2026-09-02,EASTSILK,63.0,63.0,60.5,61.27999877929688,83
2026-09-03,EASTSILK,61.09999847412109,64.33000183105469,61.09999847412109,63.9900016784668,257
2026-09-04,EASTSILK,63.9900016784668,63.9900016784668,60.79999923706055,61.0,1126
2026-09-07,EASTSILK,60.79999923706055,60.79999923706055,58.02000045776367,58.040000915527344,330
2026-09-08,EASTSILK,58.040000915527344,58.040000915527344,56.0,57.0,314
2026-09-09,EASTSILK,54.90999984741211,54.95000076293945,54.900001525878906,54.900001525878906,301
2026-09-01,EASTWEST,2.5799999237060547,2.5999999046325684,2.309999942779541,2.400000095367432,84010
2026-09-02,EASTWEST,2.4200000762939453,2.4800000190734863,2.359999895095825,2.450000047683716,26674
2026-09-03,EASTWEST,2.4200000762939453,2.470000028610229,2.309999942779541,2.3399999141693115,67138
2026-09-04,EASTWEST,2.299999952316284,2.400000095367432,2.2799999713897705,2.359999895095825,61727
2026-09-07,EASTWEST,2.3299999237060547,2.400000095367432,2.309999942779541,2.359999895095825,35817
2026-09-08,EASTWEST,2.309999942779541,2.400000095367432,2.2799999713897705,2.359999895095825,43991
2026-09-09,EASTWEST,2.359999895095825,2.359999895095825,2.259999990463257,2.289999961853028,26350
2026-09-01,EBGNG,621.4000244140625,669.0999755859375,606.2999877929688,650.5,1922207
2026-09-02,EBGNG,650.0,673.4000244140625,637.5999755859375,641.7999877929688,1248083
2026-09-03,EBGNG,645.7999877929688,648.2000122070312,615.5,622.0999755859375,1022172
2026-09-04,EBGNG,622.0,633.4000244140625,583.0,601.25,1005022
2026-09-07,EBGNG,603.0499877929688,624.75,601.5499877929688,619.0999755859375,413604
2026-09-08,EBGNG,626.0,675.0,617.0,665.1500244140625,1683816
2026-09-09,EBGNG,672.2000122070312,687.75,658.0,679.4500122070312,982149
2026-09-01,EBIX,21.209999084472656,21.209999084472656,19.950000762939453,19.989999771118164,180580
2026-09-02,EBIX,19.059999465942383,20.5,19.059999465942383,20.030000686645508,79184
2026-09-03,EBIX,20.030000686645508,20.450000762939453,19.39999961853028,19.84000015258789,20898
2026-09-04,EBIX,20.239999771118164,20.479999542236328,19.5,20.280000686645508,20412
2026-09-07,EBIX,20.479999542236328,20.799999237060547,19.299999237060547,20.489999771118164,29032
2026-09-08,EBIX,20.299999237060547,20.299999237060547,19.520000457763672,19.770000457763672,16460
2026-09-09,EBIX,20.049999237060547,20.39999961853028,19.51000022888184,19.6299991607666,21477
2026-09-01,ECLERX,1950.0,1997.699951171875,1892.300048828125,1973.800048828125,298440
2026-09-02,ECLERX,1950.0,2020.0,1929.4000244140625,2004.5,264722
2026-09-03,ECLERX,2005.0,2050.10009765625,1930.4000244140625,1971.699951171875,265250
2026-09-04,ECLERX,1960.0,1967.800048828125,1878.300048828125,1905.699951171875,163141
2026-09-07,ECLERX,1905.699951171875,1910.699951171875,1858.0,1888.800048828125,171958
2026-09-08,ECLERX,1907.800048828125,1959.0,1888.0,1945.0999755859373,168409
2026-09-09,ECLERX,1945.0999755859373,1945.0999755859373,1900.199951171875,1914.5999755859373,63761
2026-09-01,ECORECO,470.0,475.8999938964844,460.2999877929688,464.5,8887
2026-09-02,ECORECO,459.7999877929688,468.7000122070313,451.0499877929688,454.4500122070313,13107
2026-09-03,ECORECO,468.2000122070313,468.2000122070313,453.1000061035156,456.1000061035156,5421
2026-09-04,ECORECO,462.0,468.9500122070313,455.8500061035156,459.3500061035156,10145
2026-09-07,ECORECO,458.0,475.0,454.6000061035156,456.0,7709
2026-09-08,ECORECO,451.0499877929688,464.6499938964844,446.0499877929688,450.3999938964844,10266
2026-09-09,ECORECO,450.3999938964844,457.5,441.25,449.7000122070313,8673
2026-09-01,ECOSMOBLTY,114.9800033569336,115.8000030517578,113.9000015258789,115.16000366210938,58477
2026-09-02,ECOSMOBLTY,114.0500030517578,124.19000244140624,112.5,114.79000091552734,438547
2026-09-03,ECOSMOBLTY,117.9000015258789,117.9000015258789,113.22000122070312,113.93000030517578,111472
2026-09-04,ECOSMOBLTY,113.93000030517578,115.9000015258789,112.12999725341795,113.54000091552734,79330
2026-09-07,ECOSMOBLTY,116.4000015258789,116.4000015258789,111.3000030517578,111.75,72911
2026-09-08,ECOSMOBLTY,112.68000030517578,113.5,111.5,111.87000274658205,40799
2026-09-09,ECOSMOBLTY,111.87000274658205,112.55999755859376,110.83999633789062,111.9499969482422,24291
2026-09-01,EDELWEISS,129.49000549316406,132.6999969482422,126.98999786376952,128.94000244140625,10187016
2026-09-02,EDELWEISS,128.61000061035156,131.1999969482422,125.52999877929688,126.18000030517578,5705746
2026-09-03,EDELWEISS,127.5,135.24000549316406,126.62000274658205,134.75999450683594,14107589
2026-09-04,EDELWEISS,136.11000061035156,138.24000549316406,134.75999450683594,136.0800018310547,11273587
2026-09-07,EDELWEISS,137.0,137.0,130.50999450683594,132.72000122070312,21562787
2026-09-08,EDELWEISS,134.0,139.8000030517578,127.4800033569336,138.8000030517578,23439200
2026-09-09,EDELWEISS,139.14999389648438,139.14999389648438,134.75,135.97999572753906,5978705
2026-09-01,EFCIL,208.0,208.0,200.77999877929688,201.33999633789065,486529
2026-09-02,EFCIL,200.0,200.9199981689453,197.6000061035156,199.1199951171875,203846
2026-09-03,EFCIL,199.5,202.19000244140625,196.3600006103516,200.83999633789065,266046
2026-09-04,EFCIL,198.08999633789065,202.0,192.0,193.2400054931641,235570
2026-09-07,EFCIL,192.1999969482422,194.7899932861328,190.6100006103516,191.7400054931641,571486
2026-09-08,EFCIL,193.0,193.0,185.82000732421875,186.52999877929688,188815
2026-09-09,EFCIL,185.1100006103516,191.6999969482422,182.0399932861328,190.3999938964844,223067
2026-09-01,EICHERMOT,7975.0,8052.0,7860.0,7970.0,760133
2026-09-02,EICHERMOT,7860.0,7893.0,7507.5,7711.5,1117588
2026-09-03,EICHERMOT,7715.0,7738.5,7597.0,7690.0,437245
2026-09-04,EICHERMOT,7665.0,7665.5,7590.0,7630.5,492954
2026-09-07,EICHERMOT,7658.0,7729.0,7615.0,7672.0,466033
2026-09-08,EICHERMOT,7700.0,7747.5,7655.0,7747.5,461619
2026-09-09,EICHERMOT,7687.0,7764.5,7664.5,7762.5,210855
2026-09-01,EIDPARRY,800.0499877929688,805.75,788.0999755859375,795.5999755859375,304136
2026-09-02,EIDPARRY,795.5999755859375,805.4500122070312,782.1500244140625,800.6500244140625,358986
2026-09-03,EIDPARRY,804.0,818.5,770.0999755859375,778.25,856235
2026-09-04,EIDPARRY,778.25,784.5,774.8499755859375,781.3499755859375,270760
2026-09-07,EIDPARRY,782.0,796.7999877929688,771.25,777.7000122070312,301706
2026-09-08,EIDPARRY,778.0999755859375,785.0999755859375,760.0,763.7000122070312,251872
2026-09-09,EIDPARRY,765.0,767.0,746.0999755859375,757.5,293785
2026-09-01,EIEL,196.5,196.82000732421875,190.1000061035156,190.82000732421875,590767
2026-09-02,EIEL,190.0,194.0,188.0,192.3600006103516,446613
2026-09-03,EIEL,192.8999938964844,197.0,192.8999938964844,195.66000366210932,360610
2026-09-04,EIEL,196.8999938964844,201.6999969482422,195.6499938964844,199.1699981689453,769678
2026-09-07,EIEL,199.1999969482422,204.6999969482422,197.25,198.3300018310547,824767
2026-09-08,EIEL,198.02999877929688,200.0,195.67999267578125,196.1999969482422,1029574
2026-09-09,EIEL,204.75,215.0,204.5,208.0800018310547,11613087
2026-09-01,EIFFL,290.04998779296875,290.04998779296875,290.04998779296875,290.04998779296875,63
2026-09-02,EIFFL,284.25,284.25,284.25,284.25,420
2026-09-03,EIFFL,278.6000061035156,278.6000061035156,278.6000061035156,278.6000061035156,543
2026-09-04,EIFFL,273.04998779296875,273.04998779296875,273.04998779296875,273.04998779296875,1424
2026-09-07,EIFFL,267.6000061035156,268.8999938964844,267.6000061035156,268.8999938964844,2464
2026-09-08,EIFFL,263.54998779296875,265.0,263.54998779296875,265.0,3197
2026-09-09,EIFFL,270.29998779296875,270.29998779296875,259.70001220703125,260.1000061035156,2652
2026-09-01,EIHAHOTELS,301.0,303.6000061035156,291.20001220703125,293.29998779296875,23651
2026-09-02,EIHAHOTELS,290.5,309.8500061035156,290.29998779296875,307.8500061035156,49556
2026-09-03,EIHAHOTELS,309.70001220703125,310.0,302.54998779296875,303.8500061035156,6048
2026-09-04,EIHAHOTELS,305.45001220703125,308.6000061035156,295.29998779296875,297.6499938964844,11705
2026-09-07,EIHAHOTELS,296.3500061035156,300.0,294.1000061035156,296.45001220703125,9142
2026-09-08,EIHAHOTELS,296.45001220703125,299.8999938964844,293.0,295.70001220703125,11850
2026-09-09,EIHAHOTELS,295.70001220703125,300.6000061035156,292.1000061035156,295.25,11747
2026-09-01,EIHOTEL,282.29998779296875,296.45001220703125,282.1499938964844,294.45001220703125,430234
2026-09-02,EIHOTEL,290.0,292.79998779296875,285.0,285.79998779296875,174245
2026-09-03,EIHOTEL,288.5,292.29998779296875,287.79998779296875,290.75,350687
2026-09-04,EIHOTEL,292.6499938964844,293.3999938964844,290.1000061035156,291.8999938964844,154906
2026-09-07,EIHOTEL,294.0,294.8500061035156,290.5,294.0,112598
2026-09-08,EIHOTEL,291.8999938964844,307.5,291.45001220703125,295.75,1037860
2026-09-09,EIHOTEL,295.25,295.75,289.6000061035156,290.6000061035156,95998
2026-09-01,EIMCOELECO,2184.5,2218.0,2152.199951171875,2193.39990234375,22635
2026-09-02,EIMCOELECO,2180.0,2247.800048828125,2159.39990234375,2194.60009765625,22028
2026-09-03,EIMCOELECO,2205.60009765625,2315.0,2205.60009765625,2280.39990234375,88925
2026-09-04,EIMCOELECO,2286.10009765625,2286.10009765625,2240.0,2254.39990234375,19567
2026-09-07,EIMCOELECO,2263.199951171875,2282.300048828125,2236.199951171875,2268.0,14898
2026-09-08,EIMCOELECO,2278.5,2305.0,2250.0,2258.199951171875,16406
2026-09-09,EIMCOELECO,2272.89990234375,2297.60009765625,2234.0,2236.300048828125,9147
2026-09-01,EKC,107.5500030517578,108.3000030517578,105.48999786376952,105.79000091552734,133299
2026-09-02,EKC,105.62000274658205,107.0,104.45999908447266,106.25,127389
2026-09-03,EKC,106.6999969482422,108.0,105.83999633789062,107.0,91370
2026-09-04,EKC,107.4000015258789,107.6500015258789,105.1500015258789,106.41999816894533,150735
2026-09-07,EKC,105.94000244140624,106.41999816894533,102.91000366210938,104.6999969482422,182166
2026-09-08,EKC,104.5999984741211,104.5999984741211,102.3000030517578,103.13999938964844,162005
2026-09-09,EKC,103.3000030517578,104.75,103.3000030517578,103.5999984741211,59750
2026-09-01,EKI,78.94000244140625,78.94000244140625,71.5,73.69000244140625,12589
2026-09-02,EKI,76.98999786376953,77.0,72.5199966430664,75.80000305175781,16532
2026-09-03,EKI,73.55999755859375,76.9000015258789,73.55999755859375,74.05999755859375,12977
2026-09-04,EKI,73.1500015258789,76.0,73.11000061035156,74.12999725341797,6162
2026-09-07,EKI,74.25,74.41999816894531,70.0,71.37000274658203,29655
2026-09-08,EKI,74.0,74.0,70.44999694824219,70.80999755859375,11471
2026-09-09,EKI,73.0,73.0,70.30000305175781,71.88999938964844,6086
2026-09-01,ELANTAS,11625.0,11699.0,11130.0,11297.0,3579
2026-09-02,ELANTAS,11590.0,12238.0,11403.0,11904.0,8310
2026-09-03,ELANTAS,12197.0,12277.0,11911.0,12114.0,2816
2026-09-04,ELANTAS,12395.0,12400.0,12100.0,12219.0,1367
2026-09-07,ELANTAS,12295.0,13876.0,11900.0,13054.0,17387
2026-09-08,ELANTAS,13250.0,13999.0,13187.0,13891.0,9941
2026-09-09,ELANTAS,13849.0,13850.0,13576.0,13784.0,1444
2026-09-01,ELCIDIN,107300.0,108990.0,106055.0,106700.0,6
2026-09-02,ELCIDIN,106170.0,107000.0,106170.0,107000.0,3
2026-09-03,ELCIDIN,105500.0,107450.0,105500.0,106500.0,4
2026-09-04,ELCIDIN,109880.0,109880.0,107400.0,107590.0,12
2026-09-07,ELCIDIN,109995.0,109995.0,107500.0,108950.0,8
2026-09-08,ELCIDIN,108915.0,108915.0,106500.0,106500.0,2
2026-09-09,ELCIDIN,107500.0,108495.0,105340.0,108000.0,21
2026-09-01,ELDEHSG,794.7999877929688,804.5,770.0,783.6500244140625,1342
2026-09-02,ELDEHSG,798.9500122070312,799.9500122070312,776.25,794.25,838
2026-09-03,ELDEHSG,794.2000122070312,800.0,778.8499755859375,790.4500122070312,681
2026-09-04,ELDEHSG,781.0,801.0,781.0,789.0999755859375,415
2026-09-07,ELDEHSG,789.0499877929688,799.0,778.5999755859375,788.8499755859375,667
2026-09-08,ELDEHSG,777.0499877929688,797.0,777.0499877929688,795.7000122070312,158
2026-09-09,ELDEHSG,795.7000122070312,796.75,775.0,780.8499755859375,816
2026-09-01,ELECON,411.75,419.0,409.0499877929688,412.25,279355
2026-09-02,ELECON,412.6000061035156,418.3500061035156,406.2000122070313,416.6000061035156,329056
2026-09-03,ELECON,418.75,457.0,418.5,435.9500122070313,7394075
2026-09-04,ELECON,436.5,442.5,428.75,433.75,535067
2026-09-07,ELECON,431.6499938964844,434.2999877929688,423.1499938964844,426.7000122070313,259797
2026-09-08,ELECON,426.8999938964844,428.0,420.0,421.1499938964844,163967
2026-09-09,ELECON,421.9500122070313,427.3500061035156,416.7999877929688,420.6499938964844,223603
2026-09-01,ELECTCAST,84.4000015258789,87.0,83.30999755859375,83.83000183105469,5555670
2026-09-02,ELECTCAST,83.62999725341797,86.2699966430664,82.16000366210938,85.27999877929688,3654988
2026-09-03,ELECTCAST,86.0,87.77999877929688,83.2699966430664,83.8499984741211,3252794
2026-09-04,ELECTCAST,84.30000305175781,84.9000015258789,82.61000061035156,83.70999908447266,1762760
2026-09-07,ELECTCAST,83.80000305175781,84.98999786376953,80.12999725341797,80.51000213623047,3291161
2026-09-08,ELECTCAST,80.3499984741211,81.5,79.31999969482422,79.9000015258789,1316866
2026-09-09,ELECTCAST,79.52999877929688,80.52999877929688,77.94999694824219,78.91999816894531,845375
2026-09-01,ELECTHERM,990.0999755859376,1015.2999877929688,981.7000122070312,997.25,11055
2026-09-02,ELECTHERM,995.5999755859376,1005.9000244140624,981.0999755859376,1000.0999755859376,7593
2026-09-03,ELECTHERM,1001.25,1007.5999755859376,977.0,979.9000244140624,9319
2026-09-04,ELECTHERM,979.9000244140624,999.9000244140624,979.9000244140624,980.9000244140624,7385
2026-09-07,ELECTHERM,980.9000244140624,990.9000244140624,965.0,966.4000244140624,15422
2026-09-08,ELECTHERM,966.4000244140624,981.2999877929688,961.2000122070312,964.5999755859376,6936
2026-09-09,ELECTHERM,956.0,971.9000244140624,950.0,960.0,4696
2026-09-01,ELGIEQUIP,624.0,631.0999755859375,622.1500244140625,628.9000244140625,341868
2026-09-02,ELGIEQUIP,627.0499877929688,627.0499877929688,613.9000244140625,616.75,340531
2026-09-03,ELGIEQUIP,621.0,638.4000244140625,616.0499877929688,630.3499755859375,564479
2026-09-04,ELGIEQUIP,632.9500122070312,645.4000244140625,627.5,642.0999755859375,691967
2026-09-07,ELGIEQUIP,645.9500122070312,653.4000244140625,637.2999877929688,642.4000244140625,807924
2026-09-08,ELGIEQUIP,644.9000244140625,645.5,635.0999755859375,638.2000122070312,286900
2026-09-09,ELGIEQUIP,640.0,645.9000244140625,623.0,623.3499755859375,263401
2026-09-01,ELGIRUBCO,58.75,62.400001525878906,58.0099983215332,60.65999984741211,76618
2026-09-02,ELGIRUBCO,60.65999984741211,61.79999923706055,59.400001525878906,60.880001068115234,56371
2026-09-03,ELGIRUBCO,61.5,61.5,58.61000061035156,59.08000183105469,31696
2026-09-04,ELGIRUBCO,59.97999954223633,59.97999954223633,58.09999847412109,58.68999862670898,44079
2026-09-07,ELGIRUBCO,58.68999862670898,58.900001525878906,56.81999969482422,57.68000030517578,34515
2026-09-08,ELGIRUBCO,57.68000030517578,59.84999847412109,57.0,59.119998931884766,45091
2026-09-09,ELGIRUBCO,57.93999862670898,64.66000366210938,57.63999938964844,63.5,231146
2026-09-01,ELIN,99.4000015258789,102.98999786376952,95.25,96.16999816894533,408968
2026-09-02,ELIN,95.01000213623048,96.98999786376952,94.62000274658205,95.26000213623048,147098
2026-09-03,ELIN,96.5500030517578,96.91000366210938,95.0999984741211,95.26000213623048,57109
2026-09-04,ELIN,95.26000213623048,97.3000030517578,95.0,95.4000015258789,196524
2026-09-07,ELIN,95.0500030517578,96.9000015258789,95.01000213623048,96.13999938964844,73903
2026-09-08,ELIN,97.5999984741211,100.0,95.37999725341795,98.41999816894533,348713
2026-09-09,ELIN,97.31999969482422,97.87999725341795,95.5999984741211,96.29000091552734,90091
2026-09-01,ELITECON,10.109999656677246,11.170000076293944,10.109999656677246,10.109999656677246,15340431
2026-09-02,ELITECON,9.609999656677246,9.609999656677246,9.609999656677246,9.609999656677246,809638
2026-09-03,ELITECON,9.130000114440918,9.130000114440918,9.130000114440918,9.130000114440918,616110
2026-09-04,ELITECON,8.680000305175781,8.680000305175781,8.680000305175781,8.680000305175781,1122582
2026-09-07,ELITECON,8.25,8.90999984741211,8.25,8.25,4027390
2026-09-08,ELITECON,7.840000152587891,7.840000152587891,7.840000152587891,7.840000152587891,895024
2026-09-09,ELITECON,7.449999809265137,7.449999809265137,7.449999809265137,7.449999809265137,579441
2026-09-01,ELLEN,318.54998779296875,323.0,310.8999938964844,315.3999938964844,305472
2026-09-02,ELLEN,315.04998779296875,317.8999938964844,308.3500061035156,313.29998779296875,232113
2026-09-03,ELLEN,318.95001220703125,333.0,315.54998779296875,330.45001220703125,468330
2026-09-04,ELLEN,333.79998779296875,340.1499938964844,327.5,331.8500061035156,759237
2026-09-07,ELLEN,327.0,335.1499938964844,320.0,321.70001220703125,282425
2026-09-08,ELLEN,322.95001220703125,329.04998779296875,316.6499938964844,322.79998779296875,868357
2026-09-09,ELLEN,326.0,355.04998779296875,324.20001220703125,354.75,2829151
2026-09-01,ELPROINTL,175.0,176.1300048828125,173.72999572753906,175.00999450683594,9627
2026-09-02,ELPROINTL,175.47999572753906,175.47999572753906,173.6199951171875,173.86000061035156,17302
2026-09-03,ELPROINTL,174.0,175.39999389648438,172.05999755859375,174.44000244140625,57329
2026-09-04,ELPROINTL,173.66000366210938,174.94000244140625,173.5800018310547,174.0,3631
2026-09-07,ELPROINTL,175.0,177.5800018310547,174.41000366210938,175.0500030517578,10857
2026-09-08,ELPROINTL,177.9499969482422,177.9499969482422,174.00999450683594,174.1699981689453,4832
2026-09-09,ELPROINTL,176.0,176.0,174.1699981689453,174.6199951171875,3605
2026-09-01,EMAMILTD,366.0,379.3500061035156,361.1499938964844,376.6499938964844,1648320
2026-09-02,EMAMILTD,375.9500122070313,375.9500122070313,366.1000061035156,368.0499877929688,1183546
2026-09-03,EMAMILTD,373.0,373.0,362.2999877929688,368.2000122070313,996480
2026-09-04,EMAMILTD,370.0,371.3999938964844,361.8500061035156,366.0499877929688,1293997
2026-09-07,EMAMILTD,366.6499938964844,370.9500122070313,364.7000122070313,367.5499877929688,907011
2026-09-08,EMAMILTD,367.3999938964844,372.5,362.2000122070313,363.6499938964844,860617
2026-09-09,EMAMILTD,363.2000122070313,377.6499938964844,363.2000122070313,370.5499877929688,6816539
2026-09-01,EMAMIPAP,109.22000122070312,112.0,109.22000122070312,109.7699966430664,12539
2026-09-02,EMAMIPAP,107.61000061035156,110.47000122070312,105.0999984741211,109.30999755859376,15695
2026-09-03,EMAMIPAP,109.26000213623048,112.0,108.0,110.4000015258789,24499
2026-09-04,EMAMIPAP,112.3499984741211,115.91999816894533,111.6999969482422,115.91999816894533,35403
2026-09-07,EMAMIPAP,119.4000015258789,121.70999908447266,116.5,121.33999633789062,111945
2026-09-08,EMAMIPAP,124.0,124.0,116.20999908447266,119.68000030517578,33686
2026-09-09,EMAMIPAP,121.08999633789062,122.3499984741211,115.0,117.79000091552734,28288
2026-09-01,EMAMIREAL,69.83999633789062,69.83999633789062,67.0,68.56999969482422,3969
2026-09-02,EMAMIREAL,68.56999969482422,69.30000305175781,67.8499984741211,67.9800033569336,14408
2026-09-03,EMAMIREAL,68.9000015258789,69.4000015258789,67.0,68.69999694824219,17524
2026-09-04,EMAMIREAL,69.29000091552734,69.30000305175781,65.69999694824219,66.73999786376953,24880
2026-09-07,EMAMIREAL,66.98999786376953,68.98999786376953,65.75,67.62000274658203,16845
2026-09-08,EMAMIREAL,67.62000274658203,67.69999694824219,65.69999694824219,66.18000030517578,12331
2026-09-09,EMAMIREAL,65.30000305175781,69.4800033569336,65.30000305175781,67.51000213623047,14550
2026-09-01,EMBDL,61.900001525878906,62.29999923706055,59.20000076293945,59.630001068115234,2981824
2026-09-02,EMBDL,59.45000076293945,59.560001373291016,58.08000183105469,59.18000030517578,2150451
2026-09-03,EMBDL,59.4900016784668,59.54999923706055,58.20000076293945,58.59000015258789,1578978
2026-09-04,EMBDL,58.650001525878906,59.18999862670898,57.25,57.52999877929688,2533639
2026-09-07,EMBDL,57.52999877929688,59.45000076293945,56.84999847412109,59.09999847412109,3189848
2026-09-08,EMBDL,59.22999954223633,59.22999954223633,57.56999969482422,58.119998931884766,1639752
2026-09-09,EMBDL,57.650001525878906,58.11000061035156,57.20000076293945,57.81999969482422,1104513
2026-09-01,EMCURE,1860.9000244140625,1885.0,1835.0,1845.9000244140625,114806
2026-09-02,EMCURE,1845.9000244140625,1880.0,1840.0,1858.4000244140625,93727
2026-09-03,EMCURE,1874.9000244140625,1874.9000244140625,1838.4000244140625,1854.699951171875,91447
2026-09-04,EMCURE,1888.0,1935.0,1874.699951171875,1927.5999755859373,276608
2026-09-07,EMCURE,1934.800048828125,1960.0999755859373,1915.0999755859373,1926.800048828125,118477
2026-09-08,EMCURE,1944.0,1955.0,1916.0,1925.800048828125,93609
2026-09-09,EMCURE,1938.0999755859373,1938.9000244140625,1889.9000244140625,1909.5999755859373,58481
2026-09-01,EMIL,182.4499969482422,182.4499969482422,172.0800018310547,175.6999969482422,957847
2026-09-02,EMIL,173.0,179.38999938964844,173.0,176.44000244140625,942548
2026-09-03,EMIL,178.91000366210938,183.0,173.97000122070312,176.16000366210938,1306494
2026-09-04,EMIL,175.39999389648438,176.6699981689453,167.5399932861328,173.74000549316406,1637322
2026-09-07,EMIL,173.74000549316406,182.3999938964844,171.0,178.24000549316406,1704710
2026-09-08,EMIL,179.75,189.8000030517578,175.64999389648438,186.0200042724609,6303918
2026-09-09,EMIL,186.3999938964844,188.3999938964844,181.0500030517578,182.5,1362011
2026-09-01,EMKAY,259.6000061035156,266.8999938964844,255.0500030517578,264.1000061035156,87226
2026-09-02,EMKAY,266.75,266.75,252.1499938964844,255.3000030517578,34967
2026-09-03,EMKAY,262.95001220703125,262.95001220703125,254.1000061035156,257.75,14690
2026-09-04,EMKAY,259.0,270.0,255.1499938964844,267.25,54753
2026-09-07,EMKAY,270.75,278.8999938964844,262.0,265.1499938964844,50770
2026-09-08,EMKAY,265.0,265.1499938964844,260.0,260.70001220703125,19955
2026-09-09,EMKAY,260.0,264.70001220703125,252.6499938964844,252.6499938964844,92545
2026-09-01,EMMBI,91.33000183105467,94.4800033569336,91.0,92.66000366210938,23013
2026-09-02,EMMBI,93.5,94.98999786376952,90.0,91.41000366210938,16813
2026-09-03,EMMBI,91.41000366210938,93.23999786376952,88.55000305175781,90.16999816894533,6450
2026-09-04,EMMBI,91.0500030517578,94.1999969482422,90.75,91.0,5830
2026-09-07,EMMBI,91.4499969482422,93.3000030517578,87.5,92.0,3882
2026-09-08,EMMBI,94.47000122070312,94.47000122070312,87.55000305175781,89.94000244140625,11738
2026-09-09,EMMBI,89.88999938964844,89.94000244140625,87.55999755859375,88.4800033569336,2862
2026-09-01,EMMVEE,321.3999938964844,323.1499938964844,317.3999938964844,319.25,877483
2026-09-02,EMMVEE,316.20001220703125,327.45001220703125,315.8999938964844,324.70001220703125,1011269
2026-09-03,EMMVEE,325.0,328.6000061035156,324.0,326.3999938964844,594482
2026-09-04,EMMVEE,327.0,330.8999938964844,322.29998779296875,325.20001220703125,873378
2026-09-07,EMMVEE,323.70001220703125,334.70001220703125,320.25,325.20001220703125,2033248
2026-09-08,EMMVEE,325.6499938964844,332.75,323.25,331.25,1236466
2026-09-09,EMMVEE,331.0,338.0,328.04998779296875,330.3999938964844,1415338
2026-09-01,EMPIND,1220.0,1225.9000244140625,1205.0,1209.199951171875,3955
2026-09-02,EMPIND,1219.0,1221.0,1190.0,1196.9000244140625,7580
2026-09-03,EMPIND,1213.0,1213.0,1190.0999755859375,1195.9000244140625,4838
2026-09-04,EMPIND,1202.0,1208.300048828125,1192.0,1195.5999755859375,6883
2026-09-07,EMPIND,1214.9000244140625,1220.0,1188.0999755859375,1192.0999755859375,17291
2026-09-08,EMPIND,1204.9000244140625,1204.9000244140625,1169.199951171875,1176.800048828125,17716
2026-09-09,EMPIND,1107.199951171875,1120.0,1068.0999755859375,1080.0,10426
2026-09-01,EMPOWER,2.009999990463257,2.009999990463257,2.009999990463257,2.009999990463257,4047435
2026-09-02,EMPOWER,1.909999966621399,1.909999966621399,1.909999966621399,1.909999966621399,2054257
2026-09-03,EMPOWER,1.820000052452088,1.820000052452088,1.820000052452088,1.820000052452088,4402278
2026-09-04,EMPOWER,1.7300000190734863,1.899999976158142,1.7300000190734863,1.840000033378601,26427168
2026-09-07,EMPOWER,1.919999957084656,1.9299999475479128,1.919999957084656,1.9299999475479128,9399271
2026-09-08,EMPOWER,2.009999990463257,2.0199999809265137,2.0,2.009999990463257,19565972
2026-09-09,EMPOWER,2.059999942779541,2.109999895095825,2.049999952316284,2.0999999046325684,11189463
2026-09-01,EMSLIMITED,372.3999938964844,379.0,370.2000122070313,372.3999938964844,104652
2026-09-02,EMSLIMITED,391.0,409.5,380.0,386.7999877929688,8214302
2026-09-03,EMSLIMITED,386.2999877929688,397.7999877929688,382.5,387.3500061035156,356431
2026-09-04,EMSLIMITED,387.3500061035156,388.9500122070313,381.0,383.0499877929688,166270
2026-09-07,EMSLIMITED,383.5,392.6000061035156,376.8999938964844,385.5499877929688,270730
2026-09-08,EMSLIMITED,385.0,385.0,376.0,378.3999938964844,164229
2026-09-09,EMSLIMITED,379.8999938964844,398.9500122070313,379.8999938964844,393.25,707435
2026-09-01,EMUDHRA,555.0,555.0,527.8499755859375,533.0999755859375,125079
2026-09-02,EMUDHRA,533.7999877929688,536.0999755859375,520.0,522.1500244140625,72368
2026-09-03,EMUDHRA,527.0999755859375,531.0,514.7999877929688,519.8499755859375,72575
2026-09-04,EMUDHRA,519.8499755859375,534.4000244140625,519.8499755859375,524.7999877929688,71392
2026-09-07,EMUDHRA,527.8499755859375,530.4500122070312,500.1000061035156,502.4500122070313,172425
2026-09-08,EMUDHRA,505.0,517.1500244140625,493.7999877929688,509.1000061035156,173359
2026-09-09,EMUDHRA,509.1000061035156,515.0,501.1499938964844,512.7000122070312,41002
2026-09-01,ENDURANCE,2888.0,2905.800048828125,2829.300048828125,2841.699951171875,42736
2026-09-02,ENDURANCE,2840.0,2841.300048828125,2735.0,2755.89990234375,143316
2026-09-03,ENDURANCE,2760.0,2811.0,2735.800048828125,2754.699951171875,98905
2026-09-04,ENDURANCE,2757.0,2795.0,2736.60009765625,2782.800048828125,50285
2026-09-07,ENDURANCE,2782.800048828125,2798.89990234375,2745.10009765625,2763.199951171875,53026
2026-09-08,ENDURANCE,2770.0,2784.300048828125,2702.0,2735.300048828125,81550
2026-09-09,ENDURANCE,2738.0,2823.0,2722.89990234375,2799.0,83659
2026-09-01,ENERGYDEV,15.880000114440918,16.190000534057617,15.75,15.779999732971191,13623
2026-09-02,ENERGYDEV,15.65999984741211,16.1299991607666,15.579999923706056,15.649999618530272,17038
2026-09-03,ENERGYDEV,15.800000190734863,15.970000267028809,15.399999618530272,15.5,22297
2026-09-04,ENERGYDEV,15.989999771118164,15.989999771118164,15.449999809265137,15.489999771118164,11133
2026-09-07,ENERGYDEV,15.479999542236328,15.6899995803833,15.25,15.43000030517578,20723
2026-09-08,ENERGYDEV,15.43000030517578,15.649999618530272,15.25,15.329999923706056,15162
2026-09-09,ENERGYDEV,15.329999923706056,15.329999923706056,14.699999809265137,14.859999656677246,54693
2026-09-01,ENGINERSIN,263.0,289.6499938964844,260.45001220703125,280.04998779296875,57537014
2026-09-02,ENGINERSIN,279.0,282.8500061035156,273.6499938964844,276.6000061035156,6781901
2026-09-03,ENGINERSIN,275.54998779296875,285.1000061035156,272.25,281.95001220703125,7395677
2026-09-04,ENGINERSIN,282.3999938964844,284.5,278.3500061035156,279.45001220703125,3490446
2026-09-07,ENGINERSIN,281.04998779296875,283.75,272.75,277.04998779296875,3272506
2026-09-08,ENGINERSIN,277.6000061035156,281.95001220703125,271.45001220703125,279.20001220703125,2925037
2026-09-09,ENGINERSIN,279.0,283.29998779296875,274.54998779296875,275.3999938964844,1556815
2026-09-01,ENIL,101.98999786376952,103.9000015258789,100.1999969482422,100.95999908447266,28318
2026-09-02,ENIL,101.01000213623048,101.16000366210938,100.0,100.27999877929688,8961
2026-09-03,ENIL,101.0,103.5999984741211,99.4499969482422,99.61000061035156,113077
2026-09-04,ENIL,99.66999816894533,103.0999984741211,99.66999816894533,102.6500015258789,27341
2026-09-07,ENIL,102.6500015258789,104.26000213623048,101.02999877929688,101.33999633789062,17853
2026-09-08,ENIL,101.4000015258789,103.19000244140624,99.56999969482422,100.20999908447266,73276
2026-09-09,ENIL,101.0,101.66999816894533,99.56999969482422,99.98999786376952,24434
2026-09-01,ENKEIWHEL,400.0,405.0,391.0,400.0,8408
2026-09-02,ENKEIWHEL,400.0,405.0,385.0,389.2000122070313,2735
2026-09-03,ENKEIWHEL,390.0,400.1000061035156,378.5,380.7999877929688,3915
2026-09-04,ENKEIWHEL,396.0,400.0,384.0,389.7999877929688,776
2026-09-07,ENKEIWHEL,399.0,410.8999938964844,395.0,395.1499938964844,1719
2026-09-08,ENKEIWHEL,395.0,410.0,390.0,396.6000061035156,4351
2026-09-09,ENKEIWHEL,410.0,410.0,397.0,398.0,3868
2026-09-01,ENRIN,3230.0,3243.89990234375,3160.300048828125,3172.5,217495
2026-09-02,ENRIN,3140.0,3155.89990234375,3104.5,3119.300048828125,245835
2026-09-03,ENRIN,3148.0,3215.0,3118.0,3155.199951171875,548283
2026-09-04,ENRIN,3160.0,3186.800048828125,3106.0,3115.699951171875,262111
2026-09-07,ENRIN,3115.800048828125,3185.0,3111.60009765625,3121.89990234375,441448
2026-09-08,ENRIN,3109.0,3249.800048828125,3086.0,3200.10009765625,824146
2026-09-09,ENRIN,3215.0,3238.0,3160.0,3197.39990234375,204310
2026-09-01,ENTERO,1807.800048828125,1829.0,1790.0999755859375,1805.0,116123
2026-09-02,ENTERO,1805.699951171875,1834.0,1785.300048828125,1797.4000244140625,166967
2026-09-03,ENTERO,1810.0,1863.0,1795.199951171875,1848.0,197997
2026-09-04,ENTERO,1848.0,1868.9000244140625,1811.0999755859373,1827.5999755859373,96165
2026-09-07,ENTERO,1857.0,1920.0,1835.0,1898.4000244140625,322283
2026-09-08,ENTERO,1895.0999755859373,1920.0,1841.199951171875,1851.800048828125,114511
2026-09-09,ENTERO,1856.0,1890.5,1812.0999755859373,1829.800048828125,64923
2026-09-01,EPACK,187.0,190.91000366210932,185.3999938964844,187.72000122070312,490346
2026-09-02,EPACK,187.0,189.6100006103516,184.8600006103516,187.52999877929688,393677
2026-09-03,EPACK,187.52999877929688,193.0,187.52999877929688,189.0800018310547,465503
2026-09-04,EPACK,191.0,192.5,187.9900054931641,189.2700042724609,343336
2026-09-07,EPACK,189.4900054931641,190.94000244140625,185.1499938964844,186.3300018310547,278336
2026-09-08,EPACK,186.3099975585937,190.2400054931641,186.0,187.3800048828125,327225
2026-09-09,EPACK,187.3800048828125,192.9499969482422,185.41000366210932,189.0599975585937,400870
2026-09-01,EPACKPEB,223.0,225.0,219.41000366210932,224.0,362380
2026-09-02,EPACKPEB,221.9199981689453,227.9499969482422,220.0,225.0399932861328,479629
2026-09-03,EPACKPEB,223.97999572753903,233.8000030517578,223.97999572753903,227.3000030517578,320754
2026-09-04,EPACKPEB,227.5,233.8500061035156,227.5,231.1100006103516,324727
2026-09-07,EPACKPEB,231.1100006103516,233.07000732421875,228.1499938964844,230.44000244140625,232605
2026-09-08,EPACKPEB,233.0,238.8000030517578,231.009994506836,234.0,560975
2026-09-09,EPACKPEB,234.0,249.1999969482422,231.2100067138672,244.509994506836,1106883
2026-09-01,EPIGRAL,1208.5999755859375,1252.9000244140625,1198.5999755859375,1239.5,66587
2026-09-02,EPIGRAL,1235.0,1240.800048828125,1206.199951171875,1230.5999755859375,35163
2026-09-03,EPIGRAL,1236.800048828125,1254.800048828125,1221.199951171875,1236.699951171875,39179
2026-09-04,EPIGRAL,1230.0,1254.800048828125,1214.5,1219.699951171875,48188
2026-09-07,EPIGRAL,1228.0,1231.800048828125,1176.0999755859375,1179.800048828125,50763
2026-09-08,EPIGRAL,1215.0,1215.0,1172.4000244140625,1189.800048828125,30444
2026-09-09,EPIGRAL,1185.800048828125,1189.800048828125,1160.0,1163.5,23906
2026-09-01,EPL,246.0,247.6999969482422,237.5,240.3500061035156,135432363
2026-09-02,EPL,238.8999938964844,243.0,234.1499938964844,236.3000030517578,10496347
2026-09-03,EPL,239.0,251.0,237.1999969482422,246.5500030517578,10298029
2026-09-04,EPL,246.5500030517578,250.8999938964844,244.5500030517578,247.1000061035156,3718253
2026-09-07,EPL,248.0,255.75,246.3000030517578,248.9499969482422,6283376
2026-09-08,EPL,248.1000061035156,252.6000061035156,245.9499969482422,248.1000061035156,3069783
2026-09-09,EPL,248.5,250.3000030517578,245.1000061035156,247.5,1472063
2026-09-01,EQUIPPP,22.14999961853028,22.450000762939453,21.280000686645508,22.200000762939453,2030
2026-09-02,EQUIPPP,22.3700008392334,23.200000762939453,22.200000762939453,23.190000534057617,14860
2026-09-03,EQUIPPP,22.5,22.88999938964844,22.5,22.88999938964844,4043
2026-09-04,EQUIPPP,22.88999938964844,22.88999938964844,22.100000381469727,22.75,1891
2026-09-07,EQUIPPP,22.5,22.979999542236328,22.1200008392334,22.850000381469727,2652
2026-09-08,EQUIPPP,22.850000381469727,23.989999771118164,22.020000457763672,23.799999237060547,60920
2026-09-09,EQUIPPP,23.75,24.46999931335449,23.11000061035156,23.21999931335449,52546
2026-09-01,EQUITASBNK,73.97000122070312,74.19000244140625,73.08000183105469,73.41999816894531,939445
2026-09-02,EQUITASBNK,72.69000244140625,73.80000305175781,72.12000274658203,73.44999694824219,670856
2026-09-03,EQUITASBNK,74.48999786376953,74.80000305175781,72.61000061035156,73.04000091552734,1375803
2026-09-04,EQUITASBNK,73.05000305175781,73.98999786376953,72.80000305175781,72.94999694824219,534782
2026-09-07,EQUITASBNK,72.94999694824219,73.73999786376953,72.5999984741211,73.3499984741211,843740
2026-09-08,EQUITASBNK,73.19999694824219,73.22000122070312,72.30000305175781,72.54000091552734,1142558
2026-09-09,EQUITASBNK,72.5199966430664,72.62000274658203,71.02999877929688,72.3499984741211,1150415
2026-09-01,ERIS,1297.199951171875,1312.5,1291.0,1299.9000244140625,48468
2026-09-02,ERIS,1292.0,1349.9000244140625,1265.0999755859375,1288.9000244140625,152755
2026-09-03,ERIS,1320.0,1336.699951171875,1288.9000244140625,1303.5,74397
2026-09-04,ERIS,1301.0,1332.199951171875,1301.0,1321.699951171875,69111
2026-09-07,ERIS,1327.4000244140625,1341.0,1318.199951171875,1324.300048828125,27451
2026-09-08,ERIS,1322.9000244140625,1333.800048828125,1315.0999755859375,1324.699951171875,28743
2026-09-09,ERIS,1318.0,1337.9000244140625,1318.0,1326.4000244140625,34135
2026-09-01,ESABINDIA,6134.0,6189.5,6014.5,6141.5,7782
2026-09-02,ESABINDIA,6156.0,6175.5,6001.0,6038.5,6800
2026-09-03,ESABINDIA,6132.5,6132.5,6029.5,6077.5,3007
2026-09-04,ESABINDIA,6107.5,6114.0,6050.0,6067.5,2820
2026-09-07,ESABINDIA,6053.5,6108.0,6015.0,6092.0,5026
2026-09-08,ESABINDIA,6109.0,6117.5,6010.0,6067.0,4719
2026-09-09,ESABINDIA,6060.0,6126.0,5960.0,5966.5,4978
2026-09-01,ESAFSFB,43.400001525878906,43.400001525878906,41.04999923706055,41.47999954223633,585595
2026-09-02,ESAFSFB,41.47999954223633,42.59999847412109,40.09999847412109,42.36000061035156,366036
2026-09-03,ESAFSFB,42.880001068115234,42.88999938964844,41.400001525878906,41.66999816894531,283668
2026-09-04,ESAFSFB,41.66999816894531,41.84000015258789,41.04999923706055,41.40999984741211,271495
2026-09-07,ESAFSFB,41.790000915527344,42.02000045776367,40.52000045776367,41.7599983215332,445009
2026-09-08,ESAFSFB,41.5,41.68999862670898,40.5,41.470001220703125,602956
2026-09-09,ESAFSFB,41.41999816894531,41.77000045776367,40.400001525878906,40.70000076293945,252767
2026-09-01,ESCORTS,3050.0,3105.0,2986.0,3016.10009765625,115819
2026-09-02,ESCORTS,3009.39990234375,3039.89990234375,2983.10009765625,3019.39990234375,103177
2026-09-03,ESCORTS,3013.699951171875,3030.5,2966.0,2978.199951171875,56081
2026-09-04,ESCORTS,2993.0,3001.0,2960.300048828125,2968.800048828125,62925
2026-09-07,ESCORTS,2965.0,2985.300048828125,2936.0,2957.39990234375,25297
2026-09-08,ESCORTS,2980.300048828125,3029.300048828125,2962.199951171875,3013.199951171875,65334
2026-09-09,ESCORTS,3009.0,3036.0,2984.0,2989.39990234375,21017
2026-09-04,ESDS,757.0,908.4000244140624,756.0,908.4000244140624,15790052
2026-09-07,ESDS,1090.050048828125,1090.050048828125,1090.050048828125,1090.050048828125,742653
2026-09-08,ESDS,1189.0,1308.050048828125,1140.5999755859375,1308.050048828125,12761472
2026-09-09,ESDS,1438.8499755859375,1438.8499755859375,1438.8499755859375,1438.8499755859375,299365
2026-09-01,ESSARSHPNG,16.200000762939453,18.0,16.200000762939453,16.829999923706055,151322
2026-09-02,ESSARSHPNG,16.989999771118164,16.989999771118164,16.5,16.729999542236328,147217
2026-09-03,ESSARSHPNG,16.729999542236328,17.09000015258789,16.729999542236328,16.8700008392334,114629
2026-09-04,ESSARSHPNG,17.0,17.649999618530273,16.899999618530273,17.09000015258789,325102
2026-09-07,ESSARSHPNG,17.18000030517578,17.649999618530273,16.1200008392334,16.40999984741211,372033
2026-09-08,ESSARSHPNG,16.5,16.860000610351562,15.899999618530272,16.049999237060547,300219
2026-09-09,ESSARSHPNG,16.1200008392334,16.239999771118164,15.960000038146973,16.0,133573
2026-09-01,ESSENTIA,1.0299999713897705,1.059999942779541,1.0299999713897705,1.0399999618530271,3144152
2026-09-02,ESSENTIA,1.059999942779541,1.059999942779541,1.0299999713897705,1.0399999618530271,2411294
2026-09-03,ESSENTIA,1.0399999618530271,1.0800000429153442,1.0399999618530271,1.0499999523162842,3372468
2026-09-04,ESSENTIA,1.0499999523162842,1.0800000429153442,1.0499999523162842,1.0499999523162842,2849052
2026-09-07,ESSENTIA,1.0499999523162842,1.100000023841858,1.0499999523162842,1.100000023841858,2788603
2026-09-08,ESSENTIA,1.100000023841858,1.149999976158142,1.0499999523162842,1.0499999523162842,8096583
2026-09-09,ESSENTIA,1.059999942779541,1.0700000524520874,1.0499999523162842,1.0499999523162842,1746671
2026-09-01,ESTER,93.5,95.44000244140624,91.0,92.68000030517578,121349
2026-09-02,ESTER,91.70999908447266,94.75,91.41000366210938,94.0500030517578,95277
2026-09-03,ESTER,94.5,95.69000244140624,93.25,94.02999877929688,48134
2026-09-04,ESTER,94.04000091552734,94.72000122070312,93.0,93.56999969482422,41294
2026-09-07,ESTER,94.4000015258789,94.4000015258789,90.9499969482422,91.54000091552734,92014
2026-09-08,ESTER,91.5,92.38999938964844,91.0199966430664,91.43000030517578,49070
2026-09-09,ESTER,91.4499969482422,92.8000030517578,90.01000213623047,91.51000213623048,126475
2026-09-01,ETERNAL,325.0,329.3999938964844,323.0,327.75,21501682
2026-09-02,ETERNAL,325.5,327.5,320.29998779296875,327.29998779296875,20138975
2026-09-03,ETERNAL,327.79998779296875,331.0,324.1499938964844,324.79998779296875,15603719
2026-09-04,ETERNAL,325.29998779296875,327.75,320.79998779296875,322.75,17824027
2026-09-07,ETERNAL,325.75,325.75,319.70001220703125,320.79998779296875,12843659
2026-09-08,ETERNAL,320.79998779296875,324.29998779296875,320.5,321.6000061035156,10662039
2026-09-09,ETERNAL,322.0,322.54998779296875,318.3999938964844,319.54998779296875,15176450
2026-09-01,ETHOSLTD,2909.0,2912.800048828125,2860.0,2879.39990234375,21366
2026-09-02,ETHOSLTD,2879.39990234375,2901.5,2820.0,2839.39990234375,25873
2026-09-03,ETHOSLTD,2841.0,2858.89990234375,2782.0,2793.10009765625,15925
2026-09-04,ETHOSLTD,2794.0,2905.60009765625,2776.0,2792.800048828125,79319
2026-09-07,ETHOSLTD,2779.800048828125,2844.699951171875,2724.60009765625,2746.60009765625,44369
2026-09-08,ETHOSLTD,2779.0,2800.0,2736.699951171875,2761.5,17259
2026-09-09,ETHOSLTD,2746.10009765625,2775.0,2698.199951171875,2701.699951171875,16921
2026-09-01,EUREKAFORB,432.1000061035156,432.5,412.9500122070313,427.7999877929688,192759
2026-09-02,EUREKAFORB,425.5,426.2999877929688,419.8500061035156,422.9500122070313,81366
2026-09-03,EUREKAFORB,422.9500122070313,432.3999938964844,420.8999938964844,429.25,106127
2026-09-04,EUREKAFORB,430.0,430.0,422.1499938964844,423.75,99508
2026-09-07,EUREKAFORB,426.0,426.0,402.8999938964844,406.2000122070313,195035
2026-09-08,EUREKAFORB,407.8999938964844,412.0499877929688,404.5499877929688,408.5499877929688,101521
2026-09-09,EUREKAFORB,411.25,412.0,401.3999938964844,401.3999938964844,71179
2026-09-01,EUROBOND,156.89999389648438,156.89999389648438,147.5,148.02000427246094,3776
2026-09-02,EUROBOND,149.9499969482422,152.0,145.50999450683594,150.0399932861328,7429
2026-09-03,EUROBOND,151.0,156.0,147.60000610351562,151.10000610351562,8000
2026-09-04,EUROBOND,154.0,154.0,148.00999450683594,151.0,921
2026-09-07,EUROBOND,154.0,154.0,148.0,150.77999877929688,6201
2026-09-08,EUROBOND,154.8000030517578,155.7899932861328,148.25,154.6300048828125,2142
2026-09-09,EUROBOND,159.5399932861328,159.5399932861328,149.0,149.0,623
2026-09-01,EUROPRATIK,265.3500061035156,265.3500061035156,258.3999938964844,259.3500061035156,177200
2026-09-02,EUROPRATIK,257.5,271.20001220703125,255.3000030517578,260.04998779296875,201379
2026-09-03,EUROPRATIK,262.1499938964844,270.95001220703125,259.54998779296875,267.0,188394
2026-09-04,EUROPRATIK,267.0,270.04998779296875,258.0,263.75,192832
2026-09-07,EUROPRATIK,262.0,263.54998779296875,255.3999938964844,257.0,190094
2026-09-08,EUROPRATIK,257.0,259.6000061035156,254.5500030517578,256.95001220703125,162490
2026-09-09,EUROPRATIK,258.6499938964844,258.6499938964844,254.8500061035156,257.0,101452
2026-09-01,EUROTEXIND,13.989999771118164,13.989999771118164,13.989999771118164,13.989999771118164,6
2026-09-02,EUROTEXIND,13.989999771118164,13.989999771118164,13.989999771118164,13.989999771118164,0
2026-09-03,EUROTEXIND,13.989999771118164,13.989999771118164,13.989999771118164,13.989999771118164,271
2026-09-04,EUROTEXIND,13.729999542236328,13.729999542236328,13.729999542236328,13.729999542236328,300
2026-09-07,EUROTEXIND,13.460000038146973,13.460000038146973,13.460000038146973,13.460000038146973,2294
2026-09-08,EUROTEXIND,13.460000038146973,13.460000038146973,13.460000038146973,13.460000038146973,30
2026-09-01,EVEREADY,330.5,330.5,322.3999938964844,325.1000061035156,92060
2026-09-02,EVEREADY,322.5,329.6499938964844,316.8500061035156,321.29998779296875,86932
2026-09-03,EVEREADY,321.29998779296875,325.8999938964844,318.1000061035156,319.45001220703125,44636
2026-09-04,EVEREADY,319.0,322.29998779296875,316.0,317.8999938964844,57194
2026-09-07,EVEREADY,315.75,331.0,315.0,327.1499938964844,116376
2026-09-08,EVEREADY,329.8999938964844,351.54998779296875,324.3999938964844,348.8500061035156,421299
2026-09-09,EVEREADY,348.8500061035156,351.6000061035156,343.20001220703125,349.54998779296875,128733
2026-09-01,EVERESTIND,420.0,435.0,415.0,420.75,21159
2026-09-02,EVERESTIND,429.0,429.0,414.0,427.5499877929688,3705
2026-09-03,EVERESTIND,420.0,434.5499877929688,420.0,425.25,2837
2026-09-04,EVERESTIND,425.0,433.9500122070313,415.0,423.8999938964844,12743
2026-09-07,EVERESTIND,422.0,430.0,417.0,422.2000122070313,10629
2026-09-08,EVERESTIND,423.0,429.7999877929688,420.0,426.2999877929688,16352
2026-09-09,EVERESTIND,428.0,434.0,421.5,425.0499877929688,7475
2026-09-01,EXCELINDUS,1053.0,1053.0,1004.5,1015.5,6767
2026-09-02,EXCELINDUS,1018.0,1035.0999755859375,1010.0,1027.4000244140625,5547
2026-09-03,EXCELINDUS,1032.0,1045.0,1025.0999755859375,1034.9000244140625,4086
2026-09-04,EXCELINDUS,1035.0999755859375,1045.0,1026.0999755859375,1031.4000244140625,4529
2026-09-07,EXCELINDUS,1036.0,1036.0999755859375,999.0,1002.5999755859376,11574
2026-09-08,EXCELINDUS,1004.0,1004.0,984.0999755859376,993.0,8141
2026-09-09,EXCELINDUS,995.0,1001.9000244140624,986.0999755859376,990.7999877929688,7580
2026-09-01,EXCELSOFT,69.93000030517578,70.44999694824219,69.5999984741211,69.79000091552734,156084
2026-09-02,EXCELSOFT,70.0,70.0,69.05000305175781,69.62000274658203,171128
2026-09-03,EXCELSOFT,70.66000366210938,71.4000015258789,69.7699966430664,70.66000366210938,253179
2026-09-04,EXCELSOFT,70.5,71.80000305175781,69.5199966430664,70.2300033569336,299626
2026-09-07,EXCELSOFT,70.01000213623047,70.38999938964844,66.9000015258789,68.26000213623047,583097
2026-09-08,EXCELSOFT,69.80000305175781,69.9000015258789,68.5,69.05999755859375,244261
2026-09-09,EXCELSOFT,69.48999786376953,78.80000305175781,67.0,76.69000244140625,11530791
2026-09-01,EXICOM,166.0,166.0,159.0,162.97999572753906,870784
2026-09-02,EXICOM,158.30999755859375,165.8000030517578,158.14999389648438,163.3300018310547,698763
2026-09-03,EXICOM,163.0,169.4499969482422,161.94000244140625,166.1300048828125,940775
2026-09-04,EXICOM,166.8000030517578,179.75,166.8000030517578,177.85000610351562,5389417
2026-09-07,EXICOM,179.0,187.6000061035156,178.0,184.3300018310547,4232220
2026-09-08,EXICOM,184.75,189.1699981689453,180.1199951171875,181.6499938964844,2500022
2026-09-09,EXICOM,180.4499969482422,185.4900054931641,170.99000549316406,183.1199951171875,2686547
2026-09-01,EXIDEIND,439.1000061035156,444.6000061035156,434.0,436.25,2106708
2026-09-02,EXIDEIND,435.0,436.5,423.7000122070313,425.6499938964844,2878998
2026-09-03,EXIDEIND,427.0499877929688,430.0,421.6000061035156,423.0,1330665
2026-09-04,EXIDEIND,423.8999938964844,428.5,416.3999938964844,424.3500061035156,2581393
2026-09-07,EXIDEIND,422.2999877929688,427.5,416.6000061035156,425.75,1662688
2026-09-08,EXIDEIND,424.9500122070313,427.2000122070313,415.5499877929688,418.1499938964844,1399882
2026-09-09,EXIDEIND,418.1000061035156,420.0,410.5,415.5,1466556
2026-09-01,EXPLEOSOL,857.7999877929688,868.9500122070312,849.0,854.4000244140625,12578
2026-09-02,EXPLEOSOL,871.5,926.9000244140624,871.5,890.8499755859375,431972
2026-09-03,EXPLEOSOL,903.0,911.0,885.0999755859375,898.75,54511
2026-09-04,EXPLEOSOL,904.0,910.0,888.0,899.0,27691
2026-09-07,EXPLEOSOL,910.4500122070312,922.0,895.0,899.5499877929688,32051
2026-09-08,EXPLEOSOL,899.9500122070312,903.9000244140624,881.7000122070312,887.9500122070312,20997
2026-09-09,EXPLEOSOL,888.0,891.5499877929688,870.5999755859375,886.0,22743
2026-09-01,EXXARO,7.139999866485596,7.239999771118164,6.25,6.480000019073486,1403583
2026-09-02,EXXARO,6.480000019073486,6.710000038146973,6.360000133514404,6.599999904632568,382891
2026-09-03,EXXARO,6.840000152587891,6.960000038146973,6.599999904632568,6.699999809265137,2472093
2026-09-04,EXXARO,6.599999904632568,6.849999904632568,6.5,6.590000152587891,298855
2026-09-07,EXXARO,6.679999828338623,6.690000057220459,6.25,6.590000152587891,571731
2026-09-08,EXXARO,6.409999847412109,6.599999904632568,6.409999847412109,6.510000228881836,254975
2026-09-09,EXXARO,6.349999904632568,6.550000190734863,6.349999904632568,6.5,89123
2026-09-01,FABTECH,148.41000366210938,149.97000122070312,146.22000122070312,147.60000610351562,27864
2026-09-02,FABTECH,147.63999938964844,149.7899932861328,145.77000427246094,147.83999633789062,62164
2026-09-03,FABTECH,147.83999633789062,150.22000122070312,146.2100067138672,147.3300018310547,93301
2026-09-04,FABTECH,147.13999938964844,152.25999450683594,147.07000732421875,150.1999969482422,112484
2026-09-07,FABTECH,148.35000610351562,150.1999969482422,148.35000610351562,148.47000122070312,35383
2026-09-08,FABTECH,148.1999969482422,149.38999938964844,146.5,146.91000366210938,57223
2026-09-09,FABTECH,148.0,149.92999267578125,147.00999450683594,148.0,40977
2026-09-01,FACT,817.0499877929688,829.0,811.2000122070312,815.25,172573
2026-09-02,FACT,815.0,817.4500122070312,800.2999877929688,804.2999877929688,140166
2026-09-03,FACT,804.2999877929688,813.0,796.9500122070312,800.2000122070312,155180
2026-09-04,FACT,803.0499877929688,812.5,798.1500244140625,801.4000244140625,97544
2026-09-07,FACT,799.5,808.9500122070312,791.2999877929688,793.2999877929688,53413
2026-09-08,FACT,795.0,823.2999877929688,786.6500244140625,791.2000122070312,402032
2026-09-09,FACT,790.2000122070312,798.9500122070312,785.2999877929688,790.0,71069
2026-09-01,FAIRCHEMOR,664.1500244140625,674.0,664.1500244140625,664.1500244140625,2373
2026-09-02,FAIRCHEMOR,674.0,677.3499755859375,662.0,674.0,3070
2026-09-03,FAIRCHEMOR,661.0999755859375,670.0,661.0999755859375,661.0999755859375,2777
2026-09-04,FAIRCHEMOR,660.25,661.0999755859375,652.0,660.25,3280
2026-09-07,FAIRCHEMOR,655.5499877929688,690.0,644.0999755859375,646.8499755859375,44289
2026-09-08,FAIRCHEMOR,646.8499755859375,647.0,616.2000122070312,629.7000122070312,42006
2026-09-09,FAIRCHEMOR,626.5499877929688,644.0,620.0499877929688,641.4500122070312,7909
2026-09-01,FAZE3Q,487.4500122070313,494.9500122070313,483.1499938964844,490.5499877929688,21672
2026-09-02,FAZE3Q,482.7999877929688,491.9500122070313,473.0,488.75,17325
2026-09-03,FAZE3Q,492.7000122070313,504.7000122070313,486.1000061035156,498.3999938964844,23417
2026-09-04,FAZE3Q,502.3500061035156,502.3500061035156,485.1000061035156,493.9500122070313,9304
2026-09-07,FAZE3Q,493.0,503.2999877929688,482.7999877929688,500.8999938964844,8510
2026-09-08,FAZE3Q,500.0,500.0,494.0,497.2999877929688,7008
2026-09-09,FAZE3Q,489.25,494.9500122070313,485.7999877929688,486.0,5325
2026-09-01,FCL,51.0,51.29999923706055,48.0,48.83000183105469,13911490
2026-09-02,FCL,49.0,49.59999847412109,48.11000061035156,49.18999862670898,7723374
2026-09-03,FCL,49.22999954223633,49.34000015258789,48.04999923706055,48.40999984741211,7728913
2026-09-04,FCL,48.68000030517578,52.09999847412109,48.59999847412109,51.5099983215332,20692198
2026-09-07,FCL,52.25,56.65999984741211,52.18999862670898,56.65999984741211,42019821
2026-09-08,FCL,58.84000015258789,59.5,56.70000076293945,58.43999862670898,51043359
2026-09-09,FCL,58.20000076293945,62.400001525878906,57.7599983215332,59.38999938964844,62733890
2026-09-01,FCSSOFT,1.4900000095367432,1.4900000095367432,1.4500000476837158,1.4500000476837158,1245103
2026-09-02,FCSSOFT,1.4500000476837158,1.5,1.440000057220459,1.4500000476837158,2997571
2026-09-03,FCSSOFT,1.4600000381469729,1.4800000190734863,1.440000057220459,1.440000057220459,1337312
2026-09-04,FCSSOFT,1.440000057220459,1.4600000381469729,1.440000057220459,1.4500000476837158,1046769
2026-09-07,FCSSOFT,1.4700000286102295,1.4700000286102295,1.4299999475479126,1.4299999475479126,1557564
2026-09-08,FCSSOFT,1.4600000381469729,1.4600000381469729,1.409999966621399,1.4199999570846558,1283392
2026-09-09,FCSSOFT,1.4199999570846558,1.4299999475479126,1.409999966621399,1.4199999570846558,1132594
2026-09-01,FDC,338.3999938964844,340.6499938964844,329.04998779296875,333.6000061035156,230099
2026-09-02,FDC,334.25,344.6000061035156,328.79998779296875,340.6000061035156,159404
2026-09-03,FDC,342.0,344.04998779296875,339.04998779296875,341.6000061035156,92294
2026-09-04,FDC,343.0,351.79998779296875,341.54998779296875,342.79998779296875,120312
2026-09-07,FDC,345.54998779296875,345.54998779296875,338.6000061035156,342.1499938964844,89168
2026-09-08,FDC,343.0,347.5,341.95001220703125,345.95001220703125,62726
2026-09-09,FDC,345.8500061035156,355.8999938964844,342.3999938964844,353.8999938964844,150062
2026-09-01,FEDDERSHOL,45.400001525878906,46.4900016784668,45.150001525878906,45.209999084472656,1288203
2026-09-02,FEDDERSHOL,45.9900016784668,46.93999862670898,45.0,45.9900016784668,954494
2026-09-03,FEDDERSHOL,46.0,46.59999847412109,45.9900016784668,46.0,729500
2026-09-04,FEDDERSHOL,47.400001525878906,47.70000076293945,46.0,47.27999877929688,1773925
2026-09-07,FEDDERSHOL,48.0,48.59999847412109,48.0,48.02999877929688,2445557
2026-09-08,FEDDERSHOL,48.29999923706055,48.88999938964844,47.9900016784668,48.0,3577049
2026-09-09,FEDDERSHOL,47.75,48.900001525878906,47.27999877929688,48.54999923706055,1578411
2026-09-01,FEDERALBNK,350.0,351.75,348.0,349.25,3391394
2026-09-02,FEDERALBNK,349.0,353.5,345.20001220703125,353.3500061035156,6273256
2026-09-03,FEDERALBNK,356.5,356.95001220703125,343.1000061035156,344.6000061035156,6683672
2026-09-04,FEDERALBNK,344.8999938964844,344.8999938964844,341.79998779296875,343.0,4115397
2026-09-07,FEDERALBNK,343.0,343.0,337.6000061035156,342.0,5174214
2026-09-08,FEDERALBNK,343.04998779296875,345.8999938964844,341.45001220703125,344.1499938964844,3571930
2026-09-09,FEDERALBNK,341.5,344.8999938964844,341.5,344.54998779296875,2173634
2026-09-01,FEDFINA,156.4499969482422,160.35000610351562,154.8000030517578,156.2100067138672,913152
2026-09-02,FEDFINA,155.0,158.5,153.88999938964844,157.57000732421875,704394
2026-09-03,FEDFINA,157.89999389648438,159.97999572753906,156.25999450683594,157.86000061035156,643811
2026-09-04,FEDFINA,156.32000732421875,163.1999969482422,156.32000732421875,161.55999755859375,818017
2026-09-07,FEDFINA,162.88999938964844,169.0,161.07000732421875,165.4499969482422,2135760
2026-09-08,FEDFINA,167.0,167.88999938964844,161.50999450683594,162.3000030517578,676777
2026-09-09,FEDFINA,163.4199981689453,163.4199981689453,157.4499969482422,158.22000122070312,661112
2026-09-01,FEL,0.3899999856948852,0.3899999856948852,0.3799999952316284,0.3799999952316284,254029
2026-09-02,FEL,0.3799999952316284,0.3899999856948852,0.3799999952316284,0.3899999856948852,123793
2026-09-03,FEL,0.3899999856948852,0.4000000059604645,0.3799999952316284,0.3899999856948852,119682
2026-09-04,FEL,0.3899999856948852,0.4000000059604645,0.3799999952316284,0.3799999952316284,197550
2026-09-07,FEL,0.3799999952316284,0.3899999856948852,0.3799999952316284,0.3799999952316284,222406
2026-09-08,FEL,0.3799999952316284,0.3899999856948852,0.3700000047683716,0.3799999952316284,141476
2026-09-09,FEL,0.3700000047683716,0.3899999856948852,0.3700000047683716,0.3700000047683716,203389
2026-09-01,FELDVR,2.2300000190734863,2.299999952316284,2.2300000190734863,2.2300000190734863,486
2026-09-02,FELDVR,2.299999952316284,2.299999952316284,2.2300000190734863,2.2300000190734863,420
2026-09-03,FELDVR,2.2699999809265137,2.2699999809265137,2.119999885559082,2.200000047683716,501
2026-09-04,FELDVR,2.190000057220459,2.2100000381469727,2.0999999046325684,2.1700000762939453,2115
2026-09-07,FELDVR,2.130000114440918,2.2100000381469727,2.069999933242798,2.200000047683716,1322
2026-09-08,FELDVR,2.220000028610229,2.240000009536743,2.0999999046325684,2.240000009536743,5836
2026-09-09,FELDVR,2.240000009536743,2.3299999237060547,2.130000114440918,2.289999961853028,3435
2026-09-01,FERMENTA,502.8999938964844,509.8999938964844,477.7999877929688,485.7999877929688,93488
2026-09-02,FERMENTA,486.0,529.7999877929688,480.0,520.6500244140625,159537
2026-09-03,FERMENTA,537.75,537.75,495.2000122070313,502.2999877929688,102491
2026-09-04,FERMENTA,502.2999877929688,509.3500061035156,491.6499938964844,498.5,101413
2026-09-07,FERMENTA,502.0,511.0,494.0,496.5,79101
2026-09-08,FERMENTA,490.0,495.4500122070313,472.2000122070313,480.7000122070313,124807
2026-09-09,FERMENTA,476.0,506.8999938964844,475.9500122070313,495.0,138178
2026-09-01,FIBERWEB,26.100000381469727,27.290000915527344,25.690000534057617,26.14999961853028,9566
2026-09-02,FIBERWEB,26.0,26.0,25.520000457763672,25.76000022888184,12490
2026-09-03,FIBERWEB,26.450000762939453,26.450000762939453,25.549999237060547,25.90999984741211,14661
2026-09-04,FIBERWEB,26.200000762939453,26.200000762939453,25.600000381469727,25.75,10675
2026-09-07,FIBERWEB,26.489999771118164,26.549999237060547,25.31999969482422,26.420000076293945,21246
2026-09-08,FIBERWEB,26.420000076293945,26.420000076293945,25.729999542236328,26.030000686645508,5777
2026-09-09,FIBERWEB,26.5,26.5,25.61000061035156,25.920000076293945,25004
2026-09-01,FIEMIND,2045.199951171875,2110.39990234375,2031.199951171875,2085.699951171875,106503
2026-09-02,FIEMIND,2085.0,2085.0,2040.0,2052.0,55396
2026-09-03,FIEMIND,2079.0,2079.0,2030.0,2036.9000244140625,52260
2026-09-04,FIEMIND,2050.0,2092.39990234375,2036.0,2085.800048828125,46943
2026-09-07,FIEMIND,2085.800048828125,2090.0,2053.0,2068.800048828125,38402
2026-09-08,FIEMIND,2068.800048828125,2074.0,2035.0,2038.199951171875,36919
2026-09-09,FIEMIND,2045.0,2048.60009765625,2009.4000244140625,2026.800048828125,38207
2026-09-01,FILATEX,74.98999786376953,75.29000091552734,72.5999984741211,73.73999786376953,1719002
2026-09-02,FILATEX,73.0,75.20999908447266,72.0999984741211,73.30999755859375,1849818
2026-09-03,FILATEX,73.0,77.69999694824219,73.0,76.72000122070312,1567243
2026-09-04,FILATEX,77.0999984741211,78.44999694824219,75.6500015258789,77.72000122070312,1156499
2026-09-07,FILATEX,78.5,79.69000244140625,76.25,76.58999633789062,990763
2026-09-08,FILATEX,76.58999633789062,77.23999786376953,74.86000061035156,76.44000244140625,704694
2026-09-09,FILATEX,76.06999969482422,76.91000366210938,75.36000061035156,75.70999908447266,603615
2026-09-01,FILATFASH,0.1800000071525573,0.1899999976158142,0.1800000071525573,0.1800000071525573,16623007
2026-09-02,FILATFASH,0.1800000071525573,0.1899999976158142,0.1800000071525573,0.1800000071525573,20978413
2026-09-03,FILATFASH,0.1800000071525573,0.1899999976158142,0.1800000071525573,0.1800000071525573,15913721
2026-09-04,FILATFASH,0.1899999976158142,0.1899999976158142,0.1800000071525573,0.1800000071525573,21161213
2026-09-07,FILATFASH,0.1899999976158142,0.1899999976158142,0.1700000017881393,0.1800000071525573,36890656
2026-09-08,FILATFASH,0.1800000071525573,0.1899999976158142,0.1800000071525573,0.1800000071525573,9975185
2026-09-09,FILATFASH,0.1899999976158142,0.1899999976158142,0.1800000071525573,0.1899999976158142,12612471
2026-09-01,FINCABLES,1260.0,1266.4000244140625,1224.4000244140625,1248.300048828125,641035
2026-09-02,FINCABLES,1232.300048828125,1235.5,1186.5,1191.199951171875,643658
2026-09-03,FINCABLES,1197.199951171875,1279.800048828125,1197.199951171875,1272.9000244140625,1809176
2026-09-04,FINCABLES,1223.5,1254.9000244140625,1211.0,1220.199951171875,1492429
2026-09-07,FINCABLES,1212.0,1252.0,1211.0999755859375,1227.0,732032
2026-09-08,FINCABLES,1235.0999755859375,1311.800048828125,1230.199951171875,1302.300048828125,1806357
2026-09-09,FINCABLES,1320.0,1376.0,1295.4000244140625,1362.800048828125,2519143
2026-09-01,FINEORG,5282.0,5380.0,5225.5,5255.5,31627
2026-09-02,FINEORG,5250.5,5251.5,5130.0,5146.5,17127
2026-09-03,FINEORG,5145.5,5229.5,5111.5,5179.5,15981
2026-09-04,FINEORG,5178.5,5190.0,5136.0,5152.0,12034
2026-09-07,FINEORG,5126.0,5169.5,5070.0,5125.0,11396
2026-09-08,FINEORG,5120.0,5207.0,5082.0,5196.0,11446
2026-09-09,FINEORG,5173.0,5205.0,5120.0,5176.0,11653
2026-09-01,FINKURVE,72.91000366210938,73.66999816894531,67.0,67.76000213623047,109032
2026-09-02,FINKURVE,68.0199966430664,71.79000091552734,67.55999755859375,69.52999877929688,58734
2026-09-03,FINKURVE,69.54000091552734,71.0,69.05000305175781,70.2300033569336,65810
2026-09-04,FINKURVE,69.9000015258789,73.72000122070312,69.73999786376953,72.30999755859375,62572
2026-09-07,FINKURVE,72.91000366210938,77.0,70.20999908447266,71.44999694824219,65750
2026-09-08,FINKURVE,72.05000305175781,72.05000305175781,66.0999984741211,69.08999633789062,130557
2026-09-09,FINKURVE,69.41999816894531,69.41999816894531,64.62000274658203,66.72000122070312,99535
2026-09-01,FINOPB,139.0,139.7899932861328,131.8300018310547,136.44000244140625,334325
2026-09-02,FINOPB,137.1199951171875,145.77999877929688,135.0,140.49000549316406,871541
2026-09-03,FINOPB,141.9199981689453,142.89999389648438,139.5800018310547,140.22999572753906,134565
2026-09-04,FINOPB,140.25,142.89999389648438,138.5,139.3300018310547,82299
2026-09-07,FINOPB,139.33999633789062,142.69000244140625,137.80999755859375,138.89999389648438,187344
2026-09-08,FINOPB,137.7100067138672,142.3699951171875,137.5,139.97000122070312,222521
2026-09-09,FINOPB,138.57000732421875,140.0,138.14999389648438,138.75,57757
2026-09-01,FINPIPE,158.5,158.99000549316406,154.8000030517578,155.33999633789062,464728
2026-09-02,FINPIPE,154.8000030517578,159.6999969482422,152.50999450683594,157.83999633789062,1132536
2026-09-03,FINPIPE,158.75,159.38999938964844,157.1999969482422,158.89999389648438,338397
2026-09-04,FINPIPE,160.0,160.0,156.0,158.6300048828125,507087
2026-09-07,FINPIPE,158.0,160.2100067138672,156.85000610351562,157.16000366210938,261198
2026-09-08,FINPIPE,157.0,159.1699981689453,156.7100067138672,157.86000061035156,256537
2026-09-09,FINPIPE,157.86000061035156,158.49000549316406,156.6999969482422,157.1999969482422,169126
2026-09-01,FIRSTCRY,181.6000061035156,182.6000061035156,176.39999389648438,177.6699981689453,1115282
2026-09-02,FIRSTCRY,176.97999572753906,176.97999572753906,168.14999389648438,170.82000732421875,2461807
2026-09-03,FIRSTCRY,172.39999389648438,181.27999877929688,171.00999450683594,178.6699981689453,14287238
2026-09-04,FIRSTCRY,179.0,183.0,176.25,180.16000366210932,1541167
2026-09-07,FIRSTCRY,180.16000366210932,181.25,176.00999450683594,177.02999877929688,583428
2026-09-08,FIRSTCRY,178.0,178.02999877929688,174.60000610351562,176.24000549316406,570947
2026-09-09,FIRSTCRY,175.0,175.64999389648438,172.25,174.44000244140625,378366
2026-09-01,FISCHER,35.47999954223633,37.09999847412109,34.66999816894531,36.77000045776367,1152839
2026-09-02,FISCHER,37.66999816894531,38.0,36.7599983215332,37.72999954223633,651361
2026-09-03,FISCHER,38.25,38.5,36.75,37.02999877929688,447981
2026-09-04,FISCHER,37.43999862670898,37.619998931884766,35.79999923706055,36.040000915527344,329518
2026-09-07,FISCHER,36.34000015258789,36.34000015258789,35.5,35.720001220703125,250781
2026-09-08,FISCHER,35.709999084472656,36.290000915527344,35.400001525878906,35.560001373291016,300427
2026-09-09,FISCHER,36.0,36.0099983215332,34.5,34.849998474121094,507943
2026-09-01,FIVESTAR,535.6500244140625,539.7999877929688,525.5499877929688,538.0999755859375,321205
2026-09-02,FIVESTAR,535.0,535.0,518.5,524.8499755859375,558691
2026-09-03,FIVESTAR,525.0,538.0,523.7999877929688,534.5999755859375,461736
2026-09-04,FIVESTAR,538.0,538.0,512.5,523.0499877929688,915369
2026-09-07,FIVESTAR,519.0,530.9500122070312,519.0,526.2000122070312,276163
2026-09-08,FIVESTAR,524.0499877929688,528.75,518.5,524.1500244140625,145894
2026-09-09,FIVESTAR,522.1500244140625,532.2000122070312,518.9500122070312,530.7999877929688,189986
2026-09-01,FLAIR,250.0,251.8999938964844,247.2100067138672,249.97999572753903,59842
2026-09-02,FLAIR,250.5,250.5,246.1000061035156,247.13999938964844,67200
2026-09-03,FLAIR,247.3000030517578,249.8000030517578,246.4199981689453,248.1100006103516,38078
2026-09-04,FLAIR,249.5500030517578,249.9499969482422,242.3999938964844,243.7100067138672,105224
2026-09-07,FLAIR,243.75,244.8000030517578,239.1499938964844,240.22000122070312,98923
2026-09-08,FLAIR,240.1999969482422,250.0,234.9499969482422,236.9600067138672,634998
2026-09-09,FLAIR,235.0500030517578,245.9499969482422,235.0,239.8500061035156,73054
2026-09-01,FLEXITUFF,2.509999990463257,2.549999952316284,2.450000047683716,2.4600000381469727,52613
2026-09-02,FLEXITUFF,2.4600000381469727,2.4600000381469727,2.3399999141693115,2.390000104904175,62354
2026-09-03,FLEXITUFF,2.390000104904175,2.490000009536743,2.369999885559082,2.400000095367432,27878
2026-09-04,FLEXITUFF,2.400000095367432,2.400000095367432,2.2799999713897705,2.289999961853028,98460
2026-09-07,FLEXITUFF,2.3499999046325684,2.3499999046325684,2.180000066757202,2.180000066757202,162913
2026-09-08,FLEXITUFF,2.180000066757202,2.2799999713897705,2.0799999237060547,2.0799999237060547,145147
2026-09-09,FLEXITUFF,2.0799999237060547,2.1600000858306885,2.0,2.0999999046325684,129967
2026-09-01,FLFL,1.2300000190734863,1.25,1.149999976158142,1.190000057220459,17130
2026-09-02,FLFL,1.2200000286102295,1.2400000095367432,1.149999976158142,1.2300000190734863,28609
2026-09-03,FLFL,1.2300000190734863,1.25,1.1799999475479126,1.2200000286102295,64184
2026-09-04,FLFL,1.2200000286102295,1.2699999809265137,1.159999966621399,1.25,107261
2026-09-07,FLFL,1.2799999713897705,1.2899999618530271,1.190000057220459,1.25,110260
2026-09-08,FLFL,1.25,1.309999942779541,1.190000057220459,1.2100000381469729,26220
2026-09-09,FLFL,1.2200000286102295,1.25,1.190000057220459,1.2000000476837158,49305
2026-09-01,FLUOROCHEM,4709.89990234375,4820.0,4684.2998046875,4740.10009765625,88065
2026-09-02,FLUOROCHEM,4744.89990234375,4746.0,4680.10009765625,4727.7001953125,116596
2026-09-03,FLUOROCHEM,4728.0,4829.0,4675.0,4694.60009765625,101082
2026-09-04,FLUOROCHEM,4839.2998046875,4850.0,4461.10009765625,4554.0,473510
2026-09-07,FLUOROCHEM,4574.0,4603.7998046875,4470.0,4530.5,104602
2026-09-08,FLUOROCHEM,4539.0,4684.89990234375,4486.0,4676.60009765625,136156
2026-09-09,FLUOROCHEM,4676.60009765625,4738.2001953125,4652.7998046875,4691.2998046875,46489
2026-09-01,FMGOETZE,632.0,634.2000122070312,620.0,624.8499755859375,2091800
2026-09-02,FMGOETZE,626.0,628.75,607.4000244140625,612.4000244140625,1528240
2026-09-03,FMGOETZE,617.7999877929688,617.7999877929688,602.5499877929688,613.7000122070312,1679963
2026-09-04,FMGOETZE,511.0,517.5,499.6000061035156,501.4500122070313,1030188
2026-09-07,FMGOETZE,490.0,494.0,462.8999938964844,482.0499877929688,1455155
2026-09-08,FMGOETZE,482.1000061035156,482.1000061035156,466.75,469.25,572679
2026-09-09,FMGOETZE,470.8999938964844,477.1499938964844,458.1000061035156,459.5,402891
2026-09-01,FMNL,10.260000228881836,10.75,9.949999809265137,10.039999961853027,34341
2026-09-02,FMNL,10.09000015258789,10.199999809265137,9.619999885559082,9.640000343322754,15300
2026-09-03,FMNL,9.829999923706056,10.0,9.18000030517578,9.619999885559082,36240
2026-09-04,FMNL,9.8100004196167,10.100000381469728,9.630000114440918,10.100000381469728,18463
2026-09-07,FMNL,10.59000015258789,10.59000015258789,9.600000381469728,9.770000457763672,75659
2026-09-08,FMNL,9.43000030517578,9.789999961853027,9.40999984741211,9.520000457763672,50081
2026-09-09,FMNL,9.5,9.5,9.140000343322754,9.199999809265137,14635
2026-09-01,FOCUS,65.68000030517578,67.0,64.94999694824219,66.13999938964844,60651
2026-09-02,FOCUS,66.19999694824219,67.87000274658203,64.33000183105469,64.52999877929688,37259
2026-09-03,FOCUS,65.19999694824219,65.19999694824219,63.150001525878906,63.900001525878906,39770
2026-09-04,FOCUS,64.5,64.6500015258789,62.79999923706055,63.369998931884766,58966
2026-09-07,FOCUS,63.58000183105469,64.38999938964844,63.0,63.63999938964844,21579
2026-09-08,FOCUS,63.63999938964844,63.869998931884766,61.0,61.59000015258789,102474
2026-09-09,FOCUS,60.619998931884766,62.0,59.63999938964844,61.38999938964844,58883
2026-09-01,FOODSIN,54.7400016784668,54.7400016784668,53.0,53.459999084472656,38335
2026-09-02,FOODSIN,53.369998931884766,56.0,53.20000076293945,54.77999877929688,374789
2026-09-03,FOODSIN,55.18000030517578,56.5,54.0,56.060001373291016,241790
2026-09-04,FOODSIN,56.0,57.900001525878906,54.720001220703125,57.369998931884766,89638
2026-09-07,FOODSIN,57.29999923706055,57.900001525878906,56.31999969482422,57.400001525878906,65087
2026-09-08,FOODSIN,56.79999923706055,57.9900016784668,55.25,56.08000183105469,32938
2026-09-09,FOODSIN,55.0,58.5,54.61000061035156,57.59999847412109,84505
2026-09-01,IRCTC,481.4500122070313,484.3500061035156,480.1499938964844,481.3500061035156,398860
2026-09-02,IRCTC,481.2999877929688,481.3500061035156,470.7000122070313,472.6000061035156,1151968
2026-09-03,IRCTC,474.9500122070313,477.7999877929688,473.6000061035156,474.6000061035156,401286
2026-09-04,IRCTC,474.7999877929688,479.0,474.0499877929688,476.0499877929688,603706
2026-09-07,IRCTC,476.0499877929688,477.7000122070313,473.6499938964844,474.5,405528
2026-09-08,IRCTC,474.5,474.8999938964844,472.0,472.4500122070313,412334
2026-09-09,IRCTC,471.9500122070313,475.0,469.0499877929688,471.0499877929688,514133
2026-09-01,IREDA,115.68000030517578,115.8499984741211,114.1500015258789,114.1999969482422,3727060
2026-09-02,IREDA,113.6500015258789,113.68000030517578,112.0500030517578,112.5500030517578,4711096
2026-09-03,IREDA,113.3000030517578,114.5500030517578,112.91000366210938,113.0,3368996
2026-09-04,IREDA,113.5,114.5999984741211,113.25,113.63999938964844,2627200
2026-09-07,IREDA,113.2699966430664,113.98999786376952,112.5999984741211,112.9499969482422,2955590
2026-09-08,IREDA,112.5,112.9499969482422,111.8000030517578,112.1999969482422,3095995
2026-09-09,IREDA,111.62000274658205,112.69000244140624,111.62000274658205,112.43000030517578,1787550
2026-09-01,IRFC,83.33999633789062,83.75,82.16000366210938,82.5,7766605
2026-09-02,IRFC,82.5,82.5,81.30000305175781,82.4800033569336,7977861
2026-09-03,IRFC,82.83999633789062,83.69999694824219,82.05000305175781,82.6500015258789,5718670
2026-09-04,IRFC,82.69999694824219,83.94999694824219,82.69999694824219,83.4000015258789,7883831
2026-09-07,IRFC,83.5,83.9000015258789,82.62999725341797,83.0,5913136
2026-09-08,IRFC,82.9000015258789,82.93000030517578,81.75,82.0,5883007
2026-09-09,IRFC,81.9000015258789,82.4000015258789,81.56999969482422,81.66999816894531,4737947
2026-09-01,NTPC,327.3999938964844,328.25,325.04998779296875,327.5,7377499
2026-09-02,NTPC,324.0,331.1000061035156,321.0,330.0,11993091
2026-09-03,NTPC,330.45001220703125,332.70001220703125,329.1000061035156,330.8999938964844,8100926
2026-09-04,NTPC,332.75,334.04998779296875,329.79998779296875,332.5,7032282
2026-09-07,NTPC,332.5,333.79998779296875,330.3500061035156,332.0,5245813
2026-09-08,NTPC,330.0,333.20001220703125,328.6499938964844,330.79998779296875,7351373
2026-09-09,NTPC,331.1000061035156,337.5,331.04998779296875,335.1000061035156,8994789
2026-09-01,OLAELEC,41.400001525878906,41.650001525878906,39.630001068115234,40.5099983215332,87186035
2026-09-02,OLAELEC,40.20000076293945,40.25,38.79999923706055,38.97999954223633,44552453
2026-09-03,OLAELEC,39.34999847412109,39.70000076293945,37.11000061035156,37.470001220703125,66732839
2026-09-04,OLAELEC,37.650001525878906,38.95000076293945,37.560001373291016,38.20000076293945,42570426
2026-09-07,OLAELEC,38.0,38.70000076293945,37.43000030517578,37.959999084472656,28426081
2026-09-08,OLAELEC,37.959999084472656,38.0,37.380001068115234,37.630001068115234,20686084
2026-09-09,OLAELEC,37.400001525878906,37.56999969482422,37.060001373291016,37.34999847412109,13240260
2026-09-01,PALASHSECU,88.22000122070312,91.88999938964844,88.0,90.7699966430664,648
2026-09-02,PALASHSECU,90.0,90.0,88.0999984741211,88.9800033569336,1459
2026-09-03,PALASHSECU,91.8000030517578,91.8000030517578,88.4000015258789,88.43000030517578,285
2026-09-04,PALASHSECU,91.6999969482422,91.6999969482422,89.0,90.16999816894533,427
2026-09-07,PALASHSECU,90.16999816894533,90.16999816894533,89.19999694824219,89.19999694824219,438
2026-09-08,PALASHSECU,90.9800033569336,91.9000015258789,88.0,88.13999938964844,285
2026-09-09,PALASHSECU,88.11000061035156,89.9000015258789,88.0,88.0,581
2026-09-01,RELIANCE,1285.0,1311.800048828125,1280.0,1309.0,12617528
2026-09-02,RELIANCE,1298.0,1321.9000244140625,1293.0999755859375,1313.0999755859375,13497841
2026-09-03,RELIANCE,1313.0999755859375,1316.800048828125,1302.5,1302.5,9721454
2026-09-04,RELIANCE,1304.0999755859375,1333.0,1304.0999755859375,1322.0,13031534
2026-09-07,RELIANCE,1323.0999755859375,1324.199951171875,1301.9000244140625,1309.5,10210522
2026-09-08,RELIANCE,1304.0999755859375,1306.800048828125,1288.0,1294.9000244140625,9799528
2026-09-09,RELIANCE,1283.5,1294.699951171875,1277.199951171875,1289.0,8717063
2026-09-01,RPOWER,22.11000061035156,22.649999618530277,22.01000022888184,22.26000022888184,14834527
2026-09-02,RPOWER,22.1299991607666,22.18000030517578,21.799999237060547,22.049999237060547,10033374
2026-09-03,RPOWER,22.15999984741211,22.51000022888184,21.96999931335449,22.030000686645508,10995033
2026-09-04,RPOWER,22.11000061035156,22.31999969482422,22.040000915527344,22.07999992370605,13517969
2026-09-07,RPOWER,22.07999992370605,22.520000457763672,21.729999542236328,21.940000534057617,19788828
2026-09-08,RPOWER,22.020000457763672,22.040000915527344,21.56999969482422,21.709999084472656,14966105
2026-09-09,RPOWER,21.690000534057617,22.899999618530277,21.6200008392334,22.01000022888184,61441994
2026-09-01,SEPC,5.440000057220459,5.489999771118164,5.329999923706055,5.369999885559082,9634411
2026-09-02,SEPC,5.369999885559082,5.550000190734863,5.260000228881836,5.429999828338623,9018965
2026-09-03,SEPC,5.5,5.510000228881836,5.360000133514404,5.369999885559082,7960833
2026-09-04,SEPC,5.389999866485596,5.440000057220459,5.349999904632568,5.380000114440918,7339250
2026-09-07,SEPC,5.360000133514404,5.449999809265137,5.329999923706055,5.409999847412109,5271294
2026-09-08,SEPC,5.369999885559082,5.400000095367432,5.320000171661377,5.340000152587891,5735912
2026-09-09,SEPC,5.340000152587891,5.440000057220459,5.309999942779541,5.389999866485596,5359055
2026-09-01,SJVN,64.91999816894531,65.37000274658203,64.36000061035156,64.91999816894531,1601993
2026-09-02,SJVN,64.30999755859375,64.83999633789062,63.79999923706055,63.91999816894531,1760999
2026-09-03,SJVN,64.5199966430664,66.05000305175781,64.26000213623047,64.9800033569336,2436292
2026-09-04,SJVN,65.05000305175781,65.55000305175781,64.75,65.2300033569336,1260938
2026-09-07,SJVN,65.0,66.06999969482422,64.69999694824219,65.55999755859375,2006989
2026-09-08,SJVN,65.55999755859375,66.19000244140625,64.75,65.87000274658203,2380457
2026-09-09,SJVN,65.94999694824219,68.33000183105469,65.58999633789062,66.83000183105469,4361641
2026-09-01,STARCEMENT,184.9499969482422,187.27999877929688,182.8000030517578,185.6300048828125,161551
2026-09-02,STARCEMENT,185.3999938964844,185.6300048828125,182.4100036621093,184.1000061035156,106376
2026-09-03,STARCEMENT,182.0,186.0,182.0,184.47000122070312,115959
2026-09-04,STARCEMENT,184.47000122070312,192.8000030517578,184.0,190.19000244140625,192236
2026-09-07,STARCEMENT,191.0,195.0399932861328,188.6100006103516,194.3999938964844,322246
2026-09-08,STARCEMENT,195.0,196.33999633789065,193.6999969482422,194.8300018310547,289777
2026-09-09,STARCEMENT,194.94000244140625,194.94000244140625,190.3999938964844,191.1000061035156,194004
2026-09-01,TATAPOWER,347.54998779296875,351.95001220703125,347.45001220703125,350.54998779296875,3607879
2026-09-02,TATAPOWER,349.0,364.0,347.1499938964844,364.0,12229632
2026-09-03,TATAPOWER,366.5499877929688,370.75,362.75,365.7000122070313,5763428
2026-09-04,TATAPOWER,365.1000061035156,368.5,364.1000061035156,368.0,3826383
2026-09-07,TATAPOWER,366.8999938964844,369.7999877929688,363.0,365.7000122070313,4849767
2026-09-08,TATAPOWER,364.6499938964844,367.2000122070313,362.25,365.5499877929688,2879558
2026-09-09,TATAPOWER,364.1000061035156,373.7000122070313,363.1499938964844,369.0,4221956
2026-09-01,VEDL,280.0,281.95001220703125,272.75,274.0,6769011
2026-09-02,VEDL,272.0,272.0,267.75,270.70001220703125,7580567
2026-09-03,VEDL,272.0,274.75,268.0,270.5,5945928
2026-09-04,VEDL,272.0,274.5,268.8500061035156,272.1000061035156,5992724
2026-09-07,VEDL,272.1000061035156,272.5,267.0,268.0,4892640
2026-09-08,VEDL,269.29998779296875,272.79998779296875,269.1499938964844,272.0,5812809
2026-09-09,VEDL,271.5,275.75,268.54998779296875,274.8999938964844,6111439
2026-09-01,WIPRO,181.0,182.1000061035156,178.5,181.6999969482422,6813425
2026-09-02,WIPRO,180.0,180.38999938964844,176.8000030517578,177.08999633789062,12056634
2026-09-03,WIPRO,177.5,178.0399932861328,175.72000122070312,175.72000122070312,6496396
2026-09-04,WIPRO,176.74000549316406,178.75,176.39999389648438,176.39999389648438,6882678
2026-09-07,WIPRO,175.88999938964844,176.47000122070312,172.64999389648438,172.8000030517578,10720636
2026-09-08,WIPRO,172.8000030517578,172.89999389648438,171.1300048828125,171.5,6948945
2026-09-09,WIPRO,168.6999969482422,169.14999389648438,166.3699951171875,167.64999389648438,9162232
2026-09-01,YESBANK,22.51000022888184,22.520000457763672,21.940000534057617,22.100000381469727,63872649
2026-09-02,YESBANK,22.0,22.149999618530277,21.81999969482422,22.149999618530277,44781892
2026-09-03,YESBANK,22.149999618530277,22.540000915527344,22.11000061035156,22.540000915527344,57376675
2026-09-04,YESBANK,22.46999931335449,22.6200008392334,22.440000534057617,22.5,31739702
2026-09-07,YESBANK,22.440000534057617,22.59000015258789,22.280000686645508,22.420000076293945,33364009
2026-09-08,YESBANK,22.440000534057617,22.56999969482422,22.3799991607666,22.520000457763672,38612501
2026-09-09,YESBANK,22.450000762939453,22.57999992370605,22.3700008392334,22.549999237060547,29175228
